condition 1 time (s),condition 1 tbr,condition 1 nai,condition 2 time (s),condition 2 tbr,condition 2 nai
4.351031000000004,111.41101182857908,0.0,4.351412999999997,94.035499123107,0.0
4.593932000000005,108.48553871677424,0.0,4.593772,92.53985376875629,0.0
4.837022000000005,103.79210615521858,0.0,4.834228,91.39545953652903,0.0
5.090353000000005,97.31233074561189,0.0,5.088818000000001,84.95381556270488,0.0
5.340416000000003,87.74962652562705,0.0,5.336061999999999,75.73187341426687,0.0
5.605060000000002,75.76606499942164,0.0,5.587694000000001,65.11348786833679,0.0
5.834385000000002,63.22793634968651,0.0,5.830988000000005,54.350639115417394,0.0
6.080287000000003,51.92781626322055,0.0,6.0873780000000055,44.81945420150699,0.0
6.326970000000005,43.09779495228919,0.0,6.335340000000004,37.41828394858244,0.0
6.572335000000007,37.057191916825715,0.0,6.621286000000002,32.27854864718017,0.0
6.821303000000008,33.30794272964236,0.0,6.834854000000002,29.014379490076745,0.0
7.088658000000009,31.138943619917185,0.0,7.0719259999999995,27.164503489721675,0.0
7.319313000000009,30.05007084070937,0.0,7.326217999999999,26.23988549485965,0.0
7.567218000000011,29.498386607406523,0.0,7.567821000000001,25.62559167808358,0.0
7.807680000000011,29.107129151968614,0.0,7.826191000000004,24.902242485363864,0.0
8.057306000000017,28.72474567508558,0.0,8.076010000000005,24.158700811063085,0.0
8.311221000000012,28.27330981974686,0.0,8.315506000000006,23.448796593611224,0.0
8.55456300000001,27.657448378886986,0.0,8.553383000000006,22.603023397349393,0.0
8.810546000000013,26.749789500855275,0.0,8.820918000000015,21.42119781742965,0.0
9.055215000000013,25.526750226064976,0.0,9.075188000000008,19.932275241064765,0.0
9.297952000000016,24.093571680500006,0.0,9.30581500000001,18.355168448454563,0.0
9.545968000000018,22.589735551352078,0.0,9.560080000000012,16.76111974688081,0.0
9.797564000000017,20.977903682744603,0.0,9.821087000000015,15.122901707119258,0.0
10.04353700000002,19.182809421871113,0.0,10.040459000000022,13.481720145492828,0.0
10.298541000000025,17.283545563739434,0.0,10.290445000000018,11.905932355240461,0.0
10.539018000000027,15.379972978158206,0.0,10.534548000000028,10.420460866787767,0.0
10.787866000000028,13.499423290510927,0.0,10.784727000000032,9.039912336043617,0.0
11.032991000000028,11.666752899108213,0.0,11.026316000000035,7.788455579707689,0.0
11.279452000000033,9.955643196977038,0.0,11.272794000000033,6.680041783628855,0.0
11.533476000000032,8.424172548743764,0.0,11.54465300000003,5.710683302836029,0.0
11.775878000000038,7.086819787146233,0.0,11.775593000000029,4.86890170958561,0.0
12.04584800000004,5.9403559036049645,0.0,12.029334000000032,4.146098287956321,0.0
12.277004000000046,4.977996582153857,0.0,12.279748000000033,3.536151847769222,0.0
12.521346000000053,4.188017802832066,0.0,12.511297000000036,3.0296393395945533,0.0
12.77102100000005,3.5536109627654664,0.0,12.761625000000036,2.613023366002643,0.0
13.01297900000006,3.055817443285357,0.0,13.01961000000004,2.27072334846945,0.0
13.279050000000058,2.674483267354537,0.0,13.260071000000044,1.9864898904205648,0.0
13.509326000000058,2.3870480403668743,0.0,13.50952800000005,1.7449742671210888,0.0
13.759316000000068,2.170793726915571,0.0,13.749106000000058,1.5356699099273476,0.0
14.00291600000007,2.0027474602466517,0.0,13.99555800000006,1.3531262490339475,0.0
14.250793000000076,1.8606793755939746,0.0,14.270294000000058,1.1944601115683533,0.0
14.50476300000008,1.7251670767107765,0.0,14.49581000000005,1.0584922881010057,0.0
14.752837000000092,1.5862082440196652,0.0,14.744173000000057,0.9434324353046153,0.0
15.000406000000098,1.4444705588918314,0.0,14.990259000000062,0.8471977998055886,0.0
15.254734000000099,1.308658095331305,0.0,15.243923000000056,0.7681675012113816,0.07585139318885449
15.496847000000109,1.1890831367256087,0.0,15.48418900000005,0.7052149107050227,0.13699690402476777
15.742802000000113,1.0933562774913226,0.0,15.727173000000054,0.6575395537003222,0.25378396972824224
15.987221000000115,1.0237031716819192,0.0,15.98861000000005,0.6245046830263112,0.36455108359133126
16.234711000000125,0.9774399267539872,0.0,16.245408000000047,0.6047738547649835,0.4440144478844169
16.499543000000127,0.950176506362981,0.0,16.472027000000043,0.5969861479474985,0.47411420708634333
16.7466550000001,0.9369566560499064,0.0,16.726289000000033,0.6004879404074969,0.4584623323013416
16.994339000000092,0.9332905182169604,0.0,16.98168800000003,0.6162400615671757,0.40067079463364297
17.230480000000078,0.935802774636658,0.0,17.216678000000027,0.6454886839187504,0.2911076711386309
17.483567000000065,0.9435598545995743,0.0,17.49456100000001,0.6885399633260333,0.16950464396284823
17.714317000000065,0.9588770721354859,0.0,17.728515,0.7446645099718318,0.10294117647058819
17.994289000000066,0.9839426264615385,0.0,17.970168,0.8113328063271696,0.017801857585139327
18.221413000000062,1.0165476611170414,0.0,18.205289000000015,0.8818608073463581,0.0
18.484257000000056,1.0497564238982722,0.0,18.458674000000002,0.944796863509316,0.0
18.731351000000057,1.0763998395460206,0.0,18.740786000000014,0.9875681453795987,0.0
18.958270000000034,1.0915416961238589,0.0,18.94930800000001,1.003492651821167,0.0
19.241832000000034,1.0937727884198771,0.0,19.201224999999997,0.9946765612796764,0.0
19.44822600000002,1.0847800897447328,0.0,19.456133999999988,0.9693938760578508,0.0
19.69529600000001,1.067873974164842,0.0,19.693466999999973,0.9377022386117355,0.0
19.958210000000015,1.046601145038305,0.0,19.939144999999964,0.9071602520043356,0.0
20.198702999999988,1.025112502830178,0.0,20.200499999999963,0.8817140706580251,0.0
20.44076699999997,1.0089882153046708,0.0,20.437986999999975,0.8639333254295064,0.0
20.69932199999995,1.0037601653933603,0.0,20.690335999999963,0.8573417973125774,0.0
20.94966699999993,1.0127240170929932,0.0,20.925209999999968,0.8647296885735716,0.0
21.187201999999917,1.0351266161304378,0.0,21.182065999999967,0.8871541774197808,0.0
21.44362099999991,1.0660946259484367,0.0,21.43866599999997,0.922646011081648,0.0
21.69453499999991,1.0983113736685823,0.0,21.68003899999996,0.9628881030706536,0.0
21.931571999999903,1.124972593092043,0.0,21.94795199999995,0.9936298921943205,0.0
22.18948799999989,1.140261921439469,0.0,22.166001999999942,1.0008412836899778,0.0
22.419989999999885,1.1420632136954079,0.0,22.413262999999947,0.9800883048721789,0.0
22.67994499999988,1.133845933050957,0.0,22.666692999999945,0.9376245657102635,0.0
22.934440999999882,1.1221923578836766,0.0,22.908091999999947,0.8846494064504112,0.0
23.164438999999867,1.111545392060046,0.0,23.154089999999936,0.8317636446410202,0.0
23.417121999999853,1.1023354619839816,0.0,23.404080999999923,0.7849971912097187,0.05263157894736841
23.656983999999845,1.0935144071033918,0.0,23.654689999999917,0.7457680872364642,0.10294117647058819
23.917852999999845,1.0845216033080314,0.0,23.914949999999912,0.713281658183901,0.13003095975232196
24.163453999999852,1.0746590601166066,0.0,24.154430999999917,0.6863892852402017,0.17432060543515654
24.40296999999983,1.0624786021872545,0.0,24.39441999999992,0.6651553957582902,0.22850017199862402
24.665039999999816,1.0464259009620576,0.0,24.641778999999907,0.6507517750574342,0.27786377708978327
24.972942999999805,1.0268262406198132,0.0,24.891248999999902,0.6446353700847155,0.29471964224286207
25.169062999999795,1.0073662495744002,0.0,25.151727999999903,0.6481202649077826,0.2838837289301686
25.398918999999783,0.9937726152929294,0.0,25.385334999999895,0.6618473102351385,0.24294805641554873
25.645308999999767,0.9909308007627935,0.0,25.63014199999989,0.6849732690603884,0.17672858617131063
25.903399999999753,0.9980840016448813,0.0,25.879189999999873,0.7145649070816885,0.12770897832817332
26.172836999999735,1.0095317764223901,0.0,26.143131999999863,0.7467104783280325,0.10139318885448913
26.38364599999972,1.0200131316861105,0.0,26.380521999999864,0.7770288068825699,0.06269349845201234
26.641209999999717,1.0288764055487694,0.0,26.626520999999855,0.8017386872025234,0.03405572755417959
26.88275499999971,1.038963093354089,0.0,26.873888999999856,0.8185752786135435,0.010061919504643939
27.1328139999997,1.0527227045993497,0.0,27.11650399999987,0.8266278844394839,0.0030959752321981222
27.37973699999969,1.0666874089135652,0.0,27.36528699999985,0.8256668477756063,0.004643962848297183
27.640249999999675,1.0728366257420974,0.0,27.621225999999847,0.8154473669379586,0.013157894736842144
27.874211999999673,1.0646317406723373,0.0,27.861181999999836,0.7967859683079134,0.037151702786377715
28.12517599999966,1.0432258863914874,0.0,28.11633899999984,0.7739044253692031,0.07043343653250773
28.37613699999964,1.0155311596833347,0.0,28.388173999999832,0.7534204595309482,0.08978328173374613
28.648696999999622,0.9886271672222938,0.0,28.601374999999823,0.7407564919238654,0.10294117647058819
28.88877099999962,0.9665575814722855,0.0,28.858743999999835,0.7363903458781532,0.10526315789473682
29.107547999999618,0.9489476310938099,0.0,29.103701999999842,0.7351608084794606,0.1060371517027864
29.359485999999592,0.9312560056548483,0.0,29.350545999999838,0.7299072046319259,0.109907120743034
29.634578999999572,0.9080500456002306,0.0,29.619985999999837,0.7154242819016923,0.12616099071207426
29.860678999999557,0.8760897629803219,0.0,29.859924999999837,0.6904211997870299,0.16589267285861714
30.102948999999544,0.8363729467178362,0.0,30.08698299999983,0.6577441581544516,0.2525799793601651
30.362566999999533,0.7929755483752254,0.04256965944272447,30.341459999999813,0.6223824796413492,0.37899896800825594
30.614494999999526,0.7498480861785994,0.09520123839009288,30.58481899999981,0.5893041208215489,0.5030099759201926
30.846481999999504,0.710287629309536,0.13312693498452008,30.847406999999787,0.5619063818700849,0.6125730994152048
31.100951999999484,0.6765320378973156,0.19599243206054354,31.074290999999786,0.5412200583607799,0.7293601651186792
31.340456999999464,0.6495073644997333,0.2802717578259374,31.32531799999977,0.5257586006414213,0.8064155486756105
31.58885799999944,0.6292557436210482,0.33806329549363606,31.60178099999976,0.5132245035733713,0.8537151702786376
31.83385599999943,0.6158268956192943,0.4018747850017199,31.836772999999752,0.5022024422007589,0.8893188854489164
32.08284399999942,0.6081108343322645,0.4355865153078775,32.08812099999975,0.49175602772530935,0.9210526315789473
32.33640699999941,0.6039429349338999,0.4476264189886482,32.320559999999745,0.481798888101489,0.9574303405572755
32.57847399999939,0.6008595773403383,0.45725834193326453,32.563979999999745,0.47331075098585423,0.991486068111455
32.8258899999994,0.5964472869804859,0.47411420708634333,32.812055999999735,0.469639444519866,0.9999999999999999
33.07524199999942,0.5882844270547744,0.5066219470244238,33.059400999999724,0.4805440963486774,0.9628482972136222
33.32646499999943,0.5743036515080511,0.5668214654282766,33.31496499999975,0.5219209327040691,0.8220674234606123
33.56633599999945,0.5553069107272672,0.6498968008255933,33.55643899999976,0.604443890031147,0.4452184382524941
33.84117999999945,0.5351565625520782,0.767887856897145,33.80283299999979,0.7255532992662803,0.11609907120743033
34.07872299999945,0.5200016289249002,0.8304953560371517,34.054458999999774,0.8718102193693466,0.0
34.32870399999948,0.5163819447450737,0.8461472308221536,34.290815999999765,1.0250199963344444,0.0
34.584680999999485,0.528910283569175,0.7943756449948401,34.54322799999974,1.1658015456368718,0.0
34.86379299999948,0.5572853313929911,0.6426728586171312,34.79578299999976,1.2737164468426951,0.0
35.07378599999949,0.5952578083784645,0.47893016855865156,35.04076199999974,1.3299722515692036,0.0
35.309899999999494,0.6336953520191709,0.3187994496044032,35.28508199999977,1.3256002317585975,0.0
35.54577099999952,0.6651653309357617,0.22850017199862402,35.53504999999977,1.2701275650535506,0.0
35.82717899999952,0.6863508490063823,0.17432060543515654,35.77824699999978,1.1872731572921122,0.0
36.050611999999525,0.6967420144184109,0.15144478844169243,36.02463399999979,1.0995955109342077,0.0
36.36071599999954,0.6965836742617652,0.15144478844169243,36.277641999999766,1.0174117937175187,0.0
36.53972899999953,0.6867729970751837,0.17311661506707943,36.52250899999976,0.9413231284095656,0.0
36.78458899999952,0.6692258860933009,0.2140522875816993,36.78133899999974,0.8714928900772687,0.0
37.03066399999951,0.6483171043581546,0.2838837289301686,37.01626899999975,0.8123838213246972,0.015479876160990695
37.28260099999954,0.6299703886354145,0.3320433436532508,37.291388999999754,0.7690380786080906,0.07585139318885449
37.526675999999526,0.6187476829382763,0.3910388716890264,37.50993399999979,0.745032968107074,0.10294117647058819
37.77973599999955,0.6159615160081251,0.4018747850017199,37.7599049999998,0.741793671382517,0.10294117647058819
38.05563599999956,0.6201655952839853,0.38863089095287234,38.0080219999998,0.7592118487576087,0.08436532507739937
38.28648499999955,0.6282787742399523,0.3416752665978672,38.26089999999983,0.7960565043298502,0.037925696594427204
38.52804799999956,0.6366257238597647,0.315187478500172,38.510363999999825,0.848421222985953,0.0
38.769663999999544,0.642031195919772,0.30314757481940147,38.75000699999985,0.9092680382552897,0.0
39.02207599999954,0.6434060037972469,0.2995356037151703,39.00256999999986,0.9700164429416638,0.0
39.27160899999955,0.6435068281383161,0.2995356037151703,39.25443599999987,1.022427113288314,0.0
39.56045199999956,0.6475886843467509,0.28629170966632267,39.49107899999987,1.0603932871553374,0.0
39.759995999999575,0.6605805134412626,0.2465600275197798,39.74297399999987,1.0797280758925991,0.0
40.00641099999958,0.6846406143157349,0.17672858617131063,39.99340899999986,1.0772548064255991,0.0
40.253954999999586,0.7174845986162987,0.12383900928792564,40.23536299999984,1.0522947922328267,0.0
40.50303699999958,0.7534163200296639,0.08978328173374613,40.50035699999987,1.010526779339961,0.0
40.7949589999996,0.7853890467835343,0.05263157894736841,40.7327539999999,0.9618534152263778,0.0
40.999609999999585,0.8080259379173734,0.023993808049535572,40.9806549999999,0.9175260068896461,0.0
41.2895559999996,0.8215200610874878,0.00928792569659445,41.21998999999991,0.8899925645131473,0.0
41.55484799999959,0.8305213572435417,0.0007739938080495722,41.491525999999894,0.8912669697615252,0.0
41.75982799999959,0.8414640161244106,0.0,41.72678099999992,0.9261040008570055,0.0
41.9914559999996,0.8592294284143782,0.0,41.96776799999994,0.9880443309740657,0.0
42.240782999999595,0.8842187954314333,0.0,42.22725999999995,1.0595973188564332,0.0
42.489791999999596,0.9118133471223054,0.0,42.467708999999964,1.117225632793626,0.0
42.760237999999596,0.9356056663324219,0.0,42.71659699999996,1.1395336822298154,0.0
42.9814009999996,0.9501867580149299,0.0,42.959456999999965,1.1158283063507126,0.0
43.227311999999614,0.9537627742012733,0.0,43.211186999999946,1.0505452152246215,0.0
43.478827999999616,0.9489315253051139,0.0,43.460377999999935,0.9598793960317383,0.0
43.73424799999964,0.9398125942438355,0.0,43.714392999999944,0.8637283709305283,0.0
43.981697999999625,0.9303063296748055,0.0,43.94822099999995,0.7783587471093047,0.0603715170278638
44.222353999999626,0.9238299337968603,0.0,44.19706099999993,0.7129738383372188,0.13003095975232196
44.484106999999625,0.9241701586605761,0.0,44.45125499999992,0.6695219197553304,0.2140522875816993
44.71809599999963,0.9333091716396055,0.0,44.71696999999991,0.6445693238026062,0.29471964224286207
45.00067999999963,0.9496715825499029,0.0,44.95711899999992,0.6317164846854513,0.32241142070863427
45.20813899999965,0.9690185417682302,0.0,45.19342299999992,0.6236575439146482,0.36816305469556243
45.461686999999635,0.9872564516113239,0.0,45.43836299999994,0.6146229557295564,0.4030787753697971
45.71826899999966,1.0037930404812898,0.0,45.68473299999993,0.6026863061920265,0.45123839009287925
45.95154199999967,1.0213739854602994,0.0,45.93326299999994,0.5892781731217116,0.5030099759201926
46.202534999999685,1.0462286327802164,0.0,46.19875399999992,0.5780304892488062,0.5463536291709665
46.44506399999969,1.0871393461345047,0.0,46.43354199999994,0.5726243189621572,0.5716374269005847
46.69954799999969,1.1506854351637077,0.0,46.67764399999992,0.5744306207601526,0.5668214654282766
46.9464679999997,1.2348266231969176,0.0,46.917625999999935,0.580444751195458,0.5379256965944271
47.207451999999684,1.3270278296671179,0.0,47.16949399999993,0.5839386669275705,0.5246818025455796
47.444535999999694,1.406881714485083,0.0,47.42903899999992,0.578190222197612,0.5463536291709665
47.689886999999665,1.4529834148115828,0.0,47.67155399999993,0.5606069400778577,0.6234090127278982
47.93984199999963,1.4525293302479936,0.0,47.91379699999992,0.5337482331307071,0.7751117991056071
48.19738499999964,1.409903371302995,0.0,48.1722519999999,0.5037128522554669,0.8854489164086686
48.42452999999966,1.344237019993324,0.0,48.40814899999994,0.47742214603665445,0.9752321981424148
48.67383699999967,1.2770248286038623,0.0,48.65725599999993,0.46051988032903346,0.9999999999999999
48.92332399999969,1.222759299090282,0.0,48.90155799999992,0.4570145616472776,0.9999999999999999
49.17295299999968,1.1865584441575745,0.0,49.148427999999925,0.4695394178611345,0.9999999999999999
49.416849999999656,1.1654696936378564,0.0,49.39224299999989,0.4997938120543543,0.8978328173374612
49.661339999999676,1.1530229716124205,0.0,49.64385399999987,0.5470463931696397,0.7052803577571379
49.9156429999997,1.1431359764223812,0.0,49.89331399999985,0.6059600899049371,0.44040247678018574
50.16090999999968,1.1318320903400947,0.0,50.13569299999985,0.6660010317594717,0.2272961816305469
50.41816799999966,1.1186705824451595,0.0,50.39067699999982,0.7135683816940779,0.12925696594427238
50.667217999999664,1.1055250564565688,0.0,50.636678999999866,0.7381042018938783,0.10371517027863776
50.9072119999997,1.0947608856874635,0.0,50.873626999999885,0.7369968146821904,0.10526315789473682
51.154136999999714,1.0878648782838034,0.0,51.13092199999984,0.7152323652271029,0.12693498452012383
51.405231999999714,1.0838558055769043,0.0,51.37538599999985,0.6810893477145674,0.18154454764361883
51.68024799999969,1.079784605395498,0.0,51.62599099999986,0.6428445016240053,0.3019435844513244
51.90021499999971,1.0733173996935688,0.0,51.882386999999866,0.606943035625131,0.44040247678018574
52.15030399999969,1.0636074456883569,0.0,52.11722499999987,0.5778864702721704,0.5475576195390437
52.407725999999684,1.051882537421625,0.0,52.36117399999991,0.558529363359627,0.6342449260405918
52.6396219999997,1.0397521446938496,0.0,52.627134999999925,0.5494733497758765,0.6896284829721363
52.89664899999969,1.029495073072259,0.0,52.86698399999993,0.5483924948682624,0.6992604059167528
53.153534999999685,1.0224127902506108,0.0,53.11431799999992,0.5505803815642553,0.6860165118679051
53.37810599999969,1.016521402528979,0.0,53.38771899999993,0.5516155076619421,0.6799965600275197
53.63293899999969,1.0068879226433884,0.0,53.59916499999994,0.5507448259744337,0.6848125214998281
53.88293599999969,0.9877940732135592,0.0,53.85079599999997,0.5511685096357385,0.6836085311317509
54.13412699999971,0.9572513411312723,0.0,54.09763899999997,0.5569964245232056,0.6426728586171312
54.408083999999704,0.9189881566654932,0.0,54.34071199999997,0.5704316084747804,0.5800653594771241
54.6180509999997,0.8817776509610454,0.0,54.59516099999997,0.5905995427050955,0.5006019951840386
54.90692399999971,0.8580561895518486,0.0,54.838246999999996,0.6126337166439081,0.4115067079463365
55.1301139999997,0.8586087008514007,0.0,55.086131,0.6279878627201595,0.34287925696594423
55.3605819999997,0.8851366736318567,0.0,55.33913000000001,0.6282882036277393,0.3416752665978672
55.60688999999968,0.9325214246620332,0.0,55.569576,0.6108893459291252,0.41752665978672177
55.86902799999969,0.9954456622710188,0.0,55.82758599999999,0.5803743584433408,0.5379256965944271
56.10405199999966,1.0709903789032575,0.0,56.06650999999996,0.5458745126909722,0.7125042999656004
56.352841999999654,1.1580526576454424,0.0,56.33535199999996,0.5188355824103712,0.8365153078775369
56.60085899999963,1.2571363413581116,0.0,56.56939799999996,0.510117984147298,0.8660990712074302
56.85203699999962,1.3687281164476175,0.0,56.81381399999996,0.5272757570335428,0.8003955968352253
57.09839499999963,1.4847998128144628,0.0,57.05959299999997,0.5697445197886124,0.5824733402132783
57.33839599999964,1.586803965081193,0.0,57.30515899999999,0.6277142072461674,0.3488992088063296
57.589921999999625,1.6532973309818808,0.0,57.558757,0.6866800352660248,0.17311661506707943
57.84194599999963,1.6717776903173853,0.0,57.80062400000002,0.7337856987965292,0.1060371517027864
58.10746899999963,1.6445856468941311,0.0,58.06162900000003,0.761782085518636,0.08281733746130031
58.342275999999615,1.582378190559815,0.0,58.29774100000002,0.7704709875999866,0.07352941176470586
58.5898479999996,1.4987211302904666,0.0,58.54706100000003,0.7649266768920867,0.07972136222910219
58.83936199999961,1.4068811934799812,0.0,58.78804200000002,0.7534813748947673,0.08978328173374613
59.078924999999614,1.3180820606047656,0.0,59.04459500000001,0.7455375916057005,0.10294117647058819
59.3403009999996,1.2401270883198228,0.0,59.288595999999984,0.7492556364371586,0.09597523219814237
59.56787499999962,1.1768821003271825,0.0,59.53839799999999,0.7679723884243456,0.07585139318885449
59.85581199999963,1.1294849658074224,0.0,59.789843999999974,0.7990111508736397,0.03560371517027865
60.068894999999635,1.0976606072324024,0.0,60.024426999999974,0.834637123411992,0.0
60.318868999999644,1.0813056114083577,0.0,60.31780499999999,0.8643435824945506,0.0
60.56623099999963,1.0803755785299192,0.0,60.530848,0.8790661323206966,0.0
60.83526699999964,1.0925676024166178,0.0,60.763883000000014,0.873674640299081,0.0
61.05970899999963,1.1098355771816037,0.0,61.017680999999996,0.8487475234290134,0.0
61.38968899999965,1.1185230482873922,0.0,61.261763000000016,0.8105846399394054,0.018575851393188816
61.559207999999686,1.1059462962016182,0.0,61.51386300000003,0.7697800138489884,0.07352941176470586
61.92803699999968,1.0685690609985985,0.0,61.76475100000005,0.7386681045000013,0.10371517027863776
62.07446299999964,1.0135911241323483,0.0,62.00318900000004,0.7275439949640545,0.11222910216718264
62.31045699999964,0.9530708046376639,0.0,62.306205000000034,0.7417031171863592,0.10294117647058819
62.560435999999626,0.8973680652108214,0.0,62.500198000000054,0.7793830321248273,0.05882352941176474
62.86298999999962,0.8532441089726623,0.0,62.75186500000005,0.8312000024913945,0.0
63.04640699999959,0.8251622892566753,0.005417956656346755,63.00285500000009,0.8816400815272306,0.0
63.2879569999996,0.8166332901004046,0.012383900928792572,63.24298600000009,0.9151574569297447,0.0
63.54316799999957,0.8295798367135984,0.0015479876160990611,63.50176200000009,0.9230489788134465,0.0
63.784412999999574,0.8626852095968961,0.0,63.7414670000001,0.9053180316710538,0.0
64.05150599999956,0.9098264223050319,0.0,64.00284600000008,0.867039692115577,0.0
64.27547899999955,0.9599267873050726,0.0,64.23384000000007,0.8152404236595825,0.013931888544891633
64.52837499999954,1.0005617468708297,0.0,64.48277200000007,0.7567474986797571,0.086687306501548
64.76985599999954,1.0240009208679133,0.0,64.7316840000001,0.6979590847390167,0.1478328173374613
65.02547699999954,1.0309963375818825,0.0,64.97840600000012,0.6453587833804847,0.292311661506708
65.27436199999954,1.0278330256137918,0.0,65.22363800000014,0.6048768487980078,0.44281045751633985
65.56380999999953,1.0212224742968017,0.0,65.47391000000015,0.5795887953492317,0.5391296869625043
65.78626399999958,1.0155716532431909,0.0,65.72116800000016,0.5688658893165806,0.5860853113175095
66.00972499999953,1.0119048787017533,0.0,65.96570500000018,0.5697680561054572,0.5824733402132783
66.2633349999996,1.0091370025646185,0.0,66.2187550000003,0.5793638689184455,0.5391296869625043
66.51471299999963,1.0056680350073472,0.0,66.4731120000003,0.5959905157408757,0.47652218782249744
66.76070899999957,1.0002900773693,0.0,66.70821600000029,0.6195572824027725,0.38983488132094946
67.0221319999996,0.9918768100524403,0.0,66.95419400000029,0.651563538002769,0.2706398348813209
67.2537749999996,0.9792966435926916,0.0,67.20764800000032,0.6929812637590697,0.15987272101823183
67.49967699999958,0.962629380688796,0.0,67.46004700000026,0.742061037980878,0.10294117647058819
67.75015799999957,0.9449176553422847,0.0,67.71908500000025,0.7958312572360374,0.038699690402476776
68.00067399999956,0.9328158263611193,0.0,67.98492800000031,0.8511563756007915,0.0
68.24129699999959,0.9334528361403912,0.0,68.19636100000034,0.9042219882460195,0.0
68.52375499999961,0.9502164485880532,0.0,68.44290500000037,0.9513393401942855,0.0
68.74121999999964,0.9790167858826803,0.0,68.69670300000026,0.9893515167199194,0.0
69.03055599999965,1.008266143338634,0.0,68.93454900000029,1.0170966404919939,0.0
69.23548099999967,1.0247689205189623,0.0,69.18596700000028,1.0362394822805,0.0
69.48541599999963,1.0223560552467048,0.0,69.43403300000028,1.0495040135795162,0.0
69.74314999999964,1.0044782701572263,0.0,69.6810800000003,1.057973900484578,0.0
69.97637499999966,0.980665505165384,0.0,69.94345400000033,1.0597281571752366,0.0
70.2349539999997,0.958836244813625,0.0,70.17219300000033,1.051344320485288,0.0
70.46895399999968,0.9410734694551942,0.0,70.42022300000035,1.0299566576250745,0.0
70.74379399999964,0.9239062756599967,0.0,70.67759200000039,0.9942063896896511,0.0
70.97803099999967,0.9033598147583797,0.0,70.9161030000004,0.9454489017336463,0.0
71.21632999999966,0.8805185028742862,0.0,71.17747900000042,0.8885482242454994,0.0
71.49134199999958,0.8619881156061133,0.0,71.41243500000044,0.8316391952117731,0.0
71.75177999999963,0.8574610362455222,0.0,71.65581100000045,0.7843108026703287,0.05417956656346747
71.9622809999996,0.8737379970975471,0.0,71.90302200000042,0.7543762670642077,0.08900928792569655
72.20692199999954,0.9078370624812846,0.0,72.15264600000046,0.7450283144034651,0.10294117647058819
72.45032499999951,0.9448010803991496,0.0,72.4594480000005,0.7539000567675743,0.08978328173374613
72.69822099999955,0.9666459066055444,0.0,72.6615140000005,0.7741818746789249,0.07043343653250773
72.96129299999954,0.9651394181504983,0.0,72.91098500000048,0.796898731438151,0.037151702786377715
73.19623999999952,0.9442730970789535,0.0,73.15286700000053,0.8141868559076118,0.014705882352941206
73.44713399999958,0.9155580998244657,0.0,73.39033000000056,0.8207111835985952,0.00928792569659445
73.69763799999951,0.8937804782995039,0.0,73.64417800000055,0.8141740607435033,0.014705882352941206
73.94117899999958,0.8936614438941559,0.0,73.90980500000059,0.7947853504949656,0.04102167182662541
74.19274199999961,0.9265832436887775,0.0,74.13926300000058,0.7652947923909069,0.07972136222910219
74.43473599999965,0.9959753909153766,0.0,74.41973800000056,0.7307028861463798,0.10913312693498452
74.7046689999997,1.0913346548080973,0.0,74.62814500000056,0.6964696317816923,0.15144478844169243
74.93872099999967,1.1892655890297648,0.0,74.8745080000006,0.6667172133968442,0.22368421052631582
75.18065399999975,1.2647049275249156,0.0,75.1225610000006,0.6435089680589323,0.2995356037151703
75.43758799999972,1.3014960053170233,0.0,75.3718350000006,0.6269880025987434,0.35130718954248363
75.6825849999998,1.2971160020202759,0.0,75.63538400000063,0.6160040930350086,0.4018747850017199
75.91907399999984,1.2600781043605642,0.0,75.88267000000063,0.6098364971567433,0.424750601995184
76.16415699999983,1.2076785128616216,0.0,76.1291090000006,0.6086438674425758,0.43197454420364634
76.41848299999985,1.1589663948124787,0.0,76.36205300000064,0.6139194431192687,0.40669074647402825
76.6820689999998,1.1269588411820386,0.0,76.61201200000068,0.6275378428962396,0.3488992088063296
76.92011799999983,1.1146882538565892,0.0,76.88046100000074,0.6498625890657075,0.2802717578259374
77.16843799999987,1.115126391196641,0.0,77.1220390000008,0.6779368936693868,0.19358445132438945
77.40504599999979,1.1163697244726951,0.0,77.3560420000008,0.7049540361980368,0.13699690402476777
77.65194599999985,1.1097924939806314,0.0,77.62289000000082,0.7227615891923627,0.1176470588235294
77.90593999999986,1.0943351075411911,0.0,77.84249700000086,0.7265188032657398,0.11222910216718264
78.15336899999983,1.0758392050801513,0.0,78.09347600000088,0.7172593992956807,0.12383900928792564
78.3929279999998,1.0632299228826767,0.0,78.34309700000085,0.6998628892135053,0.14473684210526316
78.66100699999978,1.0632783901193383,0.0,78.59704100000083,0.6802479242384785,0.18636050911592703
78.89675599999975,1.076961100849188,0.0,78.86337000000088,0.6635230589575779,0.23211214310285522
79.13529599999976,1.100088039673163,0.0,79.0795660000009,0.6530050684024706,0.2682318541451668
79.43993399999978,1.1257429775357624,0.0,79.33248400000089,0.649517241299591,0.2802717578259374
79.65428299999974,1.145858250854445,0.0,79.57643100000091,0.6510785064701794,0.2730478156174751
79.8833839999997,1.1530784821718607,0.0,79.82383700000096,0.6541249430024489,0.2634158926728586
80.12668199999966,1.1430168254717346,0.0,80.10734800000095,0.6551487021938002,0.2561919504643963
80.37826599999973,1.1178751136941227,0.0,80.31624000000097,0.6526355555248966,0.2682318541451668
80.64667099999971,1.0886845623258508,0.0,80.55998000000102,0.6470773855039974,0.28629170966632267
80.88460899999974,1.0683250333746994,0.0,80.81850900000106,0.6402909868785966,0.3079635362917097
81.13865499999977,1.0634563097957577,0.0,81.06733400000108,0.6347900124495273,0.31759545923632604
81.37775799999974,1.07248809351196,0.0,81.30982000000115,0.6331695182552161,0.32120743034055727
81.62504699999974,1.090817806524275,0.0,81.55250100000116,0.6367727076148791,0.315187478500172
81.86911099999973,1.1165971924792006,0.0,81.80788200000117,0.6447356161740507,0.29471964224286207
82.11359099999977,1.151996509827041,0.0,82.06409500000122,0.6543703897127573,0.26221190230478164
82.39221799999973,1.2013047365625913,0.0,82.3057090000012,0.662417783899909,0.2393360853113175
82.61166299999977,1.2692904816934694,0.0,82.55207500000127,0.6674969740710648,0.21766425868593053
82.85458599999968,1.354298247342678,0.0,82.7950000000013,0.6707048429784924,0.21164430684554522
83.11046499999968,1.4463859213072348,0.0,83.04163900000131,0.6738527986279181,0.20321637426900582
83.3535339999997,1.5296096600866245,0.0,83.30956900000128,0.6766327251209101,0.19599243206054354
83.59837199999974,1.588715754610334,0.0,83.53338800000128,0.6769320830286882,0.19478844169246642
83.84350999999974,1.6133466092480593,0.0,83.78217600000131,0.6732869728112758,0.2056243550051599
84.11436599999965,1.601606173489084,0.0,84.02812300000133,0.6657923345352029,0.22850017199862402
84.33638199999962,1.5596964889041582,0.0,84.27461100000134,0.6555455138701318,0.2561919504643963
84.60190899999968,1.496582037567192,0.0,84.52901200000136,0.6431092290337953,0.2995356037151703
84.84541799999965,1.4223954500348046,0.0,84.78346900000132,0.6276620414691387,0.3488992088063296
85.1354389999997,1.3421063338079502,0.0,85.03128000000127,0.608357938169023,0.43438252493980056
85.35541999999977,1.2558782025465192,0.0,85.27408100000129,0.5847453124793113,0.5198658410732714
85.5994069999998,1.1639361288167391,0.0,85.51665400000132,0.5568425603816212,0.6438768489852081
85.82230699999982,1.0703746902922369,0.0,85.77019500000131,0.5258894448073785,0.8064155486756105
86.08022599999985,0.9824454337477166,0.0,86.02449300000133,0.49432766727265687,0.9164086687306501
86.36678099999983,0.9057398937940682,0.0,86.26559800000133,0.4649311216547233,0.9999999999999999
86.61276099999986,0.8412073480611199,0.0,86.52187200000141,0.4412445942290018,0.9999999999999999
86.81386599999988,0.7877705290258296,0.05108359133126935,86.75828900000144,0.42824297763423824,0.9999999999999999
87.07082699999982,0.7420448309081649,0.10294117647058819,86.99542300000147,0.4320899686978832,0.9999999999999999
87.36131699999981,0.7003674422842855,0.14473684210526316,87.24811600000142,0.45693067001782595,0.9999999999999999
87.59080699999978,0.659879068446314,0.2477640178878569,87.50233700000145,0.49918420166260097,0.8993808049535603
87.81614599999975,0.6197462147726117,0.38983488132094946,87.76923000000149,0.5449939264516214,0.7173202614379085
88.16418299999974,0.5821332775811897,0.531905744754042,87.99316300000153,0.5772358876958363,0.5499656002751978
88.42011599999977,0.5510413857650147,0.6848125214998281,88.24476700000152,0.5860034642197696,0.5198658410732714
88.6741849999998,0.5306893845102277,0.7835397316821465,88.52577300000148,0.572620642577589,0.5716374269005847
88.87533399999988,0.5241420657651799,0.812435500515996,88.73427300000147,0.5453380203131917,0.7161162710698316
89.11362099999994,0.5322804924983483,0.7799277605779154,88.98026300000143,0.5144136539732108,0.8506191950464396
89.3581009999999,0.5536843127901698,0.6655486756105952,89.24216400000148,0.48894250282387197,0.9303405572755418
89.6121839999999,0.5853317923820727,0.5198658410732714,89.47508600000151,0.4755777137343553,0.9814241486068112
89.86116499999986,0.6219280054270067,0.38140694874441006,89.72218400000152,0.47699368651361784,0.9767801857585139
90.12457999999988,0.65657490548841,0.2561919504643963,89.96878200000147,0.49124747968912197,0.9218266253869969
90.34266199999989,0.6832348317083083,0.17672858617131063,90.22578700000146,0.5142470675514604,0.8506191950464396
90.61314399999988,0.7000478587303905,0.14473684210526316,90.46417900000154,0.5433198561716781,0.724544203646371
90.89263699999988,0.7102804746314348,0.13312693498452008,90.71417800000161,0.577557064333437,0.5499656002751978
91.13404899999989,0.722992158850421,0.1176470588235294,90.97872100000164,0.6160190385594805,0.4018747850017199
91.42452099999987,0.7516829889463806,0.09210526315789476,91.2020940000016,0.6575249609612954,0.25378396972824224
91.65707699999987,0.8109513413715747,0.018575851393188816,91.46945200000158,0.7009800828056851,0.14241486068111453
91.86010099999984,0.9125499060453359,0.0,91.71081100000157,0.7446695602140672,0.10294117647058819
92.06044599999983,1.0612027958726173,0.0,91.9467310000015,0.7845360262440345,0.053405572755417983
92.25941499999985,1.2520611145435092,0.0,92.20021000000152,0.8144534146730807,0.014705882352941206
92.51312599999984,1.4688467848459814,0.0,92.44568100000158,0.827211196456582,0.0030959752321981222
92.78309399999983,1.687776721973044,0.0,92.69907400000154,0.818734399633445,0.010061919504643939
93.02150499999986,1.8800021631311405,0.0,92.95678800000157,0.7914676235767604,0.04489164086687302
93.27295299999982,2.016906949814581,0.0,93.18986300000152,0.7517899414356808,0.09210526315789476
93.50393999999982,2.0782006120061705,0.0,93.45831400000155,0.705062261283472,0.13699690402476777
93.76781799999983,2.0605321392916145,0.0,93.68448200000157,0.6547787042449149,0.2573959408324733
94.00292799999981,1.980019965400999,0.0,93.93339000000154,0.6050714775907644,0.44281045751633985
94.25777399999981,1.8646200678980354,0.0,94.20509700000153,0.561852877715009,0.6137770897832817
94.49890399999984,1.741419557475947,0.0,94.42191400000152,0.5310545333778898,0.7823357413140696
94.7489199999998,1.6286222378610966,0.0,94.66997400000147,0.5167700447559989,0.8449432404540763
94.98579799999983,1.5347159276546762,0.0,94.92181900000146,0.5213616411460265,0.8232714138286893
95.24888099999984,1.4582175543181013,0.0,95.17810200000152,0.5455847786433587,0.7125042999656004
95.48293999999981,1.3924941914674873,0.0,95.4115480000015,0.5887883628838286,0.5054179566563468
95.73291499999984,1.3313220066052223,0.0,95.70756300000144,0.6484169375399048,0.2826797385620915
95.98223199999984,1.2722987508755095,0.0,95.92401900000145,0.7180214915647228,0.12383900928792564
96.24621099999978,1.2161695700716078,0.0,96.17919100000148,0.784997634370628,0.05263157894736841
96.49475299999982,1.164936322464114,0.0,96.39912100000153,0.8343092404869303,0.0
96.72517999999982,1.1205244672392047,0.0,96.65377000000154,0.8559387111616785,0.0
96.97672399999986,1.0845402241945092,0.0,96.89718100000158,0.8481437739511624,0.0
97.24866099999987,1.0577935840520862,0.0,97.16235000000155,0.8149309642642331,0.014705882352941206
97.47269799999984,1.0386245742560443,0.0,97.41711600000161,0.76298366304382,0.08126934984520125
97.73206199999986,1.0230800013922328,0.0,97.67054200000162,0.7001206332585137,0.14473684210526316
97.97370399999984,1.0052051051895887,0.0,97.88906000000165,0.6349505398452099,0.31759545923632604
98.23868399999989,0.9815453790187106,0.0,98.13859900000165,0.5757292109694825,0.5571895424836601
98.49704399999986,0.9546696569544416,0.0,98.3845450000017,0.5285983008260396,0.7943756449948401
98.7050759999998,0.9332290648677797,0.0,98.64913100000174,0.49619705040833634,0.9086687306501547
98.95057499999974,0.9281099123627171,0.0,98.8839490000017,0.4783028828138596,0.9729102167182662
99.20457699999973,0.9473802049165898,0.0,99.12734000000171,0.47377407704436963,0.9899380804953559
99.45156299999975,0.993870226621641,0.0,99.37390000000175,0.48173619668608214,0.9574303405572755
99.77260299999978,1.0634466874657758,0.0,99.62121300000176,0.5012297309546383,0.8939628482972135
99.94099599999981,1.1412468592954745,0.0,99.87522500000183,0.530170865403351,0.7847437220502238
100.20534799999983,1.2088318669263671,0.0,100.11678000000187,0.5649332521727717,0.6053491572067423
100.44035099999986,1.253469014850818,0.0,100.36792000000183,0.6005808640164599,0.45725834193326453
100.70080299999994,1.2725910213216898,0.0,100.61565300000186,0.6317742642674096,0.32241142070863427
100.97373599999996,1.2703723243558622,0.0,100.86809800000186,0.6549394085281915,0.2573959408324733
101.17626799999995,1.2500014148060168,0.0,101.10612100000186,0.6696641576617006,0.2140522875816993
101.42625699999995,1.2103195034803478,0.0,101.35406200000187,0.67803638769467,0.19358445132438945
101.71769299999995,1.150065787090983,0.0,101.60722200000194,0.6830735810541346,0.17793257653938763
101.92918799999993,1.0707974894916594,0.0,101.85119400000195,0.6869701733583514,0.17311661506707943
102.2171169999999,0.9781608667130527,0.0,102.09065000000194,0.6899599073971394,0.16589267285861714
102.45463999999987,0.8805129847704789,0.0,102.33908000000191,0.6908142029222937,0.16348469212246305
102.73775199999989,0.7875493156053551,0.05185758513931884,102.59167000000188,0.688494155570935,0.16950464396284823
102.99361399999985,0.7088057398421714,0.13467492260061914,102.83818800000192,0.6842148234794615,0.17672858617131063
103.21168799999988,0.6519716381285668,0.26943584451324387,103.15154100000193,0.6814176761670057,0.18154454764361883
103.40701399999989,0.6211945804064145,0.38381492948056417,103.3500940000019,0.6834113265657238,0.17672858617131063
103.66812399999989,0.615529968991665,0.4018747850017199,103.58607200000188,0.6909796417443281,0.16348469212246305
103.92214199999985,0.6288460356606532,0.33926728586171306,103.87361200000187,0.7018392225075971,0.14164086687306496
104.17293399999984,0.6522350790348066,0.2682318541451668,104.0740870000019,0.7134762579475771,0.13003095975232196
104.43205999999992,0.6770972010708124,0.19358445132438945,104.32096500000195,0.7245340935750052,0.11687306501547982
104.65059299999992,0.696687494136007,0.15144478844169243,104.57839400000192,0.7340186765629321,0.1060371517027864
104.91691399999992,0.7067871362438304,0.1362229102167182,104.82186900000198,0.7413342359700514,0.10294117647058819
105.14287499999989,0.7064322150175799,0.1362229102167182,105.10919600000196,0.7472339194068166,0.09984520123839007
105.40801399999988,0.698487516767915,0.14705882352941171,105.31117500000197,0.752762659121837,0.09133126934984519
105.65886399999991,0.6870445267737484,0.17311661506707943,105.56915800000198,0.7575695703020822,0.08591331269349843
105.88284599999994,0.674887316432952,0.19840041279669762,105.81066200000201,0.7597408624197781,0.08436532507739937
106.13848,0.6636044448853198,0.23211214310285522,106.06202300000201,0.7573248534138229,0.08591331269349843
106.386405,0.6552193149811376,0.2561919504643963,106.32665600000203,0.7503891927166151,0.09442724458204331
106.62881699999998,0.6522128919028936,0.2682318541451668,106.54495400000206,0.7402759105018063,0.10371517027863776
106.886355,0.6573423784496235,0.25378396972824224,106.7969650000021,0.7275101372740436,0.11222910216718264
107.14280200000002,0.672749305377933,0.20682834537323702,107.04808100000209,0.711270862499986,0.13080495356037153
107.37682199999998,0.698752581821222,0.14705882352941171,107.28947400000217,0.6903458568633063,0.16589267285861714
107.61933700000003,0.7327226962849396,0.10758513931888546,107.53544300000216,0.6641644928406438,0.2309081527347781
107.87783000000007,0.7682326265041649,0.07585139318885449,107.78197000000213,0.6331088504603279,0.32120743034055727
108.12976500000009,0.7975493049899886,0.037151702786377715,108.0380540000021,0.5984314023492432,0.46448228414172676
108.36375200000016,0.8156046636258005,0.013157894736842144,108.28093400000212,0.5621531233730459,0.6125730994152048
108.62282500000019,0.8227177142942198,0.00928792569659445,108.52351900000217,0.5267332974839634,0.8052115583075335
108.86020500000015,0.823872780910216,0.006965944272445817,108.77555300000216,0.4948001169367664,0.914860681114551
109.11114000000012,0.824964154015491,0.0061919504643962444,109.02833800000214,0.46915223829222863,0.9999999999999999
109.40325900000013,0.8297296313529611,0.0015479876160990611,109.27832200000218,0.4525448197130841,0.9999999999999999
109.60569100000012,0.8390262441086266,0.0,109.53295000000217,0.4469955102835312,0.9999999999999999
109.85016200000011,0.8521471508979404,0.0,109.76983700000217,0.45329342442477727,0.9999999999999999
110.1158450000001,0.8685602046409227,0.0,110.01291700000218,0.4711714531147972,0.9992260061919503
110.34876600000015,0.8873860572197985,0.0,110.26167000000216,0.4999982228741555,0.8962848297213621
110.6380930000002,0.9075477925886152,0.0,110.51376300000217,0.53959982511085,0.7401960784313726
110.85804300000021,0.9274664304316841,0.0,110.7561720000022,0.5886899259924376,0.5054179566563468
111.10112800000017,0.9453977153920654,0.0,111.0004660000022,0.6428367799511381,0.3019435844513244
111.33699600000018,0.9601525977962166,0.0,111.25348900000222,0.6949053166914079,0.15505675954592366
111.59104100000016,0.970864478844753,0.0,111.5134980000022,0.7389437108335221,0.10371517027863776
111.84654200000014,0.9768952804433334,0.0,111.7519040000022,0.7724163790385541,0.0719814241486068
112.09756400000015,0.980537442367885,0.0,111.98886700000216,0.7959183364844936,0.037925696594427204
112.33454800000018,0.9898039931634036,0.0,112.23526900000212,0.8122200891968624,0.015479876160990695
112.59546600000017,1.0178198353646082,0.0,112.49830700000214,0.8250711626733109,0.005417956656346755
112.82347700000008,1.076407543386563,0.0,112.74068800000214,0.8375886594673909,0.0
113.14691600000015,1.1658441504886192,0.0,112.9932770000022,0.8506538298932416,0.0
113.32381300000013,1.2708786515000325,0.0,113.24067200000219,0.8624742715107586,0.0
113.56739600000012,1.36551990111659,0.0,113.47770700000217,0.8695215320146666,0.0
113.81428200000009,1.4256157407496135,0.0,113.72804100000214,0.8684758845811545,0.0
114.06236900000006,1.4395764454262556,0.0,113.98326100000214,0.8567269686814085,0.0
114.32135700000013,1.4106460042385323,0.0,114.21891500000216,0.8334473802245629,0.0
114.55686000000014,1.3527342122559387,0.0,114.47919800000217,0.8014003235011231,0.03482972136222908
114.80373200000015,1.2829309853523432,0.0,114.71723300000225,0.7677994939873474,0.07739938080495355
115.05616200000014,1.2149155824470466,0.0,114.9671770000022,0.7419345736128798,0.10294117647058819
115.30778500000017,1.1550025659938576,0.0,115.21358500000218,0.7311716212988096,0.10758513931888546
115.5556900000002,1.1028088635651447,0.0,115.45355200000216,0.7379534284585956,0.10371517027863776
115.82468100000018,1.055973094387569,0.0,115.70236100000218,0.7607586924489471,0.08281733746130031
116.04724400000016,1.016236035270261,0.0,115.9744850000022,0.7948170281172617,0.04024767801857584
116.31819700000018,0.9891601847779496,0.0,116.20295700000221,0.8338086281187124,0.0
116.54203500000018,0.9795928114523408,0.0,116.45379500000223,0.8702262243628054,0.0
116.79459100000022,0.9871578702372873,0.0,116.69272900000225,0.8947797889029097,0.0
117.0595720000002,1.0045427164189986,0.0,116.9417820000023,0.8995693927004096,0.0
117.28121700000023,1.019216791679212,0.0,117.18840200000231,0.8838516705771154,0.0
117.53713100000022,1.0196298635371297,0.0,117.44721100000231,0.8532750634030442,0.0
117.81413900000021,1.001258680281051,0.0,117.6962570000023,0.8146376159007579,0.014705882352941206
118.04221600000027,0.9691621045687177,0.0,117.92833800000227,0.7739049546236846,0.07043343653250773
118.28667900000023,0.9343344649598598,0.0,118.18262500000226,0.7376131109615365,0.10448916408668733
118.51969800000022,0.9077876560794699,0.0,118.42849600000224,0.7134091770118799,0.13003095975232196
118.76907900000018,0.8951630243261747,0.0,118.69037100000222,0.7090738629733997,0.13467492260061914
119.02354800000018,0.8949209521481548,0.0,118.93278300000219,0.7289968159980815,0.109907120743034
119.26115500000013,0.9014262609040158,0.0,119.17471400000223,0.7709165730231977,0.07275541795665637
119.53046000000015,0.9086416896333465,0.0,119.42464900000218,0.8252690844255798,0.005417956656346755
119.75787700000015,0.9115560335610192,0.0,119.67513600000213,0.8792866541312335,0.0
120.00593000000015,0.9081391141093729,0.0,119.92006000000215,0.921279517277282,0.0
120.25807000000015,0.899454584472938,0.0,120.1657040000022,0.9433567326404095,0.0
120.50238600000013,0.8884697550905872,0.0,120.41910500000219,0.9424414096434247,0.0
120.77238500000013,0.8783641547206159,0.0,120.65794700000224,0.9204222328449867,0.0
120.9923430000002,0.870547424300305,0.0,120.90161800000226,0.8829474377539416,0.0
121.24697400000017,0.8635325083484253,0.0,121.14646100000229,0.8364286164915797,0.0
121.49629700000013,0.853773900089682,0.0,121.40766400000226,0.7860293223737148,0.05263157894736841
121.74437400000016,0.8386841731144371,0.0,121.70382900000222,0.7358604541895268,0.1060371517027864
121.99330700000017,0.8188403122915123,0.010061919504643939,121.90616700000213,0.6895052711188517,0.16830065359477123
122.24585000000023,0.7977621867643319,0.03637770897832814,122.14924300000212,0.6509860531606058,0.2754557963536292
122.49697600000027,0.7798739502685693,0.05804953560371517,122.41108400000208,0.6245736269931004,0.36455108359133126
122.73029400000026,0.7670879603237759,0.07739938080495355,122.63204100000208,0.6136382208639573,0.40669074647402825
122.98627500000022,0.7579159414233146,0.08591331269349843,122.9012850000021,0.6178112176738693,0.39585483316133474
123.22124400000023,0.749562323006296,0.09520123839009288,123.14038800000213,0.6322143075607477,0.32120743034055727
123.47314900000025,0.7395484921699681,0.10371517027863776,123.38418300000212,0.6499145954261547,0.2802717578259374
123.7211910000003,0.7269172378002293,0.11222910216718264,123.62221000000217,0.6639305496554475,0.23211214310285522
124.01068300000031,0.7124356858909126,0.13003095975232196,123.87112400000215,0.6695700544868263,0.2140522875816993
124.24464100000033,0.6987281763519653,0.14705882352941171,124.11895500000222,0.6663016626805117,0.22488820089439282
124.50304100000035,0.6902796690411421,0.16589267285861714,124.37107500000221,0.6582200638696394,0.250171998624011
124.70803000000038,0.6915828957234798,0.16228070175438594,124.60987600000222,0.6520890754549357,0.2682318541451668
124.97060400000044,0.7041797507343779,0.13854489164086684,124.88336400000225,0.6549666647556405,0.2573959408324733
125.21061400000042,0.7255245943479061,0.11609907120743033,125.11541200000228,0.6725543008680728,0.20682834537323702
125.46466800000037,0.7510806882619198,0.09442724458204331,125.40926300000227,0.7068467386753325,0.1362229102167182
125.71545100000037,0.7765810210946305,0.0642414860681114,125.60466400000226,0.7541654805289459,0.08900928792569655
126.0046420000004,0.7991800183933215,0.03560371517027865,125.84963600000229,0.8060048666402544,0.027089783281733778
126.19653700000038,0.8168211315439649,0.011609907120743,126.09748500000232,0.8521097118503071,0.0
126.45668200000038,0.8276543638986155,0.002321981424148633,126.34853900000236,0.8837433346824368,0.0
126.71892400000034,0.8308091644561182,0.0,126.59290600000236,0.8971973924336599,0.0
126.94198800000034,0.8271448296245896,0.0030959752321981222,126.83852900000232,0.8943556066864153,0.0
127.2288830000004,0.8179339813383126,0.010061919504643939,127.14530000000236,0.8798659911510559,0.0
127.44698600000042,0.8026445179267899,0.03328173374613002,127.33036500000235,0.8581271680064843,0.0
127.68051400000046,0.7801148551413506,0.05804953560371517,127.58094900000233,0.8314281636288353,0.0
127.9648530000005,0.7498104981587517,0.09520123839009288,127.83758700000232,0.8001298754251288,0.03560371517027865
128.1812450000005,0.712604801936764,0.13003095975232196,128.10552000000234,0.764333244512767,0.07972136222910219
128.4414900000005,0.6712650675816305,0.20923632610939114,128.36548700000228,0.7257867785048204,0.11609907120743033
128.6828800000005,0.631095339780408,0.32843137254901955,128.57786500000228,0.6894496529474528,0.16830065359477123
128.9228530000005,0.5999747616907197,0.4632782937736498,128.81954200000226,0.6628916563589188,0.23452012383900933
129.16977200000053,0.5871307170313554,0.5162538699690402,129.07512600000223,0.6550065605974738,0.2573959408324733
129.41640400000054,0.6005270577740449,0.4584623323013416,129.3446190000022,0.6735228106458458,0.2056243550051599
129.67975000000058,0.6445724634489034,0.29471964224286207,129.58100500000214,0.721284087738646,0.11919504643962846
129.92074200000056,0.7185693498228155,0.12229102167182658,129.81336700000213,0.7907638798507794,0.04798761609907123
130.25088500000055,0.8161175367850824,0.013157894736842144,130.06892000000215,0.8619838460039235,0.0
130.49430900000053,0.9255756334544525,0.0,130.30849400000213,0.9105044808785182,0.0
130.65873900000057,1.0336002781365392,0.0,130.56508100000212,0.9209676064208199,0.0
130.91310200000055,1.128233038861107,0.0,130.8080060000021,0.8939437381340745,0.0
131.19907600000047,1.2015452833082003,0.0,131.0493760000022,0.8421026764966069,0.0
131.39972300000053,1.2501277807114755,0.0,131.30477000000224,0.7827699588168008,0.056501547987616106
131.66058000000044,1.2738284911283106,0.0,131.56665600000227,0.734848704946085,0.1060371517027864
131.8995980000004,1.2750020378820615,0.0,131.79924800000225,0.7387049259716427,0.10371517027863776
132.20355000000058,1.2578766195765634,0.0,132.0466410000022,0.8774344559845986,0.0
132.53256300000038,1.2288952909560054,0.0,132.2887410000022,1.2119261648428719,0.0
132.70413600000026,1.1958261885322023,0.0,132.53921800000208,1.7079434605280746,0.0
132.88500700000012,1.1650455486936577,0.0,132.78608300000215,2.2779248259042824,0.0
133.12755300000006,1.138636224436043,0.0,133.03778700000223,2.8444972944908424,0.0
133.423953,1.113439511854188,0.0,133.28395600000223,3.3573026733100253,0.0
133.63442,1.0836519627898948,0.0,133.53750000000232,3.7855015926028326,0.0
133.87945200000007,1.0463867934719082,0.0,133.8070860000022,4.105432041454523,0.0
134.1320090000001,1.0055884631185705,0.0,134.04557200000207,4.289889995053489,0.0
134.37399000000008,0.9700030077311486,0.0,134.269108000002,4.300480881693092,0.0
134.71472299999994,0.9478100976868447,0.0,134.5129450000021,4.094784191834187,0.0
134.92724799999996,0.9418249491206112,0.0,134.7582250000021,3.6863797087297288,0.0
135.14831799999976,0.9475166522767684,0.0,135.00917100000203,3.2097198878298077,0.0
135.40215299999977,0.9552398292153037,0.0,135.255781000002,2.792745006456405,0.0
135.6257119999997,0.9549456265979641,0.0,135.5017530000019,2.4540453785324776,0.0
135.86020899999966,0.9396856454293798,0.0,135.76178700000204,2.177149946893401,0.0
136.12372599999964,0.9082136585011967,0.0,135.9976260000021,1.9505562015794289,0.0
136.35047899999967,0.8645124967246631,0.0,136.24217500000213,1.7670946225055315,0.0
136.60447299999956,0.8150146122536629,0.014705882352941206,136.49405900000198,1.622301922982546,0.0
136.89159799999942,0.7666124564558985,0.07894736842105261,136.74394100000194,1.5097913104755494,0.0
137.1236709999993,0.7247264616670501,0.11687306501547982,137.02733700000192,1.4162601686443614,0.0
137.3384969999994,0.6920850674431913,0.16107671138630894,137.22803700000182,1.3238650762298674,0.0
137.6730029999995,0.6688617354467371,0.21525627794977642,137.47373700000185,1.2226113848188702,0.0
137.88396599999933,0.653746699839178,0.2646198830409357,137.7322320000019,1.1162328595414026,0.0
138.14155199999942,0.6445636444229805,0.29471964224286207,137.976792000002,1.0160435665248775,0.0
138.33037399999932,0.6395189927771197,0.3079635362917097,138.22834900000203,0.9309303386123015,0.0
138.5824899999993,0.6372696188807911,0.31277949776401787,138.48329400000196,0.8663573490907525,0.0
138.83055899999928,0.6370491549175281,0.313983488132095,138.71081800000192,0.8232683261206749,0.008513931888544877
139.1055299999993,0.6400403574251876,0.3079635362917097,138.97627400000198,0.7983131561393004,0.03637770897832814
139.38227599999925,0.6485748700061693,0.2826797385620915,139.22439500000206,0.78463821199072,0.053405572755417983
139.6022479999992,0.6642936250207687,0.2309081527347781,139.45760300000194,0.7744886433433029,0.07043343653250773
139.8387729999993,0.6877572949256222,0.16950464396284823,139.71155000000195,0.762805678358712,0.08126934984520125
140.10022999999921,0.7187445920833851,0.12151702786377709,139.95154200000178,0.7493832908083162,0.09520123839009288
140.3613009999992,0.7564169658034968,0.086687306501548,140.20844400000172,0.7358113557571084,0.1060371517027864
140.5641929999992,0.7992862085371915,0.03560371517027865,140.44584000000168,0.7240585656761541,0.1176470588235294
140.81127999999913,0.8455896004607967,0.0,140.6909610000017,0.7162583177940868,0.12461300309597521
141.0563719999991,0.8922528825774693,0.0,140.94767800000167,0.7130245485798565,0.13003095975232196
141.31466599999902,0.9348018882281124,0.0,141.18552800000165,0.713093371174999,0.13003095975232196
141.57563799999895,0.9679699914604011,0.0,141.46051600000158,0.713828100843833,0.1284829721362229
141.800626999999,0.9849710148157714,0.0,141.6904370000016,0.712179332505229,0.13003095975232196
142.05677399999917,0.9792460883993652,0.0,141.93046000000166,0.7058563934509012,0.13699690402476777
142.33609599999912,0.9501325339310361,0.0,142.21249100000168,0.6955549703626236,0.15505675954592366
142.60717499999913,0.9063115989852581,0.0,142.41932500000166,0.6836957401071121,0.17672858617131063
142.82411699999892,0.8617437652949951,0.0,142.66604800000172,0.6738991620482567,0.20321637426900582
143.03794999999894,0.8282653013340249,0.002321981424148633,142.92782500000163,0.670522112981384,0.21164430684554522
143.35908399999883,0.8122270668196363,0.015479876160990695,143.17165700000166,0.6769237261119769,0.19478844169246642
143.5614759999988,0.8140292398627991,0.014705882352941206,143.4197210000017,0.6964848021107348,0.15144478844169243
143.7995279999989,0.8299238914883101,0.0015479876160990611,143.66487900000166,0.7350861577555429,0.1060371517027864
144.03143099999895,0.8549376784773783,0.0,143.91953400000162,0.8059773335280012,0.027089783281733778
144.28299999999902,0.8851769916118052,0.0,144.15849700000166,0.9293345196554019,0.0
144.54192199999895,0.9194778969664785,0.0,144.4075670000017,1.1217348653769201,0.0
144.7749729999989,0.9580800552195867,0.0,144.6769150000017,1.3805825074003897,0.0
145.0180729999989,0.9997307525211958,0.0,144.89757400000173,1.6730043955928056,0.0
145.26995499999882,1.0403158703848976,0.0,145.15440300000165,1.9482565563319167,0.0
145.51698299999885,1.0728981308076526,0.0,145.39932500000168,2.1599340548953583,0.0
145.7623049999988,1.0905953161241495,0.0,145.64114700000167,2.281119099688028,0.0
146.02042399999883,1.0912355221333447,0.0,145.90322800000175,2.307851890697048,0.0
146.2612819999988,1.078726245198369,0.0,146.14915800000168,2.2528553518685692,0.0
146.51121999999864,1.0618292784101926,0.0,146.39512600000168,2.1378674366819506,0.0
146.77877199999858,1.0515537914915813,0.0,146.6279890000016,1.9871093457321138,0.0
147.00889999999845,1.0554844730473851,0.0,146.87560100000167,1.8214466584392843,0.0
147.2768569999984,1.073718590948896,0.0,147.13556400000164,1.656328118815011,0.0
147.49812499999848,1.099169769197318,0.0,147.3684460000016,1.5026115174244161,0.0
147.76311199999844,1.1210309823791014,0.0,147.63200200000168,1.3668764233127932,0.0
148.0036109999984,1.1295205291398884,0.0,147.88549400000164,1.2497272738885437,0.0
148.24907799999843,1.1195266028833495,0.0,148.12793600000168,1.1471928435891101,0.0
148.5073979999984,1.0912032712849644,0.0,148.36071900000164,1.0535913866144377,0.0
148.73826999999844,1.048401949257682,0.0,148.6162190000015,0.9651588820536505,0.0
149.0082639999985,0.9986856593184585,0.0,148.87909000000153,0.882503351128498,0.0
149.23567499999854,0.953672302761392,0.0,149.1301760000015,0.8098015334134322,0.02167182662538702
149.47615899999855,0.9314110492286285,0.0,149.3601520000016,0.7516378719598752,0.09210526315789476
149.73857499999858,0.955501865241213,0.0,149.6024670000016,0.7105306640122263,0.1323529411764706
149.98013199999858,1.0470791932638372,0.0,149.85957400000163,0.6868091571482045,0.17311661506707943
150.2561169999985,1.211553168169255,0.0,150.09947800000148,0.6786965446848703,0.19117647058823534
150.48853399999842,1.4296493539662312,0.0,150.33993100000146,0.6821838656865725,0.17913656690746474
150.71485599999826,1.6593985027648883,0.0,150.5928000000015,0.6911885887028717,0.16348469212246305
151.00999599999824,1.8496116173333945,0.0,150.84018200000142,0.6976431789265503,0.14938080495356035
151.2120779999982,1.9571854261372241,0.0,151.1126860000014,0.6942797599258161,0.15626074991400063
151.47837499999832,1.9624906585295445,0.0,151.33120100000127,0.6791636522649662,0.19117647058823534
151.7209179999983,1.8732906792135944,0.0,151.59393200000125,0.6573365626946146,0.25378396972824224
151.95334399999828,1.7197429595608964,0.0,151.83493100000138,0.6386317941081691,0.3103715170278638
152.2023979999983,1.5425920066056737,0.0,152.08992800000135,0.6347056010289953,0.31759545923632604
152.4607639999983,1.3766362350419976,0.0,152.34234700000135,0.6549959316999693,0.2573959408324733
152.70789999999838,1.2396287078209463,0.0,152.57034900000133,0.7021521123607535,0.14164086687306496
152.9594369999982,1.1345958292850495,0.0,152.8255500000013,0.7685529956431476,0.07585139318885449
153.2058759999982,1.0608443460616777,0.0,153.06287600000135,0.8373727079683737,0.0
153.45927399999823,1.0147256051099158,0.0,153.31504300000137,0.8882449405833355,0.0
153.71525699999825,0.9876406014088721,0.0,153.56589300000144,0.9060537958281362,0.0
153.95523399999806,0.9671430652610051,0.0,153.80141400000142,0.88782181846305,0.0
154.18021599999813,0.942762925154501,0.0,154.07387800000137,0.8432898453475715,0.0
154.44264299999816,0.9124276614869302,0.0,154.32196700000125,0.7900329170580276,0.04953560371517029
154.72515899999817,0.8797989802786281,0.0,154.54667900000138,0.7458716892427766,0.10294117647058819
154.93015599999822,0.8505253413566518,0.0,154.79777400000143,0.722375716871565,0.1176470588235294
155.21871299999802,0.8296923856253381,0.0015479876160990611,155.04207900000137,0.7230461444565501,0.1176470588235294
155.51013099999798,0.819812467450233,0.010061919504643939,155.28705300000152,0.7445617486124337,0.10294117647058819
155.683183999998,0.8198111764803775,0.010061919504643939,155.55199700000145,0.7813408976855326,0.056501547987616106
155.9167809999979,0.8261991232352762,0.0038699690402476945,155.78143600000152,0.8276089757251884,0.002321981424148633
156.18367399999795,0.8342659892601562,0.0,156.03629300000154,0.8769373429883573,0.0
156.41057699999797,0.8403115557527936,0.0,156.27466200000165,0.9210038780467953,0.0
156.670057999998,0.8421200096313771,0.0,156.52558600000165,0.9513905964974158,0.0
156.91963499999795,0.8378634799404552,0.0,156.8001550000016,0.964513172877088,0.0
157.16105299999805,0.8271953737204492,0.0030959752321981222,157.0270140000016,0.9637229471041457,0.0
157.40761699999803,0.8127929593452808,0.014705882352941206,157.27153400000168,0.9552060716259236,0.0
157.656520999998,0.8002172091249353,0.03560371517027865,157.53328600000162,0.9437921553421487,0.0
157.900556999998,0.7962403078475713,0.037925696594427204,157.80682700000156,0.931542744594509,0.0
158.14440099999786,0.8060383248272023,0.027089783281733778,158.02356600000164,0.9186468730186186,0.0
158.39093099999775,0.8317205045883095,0.0,158.26917500000167,0.9033798669138416,0.0
158.64238899999776,0.8717400258539293,0.0,158.50607000000167,0.8832440293581705,0.0
158.88688199999774,0.92191319501792,0.0,158.76374500000168,0.8563246469109947,0.0
159.15749799999782,0.9760545489568159,0.0,159.00222900000162,0.8222777174454842,0.00928792569659445
159.39148099999775,1.025827839563078,0.0,159.27310000000165,0.7841940600894579,0.05417956656346747
159.63851199999775,1.0608735471551742,0.0,159.50365200000152,0.7470540903654309,0.10061919504643964
159.88435699999772,1.0730903935674347,0.0,159.75410300000152,0.716463659532404,0.12461300309597521
160.13938699999773,1.0630704923372698,0.0,160.0221590000015,0.6970754427317363,0.14938080495356035
160.39534999999765,1.0389357381559994,0.0,160.2429200000016,0.6913876817276441,0.16348469212246305
160.6408789999976,1.010225325011867,0.0,160.4973680000016,0.6988690815995748,0.14705882352941171
160.8822449999976,0.983776545719749,0.0,160.76219800000166,0.7139086850084169,0.1284829721362229
161.14545499999758,0.9616943689611066,0.0,160.98328100000157,0.7253463952356143,0.11609907120743033
161.3628819999975,0.9420299176533661,0.0,161.29425100000148,0.7230439029590356,0.1176470588235294
161.61820599999746,0.9211798069915587,0.0,161.4772890000014,0.7050911012341545,0.13699690402476777
161.86873199999744,0.8965276765200635,0.0,161.73609600000148,0.6775377854354742,0.19358445132438945
162.11014499999743,0.8668493305364906,0.0,161.99063500000153,0.6501059289861557,0.27906776745786027
162.3801249999974,0.8324079353881487,0.0,162.23599300000143,0.6323220415355941,0.32120743034055727
162.60934799999734,0.7945842121437273,0.04102167182662541,162.46693200000135,0.6311449902364844,0.32602339181286544
162.8486629999973,0.7558347801516414,0.08746130030959749,162.7384750000015,0.6486802511946577,0.2826797385620915
163.10365999999726,0.7210161880117348,0.11919504643962846,162.96849400000144,0.6809742906935743,0.18274853801169594
163.35522699999726,0.6989447066289753,0.14705882352941171,163.22881700000138,0.717813340569194,0.12383900928792564
163.5960759999972,0.7000861373209284,0.14473684210526316,163.46042800000143,0.74633029933057,0.1021671826625387
163.85168199999723,0.7313791220327542,0.10758513931888546,163.70360100000136,0.7580035393619686,0.08591331269349843
164.0896209999973,0.7920335200714358,0.04411764705882353,163.95782400000127,0.7519528573076323,0.09210526315789476
164.3360429999973,0.8749401330576477,0.0,164.2303190000012,0.7335107384728845,0.1060371517027864
164.59116699999728,0.9695869981875771,0.0,164.47594100000134,0.7111470674998046,0.13157894736842102
164.8352279999973,1.0664089576649207,0.0,164.69348600000137,0.6928356460162293,0.15987272101823183
165.08406899999727,1.1591487719688784,0.0,164.95548500000143,0.6834119830541443,0.17672858617131063
165.33064899999724,1.2424964273611936,0.0,165.19294100000138,0.6842044709813592,0.17672858617131063
165.60566699999723,1.3094196090092902,0.0,165.43647300000134,0.69343724214759,0.15866873065015472
165.82940599999725,1.3530323126798205,0.0,165.69043100000138,0.7063029989098795,0.1362229102167182
166.07558299999738,1.372286698777235,0.0,165.98186500000142,0.7163401647944677,0.12461300309597521
166.32129699999737,1.3702129754817611,0.0,166.1875230000014,0.718329402109247,0.12229102167182658
166.56381699999747,1.3513604818210379,0.0,166.44323600000138,0.7105604655281665,0.1323529411764706
166.8492919999975,1.3294302383807828,0.0,166.6768050000014,0.6967238191438512,0.15144478844169243
167.0883759999975,1.3223606363008242,0.0,166.9261140000015,0.6841408385941687,0.17672858617131063
167.3172359999974,1.3422784615579486,0.0,167.17805300000154,0.6794306295648807,0.19117647058823534
167.5592619999974,1.3907372530142983,0.0,167.41367100000156,0.6850787619813845,0.17672858617131063
167.80332999999743,1.4591788031290671,0.0,167.68061100000148,0.6987849581551846,0.14705882352941171
168.0597329999974,1.5346685517187932,0.0,167.9042460000015,0.7148417193612757,0.12693498452012383
168.31524799999738,1.6024557116175087,0.0,168.15470500000154,0.7266871069093794,0.11222910216718264
168.54878499999734,1.6471251525902308,0.0,168.41985100000164,0.7307440617419831,0.10913312693498452
168.82228399999732,1.655826161807277,0.0,168.65720400000168,0.7279828681689267,0.11145510835913315
169.04878399999734,1.620849336549607,0.0,168.89980300000158,0.7228481582885635,0.1176470588235294
169.29826399999732,1.545127779044724,0.0,169.15005400000152,0.7205249624785413,0.11919504643962846
169.55114299999735,1.4450084300772967,0.0,169.4002320000015,0.7243252558352962,0.11687306501547982
169.80732199999727,1.34161257086481,0.0,169.66463300000154,0.7349720658977028,0.1060371517027864
170.0466289999975,1.2496807185399192,0.0,169.89116600000153,0.7506164095038231,0.09442724458204331
170.28561599999745,1.1732553171144733,0.0,170.1461420000015,0.7676453758389131,0.07739938080495355
170.55660799999748,1.112458600291387,0.0,170.39043100000148,0.7837987054828737,0.05417956656346747
170.82106699999744,1.0663065991533822,0.0,170.63845900000152,0.8020286155964417,0.03405572755417959
171.02860399999759,1.031676310312529,0.0,170.88949700000148,0.8291113321387018,0.0015479876160990611
171.28551299999768,1.0039686793181737,0.0,171.12480600000143,0.8714713463311299,0.0
171.54505899999756,0.9796646229766841,0.0,171.37882800000136,0.9308187972081511,0.0
171.77164499999748,0.9572144869252706,0.0,171.62476300000137,1.0021620268448685,0.0
172.04747999999742,0.9355004189157856,0.0,171.8723110000013,1.0753240898839311,0.0
172.2640709999973,0.913661564306168,0.0,172.15541900000133,1.1386833352963728,0.0
172.5145209999972,0.8921058218736438,0.0,172.36275400000136,1.181390492945492,0.0
172.78803499999728,0.8736074775512322,0.0,172.6134120000013,1.1965911697185476,0.0
173.01644599999733,0.8625054318038814,0.0,172.86076600000126,1.1836749696237214,0.0
173.27143799999737,0.8627548044787976,0.0,173.1177990000011,1.1470585967590181,0.0
173.49693099999746,0.8758985311869703,0.0,173.3561670000011,1.0938723342795302,0.0
173.74883999999756,0.9000372348254422,0.0,173.6066190000012,1.0306828577750087,0.0
174.02240299999752,0.9309616880474638,0.0,173.8556800000012,0.9626694231004203,0.0
174.24400099999758,0.96440483837072,0.0,174.11079000000126,0.8963410147830937,0.0
174.52141999999762,0.9952392822809268,0.0,174.34110100000126,0.842803609678822,0.0
174.7389829999977,1.0178035553584432,0.0,174.59609700000124,0.816800608974065,0.012383900928792572
174.9883189999977,1.0277775723096496,0.0,174.8386460000012,0.8314258000569226,0.0
175.25326699999766,1.0235097286676111,0.0,175.08659000000122,0.8890670593795824,0.0
175.48632099999767,1.006329092028987,0.0,175.36123100000125,0.9776212364485815,0.0
175.7307119999975,0.9811843677480739,0.0,175.57987700000135,1.0767881124561265,0.0
175.97988999999757,0.9545010266316647,0.0,175.82580400000134,1.1645354747425647,0.0
176.22822999999755,0.932218896162638,0.0,176.07532300000122,1.2211202183275254,0.0
176.48421199999754,0.9184216502299675,0.0,176.32429100000127,1.2323149956322919,0.0
176.7248719999975,0.9165374734769739,0.0,176.57724100000118,1.1947839421183293,0.0
176.96577099999746,0.9299282896699549,0.0,176.81676000000127,1.1174861158605216,0.0
177.21819599999753,0.9605454503235356,0.0,177.06717400000124,1.0189607728592334,0.0
177.4617459999976,1.0067236827665083,0.0,177.3135650000014,0.9205880134767259,0.0
177.72915599999752,1.061380715511103,0.0,177.56829000000138,0.839361024068698,0.0
177.97784799999752,1.1134355566624723,0.0,177.80786200000148,0.7842618558136875,0.05417956656346747
178.20768199999756,1.152661912736201,0.0,178.0654620000014,0.756273219317308,0.08746130030959749
178.47073199999755,1.1722031538994604,0.0,178.30546100000134,0.7512130775071726,0.09365325077399382
178.70765299999755,1.1686859222218564,0.0,178.56282800000133,0.7623794224614775,0.08204334365325074
178.95614199999753,1.1433712655359711,0.0,178.80352500000131,0.7822229770656802,0.056501547987616106
179.23002299999757,1.1028654594588327,0.0,179.04585500000135,0.8039025451202446,0.03173374613003096
179.45399099999756,1.0567872842554347,0.0,179.29140000000146,0.8229636804385532,0.008513931888544877
179.72057099999753,1.012617194445124,0.0,179.54501500000163,0.8376719191141988,0.0
179.94047299999758,0.9732391426505362,0.0,179.81262800000167,0.8467877216230731,0.0
180.1915959999975,0.9388125958716197,0.0,180.0333590000017,0.8469293195024409,0.0
180.44369699999743,0.9106095597998652,0.0,180.2844680000017,0.8343260590973809,0.0
180.68798599999744,0.8930943719611828,0.0,180.52995900000172,0.8069435548287499,0.025541795665634633
180.93749799999745,0.8922675252737894,0.0,180.77759800000175,0.7668578335694696,0.07894736842105261
181.17589099999745,0.9125469802629474,0.0,181.0251840000018,0.7193407211894904,0.12074303405572752
181.44296499999737,0.9521090617603348,0.0,181.2815350000017,0.6700690135264464,0.2140522875816993
181.67686099999747,1.0007553509907197,0.0,181.51938400000165,0.6237553461732954,0.36816305469556243
181.92548199999743,1.0436539586561315,0.0,181.77741400000167,0.5836452545116086,0.5258857929136567
182.19630399999727,1.067817509616202,0.0,182.02737500000165,0.5512982126299677,0.6836085311317509
182.41746099999725,1.067731785685525,0.0,182.2624340000017,0.5267088003541185,0.8052115583075335
182.6688869999972,1.0465021008451436,0.0,182.52069500000164,0.5091265324021513,0.8707430340557274
182.92420099999714,1.014284486057276,0.0,182.77322500000167,0.49797960038262223,0.9024767801857585
183.15740399999726,0.9837218422652076,0.0,183.01075200000173,0.49258531384102083,0.9202786377708977
183.4173909999972,0.9651544998457449,0.0,183.25176500000174,0.4923635165096659,0.9202786377708977
183.66335899999706,0.9635564662602244,0.0,183.49792600000166,0.49643736775715425,0.9086687306501547
183.91432699999703,0.9772173377787658,0.0,183.74828200000152,0.5035900306812424,0.8854489164086686
184.15931199999716,1.0005967165980203,0.0,183.99171600000142,0.5130368146055384,0.8537151702786376
184.4053009999972,1.0270992614128673,0.0,184.2467060000013,0.5247696234988617,0.8100275197798418
184.65415599999716,1.051829918080513,0.0,184.49272900000125,0.5398668972213513,0.7389920880632956
184.90621099999717,1.0731604306336302,0.0,184.73901500000125,0.5592240347635424,0.6318369453044376
185.14528299999705,1.0925595482479806,0.0,184.98295800000122,0.582143351852942,0.531905744754042
185.40573699999695,1.1127573472063397,0.0,185.25277300000118,0.6063476314215333,0.44040247678018574
185.63730799999692,1.1365755071472268,0.0,185.48223300000117,0.6293488481895333,0.33806329549363606
185.884711999997,1.1635039238911984,0.0,185.74133000000114,0.6486987899898472,0.2826797385620915
186.16618999999704,1.1866667054781401,0.0,185.97601300000107,0.6619230932331687,0.24294805641554873
186.38425699999692,1.1966872486971254,0.0,186.24600100000117,0.6669372072882893,0.2224802201582387
186.62921199999693,1.18877435241504,0.0,186.49564000000123,0.6635379033644493,0.23211214310285522
186.87854299999682,1.1631377921980928,0.0,186.72987300000128,0.6546232677916886,0.2610079119367045
187.1255709999968,1.1236442883609583,0.0,186.96031900000125,0.645058815358126,0.29471964224286207
187.37349899999677,1.0765547044833632,0.0,187.20838600000135,0.6388871328819322,0.30916752665978664
187.6322659999968,1.0291471787050244,0.0,187.4838770000013,0.6376177039263347,0.31277949776401787
187.86798099999686,0.9876573059754687,0.0,187.71264400000146,0.6398794901119587,0.3079635362917097
188.1251299999969,0.9554778458661846,0.0,187.9590800000015,0.6424459544419296,0.30314757481940147
188.36503699999687,0.9317240532844425,0.0,188.2182400000014,0.6425570780494605,0.3019435844513244
188.6494429999968,0.9113368541764583,0.0,188.4584750000015,0.6393433025622837,0.3079635362917097
188.88141599999688,0.8885694599871082,0.0,188.69928700000145,0.6337309009835742,0.3187994496044032
189.10249399999674,0.8613016160021703,0.0,188.94924500000144,0.6286693097712279,0.3404712762297902
189.3543759999968,0.8311984598675416,0.0,189.1973120000014,0.6279165517186326,0.34287925696594423
189.60837199999676,0.8017504063382205,0.03405572755417959,189.46638400000143,0.6348463979383794,0.31759545923632604
189.87332499999675,0.7758634303878742,0.0681114551083591,189.6906890000014,0.651009969199061,0.2742518059855521
190.10097399999674,0.754051098287003,0.08900928792569655,189.94554000000133,0.6740185517622977,0.20201238390092885
190.34684299999674,0.7354230912691685,0.1060371517027864,190.1766530000013,0.6969368949090853,0.15024079807361546
190.5911179999968,0.7188139634484553,0.12151702786377709,190.42303900000135,0.711214462564331,0.13157894736842102
190.84315899999686,0.7028938596799339,0.14086687306501547,190.69901800000133,0.7112763358299281,0.13080495356037153
191.09625299999675,0.6870742866179727,0.17311661506707943,190.9230020000013,0.6973373658555784,0.14938080495356035
191.33864999999662,0.6724030876608199,0.20682834537323702,191.2382900000013,0.6753150706192661,0.19599243206054354
191.58862799999667,0.6615045177940655,0.2441520467836257,191.47144400000138,0.6543861004471969,0.26221190230478164
191.8326739999966,0.6581061104504463,0.250171998624011,191.68630900000147,0.6439097931577215,0.2995356037151703
192.09769999999648,0.6649614125692052,0.2309081527347781,191.96887600000153,0.6513043991858668,0.2706398348813209
192.3245969999964,0.6809111391366811,0.18395252837977294,192.18144100000154,0.6799113593274525,0.18756449948400414
192.57424999999634,0.6996380731406108,0.14473684210526316,192.42563600000148,0.7263817578005654,0.1137770897832817
192.8270209999962,0.7141114356908171,0.12770897832817332,192.67141300000154,0.7827627435892633,0.056501547987616106
193.08214299999625,0.721766103541019,0.1176470588235294,192.9270120000016,0.8408153573661679,0.0
193.31367799999623,0.7249973531805015,0.11609907120743033,193.17890900000154,0.8936400830998277,0.0
193.56102299999625,0.7282249372765358,0.11068111455108358,193.40881500000157,0.9350773083417457,0.0
193.8121219999962,0.7366480554039323,0.10526315789473682,193.64619300000157,0.9582255407668044,0.0
194.05409999999628,0.7550304092309593,0.08746130030959749,193.89831200000154,0.9593850686700889,0.0
194.30551399999632,0.7835203131916542,0.055727554179566534,194.14134800000156,0.9410278710536256,0.0
194.55717399999634,0.8143262545940853,0.014705882352941206,194.3920830000016,0.9099088080771831,0.0
194.8020709999963,0.8335190376529653,0.0,194.6420970000016,0.874375669668233,0.0
195.04857299999625,0.8320890701876267,0.0,194.8776690000016,0.8411681220382605,0.0
195.29852999999628,0.8130659248434351,0.014705882352941206,195.19719200000162,0.8131707079376582,0.014705882352941206
195.54357299999623,0.7871603663583636,0.05185758513931884,195.38266100000163,0.7897187179312437,0.05108359133126935
195.80694599999615,0.7656953969242948,0.07894736842105261,195.66614100000166,0.7707447507481608,0.07275541795665637
196.05354599999617,0.7568136154355166,0.086687306501548,195.89757500000175,0.7601085203680183,0.08436532507739937
196.30001099999618,0.7643290897094593,0.07972136222910219,196.12200300000168,0.764566963430926,0.07972136222910219
196.53206299999624,0.7870466455196388,0.05185758513931884,196.3810990000017,0.7910018904267797,0.047213622291021655
196.79285499999622,0.8195106136830355,0.010061919504643939,196.65485600000167,0.844973633633728,0.0
197.05241799999618,0.8525638931466811,0.0,196.91291600000162,0.9294318768580581,0.0
197.28482099999619,0.8768829623084412,0.0,197.17031300000156,1.0411733582707812,0.0
197.54689399999597,0.8870600269135331,0.0,197.37465600000147,1.166876751870559,0.0
197.777335999996,0.882165110123508,0.0,197.60860500000152,1.282592756074302,0.0
198.03127499999601,0.8675104468162554,0.0,197.89524500000144,1.3629590892069512,0.0
198.27787099999605,0.8522095516680662,0.0,198.16922000000136,1.3944626478203366,0.0
198.51785799999607,0.8453921485994651,0.0,198.38598600000134,1.3787008539480199,0.0
198.7594579999961,0.8518556405430014,0.0,198.60116400000123,1.3269342728257718,0.0
199.0173819999962,0.8718455556319726,0.0,198.8431880000012,1.2528048926881512,0.0
199.26444699999618,0.9049031328930007,0.0,199.0943400000012,1.1677193422315357,0.0
199.51443199999605,0.9535177892241005,0.0,199.3962170000012,1.079484258744772,0.0
199.752326999996,1.022863609294514,0.0,199.58859900000118,0.9949366411269532,0.0
200.00493499999604,1.1141347963365333,0.0,199.83616400000122,0.9201284398120622,0.0
200.24973699999597,1.217632281634446,0.0,200.08499300000125,0.8591573968730939,0.0
200.52087499999598,1.3172907299386114,0.0,200.3702040000013,0.8127704031221868,0.014705882352941206
200.7672759999959,1.4110927460309373,0.0,200.58866400000124,0.7791725871863282,0.05959752321981423
200.99890099999575,1.5030364239934266,0.0,200.83125200000129,0.7557032501920828,0.08746130030959749
201.24723699999575,1.5815516266508514,0.0,201.10716200000138,0.7403505897070648,0.10371517027863776
201.49773199999575,1.6314919950307303,0.0,201.3135450000014,0.7332967827877245,0.10758513931888546
201.74883899999568,1.6514569962087258,0.0,201.58596200000142,0.7372120101054743,0.10526315789473682
201.9955779999957,1.6531753264042288,0.0,201.80512900000144,0.755703863072116,0.08746130030959749
202.23279499999558,1.6508195368312517,0.0,202.08320400000144,0.7905675364353565,0.04798761609907123
202.48115999999564,1.6574797533715873,0.0,202.3176490000014,0.8392969369961215,0.0
202.7316759999956,1.6855036734321556,0.0,202.55965300000142,0.8934361023122569,0.0
202.98065599999572,1.74703053840746,0.0,202.82797300000138,0.9402804426993407,0.0
203.2261609999959,1.8529599603374325,0.0,203.04463300000134,0.9677703093007908,0.0
203.47472899999582,2.0083064603884107,0.0,203.3065510000013,0.9696060086369815,0.0
203.71547499999588,2.1988989412631894,0.0,203.56900400000126,0.9462390338931014,0.0
203.9906119999959,2.37199189443487,0.0,203.79640600000116,0.9039797044365452,0.0
204.2530169999959,2.453176487281696,0.0,204.0389560000012,0.8530322775388502,0.0
204.47610199999588,2.405577308375622,0.0,204.29579200000111,0.8049131428703777,0.0301857585139319
204.71756899999573,2.2540377754371237,0.0,204.550786000001,0.7692915109052206,0.07585139318885449
204.9546139999959,2.051674792390355,0.0,204.808209000001,0.7522650974506839,0.09133126934984519
205.22568899999598,1.8506866008132834,0.0,205.057522000001,0.75590725392426,0.08746130030959749
205.44986899999594,1.6798401825453222,0.0,205.30681600000113,0.7786005007419583,0.0603715170278638
205.69886799999594,1.547781684508605,0.0,205.5493480000011,0.8147474237471402,0.014705882352941206
205.96533999999593,1.4542422468251819,0.0,205.78015700000103,0.8541940188315521,0.0
206.19879699999584,1.3961666642325805,0.0,206.040121000001,0.8837784658132309,0.0
206.44685599999585,1.370426965509086,0.0,206.294770000001,0.8937498078289104,0.0
206.71720699999585,1.3707001355004236,0.0,206.513952000001,0.8835025794354542,0.0
206.93525699999591,1.3836385289685558,0.0,206.75945500000103,0.8602469930515881,0.0
207.1863959999959,1.390299657254934,0.0,207.03444600000097,0.8337296012026629,0.0
207.4352259999959,1.3754919551450508,0.0,207.313452000001,0.812111720590827,0.015479876160990695
207.68572699999575,1.3356787225401618,0.0,207.590561000001,0.8018277998409081,0.03405572755417959
207.9263859999957,1.2766215114029769,0.0,207.808194000001,0.8064293572819567,0.025541795665634633
208.17829199999574,1.207276972807855,0.0,208.05741200000094,0.8263402373234703,0.0038699690402476945
208.44229799999582,1.134640283500748,0.0,208.26739000000092,0.8585392051818161,0.0
208.67274499999587,1.0631344685565471,0.0,208.49947400000084,0.8948425976329883,0.0
208.91825099999593,0.9968482995513244,0.0,208.75137600000073,0.9237190504251926,0.0
209.18115099999585,0.9410944712051765,0.0,208.9958010000008,0.933668804535975,0.0
209.4356169999958,0.9025960777380762,0.0,209.27078700000084,0.9184658336324425,0.0
209.66366499999575,0.8878899013056168,0.0,209.48438700000085,0.8799511926357394,0.0
209.9081469999957,0.9010217397073852,0.0,209.7387990000009,0.8273701446614621,0.0030959752321981222
210.16264799999567,0.9399910456491707,0.0,209.99523100000087,0.7722177715986625,0.0719814241486068
210.4155479999957,0.9952073762070355,0.0,210.25589400000086,0.722776810623289,0.1176470588235294
210.67152199999572,1.053341539162295,0.0,210.51071800000102,0.68274915141845,0.17793257653938763
210.90701699999562,1.1041441539645178,0.0,210.724222000001,0.6530135651299077,0.2682318541451668
211.14610199999566,1.1432383888284465,0.0,210.978802000001,0.633988578517743,0.31759545923632604
211.40094199999558,1.171321346077535,0.0,211.22527500000092,0.6269750010591612,0.35130718954248363
211.6624309999956,1.1913910202202893,0.0,211.460229000001,0.6336653183712,0.3187994496044032
211.89451099999548,1.207303303931773,0.0,211.71591400000088,0.653262809122863,0.2670278637770898
212.15483699999547,1.2245487102637098,0.0,211.97015900000088,0.6810683822806227,0.18154454764361883
212.3839649999954,1.249337115907311,0.0,212.215145000001,0.7089614093699954,0.13467492260061914
212.6380219999954,1.2860924435156171,0.0,212.469885000001,0.7293871481228993,0.109907120743034
212.90284299999536,1.3335312546030922,0.0,212.70144400000112,0.7386305311613578,0.10371517027863776
213.12844999999524,1.3822256921507823,0.0,212.9462290000011,0.7382045741373994,0.10371517027863776
213.37984299999525,1.4154547122500836,0.0,213.20334800000109,0.7334945329076,0.1060371517027864
213.62888999999527,1.417093830544886,0.0,213.4488480000011,0.731546462486471,0.10758513931888546
213.87274099999533,1.3837256419894401,0.0,213.7096910000011,0.7380837375553857,0.10371517027863776
214.1281859999954,1.3272189072992222,0.0,213.94249500000106,0.755223687035995,0.08746130030959749
214.38189199999545,1.2650018978667026,0.0,214.18247100000104,0.7811973761694461,0.057275541795665595
214.61622999999545,1.209860198016738,0.0,214.43194500000104,0.8092917823293755,0.023219814241486083
214.8638029999954,1.1652538381142075,0.0,214.693585000001,0.8298774076379541,0.0015479876160990611
215.1181459999953,1.1278496422920439,0.0,214.92688100000103,0.8351769110397321,0.0
215.35971599999522,1.09207178913897,0.0,215.17990300000096,0.8226040640308774,0.00928792569659445
215.60670299999515,1.0546136005851896,0.0,215.42341600000103,0.7943442113460246,0.0417956656346749
215.85569999999515,1.0162568920490735,0.0,215.67370700000097,0.7558287986822305,0.08746130030959749
216.12908999999513,0.9805105624943349,0.0,215.91686100000103,0.7134929171414676,0.13003095975232196
216.35306799999503,0.9528516042704142,0.0,216.16263800000092,0.6739017956956708,0.20321637426900582
216.60404999999488,0.9389826615358614,0.0,216.418574000001,0.6439946615543448,0.2995356037151703
216.84044599999487,0.9432566647360296,0.0,216.6625200000011,0.6314345510036093,0.3236154110767114
217.1096729999949,0.9665892616899212,0.0,216.92156800000103,0.6417123760545029,0.30314757481940147
217.3420549999949,1.0042627997478328,0.0,217.15205400000102,0.674324442793987,0.20080839353285174
217.58636899999485,1.044703632424485,0.0,217.4035240000011,0.7233029458114816,0.1176470588235294
217.8316329999948,1.072730564575395,0.0,217.6463680000011,0.779350543224415,0.05882352941176474
218.09491099999488,1.0761900871205405,0.0,217.8970330000011,0.831883903588882,0.0
218.34233799999475,1.0512300164326007,0.0,218.13792100000117,0.8735648427303677,0.0
218.58232999999476,1.0021221681634767,0.0,218.39530700000117,0.9040505740859116,0.0
218.8263209999947,0.9363854371082749,0.0,218.6418190000012,0.9286340999969833,0.0
219.11488699999458,0.861888052193114,0.0,218.8956830000013,0.9538011897463734,0.0
219.33949599999454,0.7866312522436493,0.05263157894736841,219.1287660000012,0.9831832964712187,0.0
219.5734529999944,0.7165280766275438,0.12461300309597521,219.37614000000104,1.0150937989865745,0.0
219.81226899999442,0.6542680485255551,0.2634158926728586,219.64922600000094,1.0420722714653583,0.0
220.0673919999945,0.6002553154781943,0.45966632266941865,219.880556000001,1.0555440226910826,0.0
220.31824999999455,0.5545973147788738,0.6571207430340558,220.12698800000095,1.0537928695313885,0.0
220.5973829999945,0.5188458585049265,0.8365153078775369,220.3635890000009,1.0418276350427769,0.0
220.81544799999455,0.4966332353873053,0.9063467492260061,220.616042000001,1.02609191628082,0.0
221.06023499999466,0.49310276314022106,0.9187306501547987,220.86135600000102,1.0097801321022408,0.0
221.31431499999454,0.5131009112871888,0.8537151702786376,221.10825800000106,0.9929406308873461,0.0
221.5488059999945,0.5598646661652279,0.6282249742002063,221.38019600000106,0.9734909333188817,0.0
221.80017099999458,0.6314088678748743,0.3248194014447885,221.60741200000103,0.9486209723505268,0.0
222.04373799999453,0.7212611428416797,0.11919504643962846,221.8548040000009,0.9156975623488166,0.0
222.29322899999454,0.8232446993863498,0.008513931888544877,222.09928600000094,0.8735458515638475,0.0
222.57970499999445,0.9322493910092929,0.0,222.34216500000105,0.8228118821930169,0.008513931888544877
222.79728899999444,1.042041176043157,0.0,222.63727300000104,0.7659418507475617,0.07894736842105261
223.04405899999435,1.1438842837375143,0.0,222.848087000001,0.7072565983103125,0.1354489164086687
223.2880189999943,1.2268167336980889,0.0,223.091127000001,0.6522964903542464,0.2682318541451668
223.54733599999432,1.278668697389261,0.0,223.35192000000092,0.6064468962491083,0.44040247678018574
223.79397399999434,1.2914706580717938,0.0,223.59258700000092,0.5733704516022236,0.5692294461644307
224.0239939999943,1.2650127361732677,0.0,223.8344200000009,0.5543330561648625,0.6583247334021327
224.28333499999428,1.2073404240330083,0.0,224.07440800000091,0.5488320060190377,0.6944444444444445
224.52088099999426,1.1322219789165482,0.0,224.33499800000084,0.5550995174921463,0.6511007911936705
224.76927399999434,1.0527582351127533,0.0,224.58722800000083,0.5697974285063805,0.5824733402132783
225.01887999999428,0.977531763954042,0.0,224.8243920000008,0.5882373435611257,0.5078259373925008
225.27323799999417,0.9124402344612601,0.0,225.07789500000064,0.6062654939094517,0.44040247678018574
225.5192229999942,0.8607400624273989,0.0,225.35960200000076,0.6214028331097995,0.38381492948056417
225.7553359999942,0.8245389060107501,0.0061919504643962444,225.5730720000007,0.6330139558300034,0.32120743034055727
226.03032199999416,0.8044202564738517,0.03173374613003096,225.8425970000008,0.6411680898983514,0.3079635362917097
226.25430299999425,0.7975217172905729,0.037151702786377715,226.0616400000008,0.6460694758632286,0.2911076711386309
226.50580999999423,0.7977051141127913,0.037151702786377715,226.3167890000008,0.6482451112574167,0.2838837289301686
226.74913799999428,0.7985613674451356,0.03637770897832814,226.5702970000009,0.6491573716127688,0.2814757481940144
227.0042689999943,0.7981811842801503,0.03637770897832814,226.81915400000088,0.6508779218209568,0.2766597867217062
227.24125999999436,0.7988006933645198,0.03560371517027865,227.04769000000084,0.6545128425440563,0.26221190230478164
227.49577399999427,0.8026581574045365,0.03328173374613002,227.29664900000094,0.6597383122945002,0.2477640178878569
227.7526639999941,0.8097326849915768,0.02167182662538702,227.54208900000094,0.6656915334614493,0.22850017199862402
227.98624499999408,0.8181229131636907,0.010061919504643939,227.81463700000091,0.6707381424128332,0.21164430684554522
228.26172799999398,0.8255379505575685,0.005417956656346755,228.048671000001,0.6727177082447686,0.20682834537323702
228.484294999994,0.8302965027616309,0.0007739938080495722,228.29295000000104,0.6698885941738169,0.2140522875816993
228.73620599999398,0.8318640840832205,0.0,228.534488000001,0.6615399379650533,0.2441520467836257
229.00357899999386,0.8310222780895131,0.0,228.781837000001,0.6492130389965768,0.2814757481940144
229.22566599999396,0.8304417310036152,0.0007739938080495722,229.05596700000115,0.6371845877098858,0.313983488132095
229.48302099999404,0.8336098662192211,0.0,229.29981200000108,0.6308066700756446,0.32843137254901955
229.73814099999402,0.8424963138728754,0.0,229.52829000000105,0.6347584593086412,0.31759545923632604
229.97515199999395,0.8561371481134714,0.0,229.77526000000105,0.6521571011081336,0.2682318541451668
230.22344999999405,0.8689418103917501,0.0,230.02384500000107,0.6841799075133358,0.17672858617131063
230.46343299999407,0.8708683256837108,0.0,230.26265200000105,0.731024455158199,0.10835913312693495
230.71201299999404,0.8523083898358009,0.0,230.51770400000106,0.7930014099408402,0.04256965944272447
230.96246899999406,0.8130959358894161,0.014705882352941206,230.76907900000106,0.8703306514029661,0.0
231.21490399999405,0.761843200652442,0.08281733746130031,231.01987000000096,0.962365987378265,0.0
231.47799299999386,0.7078690507851622,0.1354489164086687,231.257406000001,1.0660967040441067,0.0
231.70887299999393,0.6575163419849085,0.25378396972824224,231.50905400000093,1.1730613445703562,0.0
231.961950999994,0.6138097918530738,0.40669074647402825,231.7523750000009,1.2672069208227996,0.0
232.20484299999399,0.5780587290283102,0.5463536291709665,231.9984310000009,1.3270924673062277,0.0
232.45687799999388,0.5513906845622213,0.6836085311317509,232.26343200000093,1.3365364300393565,0.0
232.69673399999382,0.5355148081779548,0.7642758857929138,232.49528500000093,1.2959795245276973,0.0
232.95185699999377,0.53215505836888,0.7799277605779154,232.7451690000009,1.2202009214929566,0.0
233.19075599999366,0.5415311751427359,0.728156174750602,232.99168400000093,1.1270121633691181,0.0
233.43523799999357,0.5601106375322622,0.6270209838321293,233.25379300000102,1.029655859098888,0.0
233.69520999999355,0.5821925079724621,0.531905744754042,233.49562300000107,0.9361483086814311,0.0
233.93264199999356,0.6059491470896634,0.44040247678018574,233.73059000000106,0.8521368952460295,0.0
234.19376499999353,0.6353450936615367,0.3163914688682491,233.9750560000011,0.7826491315665435,0.056501547987616106
234.4418229999935,0.6773618586551533,0.19358445132438945,234.23054400000106,0.730502557036962,0.10913312693498452
234.68822499999337,0.7362759467207906,0.10526315789473682,234.47960200000114,0.6946332875376333,0.15505675954592366
234.92860699999338,0.8088984297565057,0.023993808049535572,234.7195920000011,0.6709215134849372,0.2104403164774681
235.17773799999338,0.8822550863363452,0.0,234.980407000001,0.654670078816,0.2598039215686274
235.43516199999328,0.938497547492398,0.0,235.21180000000095,0.6426607852386309,0.3019435844513244
235.67859699999337,0.9646376019942695,0.0,235.48434300000096,0.6327599969075427,0.32120743034055727
235.94286599999333,0.959334561244001,0.0,235.74833600000088,0.6230136516119822,0.3753869969040248
236.16781299999343,0.9322890075747268,0.0,235.95758800000075,0.6124300040041305,0.4127106983144134
236.41971099999333,0.8979219095719934,0.0,236.20433800000075,0.6027896507647065,0.45123839009287925
236.67770399999335,0.8690369778748331,0.0,236.45306800000068,0.5921926231905832,0.49578603371173036
236.9120589999933,0.8528485493651025,0.0,236.7249900000007,0.5784393429324609,0.5451496388028896
237.1696309999934,0.8503048023832178,0.0,236.95910200000068,0.5645324079423499,0.6077571379428964
237.4170119999934,0.8567115847190223,0.0,237.2081770000006,0.5527634594512427,0.6703646370829034
237.65202199999337,0.8642403945568188,0.0,237.44495800000044,0.54400852524361,0.724544203646371
237.89699399999344,0.8670777123672222,0.0,237.69376200000042,0.537099787437554,0.7546439628482974
238.1416399999934,0.8633859876675514,0.0,237.94118100000043,0.529130419841998,0.7919676642586859
238.3955519999934,0.85392891290419,0.0,238.1811690000003,0.5179224859237745,0.8389232886136911
238.63955599999332,0.8407991492621822,0.0,238.4347140000002,0.5039461090635183,0.8839009287925695
238.8855389999933,0.826399097081723,0.0030959752321981222,238.6947340000003,0.48942154762288836,0.9295665634674922
239.15439899999322,0.8131425119353384,0.014705882352941206,238.92710900000046,0.47628107799549607,0.9767801857585139
239.38603299999312,0.8035666353663297,0.03250773993808045,239.1819830000005,0.4652625537540508,0.9999999999999999
239.63037599999308,0.7993716268852797,0.03560371517027865,239.42945100000054,0.4554404006613322,0.9999999999999999
239.88436499999298,0.7999291823941307,0.03560371517027865,239.67108300000055,0.44492118079347237,0.9999999999999999
240.13643999999283,0.8034049888951097,0.03250773993808045,239.92699600000054,0.4317235006575477,0.9999999999999999
240.37789199999278,0.8077097876343021,0.025541795665634633,240.1617700000005,0.41518980922385956,0.9999999999999999
240.63288699999282,0.8085600740916215,0.023993808049535572,240.40986100000038,0.3975223778122977,0.9999999999999999
240.89544999999288,0.8037836144739329,0.03173374613003096,240.65963200000036,0.3842901546197769,0.9999999999999999
241.1138579999928,0.7985561569751263,0.03637770897832814,240.90409800000037,0.3832547217930049,0.9999999999999999
241.3659229999928,0.8017438493538941,0.03405572755417959,241.17262800000046,0.4003885504503387,0.9999999999999999
241.60981799999286,0.81838710043253,0.010061919504643939,241.39745600000043,0.43508885911650463,0.9999999999999999
241.87347499999296,0.8471398767167261,0.0,241.65245800000037,0.480949540407544,0.9628482972136222
242.1073829999929,0.881673893809038,0.0,241.92598200000035,0.5302502445977056,0.7847437220502238
242.3697859999929,0.9134938595195137,0.0,242.14375500000034,0.5759394979788073,0.5559855521155831
242.60989899999285,0.9361796276237253,0.0,242.39306700000037,0.6114902284244246,0.4139146886824905
242.85283999999277,0.9482625270432751,0.0,242.63661700000043,0.6311278997409147,0.3272273821809426
243.1061879999929,0.9529975822587031,0.0,242.8815500000005,0.6315827354068255,0.3236154110767114
243.3594939999929,0.955354875539541,0.0,243.1329470000005,0.6138009021635799,0.40669074647402825
243.61284199999287,0.9586797503567516,0.0,243.37952800000053,0.5844717271179747,0.5210698314413486
243.8447049999928,0.963179727133205,0.0,243.6297110000006,0.5533238237318172,0.6679566563467493
244.09419099999275,0.9674931382815415,0.0,243.8712670000006,0.5279238268496583,0.7979876160990714
244.3401539999927,0.971832519093859,0.0,244.12051200000064,0.5105641588194635,0.8645510835913311
244.5877129999927,0.9794671560773933,0.0,244.38212700000065,0.4991041318429308,0.8993808049535603
244.82818699999277,0.9941135881292165,0.0,244.62197500000065,0.4902594479842205,0.926470588235294
245.07762199999274,1.0171776883944532,0.0,244.8643510000006,0.48232207474284144,0.9535603715170278
245.32761999999283,1.0472701457704774,0.0,245.1108970000005,0.47531363428872836,0.9837461300309597
245.58457199999276,1.0797850844044088,0.0,245.35543700000048,0.4694812645001951,0.9999999999999999
245.8205049999927,1.1076990964371278,0.0,245.6424770000003,0.4642192534602246,0.9999999999999999
246.0751429999927,1.1233160295917897,0.0,245.85293800000036,0.45785662361642165,0.9999999999999999
246.32305999999264,1.122237671198247,0.0,246.09634300000045,0.4486705095587594,0.9999999999999999
246.5714669999926,1.1067146361031899,0.0,246.35033900000042,0.43649824481426597,0.9999999999999999
246.8221289999926,1.0851832245424877,0.0,246.59264300000035,0.4227775823226719,0.9999999999999999
247.1135769999926,1.0676387786780728,0.0,246.84587900000034,0.4098312603481217,0.9999999999999999
247.31257499999245,1.0604618750260772,0.0,247.08840300000043,0.3994444935562144,0.9999999999999999
247.5630099999924,1.0644741772578274,0.0,247.33724900000038,0.39275852989885907,0.9999999999999999
247.82450499999243,1.0786380025317746,0.0,247.58234500000032,0.39006932146295337,0.9999999999999999
248.05707699999246,1.0955184413002466,0.0,247.83232600000025,0.3905203278576691,0.9999999999999999
248.30501399999238,1.1092828456336339,0.0,248.08486000000028,0.3929931773898956,0.9999999999999999
248.55856399999232,1.1157204432124737,0.0,248.34036900000027,0.39708300551216286,0.9999999999999999
248.78753099999236,1.1101844789137627,0.0,248.60404500000016,0.4029612263438829,0.9999999999999999
249.04997599999217,1.089694727759847,0.0,248.86309800000018,0.4106260127040938,0.9999999999999999
249.2859399999922,1.0546194079031543,0.0,249.09230000000017,0.4189738784148216,0.9999999999999999
249.53640599999216,1.0087391684056304,0.0,249.33394800000002,0.4262465713530046,0.9999999999999999
249.78398599999218,0.9578176504592028,0.0,249.579789,0.43144516189175675,0.9999999999999999
250.03795699999225,0.9074382469672072,0.0,249.82052400000018,0.43519537766322214,0.9999999999999999
250.2823389999922,0.8618281583064661,0.0,250.05717200000024,0.4383413760741686,0.9999999999999999
250.52947199999227,0.8237068163561896,0.006965944272445817,250.31000100000023,0.4409556778782324,0.9999999999999999
250.77448399999219,0.7945756670347468,0.04102167182662541,250.55918300000016,0.4425854728433774,0.9999999999999999
251.02085499999222,0.7748906829874013,0.06965944272445816,250.82298600000018,0.4430489078519473,0.9999999999999999
251.29432399999223,0.7642977262987151,0.07972136222910219,251.0509390000002,0.44278878906196417,0.9999999999999999
251.52054299999224,0.7614708101488475,0.08281733746130031,251.31012000000018,0.4423514403828974,0.9999999999999999
251.76891199999224,0.7635603399163429,0.07972136222910219,251.5466460000001,0.44205236174400175,0.9999999999999999
252.01335299999226,0.7652014707463335,0.07972136222910219,251.80006100000017,0.44213230007363286,0.9999999999999999
252.2581699999923,0.7595752270987427,0.08436532507739937,252.06596900000017,0.4424854665214456,0.9999999999999999
252.51416099999219,0.7418383731615239,0.10294117647058819,252.28549100000012,0.44223909816842255,0.9999999999999999
252.75335999999214,0.7128740171383324,0.13003095975232196,252.53191900000004,0.43969672517882313,0.9999999999999999
253.00732399999214,0.6776320432336425,0.19358445132438945,252.7770130000001,0.43211049616868635,0.9999999999999999
253.2772979999921,0.6400157691288002,0.3079635362917097,253.03354300000007,0.41716234380827716,0.9999999999999999
253.4982979999921,0.6021166202689578,0.45364637082903336,253.282622,0.3957723460976829,0.9999999999999999
253.75569599999204,0.5643235991196377,0.6077571379428964,253.53021099999992,0.372094678572858,0.9999999999999999
254.0012019999921,0.5273706723500025,0.8003955968352253,253.7765869999999,0.3512119453401858,0.9999999999999999
254.242593999992,0.49339521919252166,0.9187306501547987,254.01500199999978,0.3363899428392859,0.9999999999999999
254.50616899999204,0.4672186610912319,0.9999999999999999,254.26266799999985,0.32709716338743594,0.9999999999999999
254.753574999992,0.4547406157444676,0.9999999999999999,254.51263599999984,0.3203733398222591,0.9999999999999999
254.98421799999196,0.4592435180682145,0.9999999999999999,254.76522599999984,0.314194681610452,0.9999999999999999
255.23318099999204,0.4781063595678488,0.9736842105263157,255.01563799999997,0.3094730241434855,0.9999999999999999
255.48510499999202,0.5029569107623445,0.8869969040247677,255.32497899999998,0.309532160360794,0.9999999999999999
255.73795699999192,0.5234569196269583,0.8172514619883041,255.52235599999995,0.31785410998507846,0.9999999999999999
255.9840319999919,0.5320615393643783,0.7799277605779154,255.77313699999988,0.337005289126035,0.9999999999999999
256.2535709999919,0.526169160211312,0.8052115583075335,256.0047709999999,0.36799608041003956,0.9999999999999999
256.4849869999919,0.5082658807982423,0.8746130030959752,256.24853899999977,0.40904256630349645,0.9999999999999999
256.72646599999194,0.4850296645029425,0.9458204334365324,256.52900799999975,0.4548855930587703,0.9999999999999999
256.9643529999919,0.4646861305659042,0.9999999999999999,256.7455689999999,0.49823193270603006,0.901702786377709
257.2193579999919,0.45407218013207407,0.9999999999999999,256.9870879999998,0.5324008551013625,0.7799277605779154
257.45982699999195,0.45680582614911047,0.9999999999999999,257.23638899999963,0.5528076916826105,0.6691606467148263
257.7189719999919,0.472804832362024,0.9938080495356036,257.4838909999996,0.5581894694222923,0.6378568971448229
257.95689799999195,0.4989608819435499,0.9001547987616099,257.73742899999957,0.5507264255866979,0.6848125214998281
258.20494999999187,0.5298872091551057,0.7847437220502238,257.98742799999957,0.5356203875612633,0.7630718954248366
258.45986399999185,0.5601567073717828,0.6270209838321293,258.23332899999957,0.5188351773825728,0.8365153078775369
258.7093189999918,0.5858620715164099,0.5198658410732714,258.47896799999955,0.5044281987898235,0.8831269349845201
258.9437709999917,0.6050138753517521,0.44281045751633985,258.71838099999957,0.4946158053054316,0.914860681114551
259.1968519999918,0.6164004722329437,0.40067079463364297,258.96529499999957,0.48935598274011544,0.9295665634674922
259.4616829999918,0.6185551220275319,0.39224286205710357,259.21325899999965,0.49133496881111005,0.9218266253869969
259.7108739999919,0.6097881666610914,0.424750601995184,259.46157599999964,0.5056841567598107,0.8792569659442724
259.94491699999185,0.5894575116636607,0.5030099759201926,259.7275099999997,0.5397637491049414,0.7401960784313726
260.1876179999917,0.5590866848636943,0.6330409356725146,259.9580189999997,0.6001754732590994,0.46207430340557276
260.43727499999164,0.5227627224054915,0.8184554523563812,260.21600499999977,0.6892335707984668,0.16830065359477123
260.6848409999917,0.48595371270595383,0.9419504643962847,260.45933399999984,0.8007806186955142,0.03482972136222908
260.94371099999165,0.45417752495494634,0.9999999999999999,260.69530799999984,0.9197387759691869,0.0
261.18321999999176,0.4323381461336035,0.9999999999999999,260.94282799999974,1.0264149219473329,0.0
261.43123399999183,0.42260225713309396,0.9999999999999999,261.20091999999977,1.1035952348711267,0.0
261.6750999999918,0.4228427505881846,0.9999999999999999,261.4447819999998,1.1430018989507846,0.0
261.92418499999184,0.42907028198585717,0.9999999999999999,261.6887759999997,1.1466155615616114,0.0
262.1850689999917,0.4387412364969296,0.9999999999999999,261.9468539999996,1.123059132034291,0.0
262.4160589999916,0.4508394056597558,0.9999999999999999,262.1846839999995,1.08273414033006,0.0
262.6615899999917,0.46466837676832384,0.9999999999999999,262.4297949999996,1.032708707750632,0.0
262.9260389999915,0.47945164001604623,0.9690402476780186,262.6867549999998,0.9734622698630374,0.0
263.16203599999153,0.49433333704640153,0.9164086687306501,262.9310159999997,0.9052942127905329,0.0
263.4070189999914,0.5083079590890672,0.8746130030959752,263.1959239999996,0.8329347514812087,0.0
263.6550469999914,0.5198508288093946,0.8304953560371517,263.4264309999998,0.7656674534659842,0.07894736842105261
263.90742799999157,0.5279854963536194,0.7979876160990714,263.6728509999997,0.7144246758189869,0.12770897832817332
264.17261499999154,0.5339476693761376,0.7727038183694532,263.92522899999966,0.6891371909282148,0.16830065359477123
264.4019449999915,0.5394278496632614,0.7414000687994495,264.18517799999967,0.6968146312832487,0.15144478844169243
264.64603599999145,0.543286017323348,0.724544203646371,264.41589899999974,0.7395924221607441,0.10371517027863776
264.8974179999914,0.5408734806868183,0.7305641554867561,264.6683299999997,0.8103183865593847,0.02089783281733745
265.14048799999154,0.5269807916736543,0.8015995872033024,264.91084899999987,0.8888632003166115,0.0
265.3954429999917,0.5004949384040888,0.8955108359133126,265.17792899999984,0.9488289583017212,0.0
265.63288399999163,0.46539501631469965,0.9999999999999999,265.42273199999994,0.9741607960809184,0.0
265.8985399999918,0.42760276043827306,0.9999999999999999,265.65218799999997,0.9652797669676128,0.0
266.15850499999164,0.39198528840597985,0.9999999999999999,265.89915799999994,0.9324191139275546,0.0
266.3833429999916,0.36156058368466976,0.9999999999999999,266.15729000000005,0.8879253609716935,0.0
266.64900399999175,0.33848216997118186,0.9999999999999999,266.389058,0.8417866284112824,0.0
266.8808739999919,0.32515127391159765,0.9999999999999999,266.6416109999999,0.8006994029246566,0.03482972136222908
267.12087399999183,0.3251582491701726,0.9999999999999999,266.8882299999999,0.7690152176417663,0.07585139318885449
267.3663689999917,0.3428704953976413,0.9999999999999999,267.132486,0.749476250112954,0.09520123839009288
267.6218389999919,0.38152242250484847,0.9999999999999999,267.41831699999994,0.7419177926686834,0.10294117647058819
267.86630699999216,0.44007953379440223,0.9999999999999999,267.675775,0.7421821710732481,0.10294117647058819
268.11515899999233,0.5101457834718699,0.8660990712074302,267.889789,0.7431777965905001,0.10294117647058819
268.3607529999923,0.575553943710083,0.5571895424836601,268.12733799999995,0.7378233525061956,0.10371517027863776
268.6283209999923,0.6177006498021065,0.39585483316133474,268.3773399999998,0.7223506047283574,0.1176470588235294
268.8511299999923,0.6253031599437482,0.36093911248710003,268.6566889999997,0.697656678099713,0.14938080495356035
269.1062349999923,0.6006022218422926,0.45725834193326453,268.87059599999975,0.6678276488927285,0.21766425868593053
269.3553499999925,0.5559968863755136,0.6450808393532851,269.1166889999997,0.637405299223377,0.31277949776401787
269.60674699999254,0.5060638662098011,0.8784829721362228,269.3690189999996,0.6089596001422246,0.4307705538355693
269.8646289999923,0.4625096160752793,0.9999999999999999,269.6089399999996,0.5822492118216505,0.531905744754042
270.09268599999234,0.43275250410856103,0.9999999999999999,269.8627819999997,0.5556022199033921,0.6474888200894393
270.35473699999244,0.41963743612009785,0.9999999999999999,270.1037909999996,0.5279391941474529,0.7979876160990714
270.5970339999924,0.4219510162449773,0.9999999999999999,270.35696199999967,0.49917642314965627,0.8993808049535603
270.8361539999924,0.43587868372154537,0.9999999999999999,270.6068529999997,0.47000391227115046,0.9999999999999999
271.09415099999245,0.45640109576383625,0.9999999999999999,270.85321299999936,0.4414981234013192,0.9999999999999999
271.3344739999926,0.4791173655547933,0.9690402476780186,271.1067689999992,0.4148981514414846,0.9999999999999999
271.5780549999924,0.5021646224955079,0.8893188854489164,271.35105599999906,0.39166163204244453,0.9999999999999999
271.82850399999245,0.526534685170963,0.8052115583075335,271.589910999999,0.37273502964082106,0.9999999999999999
272.07689899999235,0.5558919011553902,0.6462848297213623,271.8510199999989,0.35779013076263017,0.9999999999999999
272.3300829999923,0.5937678464497891,0.48735810113519096,272.0836179999987,0.345381689488502,0.9999999999999999
272.58198099999254,0.6394306739653186,0.3079635362917097,272.32857199999864,0.3334794812898439,0.9999999999999999
272.8228339999925,0.6863828742663837,0.17432060543515654,272.6002099999989,0.3205729780090875,0.9999999999999999
273.07845499999263,0.7236499185486305,0.1176470588235294,272.8321269999993,0.3064110693374875,0.9999999999999999
273.31345099999254,0.7401372035526904,0.10371517027863776,273.07608399999936,0.2924186978866786,0.9999999999999999
273.5745269999925,0.7293100873012217,0.109907120743034,273.31948099999966,0.2812645450542759,0.9999999999999999
273.8239049999925,0.6917657346058438,0.16228070175438594,273.5886779999996,0.275709637099357,0.9999999999999999
274.06874499999253,0.6347833941768393,0.31759545923632604,273.8276839999996,0.27730584978928835,0.9999999999999999
274.3443579999924,0.5694582672492571,0.5848813209494323,274.0660999999993,0.28461897740072883,0.9999999999999999
274.5578589999925,0.5065250020363319,0.8761609907120742,274.31330399999916,0.2930050690995513,0.9999999999999999
274.8012669999926,0.45447709439790895,0.9999999999999999,274.5651399999992,0.29680451639334793,0.9999999999999999
275.04333999999255,0.4189940634621994,0.9999999999999999,274.80564399999923,0.2928528738103493,0.9999999999999999
275.29431999999247,0.40263588820895646,0.9999999999999999,275.084154999999,0.28168484530980825,0.9999999999999999
275.55482799999254,0.4047263058512943,0.9999999999999999,275.2985749999991,0.26602646541393477,0.9999999999999999
275.7912149999928,0.42162418947175306,0.9999999999999999,275.561482999999,0.24918019488364926,0.9999999999999999
276.0402409999928,0.4474595985782755,0.9999999999999999,275.7963959999988,0.23441697702992545,0.9999999999999999
276.287107999993,0.4752480794038898,0.9837461300309597,276.04032599999874,0.2250740767639879,0.9999999999999999
276.53258599999305,0.4977691866150182,0.9024767801857585,276.2978699999984,0.22423810563591534,0.9999999999999999
276.78520399999286,0.508965570061255,0.871517027863777,276.53549899999825,0.23377282035529234,0.9999999999999999
277.0296389999928,0.5054724517123259,0.8808049535603715,276.7999879999985,0.25339996431426715,0.9999999999999999
277.29065199999286,0.4883590251870425,0.9334365325077398,277.0578909999986,0.28004424318155047,0.9999999999999999
277.5356279999931,0.46315908520196003,0.9999999999999999,277.27788499999843,0.3080913916066354,0.9999999999999999
277.7744789999928,0.4371651896437599,0.9999999999999999,277.5266039999983,0.33112630925522024,0.9999999999999999
278.0161009999929,0.4165875696072975,0.9999999999999999,277.7730279999982,0.344195999089328,0.9999999999999999
278.26767699999283,0.4050555165725315,0.9999999999999999,278.0277949999981,0.34525833437339937,0.9999999999999999
278.5224909999928,0.40397590206228334,0.9999999999999999,278.271751999998,0.3350834143779641,0.9999999999999999
278.7630049999928,0.4127165227669227,0.9999999999999999,278.5312619999979,0.3167606447262403,0.9999999999999999
279.03160399999297,0.42909835759666715,0.9999999999999999,278.76625899999783,0.2951029961507453,0.9999999999999999
279.25655399999306,0.4494955148385467,0.9999999999999999,279.01875599999784,0.2753597145669333,0.9999999999999999
279.507601999993,0.4684432423554524,0.9999999999999999,279.26561399999804,0.26169680947543367,0.9999999999999999
279.7884459999931,0.4797559018680381,0.9674922600619194,279.53089899999804,0.256694032914284,0.9999999999999999
280.0003459999931,0.4786592135646748,0.9713622291021671,279.7584869999979,0.2613907356609237,0.9999999999999999
280.2435379999931,0.4640660994877429,0.9999999999999999,280.0064979999978,0.27551253268675474,0.9999999999999999
280.5003209999933,0.43884280445219565,0.9999999999999999,280.2489099999976,0.2974603609618521,0.9999999999999999
280.7588579999932,0.4086103668759752,0.9999999999999999,280.51678999999746,0.3255198565158697,0.9999999999999999
280.9974349999932,0.3800762086724001,0.9999999999999999,280.74724999999745,0.3579265751815969,0.9999999999999999
281.24092199999296,0.3593064091282188,0.9999999999999999,281.01100399999734,0.39289369925307865,0.9999999999999999
281.48833199999297,0.35124064770634567,0.9999999999999999,281.2398739999972,0.4278028284792043,0.9999999999999999
281.73624899999317,0.35881267859407545,0.9999999999999999,281.5113019999972,0.46042797648028155,0.9999999999999999
281.9834469999932,0.3817808435420039,0.9999999999999999,281.7553079999971,0.48946270281721005,0.9295665634674922
282.2337919999933,0.41543787972981644,0.9999999999999999,281.99334699999713,0.5141559463746024,0.8521671826625387
282.48978399999316,0.45091586702158337,0.9999999999999999,282.25617099999704,0.5329632843312703,0.7775197798417613
282.7337719999934,0.47837286758321124,0.9729102167182662,282.479059999997,0.5437567256532412,0.724544203646371
282.9742919999933,0.49160390907939877,0.9210526315789473,282.74452699999694,0.5450608449284864,0.7173202614379085
283.22785899999315,0.48992889342915974,0.9272445820433436,282.9795119999967,0.5362553492383606,0.7570519435844514
283.47216399999303,0.47656492489900926,0.9767801857585139,283.24331699999686,0.5192220885299152,0.83531131750946
283.71773099999274,0.45599073414766705,0.9999999999999999,283.4758619999971,0.49736151087606506,0.9040247678018576
283.96962699999267,0.4322609834662779,0.9999999999999999,283.7232639999972,0.4741302038199534,0.9891640866873064
284.21626699999274,0.4085028404703128,0.9999999999999999,283.9657929999971,0.45216714375489625,0.9999999999999999
284.4706089999928,0.3872195617213234,0.9999999999999999,284.22337799999696,0.43358483154190774,0.9999999999999999
284.7045789999929,0.37039179008733336,0.9999999999999999,284.45524599999686,0.42032809346438166,0.9999999999999999
284.95122299999286,0.35930009370464644,0.9999999999999999,284.70480899999677,0.4140330806860934,0.9999999999999999
285.21972999999286,0.3542820192036526,0.9999999999999999,284.9542799999967,0.4159543582416083,0.9999999999999999
285.448643999993,0.3548593615264328,0.9999999999999999,285.2092619999967,0.4263471727669395,0.9999999999999999
285.69712199999293,0.35971682868287846,0.9999999999999999,285.4506139999967,0.44303673122059756,0.9999999999999999
285.949121999993,0.3669757800767915,0.9999999999999999,285.7017619999968,0.4621805640944782,0.9999999999999999
286.20910599999326,0.3751199412510333,0.9999999999999999,285.96044899999697,0.4813008280491913,0.9597523219814241
286.44600299999325,0.38269950766958916,0.9999999999999999,286.1967909999972,0.4998499786371827,0.8978328173374612
286.6845749999932,0.38777848316189634,0.9999999999999999,286.4524059999973,0.5164064929463632,0.8461472308221536
286.93713399999336,0.38859290019425374,0.9999999999999999,286.69274399999733,0.5279300860717673,0.7979876160990714
287.19502499999345,0.38495263625411846,0.9999999999999999,286.93881399999725,0.5318495231687902,0.7811317509459926
287.42898099999337,0.3780649708053856,0.9999999999999999,287.1998349999974,0.5291760628627789,0.7919676642586859
287.6863929999936,0.3698794985821357,0.9999999999999999,287.4321289999974,0.5241011831135932,0.812435500515996
287.92301599999365,0.3625217781637983,0.9999999999999999,287.6806969999972,0.5218763141725967,0.8220674234606123
288.1789099999935,0.3579317203493442,0.9999999999999999,287.93775299999726,0.5254393024088826,0.8088235294117647
288.43297399999346,0.358180207853377,0.9999999999999999,288.17465999999683,0.532797091765144,0.7775197798417613
288.6723239999935,0.36548155359032625,0.9999999999999999,288.4232399999968,0.5377601418978883,0.7450120399036808
288.92040599999365,0.3812101097338625,0.9999999999999999,288.67366899999666,0.5352804820802646,0.7666838665290677
289.17180899999363,0.4053570033000526,0.9999999999999999,288.9161949999966,0.524096668823809,0.812435500515996
289.41229399999366,0.43560999562646546,0.9999999999999999,289.1671779999964,0.5057419777014338,0.8792569659442724
289.68589499999354,0.46763621060940835,0.9999999999999999,289.40521699999647,0.48329828843925327,0.9512383900928792
289.9158479999938,0.49628788802704293,0.9086687306501547,289.6620839999966,0.46123281915558795,0.9999999999999999
290.15583999999376,0.5168638282176669,0.8425352597179223,289.90373999999656,0.44451114442813994,0.9999999999999999
290.4048269999938,0.5254579988090049,0.8076195390436878,290.15887599999655,0.4376786996833289,0.9999999999999999
290.65031299999396,0.5207950126542131,0.8244754041967666,290.42680399999676,0.4436563138931974,0.9999999999999999
290.9062949999938,0.5052754158185551,0.8808049535603715,290.64482399999673,0.4623776936799857,0.9999999999999999
291.14317799999384,0.4834097793873674,0.9512383900928792,290.90166399999674,0.48975227615510225,0.9287925696594426
291.39475299999384,0.45965420144260527,0.9999999999999999,291.1447049999968,0.5187745366144588,0.8365153078775369
291.6576449999939,0.4374468237640322,0.9999999999999999,291.39627399999677,0.5424722936260572,0.7257481940144479
291.8931339999939,0.4198071133106911,0.9999999999999999,291.6393929999967,0.5566257739058348,0.6450808393532851
292.1381269999938,0.4103486917948824,0.9999999999999999,291.9032989999967,0.5624349899373033,0.6125730994152048
292.385590999994,0.4136106833593801,0.9999999999999999,292.1313469999968,0.5665525180689897,0.6005331957344342
292.6455539999941,0.4334443880152338,0.9999999999999999,292.38665399999667,0.5779379773456788,0.5475576195390437
292.89909699999396,0.4691964757094579,0.9999999999999999,292.6297519999967,0.6027135601079816,0.45123839009287925
293.13221499999395,0.5155678412554847,0.8473512211902305,292.8772549999965,0.6408495538324257,0.3079635362917097
293.38715099999393,0.5655008430752324,0.6029411764705883,293.1265879999965,0.6863625971575866,0.17432060543515654
293.62714299999374,0.6128281684533434,0.4115067079463365,293.36779999999646,0.7299268314867182,0.109907120743034
293.87665299999355,0.6528250379385937,0.2682318541451668,293.6214029999963,0.761550107659784,0.08281733746130031
294.1240369999937,0.683198015132138,0.17672858617131063,293.86532899999617,0.7749143535361673,0.06965944272445816
294.3746789999938,0.7047056217499756,0.13777089783281735,294.1236419999962,0.7693064161915503,0.07585139318885449
294.6156949999939,0.7206869838526684,0.11919504643962846,294.37102499999605,0.7486650909021926,0.09752321981424143
294.8774409999938,0.7355689687623642,0.1060371517027864,294.61145899999616,0.7196911119966132,0.12074303405572752
295.10810099999384,0.7529817849354548,0.09055727554179561,294.88638499999615,0.6891947815633945,0.16830065359477123
295.3655119999938,0.7726011901582702,0.0719814241486068,295.1233439999962,0.6624121694923393,0.2393360853113175
295.61142299999386,0.7886893663065196,0.05108359133126935,295.3513639999963,0.6422045626428681,0.30314757481940147
295.86300099999386,0.7932373835255033,0.0417956656346749,295.60134299999623,0.6286384482149643,0.3404712762297902
296.1080229999939,0.7803624352576471,0.05804953560371517,295.8506479999961,0.6204998225343547,0.38742690058479534
296.35657999999387,0.7492999947845668,0.09520123839009288,296.0896799999958,0.6169517715215244,0.39826281389748885
296.60054399999376,0.7043273095202353,0.13854489164086684,296.3416159999958,0.6183062038067265,0.3934468524251805
296.8479859999938,0.6539620514727448,0.2646198830409357,296.59707899999586,0.6249288419765603,0.36334709322325426
297.0889679999939,0.6095610139334298,0.4271585827313381,296.8530389999958,0.6351380339116848,0.3163914688682491
297.37655999999413,0.5829213023084017,0.5282937736498108,297.09395699999584,0.6446344220722082,0.29471964224286207
297.58732599999405,0.5822844136277716,0.530701754385965,297.33099599999593,0.6496002705261471,0.2802717578259374
297.8408609999939,0.608751756158256,0.43197454420364634,297.58248899999603,0.6508922477350289,0.2766597867217062
298.08729899999383,0.6559333645509997,0.2561919504643963,297.8218569999963,0.6537863213982944,0.2646198830409357
298.33250599999377,0.7134836408858997,0.13003095975232196,298.0792099999963,0.6653030401854501,0.22850017199862402
298.5799179999935,0.7706574293143355,0.07352941176470586,298.32727999999605,0.6918162267805983,0.16107671138630894
298.82889899999356,0.8181849143044948,0.010061919504643939,298.5705299999961,0.7378446085513181,0.10371517027863776
299.0712679999934,0.8502600392649219,0.0,298.84406999999635,0.8044666879696526,0.03173374613003096
299.3443519999934,0.8657234339877911,0.0,299.06156499999645,0.8864527887231983,0.0
299.5628579999933,0.8692271813735587,0.0,299.3156289999966,0.9687500590081933,0.0
299.8148059999933,0.8675926540739223,0.0,299.56362399999654,1.0285681561392068,0.0
300.06171899999356,0.8636475422838624,0.0,299.8121199999967,1.0492226007377943,0.0
300.3123479999936,0.8539891842154366,0.0,300.0470709999969,1.0297231414383599,0.0
300.5791549999936,0.8333153410535452,0.0,300.3034859999969,0.9792757229150282,0.0
300.81236199999364,0.7996058507030044,0.03560371517027865,300.5570769999968,0.9092804134514816,0.0
301.0616929999935,0.7550697208805122,0.08746130030959749,300.80177799999666,0.829537806131697,0.0015479876160990611
301.3026659999936,0.7041411718915419,0.13854489164086684,301.04751399999634,0.7478335034943858,0.09907120743034058
301.5516569999938,0.6520587046083015,0.2682318541451668,301.3084629999964,0.6698814516088945,0.2140522875816993
301.80071699999394,0.6034900199871429,0.4500343997248022,301.53809499999625,0.5999991087930395,0.4632782937736498
302.05021699999395,0.5607907083236215,0.6210010319917441,301.7888309999961,0.5405813884952779,0.7317681458548331
302.297610999994,0.5237838243050077,0.813639490884073,302.04828799999603,0.4918937974825665,0.9210526315789473
302.5461739999941,0.4907067420387914,0.9241486068111454,302.2831899999958,0.4532610000000493,0.9999999999999999
302.79115299999427,0.4598493357622133,0.9999999999999999,302.54804699999585,0.42542106821177283,0.9999999999999999
303.0416759999944,0.43019767975487494,0.9999999999999999,302.7831759999959,0.41093175417003514,0.9999999999999999
303.30171499999443,0.40118067977466887,0.9999999999999999,303.02105899999594,0.41312205157335297,0.9999999999999999
303.53059299999444,0.37265683050732734,0.9999999999999999,303.282037999996,0.43411145664200285,0.9999999999999999
303.8049429999945,0.3450302466072549,0.9999999999999999,303.5215269999961,0.4733626746585915,0.991486068111455
304.0255599999945,0.3201437525079131,0.9999999999999999,303.7694509999961,0.5284701814609607,0.7943756449948401
304.27516399999456,0.301173954981668,0.9999999999999999,304.01620399999626,0.596000099129469,0.47652218782249744
304.52810899999446,0.291882279949186,0.9999999999999999,304.26068399999593,0.672409859633375,0.20682834537323702
304.7684449999944,0.29498971540925684,0.9999999999999999,304.51618099999604,0.7542181000581845,0.08900928792569655
305.01943699999464,0.3107341968844268,0.9999999999999999,304.76113799999604,0.8368244618624394,0.0
305.27248399999485,0.3362142661822156,0.9999999999999999,305.0090759999961,0.9130905406930399,0.0
305.5164869999951,0.36589873709211246,0.9999999999999999,305.2561189999962,0.9739277693810094,0.0
305.7729899999952,0.39365545664315676,0.9999999999999999,305.5181039999962,1.0112258817097703,0.0
306.0164449999954,0.41537564451753,0.9999999999999999,305.7721329999965,1.021292894870934,0.0
306.25596299999546,0.43066513549137475,0.9999999999999999,306.0061609999964,1.006347787423811,0.0
306.50936899999533,0.4414163148517393,0.9999999999999999,306.26550399999627,0.9722777664648271,0.0
306.7499879999952,0.449705436270462,0.9999999999999999,306.50478899999615,0.9258744235379599,0.0
307.0179049999951,0.45733666321064603,0.9999999999999999,306.73633899999635,0.8744218984131542,0.0
307.2540199999952,0.4654864031872018,0.9999999999999999,306.99155399999637,0.8260157832790134,0.004643962848297183
307.4902949999952,0.4751032382332151,0.9852941176470587,307.23206499999645,0.7873001913220711,0.05185758513931884
307.74337699999506,0.4876526751937308,0.936532507739938,307.4850919999966,0.7598019145363959,0.08436532507739937
308.0018619999952,0.505130888154006,0.8808049535603715,307.73115699999664,0.7418409463535574,0.10294117647058819
308.2667169999951,0.528628895167544,0.7943756449948401,307.97247699999673,0.7325420238695245,0.10758513931888546
308.48832999999524,0.5565451544372524,0.6450808393532851,308.2295529999967,0.7335700178241759,0.1060371517027864
308.73382599999525,0.5842419260099523,0.5222738218094256,308.4771379999968,0.7467882245869906,0.10139318885448913
308.97882199999543,0.6047911086953405,0.44281045751633985,308.71883499999643,0.7706294248905732,0.07352941176470586
309.2262339999956,0.6119470358118055,0.4139146886824905,308.96347699999643,0.7986403289653428,0.03637770897832814
309.47430599999586,0.6038666671868478,0.44883040935672514,309.2234159999963,0.8228226845687329,0.008513931888544877
309.7282749999955,0.5835879138570677,0.5258857929136567,309.4593689999961,0.8378267096231509,0.0
309.9686449999954,0.5565942390943399,0.6450808393532851,309.708873999996,0.8422606824575928,0.0
310.21931999999555,0.5283083351248998,0.7943756449948401,309.96283299999607,0.8373098578873037,0.0
310.46664799999564,0.5028815776534232,0.8869969040247677,310.2277839999959,0.8237771685874538,0.006965944272445817
310.72064299999556,0.4824455586474197,0.9535603715170278,310.4491649999958,0.8004994981576101,0.03560371517027865
310.96871099999555,0.46695950643227435,0.9999999999999999,310.7058049999957,0.7652502785409769,0.07972136222910219
311.2111199999954,0.45492630830250175,0.9999999999999999,310.9557489999957,0.7174794542585864,0.12383900928792564
311.49166799999557,0.4438691609280713,0.9999999999999999,311.1976059999957,0.6598007042149093,0.2477640178878569
311.70359599999546,0.4311722002734746,0.9999999999999999,311.4371449999955,0.5977774781939498,0.4717062263501892
311.95951499999535,0.41534823809837174,0.9999999999999999,311.69020799999544,0.5378118591285997,0.7450120399036808
312.1975729999953,0.39732787406609926,0.9999999999999999,311.9329959999954,0.485506111504815,0.9450464396284829
312.44949899999546,0.38075629362239255,0.9999999999999999,312.1812039999954,0.4440172706452685,0.9999999999999999
312.6949869999954,0.36991750820688696,0.9999999999999999,312.4320919999953,0.41410718930856105,0.9999999999999999
312.93996799999553,0.36717207920803757,0.9999999999999999,312.68077599999543,0.3953661414137588,0.9999999999999999
313.1928899999956,0.37228865261206157,0.9999999999999999,312.92475499999557,0.3875490633823685,0.9999999999999999
313.4503449999956,0.3830569427784992,0.9999999999999999,313.17276399999565,0.3900969608305851,0.9999999999999999
313.6878619999955,0.3957969044926579,0.9999999999999999,313.42470799999575,0.4013003803320207,0.9999999999999999
313.9449339999953,0.4071192216948255,0.9999999999999999,313.6746479999956,0.4180897432628268,0.9999999999999999
314.18141699999546,0.41402147467478484,0.9999999999999999,313.9111189999958,0.4362309854484654,0.9999999999999999
314.42451099999556,0.4151635154860921,0.9999999999999999,314.1610969999957,0.45106952772063297,0.9999999999999999
314.6877579999957,0.4117735913169698,0.9999999999999999,314.40766599999574,0.4587078453127838,0.9999999999999999
314.9258199999959,0.40721673854371915,0.9999999999999999,314.65796199999596,0.45746830293018803,0.9999999999999999
315.1808039999961,0.4044522359833327,0.9999999999999999,314.92490999999603,0.4483361566358619,0.9999999999999999
315.41872799999624,0.40501332558595954,0.9999999999999999,315.1503519999962,0.43415533646453014,0.9999999999999999
315.6733379999963,0.40972529022206483,0.9999999999999999,315.4030379999963,0.41845353062873125,0.9999999999999999
315.9283029999962,0.4192236959513775,0.9999999999999999,315.63996699999626,0.4042251993849855,0.9999999999999999
316.16679899999633,0.43373355085590454,0.9999999999999999,315.8973639999961,0.3933738925841675,0.9999999999999999
316.4167689999964,0.4527119310393858,0.9999999999999999,316.13843099999605,0.38681599563944363,0.9999999999999999
316.66532999999646,0.47508743475237264,0.9852941176470587,316.400410999996,0.3850201423987904,0.9999999999999999
316.90608999999654,0.4994864373475128,0.8986068111455108,316.64346399999613,0.3879438479732224,0.9999999999999999
317.15609299999676,0.524411331450383,0.812435500515996,316.8823999999961,0.39519600231476404,0.9999999999999999
317.401210999997,0.5491233276523724,0.6932404540763675,317.13396899999606,0.40607482757044044,0.9999999999999999
317.64719699999705,0.573756965297253,0.5692294461644307,317.378969999996,0.41954624379245975,0.9999999999999999
317.9067369999971,0.5984974031106289,0.46448228414172676,317.6294239999961,0.43373684734494783,0.9999999999999999
318.14458499999716,0.6219587487051809,0.38140694874441006,317.8933939999962,0.4456454743896709,0.9999999999999999
318.3895549999973,0.6408012994503056,0.3079635362917097,318.12238199999604,0.4526156066615361,0.9999999999999999
318.65113599999734,0.6510443867480169,0.2742518059855521,318.378500999996,0.45342796870779095,0.9999999999999999
318.8919679999973,0.6515524139835192,0.2706398348813209,318.6165669999959,0.44811696976374704,0.9999999999999999
319.13551399999733,0.6466156751019173,0.2886996904024768,318.8665349999959,0.4374703198068153,0.9999999999999999
319.38859299999746,0.6441773602442697,0.2983316133470932,319.110877999996,0.4226911665472444,0.9999999999999999
319.6275519999976,0.651409984755506,0.2706398348813209,319.3668699999961,0.40506711054915306,0.9999999999999999
319.88305999999767,0.6708317774851051,0.21164430684554522,319.60688799999605,0.38562438541906524,0.9999999999999999
320.1304789999981,0.6990034923235837,0.14705882352941171,319.859320999996,0.36547258701951996,0.9999999999999999
320.40390199999797,0.7284596009201324,0.109907120743034,320.108480999996,0.34651705072303596,0.9999999999999999
320.62854999999786,0.75111380003201,0.09442724458204331,320.3529689999958,0.3315240096069778,0.9999999999999999
320.8670939999979,0.761251442643768,0.08281733746130031,320.5988969999959,0.3235791252369582,0.9999999999999999
321.1164299999981,0.7576652235776611,0.08591331269349843,320.8393559999958,0.32521016960337323,0.9999999999999999
321.37349699999805,0.7442638082681543,0.10294117647058819,321.0983779999957,0.3374652276878199,0.9999999999999999
321.6334849999982,0.7267206142182829,0.11222910216718264,321.34084699999596,0.35895661069135154,0.9999999999999999
321.8684739999982,0.708279538735396,0.1354489164086687,321.5883919999955,0.38530726541280674,0.9999999999999999
322.1129349999981,0.6883020713803718,0.16950464396284823,321.84883999999556,0.4102121093107095,0.9999999999999999
322.36839399999826,0.66488071773197,0.2309081527347781,322.0831959999956,0.4278614080888343,0.9999999999999999
322.5998869999984,0.6376599185112064,0.31277949776401787,322.33315799999576,0.43530483012324084,0.9999999999999999
322.86794599999854,0.6090093087184094,0.4307705538355693,322.5788319999958,0.4339131604725108,0.9999999999999999
323.09625199999863,0.5834116133160175,0.5282937736498108,322.828007999996,0.4282232456647893,0.9999999999999999
323.3471899999984,0.5661017584971281,0.6005331957344342,323.0825579999959,0.423563166665788,0.9999999999999999
323.61117499999847,0.5615645247462793,0.6149810801513588,323.32653299999606,0.42507337667046624,0.9999999999999999
323.8431609999985,0.5722230288670889,0.5728414172686619,323.56992299999604,0.43656826461789344,0.9999999999999999
324.1027979999985,0.5966085868960154,0.47411420708634333,323.8205919999961,0.45913428430238645,0.9999999999999999
324.3361389999985,0.6273100642862022,0.3488992088063296,324.077324999996,0.4900616031349775,0.926470588235294
324.59712599999864,0.6518228190797754,0.26943584451324387,324.3094269999958,0.5239047005894878,0.812435500515996
324.8335589999986,0.6592017431989814,0.2489680082559339,324.56443299999574,0.5550416343633765,0.6511007911936705
325.0886829999986,0.6482134586443816,0.2838837289301686,324.80036499999585,0.5786413901908448,0.5439456484348126
325.33017199999875,0.6263031781473555,0.35491916064671486,325.0506599999959,0.5916610247264398,0.4969900240798074
325.5770829999987,0.6031969894317535,0.45123839009287925,325.3181829999959,0.5930070214713475,0.49097007223942213
325.822713999999,0.5860767326539472,0.5198658410732714,325.5745599999959,0.5834278505012512,0.5270897832817338
326.0680419999989,0.5791794612986088,0.5403336773305814,325.792547999996,0.564902019936985,0.6065531475748194
326.32615199999873,0.5846755817093552,0.5198658410732714,326.0437989999961,0.5404090861921247,0.7353801169590644
326.5781269999988,0.6027815331043436,0.45123839009287925,326.295251999996,0.5137369141132824,0.8537151702786376
326.82295999999894,0.6323037454148497,0.32120743034055727,326.5375539999959,0.4882761351522518,0.9334365325077398
327.066534999999,0.669870973957168,0.2140522875816993,326.7826779999959,0.46641342837408006,0.9999999999999999
327.3096059999992,0.7087011058031449,0.13467492260061914,327.03817099999594,0.4489681051835274,0.9999999999999999
327.5569969999994,0.7386784762201224,0.10371517027863776,327.27315199999595,0.4367638508044206,0.9999999999999999
327.80891899999955,0.7488593198384758,0.09674922600619194,327.53325999999595,0.4313484622577097,0.9999999999999999
328.04855699999945,0.7326423987903998,0.10758513931888546,327.79238299999594,0.4344562141320626,0.9999999999999999
328.3093929999993,0.6920211634279959,0.16107671138630894,328.02790899999604,0.44621109763979727,0.9999999999999999
328.5514529999995,0.6361885846743249,0.315187478500172,328.26243399999584,0.4635755195756493,0.9999999999999999
328.8033939999997,0.5764872293869329,0.5559855521155831,328.51883199999577,0.4816870156172659,0.9574303405572755
329.04245000000003,0.5222254505362512,0.8208634330925354,328.78172199999585,0.49638564225391346,0.9086687306501547
329.29384399999986,0.4787522016086597,0.9705882352941176,329.0102669999957,0.5068890944016332,0.8761609907120742
329.5379589999999,0.44890572702708054,0.9999999999999999,329.25621399999596,0.5154466307192331,0.8473512211902305
329.7969070000001,0.4342395387575939,0.9999999999999999,329.50182199999585,0.5252324480920063,0.8088235294117647
330.04649800000016,0.4355280196208608,0.9999999999999999,329.7551249999959,0.5386209478237352,0.7438080495356038
330.29352200000034,0.4521764056926938,0.9999999999999999,330.0057359999958,0.556015922542375,0.6450808393532851
330.53185800000057,0.48058264402869566,0.9628482972136222,330.2440689999959,0.5758235601921935,0.5559855521155831
330.78525200000075,0.5135467056221676,0.8537151702786376,330.492200999996,0.5946702673281777,0.4837461300309597
331.02922100000075,0.5426977841636406,0.7257481940144479,330.766256999996,0.6089261613311555,0.4307705538355693
331.2878880000008,0.5617419886193654,0.6137770897832817,330.9896149999962,0.6164619033411741,0.3994668042655658
331.528311000001,0.5678726129804406,0.5933092535259717,331.2455569999962,0.6172524159304432,0.39826281389748885
331.793243000001,0.5617335197507598,0.6137770897832817,331.48827799999617,0.6129875167405241,0.4115067079463365
332.02274500000095,0.5462988219862875,0.7113003095975232,331.7410609999961,0.6048150182668781,0.44281045751633985
332.26373600000085,0.5259276991161935,0.8064155486756105,331.99676699999634,0.5935562399291979,0.488562091503268
332.5177390000009,0.5052541961450704,0.8808049535603715,332.2310629999964,0.5804934530198539,0.5379256965944271
332.7582240000008,0.4879559855124489,0.9349845201238389,332.47022799999615,0.5675648965211513,0.595717234262126
333.0070770000008,0.4758206274969874,0.979876160990712,332.71959399999616,0.5565702677876361,0.6450808393532851
333.2530600000008,0.46789997751972834,0.9999999999999999,332.967649999996,0.5480361307385028,0.6992604059167528
333.5016180000006,0.4610142256756019,0.9999999999999999,333.24706999999603,0.5409803818028341,0.7305641554867561
333.74818900000054,0.45214386506184795,0.9999999999999999,333.4643299999959,0.5325916170913525,0.7775197798417613
333.9941620000006,0.4413614050184188,0.9999999999999999,333.71634499999584,0.5197587498669272,0.8316993464052287
334.25029600000084,0.43269178779982065,0.9999999999999999,333.9742699999958,0.5016584330299259,0.8900928792569658
334.489015000001,0.4322860929126578,0.9999999999999999,334.2192469999957,0.48024261875750107,0.9643962848297213
334.7486730000009,0.44546176602448817,0.9999999999999999,334.45665299999575,0.4585398245782699,0.9999999999999999
334.98620400000084,0.4747763895678495,0.9868421052631577,334.7098689999958,0.4391230273674897,0.9999999999999999
335.24779700000124,0.5185648054749348,0.8377192982456142,334.96237299999575,0.42324692747121884,0.9999999999999999
335.48735100000135,0.5706810085122037,0.5788613691090472,335.19995199999585,0.4108512651274543,0.9999999999999999
335.72785800000156,0.624611389876814,0.36455108359133126,335.45235599999586,0.40091219837806447,0.9999999999999999
335.9766720000019,0.6771376940812164,0.19358445132438945,335.69734499999583,0.39197656852530094,0.9999999999999999
336.226177000002,0.7297606522096236,0.109907120743034,335.94279299999585,0.383059278395808,0.9999999999999999
336.47181500000204,0.78654579904599,0.05263157894736841,336.18696099999596,0.37403162634548864,0.9999999999999999
336.72215300000204,0.8505900125446646,0.0,336.4599829999958,0.3648167152444476,0.9999999999999999
336.97075500000216,0.9188267431546241,0.0,336.6850969999957,0.3551315513165526,0.9999999999999999
337.2187940000024,0.978283251206604,0.0,336.9371309999957,0.344688455553532,0.9999999999999999
337.46211400000243,1.0096008396054192,0.0,337.2098929999955,0.3334105817049442,0.9999999999999999
337.71660500000246,0.9984677045976227,0.0,337.43152799999564,0.32202775886079815,0.9999999999999999
337.9625710000027,0.9455477048457472,0.0,337.7098169999955,0.311979329866924,0.9999999999999999
338.20866200000273,0.8647348215474504,0.0,337.92204299999554,0.30440683587107786,0.9999999999999999
338.4596100000027,0.774450205599853,0.07043343653250773,338.1826819999954,0.29991267796379706,0.9999999999999999
338.7110310000027,0.689482109570152,0.16830065359477123,338.4210569999949,0.298621198996667,0.9999999999999999
338.9695230000027,0.6172428526735497,0.39826281389748885,338.67054899999505,0.3000445694314496,0.9999999999999999
339.20294600000307,0.5589561494114083,0.6342449260405918,338.93152399999514,0.30317867813222077,0.9999999999999999
339.44844500000306,0.5131501134794066,0.8537151702786376,339.1733959999951,0.30676881086978636,0.9999999999999999
339.694586000003,0.4786620853064736,0.9713622291021671,339.4132929999949,0.30966333614288916,0.9999999999999999
339.95648800000293,0.45486099159989046,0.9999999999999999,339.6886069999949,0.31129882412509413,0.9999999999999999
340.1895580000031,0.4409724620470888,0.9999999999999999,339.9365129999949,0.3119664574612745,0.9999999999999999
340.4369780000032,0.43592118222363896,0.9999999999999999,340.15164399999486,0.31252313907882345,0.9999999999999999
340.6835480000032,0.43832685948672473,0.9999999999999999,340.41449599999487,0.3139120923606637,0.9999999999999999
340.93145800000326,0.4467807372150815,0.9999999999999999,340.6529789999947,0.3166662111125328,0.9999999999999999
341.18350400000344,0.45996428867915246,0.9999999999999999,340.90772099999486,0.3209255685524696,0.9999999999999999
341.4262720000035,0.4771572451355859,0.9752321981424148,341.14071199999495,0.3265179025573215,0.9999999999999999
341.68192800000355,0.4984167005756009,0.901702786377709,341.38860599999487,0.33425802335607807,0.9999999999999999
341.92691300000354,0.5244557200022457,0.812435500515996,341.6416399999949,0.34672469827914737,0.9999999999999999
342.16980000000365,0.5555277099967586,0.6474888200894393,341.88323399999484,0.3667830576184459,0.9999999999999999
342.4197830000034,0.5908688420340031,0.4993980048159615,342.1475549999949,0.39533022556940245,0.9999999999999999
342.6673330000034,0.6281436024450539,0.34287925696594423,342.38849499999486,0.42861022148203193,0.9999999999999999
342.91283500000367,0.6638014350102601,0.23211214310285522,342.63016199999475,0.45791030102319263,0.9999999999999999
343.16332900000367,0.6942935993475157,0.15626074991400063,342.8784729999949,0.47412619585268667,0.9891640866873064
343.407797000004,0.717835500373262,0.12383900928792564,343.12345999999525,0.4745406110166337,0.9876160990712073
343.6533000000041,0.7351306866021476,0.1060371517027864,343.38344699999516,0.4631562889364962,0.9999999999999999
343.9072930000043,0.7485652315341778,0.09752321981424143,343.67843299999555,0.44588001141055833,0.9999999999999999
344.15942800000465,0.7606814986440155,0.08281733746130031,343.8757299999955,0.4273284317502942,0.9999999999999999
344.40878200000475,0.7725603788958626,0.0719814241486068,344.13761299999555,0.4096742181959957,0.9999999999999999
344.64570600000474,0.7829509762664468,0.055727554179566534,344.36726499999537,0.3930829644582168,0.9999999999999999
344.8982480000046,0.7889838468371927,0.05108359133126935,344.6561339999953,0.37642841264333315,0.9999999999999999
345.1480710000044,0.7895677369350902,0.05108359133126935,344.85909399999514,0.3587200825465626,0.9999999999999999
345.39806700000446,0.7884859669390317,0.05108359133126935,345.1024849999954,0.3400955424421148,0.9999999999999999
345.6506010000043,0.7922275633364595,0.04411764705882353,345.39355599999544,0.32164763408218877,0.9999999999999999
345.8855720000045,0.8062513648808087,0.025541795665634633,345.6179059999955,0.304836863950069,0.9999999999999999
346.1441730000045,0.8331313232392101,0.0,345.8604749999956,0.2911872483868065,0.9999999999999999
346.38459100000443,0.871162621775911,0.0,346.19975299999555,0.2819472158555055,0.9999999999999999
346.64022600000453,0.9144730767556839,0.0,346.37522399999557,0.27761465529395557,0.9999999999999999
346.8759790000047,0.9549068309677552,0.0,346.58829099999554,0.2780943295821775,0.9999999999999999
347.12391900000483,0.9850512755303199,0.0,346.83688599999533,0.2832853586562438,0.9999999999999999
347.3791660000047,1.0030002573368981,0.0,347.0882639999954,0.29340606547338016,0.9999999999999999
347.61813300000466,1.012016970225771,0.0,347.3492439999953,0.3082774972293386,0.9999999999999999
347.86811800000476,1.015129150569272,0.0,347.5811389999952,0.32630345603682354,0.9999999999999999
348.12056100000484,1.0119725139631015,0.0,347.82162699999543,0.34454015724629855,0.9999999999999999
348.3614270000051,0.9999634135888501,0.0,348.0836999999953,0.36046056179501135,0.9999999999999999
348.6154860000049,0.9769791449415264,0.0,348.3273779999952,0.372839246761067,0.9999999999999999
348.86742000000487,0.9458410202114568,0.0,348.61396799999505,0.38152751217846737,0.9999999999999999
349.1063830000049,0.9156187053968416,0.0,348.81841599999495,0.38773780293613425,0.9999999999999999
349.3570240000046,0.8956021612874253,0.0,349.06767499999506,0.3936597709949202,0.9999999999999999
349.59900000000476,0.8880639348241548,0.0,349.311175999995,0.40122827249694715,0.9999999999999999
349.853768000005,0.8884855397205988,0.0,349.589230999995,0.41087823484239844,0.9999999999999999
350.0959050000052,0.89061056539802,0.0,349.8088379999949,0.4207605852527612,0.9999999999999999
350.3578300000054,0.8888221973344768,0.0,350.06392099999493,0.42844890464894614,0.9999999999999999
350.5889460000054,0.8792561114261641,0.0,350.303859999995,0.4343664095331574,0.9999999999999999
350.8408800000057,0.8594095558562926,0.0,350.576898999995,0.4430199101658085,0.9999999999999999
351.1148710000059,0.8284833896541749,0.002321981424148633,350.7917359999952,0.46039744066065313,0.9999999999999999
351.35035900000616,0.7876476902013527,0.05108359133126935,351.0517169999954,0.49073649730254915,0.9241486068111454
351.5828930000062,0.7405163357633816,0.10294117647058819,351.3110159999954,0.5339532790997676,0.7727038183694532
351.83287800000636,0.692801988616599,0.15987272101823183,351.53337199999544,0.5840604020268255,0.5234778121775026
352.0777470000064,0.6515932938630979,0.2706398348813209,351.80836699999537,0.6288463317571564,0.33926728586171306
352.32922400000655,0.6236501928675702,0.36816305469556243,352.06141899999545,0.653611882287408,0.2658238734090127
352.57630400000653,0.6133827029410975,0.4078947368421052,352.29230399999574,0.6495159347698892,0.2802717578259374
352.8205900000064,0.621652639902867,0.382610939112487,352.5537849999957,0.6191925833584859,0.3910388716890264
353.07313900000645,0.644904475699537,0.29471964224286207,352.77135899999547,0.5736435173427908,0.5692294461644307
353.3192670000065,0.6747101100522,0.19840041279669762,353.0500659999955,0.5245523379420991,0.8112315101479189
353.56522400000676,0.7002234558163045,0.14473684210526316,353.2680859999955,0.4796984027840087,0.968266253869969
353.81053100000685,0.7118721584013088,0.13003095975232196,353.53738799999553,0.4425000701134745,0.9999999999999999
354.0641010000069,0.705155993772987,0.13699690402476777,353.7784719999955,0.41335870597347457,0.9999999999999999
354.32406200000696,0.6817881407120383,0.18154454764361883,354.0147509999954,0.39105099001830756,0.9999999999999999
354.55403900000715,0.6479703268575993,0.2838837289301686,354.2683379999954,0.3740881586651857,0.9999999999999999
354.8036920000072,0.6105030059187277,0.4187306501547987,354.5207669999954,0.36089732911424305,0.9999999999999999
355.0471330000073,0.5739715405867633,0.5668214654282766,354.7858899999954,0.3502157734684086,0.9999999999999999
355.29850700000753,0.5401425779343019,0.7365841073271414,355.02185699999546,0.3419505322816923,0.9999999999999999
355.5504550000076,0.5088002900278029,0.8722910216718266,355.25982199999555,0.33804809159203275,0.9999999999999999
355.8006950000078,0.47954924635922913,0.9690402476780186,355.5126749999955,0.34109682887650095,0.9999999999999999
356.03964300000786,0.45320489603576625,0.9999999999999999,355.7591439999955,0.3520981164790606,0.9999999999999999
356.29362800000774,0.43115466464251495,0.9999999999999999,355.9924679999954,0.3691321630012904,0.9999999999999999
356.5375460000076,0.41409551590485777,0.9999999999999999,356.35657099999554,0.3874531184129297,0.9999999999999999
356.78238800000776,0.4017761201973505,0.9999999999999999,356.6384379999954,0.40091319257914754,0.9999999999999999
357.0420360000076,0.39294555847954327,0.9999999999999999,356.8654829999959,0.4052736360684884,0.9999999999999999
357.2755650000077,0.386156430115946,0.9999999999999999,357.19136799999603,0.4006385597700881,0.9999999999999999
357.5323290000075,0.3802529658199885,0.9999999999999999,357.3151279999964,0.3904374519254893,0.9999999999999999
357.7695230000076,0.37497481884992717,0.9999999999999999,357.53566099999637,0.3790297279510674,0.9999999999999999
358.02141100000773,0.3713807637247211,0.9999999999999999,357.7388409999966,0.3697656695143045,0.9999999999999999
358.26980600000786,0.37238893045131677,0.9999999999999999,357.97124399999694,0.3643101428762049,0.9999999999999999
358.52843300000814,0.38235664467438124,0.9999999999999999,358.2367539999968,0.36281518421168973,0.9999999999999999
358.7678580000081,0.4038671142665133,0.9999999999999999,358.47160199999684,0.36441428217698113,0.9999999999999999
359.00888800000814,0.4340442770328594,0.9999999999999999,358.7167459999968,0.3679317520458628,0.9999999999999999
359.26144900000816,0.4665628781512055,0.9999999999999999,358.9653989999966,0.37248936825615386,0.9999999999999999
359.5162830000082,0.4957596211121274,0.9125386996904025,359.2165689999966,0.3772259032858619,0.9999999999999999
359.7554080000083,0.5173040989184875,0.8389232886136911,359.48392899999664,0.3814840928332917,0.9999999999999999
360.0043350000085,0.5280144732823826,0.7979876160990714,359.7074569999966,0.3851833259795311,0.9999999999999999
360.25074500000875,0.5264291808990359,0.8052115583075335,359.9719479999967,0.3888658587120785,0.9999999999999999
360.49930500000875,0.513075527853152,0.8537151702786376,360.22977799999677,0.3935854210082459,0.9999999999999999
360.76688200000865,0.49018625382621334,0.926470588235294,360.46187799999683,0.40059960886946955,0.9999999999999999
361.0142560000085,0.4617056755949943,0.9999999999999999,360.73537099999686,0.41090097941892106,0.9999999999999999
361.24567500000853,0.4339569918480188,0.9999999999999999,360.94731799999687,0.42465122797735666,0.9999999999999999
361.49064000000885,0.41393780745648767,0.9999999999999999,361.20871299999686,0.44148955346747204,0.9999999999999999
361.73725100000854,0.4042485154908728,0.9999999999999999,361.4533219999967,0.4609278279351962,0.9999999999999999
362.0012440000087,0.40040819276289696,0.9999999999999999,361.68926099999686,0.4823999656037453,0.9535603715170278
362.2272130000088,0.39587325092402925,0.9999999999999999,361.9380239999971,0.5059234956187206,0.8784829721362228
362.4892430000091,0.3870522523897436,0.9999999999999999,362.18607399999706,0.5329230836994404,0.7775197798417613
362.74631000000903,0.3742484601315949,0.9999999999999999,362.4347799999969,0.5651564540882086,0.6029411764705883
362.975599000009,0.3609049040807801,0.9999999999999999,362.68474999999705,0.6033396222405204,0.45123839009287925
363.22959500000906,0.3514176250876361,0.9999999999999999,362.926343999997,0.6454695135907002,0.2911076711386309
363.4846040000093,0.3491104094952666,0.9999999999999999,363.1918659999971,0.6877382586773346,0.16950464396284823
363.7206130000093,0.3550597287467044,0.9999999999999999,363.4308609999972,0.7245524240541829,0.11687306501547982
363.97509000000935,0.3678181625439115,0.9999999999999999,363.68049899999704,0.7510473281183719,0.09442724458204331
364.21393200000955,0.3840316909150521,0.9999999999999999,363.9388779999973,0.7660502903858071,0.07894736842105261
364.4641600000096,0.399056835878523,0.9999999999999999,364.1659489999975,0.772876321617837,0.0719814241486068
364.7084800000097,0.40788386367442164,0.9999999999999999,364.41590599999756,0.7783756996064974,0.0603715170278638
364.96417900000966,0.40746331098962685,0.9999999999999999,364.6703769999975,0.7895308084782744,0.05108359133126935
365.2310330000096,0.39961088812761275,0.9999999999999999,364.92327599999777,0.8097789148807224,0.02167182662538702
365.4598780000095,0.389786026265327,0.9999999999999999,365.1588929999978,0.8368251260843448,0.0
365.6990470000095,0.38289796123001574,0.9999999999999999,365.40626499999775,0.8620036172217002,0.0
365.9564910000094,0.38109797393847145,0.9999999999999999,365.65532399999773,0.8734372115209785,0.0
366.20300600000957,0.384563050267358,0.9999999999999999,365.89977999999786,0.86554772803141,0.0
366.46903100000964,0.3927846521332228,0.9999999999999999,366.14335599999816,0.8435689228463384,0.0
366.7064690000095,0.40473136840261226,0.9999999999999999,366.39528399999824,0.8172688836200112,0.01083591331269351
366.9525240000096,0.4188773253376663,0.9999999999999999,366.6334429999983,0.793805501882857,0.0417956656346749
367.18640800000975,0.4331537895611783,0.9999999999999999,366.89021699999824,0.7755696258220075,0.0681114551083591
367.43431400000975,0.4451224334357147,0.9999999999999999,367.15611499999824,0.761143550511661,0.08281733746130031
367.68238300000974,0.4525832464965529,0.9999999999999999,367.38982299999805,0.7470783126435542,0.10061919504643964
367.93737800000974,0.45478520934016115,0.9999999999999999,367.6365709999981,0.7300199668674722,0.109907120743034
368.1792850000098,0.4541144618109634,0.9999999999999999,367.8791329999982,0.7097804950429984,0.13312693498452008
368.46685000000974,0.45542276973039014,0.9999999999999999,368.1256999999984,0.6922310036872862,0.16107671138630894
368.68043300001,0.4633326428154458,0.9999999999999999,368.4305089999981,0.6878318491145209,0.16950464396284823
368.9283370000101,0.4805555811983006,0.9628482972136222,368.67147899999816,0.7058500966966792,0.13699690402476777
369.17889700001035,0.50674873187451,0.8761609907120742,368.8684839999983,0.7501644471039642,0.09520123839009288
369.4167770000104,0.5384483922735964,0.7438080495356038,369.1714389999984,0.8170701499135176,0.01083591331269351
369.67917000001046,0.5698659751200073,0.5824733402132783,369.39701899999864,0.8946027588048993,0.0
369.9147850000108,0.595103269376041,0.4801341589267286,369.6431719999987,0.966272621996457,0.0
370.16220300001083,0.6102071168266126,0.4211386308909528,369.89714099999884,1.017679887249441,0.0
370.4096170000108,0.6134600128060466,0.4078947368421052,370.11807599999884,1.0406575943378533,0.0
370.66678900001085,0.6058684332005265,0.44040247678018574,370.35193299999895,1.034098177572166,0.0
370.90112300001107,0.5914631087408497,0.49819401444788436,370.6030849999987,1.0013234230270673,0.0
371.1500990000112,0.5769731867240738,0.552373581011352,370.84254499999895,0.947768511478537,0.0
371.4000870000112,0.5699180781346419,0.5824733402132783,371.1025689999989,0.8795558112330288,0.0
371.64559300001116,0.5783609400472072,0.5451496388028896,371.3528359999989,0.8022998902439382,0.03328173374613002
371.8910700000114,0.6115416754974845,0.4139146886824905,371.6111909999987,0.7206776481045614,0.11919504643962846
372.14314100001144,0.6791533736139393,0.19117647058823534,371.8522819999986,0.6389451193212214,0.30916752665978664
372.38749700001136,0.7858091148371472,0.05263157894736841,372.08778899999857,0.5613305358909704,0.617389060887513
372.6426150000116,0.9266643406693748,0.0,372.33275099999844,0.4919208593488482,0.9210526315789473
372.8896320000117,1.0871152858128923,0.0,372.5781569999984,0.43399704599715144,0.9999999999999999
373.132008000012,1.2456755335745433,0.0,372.82954599999834,0.3893538625070584,0.9999999999999999
373.37700100001194,1.3796866955082656,0.0,373.08700499999844,0.3572968627758748,0.9999999999999999
373.63469500001213,1.471159745696141,0.0,373.32497699999857,0.33504068896470435,0.9999999999999999
373.8741120000123,1.5108250635230103,0.0,373.5680529999985,0.3194260441127935,0.9999999999999999
374.11940800001224,1.4998035550527922,0.0,373.81804499999845,0.30760482812115225,0.9999999999999999
374.36859800001247,1.4470725379390799,0.0,374.0815209999986,0.2975918426830668,0.9999999999999999
374.6155130000125,1.365750220783912,0.0,374.32680699999844,0.28828217232878084,0.9999999999999999
374.8685620000126,1.2689666646814513,0.0,374.5574969999984,0.2801692954132806,0.9999999999999999
375.11291900001277,1.1666790309131994,0.0,374.82571999999846,0.2762055193628104,0.9999999999999999
375.3593610000125,1.0648835425692014,0.0,375.0721209999981,0.28126861630903877,0.9999999999999999
375.6149440000126,0.969176679278553,0.0,375.30547399999807,0.29946072178372957,0.9999999999999999
375.8605360000126,0.888930669324151,0.0,375.55206499999787,0.3315555724901458,0.9999999999999999
376.10926300001256,0.8318749252303105,0.0,375.79173099999775,0.3731536792434839,0.9999999999999999
376.3565500000125,0.7981410428487089,0.03637770897832814,376.0797499999976,0.41516089577949256,0.9999999999999999
376.60523600001255,0.7822111382961976,0.056501547987616106,376.2916599999978,0.44636922203005164,0.9999999999999999
376.8524150000127,0.7769291880569953,0.06346749226006192,376.55075299999794,0.45940448207011103,0.9999999999999999
377.09089600001266,0.7755925262442471,0.0681114551083591,376.81709799999817,0.454072333709301,0.9999999999999999
377.36130800001274,0.7726853557513444,0.0719814241486068,377.0489769999985,0.43651149239369735,0.9999999999999999
377.58921900001303,0.7641791399466765,0.07972136222910219,377.2868119999984,0.415345117194059,0.9999999999999999
377.84076300001294,0.7475523275644205,0.09984520123839007,377.5271589999984,0.3977343028355383,0.9999999999999999
378.09435700001313,0.7220850336390614,0.1176470588235294,377.7890689999982,0.3870406526988558,0.9999999999999999
378.3387100000132,0.6888701042836586,0.16830065359477123,378.02872499999813,0.38265598378458965,0.9999999999999999
378.58728500001314,0.6497349431890016,0.2802717578259374,378.28572399999814,0.38148410962020085,0.9999999999999999
378.830299000013,0.6074157928611836,0.4391984864121087,378.53381299999825,0.38091253796758584,0.9999999999999999
379.08030000001327,0.5653791654753514,0.6029411764705883,378.78400699999804,0.38009812895266604,0.9999999999999999
379.326728000013,0.5266332969011318,0.8052115583075335,379.05898599999824,0.37906886129103545,0.9999999999999999
379.57172400001315,0.49237413363175453,0.9202786377708977,379.2799319999983,0.377549304243099,0.9999999999999999
379.8196550000133,0.4631250329916782,0.9999999999999999,379.5303579999984,0.3753116313293817,0.9999999999999999
380.0716410000134,0.43996501723582193,0.9999999999999999,379.75629599999854,0.37304250098866254,0.9999999999999999
380.32210700001343,0.42387270793853987,0.9999999999999999,380.00946499999856,0.37286688242967647,0.9999999999999999
380.5781130000135,0.4143778022415272,0.9999999999999999,380.2571189999986,0.37724184032887864,0.9999999999999999
380.81254000001337,0.4096161656855264,0.9999999999999999,380.4975929999985,0.3873867942054787,0.9999999999999999
381.06003500001333,0.4085805456929984,0.9999999999999999,380.7518429999986,0.4022360146369563,0.9999999999999999
381.30695900001325,0.41196571201732446,0.9999999999999999,381.01241899999866,0.4182636552751433,0.9999999999999999
381.55102900001333,0.42011551809892794,0.9999999999999999,381.25931999999875,0.430812279632981,0.9999999999999999
381.79842200001326,0.4320812339152624,0.9999999999999999,381.50692099999867,0.43610535510199394,0.9999999999999999
382.0548610000132,0.4454466047265158,0.9999999999999999,381.74404599999895,0.43274367268430947,0.9999999999999999
382.2927850000132,0.4573910091362513,0.9999999999999999,381.9874679999991,0.4217441390764184,0.9999999999999999
382.5484060000133,0.4652948004411384,0.9999999999999999,382.2424579999992,0.4053261677732267,0.9999999999999999
382.7927860000134,0.4670826908176342,0.9999999999999999,382.5074369999991,0.385977885217315,0.9999999999999999
383.03791300001336,0.461504025176991,0.9999999999999999,382.7369369999988,0.36676183576898513,0.9999999999999999
383.3034440000134,0.44901711932115496,0.9999999999999999,383.00984099999886,0.35184636942804026,0.9999999999999999
383.53388300001353,0.4321955977492501,0.9999999999999999,383.2288369999987,0.34569489204335574,0.9999999999999999
383.7938800000136,0.41421636456116495,0.9999999999999999,383.4844599999987,0.35113794334859905,0.9999999999999999
384.0434030000138,0.39759752065746684,0.9999999999999999,383.7225259999987,0.3690384176451676,0.9999999999999999
384.2887090000137,0.38372077546129213,0.9999999999999999,383.96550899999863,0.39853705679884466,0.9999999999999999
384.5262530000137,0.37343654863288783,0.9999999999999999,384.21548699999875,0.4365314720531489,0.9999999999999999
384.7759310000137,0.36783668004032005,0.9999999999999999,384.4714429999986,0.47688813122759344,0.9767801857585139
385.0378210000139,0.3681465072607286,0.9999999999999999,384.7326789999987,0.5127471355379613,0.8552631578947368
385.2737600000139,0.37483952083796496,0.9999999999999999,384.9611669999986,0.54058254877666,0.7317681458548331
385.52527300001395,0.387629767260659,0.9999999999999999,385.2046909999988,0.5619893685016981,0.6125730994152048
385.7661470000141,0.4058644211782245,0.9999999999999999,385.480630999999,0.5819687637548507,0.5343137254901961
386.0166250000141,0.42815804822054937,0.9999999999999999,385.703475999999,0.6060676026929084,0.44040247678018574
386.2592240000141,0.4524622005467974,0.9999999999999999,385.9594739999991,0.6371025984942034,0.313983488132095
386.5096780000141,0.4763809757890207,0.9767801857585139,386.19513099999915,0.6730297668183927,0.2056243550051599
386.7557860000141,0.4980684346760013,0.9024767801857585,386.4593189999992,0.7067148321493036,0.1362229102167182
387.00513600001415,0.5164565643360215,0.8449432404540763,386.6938179999991,0.7301095201468658,0.109907120743034
387.25204200001406,0.5311429766273368,0.7823357413140696,386.95851599999895,0.7385458350681882,0.10371517027863776
387.50611200001407,0.5443538290770864,0.7197282421740626,387.19549299999875,0.731827307182837,0.10758513931888546
387.7551470000143,0.5628221457954166,0.6125730994152048,387.44530199999866,0.713250432246737,0.13003095975232196
387.99762800001434,0.5950003156840611,0.4801341589267286,387.6867629999986,0.6868052875959861,0.17311661506707943
388.24360600001444,0.6444220980255785,0.29471964224286207,387.9444899999987,0.6555800347816023,0.2561919504643963
388.4910240000143,0.7052603704453031,0.13699690402476777,388.1774019999987,0.6217940741662981,0.382610939112487
388.7378970000146,0.7653708525748879,0.07972136222910219,388.43235899999866,0.5870148320097177,0.5162538699690402
388.9943370000145,0.8116680200085773,0.016253869969040265,388.67196599999875,0.5520915670029367,0.6739766081871346
389.23235600001465,0.8340247998982855,0.0,388.9447389999987,0.5174075507008461,0.8389232886136911
389.483459000015,0.8277627588651114,0.002321981424148633,389.17471199999886,0.4832683445725152,0.9512383900928792
389.73780000001494,0.7944078869202897,0.0417956656346749,389.42922699999883,0.4503637059962349,0.9999999999999999
389.97535700001515,0.7404639618976885,0.10294117647058819,389.6677769999987,0.41961492203818374,0.9999999999999999
390.23342000001537,0.6747950358753673,0.19840041279669762,389.9107949999987,0.3917081723393477,0.9999999999999999
390.4727620000154,0.6058815770986348,0.44040247678018574,390.17173099999866,0.3668207730554978,0.9999999999999999
390.7202240000154,0.5403148870402849,0.7353801169590644,390.41583299999866,0.3447160186817052,0.9999999999999999
390.96423600001583,0.48359682114830516,0.9504643962848296,390.65684499999844,0.3248803553098969,0.9999999999999999
391.2363040000158,0.4415988728979343,0.9999999999999999,390.9061309999984,0.30676805626588943,0.9999999999999999
391.4647100000161,0.4193003449211492,0.9999999999999999,391.14853599999844,0.29018818048508327,0.9999999999999999
391.706145000016,0.4189184577683722,0.9999999999999999,391.4221299999987,0.27551083612089733,0.9999999999999999
391.95127700001615,0.4390031403570753,0.9999999999999999,391.64755499999865,0.2635540478028465,0.9999999999999999
392.20772800001623,0.4746734178189357,0.9876160990712073,391.89604799999876,0.25561108106358754,0.9999999999999999
392.46275400001616,0.5178458654095364,0.8389232886136911,392.1960939999989,0.25301865305807636,0.9999999999999999
392.7322110000163,0.5583272198971758,0.6342449260405918,392.4250279999991,0.2571349904901464,0.9999999999999999
392.9531810000164,0.5869856365840209,0.5162538699690402,392.6400419999991,0.26975615775944206,0.9999999999999999
393.1959670000164,0.5985641083969293,0.46448228414172676,392.8880749999991,0.2931925686592801,0.9999999999999999
393.4405140000166,0.5928577159963864,0.49097007223942213,393.1444699999989,0.3291980652010501,0.9999999999999999
393.6919400000167,0.5729220351220192,0.5692294461644307,393.4015089999989,0.3767085593286997,0.9999999999999999
393.95548800001654,0.5432889384714343,0.724544203646371,393.6256099999988,0.4307086091960334,0.9999999999999999
394.1919220000165,0.5088849351784247,0.8722910216718266,393.91008699999867,0.4820060321243915,0.9558823529411764
394.4430480000166,0.47509040886783105,0.9852941176470587,394.2676279999985,0.5198097666224281,0.8316993464052287
394.68792400001655,0.44807568995162506,0.9999999999999999,394.4151739999986,0.537120241584222,0.7546439628482974
394.93045000001644,0.4340580014705979,0.9999999999999999,394.6256219999987,0.5341996757892588,0.771499828001376
395.1754360000166,0.4357799885596679,0.9999999999999999,394.85997199999855,0.5175453671052807,0.8389232886136911
395.4278770000164,0.4508557183686925,0.9999999999999999,395.10596099999833,0.4960994973803815,0.9102167182662538
395.6689970000163,0.47297708410942596,0.9938080495356036,395.3632719999982,0.4768713632988577,0.9767801857585139
395.92103900001655,0.4948052267761908,0.914860681114551,395.6092729999981,0.4624197653868165,0.9999999999999999
396.1689770000166,0.5098286058522,0.8676470588235293,395.926141999998,0.45124908619731446,0.9999999999999999
396.41445700001657,0.5153818353988596,0.8473512211902305,396.1326419999978,0.4402163873894043,0.9999999999999999
396.6837710000166,0.5137710652369436,0.8529411764705882,396.34554699999785,0.42676395245279375,0.9999999999999999
396.9169850000166,0.5091007081391417,0.8707430340557274,396.5934939999978,0.410333007936839,0.9999999999999999
397.1548670000167,0.5040580129132815,0.8839009287925695,396.8482029999976,0.39227537283507874,0.9999999999999999
397.4077060000166,0.4995630589402827,0.8986068111455108,397.0910819999976,0.3749235680074807,0.9999999999999999
397.6598380000167,0.49646664381980055,0.9086687306501547,397.34412099999764,0.3605970407234847,0.9999999999999999
397.91032500001666,0.4966114313696705,0.9078947368421052,397.67569399999775,0.35111290379028093,0.9999999999999999
398.1562620000167,0.5024978434262457,0.8885448916408668,397.8676339999979,0.34767889965019794,0.9999999999999999
398.40287500001665,0.5147656370196105,0.8497592019263848,398.15107899999776,0.3504309352551849,0.9999999999999999
398.66380700001656,0.5303424465254631,0.7835397316821465,398.34400499999776,0.3580895755232004,0.9999999999999999
398.90585700001645,0.543183579306759,0.724544203646371,398.5818389999978,0.36805271076688195,0.9999999999999999
399.16910600001654,0.5472119375549737,0.704076367389061,398.8259159999978,0.37672968727410705,0.9999999999999999
399.4018420000167,0.5391811801608236,0.7414000687994495,399.09904499999783,0.38039636194296644,0.9999999999999999
399.63333300001676,0.5192401149261983,0.83531131750946,399.3193969999976,0.37655168587138854,0.9999999999999999
399.8822400000168,0.49103080244714,0.9226006191950463,399.5669469999977,0.3655583142744289,0.9999999999999999
400.12759600001687,0.4601450553937517,0.9999999999999999,399.80599199999756,0.35015333052791264,0.9999999999999999
400.3943110000168,0.43183123580918403,0.9999999999999999,400.0713459999977,0.3338533407130571,0.9999999999999999
400.6230910000171,0.40945390540229515,0.9999999999999999,400.3082359999978,0.32028894430444754,0.9999999999999999
400.8740820000171,0.394533469971158,0.9999999999999999,400.55526999999785,0.3138336472233867,0.9999999999999999
401.12453900001697,0.3880647854441002,0.9999999999999999,400.8153939999976,0.3204886791292973,0.9999999999999999
401.370559000017,0.3906051027087276,0.9999999999999999,401.0612349999978,0.3472536019439252,0.9999999999999999
401.6174430000171,0.4029128115974262,0.9999999999999999,401.29329999999794,0.3990291623981427,0.9999999999999999
401.8634370000173,0.4241787399675071,0.9999999999999999,401.53982699999807,0.47353511309873497,0.9907120743034055
402.11291400001744,0.4507538684156709,0.9999999999999999,401.793586999998,0.5559006321136901,0.6462848297213623
402.35741200001763,0.4774845327581164,0.9744582043343653,402.04953699999805,0.6221823689419765,0.37899896800825594
402.6084400000176,0.4989813941830922,0.8993808049535603,402.3031709999981,0.6549564254718917,0.2573959408324733
402.8533980000176,0.5104797453412045,0.8645510835913311,402.55545199999796,0.653232205055194,0.2670278637770898
403.09997800001753,0.5097583489214986,0.8691950464396284,402.7907329999981,0.6272129844781288,0.3488992088063296
403.36838200001773,0.4989668615987682,0.9001547987616099,403.037059999998,0.5895156451416151,0.5030099759201926
403.6219370000177,0.4842591830144417,0.9489164086687306,403.27730699999796,0.550700977525536,0.6848125214998281
403.8407570000178,0.47378701899743747,0.9899380804953559,403.5381219999977,0.5180556914473673,0.8389232886136911
404.09393100001796,0.47380663110601423,0.9899380804953559,403.7696279999978,0.4954817223662453,0.9140866873065014
404.35322400001803,0.48571303822470563,0.9434984520123838,404.04118199999783,0.48401935675557084,0.9496904024767802
404.598210000018,0.5052358467333302,0.8808049535603715,404.28106899999796,0.4821915676711721,0.9558823529411764
404.8643120000182,0.5250669016577675,0.8100275197798418,404.51702699999817,0.4862557398753403,0.9411764705882353
405.084597000018,0.5384473626692725,0.7438080495356038,404.7613729999983,0.4918479813191763,0.9210526315789473
405.33094500001806,0.5419676844888015,0.728156174750602,405.01137199999823,0.49649611097711255,0.9086687306501547
405.57589200001814,0.5356851042630755,0.7618679050567596,405.2577789999985,0.49975095674300773,0.8986068111455108
405.8303940000184,0.5221124558751753,0.8208634330925354,405.53464999999824,0.501831184590992,0.8900928792569658
406.07541000001856,0.5048756884705425,0.8815789473684209,405.76871999999804,0.5022694370836636,0.8893188854489164
406.3382730000185,0.4876063657680102,0.936532507739938,406.01115799999826,0.4992336529867157,0.8993808049535603
406.59590100001856,0.47305459748512957,0.9922600619195046,406.2455209999984,0.49081716856209223,0.9241486068111454
406.82468800001897,0.4630714545061615,0.9999999999999999,406.4934309999984,0.4768413349721269,0.9767801857585139
407.0682390000189,0.4592236234240602,0.9999999999999999,406.7374629999985,0.4597182124188996,0.9999999999999999
407.3132430000187,0.4629075471084555,0.9999999999999999,406.9894039999985,0.44401743312825825,0.9999999999999999
407.5806690000187,0.47456102811241707,0.9876160990712073,407.2607729999982,0.434103995672028,0.9999999999999999
407.8098570000186,0.4926442497915801,0.9195046439628483,407.47982599999824,0.4325298350173602,0.9999999999999999
408.07317800001863,0.5132071903835237,0.8537151702786376,407.7315999999982,0.4391863580617559,0.9999999999999999
408.3029010000186,0.529993562851079,0.7847437220502238,407.97361299999807,0.45201613943406,0.9999999999999999
408.55224800001866,0.5368902560326468,0.7546439628482974,408.22119199999787,0.4681764289171377,0.9999999999999999
408.80929400001867,0.5306769527438783,0.7835397316821465,408.4715109999981,0.4853170891470483,0.9458204334365324
409.0441460000188,0.5119399619676721,0.8560371517027863,408.7391049999983,0.5028308628088259,0.8869969040247677
409.299795000019,0.4847859533132412,0.946594427244582,408.9692159999982,0.5217441456995259,0.8220674234606123
409.539133000019,0.45607195647222876,0.9999999999999999,409.2226629999982,0.5443190545253117,0.7209322325421398
409.789130000019,0.43394334562602016,0.9999999999999999,409.4790589999981,0.5736226476547582,0.5692294461644307
410.0372190000191,0.4247045185349322,0.9999999999999999,409.7166499999981,0.6119242894284029,0.4139146886824905
410.2801430000189,0.43167622290382734,0.9999999999999999,409.980009999998,0.6588378515386972,0.2489680082559339
410.5291290000189,0.4541017013501921,0.9999999999999999,410.206920999998,0.710814168507806,0.1323529411764706
410.78820600001916,0.48622143987699024,0.9419504643962847,410.46188699999766,0.7626765557689327,0.08204334365325074
411.0377140000192,0.5184823355909907,0.8377192982456142,410.6997509999976,0.8096521982650908,0.02167182662538702
411.27717600001915,0.5434493261185483,0.724544203646371,410.9546649999976,0.8499658129911454,0.0
411.51973800001923,0.5588127969190493,0.6342449260405918,411.1881489999976,0.8846264241780656,0.0
411.7781250000194,0.5666767862686992,0.59812521499828,411.46214099999764,0.9172284146857914,0.0
412.0236510000195,0.5711020178661602,0.5776573787409701,411.6869639999978,0.951126416344828,0.0
412.2605160000194,0.5753652424613152,0.5595975232198142,411.9469499999975,0.9860765599515944,0.0
412.51450000001955,0.5799151900538735,0.5391296869625043,412.18356899999753,1.017660646342641,0.0
412.7616300000196,0.5819685861504018,0.5343137254901961,412.4402479999976,1.0398804972589784,0.0
413.0156070000195,0.5780532523330403,0.5463536291709665,412.67779799999755,1.0477218406057207,0.0
413.27352000001946,0.5663970007859738,0.6005331957344342,412.9227979999976,1.038112012066359,0.0
413.5023890000194,0.5477991526163493,0.7016683866529068,413.18968499999755,1.0094110678349675,0.0
413.75594300001933,0.5249694727442783,0.8100275197798418,413.42820899999754,0.962238955051896,0.0
413.9984700000194,0.5014390492215177,0.891640866873065,413.68464399999766,0.9002884594836815,0.0
414.24948900001954,0.4801897288892127,0.9643962848297213,413.9160999999976,0.8297287679820409,0.0015479876160990611
414.5543430000198,0.46208660387988965,0.9999999999999999,414.1669129999976,0.7574539140146961,0.08591331269349843
414.7468870000198,0.4466459004942097,0.9999999999999999,414.41097899999727,0.6888060528638935,0.16830065359477123
414.99345100001983,0.4335407979883742,0.9999999999999999,414.69383999999746,0.6268244130881067,0.35130718954248363
415.2599230000196,0.4234621224651141,0.9999999999999999,414.91830899999746,0.5722148792595125,0.5728414172686619
415.4914860000195,0.41728542778542493,0.9999999999999999,415.1682879999976,0.5241556585900367,0.812435500515996
415.76888200001935,0.4155720323942272,0.9999999999999999,415.4104989999977,0.4812666698081854,0.9597523219814241
415.98728400001926,0.41852270189998636,0.9999999999999999,415.6493129999975,0.4426389151738483,0.9999999999999999
416.22968600001934,0.42684122381752454,0.9999999999999999,415.8978099999975,0.40911816331940776,0.9999999999999999
416.4715710000193,0.44177529289830597,0.9999999999999999,416.1481589999976,0.3834536063419096,0.9999999999999999
416.7326730000192,0.4639886787262958,0.9999999999999999,416.4124789999977,0.3686826913995935,0.9999999999999999
416.9717760000192,0.4911465862146507,0.9226006191950463,416.6364559999977,0.36548518216566905,0.9999999999999999
417.21912500001923,0.5188292742612262,0.8365153078775369,416.90803899999776,0.3711864802306261,0.9999999999999999
417.4711740000192,0.5427500871920745,0.7257481940144479,417.1348719999978,0.3817772197129326,0.9999999999999999
417.7142370000191,0.5609297082121474,0.6197970416236669,417.39844899999764,0.39365659101599,0.9999999999999999
417.9630630000194,0.5733713968384891,0.5692294461644307,417.6590019999977,0.4036602398939462,0.9999999999999999
418.2097000000193,0.5819004545330237,0.5343137254901961,417.89792199999783,0.40836384250507407,0.9999999999999999
418.4613870000193,0.5887598475517474,0.5054179566563468,418.129803999998,0.4045684767100618,0.9999999999999999
418.70888100001923,0.5952404992625729,0.47893016855865156,418.38679099999774,0.3912543414239668,0.9999999999999999
418.9767120000193,0.6000638870917017,0.4632782937736498,418.6202429999976,0.37086917542313824,0.9999999999999999
419.20912400001936,0.5994172664287201,0.4632782937736498,418.8889699999975,0.3485036281609897,0.9999999999999999
419.4411510000193,0.5897524355728002,0.5018059855521156,419.1160779999977,0.33009955856336504,0.9999999999999999
419.6995040000192,0.571013887656499,0.5776573787409701,419.37626399999755,0.31976827973394145,0.9999999999999999
419.942771000019,0.546871250668518,0.7064843481252151,419.63751799999756,0.31865899195550096,0.9999999999999999
420.189176000019,0.5228469436555572,0.8184554523563812,419.8745769999976,0.32547333277447177,0.9999999999999999
420.4371080000193,0.5046655495530004,0.8831269349845201,420.1181369999978,0.33756315686100496,0.9999999999999999
420.6826670000192,0.4969096496318954,0.9063467492260061,420.35334799999765,0.3520320782201958,0.9999999999999999
420.94700900001914,0.5014392993016044,0.891640866873065,420.60795599999744,0.36594578693960306,0.9999999999999999
421.184526000019,0.5166841804610339,0.8449432404540763,420.87741199999726,0.37618188000189295,0.9999999999999999
421.44167700001884,0.5383104260482725,0.7438080495356038,421.10288599999717,0.3796135996711363,0.9999999999999999
421.68303700001877,0.5612307416988451,0.6185930512555899,421.34468099999714,0.3742851537833927,0.9999999999999999
421.92707900001875,0.5812109576081087,0.5355177158582732,421.589649999997,0.3615075822134627,0.9999999999999999
422.20023900001854,0.5970353387003078,0.47411420708634333,421.85221199999705,0.34611862794526704,0.9999999999999999
422.42013100001867,0.6095505670482098,0.4271585827313381,422.149569999997,0.3340043104172391,0.9999999999999999
422.6801240000185,0.6221100422840008,0.38020295837633294,422.34025299999695,0.3296090090559272,0.9999999999999999
422.91833800001854,0.6439291470943002,0.2995356037151703,422.59947099999715,0.3351045613386179,0.9999999999999999
423.1562440000181,0.6886706094823838,0.16950464396284823,422.8437489999971,0.3503538466492774,0.9999999999999999
423.4236550000182,0.7688393734789859,0.07585139318885449,423.1048689999971,0.3722862756918782,0.9999999999999999
423.65475500001827,0.8871013640799288,0.0,423.3276499999971,0.39460349342327783,0.9999999999999999
423.9061470000185,1.0283971300384185,0.0,423.570684999997,0.4111572072067821,0.9999999999999999
424.18161000001857,1.1629193874079948,0.0,423.8211599999969,0.4187532537153533,0.9999999999999999
424.394763000019,1.260072283216935,0.0,424.0721499999967,0.4174907810613657,0.9999999999999999
424.65069300001886,1.3014904867170505,0.0,424.32053599999676,0.40961422481014115,0.9999999999999999
424.9001480000193,1.2851931711072198,0.0,424.56554599999686,0.3983441964532847,0.9999999999999999
425.13876300001937,1.2220624256494628,0.0,424.83811999999676,0.3872791217425306,0.9999999999999999
425.3939870000193,1.1308501185958069,0.0,425.0808609999966,0.379592862003966,0.9999999999999999
425.6445940000193,1.0320793899118237,0.0,425.3325469999967,0.377418513638652,0.9999999999999999
425.8805910000194,0.940130762417036,0.0,425.5619699999969,0.3820493344633325,0.9999999999999999
426.12943600001967,0.8594200996549038,0.0,425.80240899999666,0.3936242998878927,0.9999999999999999
426.38155400001955,0.7876641989610449,0.05108359133126935,426.0443239999965,0.41075501889421984,0.9999999999999999
426.6529770000198,0.7233841189407015,0.1176470588235294,426.28915499999636,0.430145748180741,0.9999999999999999
426.8721940000199,0.6681074478979783,0.21766425868593053,426.5416699999963,0.44737564619435277,0.9999999999999999
427.12275800002004,0.6253911684693918,0.36093911248710003,426.78715199999624,0.45862183475650664,0.9999999999999999
427.4172700000198,0.5984247860873795,0.46448228414172676,427.03570199999615,0.46225937035431186,0.9999999999999999
427.61719700001976,0.5883764131439747,0.5066219470244238,427.2882979999963,0.4586387171771157,0.9999999999999999
427.8912060000198,0.5933600936233787,0.48976608187134496,427.528189999996,0.44934434464140166,0.9999999999999999
428.1252250000196,0.6083606929450344,0.43438252493980056,427.7774989999962,0.43648019903971763,0.9999999999999999
428.3573310000196,0.6268772903190787,0.35130718954248363,428.0295559999964,0.4216386187840551,0.9999999999999999
428.61403100001974,0.6431806982424664,0.2995356037151703,428.2914849999965,0.40608628876339664,0.9999999999999999
428.85949200001966,0.6536643301953606,0.2658238734090127,428.5724559999965,0.3910271188552885,0.9999999999999999
429.1070380000197,0.6575838455150901,0.25378396972824224,428.8310359999964,0.37744651661852746,0.9999999999999999
429.34700600001975,0.6574899065476743,0.25378396972824224,429.0155919999962,0.36579738133878364,0.9999999999999999
429.6341720000196,0.6584362699779577,0.250171998624011,429.2661499999963,0.3564642574450604,0.9999999999999999
429.86134200001965,0.6649315004681536,0.2309081527347781,429.5145499999966,0.35033574151723523,0.9999999999999999
430.1568830000196,0.6781732505896718,0.19358445132438945,429.79190599999646,0.3482228084735807,0.9999999999999999
430.3691760000196,0.6964653336628794,0.15144478844169243,430.00188999999614,0.3499340688749045,0.9999999999999999
430.58219600001956,0.7169703355360856,0.12383900928792564,430.2644219999963,0.354776144337868,0.9999999999999999
430.8465100000197,0.7384116036551072,0.10371517027863776,430.52651199999605,0.3622575087660609,0.9999999999999999
431.1001980000196,0.7617757223316344,0.08281733746130031,430.77007899999603,0.3722584228752913,0.9999999999999999
431.3396700000195,0.7882522829721124,0.05108359133126935,430.998407999996,0.3843227446605666,0.9999999999999999
431.5788520000195,0.816302790420455,0.012383900928792572,431.2569479999959,0.39772972239515936,0.9999999999999999
431.84627400001955,0.8427051954755366,0.0,431.50182399999574,0.4113803254744943,0.9999999999999999
432.0668940000196,0.8659765308379792,0.0,431.7593449999956,0.42379271935354645,0.9999999999999999
432.32672200001963,0.8872465744040575,0.0,432.00508499999546,0.4334741516630709,0.9999999999999999
432.5667150000196,0.9090154296296037,0.0,432.24599399999533,0.44000563723189934,0.9999999999999999
432.8202980000198,0.9329841464549704,0.0,432.5219809999954,0.4448110199614939,0.9999999999999999
433.12244400001947,0.9573133168542252,0.0,432.7493729999954,0.4505492959437874,0.9999999999999999
433.3138440000198,0.975755633330477,0.0,432.9979369999953,0.45969989857122895,0.9999999999999999
433.5598140000197,0.9790305995904426,0.0,433.23792099999514,0.4729511608392658,0.9938080495356036
433.8092920000196,0.9585072587905974,0.0,433.4669449999949,0.488642635195688,0.9311145510835912
434.0518640000195,0.911757123030746,0.0,433.7187969999949,0.5036770983994266,0.8854489164086686
434.3672330000193,0.8450146988094596,0.0,433.97619799999484,0.5147661842017794,0.8497592019263848
434.5895160000194,0.7700254881972413,0.07352941176470586,434.2628799999948,0.5199284911973039,0.8304953560371517
434.7987540000193,0.6977166211124719,0.14860681114551078,434.4661639999947,0.5195976172562221,0.8341073271413829
435.0558620000194,0.6342454502994429,0.31759545923632604,434.71177199999477,0.5156557230184593,0.8473512211902305
435.29188300001925,0.5812425943606154,0.5355177158582732,434.96772399999475,0.5097164060857476,0.8691950464396284
435.5899240000194,0.5387250906539754,0.7426040591675268,435.21952999999473,0.5024015240679085,0.8893188854489164
435.78385800001945,0.5076142967776401,0.8761609907120742,435.45256299999477,0.49365305273036786,0.9179566563467492
436.03217800001937,0.4898763990198056,0.9272445820433436,435.69946199999475,0.48292128277007407,0.9535603715170278
436.2796890000196,0.4869745641053256,0.9380804953560371,435.94653699999486,0.46989869143344654,0.9999999999999999
436.5256280000197,0.4974349613846534,0.9032507739938079,436.22752799999506,0.4567384276658174,0.9999999999999999
436.77320300001975,0.5161326457427773,0.8461472308221536,436.4555489999952,0.4492788736947528,0.9999999999999999
437.03610300001975,0.5359519872825428,0.7582559339525283,436.6909239999951,0.4559725522506044,0.9999999999999999
437.2691420000196,0.5522940147188965,0.6727726178190576,436.94382199999495,0.4851205285286457,0.9458204334365324
437.5162960000196,0.5677807018319596,0.5945132438940489,437.1804049999949,0.5400608144237862,0.7365841073271414
437.76191900001976,0.5925922631215691,0.4921740626074991,437.464871999995,0.6139522938810595,0.40669074647402825
438.0193180000199,0.6416698457769738,0.30314757481940147,437.67480099999506,0.6907296200638773,0.16348469212246305
438.2638110000196,0.725371253085243,0.11609907120743033,437.9508569999952,0.7506848528724356,0.09442724458204331
438.5038360000197,0.8448910848283209,0.0,438.1747279999953,0.7798423560899036,0.05804953560371517
438.77316400001996,0.9897722758542182,0.0,438.4222929999953,0.7765377124249249,0.0642414860681114
439.0069720000198,1.1408721273832254,0.0,438.67225099999496,0.7494651277012416,0.09520123839009288
439.26050400001986,1.2773970820151581,0.0,438.9230589999949,0.7113419809810572,0.13080495356037153
439.50789700001985,1.3840406648763348,0.0,439.1646489999947,0.6727805178654165,0.20682834537323702
439.7535810000198,1.4543718591234316,0.0,439.417106999995,0.6381577644092542,0.31277949776401787
440.00233600001974,1.4879526955926299,0.0,439.678236999995,0.6063418359255887,0.44040247678018574
440.2382630000196,1.4859644882570509,0.0,439.92268299999523,0.5756685806210838,0.5571895424836601
440.49214700001954,1.4499838784459729,0.0,440.1550519999951,0.5468604661265372,0.7064843481252151
440.7376190000194,1.382989267099227,0.0,440.40046299999494,0.5219001712903857,0.8220674234606123
440.9876020000194,1.290894534221026,0.0,440.6880629999948,0.5026313647171936,0.8885448916408668
441.2342280000193,1.1844598980514525,0.0,440.89580299999477,0.4900860623420134,0.926470588235294
441.48114600001963,1.078990017505511,0.0,441.16762199999454,0.48336535400662584,0.9512383900928792
441.7242170000197,0.9891142289786765,0.0,441.3866099999945,0.47867932091639315,0.9705882352941176
441.9988790000199,0.923522680633274,0.0,441.6454559999943,0.4711916804790068,0.9992260061919503
442.22682100001987,0.8822530725138203,0.0,441.8890089999943,0.45835277698105475,0.9999999999999999
442.4703090000198,0.8564153602051603,0.0,442.16152499999447,0.4411462625371048,0.9999999999999999
442.7196300000199,0.8326656896939841,0.0,442.3731969999944,0.42259736450706037,0.9999999999999999
442.96814400002,0.7994421815026529,0.03560371517027865,442.63550799999445,0.40593399961660137,0.9999999999999999
443.2683940000198,0.7519502740905406,0.09210526315789476,442.9030509999944,0.39374294263958975,0.9999999999999999
443.46139300001977,0.6935792142095741,0.15746474028207774,443.1174949999944,0.38812267969842534,0.9999999999999999
443.7107650000197,0.632269231360174,0.32120743034055727,443.4145119999942,0.3911138090145606,0.9999999999999999
443.9847010000197,0.5757937793100923,0.5559855521155831,443.68663099999424,0.4043782795310695,0.9999999999999999
444.20787400001973,0.5287204803538215,0.7943756449948401,443.9353529999942,0.4276867197565309,0.9999999999999999
444.46063600001975,0.4918961147714446,0.9210526315789473,444.1459339999941,0.45776878859106906,0.9999999999999999
444.7076710000197,0.4638676576826336,0.9999999999999999,444.3614289999942,0.4891919966366387,0.9295665634674922
444.9610590000197,0.44349517480669687,0.9999999999999999,444.61381799999407,0.5165522055629972,0.8449432404540763
445.2076500000199,0.43082252337191485,0.9999999999999999,444.855234999994,0.5355429537544536,0.7642758857929138
445.4436070000197,0.4261537527266349,0.9999999999999999,445.12380799999397,0.5440219935159538,0.724544203646371
445.6879260000199,0.4286862040996734,0.9999999999999999,445.35745699999393,0.5430412913394731,0.7257481940144479
445.9355110000197,0.4360816581038579,0.9999999999999999,445.6001829999939,0.535263297247611,0.7666838665290677
446.1836580000196,0.44495640171060924,0.9999999999999999,445.8582239999938,0.5228439364761528,0.8184554523563812
446.4516010000194,0.4520947286846417,0.9999999999999999,446.1126979999937,0.5069949254745558,0.8761609907120742
446.68203000001927,0.4551217316743953,0.9999999999999999,446.35125099999345,0.48856229468250006,0.9326625386996903
446.9404240000194,0.45321795255983605,0.9999999999999999,446.5876419999934,0.4683278655848175,0.9999999999999999
447.1767670000192,0.44737951427848677,0.9999999999999999,446.87047899999345,0.44750881281776916,0.9999999999999999
447.43036400001904,0.4396704861944637,0.9999999999999999,447.0914059999934,0.42798621179669083,0.9999999999999999
447.6666580000188,0.4318960517210068,0.9999999999999999,447.3269199999934,0.4124920919981809,0.9999999999999999
447.95001800001876,0.42606764018516846,0.9999999999999999,447.5857459999935,0.4046327866212211,0.9999999999999999
448.16981800001895,0.4251914002853643,0.9999999999999999,447.8209889999935,0.4074054174736839,0.9999999999999999
448.433001000019,0.43154626269245705,0.9999999999999999,448.0748639999937,0.4204456068614122,0.9999999999999999
448.657826000019,0.4458449627495963,0.9999999999999999,448.3595749999938,0.439964556047809,0.9999999999999999
448.9073570000189,0.467804639186675,0.9999999999999999,448.57655499999396,0.461018884409878,0.9999999999999999
449.17658600001886,0.4964889015278939,0.9086687306501547,448.8285839999939,0.47974047758246957,0.9674922600619194
449.4145170000188,0.5299114040312365,0.7847437220502238,449.064621999994,0.49336262403353937,0.9187306501547987
449.6760010000189,0.5646794876300126,0.6077571379428964,449.3169889999941,0.4993650851675661,0.8986068111455108
449.8953170000192,0.5963747778616983,0.47411420708634333,449.55646099999416,0.4953782536867154,0.914860681114551
450.15786100001924,0.6204503721849634,0.38742690058479534,449.8041239999942,0.48119093499093907,0.9620743034055728
450.3959230000193,0.6337581300819645,0.3187994496044032,450.0826459999945,0.45997269466481006,0.9999999999999999
450.6423140000193,0.636576064956074,0.315187478500172,450.3651129999945,0.43580323598964954,0.9999999999999999
450.88588000001926,0.6334355766122906,0.32000343997248015,450.58020699999435,0.4113946658835653,0.9999999999999999
451.14085500001937,0.6291128810399944,0.33806329549363606,450.8291539999943,0.3880545135043097,0.9999999999999999
451.3954520000194,0.6245107041448965,0.36455108359133126,451.0839229999943,0.3671996394422894,0.9999999999999999
451.6497630000195,0.6177829906467632,0.39585483316133474,451.2932069999945,0.351456141631096,0.9999999999999999
451.8862530000194,0.6071402093657864,0.44040247678018574,451.56768099999465,0.3434317580950712,0.9999999999999999
452.1321210000193,0.592429965329323,0.4945820433436532,451.78281499999474,0.3442172643627257,0.9999999999999999
452.38454400001956,0.5748002132925631,0.5644134846921225,452.03722599999463,0.3524899584164337,0.9999999999999999
452.62051900001956,0.5557665443628527,0.6474888200894393,452.3027859999946,0.3651729861343811,0.9999999999999999
452.8744920000196,0.537053830917154,0.7546439628482974,452.5331129999945,0.3784348562094155,0.9999999999999999
453.1185320000195,0.5204302050860964,0.8268833849329206,452.8056239999944,0.3890727049234581,0.9999999999999999
453.37160700001976,0.507740665104749,0.8761609907120742,453.02395499999443,0.39533084991828027,0.9999999999999999
453.61431700001987,0.5015993832110155,0.891640866873065,453.2765299999943,0.3969593052011401,0.9999999999999999
453.8707270000199,0.5050595632691289,0.8815789473684209,453.5290559999944,0.3955703332534396,0.9999999999999999
454.1251630000201,0.5203780199105575,0.8268833849329206,453.76745899999446,0.39457518195217023,0.9999999999999999
454.3625610000202,0.5471253292875954,0.7052803577571379,454.0285419999947,0.39736564317041956,0.9999999999999999
454.59998700002035,0.5801332025893537,0.5379256965944271,454.25738299999455,0.4047090433899572,0.9999999999999999
454.8579080000203,0.6105245818661629,0.4187306501547987,454.5148889999944,0.41468041287831514,0.9999999999999999
455.1033550000204,0.6288910660675171,0.33806329549363606,454.7628229999944,0.42514241974070904,0.9999999999999999
455.3457670000204,0.6288332626373835,0.33926728586171306,455.0127739999944,0.4351173363603128,0.9999999999999999
455.61492600002055,0.6093326817573179,0.4271585827313381,455.2517609999942,0.4445264104364135,0.9999999999999999
455.8399310000204,0.575104997440533,0.5608015135878913,455.50585099999404,0.45315864445911447,0.9999999999999999
456.0892270000205,0.5345055660068979,0.771499828001376,455.74376599999425,0.46015603690674967,0.9999999999999999
456.33920700002056,0.49596004594385834,0.9117647058823528,456.0128979999941,0.46537158067507167,0.9999999999999999
456.58897200002053,0.4654512085724172,0.9999999999999999,456.2436789999941,0.46961997857258864,0.9999999999999999
456.83922100002064,0.44603950796655145,0.9999999999999999,456.5428599999938,0.47430410027894043,0.9883900928792569
457.08729800002055,0.43832331022317866,0.9999999999999999,456.76717199999405,0.4805891923709401,0.9628482972136222
457.3446850000205,0.4406169065254975,0.9999999999999999,457.00164299999415,0.48854332358226427,0.9326625386996903
457.57177600002035,0.44999587833773663,0.9999999999999999,457.2801059999941,0.49674923851081215,0.9063467492260061
457.81866800002024,0.4630168449555257,0.9999999999999999,457.49853099999416,0.5032519087600468,0.8869969040247677
458.08366100002047,0.47628442960866907,0.9767801857585139,457.7483819999944,0.5062613229654622,0.8769349845201238
458.3204850000204,0.4877004838228916,0.936532507739938,458.0203229999943,0.5049896810317039,0.8815789473684209
458.56495200002047,0.4975831959953479,0.9032507739938079,458.23526899999433,0.49975326935035924,0.8986068111455108
458.81382800002024,0.5075087469409372,0.8761609907120742,458.4811559999942,0.4924418488378103,0.9202786377708977
459.0577720000201,0.5175876435863775,0.8389232886136911,458.77237499999393,0.48697728192107187,0.9380804953560371
459.3049190000201,0.5251708600050261,0.8100275197798418,458.96530599999403,0.4875249382473825,0.936532507739938
459.55489100002006,0.5268442958183128,0.8052115583075335,459.23929699999417,0.4959885333427965,0.9117647058823528
459.8016630000204,0.5205166362119313,0.8268833849329206,459.46268299999423,0.5124046622685781,0.8552631578947368
460.0487370000204,0.5068259156640572,0.8761609907120742,459.7078199999943,0.5366430460258114,0.7546439628482974
460.3021710000203,0.488290651051953,0.9334365325077398,459.9658699999945,0.5691402362027986,0.5860853113175095
460.5487110000203,0.4682090968221283,0.9999999999999999,460.2084419999944,0.6100871773265827,0.4223426212590299
460.7940260000204,0.4494498737994286,0.9999999999999999,460.48272099999417,0.656912504289373,0.25378396972824224
461.0414530000205,0.43406254153178375,0.9999999999999999,460.7167509999943,0.7026043777952089,0.14086687306501547
461.2920610000204,0.4233547132129453,0.9999999999999999,460.95335899999435,0.7374299707415757,0.10448916408668733
461.5301450000203,0.4179253065475347,0.9999999999999999,461.2007539999944,0.7524648069086448,0.09133126934984519
461.79458900002044,0.41924468940110715,0.9999999999999999,461.44730399999423,0.7431342633906675,0.10294117647058819
462.0279920000204,0.4303336595587569,0.9999999999999999,461.6910549999942,0.7126296180134789,0.13003095975232196
462.27453500002036,0.4537699961475232,0.9999999999999999,461.94405699999396,0.6716668376253229,0.20923632610939114
462.54456700002055,0.48845598342629515,0.9334365325077398,462.22338999999386,0.633962759132042,0.31759545923632604
462.7799740000204,0.5290876617366393,0.793171654626763,462.4469289999937,0.6099548593468004,0.424750601995184
463.01895500002047,0.5697604196437709,0.5824733402132783,462.68190099999384,0.6037411460941822,0.44883040935672514
463.2718200000206,0.6074198930739265,0.4391984864121087,463.07445799999397,0.6136981420151305,0.40669074647402825
463.5153900000204,0.6421464964531023,0.30314757481940147,463.31929599999415,0.6345510425872019,0.31759545923632604
463.76630800002044,0.6750084042308673,0.1971964224286205,463.4492449999943,0.6584796871477204,0.250171998624011
464.0078900000204,0.705281625862233,0.13699690402476777,463.68435499999435,0.677283347097879,0.19358445132438945
464.2572070000204,0.7297160868305488,0.109907120743034,463.92842799999426,0.6864086291671329,0.17432060543515654
464.51767600002034,0.7435176405913219,0.10294117647058819,464.1813299999945,0.6898367835437873,0.16589267285861714
464.75202100002036,0.743081214943662,0.10294117647058819,464.56208699999456,0.6999954446265264,0.14473684210526316
465.0050720000202,0.7284760998866109,0.109907120743034,464.695764999995,0.7308938215522027,0.10835913312693495
465.2499370000201,0.7032005892269959,0.1400928792569659,464.903982999995,0.7905818896550595,0.04798761609907123
465.49196400002006,0.672191948435635,0.20682834537323702,465.15558699999497,0.8760328388785017,0.0
465.74417600001993,0.6402924324957766,0.3079635362917097,465.47146299999486,0.9718517154761463,0.0
465.99379500001993,0.611854950784938,0.4139146886824905,465.6514099999952,1.0540042482547975,0.0
466.26952900001993,0.5913521161051168,0.49819401444788436,465.90097299999525,1.100101710045518,0.0
466.48272400001997,0.5832636996148126,0.5282937736498108,466.1430429999956,1.1002466584666313,0.0
466.7287260000198,0.5889571835441538,0.5054179566563468,466.3935579999957,1.0596576897896464,0.0
466.99323800001974,0.6040381493726068,0.4476264189886482,466.70490999999606,0.9940077768496521,0.0
467.2364980000196,0.6189685311949524,0.3910388716890264,466.8899069999962,0.9213425390860016,0.0
467.47494100001967,0.6246372916787568,0.36455108359133126,467.16955999999595,0.8551806277119924,0.0
467.7234770000197,0.6167146624038738,0.39826281389748885,467.381935999996,0.8017656509411559,0.03405572755417959
467.9749590000196,0.5965345632692888,0.47411420708634333,467.632277999996,0.7613557815600299,0.08281733746130031
468.25247700001967,0.5695002955347624,0.5848813209494323,467.887228999996,0.7308410654823077,0.10913312693498452
468.47347100001963,0.542220761720817,0.726952184382525,468.2047699999962,0.7070050758974581,0.1354489164086687
468.7183120000197,0.5194325475718287,0.83531131750946,468.3808019999959,0.6879041882245555,0.16950464396284823
468.9572720000196,0.5025246104295673,0.8885448916408668,468.62909399999575,0.6727119178229373,0.20682834537323702
469.2082780000196,0.48955933379621913,0.9295665634674922,468.8666179999959,0.659973869932703,0.2477640178878569
469.4653830000196,0.47768039807518525,0.9744582043343653,469.1262239999959,0.6471347448351956,0.28629170966632267
469.7098960000198,0.4653056319884046,0.9999999999999999,469.3751019999957,0.6315735497474777,0.3236154110767114
469.9657430000198,0.4527902474002005,0.9999999999999999,469.71091399999585,0.6114399295682516,0.4139146886824905
470.2012980000199,0.442011684567423,0.9999999999999999,469.9659279999961,0.5862965844789061,0.5186618507051944
470.4665610000198,0.4354578222610739,0.9999999999999999,470.2967829999964,0.5573893940587544,0.6426728586171312
470.7051250000196,0.4353367885530935,0.9999999999999999,470.5258769999966,0.5270532035921325,0.8015995872033024
470.9455110000195,0.4426751092416026,0.9999999999999999,470.7708209999967,0.49798747297121804,0.9024767801857585
471.2210130000194,0.45602562477760283,0.9999999999999999,471.08677899999725,0.472478179994349,0.9953560371517027
471.4388610000195,0.4710115240527679,0.9999999999999999,471.3738659999976,0.4514031202071947,0.9999999999999999
471.6840580000193,0.48102152539659637,0.9628482972136222,471.61176799999777,0.4337353578939952,0.9999999999999999
471.92917800001925,0.4791764172819927,0.9690402476780186,471.807309999998,0.4232056292689601,0.9999999999999999
472.1822310000193,0.46226168040428384,0.9999999999999999,472.07674099999804,0.47377176415682964,0.9899380804953559
472.4282710000194,0.43308531782766185,0.9999999999999999,472.32725099999845,0.555429741144245,0.6498968008255933
472.68463400001923,0.39830432262102516,0.9999999999999999,472.54641499999906,0.6496103358907698,0.2802717578259374
472.9315810000191,0.3650625438879576,0.9999999999999999,472.78817099999935,0.7536157456737906,0.08978328173374613
473.169768000019,0.3391129048285093,0.9999999999999999,473.03152099999954,0.8609145958912134,0.0
473.41854200001904,0.3244130393454445,0.9999999999999999,473.224954,0.9635333912682755,0.0
473.6784980000189,0.3231504208794348,0.9999999999999999,473.45811500000013,1.055187233223136,0.0
473.9436060000188,0.3355332601474312,0.9999999999999999,473.69301100000035,1.1315370960212787,0.0
474.1776090000186,0.3593634319397922,0.9999999999999999,473.98008500000043,1.1894500100081262,0.0
474.40834600001875,0.3893159203897626,0.9999999999999999,474.1874830000008,1.2257121782239921,0.0
474.6631040000188,0.4167072023582191,0.9999999999999999,474.3476000000006,1.2366766257451876,0.0
474.90856700001893,0.43338920294530453,0.9999999999999999,474.5708950000006,1.2194663351754984,0.0
475.163478000019,0.4369743092777427,0.9999999999999999,474.8244240000004,1.1729157647465234,0.0
475.39498600001895,0.4310707549819648,0.9999999999999999,475.0644230000003,1.0817780717533076,0.0
475.6639510000192,0.4213495765397711,0.9999999999999999,475.30148200000036,0.936190438019011,0.0
475.9249610000192,0.41185161744548715,0.9999999999999999,475.54677800000036,0.8156626978072199,0.013157894736842144
476.1394470000193,0.4045836225212777,0.9999999999999999,475.7893370000002,0.7236831914572606,0.1176470588235294
476.39658200001907,0.40119071560885916,0.9999999999999999,476.04523500000005,0.6562691842161454,0.2561919504643963
476.63754800001897,0.4042434584997319,0.9999999999999999,476.2871850000002,0.6084019824472195,0.43438252493980056
476.88844900001897,0.4171505936398612,0.9999999999999999,476.542366,0.5741633484842168,0.5668214654282766
477.1632630000187,0.44260993472598503,0.9999999999999999,476.78679700000015,0.547430735008525,0.704076367389061
477.38388300001895,0.48064895886135134,0.9628482972136222,477.03371499999986,0.5230736903994795,0.8172514619883041
477.6342710000191,0.5278359519262544,0.7979876160990714,477.2888159999998,0.4983677385071757,0.901702786377709
477.86871600001916,0.5790014314666287,0.5403336773305814,477.528038,0.4733323653560687,0.991486068111455
478.1236050000193,0.6286949856751647,0.3404712762297902,477.7805520000001,0.4496016360880153,0.9999999999999999
478.3751910000193,0.6710535184120011,0.20923632610939114,478.03555400000016,0.4291327342295662,0.9999999999999999
478.6145710000193,0.6996026740639263,0.14473684210526316,478.26761500000015,0.4133238852555083,0.9999999999999999
478.8804380000193,0.7084110120659797,0.1354489164086687,478.52404700000005,0.402277920285654,0.9999999999999999
479.1214620000194,0.6948662086483348,0.15505675954592366,478.7686600000002,0.39480560090040945,0.9999999999999999
479.35927100001953,0.6619949328522045,0.24294805641554873,479.03844599999996,0.3885031535476386,0.9999999999999999
479.60425600001946,0.6178208336721819,0.39585483316133474,479.25844199999995,0.38073611723532297,0.9999999999999999
479.8676050000193,0.5724908953734695,0.5716374269005847,479.50982899999985,0.37071961868627556,0.9999999999999999
480.1078210000191,0.5340027227503923,0.7727038183694532,479.7758399999998,0.36008063559625264,0.9999999999999999
480.3796710000192,0.505572136078766,0.8800309597523219,480.0004759999997,0.3518243691375388,0.9999999999999999
480.60478700001903,0.48674433108100007,0.9388544891640866,480.2476849999997,0.3496259024234863,0.9999999999999999
480.84504600001907,0.4759577990048915,0.9783281733746129,480.499764,0.3571604038076947,0.9999999999999999
481.0959520000187,0.47233441700622303,0.9953560371517027,480.7450450000003,0.37678234071183525,0.9999999999999999
481.3446310000187,0.474942914395312,0.9860681114551083,481.00998799999996,0.40719005591007174,0.9999999999999999
481.58549400001874,0.48313485389044825,0.9520123839009287,481.24041000000017,0.44175279526973926,0.9999999999999999
481.84492900001885,0.49567451366489224,0.9140866873065014,481.48485900000026,0.46960222248488637,0.9999999999999999
482.089856000019,0.5111381539909794,0.8622291021671825,481.7464790000005,0.4815212375873041,0.958204334365325
482.333277000019,0.5291832508676358,0.790763673890609,481.9799860000003,0.47559895164774046,0.9814241486068112
482.580284000019,0.5506165331281192,0.6860165118679051,482.2418530000003,0.4565676975776106,0.9999999999999999
482.82411300001894,0.5769003751478795,0.553577571379429,482.4767020000002,0.4320843002340376,0.9999999999999999
483.0801080000192,0.6088263599217149,0.43197454420364634,482.71987700000005,0.40925328805112327,0.9999999999999999
483.3269820000192,0.6445929822962406,0.29471964224286207,482.9698630000002,0.392623223552678,0.9999999999999999
483.5918040000191,0.6777308826152728,0.19358445132438945,483.24261300000023,0.3841992074534605,0.9999999999999999
483.8177250000188,0.6985105325996861,0.14705882352941171,483.46368600000005,0.38415650050452277,0.9999999999999999
484.0744920000188,0.7000927383092457,0.14473684210526316,483.7145059999999,0.3915626955261292,0.9999999999999999
484.3170250000188,0.6829112387572072,0.17793257653938763,483.96444799999995,0.4055916545261923,0.9999999999999999
484.55657100001895,0.6529665690061892,0.2682318541451668,484.22752899999983,0.4255383104230006,0.9999999999999999
484.8429970000189,0.6172964745971228,0.39826281389748885,484.46350200000006,0.4508737926989262,0.9999999999999999
485.056960000019,0.5808662372186073,0.5355177158582732,484.7351249999999,0.4809826444796287,0.9628482972136222
485.3008100000192,0.5456662078259018,0.7125042999656004,484.95938900000004,0.5157278505648032,0.8461472308221536
485.5725770000192,0.5123364622997562,0.8552631578947368,485.199982,0.5546923531366207,0.6571207430340558
485.8017760000194,0.4812211691432192,0.9605263157894737,485.45238900000015,0.5957655872726398,0.4777261781905745
486.04118800001953,0.45252665511621704,0.9999999999999999,485.70288700000026,0.6334570921656527,0.32000343997248015
486.2862730000198,0.4262983734109753,0.9999999999999999,485.9524170000004,0.6596870069724426,0.2477640178878569
486.54259100001974,0.40317443026795746,0.9999999999999999,486.1962530000004,0.6669631075173771,0.2224802201582387
486.7843410000197,0.38566509162019225,0.9999999999999999,486.4491250000005,0.6522788218824913,0.2682318541451668
487.0454660000196,0.3778829186964699,0.9999999999999999,486.6983030000003,0.6189803842826229,0.3910388716890264
487.2939340000197,0.38374405925141697,0.9999999999999999,486.94411400000035,0.5757823017001817,0.5559855521155831
487.5463510000195,0.40448207184725093,0.9999999999999999,487.18907900000045,0.5327109162149108,0.7775197798417613
487.77684200001954,0.4370634944648409,0.9999999999999999,487.4401260000006,0.496456170516981,0.9086687306501547
488.0334330000196,0.47507841394860495,0.9852941176470587,487.67315200000047,0.4694368116095936,0.9999999999999999
488.2779430000197,0.5119735924476755,0.8560371517027863,487.9644130000005,0.45118241618964827,0.9999999999999999
488.5372380000197,0.5430456118034488,0.7257481940144479,488.1738340000006,0.4401525095514424,0.9999999999999999
488.7672090000196,0.5650685561533688,0.6041451668386654,488.4192770000007,0.4350743630338733,0.9999999999999999
489.02620800001955,0.5753453827430117,0.5595975232198142,488.67894000000047,0.43469443362733196,0.9999999999999999
489.28975800001945,0.5725240375349668,0.5716374269005847,488.91043200000036,0.43714069635372427,0.9999999999999999
489.5068160000196,0.557355425879601,0.6426728586171312,489.17103600000013,0.43967442993722944,0.9999999999999999
489.7642600000197,0.5327125612045225,0.7775197798417613,489.41328899999985,0.4395246847891163,0.9999999999999999
490.02157200001955,0.5035509471723869,0.8854489164086686,489.6621499999997,0.43520225729068557,0.9999999999999999
490.27102900001944,0.47505564348242457,0.9852941176470587,489.9055569999996,0.4267181822952907,0.9999999999999999
490.4996420000195,0.4508816826852928,0.9999999999999999,490.1488869999998,0.41479547450347354,0.9999999999999999
490.75408200001965,0.4328341255217053,0.9999999999999999,490.3974699999998,0.40018641134515937,0.9999999999999999
490.99894600001943,0.4210061203566714,0.9999999999999999,490.6474459999999,0.38375689637834176,0.9999999999999999
491.2630930000193,0.4144099003585736,0.9999999999999999,490.8895759999998,0.3669550762982388,0.9999999999999999
491.5039610000194,0.41261472440916946,0.9999999999999999,491.1623979999998,0.3517434439230665,0.9999999999999999
491.74949400001935,0.41808978272372754,0.9999999999999999,491.38546999999954,0.3403648654521344,0.9999999999999999
491.9844180000192,0.43640020366766274,0.9999999999999999,491.63855999999936,0.33505238241872703,0.9999999999999999
492.2373350000193,0.4741288217565257,0.9891640866873064,491.89593099999934,0.33777065546570006,0.9999999999999999
492.49732300001955,0.5353638669797214,0.7654798761609908,492.13348599999915,0.3490645598682072,0.9999999999999999
492.7341670000195,0.6171145837056969,0.39826281389748885,492.3971959999992,0.36814141518149934,0.9999999999999999
492.97675500001964,0.7071862574130027,0.1354489164086687,492.6339129999992,0.3928703701006331,0.9999999999999999
493.22169400001974,0.7860206239468646,0.05263157894736841,492.8795029999992,0.4207231047509903,0.9999999999999999
493.4881820000198,0.833828135065072,0.0,493.12984799999936,0.44953472635898106,0.9999999999999999
493.7216500000197,0.8397400338951635,0.0,493.3673739999993,0.47778963774672784,0.9736842105263157
493.97926100001973,0.8065469594495523,0.025541795665634633,493.6154199999996,0.5044983657471469,0.8831269349845201
494.2163130000198,0.748939421872141,0.09674922600619194,493.87090999999947,0.5285776704333431,0.7943756449948401
494.4610830000196,0.6865681530344189,0.17311661506707943,494.1145169999995,0.5489488539619669,0.6944444444444445
494.71224400001944,0.6349297506267279,0.31759545923632604,494.38405199999954,0.5644036024642829,0.6077571379428964
494.9590040000193,0.6007126889663522,0.45725834193326453,494.61551999999966,0.5736238067674566,0.5692294461644307
495.20497700001937,0.5826492757777175,0.5282937736498108,494.8580209999996,0.5758929342512081,0.5559855521155831
495.46155500001953,0.5753121638296413,0.5595975232198142,495.09990699999946,0.5709519113669271,0.5776573787409701
495.71888900001954,0.5724977813106832,0.5716374269005847,495.3699329999994,0.5586263624658085,0.6342449260405918
495.95599900001974,0.5699139702851121,0.5824733402132783,495.59177899999946,0.5388407929784105,0.7426040591675268
496.2040120000196,0.56788161607287,0.5933092535259717,495.8484289999993,0.5121912203887682,0.8560371517027863
496.4588740000198,0.5708182856679577,0.5788613691090472,496.1002779999995,0.48069173540281873,0.9628482972136222
496.6959900000198,0.5847003795948623,0.5198658410732714,496.34016699999944,0.4481797732303806,0.9999999999999999
496.9399250000198,0.6129435802622833,0.4115067079463365,496.60671799999955,0.4191184840659046,0.9999999999999999
497.18626400001966,0.6538158168339617,0.2646198830409357,496.8426469999995,0.3969380681809127,0.9999999999999999
497.4426470000197,0.7002544974279504,0.14473684210526316,497.08929299999943,0.3835285187660993,0.9999999999999999
497.69812000001986,0.7430726154184983,0.10294117647058819,497.3328859999994,0.3798978137358053,0.9999999999999999
497.94052800002,0.7743388931756909,0.07043343653250773,497.5932239999994,0.38636726870881516,0.9999999999999999
498.17853200001986,0.788955983591699,0.05108359133126935,497.8312689999994,0.4020338384209925,0.9999999999999999
498.42448400001985,0.7853737393236216,0.05263157894736841,498.0762299999995,0.4244816952378062,0.9999999999999999
498.6741930000199,0.7670363270777376,0.07817337461300304,498.33518099999947,0.4497109017943193,0.9999999999999999
498.9261150000201,0.7420074427635629,0.10294117647058819,498.57923499999936,0.4730153547229392,0.9938080495356036
499.1684960000202,0.7194917290746969,0.12074303405572752,498.8479739999995,0.49022147744352246,0.926470588235294
499.4159210000201,0.7066832534281002,0.1362229102167182,499.07652199999944,0.49874826640714925,0.9009287925696593
499.6650710000202,0.7073120096965174,0.1354489164086687,499.31395999999944,0.49789544912882283,0.9024767801857585
499.91245300002,0.7218068365622191,0.1176470588235294,499.58147199999945,0.48904974287999425,0.9303405572755418
500.1849370000199,0.7463185747561867,0.1021671826625387,499.8106969999995,0.4752496462595829,0.9837461300309597
500.41502400001997,0.7730641731897154,0.0719814241486068,500.07899699999933,0.46016444721927996,0.9999999999999999
500.6533130000199,0.7931854011804349,0.0417956656346749,500.31863699999957,0.4476901040330836,0.9999999999999999
500.9129470000198,0.8007951369367987,0.03482972136222908,500.5529289999994,0.4412697660172047,0.9999999999999999
501.1549300000197,0.7955978320619772,0.03947368421052635,500.80143099999935,0.4433799849944236,0.9999999999999999
501.3968320000198,0.7836338507857545,0.05417956656346747,501.05400599999933,0.45529741162411763,0.9999999999999999
501.6535190000198,0.7741260357892542,0.07043343653250773,501.2943839999996,0.4770380693615337,0.9760061919504643
501.8884280000196,0.773653664351903,0.07043343653250773,501.55128899999954,0.5075188787769004,0.8761609907120742
502.1419250000194,0.7823898168060356,0.056501547987616106,501.78381699999966,0.5448074849312184,0.7185242518059856
502.38791800001934,0.7949938503425786,0.04024767801857584,502.0646859999997,0.5845218779843588,0.5210698314413486
502.6358920000193,0.8069155295106142,0.025541795665634633,502.28374599999967,0.6176448793933458,0.39705882352941174
502.8847970000192,0.8174170884663806,0.010061919504643939,502.53460199999955,0.6331821056598738,0.32120743034055727
503.1361150000192,0.8271382401350322,0.0030959752321981222,502.78939799999955,0.6262611228539533,0.35491916064671486
503.3831830000191,0.8358021601068921,0.0,503.0207169999996,0.6006376069773137,0.45725834193326453
503.6336090000191,0.8415329881605065,0.0,503.2792209999993,0.5635030920326451,0.6101651186790505
503.87913400001906,0.842326874528645,0.0,503.51802899999944,0.5214898539431077,0.8232714138286893
504.1191270000189,0.8368251781393099,0.0,503.76322499999964,0.47948349690959924,0.9690402476780186
504.3695950000188,0.8241000086896464,0.006965944272445817,504.0171359999996,0.4405188909337499,0.9999999999999999
504.6413860000189,0.8061963155848619,0.026315789473684206,504.27925699999975,0.40536733550128234,0.9999999999999999
504.8630210000191,0.7895814619985037,0.05108359133126935,504.53596799999974,0.3735763471575285,0.9999999999999999
505.11961200001923,0.7801561879773372,0.05804953560371517,504.75559099999987,0.345217425414648,0.9999999999999999
505.3637470000194,0.7785310657189136,0.0603715170278638,505.0275189999997,0.32151193987347376,0.9999999999999999
505.6144040000192,0.779984070039915,0.05804953560371517,505.27944899999954,0.30451130905426593,0.9999999999999999
505.86486800001904,0.7779108771583303,0.0603715170278638,505.50146999999976,0.2961992801027133,0.9999999999999999
506.102826000019,0.7680833328676366,0.07585139318885449,505.75023799999985,0.2970535091239115,0.9999999999999999
506.35015900001906,0.7502911359489421,0.09442724458204331,506.0065439999997,0.3055255247180436,0.9999999999999999
506.6151270000191,0.7280207702733159,0.11145510835913315,506.24895799999985,0.317986380550167,0.9999999999999999
506.85027600001933,0.7065464728454423,0.1362229102167182,506.48586099999994,0.32983631975164496,0.9999999999999999
507.09266500001917,0.6900980126253649,0.16589267285861714,506.7424139999998,0.3374043687950518,0.9999999999999999
507.34456300001887,0.6793701867438814,0.19117647058823534,506.985852,0.33962157638168194,0.9999999999999999
507.579713000019,0.6709506473965148,0.2104403164774681,507.2328929999998,0.3382522925940784,0.9999999999999999
507.85140000001894,0.6595981679271905,0.2477640178878569,507.50544399999956,0.33645864071539383,0.9999999999999999
508.08158900001877,0.6413279194412462,0.3055555555555556,507.7306329999996,0.3372471352889409,0.9999999999999999
508.36158900001845,0.6155238198683841,0.4018747850017199,507.9789619999994,0.34215224114540355,0.9999999999999999
508.5806370000183,0.5844851420098254,0.5210698314413486,508.2555949999995,0.3511555327792246,0.9999999999999999
508.8260870000182,0.5513879265868438,0.6836085311317509,508.4813289999996,0.3634249261444895,0.9999999999999999
509.08211000001825,0.5187950923052884,0.8365153078775369,508.7693859999995,0.37756295774247023,0.9999999999999999
509.3261290000183,0.4879890346886499,0.9342105263157894,509.0228099999996,0.3919190907892485,0.9999999999999999
509.5644570000184,0.4591966488487836,0.9999999999999999,509.2646769999999,0.4050686356762122,0.9999999999999999
509.8295750000183,0.4325296279895277,0.9999999999999999,509.51100799999983,0.4156985850738555,0.9999999999999999
510.06106400001806,0.4091725842755576,0.9999999999999999,509.7331459999999,0.42207315434537374,0.9999999999999999
510.312794000018,0.39144416584359176,0.9999999999999999,509.9731009999999,0.42243022513055917,0.9999999999999999
510.561796000018,0.3808336350017324,0.9999999999999999,510.2222049999999,0.4157698052820265,0.9999999999999999
510.8373500000176,0.3762208168811844,0.9999999999999999,510.46208699999994,0.403671779198629,0.9999999999999999
511.1303940000173,0.37486566792187825,0.9999999999999999,510.69970999999987,0.390210832335212,0.9999999999999999
511.31074600001745,0.3753851108655662,0.9999999999999999,510.95056200000016,0.3798029234431509,0.9999999999999999
511.5488460000175,0.37948506896736617,0.9999999999999999,511.2011710000002,0.37709263564168316,0.9999999999999999
511.80386500001765,0.3909894980558444,0.9999999999999999,511.4361590000003,0.3865160980646451,0.9999999999999999
512.0513510000176,0.41380528699492225,0.9999999999999999,511.7004500000002,0.41105140512827243,0.9999999999999999
512.2893840000177,0.44938659293582917,0.9999999999999999,511.94250800000026,0.4510702975482949,0.9999999999999999
512.5352440000177,0.49418278917877967,0.9171826625386996,512.2006330000004,0.5032734201800396,0.8869969040247677
512.7961270000176,0.5402515744983536,0.7353801169590644,512.4350210000002,0.5606861509014286,0.6222050223598211
513.0347240000176,0.5797460445322787,0.5391296869625043,512.6773910000002,0.6146753779842036,0.4030787753697971
513.2832870000174,0.6098138707538203,0.424750601995184,512.9673720000001,0.6577275186416791,0.25378396972824224
513.5539300000175,0.6346992408137803,0.31759545923632604,513.171831,0.6845232943913724,0.17672858617131063
513.8074530000174,0.6628226900848636,0.2357241142070863,513.4231849999999,0.692244749582057,0.16107671138630894
514.0264050000176,0.7000343959843507,0.14473684210526316,513.6689370000001,0.6808900389501611,0.18395252837977294
514.2974170000176,0.7444472986055451,0.10294117647058819,513.939829,0.6542104718213071,0.2634158926728586
514.5173640000177,0.7858949686577547,0.05263157894736841,514.1889020000001,0.6190788803893614,0.3910388716890264
514.7745420000177,0.8121970114155036,0.015479876160990695,514.410235,0.5825745708669702,0.5282937736498108
515.0819250000179,0.8160866247167802,0.013157894736842144,514.6631529999999,0.5491920665626869,0.6920364637082903
515.285458000018,0.7979736634770468,0.03637770897832814,514.9130089999999,0.5199140087482161,0.8304953560371517
515.5493120000178,0.7649813038900799,0.07972136222910219,515.159372,0.49290012682933393,0.9195046439628483
515.8168520000178,0.7271762529164914,0.11222910216718264,515.4009209999998,0.4648576465465006,0.9999999999999999
516.0344020000178,0.693517769591636,0.15866873065015472,515.642935,0.43345269080032095,0.9999999999999999
516.276432000018,0.6692974410794088,0.2140522875816993,515.909674,0.3997739662130302,0.9999999999999999
516.505022000018,0.6557829145136316,0.2561919504643963,516.14962,0.36817973251513664,0.9999999999999999
516.791342000018,0.6521469001488901,0.2682318541451668,516.4016950000001,0.34416551749336644,0.9999999999999999
517.082858000018,0.6560996836808546,0.2561919504643963,516.6477870000001,0.33205272224652777,0.9999999999999999
517.2828800000179,0.6640132174276958,0.23211214310285522,516.8957329999998,0.33377427535620574,0.9999999999999999
517.4993090000182,0.6712436279309604,0.20923632610939114,517.169673,0.34994718473654385,0.9999999999999999
517.7461170000183,0.6736105827591504,0.20442036463708294,517.3941270000001,0.38094904308732275,0.9999999999999999
517.9910410000184,0.6679441986315273,0.21766425868593053,517.6348850000002,0.42662955170709,0.9999999999999999
518.2319870000184,0.6537409096294248,0.2646198830409357,517.87555,0.48458555129416636,0.946594427244582
518.5069820000186,0.632816009665218,0.32120743034055727,518.1319589999999,0.5489531794907618,0.6944444444444445
518.7414570000185,0.6077274840111639,0.4367905056759547,518.3919309999998,0.6126086943293717,0.4115067079463365
518.9884940000185,0.5810240415259369,0.5355177158582732,518.6603529999998,0.6692393137889692,0.2140522875816993
519.2235800000187,0.554649958492734,0.6571207430340558,518.8724069999998,0.7145638246734256,0.12770897832817332
519.4798380000186,0.5311906129549757,0.7823357413140696,519.109525,0.7458298924150016,0.10294117647058819
519.7274670000188,0.5138634321825505,0.8529411764705882,519.3991499999998,0.7614516415189648,0.08281733746130031
520.0242920000188,0.5066804558682141,0.8761609907120742,519.6105909999997,0.7617944689479867,0.08281733746130031
520.2122000000187,0.513844099080638,0.8529411764705882,519.8614629999994,0.7491820206763715,0.09674922600619194
520.4718210000187,0.5372651922198379,0.7522359821121432,520.1125369999993,0.7278428491706352,0.11145510835913315
520.7052360000187,0.5736948337126822,0.5692294461644307,520.3649289999993,0.7035911872953396,0.1400928792569659
520.9592900000185,0.6147070716353213,0.4030787753697971,520.6267419999995,0.6829826623258685,0.17793257653938763
521.2066320000185,0.650196469853906,0.27906776745786027,520.8540929999995,0.6736279343929049,0.20442036463708294
521.4551910000187,0.6727901121082491,0.20682834537323702,521.1060209999993,0.6794656876184602,0.19117647058823534
521.7046600000186,0.6802079261041312,0.18756449948400414,521.3419789999994,0.6941037059825125,0.15746474028207774
521.9520310000187,0.6736376685658707,0.20442036463708294,521.5895659999993,0.7017196065800326,0.14164086687306496
522.1932210000186,0.6560533681895058,0.2561919504643963,521.8519739999995,0.6892508981951696,0.16830065359477123
522.4453480000187,0.6323757331340032,0.32120743034055727,522.1075629999995,0.6550585354825407,0.2573959408324733
522.6888490000188,0.6084320760689504,0.43438252493980056,522.3627699999995,0.605614557399807,0.4416064671482628
522.9369440000188,0.5898959216314887,0.5018059855521156,522.5894139999995,0.5496908407188524,0.6896284829721363
523.2288590000189,0.581505181953832,0.5355177158582732,522.8377249999995,0.4945095624511343,0.9156346749226005
523.4339060000191,0.5866204858801116,0.5174578603371173,523.0797879999994,0.4441346040090024,0.9999999999999999
523.6932430000192,0.6060547021547534,0.44040247678018574,523.3346159999995,0.40025433414925204,0.9999999999999999
523.9390010000194,0.6368316170656402,0.313983488132095,523.5841049999996,0.3633128972798758,0.9999999999999999
524.1705800000193,0.6711567410288476,0.20923632610939114,523.8209609999996,0.33341784555808107,0.9999999999999999
524.4281570000196,0.698171095846978,0.14705882352941171,524.0723439999994,0.3107696225980529,0.9999999999999999
524.6762140000196,0.7083769809117911,0.1354489164086687,524.3203979999997,0.295849668100957,0.9999999999999999
524.9156030000194,0.697336396174765,0.14938080495356035,524.5783039999998,0.2896372619099587,0.9999999999999999
525.1666760000193,0.6664947281878286,0.22368421052631582,524.8238469999995,0.29373361821352467,0.9999999999999999
525.4257490000192,0.6212681105765195,0.38381492948056417,525.0771499999996,0.3093810496033536,0.9999999999999999
525.6621330000188,0.5684354402046689,0.5896972824217406,525.3297439999998,0.3361907288328246,0.9999999999999999
525.9101720000184,0.5147296547198962,0.8497592019263848,525.5820749999997,0.3706640090858861,0.9999999999999999
526.1620700000184,0.4658962499324084,0.9999999999999999,525.8206189999999,0.4065689442529711,0.9999999999999999
526.4293050000185,0.42528756939126267,0.9999999999999999,526.0744559999994,0.4372983875932903,0.9999999999999999
526.6493050000181,0.3939640040837041,0.9999999999999999,526.3025449999997,0.4578949235016989,0.9999999999999999
526.9022130000177,0.371820225925801,0.9999999999999999,526.5616229999996,0.466627821178222,0.9999999999999999
527.1512760000177,0.3584594874731899,0.9999999999999999,526.8328189999993,0.4652552302300966,0.9999999999999999
527.3981900000175,0.35259175497338774,0.9999999999999999,527.0739389999995,0.4577916227135857,0.9999999999999999
527.6721840000178,0.3525856506407603,0.9999999999999999,527.2935849999998,0.4495509238360822,0.9999999999999999
527.8912660000178,0.35750051807741884,0.9999999999999999,527.5414429999995,0.44577751953736233,0.9999999999999999
528.139227000018,0.36894333761598713,0.9999999999999999,527.7870849999994,0.44923969158436394,0.9999999999999999
528.3866140000181,0.3910820166016665,0.9999999999999999,528.0430209999993,0.45714141885386606,0.9999999999999999
528.636046000018,0.4267849367623909,0.9999999999999999,528.3271129999996,0.46242735597379236,0.9999999999999999
528.8796550000181,0.4742481244961855,0.9891640866873064,528.5808229999998,0.4596994542207493,0.9999999999999999
529.1265600000185,0.5253769464027178,0.8088235294117647,528.7801649999998,0.44806299089749785,0.9999999999999999
529.3834260000185,0.5685531266675662,0.5896972824217406,529.024619,0.43022264870908566,0.9999999999999999
529.6253120000179,0.5933955177161273,0.48976608187134496,529.2734720000003,0.4112160506896345,0.9999999999999999
529.8793640000176,0.5944738213799019,0.4837461300309597,529.5426620000002,0.3973809532236491,0.9999999999999999
530.1217730000175,0.5744692833777705,0.5668214654282766,529.8008209999999,0.39520848005777964,0.9999999999999999
530.3731950000179,0.5433829038583283,0.724544203646371,530.0263169999998,0.4090268679631046,0.9999999999999999
530.612409000018,0.5132520094190341,0.8537151702786376,530.3194130000003,0.43827572085552857,0.9999999999999999
530.8754280000182,0.4928038793077175,0.9195046439628483,530.5527010000003,0.4765467578346118,0.9767801857585139
531.104626000018,0.48526888440646687,0.9458204334365324,530.7574090000002,0.5132809731269184,0.8537151702786376
531.3680450000177,0.4896843977366654,0.9287925696594426,531.0410889999999,0.5379999501203392,0.7438080495356038
531.5964990000166,0.5032669913709007,0.8869969040247677,531.2517209999996,0.5445750427489597,0.7185242518059856
531.8530090000166,0.5215038786714055,0.8232714138286893,531.5061059999999,0.533064711311062,0.7775197798417613
532.0999080000164,0.5389378677144728,0.7414000687994495,531.7585100000003,0.5088827898739604,0.8722910216718266
532.3558540000162,0.5508200790641664,0.6848125214998281,532.0005520000004,0.4793502388554423,0.9690402476780186
532.6217420000161,0.5547223486522727,0.6559167526659788,532.2534710000003,0.4497373356078959,0.9999999999999999
532.8405530000161,0.5515105437872053,0.6812005503955969,532.4984010000003,0.42198831372845613,0.9999999999999999
533.0836450000165,0.5441130364819459,0.724544203646371,532.7790860000001,0.3960854318103355,0.9999999999999999
533.3442260000163,0.5355874692791159,0.7630718954248366,532.9790690000001,0.3727651936900433,0.9999999999999999
533.598167000016,0.5281417999577505,0.7979876160990714,533.2356349999999,0.3541330744060306,0.9999999999999999
533.8460090000162,0.5229880939662324,0.8172514619883041,533.4931079999998,0.3434422021834011,0.9999999999999999
534.0850710000167,0.5197763135533902,0.8316993464052287,533.7516750000001,0.34347011502162317,0.9999999999999999
534.3340990000171,0.5167059831837882,0.8449432404540763,533.9840359999997,0.3552073438431589,0.9999999999999999
534.5731150000167,0.5128768074263157,0.8544891640866873,534.2275550000002,0.3772552038726804,0.9999999999999999
534.8260170000169,0.5098711715368422,0.8668730650154798,534.4786880000001,0.40611974514669774,0.9999999999999999
535.070516000017,0.510811042469323,0.8622291021671825,534.74367,0.43620548151450345,0.9999999999999999
535.3515910000168,0.5179526627746862,0.8389232886136911,534.9722419999999,0.4614232876631502,0.9999999999999999
535.5684200000165,0.5309682518436043,0.7823357413140696,535.2320189999999,0.4779862563929522,0.9736842105263157
535.8108530000166,0.5471756675726938,0.7052803577571379,535.4819579999998,0.48590749899598945,0.9419504643962847
536.0668330000167,0.5623147455166697,0.6125730994152048,535.7109759999996,0.4883577594656907,0.9334365325077398
536.3018070000163,0.571630262195541,0.575249398004816,535.9684479999997,0.4898175517757087,0.9287925696594426
536.561423000016,0.5718549309918718,0.574045407636739,536.2060019999993,0.49355135238822995,0.9187306501547987
536.8068890000158,0.5635438772670013,0.6101651186790505,536.4499769999991,0.5004849993991458,0.8955108359133126
537.0501290000155,0.5516345834654176,0.6799965600275197,536.7269529999988,0.5096593584630624,0.8691950464396284
537.3126860000154,0.5427023700757208,0.7257481940144479,537.0059489999986,0.5196160415421697,0.8341073271413829
537.5434710000158,0.5416172631576104,0.728156174750602,537.2100029999984,0.5290499260972763,0.793171654626763
537.7975060000156,0.5488276349065823,0.6944444444444445,537.4422389999985,0.5388255959115836,0.7426040591675268
538.0385850000152,0.558579754027323,0.6342449260405918,537.6991349999985,0.5527208356080201,0.6703646370829034
538.2895770000152,0.5620559594728806,0.6125730994152048,537.9366279999988,0.5753627829220902,0.5595975232198142
538.5473310000152,0.5533894888343827,0.6679566563467493,538.1872219999992,0.608101644832944,0.4355865153078775
538.7897330000146,0.5323835048233369,0.7799277605779154,538.4321349999991,0.64683940505956,0.28749570003439967
539.0297620000147,0.5028035008881624,0.8869969040247677,538.6837749999991,0.6854375823267249,0.1755245958032335
539.2786500000143,0.4700131797977024,0.9999999999999999,538.9296609999991,0.7195784093762888,0.12074303405572752
539.5390100000143,0.43904971872499365,0.9999999999999999,539.199639999999,0.7478184200969331,0.09907120743034058
539.7735970000143,0.41356896796758347,0.9999999999999999,539.4371859999989,0.7706513193329562,0.07352941176470586
540.0279740000137,0.3957776669741667,0.9999999999999999,539.686681999999,0.7887630544201009,0.05108359133126935
540.2822210000139,0.3870752888640864,0.9999999999999999,539.948549999999,0.8014921987667799,0.03482972136222908
540.5160540000136,0.3886980869684986,0.9999999999999999,540.1711459999987,0.8058982219567503,0.027089783281733778
540.7585680000138,0.40176163836090467,0.9999999999999999,540.4267949999991,0.796519692985427,0.037151702786377715
541.0535270000137,0.42634652883383317,0.9999999999999999,540.6717689999988,0.7679486216045011,0.07662538699690398
541.2648570000134,0.460681271087015,0.9999999999999999,540.9097799999986,0.7192579170990439,0.12074303405572752
541.5076360000132,0.5000129258902193,0.8962848297213621,541.1541409999988,0.6566591366253094,0.2561919504643963
541.7608000000126,0.537488481519685,0.7510319917440662,541.4139549999991,0.5909144226618701,0.4993980048159615
542.0187090000126,0.5678851526180966,0.5933092535259717,541.6615129999989,0.5325240577605445,0.7787237702098384
542.2471450000126,0.5901040443923322,0.5018059855521156,541.9338509999989,0.48873383922594693,0.9311145510835912
542.5011170000129,0.6061582449471334,0.44040247678018574,542.1938399999993,0.46294987834210405,0.9999999999999999
542.7458030000129,0.619276732802899,0.3910388716890264,542.4602249999991,0.4551166162428679,0.9999999999999999
542.9932660000127,0.632248185105394,0.32120743034055727,542.6637449999989,0.46235189215571365,0.9999999999999999
543.2416970000127,0.6458726797548844,0.2911076711386309,542.9387359999989,0.48013141324776765,0.9651702786377708
543.5168150000129,0.6587928426767579,0.2489680082559339,543.2076669999984,0.504159220566426,0.8839009287925695
543.7366520000127,0.6686263556432869,0.21646026831785342,543.4573849999982,0.5311141279486005,0.7823357413140696
543.9923050000131,0.6731533306501306,0.2056243550051599,543.7110399999979,0.5595001868550752,0.6306329549363605
544.2289450000134,0.6714410923662852,0.20923632610939114,543.9816689999979,0.5892457782987277,0.5030099759201926
544.4741660000135,0.6640030635521909,0.23211214310285522,544.1621229999977,0.6217362792061587,0.382610939112487
544.7230780000137,0.65204134553292,0.2682318541451668,544.4320769999974,0.6600360051956722,0.2477640178878569
545.0114010000142,0.6362737837952646,0.315187478500172,544.6239739999974,0.705944235743658,0.1362229102167182
545.2168530000142,0.6160495360562929,0.4018747850017199,544.9143749999973,0.7576716887572952,0.08591331269349843
545.4687820000139,0.5897703369234071,0.5018059855521156,545.1159499999974,0.807912246245278,0.025541795665634633
545.7146880000137,0.5570564381294567,0.6426728586171312,545.3939369999971,0.8444960754650707,0.0
545.9652020000138,0.519801514178658,0.8316993464052287,545.6152849999967,0.8552376139451255,0.0
546.2351640000137,0.48127285163411226,0.9597523219814241,545.8602709999961,0.8348281455958443,0.0
546.4660770000139,0.445325979758156,0.9999999999999999,546.1161729999963,0.7884640928746456,0.05108359133126935
546.7175460000141,0.41555981305356804,0.9999999999999999,546.3578659999964,0.7292765991718826,0.109907120743034
546.9646320000143,0.3952184554594008,0.9999999999999999,546.6148089999965,0.6723665700097333,0.20682834537323702
547.2071520000139,0.38725631817879014,0.9999999999999999,546.8613989999965,0.6294290076591524,0.33685930512555895
547.4502210000134,0.39296978732958937,0.9999999999999999,547.1157289999962,0.6053237643672429,0.4416064671482628
547.6948570000133,0.41038046152041646,0.9999999999999999,547.3496859999962,0.5972536488179816,0.47411420708634333
547.9421060000132,0.4342151707915607,0.9999999999999999,547.6005919999964,0.5972837245375602,0.47411420708634333
548.1906650000133,0.4584084725415084,0.9999999999999999,547.8652819999961,0.5975301886453768,0.4717062263501892
548.4505620000131,0.4789452387210868,0.9690402476780186,548.1353119999959,0.5930443283299951,0.48976608187134496
548.6844960000133,0.4943099983256566,0.9164086687306501,548.3472609999956,0.5818177825098302,0.5343137254901961
548.9505000000132,0.5048743895635701,0.8815789473684209,548.5766969999954,0.5643160690308706,0.6077571379428964
549.1929180000132,0.5118674054219022,0.8560371517027863,548.8751089999957,0.542927747377062,0.7257481940144479
549.4678470000132,0.5163493142054905,0.8461472308221536,549.0855809999961,0.5217198125385532,0.8220674234606123
549.6933610000133,0.5185647910069824,0.8377192982456142,549.3592349999958,0.5051955348556927,0.8808049535603715
549.9300420000131,0.5180450917927719,0.8389232886136911,549.586088999996,0.4967121412891707,0.9063467492260061
550.1840160000137,0.514106146475706,0.8521671826625387,549.8135939999961,0.49784747916176775,0.9024767801857585
550.4274220000136,0.5060708181261866,0.8784829721362228,550.0719969999956,0.5089908600651036,0.871517027863777
550.6980540000134,0.49402536825183363,0.9171826625386996,550.3148919999953,0.5290744776566518,0.793171654626763
550.9161050000134,0.47988508113085226,0.9674922600619194,550.5619799999952,0.5554141103268345,0.6498968008255933
551.1624010000137,0.4668892860659162,0.9999999999999999,550.8212759999952,0.5839795401706899,0.5234778121775026
551.445430000014,0.457934758121733,0.9999999999999999,551.0555899999954,0.6092482463745568,0.4283625730994153
551.6561620000141,0.4548446367878313,0.9999999999999999,551.3271349999953,0.6255076278912534,0.358531131750946
551.916116000014,0.4580194834395686,0.9999999999999999,551.5479769999948,0.6299443100214442,0.3320433436532508
552.1508990000141,0.46719985317058066,0.9999999999999999,551.8144949999943,0.6249998700403587,0.36334709322325426
552.4039150000143,0.4818727622868082,0.956656346749226,552.0625709999941,0.6165082299164077,0.3994668042655658
552.6643880000139,0.5015287246989072,0.891640866873065,552.2969649999935,0.6087117332149314,0.43197454420364634
552.8919470000143,0.5256831915690968,0.8064155486756105,552.5669249999934,0.6009399546563141,0.45725834193326453
553.1519400000143,0.5530759791951929,0.6691606467148263,552.8015529999936,0.5898361190485223,0.5018059855521156
553.3964430000145,0.5806334529789424,0.5379256965944271,553.039342999994,0.572646787885779,0.5716374269005847
553.6343480000147,0.6035103915557778,0.4500343997248022,553.3093619999938,0.5492997167110902,0.6920364637082903
553.9044550000143,0.6168770618903119,0.39826281389748885,553.5414839999942,0.522614755389933,0.8184554523563812
554.1349600000144,0.6188862505541677,0.3910388716890264,553.7787999999938,0.4965601995441663,0.9078947368421052
554.3784990000144,0.6132737915180049,0.4103027175782593,554.0255109999937,0.47458287282415607,0.9876160990712073
554.6248530000147,0.6082355559646125,0.43438252493980056,554.2743999999936,0.4601185858254365,0.9999999999999999
554.8822170000144,0.6130037806137969,0.4115067079463365,554.5439899999936,0.4571491721170312,0.9999999999999999
555.1234250000143,0.6336002054549719,0.3187994496044032,554.7779429999936,0.46972053223571697,0.9999999999999999
555.366687000014,0.6699911781599701,0.2140522875816993,555.0327199999938,0.4986377926222836,0.901702786377709
555.624752000014,0.7149424059640114,0.12693498452012383,555.2607199999937,0.5371270925719773,0.7546439628482974
555.8721640000142,0.7572338593157918,0.086687306501548,555.5104719999938,0.5718573198503791,0.574045407636739
556.1117180000139,0.7876095618624682,0.05185758513931884,555.7868729999941,0.591337589236708,0.49819401444788436
556.3582620000137,0.8014209076982823,0.03482972136222908,556.0477779999942,0.5923879637627103,0.49578603371173036
556.6114350000134,0.7995932405716224,0.03560371517027865,556.2623869999944,0.5787948464193637,0.5427416580667355
556.8552260000134,0.7871345352348831,0.05185758513931884,556.5242849999939,0.5572339048182597,0.6426728586171312
557.1276060000134,0.7705080384604203,0.07352941176470586,556.7552539999938,0.5338361691779223,0.7739078087375302
557.3542150000135,0.7548898965275244,0.08823529411764706,557.0092919999936,0.5121594453068739,0.8560371517027863
557.5963210000136,0.7419372130103087,0.10294117647058819,557.2461419999934,0.49326006417665236,0.9187306501547987
557.8735840000141,0.7293515173888172,0.109907120743034,557.490216999993,0.4767374346057198,0.9767801857585139
558.0953710000146,0.7127723251422234,0.13003095975232196,557.7440429999932,0.46226591627359453,0.9999999999999999
558.3710280000141,0.6886350916945378,0.16950464396284823,557.9906639999931,0.4507584575951955,0.9999999999999999
558.5917670000139,0.6561620637962514,0.2561919504643963,558.2446489999937,0.44397672701591906,0.9999999999999999
558.8393370000136,0.6176590565421971,0.39705882352941174,558.4914819999939,0.4432430599829038,0.9999999999999999
559.0895830000136,0.5768964578520421,0.553577571379429,558.7343669999937,0.4479893954020172,0.9999999999999999
559.3339150000136,0.5385684286325569,0.7438080495356038,558.9822389999939,0.4554388983910531,0.9999999999999999
559.5894990000132,0.5074585546527235,0.8761609907120742,559.2287659999943,0.46189130199193656,0.9999999999999999
559.8374350000134,0.48764356323717195,0.936532507739938,559.4838299999943,0.4644317715061621,0.9999999999999999
560.0698120000133,0.4816121257822294,0.958204334365325,559.7421149999943,0.46183945325631587,0.9999999999999999
560.3297960000131,0.4894700888422831,0.9295665634674922,559.9714689999942,0.4544910759747505,0.9999999999999999
560.5896920000131,0.5082307941192591,0.8753869969040247,560.2320489999937,0.4438978554959182,0.9999999999999999
560.8217160000127,0.5312476176404876,0.7823357413140696,560.4573849999933,0.4320314976148766,0.9999999999999999
561.066243000013,0.549126122211392,0.6920364637082903,560.7259489999933,0.4207419062623194,0.9999999999999999
561.3155910000128,0.5539433909731052,0.663140694874441,560.9604269999933,0.41148855553469954,0.9999999999999999
561.584721000013,0.5440369653053229,0.724544203646371,561.2009129999936,0.40478387255675974,0.9999999999999999
561.8161760000133,0.5238998415161735,0.812435500515996,561.4582489999934,0.40019978835306946,0.9999999999999999
562.0617040000133,0.49962281069985326,0.8986068111455108,561.7046599999934,0.39670495959043395,0.9999999999999999
562.3007660000135,0.47543310436428904,0.9821981424148606,561.9438329999934,0.3928144357951448,0.9999999999999999
562.5626870000136,0.45303065633670764,0.9999999999999999,562.2446239999938,0.38684740902012243,0.9999999999999999
562.7983230000139,0.4323189234199636,0.9999999999999999,562.4531509999932,0.3772709822638141,0.9999999999999999
563.047616000014,0.41282492891263833,0.9999999999999999,562.6937289999927,0.3633766188758752,0.9999999999999999
563.2908940000142,0.3944952177048878,0.9999999999999999,562.9484489999928,0.3460564846636934,0.9999999999999999
563.5539670000137,0.37877681665747553,0.9999999999999999,563.192899999993,0.3277758660570521,0.9999999999999999
563.7958310000141,0.3689768535531115,0.9999999999999999,563.4508029999929,0.31169984388738475,0.9999999999999999
564.032706000014,0.36921688939786523,0.9999999999999999,563.6832899999928,0.30074012664233724,0.9999999999999999
564.2862590000144,0.38219894021934386,0.9999999999999999,563.9371879999927,0.2966944641352199,0.9999999999999999
564.5326450000141,0.40681694455457246,0.9999999999999999,564.2027519999923,0.2995142271869046,0.9999999999999999
564.7904710000141,0.4376766846191893,0.9999999999999999,564.4314599999922,0.3070299302016173,0.9999999999999999
565.036434000014,0.4670169824485777,0.9999999999999999,564.6777149999917,0.31530563240284587,0.9999999999999999
565.2699550000141,0.4862202371031497,0.9419504643962847,564.9213949999913,0.32024669376410403,0.9999999999999999
565.5299370000143,0.4886396956901109,0.9311145510835912,565.1689639999912,0.31974754833246155,0.9999999999999999
565.7873490000143,0.47312084464318427,0.9922600619195046,565.4175179999912,0.314420125558945,0.9999999999999999
566.0419910000143,0.4444828622178497,0.9999999999999999,565.659404999991,0.307501021339976,0.9999999999999999
566.2673320000141,0.40988132234494445,0.9999999999999999,565.911886999991,0.3036816147964355,0.9999999999999999
566.5189910000138,0.37581383223373527,0.9999999999999999,566.165736999991,0.3078418099353356,0.9999999999999999
566.7714090000139,0.3468817307047213,0.9999999999999999,566.4080969999911,0.32374302725523946,0.9999999999999999
567.0153700000137,0.32590598285299355,0.9999999999999999,566.6825929999911,0.3521705976695949,0.9999999999999999
567.2594050000139,0.3146672700028993,0.9999999999999999,566.9055819999909,0.3900301413944104,0.9999999999999999
567.5192520000144,0.3141950560033271,0.9999999999999999,567.1470539999912,0.4313691145427535,0.9999999999999999
567.755889000014,0.32486987809781714,0.9999999999999999,567.397862999991,0.4696780541273494,0.9999999999999999
568.0346910000137,0.34570195783838814,0.9999999999999999,567.6537929999913,0.499839940761455,0.8978328173374612
568.241737000014,0.37377836693633937,0.9999999999999999,567.9028179999913,0.5193522745313567,0.83531131750946
568.522230000014,0.40499153989086917,0.9999999999999999,568.1632689999911,0.5291134838813947,0.793171654626763
568.7910590000139,0.4356782148379803,0.9999999999999999,568.3987079999907,0.533407705898426,0.7751117991056071
568.990720000014,0.4624930538783968,0.9999999999999999,568.6862689999906,0.5386805763149827,0.7438080495356038
569.2545450000144,0.48172030870160415,0.9574303405572755,568.8932109999906,0.5523163290214587,0.6727726178190576
569.4829560000148,0.48973043565227403,0.9287925696594426,569.1231519999903,0.5811142435090776,0.5355177158582732
569.730994000015,0.48490944987787393,0.946594427244582,569.3762279999902,0.6282681117847317,0.3416752665978672
569.9875490000154,0.4706460287051582,0.9999999999999999,569.6248169999905,0.6908767943665888,0.16348469212246305
570.2280670000152,0.45512861253323955,0.9999999999999999,569.87216699999,0.7577730223756375,0.08591331269349843
570.4685310000151,0.4475327512928464,0.9999999999999999,570.1561169999898,0.8128109450267866,0.014705882352941206
570.7248170000155,0.45490645032424915,0.9999999999999999,570.3804769999894,0.8426497673316586,0.0
570.9654740000152,0.48041420339078456,0.9628482972136222,570.6086029999893,0.8426647740039288,0.0
571.2133040000155,0.5239886198297488,0.812435500515996,570.8651599999895,0.8178215927947742,0.010061919504643939
571.4613860000154,0.5826172554752274,0.5282937736498108,571.1284949999896,0.7796431212009307,0.05882352941176474
571.7056570000149,0.6503911288287807,0.27906776745786027,571.3670119999896,0.7422568600708392,0.10294117647058819
571.9652210000147,0.7176715825167067,0.12383900928792564,571.6224769999895,0.7186875934393813,0.12151702786377709
572.2044810000143,0.7746706081750376,0.07043343653250773,571.8524959999895,0.7168681701387482,0.12383900928792564
572.4768470000138,0.8170273861920385,0.01083591331269351,572.1056099999896,0.7372126607742903,0.10526315789473682
572.7019820000137,0.8478516306459278,0.0,572.3939819999897,0.7726201136233213,0.0719814241486068
572.9443870000133,0.8765544719546404,0.0,572.6751079999896,0.8113675063166215,0.017801857585139327
573.1968000000131,0.91449297055695,0.0,572.9271799999892,0.8437360047486169,0.0
573.4403300000133,0.9670936225578121,0.0,573.2746369999891,0.8675827673865179,0.0
573.6897950000131,1.0259420641236963,0.0,573.540355999989,0.88957810074285,0.0
573.9532170000128,1.0712357044183356,0.0,573.7494719999893,0.9205122122860154,0.0
574.1826880000128,1.086087431194351,0.0,573.967424999989,0.9675866412787605,0.0
574.4432130000131,1.0675095557211987,0.0,574.1825189999892,1.027973691715523,0.0
574.6851000000129,1.0250993158212875,0.0,574.4108999999889,1.0878992058614299,0.0
574.9550620000127,0.9734641735169739,0.0,574.6739719999888,1.1282274321696915,0.0
575.1761910000125,0.9254589028602428,0.0,574.9758599999889,1.1314336028084786,0.0
575.4299560000123,0.8886827686406301,0.0,575.1812529999892,1.0895896316013518,0.0
575.6759440000122,0.8645940318015775,0.0,575.3830999999889,1.0088194628501388,0.0
575.9204010000121,0.8499263128886614,0.0,575.6120189999887,0.9072058967623392,0.0
576.1623390000121,0.8398790111020592,0.0,575.8018899999887,0.8057177398873071,0.02863777089783284
576.4155120000124,0.8297228685645279,0.0015479876160990611,576.0599449999889,0.7187143529500274,0.12151702786377709
576.6634160000128,0.8154537538494795,0.013157894736842144,576.3403949999886,0.650266935138915,0.27906776745786027
576.9293480000123,0.7947195173933791,0.04102167182662541,576.6176929999883,0.5975817926896808,0.4717062263501892
577.1612090000124,0.7680108660934047,0.07585139318885449,576.9635669999884,0.5572247111419432,0.6426728586171312
577.4063360000126,0.740020944792198,0.10371517027863776,577.1881489999885,0.5286047650873451,0.7943756449948401
577.6501560000119,0.7184841462061045,0.12229102167182658,577.4345449999886,0.5140256869099809,0.8529411764705882
577.9007850000115,0.7123672164832393,0.13003095975232196,577.7065199999881,0.5175231350691485,0.8389232886136911
578.1461300000119,0.7273920004660293,0.11222910216718264,577.924521999988,0.5403490080934219,0.7353801169590644
578.3940460000122,0.7631616930506371,0.08126934984520125,578.1904419999877,0.5765428308113997,0.5547815617475059
578.643996000012,0.8133670723139913,0.014705882352941206,578.464924999988,0.6137682755960109,0.40669074647402825
578.8994600000124,0.8671664376426791,0.0,578.6171999999883,0.6393919902776464,0.3079635362917097
579.1408680000122,0.9129304345689393,0.0,578.832799999988,0.6455948161154547,0.2911076711386309
579.3853460000122,0.9418572684700793,0.0,579.0919419999881,0.6320691501689131,0.32241142070863427
579.6307990000122,0.9502258790486146,0.0,579.2853289999877,0.6045223473287432,0.4452184382524941
579.8797820000119,0.9389770587311143,0.0,579.5427139999881,0.5718498899859928,0.574045407636739
580.1466960000121,0.9119503571621511,0.0,579.7664459999882,0.5427507887806176,0.7257481940144479
580.3747550000121,0.8745845933153624,0.0,580.0507539999882,0.5228885035827127,0.8172514619883041
580.623736000012,0.8325838132758195,0.0,580.2621569999886,0.5124982188737778,0.8552631578947368
580.8816050000117,0.7905479357396609,0.04798761609907123,580.5272549999886,0.5068123147693155,0.8761609907120742
581.1181990000118,0.7515379385158906,0.09287925696594425,580.8121049999885,0.49951962407277795,0.8986068111455108
581.3665440000115,0.7175607182778313,0.12383900928792564,581.0337389999884,0.4868938958896496,0.9388544891640866
581.6148840000112,0.6897333876597393,0.16589267285861714,581.2709769999889,0.470117160643416,0.9999999999999999
581.8748770000113,0.6686984266929585,0.21525627794977642,581.5319789999887,0.45536525223979957,0.9999999999999999
582.1072510000108,0.6548440638931247,0.2573959408324733,581.7810279999883,0.4509864074023287,0.9999999999999999
582.3613350000106,0.6477101020638805,0.2850877192982456,582.0457679999881,0.46495030263754034,0.9999999999999999
582.6088430000108,0.6462228289448723,0.2899036807705538,582.3943109999881,0.5034318091049053,0.8862229102167182
582.8533280000104,0.6504122273069521,0.27906776745786027,582.6132859999882,0.569487391461952,0.5848813209494323
583.0970940000102,0.6615877158838472,0.2441520467836257,582.8127309999879,0.6608359356085486,0.24535603715170282
583.3611390000104,0.6814724612861272,0.18154454764361883,583.0186529999877,0.7683812279268951,0.07585139318885449
583.6031420000104,0.711710800975254,0.13003095975232196,583.2506849999876,0.8773008224921645,0.0
583.8465810000102,0.7537810792824683,0.08978328173374613,583.4882849999877,0.970265210873666,0.0
584.0890740000103,0.8079294606012959,0.024767801857585144,583.7302029999877,1.0331065929279966,0.0
584.3496710000102,0.8700763861830263,0.0,583.9921719999875,1.058453103928814,0.0
584.6033910000102,0.9291452270024718,0.0,584.2517289999874,1.0464505567519455,0.0
584.8306320000102,0.9693304578652228,0.0,584.4721339999874,1.0046248592006113,0.0
585.0857340000102,0.979068628865384,0.0,584.7221359999871,0.9458985691450696,0.0
585.3398010000101,0.9587638395238178,0.0,584.9830209999869,0.8846003642764426,0.0
585.5741480000105,0.9187742132416021,0.0,585.2460749999872,0.8317883213869469,0.0
585.8309500000104,0.8708258578509115,0.0,585.4740719999871,0.7920325313928306,0.04411764705882353
586.0860940000107,0.8229219296816437,0.008513931888544877,585.7126579999868,0.7639084294010298,0.07972136222910219
586.3340410000102,0.778045414732649,0.0603715170278638,586.0320799999874,0.7435495441943879,0.10294117647058819
586.56089000001,0.7367577392105106,0.10526315789473682,586.2436919999875,0.7271432998556642,0.11222910216718264
586.8173310000103,0.7015348050199373,0.14164086687306496,586.5169959999876,0.7126797894040056,0.13003095975232196
587.0689430000104,0.6775478523672752,0.19358445132438945,586.7304219999878,0.7002751251883367,0.14473684210526316
587.3112010000101,0.669500084471661,0.2140522875816993,586.9595289999875,0.6917086031030926,0.16228070175438594
587.5631300000101,0.6793749608645983,0.19117647058823534,587.2350759999875,0.6908042950034406,0.16348469212246305
587.8347270000103,0.7047738469437139,0.13699690402476777,587.4442899999867,0.7035611410657715,0.1400928792569659
588.0490730000107,0.7393382268128208,0.10371517027863776,587.7335559999867,0.7360489537460116,0.10526315789473682
588.296614000011,0.7744689931966454,0.07043343653250773,587.938736999987,0.790403978175563,0.04798761609907123
588.544190000011,0.8026978536883472,0.03328173374613002,588.1827279999865,0.8618801426935772,0.0
588.7966270000113,0.8194497513007051,0.010061919504643939,588.4320369999862,0.9388197976347299,0.0
589.0721020000113,0.8219306979376764,0.00928792569659445,588.6880459999865,1.0042645938642245,0.0
589.2976380000107,0.8091236617336338,0.023993808049535572,588.9292339999868,1.041554084934541,0.0
589.5409420000108,0.7805516891807103,0.057275541795665595,589.1903849999868,1.0424461571314476,0.0
589.7780490000104,0.7367558853562091,0.10526315789473682,589.4548309999869,1.0107328212383893,0.0
590.0494930000102,0.6813024614932819,0.18154454764361883,589.6751389999871,0.9576946951307496,0.0
590.29152500001,0.6212674885586772,0.38381492948056417,589.919376999987,0.8945250479275833,0.0
590.5249220000096,0.5635809779376169,0.6101651186790505,590.176377999987,0.8281941856767255,0.002321981424148633
590.7863630000096,0.5120748756597814,0.8560371517027863,590.4151479999869,0.7609346272033455,0.08281733746130031
591.0234610000095,0.46831427622183025,0.9999999999999999,590.6570119999866,0.6921363749856043,0.16107671138630894
591.2679240000101,0.43322168902270153,0.9999999999999999,590.9395419999867,0.6217590187589386,0.382610939112487
591.5348240000097,0.40831373311918556,0.9999999999999999,591.160085999986,0.5522812580389669,0.6727726178190576
591.7600290000106,0.3961977706901482,0.9999999999999999,591.4125939999857,0.48753127433250854,0.936532507739938
592.0311520000108,0.3997270287399654,0.9999999999999999,591.6554919999861,0.4308421182201129,0.9999999999999999
592.279405000011,0.41905430501013896,0.9999999999999999,591.8973109999863,0.3843353354997959,0.9999999999999999
592.5215140000113,0.4484697360506428,0.9999999999999999,592.1581509999863,0.3493151760267824,0.9999999999999999
592.7618000000117,0.47777615465811374,0.9736842105263157,592.4292579999865,0.3271366199948802,0.9999999999999999
592.9977870000114,0.49842829675929806,0.901702786377709,592.6766689999869,0.3195636981689354,0.9999999999999999
593.2508440000114,0.5076542594618861,0.8761609907120742,592.8896959999873,0.32781300334753694,0.9999999999999999
593.5088790000116,0.5072607027354594,0.8761609907120742,593.1416259999876,0.35101578567152913,0.9999999999999999
593.7427340000118,0.5015698077460089,0.891640866873065,593.3828689999877,0.38621013117471314,0.9999999999999999
593.993221000012,0.49502808313713775,0.914860681114551,593.6476729999875,0.42993818244544324,0.9999999999999999
594.2731810000128,0.49092499449603055,0.923374613003096,593.8812259999876,0.4805342512584603,0.9628482972136222
594.4907690000123,0.49145496794391047,0.9210526315789473,594.1561819999873,0.5387330747796415,0.7426040591675268
594.7451980000117,0.49791364383579056,0.9024767801857585,594.3747149999875,0.6061597418424375,0.44040247678018574
594.9906770000117,0.511003013207565,0.8622291021671825,594.6248069999878,0.6814088415882005,0.18154454764361883
595.2342040000119,0.5315513637497836,0.7811317509459926,594.8684969999879,0.7566704789988377,0.086687306501548
595.4905940000115,0.5600686206609445,0.6270209838321293,595.1145169999879,0.8176241937936682,0.010061919504643939
595.7310720000115,0.5957991169851823,0.4777261781905745,595.4007449999876,0.848640062819903,0.0
595.9811410000119,0.6377173980758442,0.31277949776401787,595.6138339999878,0.841208739220477,0.0
596.2273910000118,0.6856814169886114,0.1755245958032335,595.8591649999876,0.7988313890787064,0.03560371517027865
596.4678330000121,0.7391484051615107,0.10371517027863776,596.1252859999872,0.7338203287258066,0.1060371517027864
596.709824000012,0.7929863518620368,0.04256965944272447,596.3895009999876,0.6601213050416868,0.2477640178878569
596.9657460000119,0.8331075557893572,0.0,596.7044889999871,0.5881179516143512,0.5078259373925008
597.2197220000122,0.8422787261115181,0.0,596.970832999987,0.5241118764786813,0.812435500515996
597.4563180000117,0.8160970127914104,0.013157894736842144,597.2748709999865,0.47201516785742664,0.9976780185758513
597.7102380000119,0.7670600789629751,0.07739938080495355,597.537530999986,0.43465074062542164,0.9999999999999999
597.9593190000121,0.7122613846187704,0.13003095975232196,597.7773969999857,0.4155675520328387,0.9999999999999999
598.2011500000121,0.6642820667009746,0.2309081527347781,598.1876859999859,0.4207461119602772,0.9999999999999999
598.4525790000123,0.6288667843199031,0.33806329549363606,598.3406439999858,0.45779876444887546,0.9999999999999999
598.7082080000127,0.6061389640751174,0.44040247678018574,598.6247329999852,0.5666790018134753,0.59812521499828
598.9385720000129,0.5922231579185112,0.49578603371173036,598.7892409999855,0.7062490562659195,0.1362229102167182
599.1908720000135,0.5813099206788869,0.5355177158582732,598.9450379999853,0.8360345561764227,0.0
599.4350790000134,0.5685743159412034,0.5896972824217406,599.1505319999853,0.962206111108731,0.0
599.691999000013,0.5524311636607082,0.6727726178190576,599.4445289999852,1.086970970929268,0.0
599.9569440000132,0.5348524088238691,0.769091847265222,599.6919249999852,1.207760815481042,0.0
600.2464440000135,0.5195092591887291,0.83531131750946,599.9936979999848,1.322141439575763,0.0
600.4288320000135,0.5091134072261272,0.8707430340557274,600.254153999985,1.4291166880211748,0.0
600.6795420000137,0.5039581262589421,0.8839009287925695,600.488260999985,1.5288671252643278,0.0
600.9239030000139,0.502079097306034,0.8893188854489164,600.7975189999851,1.622135588175207,0.0
601.236319000014,0.5016150582580333,0.8908668730650154,601.0157249999852,1.7097476650307235,0.0
601.4214370000137,0.5040262656677261,0.8839009287925695,601.2328449999851,1.7923332211131513,0.0
601.669418000014,0.5156639714681587,0.8473512211902305,601.4926509999849,1.8703433271733605,0.0
601.9218430000144,0.5462073324171288,0.7113003095975232,601.7344039999849,1.9429896564802482,0.0
602.1637600000148,0.6046492679086826,0.4452184382524941,601.9867379999852,2.0010688240581587,0.0
602.4068510000145,0.6950237456651887,0.15505675954592366,602.1966569999852,2.0221403611972706,0.0
602.6768470000145,0.813624346577857,0.014705882352941206,602.3966469999849,1.966508811562379,0.0
602.921673000014,0.9491970064664346,0.0,602.5837279999846,1.7834460170526203,0.0
603.1730690000142,1.0864283445292975,0.0,602.7897199999845,1.602786859152743,0.0
603.4054890000142,1.209842302656157,0.0,603.0367099999844,1.4457916612616049,0.0
603.6503750000138,1.3058020341185714,0.0,,,
603.9337450000141,1.3653823363133326,0.0,,,
604.1486910000139,1.3849114946148213,0.0,,,
604.416731000014,1.364512148387929,0.0,,,
604.6423810000142,1.3071118087535263,0.0,,,
604.8843100000142,1.2196977255464085,0.0,,,
605.1309360000145,1.1142152006293087,0.0,,,
605.3820540000145,1.0046357128086254,0.0,,,
605.6382000000143,0.9020130206335127,0.0,,,
605.878029000014,0.8120306181704577,0.016253869969040265,,,
606.1510790000139,0.7361233995608554,0.10526315789473682,,,
606.3874910000142,0.6730915501168465,0.2056243550051599,,,
606.6138270000142,0.6208703585064819,0.3862229102167183,,,
606.8697590000148,0.5783350561044439,0.5463536291709665,,,
607.1167900000149,0.5466101762387572,0.7088923288613691,,,
607.369329000015,0.5288231371667147,0.7943756449948401,,,
607.6282390000149,0.5282537383950505,0.7979876160990714,,,
607.864149000014,0.5450627412965914,0.7173202614379085,,,
608.1053160000141,0.5727025862196435,0.5704334365325078,,,
608.3507540000143,0.5996347778360843,0.4632782937736498,,,
608.6081770000145,0.6168000369214477,0.39826281389748885,,,
608.8462420000149,0.623033308040639,0.3753869969040248,,,
609.1031840000152,0.6260782125571585,0.35491916064671486,,,
609.3417050000149,0.6376437447144572,0.31277949776401787,,,
609.5926680000149,0.6679042619933582,0.21766425868593053,,,
609.8372010000147,0.7200896714240852,0.11919504643962846,,,
610.0900580000147,0.7874102460789486,0.05185758513931884,,,
610.3464660000147,0.854389099907503,0.0,,,
610.5830520000148,0.9030885504175088,0.0,,,
610.8515600000148,0.9204789821424362,0.0,,,
611.0780880000149,0.9035747932249714,0.0,,,
611.3306440000149,0.8598514438466983,0.0,,,
611.5690140000147,0.8015881049830077,0.03482972136222908,,,
611.8165500000147,0.7385950762919713,0.10371517027863776,,,
612.1089650000147,0.6748399707477523,0.19840041279669762,,,
612.3338660000147,0.6107982199817609,0.41752665978672177,,,
612.6204880000149,0.5460956056717293,0.7113003095975232,,,
612.8904710000148,0.4827606110488071,0.9535603715170278,,,
613.0963920000152,0.4244922942465173,0.9999999999999999,,,
613.3772120000154,0.37444166569548826,0.9999999999999999,,,
613.5791360000152,0.33446613235085626,0.9999999999999999,,,
613.7937580000153,0.30526749913733636,0.9999999999999999,,,
614.0677060000148,0.28653188284907066,0.9999999999999999,,,
614.2937700000148,0.2763449874095373,0.9999999999999999,,,
614.5490120000146,0.27157045512168637,0.9999999999999999,,,
614.7921090000144,0.2686381500627329,0.9999999999999999,,,
615.0376370000142,0.2650488503263983,0.9999999999999999,,,
615.336005000014,0.26060143193967894,0.9999999999999999,,,
615.5340450000143,0.2575487880792376,0.9999999999999999,,,
615.7794860000139,0.25967237255094194,0.9999999999999999,,,
616.0470590000139,0.2702638032695539,0.9999999999999999,,,
616.2779660000137,0.2909708592700473,0.9999999999999999,,,
616.5259820000141,0.32154085038365376,0.9999999999999999,,,
616.7695490000141,0.3599793974598769,0.9999999999999999,,,
617.0160070000144,0.40352526581284354,0.9999999999999999,,,
617.2614620000148,0.44752822049605856,0.9999999999999999,,,
617.536307000015,0.485496612828061,0.9450464396284829,,,
617.820299000015,0.5118078267622073,0.8583591331269349,,,
618.0449900000151,0.5254913652555203,0.8076195390436878,,,
618.2533810000149,0.5316190612461681,0.7811317509459926,,,
618.5319600000146,0.5395397326179567,0.7401960784313726,,,
618.7583200000145,0.5577438850588567,0.6426728586171312,,,
619.007421000014,0.5884640675800042,0.5066219470244238,,,
619.265729000014,0.6261244820109284,0.35491916064671486,,,
619.4991060000141,0.6612791898238916,0.2441520467836257,,,
619.7747130000147,0.6852605196436853,0.1755245958032335,,,
619.9925850000149,0.6919776466075116,0.16107671138630894,,,
620.2434930000152,0.6784340638565691,0.19238046095631234,,,
