condition 1 time (s),condition 1 tbr,condition 1 nai,condition 2 time (s),condition 2 tbr,condition 2 nai
4.349481000000009,21.57767247988752,0.0,4.346723000000009,27.809946582737865,0.0
4.597838000000012,21.884125005742085,0.0,4.591216000000012,28.019116828129295,0.0
4.84376100000001,23.822144784209332,0.0,4.848671000000015,25.70177071269408,0.0
5.107329000000012,23.444104452119483,0.0,5.093621000000021,22.276371630417216,0.0
5.344784000000014,21.855093473381572,0.0,5.338664000000023,18.690964799834546,0.0
5.582298000000015,19.767031307037808,0.0,5.587662000000024,15.465877156132244,0.0
5.835715000000017,17.51712025790542,0.0,5.840248000000028,12.8041048335246,0.0
6.07969800000002,15.314133568421616,0.0,6.078105000000027,10.730310404530277,0.0
6.327241000000026,13.305133893703605,0.0,6.337659000000026,9.197283327168432,0.0
6.586353000000024,11.58333223470584,0.0,6.578022000000025,8.123943388772977,0.0
6.823223000000024,10.224525712994996,0.0,6.8254840000000225,7.398825789349899,0.0
7.069884000000025,9.26772990702087,0.0,7.073527000000023,6.922097787623446,0.0
7.314204000000023,8.71802891255961,0.0,7.321582000000026,6.624576571058751,0.0
7.564196000000025,8.439641354304433,0.0,7.577525000000025,6.4683448230844265,0.0
7.814678000000025,8.280378828723151,0.0,7.830429000000028,6.418457033481692,0.0
8.06417700000003,8.166451224207066,0.0,8.06208900000003,6.407467718829418,0.0
8.321587000000031,8.13158712748576,0.0,8.311446000000034,6.351929716629493,0.0
8.557744000000037,8.157244216729046,0.0,8.557978000000036,6.19751237355688,0.0
8.805572000000033,8.217456785474978,0.0,8.802413000000039,5.920119182209543,0.0
9.05271700000004,8.262137222414108,0.0,9.060488000000046,5.53656818843327,0.0
9.302713000000045,8.219981631298968,0.0,9.302501000000051,5.099562800042832,0.0
9.544622000000047,8.020254141567412,0.0,9.550402000000052,4.678649669236026,0.0
9.79408900000005,7.636647544335096,0.0,9.794735000000054,4.320509982472129,0.0
10.047563000000054,7.1083011277146015,0.0,10.039685000000064,4.037266163565115,0.0
10.287507000000055,6.51200099859068,0.0,10.290194000000072,3.820145589047276,0.0
10.537158000000057,5.938495422750843,0.0,10.542574000000078,3.648005313829425,0.0
10.787527000000063,5.456998704620667,0.0,10.79105800000008,3.496423797244084,0.0
11.034624000000067,5.088083580744175,0.0,11.045317000000079,3.3494191606898998,0.0
11.287458000000074,4.8002383765360035,0.0,11.280165000000082,3.205327434722716,0.0
11.533589000000081,4.536529551641353,0.0,11.532777000000081,3.0698646083703416,0.0
11.774972000000083,4.252636664459724,0.0,11.772687000000083,2.955324989125655,0.0
12.036592000000086,3.9392124918011486,0.0,12.036183000000088,2.879557245504813,0.041709577754891834
12.273341000000089,3.6226032103197543,0.0,12.265465000000088,2.861124786644285,0.050205973223480964
12.530803000000107,3.3448271025896856,0.0,12.51673300000009,2.917798343206181,0.01776519052523173
12.782872000000104,3.1403856432371144,0.0,12.769472000000086,3.057877328010938,0.0
13.014784000000104,3.021714889157837,0.0,13.011832000000084,3.2728736758749686,0.0
13.257399000000108,2.975613682997588,0.0,13.258199000000083,3.5312235080344934,0.0
13.510967000000113,2.971837235049272,0.0,13.509096000000081,3.776080207488744,0.0
13.756291000000127,2.974577139722427,0.0,13.754569000000084,3.9416192897713587,0.0
14.003805000000131,2.954714132416479,0.0,13.999566000000092,3.9876998527528538,0.0
14.251261000000135,2.9003380359436104,0.026261585993820776,14.253574000000091,3.9240881385114372,0.0
14.494440000000132,2.8194181975073462,0.07878475798146241,14.501681000000092,3.794718176180238,0.0
14.744522000000133,2.73193721377025,0.16417782354960525,14.746637000000089,3.6524719417997384,0.0
14.989535000000133,2.658794991462852,0.23987298317885336,14.997601000000088,3.5353256852861192,0.0
15.240488000000132,2.612961176334225,0.29634397528321316,15.23950200000009,3.4624441342788135,0.0
15.494972000000132,2.597711367292371,0.3191726742190182,15.507534000000097,3.4427093602141303,0.0
15.733998000000133,2.610787159312503,0.29994850669412976,15.733208000000095,3.4791548222214783,0.0
15.996400000000136,2.6441249073816446,0.2627016821146584,15.983664000000104,3.5663127948949858,0.0
16.234789000000145,2.683989171108433,0.21704428424304834,16.22914300000011,3.6779319076187953,0.0
16.47221700000014,2.713946525373718,0.18580501201510474,16.478605000000112,3.7707511237035516,0.0
16.717820000000128,2.719075365950851,0.17979745966357705,16.72405000000009,3.8048384394901733,0.0
16.972206000000106,2.689998317160926,0.20983522142121527,16.973361000000097,3.7652579294787567,0.0
17.221417000000095,2.6289755583659016,0.2747167868177137,17.225442000000072,3.6584368778894,0.0
17.47328700000008,2.5476549083362197,0.38886028149673874,17.471408000000046,3.5064264353851247,0.0
17.70961300000006,2.4613164491390864,0.533041537933402,17.71475700000003,3.3353533346772397,0.0
17.960062000000057,2.386317340889269,0.6459835221421215,17.959989000000014,3.1680079175854194,0.0
18.206475000000037,2.3396813480710277,0.7048575351870924,18.21190000000001,3.0214153331461895,0.0
18.464133000000036,2.3355180473611803,0.708462066598009,18.453929999999996,2.908306419158587,0.02085478887744596
18.702977000000022,2.3812977425759376,0.6579986268451768,18.712265,2.837407871823313,0.06874356333676625
18.951956000000013,2.4708669842905273,0.512615859938208,18.956298999999994,2.816221938193676,0.08110195674562308
19.194292999999995,2.576900129142623,0.35041194644696194,19.196998999999987,2.8440527772210045,0.06179196704428424
19.444784999999996,2.6554943192815377,0.24227600411946443,19.45156599999998,2.903559136612164,0.023171987641606547
19.693319999999986,2.671920425538108,0.22905938894610367,19.696698999999963,2.970398523723456,0.0
19.94237399999997,2.6262763532347306,0.27832131822863027,19.946955999999957,3.0214016194001085,0.0
20.214739999999964,2.547233743517246,0.38886028149673874,20.18790699999994,3.0432229463692173,0.0
20.453335999999965,2.4711669973928214,0.5114143494679025,20.438879999999916,3.0290929420167108,0.0
20.685245999999946,2.4251895971318973,0.594318571918984,20.683205999999906,2.9891109801384173,0.0
20.93733099999993,2.416119916330984,0.6003261242705115,20.93319699999989,2.9416996054208333,0.0007723995880535571
21.17758099999991,2.427097411675148,0.5931170614486783,21.180771999999884,2.895945684017927,0.028578784757981448
21.4294719999999,2.4289296754912244,0.5871095090971508,21.42515999999987,2.8589188958850507,0.05097837281153452
21.67647699999989,2.4012500870078273,0.6207518022657054,21.67967199999984,2.8436399865532054,0.06179196704428424
21.92560699999987,2.3458122308994875,0.6988499828355648,21.92180299999983,2.862966342883615,0.050205973223480964
22.175403999999855,2.282291427165201,0.8045829042224513,22.174642999999826,2.9213337693465364,0.01544799176107106
22.42230899999985,2.236411185627051,0.8640576725025746,22.416785999999814,3.0062368972655187,0.0
22.665438999999857,2.2284980738863673,0.8740988671472708,22.66440199999981,3.092313574556882,0.0
22.918773999999843,2.2679228775625795,0.8226055612770341,22.914324999999792,3.148921038193358,0.0
23.16729199999984,2.3568263183140976,0.6892378990731205,23.17625199999978,3.1510145500259084,0.0
23.407266999999827,2.4942638724756363,0.48257809818056985,23.403800999999778,3.0909773766020288,0.0
23.66725199999982,2.675473216227054,0.2266563680054926,23.66238499999977,2.973830880950145,0.0
23.90463499999982,2.8824562458909093,0.03784757981462413,23.900416999999763,2.805638744477106,0.09114315139031924
24.149643999999817,3.0771871625278515,0.0,24.151848999999757,2.6054426603054286,0.3059560590456574
24.398425999999812,3.211955254684322,0.0,24.399998999999763,2.394956552639231,0.6327669069687607
24.658394999999796,3.250128691475588,0.0,24.642264999999764,2.186899932496236,0.9057672502574664
24.899378999999787,3.1806026200124577,0.0,24.898254999999764,1.9906496976750752,0.9999999999999999
25.136941999999774,3.0201549609085485,0.0,25.13725099999975,1.8176722512881331,0.9999999999999999
25.38336599999975,2.8055471704452892,0.09114315139031924,25.392222999999724,1.6816775364130323,0.9999999999999999
25.64225199999974,2.580325241117618,0.3468074150360453,25.62756499999973,1.5964766658652345,0.9999999999999999
25.88402699999973,2.3842854319893245,0.6507895640233436,25.881627999999715,1.5672419692884019,0.9999999999999999
26.126421999999724,2.242378059923566,0.854788877445932,26.1220719999997,1.5829799021910047,0.9999999999999999
26.373962999999698,2.158843256869306,0.9374356333676621,26.378538999999687,1.6225645559061592,0.9999999999999999
26.626401999999693,2.118240665085689,0.9698764160659114,26.616055999999677,1.6647978313988687,0.9999999999999999
26.881060999999672,2.0956241396495248,0.9922760041194644,26.86884399999968,1.6948840488828087,0.9999999999999999
27.124049999999677,2.0678424056509157,0.9999999999999999,27.111355999999684,1.712224731799364,0.9999999999999999
27.378850999999663,2.0211889623582664,0.9999999999999999,27.362281999999674,1.7250814549169706,0.9999999999999999
27.614949999999656,1.9553942103518218,0.9999999999999999,27.602741999999676,1.7416743798198309,0.9999999999999999
27.859910999999638,1.8836537279373369,0.9999999999999999,27.854298999999656,1.7628246324545236,0.9999999999999999
28.126751999999623,1.8251691617733616,0.9999999999999999,28.096522999999657,1.7813563754928317,0.9999999999999999
28.358211999999615,1.7954457733596245,0.9999999999999999,28.346932999999655,1.7882414569071625,0.9999999999999999
28.614273999999593,1.7992542774228821,0.9999999999999999,28.597880999999642,1.7821458684456144,0.9999999999999999
28.85821799999958,1.8299319871928599,0.9999999999999999,28.846844999999632,1.7722016725871872,0.9999999999999999
29.10323899999958,1.8741581924874664,0.9999999999999999,29.095192999999618,1.7736341680878673,0.9999999999999999
29.348230999999565,1.9155723632888169,0.9999999999999999,29.337719999999614,1.8028170711083011,0.9999999999999999
29.60122599999956,1.941098707754983,0.9999999999999999,29.587032999999604,1.8739494898276614,0.9999999999999999
29.847260999999566,1.9471623079333142,0.9999999999999999,29.83852599999959,1.9926436175150875,0.9999999999999999
30.094511999999565,1.9442016929061359,0.9999999999999999,30.079381999999587,2.1498797257542313,0.9467044284243047
30.35236899999956,1.955543248617176,0.9999999999999999,30.32587299999956,2.3208691734846214,0.7372983178853416
30.589072999999537,2.0047882338074405,0.9999999999999999,30.581537999999565,2.471097053392816,0.512615859938208
30.84100299999951,2.1048465777324523,0.9868692070030896,30.833285999999557,2.57441970764826,0.352814967387573
31.085624999999492,2.2497257139811278,0.8478372811534501,31.072602999999557,2.6239335074263224,0.27832131822863027
31.354914999999487,2.4073270015466037,0.6123412289735668,31.31958599999956,2.628953636525728,0.2747167868177137
31.57459699999948,2.5273728987398316,0.4152935118434603,31.562090999999533,2.6059206452106736,0.3023515276347408
31.829522999999465,2.571146846634555,0.35641949879848955,31.81444599999953,2.569915839470997,0.35641949879848955
32.06903999999946,2.535886931923142,0.4032784071404051,32.06136399999953,2.5307593678356595,0.41048746996223817
32.32641999999945,2.4488815434088647,0.553467215928596,32.31120699999952,2.491572125185636,0.487384140061792
32.56592599999944,2.3477793397149243,0.6988499828355648,32.55864099999952,2.448391464033681,0.5546687263989014
32.81935399999945,2.264164835260475,0.8286131136285616,32.8036129999995,2.394128985182948,0.6339684174390663
33.06036999999943,2.214185633458619,0.8856848609680741,33.0535479999995,2.3242247508389156,0.7288877445932029
33.30777499999943,2.1969900569892857,0.8972708547888774,33.29490999999951,2.2422797173198665,0.854788877445932
33.55679699999944,2.1993994457320247,0.8957260556127703,33.54940799999952,2.1631252221757022,0.935890834191555
33.79983499999944,2.2042584499543443,0.8910916580844489,33.79159499999952,2.107616620206435,0.9830072090628217
34.060943999999424,2.197703516159325,0.8972708547888774,34.04446799999952,2.092658801793552,0.9953656024716786
34.29177599999944,2.1763390410835215,0.9181256436663233,34.28691499999954,2.119657200801957,0.9698764160659114
34.55425099999943,2.1495157151936843,0.9467044284243047,34.53892999999951,2.1661766734427665,0.9343460350154479
34.798872999999425,2.141332188578723,0.9552008238928938,34.78357199999954,2.1971858901566654,0.8972708547888774
35.044785999999434,2.183148050748192,0.9096292481977343,35.03177999999956,2.1904265435532015,0.9042224510813593
35.28307699999943,2.3397196709597443,0.7048575351870924,35.30111799999954,2.145515760461059,0.9521112255406796
35.53870999999945,2.625900337319729,0.27832131822863027,35.539766999999564,2.077627231927511,0.9999999999999999
35.802096999999456,2.9557419945847574,0.0,35.78713399999954,2.0050890987790395,0.9999999999999999
36.02564699999948,3.2864831165209436,0.0,36.02710099999956,1.9434571446240563,0.9999999999999999
36.275630999999485,3.59025140557579,0.0,36.27401799999957,1.9028364552162431,0.9999999999999999
36.522522999999474,3.838109785288432,0.0,36.52347299999958,1.8865572662217298,0.9999999999999999
36.77008999999946,4.00391578219108,0.0,36.77364399999957,1.8926009761877634,0.9999999999999999
37.02248799999947,4.0749514711021755,0.0,37.019830999999556,1.9186535834584073,0.9999999999999999
37.26470899999946,4.061417246430689,0.0,37.26219499999957,1.966393739054966,0.9999999999999999
37.51168599999946,3.990642109998455,0.0,37.505097999999556,2.038776406473756,0.9999999999999999
37.77029299999948,3.8909474067036487,0.0,37.76463999999954,2.134967376463379,0.9582904222451081
38.01073499999945,3.7773415006832063,0.0,37.99669599999956,2.2488326043082516,0.8501544799176106
38.26061099999945,3.6474862672654185,0.0,38.24884699999957,2.366705141688999,0.6784243048403708
38.50811599999946,3.491048552972877,0.0,38.5145629999996,2.467960225346106,0.5198249227600411
38.74832599999948,3.3112492824146553,0.0,38.744632999999595,2.5332252995115665,0.4068829385513216
39.00227999999946,3.1221587003228337,0.0,38.99290999999959,2.5531107606047456,0.38285272914521107
39.23980199999947,2.927411808321756,0.008496395468589045,39.23532899999961,2.5359027130927343,0.4020768966700996
39.49224299999946,2.7386410850722673,0.15336422931685545,39.49263599999959,2.5135569500610657,0.44172674219018193
39.73934499999946,2.5866392284411797,0.3395983522142121,39.73009499999957,2.532215188862739,0.4080844490216271
39.989674999999465,2.493310329855398,0.4849811191211809,39.975019999999546,2.6364504830657207,0.268709234466186
40.23580399999948,2.454567320668699,0.5462581531067628,40.230996999999554,2.8533876947233625,0.05561277033985578
40.48322599999949,2.45533087570579,0.5462581531067628,40.47353699999955,3.181629240982043,0.0
40.7321869999995,2.48869918953579,0.48978716100240305,40.72518599999955,3.563488530893977,0.0
40.97656799999951,2.552268639620276,0.38525575008582214,40.96589999999957,3.878127744815672,0.0
41.225092999999504,2.6320861323730096,0.27351527634740813,41.212774999999574,4.020283624844099,0.0
41.48053299999949,2.7117395501231227,0.1882080329557158,41.466205999999566,3.9839057457627574,0.0
41.71929599999948,2.7831350268442967,0.11277033985581876,41.713749999999564,3.831123086232007,0.0
41.967805999999484,2.842762664928712,0.06256436663233779,41.95588299999956,3.6258455626752655,0.0
42.21472599999947,2.8870848965023286,0.0347579814624099,42.20518599999958,3.4113031496021673,0.0
42.46474599999947,2.908901113855098,0.02085478887744596,42.45365799999959,3.214684353640286,0.0
42.70763799999948,2.896125893146032,0.028578784757981448,42.701643999999604,3.055796253845923,0.0
42.95804699999948,2.8317961123726,0.07337796086508751,42.9487899999996,2.9543126617782502,0.0
43.207020999999465,2.706443470294975,0.19421558530724334,43.197617999999615,2.9239873751910928,0.011585993820803274
43.46800999999946,2.537895312340213,0.39967387572948854,43.445169999999585,2.9697998598646347,0.0
43.70542399999946,2.361914772268975,0.6820288362512874,43.69550099999958,3.083770153918456,0.0
43.942987999999445,2.199230975657236,0.8957260556127703,43.93993899999961,3.240386659781832,0.0
44.18986899999944,2.0513585406134514,0.9999999999999999,44.18398599999961,3.3963247796162253,0.0
44.44217399999944,1.9186676203709767,0.9999999999999999,44.43489599999964,3.5054201271783336,0.0
44.69782599999943,1.8059874026386868,0.9999999999999999,44.680823999999625,3.5391803222615144,0.0
44.93569999999944,1.7193644097703464,0.9999999999999999,44.93136399999964,3.493677863196574,0.0
45.18968499999944,1.6630813406979212,0.9999999999999999,45.174350999999646,3.388862925769172,0.0
45.44381999999946,1.6390839947955536,0.9999999999999999,45.427532999999634,3.25379810865757,0.0
45.686980999999506,1.645776606748623,0.9999999999999999,45.677504999999634,3.1161243836202503,0.0
45.91821199999951,1.677100105375961,0.9999999999999999,45.915537999999614,2.996079086753309,0.0
46.18426999999948,1.7249116165637823,0.9999999999999999,46.17745999999961,2.9008350264480667,0.02471678681771366
46.41602699999949,1.7815007959923412,0.9999999999999999,46.414563999999615,2.8256485862014635,0.07569515962924818
46.67500999999949,1.8406318103981893,0.9999999999999999,46.67051999999963,2.759848286892466,0.12899073120494337
46.91051899999949,1.8973140246145062,0.9999999999999999,46.908521999999635,2.6930682033618627,0.20863371095090974
47.15594199999946,1.9452868655518942,0.9999999999999999,47.16971699999966,2.6197659891901557,0.2819258496395469
47.40578799999946,1.9756125415078807,0.9999999999999999,47.40039399999965,2.541036112059003,0.39366632337796087
47.66434699999949,1.9785864162033107,0.9999999999999999,47.64639999999965,2.4607013605894004,0.5342430484037075
47.90436099999949,1.9508300170933675,0.9999999999999999,47.90096899999966,2.3832800265512057,0.6543940954342603
48.153252999999495,1.9015694167485964,0.9999999999999999,48.15094699999964,2.3206069138413037,0.7372983178853416
48.4024199999995,1.8532835657428723,0.9999999999999999,48.392042999999624,2.2854760780143453,0.7997768623412291
48.64382999999948,1.8318826484977824,0.9999999999999999,48.64198699999963,2.2781914653301794,0.8105904565739788
48.895287999999475,1.8510133740884038,0.9999999999999999,48.89077899999961,2.29045342211084,0.7925677995193959
49.14678299999948,1.907812721468997,0.9999999999999999,49.14078499999963,2.312156286603968,0.7541194644696191
49.38770999999948,1.9901139736524263,0.9999999999999999,49.38177999999962,2.3350072895189755,0.708462066598009
49.646770999999504,2.080020786114047,0.9999999999999999,49.63073799999962,2.354441985154842,0.6916409200137316
49.888687999999505,2.15715414162753,0.9374356333676621,49.87669699999964,2.3705432704502263,0.6748197734294542
50.130838999999504,2.2020517861772064,0.8934088568486096,50.120674999999636,2.388863619969529,0.6387744593202883
50.37928699999951,2.198601796814918,0.8964984552008238,50.37215999999963,2.4211627491016383,0.6003261242705115
50.6302669999995,2.137833705099454,0.956745623069001,50.635676999999625,2.48133239248166,0.4981977342945417
50.874767999999506,2.0250141738258445,0.9999999999999999,50.866633999999614,2.5823213456189222,0.3456059045657398
51.137736999999525,1.8817846506148028,0.9999999999999999,51.118526999999595,2.7279489674390773,0.16898386543082725
51.37050499999955,1.7353346158787002,0.9999999999999999,51.3570749999996,2.9008758966964296,0.02471678681771366
51.62306099999956,1.605261010543919,0.9999999999999999,51.607967999999595,3.057702032295218,0.0
51.864705999999586,1.502156296807595,0.9999999999999999,51.857937999999585,3.153744929745808,0.0
52.11926199999959,1.434902130700368,0.9999999999999999,52.1013089999996,3.1698128899751166,0.0
52.3608469999996,1.4126000368326421,0.9999999999999999,52.35337399999962,3.119381689185732,0.0
52.61085999999963,1.4388409170133822,0.9999999999999999,52.60182399999963,3.032098793851757,0.0
52.855154999999634,1.5060091966443732,0.9999999999999999,52.84113499999962,2.9352317586432086,0.0038619979402677858
53.10258799999963,1.5948624024825901,0.9999999999999999,53.090414999999616,2.846103055904733,0.05947476828012357
53.35526099999963,1.6888276332251895,0.9999999999999999,53.342109999999636,2.7699057191310335,0.12281153450051492
53.602833999999625,1.7872907109672487,0.9999999999999999,53.59416399999965,2.702665413357205,0.200223137658771
53.844694999999646,1.9034126066524146,0.9999999999999999,53.85101499999965,2.6382202372833348,0.2675077239958805
54.09113199999965,2.0494514646873845,0.9999999999999999,54.08857499999967,2.5736464204441756,0.3540164778578785
54.34824899999966,2.222937199692672,0.8764160659114314,54.33898799999969,2.51194836923362,0.44893580501201513
54.589114999999666,2.403920561933057,0.6147442499141779,54.57589599999971,2.4608750270244033,0.5342430484037075
54.84221899999967,2.5625901061300107,0.3660315825609337,54.82284799999974,2.4285911740349047,0.5871095090971508
55.09461699999967,2.673111452236165,0.22905938894610367,55.07703699999971,2.41915520251348,0.6003261242705115
55.329020999999635,2.72605612649459,0.17378990731204938,55.31947199999971,2.4311757777631176,0.5835049776862341
55.57497499999961,2.7278494536727407,0.16898386543082725,55.56495199999971,2.460551812183012,0.5354445588740131
55.826382999999616,2.700793900536353,0.20142464812907654,55.80913899999968,2.49893761304336,0.4705629934775146
56.073496999999634,2.6782123397251785,0.22545485753518707,56.0622079999997,2.53503080201776,0.40447991761071067
56.322735999999644,2.696558023941133,0.20502917953999314,56.31461399999972,2.5555838547536887,0.37924819773429463
56.57014499999967,2.7762848762436736,0.11663233779608646,56.55865899999972,2.5499714354611145,0.38886028149673874
56.8176979999997,2.910729527335898,0.02085478887744596,56.81357799999973,2.5137141965254717,0.44172674219018193
57.06460999999974,3.07574309460921,0.0,57.059094999999736,2.450057211458291,0.5522657054582903
57.31150299999974,3.2406901253593268,0.0,57.30203499999975,2.369518573411913,0.6760212838997597
57.56898999999972,3.3725995587315873,0.0,57.5550839999997,2.2847142078330624,0.7997768623412291
57.80610099999969,3.438795338470415,0.0,57.793005999999714,2.2064252136432168,0.8903192584963954
58.05917399999969,3.4137398383930773,0.0,58.0395389999997,2.1411324700330723,0.9552008238928938
58.30459499999967,3.289466191546498,0.0,58.31267799999967,2.091966515269914,0.9969104016477857
58.54817199999966,3.083724724039953,0.0,58.53176099999967,2.063576055883719,0.9999999999999999
58.81462799999965,2.838491984056729,0.06797116374871269,58.78784299999969,2.0597058437240547,0.9999999999999999
59.05227099999966,2.602185464499874,0.3131651218674905,59.031701999999676,2.0769297588006737,0.9999999999999999
59.28864799999966,2.4086527096092607,0.6111397185032613,59.28035999999967,2.1055077410941436,0.9868692070030896
59.54014799999965,2.2733542772137687,0.8165980089255063,59.53267099999967,2.1355668073175513,0.9582904222451081
59.787040999999654,2.1949925645369266,0.899588053553038,59.77663899999969,2.1628351774345287,0.935890834191555
60.04008099999966,2.1715435632703515,0.9258496395468588,60.02250599999966,2.189537966008438,0.9049948506694129
60.279571999999675,2.207737372172133,0.8903192584963954,60.270950999999684,2.2227132367986355,0.877188465499485
60.5324369999997,2.3087269516884303,0.7565224854102301,60.52097299999968,2.2713116760525334,0.8190010298661173
60.77518499999971,2.466917866559117,0.5210264332303468,60.76707699999972,2.344569751132522,0.6988499828355648
61.019386999999696,2.6417491014715644,0.26510470305526945,61.01401499999974,2.452941254871093,0.5462581531067628
61.2651319999997,2.79512097477817,0.10272914521112252,61.263960999999746,2.603965525545525,0.31076210092687945
61.514994999999686,2.9203747668542364,0.01544799176107106,61.51706699999975,2.7955737056706855,0.10272914521112252
61.76390399999969,3.010547551036442,0.0,61.753504999999755,3.013838983571981,0.0
62.021991999999706,3.0589763358442457,0.0,62.00819699999978,3.2329084660828897,0.0
62.26050699999971,3.0643788008953248,0.0,62.2484609999998,3.4167791493882533,0.0
62.51135699999972,3.0307477199774326,0.0,62.497145999999816,3.523891883428488,0.0
62.76131199999974,2.9656610601304108,0.0,62.745263999999835,3.519790836665022,0.0
63.00729499999975,2.878570454042299,0.04248197734294539,62.997066999999824,3.399475771572273,0.0
63.25178499999974,2.780646492698996,0.11431513903192587,63.24156399999981,3.1942198504511534,0.0
63.499092999999746,2.682540722243549,0.21704428424304834,63.49095599999981,2.9519635871597494,0.0
63.749076999999744,2.5888768765868124,0.3395983522142121,63.74507599999981,2.7199836989248443,0.17979745966357705
63.99344899999973,2.4925122819425276,0.4849811191211809,63.989418999999785,2.5395300501726035,0.39727085478887747
64.23938799999974,2.376449262330012,0.662804668726399,64.2284659999998,2.4538214115814885,0.5462581531067628
64.49009699999975,2.2408056986722333,0.8563336766220391,64.4770349999998,2.5060577385518714,0.46215242018537595
64.73856899999977,2.1047965758301745,0.9868692070030896,64.7308259999998,2.7151921935299943,0.1846035015447992
64.98367599999978,1.9817777840731643,0.9999999999999999,64.9765039999998,3.059899216086434,0.0
65.23030499999979,1.8898625008537506,0.9999999999999999,65.22004199999982,3.477209143792677,0.0
65.48219499999978,1.8504725848000607,0.9999999999999999,65.4714719999998,3.8812194679423238,0.0
65.7233899999998,1.880288518039571,0.9999999999999999,65.70931599999979,4.195184545525274,0.0
65.97767299999978,1.9812467826658102,0.9999999999999999,65.97764099999978,4.3758383108043075,0.0
66.22524799999978,2.1337933862547893,0.9598352214212152,66.20515299999977,4.415648077632248,0.0
66.48823299999984,2.302129848927336,0.7697391005835909,66.46013299999977,4.335228346523033,0.0
66.7160209999998,2.4529679236776207,0.5462581531067628,66.70157999999977,4.17478792275187,0.0
66.96550399999978,2.5703274171988504,0.35641949879848955,66.9565609999998,3.9879814434325582,0.0
67.21151399999981,2.6496883763902135,0.25308959835221423,67.19362699999982,3.8276595253261156,0.0
67.46094799999985,2.689031959673764,0.21343975283213187,67.44579099999984,3.730935464609388,0.0
67.71501399999988,2.686083909121697,0.2158427737727428,67.69080099999984,3.7149215371234616,0.0
67.9517559999999,2.643479413592676,0.26390319258496386,67.93654099999979,3.782649274198805,0.0
68.20624699999998,2.5702107525387365,0.35641949879848955,68.18556499999984,3.9323206102067694,0.0
68.45726199999994,2.481003092217264,0.4981977342945417,68.43454399999983,4.143653390618908,0.0
68.70219099999994,2.3939970983789776,0.6339684174390663,68.67708999999982,4.361063111194421,0.0
68.94621599999992,2.3246125097039565,0.7276862341228975,68.93770399999981,4.503566383500509,0.0
69.19614199999992,2.2790527970507743,0.8093889461036734,69.18395499999978,4.508378137906097,0.0
69.44891399999986,2.2524567280920214,0.8418297288019224,69.42409799999974,4.3637079964785315,0.0
69.69490999999988,2.231417928222258,0.8702368692070029,69.67490699999978,4.105267781545119,0.0
69.93241799999986,2.2063642668029555,0.8903192584963954,69.92399899999981,3.789868092072572,0.0
70.18479099999988,2.1839621672022114,0.9096292481977343,70.1614369999998,3.472350810130723,0.0
70.43735099999991,2.180981794316308,0.9119464469618949,70.40554699999986,3.1911011855588187,0.0
70.68179399999995,2.204370753732102,0.8910916580844489,70.65287799999986,2.962752982051864,0.0
70.92101999999998,2.2416462648585362,0.8563336766220391,70.90048199999988,2.782719959038621,0.11277033985581876
71.171481,2.2685815006060825,0.8214040508067284,71.14686199999981,2.636528218726071,0.268709234466186
71.41597700000003,2.266733081080143,0.8238070717473395,71.39487799999979,2.513793548243842,0.44172674219018193
71.67697600000004,2.2342943494920116,0.8656024716786818,71.64680899999986,2.4146176210558847,0.6051321661517336
71.90833600000003,2.183080493564133,0.9096292481977343,71.89226799999986,2.3442732780076945,0.6988499828355648
72.16025400000002,2.1303777533668056,0.9629248197734294,72.13723699999983,2.306283465895531,0.7601270168211466
72.40696200000006,2.0896057329826268,0.9999999999999999,72.38621799999986,2.2978891740193967,0.774545142464813
72.65500400000009,2.063406216671897,0.9999999999999999,72.63966499999984,2.3109620786926346,0.7541194644696191
72.90934800000015,2.044005306327877,0.9999999999999999,72.88596799999986,2.333203315333319,0.7120665980089255
73.14387100000016,2.0194140012984785,0.9999999999999999,73.13145199999981,2.350593715562613,0.6940439409543426
73.39646100000016,1.9822119776434015,0.9999999999999999,73.38750899999987,2.3520206874174754,0.6916409200137316
73.6402770000001,1.9349191207553709,0.9999999999999999,73.64587099999989,2.334838566143481,0.708462066598009
73.89078600000013,1.8871767609245527,0.9999999999999999,73.87087699999987,2.3068146261021827,0.7601270168211466
74.16258100000016,1.8515039568963356,0.9999999999999999,74.12299499999983,2.2811039069061803,0.8057844146927566
74.38807500000021,1.8387005642103542,0.9999999999999999,74.36125799999985,2.266269441930888,0.8238070717473395
74.63352900000018,1.8524746697244887,0.9999999999999999,74.60881299999988,2.2596694554955654,0.8298146240988673
74.8821120000002,1.8860657562261018,0.9999999999999999,74.85907999999992,2.248206760322804,0.8501544799176106
75.12842900000017,1.9240804134115033,0.9999999999999999,75.10370299999995,2.217677100845263,0.8818228630278063
75.37664100000018,1.949390182168019,0.9999999999999999,75.35827099999999,2.1686774690698862,0.9328012358393408
75.62412300000018,1.9536608885263926,0.9999999999999999,75.60403400000001,2.125295570959427,0.9667868177136971
75.87150400000026,1.941987247292976,0.9999999999999999,75.85450800000001,2.123007778892583,0.9667868177136971
76.12142000000026,1.9239651747386526,0.9999999999999999,76.09570199999997,2.1914101457377932,0.9019052523171988
76.36456200000026,1.9062570883262224,0.9999999999999999,76.34570199999999,2.344094322296317,0.6988499828355648
76.6228560000003,1.8932547681902416,0.9999999999999999,76.59407600000003,2.572344060810975,0.3540164778578785
76.8633760000003,1.8875052905509653,0.9999999999999999,76.841107,2.841669017858076,0.06333676622039135
77.10935700000033,1.8894770008488835,0.9999999999999999,77.08667200000004,3.0930766313390965,0.0
77.36785800000028,1.8967210851709266,0.9999999999999999,77.33292500000005,3.262465244811249,0.0
77.6033660000003,1.905444647766123,0.9999999999999999,77.58087600000009,3.3139388950892092,0.0
77.84950300000031,1.9112620794768085,0.9999999999999999,77.8330700000001,3.2580680766117682,0.0
78.10822800000037,1.9117613142347172,0.9999999999999999,78.07226700000014,3.138903158611649,0.0
78.35061100000038,1.9085794804845462,0.9999999999999999,78.3297350000001,3.0096081854441556,0.0
78.59659100000042,1.9081757914537418,0.9999999999999999,78.56862400000016,2.9145208053072342,0.019309989701338844
78.85158700000038,1.9190250855532125,0.9999999999999999,78.8209020000001,2.8805005275039703,0.03939237899073116
79.09296000000036,1.9478447360682234,0.9999999999999999,79.0649240000001,2.914221280479382,0.019309989701338844
79.34089400000038,1.9957086229622887,0.9999999999999999,79.30896700000012,2.9983422895517933,0.0
79.58943800000037,2.0585888645313277,0.9999999999999999,79.56639400000012,3.0930177966448924,0.0
79.83333600000034,2.1305637143619873,0.9629248197734294,79.8120470000002,3.1435070497211384,0.0
80.09086600000033,2.207010817393025,0.8903192584963954,80.05583700000024,3.101338539785168,0.0
80.3430600000003,2.285019949185893,0.7997768623412291,80.30329000000027,2.956572121962135,0.0
80.58172600000037,2.3618002876151944,0.6820288362512874,80.54761600000033,2.748522641241624,0.14366632337796087
80.83371800000043,2.4313470433852613,0.5835049776862341,80.80668800000026,2.5298568776210026,0.41289049090284924
81.07369700000045,2.484130384331156,0.49579471335393066,81.04168000000028,2.3356603928030237,0.708462066598009
81.32438200000038,2.5121705179594533,0.44773429454170965,81.31256800000027,2.1803593093190066,0.913491246138002
81.56930800000035,2.5131509419723432,0.4429282526604875,81.54424300000026,2.0642724651382416,0.9999999999999999
81.83220300000039,2.48918860672582,0.48858565053209746,81.78502800000024,1.9829697467223097,0.9999999999999999
82.07374300000039,2.445110562476895,0.5594747682801235,82.04220900000031,1.9343863187270527,0.9999999999999999
82.3086660000004,2.386176110097359,0.6459835221421215,82.28391900000035,1.9222482854431109,0.9999999999999999
82.56112800000035,2.316615384837182,0.7469104016477859,82.53192200000038,1.9557983099468021,0.9999999999999999
82.8097730000004,2.242122043089538,0.8555612770339854,82.77888900000039,2.042602285849961,0.9999999999999999
83.04872500000043,2.1707332400003674,0.927394438722966,83.02234100000041,2.181636023065483,0.9119464469618949
83.3017590000004,2.1116722213123866,0.9776004119464469,83.27488200000039,2.360737894559415,0.6820288362512874
83.5472450000004,2.0711952017774444,0.9999999999999999,83.5179670000004,2.5522212958931387,0.38645726055612767
83.79571400000042,2.0513088545574156,0.9999999999999999,83.77291900000041,2.7120410841360227,0.18580501201510474
84.04470800000043,2.047467956013568,0.9999999999999999,84.01835600000044,2.7972754371365163,0.10041194644696184
84.30313500000048,2.052064272334068,0.9999999999999999,84.27091000000041,2.7876355706021263,0.11045314109165809
84.53002200000047,2.0686741212151465,0.9999999999999999,84.5243600000004,2.688661474896936,0.21343975283213187
84.78053300000047,2.088114585171084,0.9999999999999999,84.75224000000044,2.527318569304412,0.4152935118434603
85.0369950000005,2.0904483476173827,0.9999999999999999,85.00669400000042,2.340099074477861,0.7024545142464813
85.27792000000056,2.069791303326439,0.9999999999999999,85.25664600000046,2.1619940330997767,0.9366632337796086
85.51949600000057,2.0344329630926294,0.9999999999999999,85.50269300000045,2.0227686819153994,0.9999999999999999
85.76532700000053,1.9988164394248853,0.9999999999999999,85.74456000000045,1.9435085533027943,0.9999999999999999
86.01077800000049,1.97728146202925,0.9999999999999999,85.99868900000045,1.9342517223451945,0.9999999999999999
86.26486100000048,1.9822249452732374,0.9999999999999999,86.24289600000044,1.9934611031538108,0.9999999999999999
86.51226200000048,2.0238819664214374,0.9999999999999999,86.48930600000038,2.107478164257108,0.9830072090628217
86.75971400000049,2.108326195242503,0.9822348094747682,86.73719500000041,2.249795391248531,0.8478372811534501
87.00823300000047,2.233546260034692,0.8656024716786818,86.97924600000042,2.384767486363835,0.6495880535530381
87.25059100000044,2.3840302084344573,0.6519910744936492,87.23267200000048,2.481866973961361,0.49699622382423625
87.50465100000046,2.539455355485171,0.39727085478887747,87.4787230000005,2.5284076671345597,0.4140920013731548
87.7485100000005,2.6792358133928187,0.223051836594576,87.72230100000047,2.528336047498541,0.4140920013731548
87.99600800000051,2.766034394508373,0.12435633367662204,87.9701270000005,2.4941965801555943,0.48257809818056985
88.25104500000052,2.779118047273447,0.11431513903192587,88.22111600000052,2.4410887605796754,0.5630792996910402
88.48942900000056,2.731067411685604,0.16537933401991078,88.46658500000056,2.382657522399831,0.6555956059045658
88.73903100000055,2.655557338624862,0.24227600411946443,88.71706900000058,2.330369510616386,0.7180741503604533
88.98459200000056,2.586549119133331,0.3395983522142121,88.97747800000054,2.2977151917173164,0.774545142464813
89.24391300000063,2.5447122449651514,0.3912633024373498,89.21003700000053,2.3020399075632723,0.7697391005835909
89.49960800000065,2.5331546579171493,0.4068829385513216,89.45431300000054,2.362507757862843,0.6808273257809818
89.72943300000064,2.5391890915368847,0.39727085478887747,89.70542300000055,2.4888615544485653,0.48978716100240305
89.99449600000061,2.5423127894358752,0.39246481290765534,89.95140900000057,2.6682546964239147,0.23146240988671474
90.22507800000065,2.527903685814501,0.4140920013731548,90.19693800000056,2.8643024572001696,0.04866117404737385
90.4709830000007,2.495013896993748,0.48137658771026426,90.45117200000055,3.0246221544025924,0.0
90.71695000000071,2.4527826487976427,0.5474596635770682,90.69947200000057,3.0931889656758385,0.0
90.96936600000076,2.41145955046468,0.6087366975626503,90.9451310000006,3.0618186942470644,0.0
91.21548900000074,2.377820492425717,0.6616031582560933,91.19246800000062,2.9583928372171737,0.0
91.46187700000077,2.354859746434644,0.6916409200137316,91.43649900000067,2.819224988958053,0.07878475798146241
91.71307900000076,2.3487633408722424,0.6988499828355648,91.69574200000068,2.679783397013941,0.22064881565396494
91.96057600000074,2.365681001956732,0.6784243048403708,91.93402700000068,2.5659637594086995,0.3612255406797116
92.21173900000076,2.402573263153723,0.6171472708547889,92.18254000000071,2.489676429097674,0.48858565053209746
92.44897200000077,2.4465356847751063,0.5582732578098181,92.43353100000073,2.4499241765828375,0.5522657054582903
92.70649200000084,2.4799645271669832,0.5006007552351528,92.67800900000071,2.4388795273477903,0.5714898729831789
92.94763500000089,2.489147560737708,0.48858565053209746,92.92960500000075,2.4468796692012207,0.5582732578098181
93.1942940000009,2.470123539463508,0.5150188808788191,93.17030500000082,2.464437198007203,0.5246309646412632
93.44618100000088,2.4278530969171164,0.5919155509783729,93.42097100000085,2.4856888302443947,0.4921901819430141
93.68921700000094,2.370890194635007,0.6736182629591486,93.67035400000086,2.493792604408445,0.4837796086508753
93.94210100000099,2.3068194933708344,0.7601270168211466,93.91419300000084,2.452463496205239,0.5474596635770682
94.18518500000104,2.244588091517056,0.8516992790937178,94.16827400000089,2.35224439960515,0.6916409200137316
94.43518300000113,2.1958619125709706,0.898043254376931,94.41580000000094,2.209296330743385,0.8880020597322347
94.68600400000112,2.1749704733220456,0.9196704428424304,94.66420800000095,2.047211727129453,0.9999999999999999
94.92798900000113,2.1967698392949924,0.898043254376931,94.89912900000098,1.889109456281965,0.9999999999999999
95.18149000000119,2.2714034236539034,0.8190010298661173,95.158145000001,1.754359850133101,0.9999999999999999
95.4235310000012,2.395674896034534,0.6315653964984552,95.41023300000097,1.6569504807512625,0.9999999999999999
95.67596000000125,2.546011195918875,0.38886028149673874,95.65026600000098,1.6064008509136556,0.9999999999999999
95.92596600000135,2.6832033219179916,0.21704428424304834,95.901640000001,1.6079525638084242,0.9999999999999999
96.16270500000142,2.7671529242250053,0.12435633367662204,96.14690400000102,1.6699574939077526,0.9999999999999999
96.43573700000141,2.7693733721391114,0.12281153450051492,96.38494800000102,1.8023039989574667,0.9999999999999999
96.66104500000135,2.686196028012857,0.21464126330243727,96.65395600000107,2.009338170816161,0.9999999999999999
96.90794400000135,2.5401331707322776,0.39606934431857194,96.8858520000011,2.278979651841232,0.8093889461036734
97.18192100000135,2.3694950602294558,0.6760212838997597,97.1298580000011,2.585210687718836,0.3407998626845177
97.40748000000134,2.2117901293644806,0.8880020597322347,97.37984600000104,2.8986927709299235,0.02780638516992789
97.64946600000128,2.094601224159169,0.9938208032955714,97.62505700000105,3.194629872842274,0.0
97.90663300000132,2.033768372045802,0.9999999999999999,97.87002000000109,3.451597747903349,0.0
98.1516100000013,2.03404289998846,0.9999999999999999,98.12215800000108,3.648477505548616,0.0
98.39337900000133,2.0868673067547796,0.9999999999999999,98.37210700000114,3.766673048883535,0.0
98.64165600000133,2.1767470635324777,0.9181256436663233,98.62099000000114,3.7989287722721476,0.0
98.89092300000135,2.2875700627242486,0.794970820460007,98.86191200000115,3.7522199872154194,0.0
99.13520300000138,2.4055780828131854,0.6123412289735668,99.11337000000117,3.6446558166214453,0.0
99.39334900000132,2.51874354543682,0.42610710607621016,99.36774500000122,3.4989303981385538,0.0
99.63566800000139,2.6147557702539608,0.2951424648129076,99.60121400000125,3.3374657722177012,0.0
99.88262900000143,2.6809883801053807,0.21824579471335387,99.85477900000122,3.1777218633421667,0.0
100.12566700000141,2.7065305301341516,0.19421558530724334,100.09525700000118,3.031109627361363,0.0
100.38369700000139,2.6898341719581023,0.20983522142121527,100.34473700000123,2.900729795105705,0.02548918640576722
100.63158500000137,2.641525198674091,0.26510470305526945,100.59925400000124,2.7835084190524153,0.11277033985581876
100.86210400000135,2.576871185570518,0.35041194644696194,100.85335100000123,2.679260789259933,0.223051836594576
101.10897700000127,2.5053283170293676,0.4633539306556814,101.08652700000127,2.5949671455177246,0.32518022657054585
101.36141900000125,2.427279145728753,0.5919155509783729,101.33405800000126,2.5368888176604782,0.400875386199794
101.60639000000123,2.338372861822151,0.706059045657398,101.5795880000013,2.5036735536846244,0.4669584620665981
101.85343400000124,2.2370056398835265,0.8632852729145211,101.83175700000128,2.4856123169946334,0.4921901819430141
102.10174200000121,2.1265916239335185,0.9667868177136971,102.08444700000132,2.4688686338627015,0.5162203913491247
102.35081900000124,2.014883693537601,0.9999999999999999,102.32779900000135,2.4465229661818864,0.5582732578098181
102.59722400000122,1.9131273754454707,0.9999999999999999,102.57532800000136,2.4215309750118705,0.6003261242705115
102.84317700000122,1.8333727366648407,0.9999999999999999,102.82017800000132,2.3990234035857014,0.6279608650875386
103.08977500000117,1.7832523304896823,0.9999999999999999,103.06826600000134,2.3903431383308424,0.6387744593202883
103.34075100000116,1.7632632880078554,0.9999999999999999,103.31915200000134,2.40812791785027,0.6111397185032613
103.58833100000116,1.7692927749814067,0.9999999999999999,103.56408600000134,2.4554908825150155,0.5462581531067628
103.83867800000115,1.7973752183193676,0.9999999999999999,103.81394500000138,2.519112051606547,0.4249055956059046
104.08361300000121,1.8457640751038524,0.9999999999999999,104.05698600000142,2.577540383648174,0.34921043597665635
104.33163900000119,1.917665013619689,0.9999999999999999,104.32101500000137,2.6136558708305833,0.29634397528321316
104.57710800000129,2.021635528137491,0.9999999999999999,104.55341200000136,2.6243265079924223,0.27832131822863027
104.84554900000133,2.1661892774265628,0.9343460350154479,104.7998430000014,2.625864566583099,0.27832131822863027
105.06913500000134,2.347730070112906,0.6988499828355648,105.04680300000145,2.6458740688644142,0.2590971507037419
105.31904100000132,2.5429581996403336,0.39246481290765534,105.2943400000014,2.7217925702022683,0.1749914177823549
105.5660480000013,2.7121477237811744,0.18580501201510474,105.54275700000142,2.8802046453201067,0.04016477857878472
105.8220170000013,2.8200988879281863,0.07801235839340885,105.79965400000144,3.097659970028026,0.0
106.06153300000135,2.8510276671590655,0.057157569515962896,106.03886200000147,3.329024249626076,0.0
106.3110290000014,2.808982130745215,0.08882595262615857,106.2888530000015,3.529445516978703,0.0
106.55811700000142,2.711876333354507,0.18580501201510474,106.53805200000153,3.660668683960716,0.0
106.80846100000146,2.5861368625614958,0.3395983522142121,106.7844430000015,3.703856518460755,0.0
107.04982900000152,2.4611086499990775,0.533041537933402,107.03056700000153,3.6661878508698775,0.0
107.29774400000153,2.358840633890235,0.685633367662204,107.2754140000015,3.5798623587015905,0.0
107.54530900000158,2.287436262248236,0.794970820460007,107.52472500000158,3.4889648272147045,0.0
107.79481900000157,2.241505705352471,0.8563336766220391,107.77281000000158,3.4241253250375556,0.0
108.0401570000016,2.2064462053821075,0.8903192584963954,108.02177300000156,3.3911518601835757,0.0
108.28203400000159,2.1687679620977365,0.9328012358393408,108.26394000000158,3.379489836534472,0.0
108.54059100000158,2.1252394955611185,0.9667868177136971,108.51555900000159,3.371383254980602,0.0
108.7829930000016,2.0815273764314615,0.9999999999999999,108.78891100000165,3.347778099103678,0.0
109.02943200000162,2.047245665150098,0.9999999999999999,109.00439900000173,3.288073598327202,0.0
109.27536300000155,2.0294666334111233,0.9999999999999999,109.25928200000168,3.176787805194458,0.0
109.52418100000156,2.0306735254730177,0.9999999999999999,109.50623100000175,3.013006124850416,0.0
109.77062500000154,2.048633900471287,0.9999999999999999,109.75227500000179,2.81353912661548,0.0865087538619979
110.01701300000155,2.076671230182047,0.9999999999999999,110.00910500000178,2.605953892503781,0.3023515276347408
110.26390100000157,2.1064447432497992,0.9845520082389289,110.25081100000176,2.4153974836837184,0.6039306556814281
110.51299200000157,2.128484911062177,0.9667868177136971,110.48854700000179,2.2556969272272207,0.8394267078613113
110.75791600000163,2.135364412709474,0.9582904222451081,110.7457080000018,2.1269322017054244,0.9667868177136971
111.0016460000016,2.124599226387555,0.9667868177136971,110.98812200000178,2.017984067703633,0.9999999999999999
111.25475200000159,2.0964181088823137,0.9922760041194644,111.23843200000171,1.912238906811847,0.9999999999999999
111.5006530000016,2.053215701432775,0.9999999999999999,111.47404300000176,1.7973322257542104,0.9999999999999999
111.74416000000154,2.0001714251725176,0.9999999999999999,111.72837800000177,1.6730607850541068,0.9999999999999999
111.99301000000155,1.9446880504958652,0.9999999999999999,111.99338800000174,1.5473541322776956,0.9999999999999999
112.24012400000154,1.8935138059984926,0.9999999999999999,112.21833900000173,1.4299985199780287,0.9999999999999999
112.50915100000161,1.8500691867007135,0.9999999999999999,112.47399100000177,1.3304443648541382,0.9999999999999999
112.73563300000157,1.813842093605029,0.9999999999999999,112.71883100000181,1.2589874721254402,0.9999999999999999
112.98705500000156,1.7806863062099678,0.9999999999999999,112.96618000000177,1.2256378764516196,0.9999999999999999
113.23037900000155,1.7448501877268,0.9999999999999999,113.21330300000174,1.2388124487039085,0.9999999999999999
113.48436000000152,1.702111568949916,0.9999999999999999,113.4601460000018,1.3026339090183687,0.9999999999999999
113.72384100000149,1.6526920402871388,0.9999999999999999,113.70610500000186,1.41371799307567,0.9999999999999999
113.97773700000153,1.6046046622554604,0.9999999999999999,113.95855000000189,1.557924202246927,0.9999999999999999
114.21977000000156,1.571729704443491,0.9999999999999999,114.19996900000189,1.7113151088904135,0.9999999999999999
114.4700800000016,1.568119757747694,0.9999999999999999,114.44927800000187,1.847847653794972,0.9999999999999999
114.71866600000156,1.5976041838656763,0.9999999999999999,114.69672500000195,1.9466741584873932,0.9999999999999999
114.97211900000161,1.6509452470371018,0.9999999999999999,114.94206900000195,1.9999622501524104,0.9999999999999999
115.21108400000162,1.713647392186001,0.9999999999999999,115.20064100000195,2.013640265851541,0.9999999999999999
115.46178600000162,1.7735704008144029,0.9999999999999999,115.44293400000193,2.005020541669018,0.9999999999999999
115.71863900000167,1.8248413508732448,0.9999999999999999,115.69429300000193,1.9969207749974929,0.9999999999999999
115.96173000000167,1.8650914270787688,0.9999999999999999,115.93588200000193,2.0135040206402683,0.9999999999999999
116.20703400000163,1.8940847985585614,0.9999999999999999,116.18086800000194,2.0690567141920213,0.9999999999999999
116.44507700000165,1.9112820055285002,0.9999999999999999,116.45930000000193,2.16471719405979,0.9351184346035014
116.69758700000166,1.9160178200982618,0.9999999999999999,116.68185700000193,2.2926167758829608,0.7865602471678683
116.92952100000166,1.9092199955362874,0.9999999999999999,116.9228160000019,2.4425396895364897,0.5606762787504291
117.17194200000165,1.8970325478170282,0.9999999999999999,117.17136900000189,2.608601714692739,0.29994850669412976
117.41715700000168,1.8862446833084192,0.9999999999999999,117.42734500000188,2.7867072021809665,0.11122554067971165
117.66704400000175,1.8815314049249057,0.9999999999999999,117.67377400000183,2.9706640094595826,0.0
117.90701700000173,1.8851311989609174,0.9999999999999999,117.91663400000182,3.1490499497178925,0.0
118.15605800000176,1.8968469960445897,0.9999999999999999,118.16663100000184,3.300499539746153,0.0
118.40612400000174,1.9174674319955223,0.9999999999999999,118.41157900000184,3.393377088086139,0.0
118.65137300000174,1.9475403967564573,0.9999999999999999,118.66188000000173,3.398970497181321,0.0
118.90963300000172,1.9854417280866987,0.9999999999999999,118.90792400000169,3.3135888353692207,0.0
119.14959200000176,2.029063150622881,0.9999999999999999,119.15149100000168,3.1705394641157882,0.0
119.39604800000181,2.0817259535592614,0.9999999999999999,119.40741700000171,3.0187183113351788,0.0
119.64188700000179,2.153028025827462,0.9405252317198763,119.66236400000176,2.89210376262772,0.03166838311019567
119.89154600000184,2.255214749109221,0.8394267078613113,119.89783800000176,2.79687690871634,0.1011843460350154
120.15284300000181,2.393377602949659,0.6363714383796774,120.14641100000179,2.7216924473205184,0.1749914177823549
120.38887800000188,2.553247737400406,0.38285272914521107,120.39868000000179,2.6466029692856625,0.25789564023343636
120.63482600000187,2.699822551089395,0.20262615859938207,120.63865500000182,2.5572139539406766,0.37684517679368357
120.88371600000184,2.791565227971019,0.1065911431513903,120.89126300000181,2.454461457842802,0.5462581531067628
121.12160100000187,2.7973189585777405,0.10041194644696184,121.13220600000176,2.353907289392573,0.6916409200137316
121.37089400000185,2.7051494831965655,0.1966186062478544,121.38151000000175,2.2748554934155067,0.8153964984552009
121.61723500000187,2.5283738032472747,0.4140920013731548,121.62650500000177,2.229779118535187,0.8725540679711636
121.8638820000019,2.301742676207634,0.7709406110538963,121.88583300000178,2.220362193786292,0.8795056642636456
122.11891100000192,2.0675657657596513,0.9999999999999999,122.12574600000178,2.2389249350203513,0.8609680741503604
122.36535100000191,1.8599859300937895,0.9999999999999999,122.37577100000178,2.2739638003817215,0.8165980089255063
122.61194700000182,1.6997437798777348,0.9999999999999999,122.61819300000184,2.311601883125771,0.7541194644696191
122.85489000000187,1.596742641509665,0.9999999999999999,122.87361400000188,2.3348552222802406,0.708462066598009
123.10653500000191,1.556677642632316,0.9999999999999999,123.1161950000019,2.3247838400731253,0.7276862341228975
123.35980700000194,1.5806749168534615,0.9999999999999999,123.35710600000195,2.2666883881964273,0.8238070717473395
123.6023150000019,1.6579373103882697,0.9999999999999999,123.60876200000199,2.1578897991021257,0.9374356333676621
123.84112100000186,1.7620175653787022,0.9999999999999999,123.86309900000202,2.012000762654014,0.9999999999999999
124.09647700000184,1.8626827493824314,0.9999999999999999,124.1027200000021,1.8536826938801694,0.9999999999999999
124.3405630000018,1.942757274133654,0.9999999999999999,124.34768600000208,1.7098687585420187,0.9999999999999999
124.58939800000182,2.0001725419257816,0.9999999999999999,124.59700900000203,1.603757531267779,0.9999999999999999
124.84289700000183,2.0412700267017794,0.9999999999999999,124.84353300000207,1.549367441692674,0.9999999999999999
125.08487500000183,2.0729403371263353,0.9999999999999999,125.09854600000206,1.5483189095193755,0.9999999999999999
125.33101800000182,2.098161123409787,0.9899588053553038,125.36848400000201,1.5922443176906609,0.9999999999999999
125.57944500000181,2.1138517113727433,0.9752832131822863,125.58803600000208,1.6677097490855493,0.9999999999999999
125.82593100000183,2.1116717901545607,0.9776004119464469,125.85152300000206,1.7596790596229233,0.9999999999999999
126.07840800000189,2.0823878826412368,0.9999999999999999,126.08713400000207,1.8553270056694624,0.9999999999999999
126.32190100000187,2.025434979679137,0.9999999999999999,126.340091000002,1.9467878671135144,0.9999999999999999
126.5704810000019,1.952579642561145,0.9999999999999999,126.577027000002,2.0308542337846527,0.9999999999999999
126.80864800000187,1.8845746936389691,0.9999999999999999,126.83364900000208,2.108038237779508,0.9830072090628217
127.0536160000019,1.8445601143125505,0.9999999999999999,127.0699940000021,2.180856830676769,0.9119464469618949
127.30294500000186,1.8493708995647922,0.9999999999999999,127.34292500000211,2.2500645907001697,0.8478372811534501
127.54512600000184,1.9032788248843548,0.9999999999999999,127.5721080000021,2.313383194919669,0.751716443529008
127.8110680000019,1.9990948387154832,0.9999999999999999,127.81954600000209,2.365198226951618,0.6808273257809818
128.0484100000019,2.125559672013049,0.9667868177136971,128.0735240000021,2.4006891649639726,0.6231548232063164
128.29155500000192,2.2736605014879587,0.8165980089255063,128.31556500000215,2.4203354617334147,0.6003261242705115
128.542469000002,2.434052286036243,0.5799004462753176,128.56109800000215,2.4310653242598277,0.5835049776862341
128.79007000000203,2.591585582159803,0.33479231033298995,128.80545500000215,2.4405756031380523,0.5642808101613457
129.032948000002,2.722034763341659,0.1749914177823549,129.05940600000218,2.4517870412924134,0.5486611740473739
129.28101200000194,2.798656640999055,0.09886714727085481,129.30843200000214,2.460262351424321,0.5354445588740131
129.5269020000019,2.805758404393531,0.09114315139031924,129.55537600000216,2.4534936512424204,0.5462581531067628
129.7715370000019,2.747158736059156,0.14443872296601443,129.8051040000022,2.415094899647569,0.6039306556814281
130.02318400000192,2.6401594895632066,0.26630621352557493,130.04127100000215,2.3357918522865124,0.708462066598009
130.272176000002,2.505792320567567,0.4633539306556814,130.29190600000211,2.2237449203289064,0.8756436663233779
130.516708000002,2.3622441280633,0.6808273257809818,130.5597890000021,2.1068583626095636,0.9845520082389289
130.764478000002,2.222686467216805,0.877188465499485,130.7902730000021,2.0202854258305063,0.9999999999999999
131.02854600000202,2.0979497016999766,0.9899588053553038,131.03208600000212,1.9858431504651517,0.9999999999999999
131.25475600000203,1.9958242877328503,0.9999999999999999,131.2949910000022,2.0032076530265055,0.9999999999999999
131.50971900000204,1.9216685845922172,0.9999999999999999,131.53276700000228,2.0481483517235453,0.9999999999999999
131.77466900000192,1.8795857525437762,0.9999999999999999,131.7768930000023,2.0917999509683938,0.9969104016477857
131.99970600000194,1.8717172984808097,0.9999999999999999,132.02331700000235,2.1154286839076484,0.9729660144181256
132.25259500000183,1.896613472298767,0.9999999999999999,132.27427700000243,2.1183326117444166,0.9698764160659114
132.50219600000185,1.9459641289780059,0.9999999999999999,132.51043500000247,2.1180398928444952,0.9714212152420185
132.7503060000017,1.9988689319987218,0.9999999999999999,132.76043200000237,2.143785552643662,0.9552008238928938
132.99426300000172,2.023091336326585,0.9999999999999999,133.0093480000024,2.2238738186101736,0.8756436663233779
133.2442710000016,1.994898561430589,0.9999999999999999,133.2557650000024,2.372078454195524,0.6688122210779265
133.48977200000166,1.919645769513924,0.9999999999999999,133.49881400000237,2.5716655110622337,0.3552179883281841
133.74280300000171,1.821528792986669,0.9999999999999999,133.74714300000235,2.775817663877989,0.11740473738414002
133.98972900000186,1.7275859008760885,0.9999999999999999,133.9925060000023,2.9336440530592958,0.0054067971163749
134.22896600000192,1.6610886014484314,0.9999999999999999,134.24092300000223,3.019390055498117,0.0
134.47640500000193,1.640639419172318,0.9999999999999999,134.51400900000223,3.0442764482971847,0.0
134.72443100000189,1.6802559931005678,0.9999999999999999,134.73295500000222,3.051355679669246,0.0
134.97945800000176,1.7811049203190052,0.9999999999999999,135.00150700000228,3.0986446753182486,0.0
135.21996100000186,1.9198949147065205,0.9999999999999999,135.22697300000223,3.2362641756088797,0.0
135.4829820000019,2.057775948662163,0.9999999999999999,135.48391500000227,3.4784582985804064,0.0
135.71916500000182,2.167596713865782,0.9335736354273944,135.72617700000234,3.787723878911032,0.0
135.96458900000178,2.247568544067823,0.8501544799176106,135.97268700000234,4.0946280257386,0.0
136.21505600000174,2.312095409108497,0.7541194644696191,136.21867000000228,4.327017726284522,0.0
136.46308100000178,2.3732091820578036,0.6676107106076211,136.4722620000022,4.426121544814062,0.0
136.70046000000173,2.4305276819650437,0.5847064881565397,136.71470400000223,4.3651366713218085,0.0
136.95555200000186,2.4726687175700763,0.510212838997597,136.95968800000213,4.165362144570862,0.0
137.1987910000018,2.4820516548143465,0.49579471335393066,137.2103610000021,3.8806888731753544,0.0
137.44785200000166,2.443697827318806,0.5606762787504291,137.45886400000214,3.571990236071522,0.0
137.69289200000173,2.3530794404390813,0.6916409200137316,137.700674000002,3.2835268268787985,0.0
137.94471300000166,2.2207589314038176,0.8795056642636456,137.9551940000021,3.0348803530931905,0.0
138.19921600000166,2.063538394492612,0.9999999999999999,138.2052740000021,2.8261107351865724,0.07569515962924818
138.44121500000165,1.8975625959595377,0.9999999999999999,138.45090600000216,2.644435373538108,0.2627016821146584
138.69950500000158,1.7374073209283727,0.9999999999999999,138.70040700000223,2.4728064779343404,0.510212838997597
138.93851500000156,1.5951103656016636,0.9999999999999999,138.9397200000022,2.2998418311171243,0.7733436319945074
139.19048600000158,1.4797019243434384,0.9999999999999999,139.19535800000222,2.124647456334176,0.9667868177136971
139.43660300000153,1.3962401114277894,0.9999999999999999,139.43722000000218,1.956395784368447,0.9999999999999999
139.67466900000144,1.3455236370342583,0.9999999999999999,139.68431000000209,1.8115023695888772,0.9999999999999999
139.91816800000151,1.3263495711444173,0.9999999999999999,139.93327600000214,1.7066031497422562,0.9999999999999999
140.17386200000152,1.336307226526357,0.9999999999999999,140.18127900000215,1.6546672779621252,0.9999999999999999
140.4163580000014,1.3713548618093734,0.9999999999999999,140.42487700000208,1.662079393448753,0.9999999999999999
140.65891200000138,1.4234720492020796,0.9999999999999999,140.6767250000022,1.7268131286480106,0.9999999999999999
140.91467100000133,1.4813981557562739,0.9999999999999999,140.9203060000022,1.837276763372147,0.9999999999999999
141.15526700000137,1.5350797178513373,0.9999999999999999,141.1702860000021,1.9709113915816794,0.9999999999999999
141.40489000000125,1.5792727680885446,0.9999999999999999,141.41788000000207,2.09675482511525,0.9915036045314108
141.65875900000125,1.612667989716745,0.9999999999999999,141.6672220000021,2.1849888367874337,0.9088568486096806
141.90536600000118,1.635392432680641,0.9999999999999999,141.919312000002,2.2157836435994076,0.8849124613800204
142.15629400000114,1.648146131239438,0.9999999999999999,142.16118700000192,2.1855869809652484,0.9073120494335736
142.39726800000108,1.6512745265236581,0.9999999999999999,142.4061680000018,2.1082369880244176,0.9822348094747682
142.64884500000093,1.6473129262655735,0.9999999999999999,142.68414700000173,2.008482188441375,0.9999999999999999
142.89490300000097,1.6425081900819438,0.9999999999999999,142.8984020000017,1.911397973548405,0.9999999999999999
143.15773700000088,1.6485601773389755,0.9999999999999999,143.15155000000163,1.8354862695767613,0.9999999999999999
143.4010290000008,1.6831410766830586,0.9999999999999999,143.40031200000163,1.7918439519014198,0.9999999999999999
143.6394090000008,1.7660106457380078,0.9999999999999999,143.64576600000154,1.7873938849516042,0.9999999999999999
143.8793900000008,1.9121270242286363,0.9999999999999999,143.88974400000154,1.828677271744676,0.9999999999999999
144.13118500000078,2.122135504012621,0.9683316168898043,144.14021400000155,1.918843313142243,0.9999999999999999
144.38609100000073,2.370644973487475,0.6748197734294542,144.38255800000158,2.0472953852386744,0.9999999999999999
144.6244970000007,2.6143721774247526,0.2951424648129076,144.64582800000147,2.187538149650031,0.9057672502574664
144.87753400000065,2.8072504105956737,0.08959835221421213,144.8829870000014,2.3084660438751143,0.7565224854102301
145.1170140000007,2.9207973851606037,0.01544799176107106,145.12742900000146,2.3905442701958783,0.6375729488499828
145.36611800000063,2.9548225674161768,0.0,145.37675300000137,2.434780913505272,0.578698935805012
145.61492200000072,2.9338806807774045,0.004634397528321343,145.6234530000013,2.452466168376124,0.5474596635770682
145.8637750000008,2.892174217179315,0.03166838311019567,145.87928900000125,2.4502875317484953,0.5522657054582903
146.10873400000074,2.859584054297188,0.05097837281153452,146.1230200000012,2.43141483139294,0.5823034672159286
146.3737310000007,2.8491659351704266,0.057157569515962896,146.38181800000132,2.398169780297513,0.6291623755578442
146.60537400000064,2.8497596188506975,0.057157569515962896,146.6167680000012,2.3486071799357124,0.6988499828355648
146.85934500000064,2.8350903722890486,0.0718331616889804,146.86276700000116,2.276334810033008,0.8129934775145898
147.10589600000057,2.7929803220591607,0.10504634397528319,147.13382700000116,2.174939780811233,0.9204428424304839
147.35084700000064,2.7465879299107994,0.14598352214212146,147.3772190000011,2.0447471416533007,0.9999999999999999
147.59256100000047,2.738794041690422,0.15336422931685545,147.60374100000098,1.8954688861000608,0.9999999999999999
147.85182800000047,2.8006725815970146,0.09500514933058703,147.85049900000095,1.7439025908336654,0.9999999999999999
148.0998470000004,2.9349993796023877,0.0038619979402677858,148.103026000001,1.6095684113736475,0.9999999999999999
148.3347050000005,3.1203639426822036,0.0,148.34802800000082,1.5085500804645173,0.9999999999999999
148.5904390000005,3.3161380009037935,0.0,148.5976450000008,1.4476787074264887,0.9999999999999999
148.84005000000056,3.47170684752258,0.0,148.84227000000084,1.4238342237651043,0.9999999999999999
149.0834790000005,3.544681958112306,0.0,149.09324500000088,1.4275769574325092,0.9999999999999999
149.32993500000035,3.520785494245897,0.0,149.33749700000095,1.4454142162855326,0.9999999999999999
149.5844190000004,3.4192119161172156,0.0,149.59002500000096,1.4675374848473741,0.9999999999999999
149.8283240000005,3.27898852995648,0.0,149.8316540000009,1.497670993856433,0.9999999999999999
150.06997400000049,3.1376183322856073,0.0,150.07870500000084,1.5483237059306751,0.9999999999999999
150.3233340000006,3.0152545518832454,0.0,150.33379000000085,1.6282103753716906,0.9999999999999999
150.56989000000058,2.916277019165229,0.018537590113285287,150.57820900000084,1.7332845356168103,0.9999999999999999
150.83430800000056,2.8416290733943192,0.06333676622039135,150.81917800000082,1.8435717753880208,0.9999999999999999
151.06418600000055,2.801575799366888,0.09500514933058703,151.06774500000094,1.9355227009756373,0.9999999999999999
151.30979000000056,2.814433832339486,0.08573635427394434,151.32068300000088,1.9961378153568967,0.9999999999999999
151.56664300000048,2.8887222958702807,0.033985581874356345,151.56945600000083,2.024564900973149,0.9999999999999999
151.8116040000005,3.005423037307614,0.0,151.81840900000074,2.0299217568360133,0.9999999999999999
152.0541810000004,3.1164968692090715,0.0,152.06133000000074,2.025955649791326,0.9999999999999999
152.3041450000004,3.1651060058133886,0.0,152.30437800000064,2.0304116118447464,0.9999999999999999
152.54704100000038,3.1129207987114214,0.0,152.55193900000066,2.058302890377787,0.9999999999999999
152.7955930000002,2.9564605573734526,0.0,152.80127300000066,2.1147711619089034,0.9737384140061791
153.05105400000008,2.7254879603068143,0.1749914177823549,153.05237300000073,2.192361098469682,0.9011328527291451
153.29464600000003,2.4665031309810357,0.5222279437006522,153.29877200000078,2.2775515770819386,0.8105904565739788
153.54318399999994,2.22400953232883,0.8756436663233779,153.54872600000067,2.3595234193688044,0.6844318571918985
153.79006299999998,2.0264668733342464,0.9999999999999999,153.79335100000077,2.430525664675862,0.5847064881565397
154.04496699999984,1.8832236127728232,0.9999999999999999,154.0416710000007,2.482396673869114,0.49579471335393066
154.28442499999986,1.7905002145318485,0.9999999999999999,154.29470000000074,2.504258876098021,0.4669584620665981
154.53194399999984,1.7398115036382455,0.9999999999999999,154.53568700000088,2.4856875547854793,0.4921901819430141
154.78500599999973,1.7239703497830332,0.9999999999999999,154.80869900000076,2.4195050659962485,0.6003261242705115
155.02949699999974,1.7404362147855226,0.9999999999999999,155.03025500000084,2.308656896770334,0.7565224854102301
155.2763779999997,1.7777305639997187,0.9999999999999999,155.28560400000083,2.168477576046181,0.9328012358393408
155.5249739999998,1.8170698502709228,0.9999999999999999,155.52366800000087,2.0242054389250126,0.9999999999999999
155.76925599999973,1.8465347163300194,0.9999999999999999,155.7736300000008,1.902775331945302,0.9999999999999999
156.01348099999973,1.8639197935512068,0.9999999999999999,156.02516300000082,1.821911629963156,0.9999999999999999
156.26771699999975,1.8722191990453552,0.9999999999999999,156.26269000000082,1.7845577032156645,0.9999999999999999
156.51979799999984,1.8736091765821348,0.9999999999999999,156.5206960000008,1.7781808544117619,0.9999999999999999
156.7598009999998,1.8669808882015329,0.9999999999999999,156.77001500000085,1.7796746042031004,0.9999999999999999
157.01265299999983,1.8482805046205781,0.9999999999999999,157.0140570000008,1.766482021494756,0.9999999999999999
157.26587599999985,1.8117509020364773,0.9999999999999999,157.25814600000066,1.7256004854234717,0.9999999999999999
157.50539099999978,1.7509659473494865,0.9999999999999999,157.5007280000006,1.6583947730617137,0.9999999999999999
157.7558269999998,1.6670108077014592,0.9999999999999999,157.75114200000056,1.5785688208684652,0.9999999999999999
157.99894299999977,1.5756357234474252,0.9999999999999999,158.01501900000054,1.5077527276318823,0.9999999999999999
158.24888799999985,1.4966601939253164,0.9999999999999999,158.25059600000048,1.4678624193939547,0.9999999999999999
158.51318999999995,1.4454914391746863,0.9999999999999999,158.50055100000057,1.4753425769503419,0.9999999999999999
158.74445099999997,1.4340150987825175,0.9999999999999999,158.75087400000058,1.539103468663411,0.9999999999999999
158.9865769999999,1.4730053080439807,0.9999999999999999,158.9908200000006,1.6580920121486593,0.9999999999999999
159.23705299999997,1.5641391377909228,0.9999999999999999,159.2353710000005,1.8162839094661836,0.9999999999999999
159.488224,1.6932883773812273,0.9999999999999999,159.4857850000005,1.9869474433796657,0.9999999999999999
159.737574,1.8307189703141509,0.9999999999999999,159.73026800000045,2.1400425258505695,0.9559732234809474
159.97994100000003,1.9426899472397454,0.9999999999999999,159.98072300000035,2.2482661480821085,0.8501544799176106
160.23229599999996,2.0089813333357536,0.9999999999999999,160.2296960000003,2.2900003309320285,0.7937693099897013
160.47628199999997,2.0227024823016637,0.9999999999999999,160.47404400000033,2.2582477122270688,0.8322176450394784
160.72319400000003,1.98836812106587,0.9999999999999999,160.73275600000034,2.165922538010018,0.9343460350154479
160.96723500000002,1.9211496141798343,0.9999999999999999,160.9700060000004,2.042598545225607,0.9999999999999999
161.21814799999996,1.8434279576580987,0.9999999999999999,161.2289830000004,1.9244344073796433,0.9999999999999999
161.46476000000004,1.777549631864371,0.9999999999999999,161.46497000000022,1.8435707121762426,0.9999999999999999
161.71303399999994,1.7340031785255259,0.9999999999999999,161.7107410000002,1.8207492217444643,0.9999999999999999
161.97091100000003,1.7079488677574108,0.9999999999999999,161.96678600000018,1.8635867877983718,0.9999999999999999
162.20970499999996,1.6854359330513224,0.9999999999999999,162.22173000000018,1.9647879127697896,0.9999999999999999
162.45766199999997,1.6540992536585777,0.9999999999999999,162.48170300000012,2.1029704880435727,0.9884140061791966
162.70197799999997,1.6078538001773406,0.9999999999999999,162.70663100000004,2.245244096802234,0.8516992790937178
162.95043399999994,1.5471150714166515,0.9999999999999999,162.96263700000003,2.361506395433326,0.6820288362512874
163.2018589999999,1.4777505445970807,0.9999999999999999,163.19691800000004,2.4364224808684707,0.5774974253347065
163.4477249999999,1.4102992289202128,0.9999999999999999,163.44073900000006,2.472693382590812,0.510212838997597
163.69194699999986,1.3565917895100426,0.9999999999999999,163.68881600000006,2.4843290593680067,0.49579471335393066
163.94469399999986,1.3261351669588621,0.9999999999999999,163.94013200000012,2.4855366125690677,0.4921901819430141
164.1912019999998,1.3252351626350476,0.9999999999999999,164.18303700000018,2.4849447334267136,0.4945932028836252
164.4387169999998,1.3532717163468904,0.9999999999999999,164.43467900000022,2.4795842716570924,0.5018022657054583
164.68931699999982,1.4014134335777382,0.9999999999999999,164.68184600000026,2.469602805783161,0.5150188808788191
164.93320399999985,1.4583877334002477,0.9999999999999999,164.93182300000026,2.483782554209729,0.49579471335393066
165.18164399999998,1.5165795409886074,0.9999999999999999,165.17684500000027,2.578440648117762,0.3468074150360453
165.427784,1.5746966880713555,0.9999999999999999,165.42280400000024,2.7996444728362175,0.0973223480947477
165.6769529999999,1.6399329527755475,0.9999999999999999,165.6788820000003,3.134895412022378,0.0
165.92768999999993,1.730837129616074,0.9999999999999999,165.91479400000023,3.5147230328565824,0.0
166.18565599999997,1.8553522098297008,0.9999999999999999,166.1638440000003,3.8523464900608815,0.0
166.42267999999987,1.9958834903840654,0.9999999999999999,166.41137400000022,4.0799350485312,0.0
166.66053699999983,2.125674892419026,0.9667868177136971,166.65779700000024,4.163920106376907,0.0
166.91051599999977,2.236351104251414,0.8648300720906281,166.90972000000022,4.105193711124219,0.0
167.1569319999998,2.341617726579135,0.6988499828355648,167.1628030000002,3.9355737860683266,0.0
167.40854099999987,2.464171803986306,0.5246309646412632,167.40713800000006,3.709288428022476,0.0
167.65755899999994,2.6226905823192674,0.2819258496395469,167.65310600000007,3.484654085093736,0.0
167.89867599999988,2.822685066009906,0.07646755921730174,167.90069500000004,3.3007772580645547,0.0
168.15673699999996,3.048272474773474,0.0,168.14853399999996,3.1592643891821575,0.0
168.39915599999995,3.2610126429230277,0.0,168.386432,3.0287834862413545,0.0
168.64247499999988,3.4125903344693134,0.0,168.63888000000017,2.877722892123131,0.044026776519052506
168.89001899999985,3.466670810146022,0.0,168.89437000000012,2.6967637181531643,0.20502917953999314
169.1355089999998,3.4142659172073055,0.0,169.13229500000017,2.493502090295568,0.4849811191211809
169.40248999999986,3.2736243576032837,0.0,169.38593600000013,2.2842179761818793,0.8033813937521456
169.63053899999983,3.081967767704836,0.0,169.63018300000007,2.0889063285781138,0.9999999999999999
169.87957599999984,2.883059217410371,0.03784757981462413,169.8768600000001,1.9239303366140537,0.9999999999999999
170.1254699999999,2.7092466998587943,0.18940954342602134,170.1241920000001,1.7963147818484908,0.9999999999999999
170.37543799999983,2.5701096972251887,0.35641949879848955,170.3818060000001,1.7030047470719765,0.9999999999999999
170.62162999999987,2.4574770140952595,0.5438551321661518,170.61870400000012,1.636364126827329,0.9999999999999999
170.87225299999997,2.3594699050000223,0.6844318571918985,170.8636500000001,1.5899538662979436,0.9999999999999999
171.12031199999987,2.268992483158552,0.8214040508067284,171.11982100000012,1.5608851534128052,0.9999999999999999
171.36509399999994,2.1849552368157665,0.9088568486096806,171.35978900000006,1.5480138927619072,0.9999999999999999
171.61811599999984,2.10924427923239,0.9822348094747682,171.606716,1.5511591527737207,0.9999999999999999
171.86543699999987,2.0447105426247596,0.9999999999999999,171.85926300000008,1.5718601542680333,0.9999999999999999
172.11441099999985,1.9948719662163688,0.9999999999999999,172.10095600000002,1.6122577499533426,0.9999999999999999
172.35478999999978,1.9689608280454263,0.9999999999999999,172.35166599999997,1.6723121899811262,0.9999999999999999
172.60670299999975,1.9793414938921259,0.9999999999999999,172.60004499999994,1.7491484415585683,0.9999999999999999
172.84926999999968,2.0319867058619927,0.9999999999999999,172.84676499999992,1.839312371954117,0.9999999999999999
173.09458999999967,2.1220709206743105,0.9683316168898043,173.09671499999982,1.941053292484324,0.9999999999999999
173.34294499999967,2.237445379651075,0.8625128733264675,173.3542579999999,2.054370795824102,0.9999999999999999
173.59196799999964,2.3587854727873347,0.685633367662204,173.58973999999995,2.1753431200718882,0.9196704428424304
173.85307399999962,2.464925639217016,0.5246309646412632,173.8373739999999,2.2872348440104187,0.794970820460007
174.09491699999955,2.53752146716558,0.39967387572948854,174.08564799999988,2.3665228992681224,0.6784243048403708
174.33726899999945,2.566961827077317,0.36002403020940604,174.33982099999974,2.402783333149998,0.6171472708547889
174.58853099999956,2.5560104755504574,0.37924819773429463,174.57864299999974,2.4007888184820345,0.6231548232063164
174.82779599999955,2.5164985440052723,0.4309131479574322,174.83362399999976,2.3712220238558377,0.6724167524888433
175.08005699999956,2.4634349498269383,0.52823549605218,175.07358199999967,2.3264859098283637,0.7240817027119808
175.33296399999955,2.4101177626391572,0.6087366975626503,175.3221409999995,2.2804809558470653,0.8057844146927566
175.56998499999955,2.3649624914545546,0.6808273257809818,175.57198199999957,2.247249988659521,0.8501544799176106
175.8191299999996,2.333010318842808,0.7120665980089255,175.8199649999996,2.2361176577252233,0.8648300720906281
176.07206099999965,2.3194081033754004,0.7433058702368694,176.06004899999957,2.247402893309223,0.8501544799176106
176.31799699999974,2.328833118899591,0.7204771713010643,176.31788899999958,2.272330591451806,0.8165980089255063
176.5661319999997,2.362666869249754,0.6808273257809818,176.5684929999995,2.2966114693757462,0.7757466529351185
176.81100999999973,2.4162514422898194,0.6003261242705115,176.81287099999943,2.3068311871344984,0.7601270168211466
177.06288499999954,2.476873753918169,0.5078098180569859,177.04906999999946,2.2987521962654665,0.774545142464813
177.3144019999995,2.5251904488203545,0.4164950223137659,177.30404399999944,2.2745208712765783,0.8165980089255063
177.55098999999936,2.5415184728053863,0.39366632337796087,177.54951499999936,2.2424057765893233,0.854788877445932
177.80193499999928,2.5141161288475398,0.44172674219018193,177.79111799999922,2.2155836381589364,0.8849124613800204
178.0528949999993,2.445623798733472,0.5594747682801235,178.04445099999916,2.205802318490479,0.8910916580844489
178.29141199999938,2.35088027738425,0.6928424304840372,178.29341899999918,2.2187142783005287,0.8810504634397528
178.5458999999995,2.2496895479202017,0.8478372811534501,178.53637699999908,2.2500773641444805,0.8478372811534501
178.79013399999945,2.1611940438374013,0.9366632337796086,178.79069099999907,2.287813706636587,0.794970820460007
179.03651299999945,2.099194787406355,0.9899588053553038,179.03228899999903,2.3180088799946215,0.7457088911774802
179.28550699999946,2.068437310990001,0.9999999999999999,179.27967099999907,2.3316884663791537,0.7156711294198422
179.5308489999995,2.0623898771157996,0.9999999999999999,179.53463699999904,2.3300774973098224,0.7180741503604533
179.77832499999948,2.07180125889665,0.9999999999999999,179.777232999999,2.3260835404140017,0.7240817027119808
180.02687999999955,2.0998676400823233,0.9899588053553038,180.02287299999887,2.331022069035404,0.7180741503604533
180.2799759999995,2.1624953088108185,0.9366632337796086,180.26732199999879,2.34549951088122,0.6988499828355648
180.5135449999994,2.278850658335686,0.8093889461036734,180.51729499999877,2.3630533465763808,0.6808273257809818
180.76662799999932,2.4548806178214524,0.5462581531067628,180.76624199999875,2.3797663026947085,0.6592001373154824
181.00922699999936,2.67082873548587,0.23146240988671474,181.02776999999864,2.3963067373265328,0.6303638860281496
181.26559599999922,2.8810978201789115,0.038619979402677605,181.26184099999864,2.4125990786369904,0.6087366975626503
181.52395199999927,3.0300833609351447,0.0,181.51479099999872,2.422523677314814,0.6003261242705115
181.75585899999925,3.074230069798234,0.0,181.76011399999854,2.4136812848485762,0.6063336766220392
182.00151099999934,3.000560177824041,0.0,182.00580299999865,2.374293744598271,0.66520768966701
182.25342199999932,2.8328016339671565,0.0718331616889804,182.25118599999863,2.2993061783243487,0.7733436319945074
182.50292499999938,2.615572698055388,0.291537933401991,182.49933299999867,2.1935077115183113,0.9003604531410916
182.74595999999937,2.3930745221948553,0.6363714383796774,182.74929499999868,2.070740760747957,0.9999999999999999
182.99198099999947,2.196023827330564,0.898043254376931,182.99215399999875,1.948446881947755,0.9999999999999999
183.24591699999948,2.0405961626158056,0.9999999999999999,183.2434519999985,1.8442096347976207,0.9999999999999999
183.4899119999995,1.9344072608287568,0.9999999999999999,183.4934009999984,1.7697600269191476,0.9999999999999999
183.7372439999995,1.881568217821377,0.9999999999999999,183.7392589999984,1.7223117580652743,0.9999999999999999
183.98220499999942,1.8843956998999352,0.9999999999999999,183.98731299999835,1.6840910237835724,0.9999999999999999
184.2384129999995,1.9371946641709545,0.9999999999999999,184.23408199999838,1.637075356951735,0.9999999999999999
184.4771759999996,2.020826542031941,0.9999999999999999,184.4836329999984,1.5795372250515853,0.9999999999999999
184.73163799999944,2.1063042828417915,0.9853244078269824,184.73363299999835,1.527788671510437,0.9999999999999999
184.97474499999942,2.1682393370312343,0.9335736354273944,184.9728109999983,1.507892507235339,0.9999999999999999
185.21813599999942,2.1955572974547053,0.8988156539649845,185.21712299999817,1.5486071327735922,0.9999999999999999
185.4781259999995,2.1906544691905445,0.9026776519052522,185.48859099999805,1.6750826709090119,0.9999999999999999
185.72468999999938,2.1630516885004205,0.935890834191555,185.71451499999804,1.8992883082797376,0.9999999999999999
185.9625269999994,2.1255583594369716,0.9667868177136971,185.96255799999798,2.203677266538704,0.8918640576725025
186.2123799999993,2.09234609424523,0.9961380020597321,186.21316399999793,2.5309324284009964,0.41048746996223817
186.45459099999928,2.075271963315403,0.9999999999999999,186.45754499999782,2.8036838600664673,0.09423274974253347
186.7104079999993,2.081771296191513,0.9999999999999999,186.70756899999776,2.971793273914893,0.0
186.94783599999926,2.1162412567463247,0.972193614830072,186.95153399999774,3.038346909731223,0.0
187.1962149999993,2.1823021724875353,0.9104016477857878,187.2025119999977,3.039960504294518,0.0
187.4477829999993,2.279459559113639,0.8069859251630623,187.45459599999785,3.0172475578409985,0.0
187.6977519999993,2.3998172091652097,0.6243563336766221,187.6961999999978,2.997933554459231,0.0
187.94775999999922,2.525789718598019,0.4152935118434603,187.9445239999977,2.9894386618782027,0.0
188.18633099999926,2.6293683447532112,0.2747167868177137,188.19824799999785,2.9861469349262593,0.0
188.4317749999992,2.680912515118419,0.21824579471335387,188.4445059999978,2.9826203925743244,0.0
188.68176199999925,2.662333767479289,0.2374699622382424,188.6952329999978,2.983387740448487,0.0
188.93060299999925,2.5780957437883956,0.3468074150360453,188.93803899999787,2.999283713185231,0.0
189.19473699999918,2.4581246390089393,0.5390490902849296,189.1861549999979,3.035627802732094,0.0
189.4307419999991,2.3466894982990354,0.6988499828355648,189.4308539999979,3.0845484503411775,0.0
189.67225699999904,2.282430877051379,0.8045829042224513,189.67345399999775,3.126196718138592,0.0
189.91637899999898,2.282623502148834,0.8045829042224513,189.9267849999978,3.1372267455225327,0.0
190.17270799999906,2.3397236246325477,0.7048575351870924,190.17483199999776,3.1017206056107227,0.0
190.4171569999991,2.4263281851675136,0.5931170614486783,190.42123699999777,3.013874806497916,0.0
190.66786299999904,2.5077412029596258,0.46095090971507036,190.66939699999773,2.879273793050714,0.04248197734294539
190.91041699999911,2.557949546584772,0.375643666323378,190.91094099999776,2.7128507048722335,0.18580501201510474
191.15833199999904,2.565205473353722,0.36362856162032264,191.15948999999785,2.5355010077468334,0.4032784071404051
191.409687999999,2.530640272904487,0.41048746996223817,191.40878599999778,2.3684698922740544,0.6772227943700653
191.65570699999898,2.463306733588832,0.5294370065224854,191.65183899999786,2.2275772354112284,0.8740988671472708
191.89725499999892,2.3750479043145,0.662804668726399,191.91015599999784,2.1192194066008403,0.9698764160659114
192.15091099999887,2.2768905873945844,0.8117919670442845,192.15145299999784,2.039637705840757,0.9999999999999999
192.40237799999883,2.17786586163555,0.9165808444902163,192.3988699999978,1.9783045746029533,0.9999999999999999
192.6478409999988,2.087006425801343,0.9999999999999999,192.6533859999978,1.926517685528197,0.9999999999999999
192.89381699999882,2.0158539203912182,0.9999999999999999,192.89691399999776,1.880093666411125,0.9999999999999999
193.1394549999988,1.9784814862592564,0.9999999999999999,193.16504099999787,1.8407268355145088,0.9999999999999999
193.3862989999989,1.986522340806527,0.9999999999999999,193.3898159999978,1.8138330649201149,0.9999999999999999
193.66437799999895,2.0419571682712516,0.9999999999999999,193.63506499999767,1.8037528269525682,0.9999999999999999
193.87920999999895,2.1362230164347014,0.9582904222451081,193.89150599999766,1.8098033091873955,0.9999999999999999
194.132258999999,2.2566933508523137,0.8358221764503948,194.13905499999763,1.826093532015988,0.9999999999999999
194.37727499999906,2.3868015710681587,0.642378990731205,194.3750469999976,1.8453770971912098,0.9999999999999999
194.62721399999904,2.5042377638268145,0.4669584620665981,194.6285289999975,1.870859711386853,0.9999999999999999
194.873357999999,2.5853830643541165,0.3407998626845177,194.87431399999753,1.9233741930596708,0.9999999999999999
195.12420399999903,2.6157083896073328,0.291537933401991,195.12204799999753,2.0277824562764297,0.9999999999999999
195.37175899999903,2.594070225042355,0.3263817370408514,195.37146199999754,2.19232060310527,0.9011328527291451
195.61264599999902,2.532703635649326,0.4068829385513216,195.61747499999746,2.3990422425278934,0.6279608650875386
195.85958999999917,2.454468335420136,0.5462581531067628,195.8652979999975,2.611509082044574,0.29994850669412976
196.11161699999914,2.38569852106907,0.6495880535530381,196.1133339999974,2.78890722619533,0.10890834191555097
196.36255799999915,2.347051441642862,0.6988499828355648,196.36442899999736,2.89904621707973,0.02780638516992789
196.60192399999903,2.350932831633332,0.6928424304840372,196.60482699999733,2.9229267495982727,0.01235839340885683
196.86725899999908,2.4003628979231584,0.6243563336766221,196.85173299999738,2.85470278770685,0.054840370751802224
197.10679199999913,2.491482879196287,0.487384140061792,197.10360699999728,2.7035099464548393,0.19782011671815994
197.34607699999918,2.6167361648122807,0.2903364229316855,197.34611799999726,2.494989104480075,0.48137658771026426
197.60209599999902,2.7630205668187307,0.12512873326467558,197.5971779999973,2.2650153476681423,0.8250085822176452
197.850255999999,2.911949828324718,0.0200823892893924,197.84112799999727,2.0480437319608007,0.9999999999999999
198.08457199999907,3.036651764760057,0.0,198.0871359999973,1.8659095302574573,0.9999999999999999
198.33305699999903,3.1090562417321825,0.0,198.33595699999734,1.727588122542592,0.9999999999999999
198.58856699999902,3.1160395738952484,0.0,198.5828919999973,1.6328234742408114,0.9999999999999999
198.83719599999895,3.0697705696798367,0.0,198.82883899999734,1.5748036536716756,0.9999999999999999
199.07900399999897,2.9992371630575754,0.0,199.07635599999742,1.5422677493726045,0.9999999999999999
199.33242799999903,2.9352852965380185,0.0038619979402677858,199.32626399999737,1.5207976840612196,0.9999999999999999
199.60000199999902,2.9006611309828516,0.026261585993820776,199.57764599999743,1.4973389302712272,0.9999999999999999
199.824264999999,2.9018496880142974,0.023171987641606547,199.8308089999975,1.4630483769647558,0.9999999999999999
200.07735999999903,2.9277470902643383,0.007723995880535488,200.07080899999755,1.414420936587953,0.9999999999999999
200.32232599999895,2.9543073198637444,0.0,200.31435499999753,1.3533512339853027,0.9999999999999999
200.56873899999894,2.9568101946570318,0.0,200.56986399999747,1.2877919395475328,0.9999999999999999
200.81133399999902,2.924117627673463,0.010813594232749716,200.8317879999974,1.2309530585703878,0.9999999999999999
201.05838199999903,2.860381445511161,0.05097837281153452,201.05865499999737,1.1980186773854145,0.9999999999999999
201.30037199999896,2.780280654507229,0.11431513903192587,201.3090149999974,1.1956390882261836,0.9999999999999999
201.54983099999882,2.7039889980657486,0.1966186062478544,201.55753199999742,1.2168323032074584,0.9999999999999999
201.8028939999988,2.653171217100129,0.2482835564709921,201.81184999999738,1.2475998914458113,0.9999999999999999
202.0478189999988,2.6401545880581345,0.26630621352557493,202.05134999999729,1.2778049430891276,0.9999999999999999
202.30524899999878,2.6643426546063202,0.23506694129763134,202.30233399999742,1.3039414986181252,0.9999999999999999
202.54359299999874,2.711797454874807,0.18700652248541028,202.54996199999738,1.3276940599947427,0.9999999999999999
202.7860129999986,2.756962408947401,0.13285272914521107,202.79452299999747,1.3538591834409621,0.9999999999999999
203.03903699999861,2.769051577096647,0.12281153450051492,203.0486109999975,1.3884749628895858,0.9999999999999999
203.28407799999854,2.7264794103435115,0.17378990731204938,203.29408399999747,1.4394502425227782,0.9999999999999999
203.53144399999852,2.6284676598291723,0.2771198077583248,203.53907299999761,1.515283266543249,0.9999999999999999
203.7880589999985,2.4913501804957057,0.487384140061792,203.7814459999976,1.610141744072117,0.9999999999999999
204.0240509999984,2.337233857135179,0.7072605561277034,204.04235699999757,1.6990635322410723,0.9999999999999999
204.28043299999828,2.1904250871573128,0.9042224510813593,204.27955299999752,1.7636372519920944,0.9999999999999999
204.53737999999825,2.0760788380429287,0.9999999999999999,204.52094099999738,1.8040267787015305,0.9999999999999999
204.7754379999984,2.0202181586896923,0.9999999999999999,204.78257299999743,1.8310925616256375,0.9999999999999999
205.02039799999847,2.0460133865260643,0.9999999999999999,205.02442399999742,1.8600095689062501,0.9999999999999999
205.2616979999985,2.158329071526956,0.9374356333676621,205.27187399999747,1.908494827257062,0.9999999999999999
205.51054299999845,2.329942938269586,0.7180741503604533,205.51540699999757,1.9937515736241154,0.9999999999999999
205.7561439999985,2.5070483881661882,0.46215242018537595,205.76673999999753,2.126016038263861,0.9667868177136971
206.0097089999985,2.633846293423984,0.27111225540679706,206.01016999999743,2.2995296344958565,0.7733436319945074
206.25798999999853,2.6771074560561754,0.22545485753518707,206.25957699999736,2.485480156744984,0.4921901819430141
206.50282199999856,2.6366308387482613,0.268709234466186,206.50313599999737,2.6342489992155533,0.27111225540679706
206.75047699999857,2.5413744411628145,0.39366632337796087,206.75400499999745,2.701418325615709,0.20142464812907654
206.99741499999854,2.436955798530391,0.576295914864401,207.00544699999742,2.6812927707555283,0.21824579471335387
207.24354999999855,2.367393531474906,0.6784243048403708,207.24731899999742,2.608146913871891,0.3011500171644353
207.4973779999986,2.362754536229699,0.6808273257809818,207.49720799999747,2.528254621537272,0.4140920013731548
207.74782499999858,2.434427384184148,0.578698935805012,207.74614999999736,2.471456638090061,0.5114143494679025
207.9852339999986,2.5730874971963402,0.3540164778578785,207.99174299999737,2.448211105010751,0.5546687263989014
208.2463979999986,2.744852294533421,0.14598352214212146,208.24171499999736,2.4578736947523425,0.5390490902849296
208.48520899999858,2.898481314163087,0.02780638516992789,208.5046079999972,2.4906915180209626,0.48858565053209746
208.72620699999865,2.988660029832107,0.0,208.73496899999705,2.5278894257410127,0.4140920013731548
209.00134199999852,2.998751519391665,0.0,208.97699499999703,2.54705369246753,0.38886028149673874
209.2225979999984,2.9423949292993017,0.0007723995880535571,209.23647299999712,2.5291128644818914,0.41289049090284924
209.47534299999842,2.848401664247059,0.057157569515962896,209.47340199999698,2.463590040835746,0.52823549605218
209.71676899999846,2.7445262110382393,0.14598352214212146,209.72402199999686,2.3531461834240446,0.6916409200137316
209.97124699999847,2.6488711685402477,0.25308959835221423,209.97486399999693,2.213760256024782,0.8856848609680741
210.21983799999845,2.565673273302201,0.3624270511500171,210.22166499999693,2.0678188154976476,0.9999999999999999
210.46820499999848,2.48731112754358,0.4909886714727085,210.47423299999696,1.9327635407073687,0.9999999999999999
210.7081739999984,2.399434714755203,0.6279608650875386,210.71515299999686,1.8210583567564538,0.9999999999999999
210.96000599999843,2.2935158768333594,0.7829557157569517,210.9664409999968,1.748965574228888,0.9999999999999999
211.21045299999838,2.1748458897067544,0.9204428424304839,211.20851499999677,1.7420953765929235,0.9999999999999999
211.45856199999844,2.0586405523421454,0.9999999999999999,211.4719179999968,1.8304680214419626,0.9999999999999999
211.7035249999983,1.9604663899234167,0.9999999999999999,211.72675299999688,2.031431547921126,0.9999999999999999
211.94711699999826,1.889900620678738,0.9999999999999999,211.95476699999685,2.3252330532322985,0.7276862341228975
212.21187399999823,1.8449447759989406,0.9999999999999999,212.2073739999968,2.6501662406063144,0.25308959835221423
212.44694999999828,1.8163869664534043,0.9999999999999999,212.45128799999688,2.93059257207317,0.006179196704428457
212.68725699999823,1.7988236637746273,0.9999999999999999,212.69730799999684,3.1100053893690482,0.0
212.93333199999827,1.7960728143178815,0.9999999999999999,212.93348899999685,3.1640711392185454,0.0
213.18474399999837,1.819034605679122,0.9999999999999999,213.18300099999678,3.102169668116626,0.0
213.42716899999832,1.8758055674660832,0.9999999999999999,213.44110899999666,2.9583243644852275,0.0
213.68279899999825,1.9612129398494982,0.9999999999999999,213.67696899999666,2.7746043456326412,0.12049433573635425
213.92468999999812,2.0529562970675905,0.9999999999999999,213.92744899999676,2.5838259722270798,0.3444043940954342
214.1756639999981,2.1220164898462426,0.9683316168898043,214.17033099999682,2.4034140943992885,0.6159457603844832
214.42285399999813,2.148314508293214,0.9474768280123583,214.42317799999682,2.240809636065911,0.8563336766220391
214.67217099999812,2.126313040511583,0.9667868177136971,214.67185699999672,2.102504628298443,0.9884140061791966
214.917156999998,2.0645389521773256,0.9999999999999999,214.91474899999662,2.0009653636334743,0.9999999999999999
215.16500599999796,1.981720099765484,0.9999999999999999,215.16259899999665,1.9489705979212233,0.9999999999999999
215.41865299999785,1.9016973761152722,0.9999999999999999,215.40759199999664,1.9479264475705185,0.9999999999999999
215.6631659999979,1.8464894930818856,0.9999999999999999,215.6570439999966,1.985439423443313,0.9999999999999999
215.90528699999786,1.8290571469194166,0.9999999999999999,215.89679799999655,2.0392385670118047,0.9999999999999999
216.15403399999778,1.8513912686218725,0.9999999999999999,216.1643769999965,2.08581044832866,0.9999999999999999
216.4010199999978,1.9077987122291005,0.9999999999999999,216.3948509999966,2.1027173671779904,0.9884140061791966
216.65101999999771,1.9928345875965148,0.9999999999999999,216.64178899999658,2.07624907551658,0.9999999999999999
216.90199699999766,2.0976048618665426,0.9899588053553038,216.88883099999646,2.009707491421615,0.9999999999999999
217.14642999999768,2.207234196322389,0.8903192584963954,217.13738199999636,1.9238990645463363,0.9999999999999999
217.39484199999754,2.3132681666257526,0.751716443529008,217.39138699999654,1.8446610226806313,0.9999999999999999
217.63930399999757,2.4193822567323995,0.6003261242705115,217.6279529999965,1.7914082533095526,0.9999999999999999
217.88528599999742,2.5289630229845765,0.41289049090284924,217.8798149999965,1.7748773398655275,0.9999999999999999
218.13835799999737,2.6339483170097724,0.27111225540679706,218.12780599999647,1.7973585358401676,0.9999999999999999
218.3846039999973,2.7141028899734043,0.18580501201510474,218.3817829999964,1.8533729248926367,0.9999999999999999
218.6240589999972,2.751608730280252,0.13903192584963953,218.62865099999644,1.9301533782301898,0.9999999999999999
218.87148699999724,2.7406623822226637,0.14830072090628213,218.87105699999643,2.0109217655972813,0.9999999999999999
219.12048999999726,2.6858194965958426,0.2158427737727428,219.11702199999644,2.083040264787031,0.9999999999999999
219.37657599999727,2.594783596601158,0.32518022657054585,219.37251099999654,2.1434192424650234,0.9552008238928938
219.61642099999722,2.4739498899046777,0.5090113285272915,219.60958799999653,2.195513298062375,0.8988156539649845
219.8798859999972,2.3312425291695584,0.7168726398901476,219.8569439999965,2.244667944999512,0.8516992790937178
220.1205709999972,2.179376144747294,0.9142636457260556,220.1131389999965,2.2957641777449695,0.7781496738757295
220.35984799999719,2.0355790191542322,0.9999999999999999,220.35745499999643,2.352711819691179,0.6916409200137316
220.60433699999712,1.9165545987570933,0.9999999999999999,220.59941799999646,2.413789510370837,0.6063336766220392
220.85734799999705,1.8362922811715514,0.9999999999999999,220.84551099999646,2.4718180714092015,0.510212838997597
221.104295999997,1.808210625740223,0.9999999999999999,221.0964109999965,2.516122201113222,0.4309131479574322
221.34724499999706,1.8426512674846667,0.9999999999999999,221.34363499999648,2.5374549287160915,0.39967387572948854
221.60207199999704,1.9414773862886214,0.9999999999999999,221.59239899999645,2.5384924157748636,0.39967387572948854
221.8490339999971,2.095476366689792,0.9922760041194644,221.83432699999656,2.539846346207316,0.39606934431857194
222.08900299999718,2.2856678692095085,0.7997768623412291,222.09439499999655,2.5676420888828515,0.3588225197391005
222.34957799999714,2.487245554690354,0.4909886714727085,222.33627699999656,2.634028005850546,0.27111225540679706
222.59488299999722,2.6748705045592995,0.22785787847579814,222.58527099999662,2.7360021992749104,0.15817027119807758
222.84052799999716,2.830892624945883,0.07415036045314106,222.8316459999967,2.8578413130956704,0.052523171987641636
223.0808019999972,2.949072073201111,0.0,223.07562699999664,2.9775834227575366,0.0
223.32829499999715,3.027547382448377,0.0,223.32651699999667,3.0757329577473427,0.0
223.57680799999707,3.0599978724386867,0.0,223.57855099999674,3.1449683028525963,0.0
223.831115999997,3.0380615751057363,0.0,223.84027599999675,3.1877173685565814,0.0
224.076858999997,2.963269423812323,0.0,224.07231399999657,3.2077751194096153,0.0
224.31834099999705,2.848579923858153,0.057157569515962896,224.3183129999965,3.204092093642162,0.0
224.56774999999712,2.7100220161861364,0.18940954342602134,224.56086699999653,3.175414242426791,0.0
224.81775799999707,2.564432325320529,0.3648300720906282,224.8108669999966,3.1257246726751933,0.0
225.06564299999707,2.4287488979799257,0.5871095090971508,225.05443499999654,3.065145717074244,0.0
225.31042099999698,2.32021162383361,0.7384998283556473,225.30842499999662,3.0094640402476927,0.0
225.5609249999969,2.2558785158466073,0.8394267078613113,225.5544429999966,2.976142615307319,0.0
225.8099109999969,2.247511050391748,0.8501544799176106,225.80108999999666,2.971376394377675,0.0
226.05786399999693,2.2968150691175557,0.774545142464813,226.05106499999667,2.9806748999768278,0.0
226.30088099999696,2.3996951879322777,0.6267593546172331,226.30386399999662,2.974965712249719,0.0
226.5472389999971,2.5634717345409914,0.3648300720906282,226.54160599999656,2.932286126200609,0.0054067971163749
226.80221999999702,2.81136524465559,0.08728115345005145,226.79968299999652,2.8515097600786667,0.05638516992790934
227.04864299999704,3.1652924977822012,0.0,227.0499879999965,2.75318458292188,0.13825952626158597
227.28872499999707,3.6256517631701053,0.0,227.2920639999964,2.6733939133502087,0.22905938894610367
227.55382299999707,4.165630798004887,0.0,227.53758499999637,2.6407677863778787,0.26510470305526945
227.78934299999696,4.735784946679029,0.0,227.78305799999632,2.6565442256636618,0.2410744936491589
228.03867799999693,5.270879890768449,0.0,228.03073999999634,2.6987109631893214,0.2038276690696876
228.28218899999686,5.699778410543963,0.0,228.27901999999642,2.7398413199935816,0.15096120837624438
228.52365599999683,5.9462252096044,0.0,228.52497399999635,2.7591170747823877,0.12976313079299692
228.76897899999685,5.931089863227486,0.0,228.77610399999634,2.7437104329654587,0.14675592173017502
229.0139699999968,5.682812564857763,0.0,229.0280189999965,2.689945660183308,0.20983522142121527
229.25846999999678,5.346830149583981,0.0,229.2641699999965,2.6018737540036443,0.31436663233779605
229.5253969999967,5.045182383243164,0.0,229.51343899999634,2.487088019452295,0.4909886714727085
229.76534799999672,4.838915255160263,0.0,229.77021599999622,2.3554649016813833,0.6892378990731205
230.0092969999967,4.7328224001623,0.0,230.01259099999626,2.2239878729027738,0.8756436663233779
230.25274099999672,4.692193633997709,0.0,230.26309699999626,2.116589201934187,0.972193614830072
230.5091329999967,4.664092349883161,0.0,230.5231839999963,2.0511271977693495,0.9999999999999999
230.75456899999668,4.609208274423361,0.0,230.75250799999614,2.033281383377742,0.9999999999999999
230.9940689999967,4.522847593247457,0.0,231.00743199999613,2.0659486954586304,0.9999999999999999
231.25057599999656,4.427625953484686,0.0,231.2379189999961,2.153757306746327,0.9397528321318228
231.50553499999657,4.3570373213305755,0.0,231.50726399999604,2.2991862860108667,0.7733436319945074
231.73958899999658,4.335440913657618,0.0,231.74630199999604,2.5005148782614106,0.4705629934775146
231.9871659999964,4.358961149078853,0.0,231.98626299999603,2.751598370905363,0.13903192584963953
232.23906999999642,4.410250696691602,0.0,232.261916999996,3.039745893819808,0.0
232.47905399999635,4.4710746566995745,0.0,232.484822999996,3.338957056855131,0.0
232.73251399999637,4.514838264045562,0.0,232.72480999999593,3.6103968198489684,0.0
232.9795149999963,4.517983309055119,0.0,232.9872069999959,3.811038362215661,0.0
233.23194499999622,4.4729376390699285,0.0,233.2241079999958,3.908390701247189,0.0
233.47437999999616,4.391507273942147,0.0,233.47309699999582,3.890539668787709,0.0
233.71981999999613,4.296244121626584,0.0,233.72262499999584,3.7729594166826117,0.0
233.97288799999603,4.202776545052915,0.0,233.97420999999585,3.600163209561897,0.0
234.222840999996,4.109437922413729,0.0,234.21175399999586,3.427316767459635,0.0
234.46520399999608,4.003953577836445,0.0,234.46775099999573,3.2936532699823995,0.0
234.71142799999612,3.877600536817697,0.0,234.7126569999957,3.211008644499964,0.0
234.96145599999602,3.72678147228347,0.0,234.95228299999584,3.167962088169001,0.0
235.22499299999598,3.5499413365494417,0.0,235.20324299999578,3.1428555830894878,0.0
235.46046699999602,3.350001492596172,0.0,235.44565299999584,3.115092725610012,0.0
235.709944999996,3.137912800099104,0.0,235.70093699999578,3.071690119430886,0.0
235.94749499999608,2.933392568095629,0.0054067971163749,235.9439129999957,3.009924500064751,0.0
236.20019899999613,2.759014543976954,0.12976313079299692,236.1885059999958,2.9379774706999173,0.0015447991761071143
236.44571399999612,2.6304666957698393,0.27351527634740813,236.43784699999586,2.8666707551771955,0.04634397528321318
236.69084399999616,2.5474214425050015,0.38886028149673874,236.69251299999578,2.795010238485679,0.10272914521112252
236.94583999999605,2.4934971484700097,0.4849811191211809,236.94236699999578,2.7041513581786623,0.1966186062478544
237.19010099999605,2.445946723068492,0.5594747682801235,237.1822799999957,2.573838070201589,0.3540164778578785
237.4344909999961,2.385339607470983,0.6495880535530381,237.4282629999957,2.4005150599442366,0.6231548232063164
237.695925999996,2.3018455914440565,0.7709406110538963,237.67962499999567,2.1963630931209996,0.898043254376931
237.93094799999594,2.199480695562913,0.8949536560247168,237.9348999999957,1.9811659022641224,0.9999999999999999
238.18540399999588,2.090575179730264,0.9999999999999999,238.17512399999583,1.7740669615720785,0.9999999999999999
238.43487399999603,1.9930007352727706,0.9999999999999999,238.41671099999573,1.5884981428307936,0.9999999999999999
238.67065399999612,1.9248778371376454,0.9999999999999999,238.67020999999573,1.4315464755095086,0.9999999999999999
238.93516699999606,1.899282440452343,0.9999999999999999,238.91256299999557,1.3069982715554354,0.9999999999999999
239.17377199999603,1.9200351834804907,0.9999999999999999,239.18063999999555,1.2193606238570953,0.9999999999999999
239.41302299999603,1.9823027142584206,0.9999999999999999,239.41305199999576,1.1741391643929144,0.9999999999999999
239.689196999996,2.0743187535084395,0.9999999999999999,239.65558199999572,1.1719021813120836,0.9999999999999999
239.91228299999588,2.1772610612120715,0.9173532440782697,239.9051779999956,1.2029008650377189,0.9999999999999999
240.16312399999592,2.2675099471041555,0.8226055612770341,240.15750199999562,1.2514456819011877,0.9999999999999999
240.4182569999959,2.3251331704231957,0.7276862341228975,240.4049359999956,1.3039984733084624,0.9999999999999999
240.65909299999578,2.343918430580701,0.6988499828355648,240.65197899999552,1.351827402415274,0.9999999999999999
240.91114299999586,2.3316718173028814,0.7156711294198422,240.89295499999562,1.3897315810224686,0.9999999999999999
241.16151399999586,2.3021987286534413,0.7697391005835909,241.14243299999555,1.4148120856330935,0.9999999999999999
241.4023899999958,2.2647763524568645,0.8250085822176452,241.39486499999558,1.4246638930338607,0.9999999999999999
241.6442599999958,2.218965306250095,0.8810504634397528,241.6423339999956,1.4184604451027767,0.9999999999999999
241.8992539999958,2.163074241414515,0.935890834191555,241.90076099999564,1.399762140171009,0.9999999999999999
242.13923399999575,2.1026525697835075,0.9884140061791966,242.14208199999564,1.3779902061468774,0.9999999999999999
242.38608699999565,2.048696920307283,0.9999999999999999,242.38573199999544,1.363049548987352,0.9999999999999999
242.6355649999957,2.012074905333921,0.9999999999999999,242.6303719999953,1.3613440517240871,0.9999999999999999
242.89900199999573,2.000315684561433,0.9999999999999999,242.8811509999953,1.3743035859328767,0.9999999999999999
243.13029799999575,2.014930856038892,0.9999999999999999,243.1285659999954,1.399592923185762,0.9999999999999999
243.39112199999568,2.050222274430242,0.9999999999999999,243.36752099999532,1.4340366073774846,0.9999999999999999
243.62813999999565,2.092115393761924,0.9969104016477857,243.62754399999528,1.4724305793810286,0.9999999999999999
243.87554999999554,2.1218556711247034,0.9683316168898043,243.87043599999512,1.507100030346078,0.9999999999999999
244.12451699999548,2.127115214054674,0.9667868177136971,244.11108699999502,1.5345720155268026,0.9999999999999999
244.37051999999542,2.110604150176668,0.9776004119464469,244.36067699999492,1.5602989090095287,0.9999999999999999
244.61582399999543,2.0825915820493406,0.9999999999999999,244.62029599999494,1.5949882053845226,0.9999999999999999
244.8689259999954,2.0500967659040823,0.9999999999999999,244.8702949999948,1.6479422765005274,0.9999999999999999
245.11132599999544,2.0180804220480337,0.9999999999999999,245.1086429999947,1.7216235060450793,0.9999999999999999
245.35920499999543,1.9979943450152011,0.9999999999999999,245.35557399999468,1.8090572852328497,0.9999999999999999
245.60418699999545,2.0139538023377557,0.9999999999999999,245.60555399999467,1.8950558420349093,0.9999999999999999
245.85381299999548,2.0924443125480368,0.9961380020597321,245.8445479999947,1.9612289301458836,0.9999999999999999
246.1103379999955,2.241163161764576,0.8563336766220391,246.10696099999475,1.9913490241520104,0.9999999999999999
246.34937399999555,2.447451495641034,0.555870236869207,246.34604399999472,1.9756765199509079,0.9999999999999999
246.6036229999955,2.6888830152821273,0.21343975283213187,246.59292999999474,1.9162799499329024,0.9999999999999999
246.84192999999547,2.9259465587429614,0.010041194644696159,246.85596199999472,1.8303099173883197,0.9999999999999999
247.08978199999552,3.11093359183975,0.0,247.08481699999473,1.7437456998634289,0.9999999999999999
247.36338599999556,3.2122118681104417,0.0,247.33572399999483,1.6802828198049231,0.9999999999999999
247.5864689999956,3.224723969521135,0.0,247.58050699999487,1.6537090080886632,0.9999999999999999
247.8405079999955,3.165513270709365,0.0,247.82995199999485,1.6655314400450363,0.9999999999999999
248.08601499999546,3.062858328014382,0.0,248.07854699999487,1.7069708990733452,0.9999999999999999
248.33177099999537,2.9445009083036338,0.0007723995880535571,248.32139599999482,1.7684784608037425,0.9999999999999999
248.5868559999953,2.82862465705934,0.07492276004119462,248.57086799999476,1.848531972375505,0.9999999999999999
248.8259529999952,2.7203313701801957,0.17979745966357705,248.8231449999946,1.9527706869876644,0.9999999999999999
249.0768949999952,2.6147202755597077,0.2951424648129076,249.0639439999946,2.083087058207,0.9999999999999999
249.32222599999525,2.5063914318969718,0.46215242018537595,249.3139199999946,2.2279969412966887,0.8740988671472708
249.5698029999952,2.4004286829808463,0.6243563336766221,249.55734599999454,2.367863682920343,0.6784243048403708
249.82025899999513,2.3127674146158173,0.751716443529008,249.80296699999465,2.4853687046221964,0.4933916924133196
250.07024299999514,2.260794974841331,0.8298146240988673,250.06227299999472,2.5722231965472537,0.3540164778578785
250.31777199999516,2.2534393161472335,0.8418297288019224,250.31238399999472,2.631061939212159,0.27351527634740813
250.57374199999524,2.2857646369519307,0.7997768623412291,250.5549379999948,2.669414268041099,0.23146240988671474
250.80565499999523,2.3408573631760192,0.7024545142464813,250.80779699999474,2.6897932830137314,0.20983522142121527
251.0573309999953,2.39400535119235,0.6339684174390663,251.05439699999468,2.6825262659836255,0.21704428424304834
251.30064199999524,2.4264287246287464,0.5931170614486783,251.29435599999465,2.6324061885372725,0.27351527634740813
251.55065999999525,2.4297479780162567,0.5847064881565397,251.54276699999463,2.5415417872056523,0.39366632337796087
251.80130099999522,2.403950824048981,0.6147442499141779,251.79301899999464,2.436450489611281,0.5774974253347065
252.04341599999506,2.3534776866627416,0.6916409200137316,252.04344799999456,2.347591384473104,0.6988499828355648
252.29144399999504,2.2828323635481853,0.8033813937521456,252.28652399999453,2.298197178038032,0.774545142464813
252.54029999999517,2.1941056846560314,0.9003604531410916,252.52729999999457,2.305987162210255,0.7601270168211466
252.79451699999507,2.0929851401582638,0.9945932028836251,252.78485599999465,2.383552745508818,0.6543940954342603
253.03528999999514,1.9965636215463527,0.9999999999999999,253.0252859999947,2.5362518497637607,0.4020768966700996
253.288832999995,1.9336227896663134,0.9999999999999999,253.28030699999482,2.752702360642849,0.13825952626158597
253.52864099999502,1.9310307273236353,0.9999999999999999,253.5174339999949,2.9974441635414824,0.0
253.782606999995,1.9933948065809763,0.9999999999999999,253.76689499999483,3.212929653961723,0.0
254.03408799999497,2.097281434069867,0.9899588053553038,254.01351399999487,3.338877369713836,0.0
254.27101499999495,2.2046651654425666,0.8910916580844489,254.2648999999949,3.3424431988467598,0.0
254.5166329999949,2.282338448721571,0.8045829042224513,254.52773499999483,3.2320486820654404,0.0
254.76712099999492,2.317728108627738,0.7457088911774802,254.7602099999948,3.042843548751812,0.0
255.038437999995,2.323855030509585,0.7300892550635085,255.00612899999481,2.816601496998131,0.08032955715756952
255.26246699999504,2.3291314712442155,0.7204771713010643,255.25164299999477,2.589409502149048,0.3395983522142121
255.51484299999504,2.360099317803948,0.6820288362512874,255.4995659999947,2.3878630356100983,0.6387744593202883
255.75880199999494,2.4280103415308707,0.5907140405080672,255.75430399999465,2.2318268824390435,0.8694644696189495
256.0087789999949,2.524805008045104,0.4176965327840714,255.99732899999455,2.1386222300434685,0.9559732234809474
256.25477099999483,2.6286222101431513,0.2747167868177137,256.2647649999945,2.1235010177102454,0.9667868177136971
256.49741799999475,2.716545607850202,0.18220048060418814,256.5139449999945,2.197841464127053,0.8972708547888774
256.7519309999947,2.7716954322993383,0.12203913491246136,256.7439049999945,2.365664886724338,0.6784243048403708
256.99741499999465,2.7862724396881253,0.11122554067971165,256.98321499999463,2.6145154315116685,0.2951424648129076
257.2462609999946,2.7636297053803416,0.12512873326467558,257.23390899999464,2.9051278343167737,0.021627188465499516
257.4928469999946,2.7173837003986185,0.18099897013388258,257.4798739999947,3.174319818788308,0.0
257.7397489999947,2.6652180839968476,0.2338654308273258,257.74316399999464,3.3566220235965774,0.0
257.9871399999947,2.622792309301234,0.2819258496395469,257.96978899999465,3.4126462921544953,0.0
258.24485199999475,2.6007364107290334,0.3155681428081016,258.2127219999947,3.3423848562519933,0.0
258.49519699999473,2.6007907394674117,0.3155681428081016,258.4677079999946,3.1747587699319473,0.0
258.73273399999476,2.607737784227334,0.3011500171644353,258.7081759999946,2.9535848382630814,0.0
258.9806589999949,2.5991793178796683,0.3191726742190182,258.96958699999465,2.7310135234240747,0.16537933401991078
259.2425469999949,2.5594239929863463,0.37083762444215584,259.20701899999466,2.5640235268292972,0.3648300720906282
259.4723569999949,2.4873995501731225,0.4909886714727085,259.4657529999947,2.5014365709943425,0.46936148300720915
259.72706899999486,2.3939825264215373,0.6339684174390663,259.7048559999946,2.557816058672033,0.375643666323378
259.9673499999948,2.297538810368525,0.774545142464813,259.9528529999945,2.7003526336672934,0.20262615859938207
260.2169289999948,2.222051605099973,0.8787332646755921,260.19281999999447,2.8716239282699125,0.04479917610710606
260.4583869999948,2.1921321347776463,0.9019052523171988,260.4478039999944,3.020022571728034,0.0
260.71949799999476,2.227113820443085,0.8740988671472708,260.6959659999945,3.1187352270733926,0.0
260.9588829999947,2.332326905730231,0.7132681084792312,260.9366019999945,3.159399158938597,0.0
261.20581899999473,2.4947687598895225,0.48137658771026426,261.1872309999945,3.1457050222979785,0.0
261.4640109999948,2.687894674119801,0.21464126330243727,261.43331399999454,3.089065264075361,0.0
261.7057599999948,2.88229581270229,0.03784757981462413,261.6822499999944,3.001125625796168,0.0
261.95022999999486,3.0536123723286845,0.0,261.92820699999436,2.8912376802181816,0.03244078269824923
262.19518499999486,3.1871433391950474,0.0,262.19369999999435,2.7728651770854675,0.12203913491246136
262.4482899999948,3.2786455536086354,0.0,262.43238699999415,2.6661706822118534,0.23266392035702027
262.71826899999513,3.3294236650115314,0.0,262.67325299999425,2.594289975716214,0.32518022657054585
262.94372699999514,3.3396620154844134,0.0,262.93030299999424,2.5711541468515375,0.35641949879848955
263.1887019999952,3.301844667408941,0.0,263.17269599999446,2.5913224800852523,0.33599382080329554
263.4401289999951,3.213919710380627,0.0,263.4176779999945,2.6283396475263436,0.27832131822863027
263.6856819999949,3.0907975983018674,0.0,263.6604549999947,2.6461589349160555,0.25789564023343636
263.93876599999504,2.9772000694845016,0.0,263.9047589999944,2.617298362336843,0.28553038105046347
264.1811139999952,2.9292801810330342,0.006951596292482014,264.15730099999445,2.542574394661019,0.39246481290765534
264.4256359999953,2.993256053447706,0.0,264.4034709999943,2.449029985598766,0.553467215928596
264.68109799999553,3.1871891392209926,0.0,264.6539999999942,2.3736992512594957,0.6676107106076211
264.9273399999954,3.496145533182357,0.0,264.9053469999942,2.349759170955563,0.6940439409543426
265.1837159999953,3.8704582727290715,0.0,265.1528969999942,2.3952693625517965,0.6327669069687607
265.4201779999956,4.241787828765457,0.0,265.40929699999407,2.5029644512780185,0.46815997253690356
265.6672569999955,4.539759826271904,0.0,265.6423599999942,2.635306840758729,0.2699107449364916
265.92515699999524,4.70971263921648,0.0,265.888851999994,2.745251752098582,0.14598352214212146
266.15825199999495,4.7252078867324405,0.0,266.13671499999407,2.7984589624615435,0.09886714727085481
266.41318799999493,4.594691811024613,0.0,266.39023699999393,2.7816402996644314,0.11354273944387232
266.66652899999485,4.348703602646045,0.0,266.63057999999404,2.6997549192989934,0.20262615859938207
266.90455499999473,4.024886633494033,0.0,266.87455399999425,2.568881028452039,0.3588225197391005
267.1505109999947,3.660291402850879,0.0,267.1300929999943,2.408842522551538,0.6111397185032613
267.39358399999475,3.286917589121895,0.0,267.3755469999945,2.238166486319143,0.8609680741503604
267.64310299999477,2.93362492312737,0.0054067971163749,267.63194499999474,2.072366228672961,0.9999999999999999
267.8992739999948,2.6250368446176613,0.27832131822863027,267.8735249999952,1.9233628326295866,0.9999999999999999
268.1447919999948,2.381327779660301,0.6579986268451768,268.12282699999514,1.7997678903796217,0.9999999999999999
268.38423999999475,2.2148181853551736,0.8856848609680741,268.36139699999546,1.7053701823695415,0.9999999999999999
268.6418599999947,2.1259413197712185,0.9667868177136971,268.6164079999954,1.6378829032995077,0.9999999999999999
268.89144799999485,2.100721808390669,0.9899588053553038,268.85874399999545,1.591874828898588,0.9999999999999999
269.13071399999495,2.114678990256499,0.9737384140061791,269.10168899999553,1.560953457839326,0.9999999999999999
269.376613999995,2.1394978485466707,0.9559732234809474,269.3662639999957,1.53871546549497,0.9999999999999999
269.6282139999949,2.1526208844906107,0.9405252317198763,269.60043799999573,1.5208243104250647,0.9999999999999999
269.8741529999947,2.1428480946167494,0.9552008238928938,269.8641189999957,1.5064747308230673,0.9999999999999999
270.1246199999947,2.1126749396115883,0.9768280123583933,270.10351199999593,1.499748179982476,0.9999999999999999
270.36654799999457,2.074606608622227,0.9999999999999999,270.340409999996,1.5079012375675367,0.9999999999999999
270.62060299999433,2.045057496908109,0.9999999999999999,270.5929809999959,1.5382688251318026,0.9999999999999999
270.86323199999424,2.0343669069247365,0.9999999999999999,270.8510669999959,1.5928144599034524,0.9999999999999999
271.1122029999941,2.0399121929972983,0.9999999999999999,271.08716599999593,1.6623712119717196,0.9999999999999999
271.362228999994,2.046194678910114,0.9999999999999999,271.33363799999614,1.7268529892912148,0.9999999999999999
271.61321399999406,2.0343764735361924,0.9999999999999999,271.5771229999961,1.7658199613008754,0.9999999999999999
271.85608099999405,1.9920240500111301,0.9999999999999999,271.82362999999594,1.7759903052853607,0.9999999999999999
272.1067449999943,1.9195259010146573,0.9999999999999999,272.0711739999961,1.7787001079446223,0.9999999999999999
272.3508849999945,1.829649987405894,0.9999999999999999,272.32894699999605,1.809654116880806,0.9999999999999999
272.60156499999454,1.74236996107196,0.9999999999999999,272.57174699999615,1.9029224034218744,0.9999999999999999
272.8534879999946,1.6780452563171666,0.9999999999999999,272.8171969999959,2.0779259397003202,0.9999999999999999
273.0953539999946,1.652992591688685,0.9999999999999999,273.0746409999961,2.32803111280116,0.7204771713010643
273.33844699999474,1.6762726448870278,0.9999999999999999,273.317653999996,2.6133035208100184,0.29634397528321316
273.60531699999467,1.7486964296882697,0.9999999999999999,273.56368299999593,2.8659744617214433,0.047116374871266735
273.8368219999947,1.8639852737100533,0.9999999999999999,273.802433999996,3.0174255813598707,0.0
274.0837179999948,2.0136814622752848,0.9999999999999999,274.0571069999961,3.041830056462942,0.0
274.32867099999476,2.189766912976884,0.9042224510813593,274.2974139999962,2.9735140867256775,0.0
274.5801039999948,2.3817618825766527,0.6555956059045658,274.5533839999963,2.883983779159521,0.03784757981462413
274.8267139999947,2.5747400291211355,0.352814967387573,274.8023699999963,2.8331667138365186,0.0718331616889804
275.07172599999467,2.7517610285511633,0.13903192584963953,275.0473839999963,2.8309574434019193,0.07415036045314106
275.3221299999946,2.8953020944913117,0.029351184346035005,275.2928419999963,2.836370850835483,0.07106076210092684
275.5741929999946,2.989955167777364,0.0,275.53487199999614,2.796208858668007,0.10195674562306896
275.81610299999454,3.0268742103046873,0.0,275.7891619999961,2.687993406517531,0.21343975283213187
276.0610349999944,3.0089567748632935,0.0,276.0317259999961,2.527437197086407,0.4152935118434603
276.3152009999943,2.9517022708138843,0.0,276.2781799999964,2.3462996542005916,0.6988499828355648
276.55989899999423,2.879761203841139,0.04016477857878472,276.5371749999961,2.1730765386642203,0.9227600411946446
276.8068009999944,2.8241055438888933,0.07646755921730174,276.78439799999614,2.024421276577068,0.9999999999999999
277.04675499999433,2.8162892492771245,0.08110195674562308,277.0254889999962,1.9024441447128988,0.9999999999999999
277.3019359999945,2.872076115455909,0.04479917610710606,277.28001499999607,1.800066829753985,0.9999999999999999
277.54885899999437,2.9758335444111887,0.0,277.5328799999958,1.7109506011850684,0.9999999999999999
277.7962889999943,3.093072572188677,0.0,277.7649799999958,1.6372133876649115,0.9999999999999999
278.0730149999942,3.192251527234574,0.0,278.01337399999574,1.5922604088093202,0.9999999999999999
278.29041599999414,3.249930754465139,0.0,278.26233699999545,1.594490128138054,0.9999999999999999
278.53704199999413,3.2516024982904748,0.0,278.50418499999574,1.65615548869177,0.9999999999999999
278.78896499999416,3.192044909770455,0.0,278.75272299999585,1.7773713963866054,0.9999999999999999
279.0282919999941,3.0720404102871695,0.0,279.00820599999605,1.9471644006435893,0.9999999999999999
279.27828799999406,2.899715170729671,0.02780638516992789,279.2461519999965,2.149402340676988,0.9467044284243047
279.524696999994,2.692570422040598,0.20863371095090974,279.49819499999654,2.368206117548731,0.6784243048403708
279.77882799999395,2.472794007354214,0.510212838997597,279.7394529999964,2.591771403171008,0.3335907998626845
280.01875799999397,2.2607848825754826,0.8298146240988673,279.9925469999964,2.812987471043189,0.0865087538619979
280.27271499999404,2.0722123002529105,0.9999999999999999,280.24199399999685,3.025524214129693,0.0
280.5211229999939,1.9210751192044164,0.9999999999999999,280.4850519999968,3.217960648695581,0.0
280.76058199999403,1.8203939614456461,0.9999999999999999,280.7419389999966,3.3700256039188314,0.0
281.0117949999944,1.7833452529585914,0.9999999999999999,280.9764539999966,3.46122820202915,0.0
281.26786099999447,1.823315585754074,0.9999999999999999,281.23075399999664,3.48602129280129,0.0
281.5078969999946,1.9552799624217152,0.9999999999999999,281.47577599999653,3.4540439903698723,0.0
281.75525299999475,2.1858528147522343,0.9073120494335736,281.72329699999665,3.3766751913418855,0.0
282.0033169999948,2.4895986422045833,0.48858565053209746,281.96971499999665,3.260143570653147,0.0
282.24766499999475,2.798453347520787,0.09886714727085481,282.21970299999674,3.114000236745958,0.0
282.49500499999476,3.0356766275507576,0.0,282.46706399999675,2.9547914243431705,0.0
282.7494929999948,3.1613339454904192,0.0,282.71481099999676,2.8020613175187976,0.09500514933058703
282.9904789999949,3.1812959472166478,0.0,282.9623809999969,2.678716245054582,0.22545485753518707
283.2444679999949,3.127286884824419,0.0,283.2083849999968,2.601677578777084,0.31436663233779605
283.4874039999949,3.0362030393314368,0.0,283.45546099999683,2.5734276762635586,0.3540164778578785
283.74493499999494,2.9400513112214814,0.0007723995880535571,283.7200909999967,2.579433870647404,0.3468074150360453
283.9848499999949,2.8652841495727395,0.047116374871266735,283.9554059999968,2.5965072529673145,0.32518022657054585
284.233292999995,2.829881467578813,0.07415036045314106,284.2003989999968,2.6063464162375576,0.3023515276347408
284.482902999995,2.8334120677844834,0.0718331616889804,284.4590939999967,2.60753181148353,0.3011500171644353
284.73080899999496,2.845924142653083,0.060247167868177125,284.6964949999969,2.6137776085311897,0.29634397528321316
284.9721989999949,2.8239443952356775,0.07646755921730174,284.94148199999694,2.6419348709473205,0.26510470305526945
285.228022999995,2.7486287001379517,0.14366632337796087,285.20534499999695,2.697711487447996,0.20502917953999314
285.4686039999948,2.6354800200737234,0.2699107449364916,285.431965999997,2.7717790725068747,0.12203913491246136
285.71501199999466,2.5130164095962275,0.4429282526604875,285.690179999997,2.847594616087609,0.057157569515962896
285.96663399999477,2.4061222858611435,0.6123412289735668,285.93319699999716,2.9082668634382562,0.02085478887744596
286.2179209999949,2.330826163569769,0.7180741503604533,286.1807589999971,2.937770117833158,0.0015447991761071143
286.46046099999495,2.29443547527399,0.7793511843460351,286.433183999997,2.9229495232364293,0.01235839340885683
286.7199409999951,2.297990325172202,0.774545142464813,286.6753509999967,2.857979386352107,0.05175077239958808
286.9520039999948,2.3456987029089915,0.6988499828355648,286.922248999997,2.7465259342513835,0.14598352214212146
287.19837699999476,2.441619428179105,0.5630792996910402,287.17129499999726,2.600294694041929,0.3167696532784071
287.4567429999951,2.578967186340588,0.3468074150360453,287.4382919999973,2.434704047045371,0.578698935805012
287.70334099999513,2.736144843451317,0.15576725025746652,287.67436999999745,2.2662490239085726,0.8238070717473395
287.94522399999516,2.885643394910016,0.037075180226570574,287.9110699999974,2.1105488813722837,0.9783728115345004
288.1918769999952,3.0088915263658143,0.0,288.1650699999974,1.976200670094069,0.9999999999999999
288.4481879999954,3.0998402619267016,0.0,288.42108099999746,1.8616869178217712,0.9999999999999999
288.6982049999956,3.1601651435372435,0.0,288.6552999999976,1.7592703263875165,0.9999999999999999
288.9524889999957,3.191707503787129,0.0,288.8973659999976,1.6643277201473636,0.9999999999999999
289.1860209999959,3.195769992327092,0.0,289.1466359999976,1.5800018341575361,0.9999999999999999
289.4290829999958,3.177349378398665,0.0,289.3992139999977,1.513352841434094,0.9999999999999999
289.6804369999959,3.142866999236893,0.0,289.6442089999973,1.4700216470955911,0.9999999999999999
289.92795399999596,3.096837593470422,0.0,289.8876239999973,1.4505300955256168,0.9999999999999999
290.17790199999604,3.0380047911515486,0.0,290.1422869999973,1.4509440688421535,0.9999999999999999
290.4195489999961,2.953883662039428,0.0,290.3847399999975,1.4655344634267697,0.9999999999999999
290.673874999996,2.83642707568529,0.07106076210092684,290.6412669999976,1.4883766508176228,0.9999999999999999
290.91694699999596,2.6973195253749447,0.20502917953999314,290.88416999999765,1.5143674127073528,0.9999999999999999
291.1617939999961,2.5628291997452832,0.3660315825609337,291.1336419999976,1.5424375619978195,0.9999999999999999
291.4159459999964,2.4612882412884827,0.533041537933402,291.37511299999755,1.5790542527007385,0.9999999999999999
291.6599069999964,2.413455185202227,0.6063336766220392,291.62248599999737,1.6360630204203093,0.9999999999999999
291.91091099999676,2.425558072691681,0.594318571918984,291.86893399999724,1.7247860694180976,0.9999999999999999
292.15442299999677,2.4897274450941747,0.48858565053209746,292.11893099999725,1.8459457735178209,0.9999999999999999
292.4008309999967,2.586598331340973,0.3395983522142121,292.3644539999973,1.9841678291964626,0.9999999999999999
292.6552659999969,2.6948821769398985,0.20863371095090974,292.62297399999716,2.1112334640960464,0.9776004119464469
292.8951099999971,2.798890393881851,0.09886714727085481,292.88125999999716,2.1964318105533223,0.898043254376931
293.1531789999973,2.8882979382504796,0.033985581874356345,293.1072319999974,2.2185589933670746,0.8810504634397528
293.4107609999974,2.9550380025040717,0.0,293.36921199999733,2.1741998359359624,0.9212152420185376
293.63859799999756,2.9904889240430936,0.0,293.59954599999736,2.076061806479135,0.9999999999999999
293.8910519999975,2.985472661962795,0.0,293.85262999999736,1.948329503996023,0.9999999999999999
294.1385279999975,2.935805745944042,0.0023171987641606713,294.0999969999975,1.8190028669970477,0.9999999999999999
294.38902899999755,2.852129140063956,0.05638516992790934,294.3485289999974,1.7111115821489205,0.9999999999999999
294.63043299999765,2.7604058531165103,0.1282183316168898,294.5930589999973,1.6359658654877518,0.9999999999999999
294.87899999999763,2.6893205695461684,0.20983522142121527,294.838622999997,1.5911712583251032,0.9999999999999999
295.1294319999975,2.6569943520251957,0.2410744936491589,295.0845359999973,1.5665125637731936,0.9999999999999999
295.37707699999737,2.6663182330464683,0.23266392035702027,295.33553699999726,1.551059343788839,0.9999999999999999
295.6231069999973,2.7026156145024647,0.200223137658771,295.5847339999974,1.536754623092475,0.9999999999999999
295.8666849999971,2.739741250555488,0.15096120837624438,295.8316519999976,1.5197715186354857,0.9999999999999999
296.1140729999972,2.750977416135962,0.13903192584963953,296.0784129999975,1.4994388061715365,0.9999999999999999
296.3590299999971,2.7195583936099847,0.17979745966357705,296.3262729999975,1.4757883450337839,0.9999999999999999
296.62794999999716,2.6441382384883045,0.2627016821146584,296.5802619999977,1.445921938194378,0.9999999999999999
296.8579079999973,2.5361487208600293,0.4020768966700996,296.8176509999974,1.40461519659755,0.9999999999999999
297.1015799999973,2.4102232891988886,0.6087366975626503,297.06118999999757,1.348502359199073,0.9999999999999999
297.3511449999972,2.277285039734878,0.8105904565739788,297.31827099999754,1.280651810459758,0.9999999999999999
297.603058999997,2.1451153973613755,0.9528836251287331,297.5626489999976,1.208817142841929,0.9999999999999999
297.8530249999968,2.0232580992995772,0.9999999999999999,297.81006399999785,1.1416209904065,0.9999999999999999
298.0949649999965,1.9242838653451773,0.9999999999999999,298.0580999999977,1.085442147626393,0.9999999999999999
298.3482499999963,1.8585133775779799,0.9999999999999999,298.3050439999978,1.0427227877225607,0.9999999999999999
298.5972389999963,1.8327158609739085,0.9999999999999999,298.55804599999794,1.0108236358781946,0.9999999999999999
298.8352769999965,1.855635526795867,0.9999999999999999,298.798010999998,0.9834476714429741,0.9999999999999999
299.0886499999969,1.9299829035172467,0.9999999999999999,299.0477839999979,0.9552197378739514,0.9999999999999999
299.33314399999705,2.042650165801586,0.9999999999999999,299.296704999998,0.9259337524592216,0.9999999999999999
299.583552999997,2.177940445271407,0.9165808444902163,299.544822999998,0.8997154531283225,0.9999999999999999
299.83258799999703,2.3218901538928947,0.7336937864744252,299.786185999998,0.8831901998583159,0.9999999999999999
300.0765359999969,2.4616857700095496,0.5318400274630964,300.05425399999785,0.8834670418328971,0.9999999999999999
300.33317299999675,2.5862807427312084,0.3395983522142121,300.2865399999978,0.9052285842222073,0.9999999999999999
300.57005799999666,2.686410243458698,0.21464126330243727,300.5471239999976,0.9474617896482174,0.9999999999999999
300.82914599999674,2.7583359540187296,0.1305355303810504,300.77859899999777,0.9998735069136023,0.9999999999999999
301.08575499999677,2.805536404477621,0.09114315139031924,301.0297299999981,1.0457043023157557,0.9999999999999999
301.3181089999971,2.83486929201782,0.0718331616889804,301.27618199999796,1.0730661535576071,0.9999999999999999
301.5592719999971,2.851177499830655,0.057157569515962896,301.52664399999793,1.081719408606768,0.9999999999999999
301.80901799999714,2.8503593972477974,0.057157569515962896,301.7735489999978,1.0800705580955938,0.9999999999999999
302.0611519999973,2.829984227076473,0.07415036045314106,302.02404099999785,1.0797934024747788,0.9999999999999999
302.3044589999971,2.8025971047238123,0.09423274974253347,302.2634789999979,1.0933206333731953,0.9999999999999999
302.54992399999696,2.777084391901257,0.11663233779608646,302.5160729999981,1.132200739169886,0.9999999999999999
302.7999149999971,2.750908393549616,0.13903192584963953,302.7620599999981,1.2070133241458423,0.9999999999999999
303.0428729999972,2.7131637931080395,0.18580501201510474,303.0139419999981,1.3253679428510696,0.9999999999999999
303.3058729999972,2.6533011807744677,0.2482835564709921,303.256323999998,1.4877021938179233,0.9999999999999999
303.5484389999974,2.569893771482268,0.35641949879848955,303.50859399999814,1.6805136738129627,0.9999999999999999
303.7945719999971,2.4744030193586304,0.5090113285272915,303.7658659999981,1.8804397762693381,0.9999999999999999
304.0400199999968,2.3861271353873126,0.6459835221421215,304.00158899999803,2.0617673068314173,0.9999999999999999
304.3009869999968,2.3219441868505357,0.7336937864744252,304.25392099999794,2.2020568147652044,0.8934088568486096
304.53351199999673,2.288200423594259,0.7937693099897013,304.49180099999785,2.2856443166413616,0.7997768623412291
304.7830009999967,2.279496487199589,0.8069859251630623,304.7433509999976,2.3161245252861944,0.7469104016477859
305.02988899999673,2.2843048583810184,0.8033813937521456,304.98645199999766,2.3261014845457813,0.7240817027119808
305.27595099999695,2.293850621036511,0.7805526948163406,305.2382129999976,2.3573266472762064,0.6892378990731205
305.5240149999971,2.30632506021907,0.7601270168211466,305.47814499999794,2.4349073612309438,0.5774974253347065
305.7682939999972,2.3268888646395847,0.7228801922416753,305.738639999998,2.5561215069515733,0.37924819773429463
306.0239349999972,2.3656077295839593,0.6784243048403708,305.98265799999814,2.697469020792939,0.20502917953999314
306.26020199999726,2.431525754940146,0.5823034672159286,306.2351209999982,2.8251998624200496,0.07646755921730174
306.513314999997,2.528197620265818,0.4140920013731548,306.4809069999982,2.905363325200874,0.021627188465499516
306.76017699999693,2.6503965301521317,0.2518880878819087,306.72238699999843,2.9137810836534914,0.019309989701338844
307.0071769999969,2.7839680886372773,0.11277033985581876,306.9669859999983,2.844353371454416,0.06179196704428424
307.2561759999968,2.9074174934927055,0.021627188465499516,307.2158289999984,2.7123355435005294,0.18580501201510474
307.5054989999967,2.99338382647317,0.0,307.4633479999985,2.5489921631660195,0.38886028149673874
307.75046299999656,3.0116637893548495,0.0,307.71329599999865,2.39118987260564,0.6375729488499828
308.0017869999966,2.9385116153117075,0.0015447991761071143,307.9592659999987,2.2702265291556394,0.8190010298661173
308.24372699999674,2.771354091361607,0.12203913491246136,308.22164399999883,2.202272103000994,0.8934088568486096
308.4896259999969,2.537741683614759,0.39967387572948854,308.45613799999876,2.187128633637703,0.9057672502574664
308.7605809999971,2.2866653170855953,0.794970820460007,308.70113599999866,2.2091640419610012,0.8895468589083418
309.0032949999972,2.0688994884760996,0.9999999999999999,308.95606599999877,2.2419395903905865,0.8555612770339854
309.2456669999971,1.9186090028261196,0.9999999999999999,309.19951399999877,2.2599106144543155,0.8298146240988673
309.47711199999696,1.8458753699508446,0.9999999999999999,309.44708199999883,2.2472674644694877,0.8501544799176106
309.7318829999969,1.842600399698513,0.9999999999999999,309.69960899999876,2.201136705855566,0.8949536560247168
309.978845999997,1.8895370830122853,0.9999999999999999,309.9439029999988,2.127662533022961,0.9667868177136971
310.2209469999972,1.9585749938668162,0.9999999999999999,310.19097099999897,2.037449112529092,0.9999999999999999
310.47045799999705,2.0196909538679737,0.9999999999999999,310.43884599999905,1.9421026125538126,0.9999999999999999
310.71734799999695,2.052620189724309,0.9999999999999999,310.68100999999916,1.8523778925382972,0.9999999999999999
310.96585499999696,2.05313191322258,0.9999999999999999,310.9314599999989,1.7785162542641153,0.9999999999999999
311.21028499999704,2.0285333106453383,0.9999999999999999,311.1714019999987,1.7303111329611383,0.9999999999999999
311.4654179999971,1.9905244980248518,0.9999999999999999,311.4368779999987,1.7110644606641519,0.9999999999999999
311.70986399999697,1.9503065820642767,0.9999999999999999,311.67045799999846,1.7154808051591468,0.9999999999999999
311.96981799999674,1.9152703839123286,0.9999999999999999,311.91660299999836,1.73380883540761,0.9999999999999999
312.20627299999654,1.8882142123276071,0.9999999999999999,312.1649559999983,1.7573797831621325,0.9999999999999999
312.44784399999656,1.871409847218414,0.9999999999999999,312.40683499999824,1.781818791989481,0.9999999999999999
312.69971999999643,1.8707234055515152,0.9999999999999999,312.657776999998,1.8082032120355056,0.9999999999999999
312.9477859999964,1.8945725211742928,0.9999999999999999,312.90934999999826,1.841069359624104,0.9999999999999999
313.1951779999964,1.9496876974272086,0.9999999999999999,313.15584799999806,1.8812514325267224,0.9999999999999999
313.4434859999967,2.0390027820761993,0.9999999999999999,313.40271399999807,1.919179778424295,0.9999999999999999
313.69011999999657,2.1550874708557277,0.9382080329557156,313.65364699999805,1.9405257807243497,0.9999999999999999
313.9383449999967,2.2754707368946487,0.8141949879848952,313.901159999998,1.9423020853599449,0.9999999999999999
314.18625499999666,2.367519552682513,0.6784243048403708,314.15824699999786,1.9356853249898311,0.9999999999999999
314.4312449999966,2.4072624341948314,0.6123412289735668,314.398229999998,1.9308773598018323,0.9999999999999999
314.68290499999654,2.39173151220026,0.6363714383796774,314.64354199999804,1.932550683089817,0.9999999999999999
314.92785999999677,2.33483474616587,0.708462066598009,314.890509999998,1.94308075769613,0.9999999999999999
315.17927599999683,2.2539139574279763,0.8418297288019224,315.1385209999979,1.962300768607704,0.9999999999999999
315.4256869999971,2.1631780811802375,0.935890834191555,315.387826999998,1.9880443484092594,0.9999999999999999
315.67143799999707,2.074890979037726,0.9999999999999999,315.6292429999981,2.016890433150824,0.9999999999999999
315.9190279999971,2.000107539793856,0.9999999999999999,315.8927619999981,2.0438808174026883,0.9999999999999999
316.1643559999972,1.9466012921553333,0.9999999999999999,316.12872999999826,2.062236495743827,0.9999999999999999
316.4304559999974,1.9147433981810513,0.9999999999999999,316.3762909999981,2.066558634487393,0.9999999999999999
316.66318499999744,1.9009797607095817,0.9999999999999999,316.62326099999814,2.055952011360193,0.9999999999999999
316.90999899999736,1.9006728188509592,0.9999999999999999,316.8725619999982,2.0360125582268713,0.9999999999999999
317.1624589999972,1.9065598389755913,0.9999999999999999,317.1154839999983,2.0173158159146714,0.9999999999999999
317.42793199999727,1.9106613233453837,0.9999999999999999,317.3680049999982,2.010720313444815,0.9999999999999999
317.6538199999975,1.9067682715269578,0.9999999999999999,317.61468899999795,2.021437917900933,0.9999999999999999
317.9189689999976,1.8960780708486453,0.9999999999999999,317.86158699999777,2.044019309704965,0.9999999999999999
318.1480449999976,1.8866280174254841,0.9999999999999999,318.1084929999979,2.062233054597861,0.9999999999999999
318.39465599999767,1.8872289617361164,0.9999999999999999,318.3530549999983,2.0550714517710853,0.9999999999999999
318.6597549999978,1.9025516125933826,0.9999999999999999,318.62115099999824,2.0076716109227286,0.9999999999999999
318.89820599999786,1.9322007904042333,0.9999999999999999,318.8560099999981,1.9191120667211703,0.9999999999999999
319.14462899999785,1.9735192016614311,0.9999999999999999,319.09547399999803,1.803133723953767,0.9999999999999999
319.391445999998,2.0217030000977196,0.9999999999999999,319.343916999998,1.679479607665634,0.9999999999999999
319.6370529999981,2.0630480297700244,0.9999999999999999,319.604997999998,1.5663853745891227,0.9999999999999999
319.8809259999981,2.0779095021636604,0.9999999999999999,319.8444129999982,1.4738881641686508,0.9999999999999999
320.1268989999982,2.0575894925274603,0.9999999999999999,320.0948389999982,1.403533938198877,0.9999999999999999
320.37856899999815,2.0093928366085443,0.9999999999999999,320.33473399999843,1.3495045756481077,0.9999999999999999
320.62787499999826,1.9459326891835536,0.9999999999999999,320.58627499999847,1.301023501555253,0.9999999999999999
320.8753799999984,1.8774505299969753,0.9999999999999999,320.83174199999866,1.2487728739237098,0.9999999999999999
321.1229329999986,1.811678341113403,0.9999999999999999,321.0812089999987,1.1903729791286084,0.9999999999999999
321.3673259999987,1.7550304650671895,0.9999999999999999,321.3312009999988,1.1311911576226865,0.9999999999999999
321.61622899999884,1.7130974820598757,0.9999999999999999,321.57117799999884,1.0802229316353067,0.9999999999999999
321.8717169999987,1.6891602593331172,0.9999999999999999,321.81813499999885,1.0456185770515762,0.9999999999999999
322.1136649999989,1.679713691461627,0.9999999999999999,322.0706839999989,1.0325766486429102,0.9999999999999999
322.3623379999987,1.6732335538100584,0.9999999999999999,322.321650999999,1.0433659617774897,0.9999999999999999
322.60677499999855,1.6561457494366094,0.9999999999999999,322.5647959999991,1.0763308125865516,0.9999999999999999
322.8562609999985,1.6230246833432898,0.9999999999999999,322.8142919999988,1.1244298567819826,0.9999999999999999
323.10223099999854,1.5789446247867487,0.9999999999999999,323.0643229999987,1.177101884231071,0.9999999999999999
323.3526759999985,1.5331233686015313,0.9999999999999999,323.31477699999874,1.2239721341935403,0.9999999999999999
323.6021309999984,1.4969737579714593,0.9999999999999999,323.5697199999988,1.2598151442524164,0.9999999999999999
323.84784999999846,1.4794286119971338,0.9999999999999999,323.7991749999987,1.2860612730384975,0.9999999999999999
324.1074129999985,1.4826551321181092,0.9999999999999999,324.04464799999863,1.3103058440052398,0.9999999999999999
324.3342899999985,1.501896712813049,0.9999999999999999,324.30015899999864,1.3448264517312023,0.9999999999999999
324.58123799999856,1.5268206724697386,0.9999999999999999,324.5563249999986,1.402995665710751,0.9999999999999999
324.83691699999866,1.5467480966611469,0.9999999999999999,324.7993639999984,1.4943557210632206,0.9999999999999999
325.0792579999988,1.5541329584900412,0.9999999999999999,325.0380809999983,1.6223470030678322,0.9999999999999999
325.3285039999988,1.5455781501352406,0.9999999999999999,325.28806199999826,1.7825832335134433,0.9999999999999999
325.58330299999886,1.5255554618592233,0.9999999999999999,325.53349499999814,1.9637241515598758,0.9999999999999999
325.82030499999905,1.509250228496431,0.9999999999999999,325.77678499999803,2.148415692601453,0.9474768280123583
326.0672519999989,1.5192245039343355,0.9999999999999999,326.03276799999816,2.3135835987056685,0.751716443529008
326.32020999999867,1.571681773370181,0.9999999999999999,326.27082199999813,2.431392190251284,0.5835049776862341
326.5641879999986,1.6655198613517315,0.9999999999999999,326.5257969999981,2.4806247591755834,0.4981977342945417
326.81420699999865,1.7843921034507226,0.9999999999999999,326.7830949999982,2.461608140372587,0.533041537933402
327.0779599999984,1.9077636862434875,0.9999999999999999,327.017068999998,2.395830204962951,0.6315653964984552
327.31747999999857,2.019856697381452,0.9999999999999999,327.2727159999979,2.3119893528581397,0.7541194644696191
327.56338299999857,2.1107117462586347,0.9776004119464469,327.5120649999979,2.232202610189413,0.8686920700308959
327.7978719999985,2.175128995057108,0.9196704428424304,327.765082999998,2.163763076891513,0.9351184346035014
328.05543599999885,2.2099499884750076,0.8880020597322347,328.00706099999803,2.1032877080558614,0.9884140061791966
328.29608599999864,2.2128388763799673,0.8880020597322347,328.25921599999765,2.044497619375072,0.9999999999999999
328.54495199999843,2.18655615737497,0.9057672502574664,328.5027659999978,1.9831683407890148,0.9999999999999999
328.7910619999983,2.141437871631993,0.9552008238928938,328.7482449999979,1.919308315757364,0.9999999999999999
329.0355939999983,2.0923624074318514,0.9961380020597321,329.00672799999774,1.8571905442096384,0.9999999999999999
329.29154799999844,2.0517619007783257,0.9999999999999999,329.24272099999774,1.8047059719765235,0.9999999999999999
329.5355489999984,2.028408792932182,0.9999999999999999,329.49481499999797,1.7716263261486815,0.9999999999999999
329.7826039999989,2.0304681224842027,0.9999999999999999,329.7356369999981,1.7663984910485935,0.9999999999999999
330.02808399999867,2.0683875965853806,0.9999999999999999,329.98816999999826,1.793055274990773,0.9999999999999999
330.2826169999987,2.1521564844225196,0.9436148300720906,330.2406169999981,1.8468953036924791,0.9999999999999999
330.5280459999986,2.2823991225594376,0.8045829042224513,330.48366299999833,1.909034384360878,0.9999999999999999
330.7744249999984,2.444462278247131,0.5594747682801235,330.73155399999825,1.94906548946866,0.9999999999999999
331.02153599999866,2.6119263066753,0.2987469962238242,330.97829799999806,1.9411793339859968,0.9999999999999999
331.2691409999988,2.7560853735544977,0.13362512873326463,331.23875999999797,1.878768220439408,0.9999999999999999
331.52145999999857,2.848062012095841,0.057157569515962896,331.47377899999793,1.7744811040402804,0.9999999999999999
331.7820949999984,2.8637067363310784,0.04866117404737385,331.72686099999777,1.6492237404864083,0.9999999999999999
332.0088439999983,2.7961691432539135,0.10195674562306896,331.9687049999979,1.521798485696947,0.9999999999999999
332.2608739999983,2.668788724697757,0.23146240988671474,332.2190379999979,1.4036122694915567,0.9999999999999999
332.5061049999981,2.5244739171101305,0.41889804325437696,332.465214999998,1.2985776672727474,0.9999999999999999
332.750061999998,2.400131094070308,0.6243563336766221,332.7109409999982,1.2057604657244099,0.9999999999999999
332.9964669999979,2.313948321115825,0.751716443529008,332.9565699999983,1.123641685559742,0.9999999999999999
333.25004399999796,2.2657217165329415,0.8250085822176452,333.20961399999817,1.0538188574945067,0.9999999999999999
333.499004999998,2.246028829735492,0.8516992790937178,333.4534019999982,1.001049440543708,0.9999999999999999
333.75191899999794,2.2399951172315022,0.8571060762100926,333.6988589999981,0.9722903977139077,0.9999999999999999
333.9993659999982,2.2294432494227947,0.8725540679711636,333.9478739999979,0.9762438248837697,0.9999999999999999
334.2417039999981,2.197268875213033,0.8972708547888774,334.1949739999978,1.0220894149110433,0.9999999999999999
334.48715099999794,2.1352885668136046,0.9582904222451081,334.45137299999783,1.118870604568223,0.9999999999999999
334.7321209999981,2.046972509829457,0.9999999999999999,334.6954449999978,1.2698261750446451,0.9999999999999999
335.0002149999982,1.9424697705803609,0.9999999999999999,334.9386749999979,1.4665915130985079,0.9999999999999999
335.2483069999984,1.833461248642582,0.9999999999999999,335.1843189999979,1.6843329516067218,0.9999999999999999
335.4783049999984,1.7295699963667306,0.9999999999999999,335.4411999999981,1.8856806031489282,0.9999999999999999
335.7266749999984,1.63868393603936,0.9999999999999999,335.7133079999979,2.032288494528008,0.9999999999999999
335.9766749999981,1.5658436526310677,0.9999999999999999,335.9385519999981,2.098129004479283,0.9899588053553038
336.2226649999982,1.5116823199145895,0.9999999999999999,336.1785519999981,2.0762263424939715,0.9999999999999999
336.46523399999825,1.4744159387335947,0.9999999999999999,336.42157499999803,1.9836223924789231,0.9999999999999999
336.72264799999823,1.4556337969603665,0.9999999999999999,336.67869299999796,1.855230842063672,0.9999999999999999
336.9581359999984,1.4660094990760915,0.9999999999999999,336.9201719999978,1.7262847781887618,0.9999999999999999
337.2116449999984,1.5263816871907927,0.9999999999999999,337.1675139999978,1.620716726129566,0.9999999999999999
337.4582859999985,1.6571410759973122,0.9999999999999999,337.42014199999807,1.5480499940794044,0.9999999999999999
337.70004399999874,1.8609516279391314,0.9999999999999999,337.66107499999816,1.5050596793917845,0.9999999999999999
337.95708899999863,2.111383941207091,0.9776004119464469,337.9111509999981,1.4784563504703438,0.9999999999999999
338.20654599999887,2.356447860918432,0.6892378990731205,338.1582939999981,1.452981416024977,0.9999999999999999
338.4462309999989,2.540261346060299,0.39606934431857194,338.40160199999815,1.4188891479322978,0.9999999999999999
338.7072249999988,2.6309207071852043,0.27351527634740813,338.6556439999981,1.3770237732202852,0.9999999999999999
338.9436469999989,2.6377244007525595,0.268709234466186,338.91498199999813,1.3351343840751317,0.9999999999999999
339.1931589999989,2.5976331066819105,0.3203741846893237,339.14701999999807,1.3020050637008258,0.9999999999999999
339.45455099999873,2.5514804395058484,0.38645726055612767,339.3957799999982,1.283077004592676,0.9999999999999999
339.6907039999989,2.526858380448192,0.4152935118434603,339.64395899999823,1.2810180317365398,0.9999999999999999
339.94756599999903,2.5323961495238834,0.4068829385513216,339.8904559999982,1.3000952547309703,0.9999999999999999
340.1820229999991,2.560700461913731,0.36723309303123924,340.13800499999826,1.3446976948897755,0.9999999999999999
340.4265299999993,2.595124177907189,0.32518022657054585,340.3904209999983,1.4111701323683106,0.9999999999999999
340.6886219999992,2.619329452685061,0.2819258496395469,340.6323439999984,1.483330085120658,0.9999999999999999
340.92244799999946,2.6233485766869404,0.27832131822863027,340.8778419999983,1.544234276292321,0.9999999999999999
341.1730869999994,2.603582376161509,0.31076210092687945,341.12684299999813,1.5856725153161428,0.9999999999999999
341.41951299999937,2.5599976569333793,0.36963611397185037,341.3758919999982,1.6070646362160916,0.9999999999999999
341.6654849999992,2.491585282282374,0.487384140061792,341.62894399999817,1.611329053285844,0.9999999999999999
341.9180479999991,2.396690701073777,0.6291623755578442,341.870895999998,1.604025727344959,0.9999999999999999
342.158522999999,2.281696249629099,0.8045829042224513,342.11585699999796,1.5930157757821388,0.9999999999999999
342.406084999999,2.1628261750528637,0.935890834191555,342.3675899999982,1.5865324733774577,0.9999999999999999
342.6714609999988,2.057413870122157,0.9999999999999999,342.6095669999981,1.5895667546656431,0.9999999999999999
342.91241499999865,1.9767600022203735,0.9999999999999999,342.87316299999793,1.6030651570384231,0.9999999999999999
343.1509439999988,1.92262198813513,0.9999999999999999,343.1141079999981,1.6248826417462081,0.9999999999999999
343.416398999999,1.8889534667586048,0.9999999999999999,343.35645099999806,1.6508580059177813,0.9999999999999999
343.6482839999987,1.8654244996241647,0.9999999999999999,343.60143799999815,1.6760027458288476,0.9999999999999999
343.8994199999986,1.8420157927287628,0.9999999999999999,343.8600819999983,1.6922762343678404,0.9999999999999999
344.1485589999985,1.818065809319989,0.9999999999999999,344.1030379999984,1.6895964369935783,0.9999999999999999
344.3906379999987,1.8023895174964368,0.9999999999999999,344.34847799999824,1.6628949848014807,0.9999999999999999
344.65161399999863,1.8010512107445513,0.9999999999999999,344.59489799999835,1.618012819350029,0.9999999999999999
344.8885009999987,1.805007555807331,0.9999999999999999,344.8439619999983,1.5686705709443736,0.9999999999999999
345.1349109999985,1.794342260379575,0.9999999999999999,345.1015609999984,1.5295856643164716,0.9999999999999999
345.38395199999866,1.755171532186395,0.9999999999999999,345.3402589999986,1.5115893902141906,0.9999999999999999
345.63296899999864,1.686957230114009,0.9999999999999999,345.5852029999986,1.5203986015845987,0.9999999999999999
345.8908849999986,1.600403632311163,0.9999999999999999,345.8367979999987,1.5547120743240221,0.9999999999999999
346.12342099999876,1.5117435839009201,0.9999999999999999,346.07827899999876,1.605453914133133,0.9999999999999999
346.3738999999988,1.4383706683758608,0.9999999999999999,346.3251639999986,1.6569132117329957,0.9999999999999999
346.6345169999985,1.3941980941259728,0.9999999999999999,346.58965699999857,1.6927061504122918,0.9999999999999999
346.87245399999875,1.3857224211821806,0.9999999999999999,346.8226109999985,1.7058658613577458,0.9999999999999999
347.1369129999987,1.410949456486996,0.9999999999999999,347.0788109999988,1.7058655012854276,0.9999999999999999
347.3663869999986,1.463705791848236,0.9999999999999999,347.31500299999874,1.715338947910717,0.9999999999999999
347.61497399999854,1.5360459472546903,0.9999999999999999,347.56452099999876,1.7573806038555109,0.9999999999999999
347.85737599999857,1.616412454904839,0.9999999999999999,347.80893799999893,1.8399048663209265,0.9999999999999999
348.1049269999988,1.6891846350952124,0.9999999999999999,348.0615239999989,1.9457770561652212,0.9999999999999999
348.3556899999988,1.7461060177167451,0.9999999999999999,348.31691999999896,2.040140885178317,0.9999999999999999
348.60397899999913,1.791458202638302,0.9999999999999999,348.5529039999989,2.090032245555742,0.9999999999999999
348.85200399999917,1.834182839208539,0.9999999999999999,348.8074309999988,2.0866469000050714,0.9999999999999999
349.09559599999903,1.8778303404057444,0.9999999999999999,349.05532299999874,2.048745223737561,0.9999999999999999
349.344184999999,1.9187576698154665,0.9999999999999999,349.29838799999885,2.0101950361470595,0.9999999999999999
349.59687299999905,1.9475006880345056,0.9999999999999999,349.55326399999876,2.001625911312513,0.9999999999999999
349.8418659999994,1.9546508801452014,0.9999999999999999,349.79923099999854,2.035171097638856,0.9999999999999999
350.0944589999993,1.9334913108817844,0.9999999999999999,350.0391659999988,2.0978062030951232,0.9899588053553038
350.3383449999991,1.8847322228231769,0.9999999999999999,350.2860799999988,2.154743765382459,0.9389804325437693
350.579714999999,1.815013371776733,0.9999999999999999,350.5437939999988,2.166713764927028,0.9343460350154479
350.833716999999,1.7347489683072308,0.9999999999999999,350.78104599999864,2.1158723258652525,0.9729660144181256
351.07687899999905,1.6558609961605684,0.9999999999999999,351.0260229999986,2.0171473665461357,0.9999999999999999
351.328038999999,1.5909900609290553,0.9999999999999999,351.27793399999825,1.902615402225133,0.9999999999999999
351.576880999999,1.5529108330075632,0.9999999999999999,351.5310269999983,1.8010809760405642,0.9999999999999999
351.8173249999988,1.5535527892543173,0.9999999999999999,351.77635099999844,1.7259414323308966,0.9999999999999999
352.06477299999887,1.6123607996504428,0.9999999999999999,352.0219489999984,1.672352487792303,0.9999999999999999
352.3137439999989,1.7632174811995525,0.9999999999999999,352.26885099999834,1.6261213669474135,0.9999999999999999
352.5720859999991,2.040188909228824,0.9999999999999999,352.51311799999826,1.5781263355882809,0.9999999999999999
352.8110149999991,2.4440958705684697,0.5594747682801235,352.762646999998,1.5314832679494934,0.9999999999999999
353.0560499999993,2.928250617716996,0.007723995880535488,353.0133119999983,1.5023100393312874,0.9999999999999999
353.3066929999993,3.4154515360414894,0.0,353.2540699999982,1.5151533344724413,0.9999999999999999
353.5481659999994,3.8207334077552426,0.0,353.5100729999983,1.5962796511340098,0.9999999999999999
353.80003399999947,4.0725188319684085,0.0,353.75760099999843,1.7656726216972842,0.9999999999999999
354.04103399999946,4.1301862600804125,0.0,354.0044779999982,2.0248039263183744,0.9999999999999999
354.29651199999915,3.996219803983272,0.0,354.2637739999982,2.344372329475985,0.6988499828355648
354.54098499999924,3.7152238646973785,0.0,354.499753999998,2.6581786788358146,0.23987298317885336
354.8099509999992,3.360577700975044,0.0,354.7422449999982,2.8867335625435278,0.03630278063851702
355.04407199999946,3.012139748751215,0.0,354.9967439999981,2.9804861024406146,0.0
355.2823759999997,2.7280717371863084,0.16658084449021632,355.23823799999815,2.9465967760683265,0.0
355.5392989999996,2.5226026928960636,0.42130106419498803,355.48458899999804,2.83433842412969,0.0718331616889804
355.79238599999974,2.371040330782327,0.6736182629591486,355.733547999998,2.6974621675582338,0.20502917953999314
356.0242259999998,2.243491727512594,0.8540164778578784,355.9795139999981,2.5738125495160324,0.3540164778578785
356.2737109999997,2.123687587637544,0.9667868177136971,356.22563799999824,2.480103269283924,0.5006007552351528
356.52905399999963,2.0111962150491576,0.9999999999999999,356.4770349999981,2.414261483778286,0.6051321661517336
356.7708889999996,1.9124756195661539,0.9999999999999999,356.72750099999814,2.366665268259462,0.6784243048403708
357.0197829999997,1.8355376706833824,0.9999999999999999,356.9747909999983,2.3301554801060664,0.7180741503604533
357.2638459999998,1.7889409981141347,0.9999999999999999,357.21577399999825,2.304361278691864,0.7673360796429798
357.5152639999998,1.7813583264457384,0.9999999999999999,357.47013799999837,2.292420906098905,0.7877617576381738
357.76432099999965,1.8189513068133114,0.9999999999999999,357.7171599999985,2.296369522933584,0.776948163405424
358.0176389999995,1.8964270627252489,0.9999999999999999,357.9662319999984,2.316936254396473,0.7457088911774802
358.25909099999944,1.9854439472748264,0.9999999999999999,358.20905299999833,2.353796901433042,0.6916409200137316
358.50409099999956,2.043323000055259,0.9999999999999999,358.46104399999825,2.4052665731495786,0.6123412289735668
358.74953899999974,2.045146660655667,0.9999999999999999,358.70648499999834,2.4653752081861744,0.5234294541709579
358.99956399999974,2.0009709913217213,0.9999999999999999,358.9495489999985,2.521228879469586,0.4237040851355991
359.25091399999974,1.939778445728248,0.9999999999999999,359.2045179999986,2.556123496613772,0.37924819773429463
359.4929949999997,1.8889894427126446,0.9999999999999999,359.44736299999863,2.5588872918443863,0.37203913491246143
359.7554789999996,1.8662176615563917,0.9999999999999999,359.6953989999988,2.5297512942854428,0.41289049090284924
359.9952859999997,1.8765303797922488,0.9999999999999999,359.9390249999987,2.4758671276462296,0.5078098180569859
360.2392349999998,1.9131608182255224,0.9999999999999999,360.1851839999986,2.4041932874067173,0.6147442499141779
360.48522499999956,1.9594491267349134,0.9999999999999999,360.43145899999865,2.320279778452364,0.7384998283556473
360.73666499999945,1.9950472633783052,0.9999999999999999,360.68862099999865,2.2305137644227973,0.8725540679711636
360.98116699999946,2.0046237690436195,0.9999999999999999,360.9364889999988,2.1473736675233224,0.9497940267765189
361.2427799999994,1.9829543831367493,0.9999999999999999,361.18327799999884,2.0870467747018417,0.9999999999999999
361.4798349999996,1.9343730275389348,0.9999999999999999,361.42572299999887,2.064232524111984,0.9999999999999999
361.7227879999998,1.8676080447103434,0.9999999999999999,361.67411899999905,2.0862555844938164,0.9999999999999999
361.9740819999999,1.7883387287298727,0.9999999999999999,361.9397439999993,2.1459709436554366,0.9521112255406796
362.21868500000005,1.6960572237455727,0.9999999999999999,362.16603499999917,2.2183351121216184,0.8818228630278063
362.48183100000006,1.5868182823214163,0.9999999999999999,362.4140819999992,2.2696634406956067,0.820202540336423
362.7108780000001,1.461325164094547,0.9999999999999999,362.665006999999,2.2761946813091347,0.8129934775145898
362.96538000000004,1.3272065512046658,0.9999999999999999,362.91100399999914,2.23796530207509,0.8609680741503604
363.2174299999999,1.1954977022133946,0.9999999999999999,363.16239299999916,2.175420326154559,0.9196704428424304
363.45839299999983,1.0768255071763082,0.9999999999999999,363.4052969999993,2.1147161647247197,0.9737384140061791
363.70673699999975,0.9803778953552836,0.9999999999999999,363.6509419999994,2.0761866108887372,0.9999999999999999
363.95500299999964,0.9133548872596381,0.9999999999999999,363.90334999999936,2.068330454439256,0.9999999999999999
364.20168199999983,0.8801336382716242,0.9999999999999999,364.14205499999935,2.0862636473006098,0.9999999999999999
364.45344799999987,0.8809574435162972,0.9999999999999999,364.38699799999927,2.1128330560679816,0.9768280123583933
364.69497399999983,0.909846552570845,0.9999999999999999,364.63839899999897,2.126366230723547,0.9667868177136971
364.94643099999996,0.9527944827090622,0.9999999999999999,364.8903229999988,2.111338195571167,0.9776004119464469
365.2010549999998,0.9903579835393823,0.9999999999999999,365.1323859999989,2.0656153786750266,0.9999999999999999
365.4434209999998,1.000667675779595,0.9999999999999999,365.38635099999885,1.9986427041157921,0.9999999999999999
365.70381899999967,0.9724313105317617,0.9999999999999999,365.63052299999896,1.9250202679959132,0.9999999999999999
365.94881199999975,0.9174573233032373,0.9999999999999999,365.8817119999989,1.8578016564188502,0.9999999999999999
366.1788149999999,0.8545697758710955,0.9999999999999999,366.12359999999904,1.8043184546027502,0.9999999999999999
366.4283000000001,0.7954420136821311,0.9999999999999999,366.37508399999894,1.7682706386603344,0.9999999999999999
366.6756690000001,0.7442687064307791,0.9999999999999999,366.6250539999989,1.7524075052460129,0.9999999999999999
366.9259600000001,0.701803609449537,0.9999999999999999,366.8712219999988,1.7592199576840393,0.9999999999999999
367.1684860000002,0.6680814530108704,0.9999999999999999,367.1139089999988,1.7859655830699022,0.9999999999999999
367.41192000000007,0.6443247183966584,0.9999999999999999,367.3663399999987,1.821311511340884,0.9999999999999999
367.66118400000005,0.6344897254295475,0.9999999999999999,367.61081999999857,1.8489691616131478,0.9999999999999999
367.93388600000014,0.647656611443741,0.9999999999999999,367.8592539999986,1.8553538451990161,0.9999999999999999
368.1725590000002,0.6979880552104845,0.9999999999999999,368.1112839999986,1.8337514231113803,0.9999999999999999
368.4160810000002,0.7932948249418301,0.9999999999999999,368.3591959999987,1.7877497785994254,0.9999999999999999
368.65244000000024,0.9185792553418048,0.9999999999999999,368.5960189999988,1.7289808742034776,0.9999999999999999
368.9017740000002,1.0459889273077057,0.9999999999999999,368.8466609999989,1.6727151985791164,0.9999999999999999
369.1517640000003,1.1588632073152554,0.9999999999999999,369.09722099999897,1.6297020978249308,0.9999999999999999
369.39578700000044,1.252606066050908,0.9999999999999999,369.3500199999992,1.6003490728128131,0.9999999999999999
369.6452720000003,1.3351351479726659,0.9999999999999999,369.6014669999991,1.5769162383303408,0.9999999999999999
369.89223800000025,1.4264121970107035,0.9999999999999999,369.8359629999993,1.5496382533292254,0.9999999999999999
370.15574800000013,1.5361568090281372,0.9999999999999999,370.08492199999944,1.5127271330793457,0.9999999999999999
370.3897460000001,1.649518969645709,0.9999999999999999,370.33495699999935,1.4684540102959356,0.9999999999999999
370.6478210000001,1.7442807724739984,0.9999999999999999,370.57296499999956,1.4263698630646853,0.9999999999999999
370.8902250000003,1.8070173029038386,0.9999999999999999,370.82295699999963,1.3988104910421604,0.9999999999999999
371.1370930000004,1.8384810920395145,0.9999999999999999,371.07104499999963,1.3973212094160916,0.9999999999999999
371.3805460000002,1.8484072230994968,0.9999999999999999,371.3198739999996,1.4264567322760284,0.9999999999999999
371.6305430000003,1.849603684313936,0.9999999999999999,371.5679149999995,1.4786056367283238,0.9999999999999999
371.8760250000005,1.8520863442023647,0.9999999999999999,371.81679099999974,1.537373217259492,0.9999999999999999
372.1310180000006,1.859572825485873,0.9999999999999999,372.0724059999996,1.5864000312722268,0.9999999999999999
372.3695750000007,1.8667091416572927,0.9999999999999999,372.3127469999997,1.6172871702314753,0.9999999999999999
372.6209470000009,1.8602672373382139,0.9999999999999999,372.56027699999976,1.6308340861527766,0.9999999999999999
372.8790270000009,1.8276332285711545,0.9999999999999999,372.8117089999997,1.6319977313829286,0.9999999999999999
373.114526000001,1.7746812807038375,0.9999999999999999,373.05452099999974,1.6253673251476,0.9999999999999999
373.36283300000093,1.7191099596863786,0.9999999999999999,373.2985889999996,1.613912396347905,0.9999999999999999
373.61251500000094,1.67266731629198,0.9999999999999999,373.5580569999997,1.5985366709969664,0.9999999999999999
373.85447000000073,1.6443444165102545,0.9999999999999999,373.7980239999999,1.5770377120994414,0.9999999999999999
374.10491100000047,1.633420272968911,0.9999999999999999,374.0471279999998,1.545301856698261,0.9999999999999999
374.3581570000006,1.625199619972308,0.9999999999999999,374.31399099999993,1.5017592616462005,0.9999999999999999
374.59811000000064,1.5978501067620199,0.9999999999999999,374.53710399999994,1.4512634214155855,0.9999999999999999
374.85065000000066,1.537557958590016,0.9999999999999999,374.7859750000001,1.4021749069534963,0.9999999999999999
375.09969700000056,1.4457189742911418,0.9999999999999999,375.03658699999994,1.3597809486521237,0.9999999999999999
375.34558100000066,1.3344367874423173,0.9999999999999999,375.2829970000002,1.324252350486251,0.9999999999999999
375.59901600000086,1.2202206361692314,0.9999999999999999,375.52801100000033,1.292636667397587,0.9999999999999999
375.8360170000008,1.1191627502569717,0.9999999999999999,375.7844880000004,1.263453509818989,0.9999999999999999
376.09464900000097,1.0446399450591652,0.9999999999999999,376.0271170000004,1.2363995206939635,0.9999999999999999
376.3336850000008,1.0082771112215536,0.9999999999999999,376.2664810000005,1.210226852552501,0.9999999999999999
376.5862900000009,1.0181824314860606,0.9999999999999999,376.5229370000007,1.182885365602026,0.9999999999999999
376.833136000001,1.0736612594662822,0.9999999999999999,376.7685550000007,1.1521998941005027,0.9999999999999999
377.07603800000095,1.1610474940535243,0.9999999999999999,377.0128810000007,1.1162581238876232,0.9999999999999999
377.3274640000011,1.2572515188057536,0.9999999999999999,377.2845970000007,1.0751736821191786,0.9999999999999999
377.57584100000116,1.3376784145771272,0.9999999999999999,377.5079840000008,1.0299824689229264,0.9999999999999999
377.8327600000011,1.3843491652421922,0.9999999999999999,377.7626330000008,0.9818789314224342,0.9999999999999999
378.07082300000127,1.3899230342979,0.9999999999999999,378.00691000000097,0.93336944661458,0.9999999999999999
378.3127070000016,1.3586272061805826,0.9999999999999999,378.2533000000011,0.887315942448737,0.9999999999999999
378.56572400000164,1.3033317299165297,0.9999999999999999,378.501285000001,0.8463868977493441,0.9999999999999999
378.8134500000015,1.2419163869848882,0.9999999999999999,378.7467960000013,0.8137025336932235,0.9999999999999999
379.05894500000153,1.1944384478051375,0.9999999999999999,378.9980290000015,0.7929666653130529,0.9999999999999999
379.30392600000135,1.1793873805237869,0.9999999999999999,379.2466360000017,0.7875185414512621,0.9999999999999999
379.5619180000015,1.2066904705356918,0.9999999999999999,379.49043500000164,0.7987777064928969,0.9999999999999999
379.8038640000017,1.27048777425038,0.9999999999999999,379.7453970000018,0.8254932610761065,0.9999999999999999
380.05027100000206,1.3502901846585162,0.9999999999999999,379.9830050000018,0.8653244675532404,0.9999999999999999
380.29556900000216,1.4239658812790736,0.9999999999999999,380.2298730000019,0.9159868200116886,0.9999999999999999
380.54397900000214,1.4802653111765345,0.9999999999999999,380.48880900000194,0.9751124723378113,0.9999999999999999
380.7889720000021,1.5219147101959427,0.9999999999999999,380.7227950000021,1.0412805176097446,0.9999999999999999
381.05140200000227,1.5597466564168192,0.9999999999999999,380.9762220000022,1.1138362364029284,0.9999999999999999
381.2863670000024,1.606544364494148,0.9999999999999999,381.2251920000022,1.1932150272265816,0.9999999999999999
381.538446000002,1.671427020374376,0.9999999999999999,381.47614200000214,1.278300715211842,0.9999999999999999
381.7860370000019,1.7546518624567007,0.9999999999999999,381.7401580000022,1.3659939868664743,0.9999999999999999
382.0234220000018,1.843606858163089,0.9999999999999999,381.9689470000023,1.4519216676939197,0.9999999999999999
382.2745390000019,1.9139585619469703,0.9999999999999999,382.2139260000021,1.5306087878589936,0.9999999999999999
382.5276540000018,1.9425330353793462,0.9999999999999999,382.46458300000216,1.5975904482243113,0.9999999999999999
382.76760800000176,1.924925265601432,0.9999999999999999,382.70950100000226,1.653279892020031,0.9999999999999999
383.0370340000021,1.8777074272923082,0.9999999999999999,382.9659030000023,1.702739094570619,0.9999999999999999
383.2710410000023,1.8234023913659179,0.9999999999999999,383.20640800000245,1.7510765586012895,0.9999999999999999
383.51704000000257,1.7791592034698909,0.9999999999999999,383.4541530000027,1.8003548740570317,0.9999999999999999
383.7700960000028,1.7500250785566895,0.9999999999999999,383.7060950000026,1.8502931726670098,0.9999999999999999
384.00645600000286,1.7335463200560404,0.9999999999999999,383.94552200000277,1.9261124304694228,0.9999999999999999
384.26758400000284,1.7275536468522403,0.9999999999999999,384.2030180000028,2.0950025743364042,0.9930484037075179
384.50385900000293,1.7310900692104156,0.9999999999999999,384.44904800000273,2.365048257522706,0.6808273257809818
384.7486040000028,1.7395510920522645,0.9999999999999999,384.68791100000254,2.671249704041543,0.2302608994164092
385.0016330000028,1.7435950692982032,0.9999999999999999,384.9490140000025,2.9477786825611534,0.0
385.24957000000273,1.7328836466548,0.9999999999999999,385.1880860000025,3.1578117361584868,0.0
385.5171220000027,1.7028291727007998,0.9999999999999999,385.4251890000023,3.29254726489616,0.0
385.7435140000029,1.6559129329860338,0.9999999999999999,385.6720820000024,3.3608534865722643,0.0
385.99652200000276,1.598737585556965,0.9999999999999999,385.9220600000022,3.3791926879206535,0.0
386.2393390000025,1.5412087593953698,0.9999999999999999,386.16997500000235,3.360481391449438,0.0
386.48788400000257,1.4922507584034,0.9999999999999999,386.4239740000026,3.3009821275796787,0.0
386.73547800000273,1.458958592860979,0.9999999999999999,386.66513700000246,3.1746997052671184,0.0
386.98184000000276,1.4433455412421154,0.9999999999999999,386.91271700000226,2.9689139949284797,0.0
387.23238900000274,1.4424669808572403,0.9999999999999999,387.1591220000022,2.7361054724805194,0.15696876072777205
387.47833900000273,1.4529034536865673,0.9999999999999999,387.4080020000022,2.523609066558519,0.42009955372468244
387.72676100000274,1.471509505853025,0.9999999999999999,387.659106000002,2.329984128018565,0.7180741503604533
387.98225800000296,1.492711452696292,0.9999999999999999,387.9015100000022,2.1510857568855846,0.9451596292481977
388.2201350000029,1.5064613180988289,0.9999999999999999,388.1607390000021,1.9909371531829758,0.9999999999999999
388.4712730000029,1.5028408406558034,0.9999999999999999,388.3977050000021,1.8566990314853886,0.9999999999999999
388.72764400000307,1.4785473524541208,0.9999999999999999,388.6536690000022,1.7532014764596415,0.9999999999999999
388.9700830000031,1.4409470506053734,0.9999999999999999,388.89666800000214,1.6783533335416714,0.9999999999999999
389.21956700000317,1.4044244148089813,0.9999999999999999,389.143569000002,1.6227086101465793,0.9999999999999999
389.45858500000327,1.3815873250058035,0.9999999999999999,389.411170000002,1.573969130301184,0.9999999999999999
389.7035880000032,1.3791150760623312,0.9999999999999999,389.6408140000018,1.522581185909871,0.9999999999999999
389.95304600000327,1.397503366701371,0.9999999999999999,389.8903010000018,1.4663949372636433,0.9999999999999999
390.2025100000034,1.4327878006920973,0.9999999999999999,390.1414450000019,1.4097912785355453,0.9999999999999999
390.44854800000314,1.4754541551983322,0.9999999999999999,390.3843330000018,1.3587902843989186,0.9999999999999999
390.6956910000032,1.5108621983458397,0.9999999999999999,390.63638700000195,1.3162389071127953,0.9999999999999999
390.94499500000336,1.5275827364008052,0.9999999999999999,390.8854710000018,1.2801266118529293,0.9999999999999999
391.20609600000347,1.5241247442921844,0.9999999999999999,391.12546600000206,1.2467007353736115,0.9999999999999999
391.4460810000033,1.5067798936208683,0.9999999999999999,391.3704420000021,1.214121515000408,0.9999999999999999
391.6885250000035,1.4847239188301795,0.9999999999999999,391.62139900000204,1.1847266626171469,0.9999999999999999
391.9505880000036,1.466354524936597,0.9999999999999999,391.86998200000204,1.1660336798507733,0.9999999999999999
392.19036000000375,1.4584597860965913,0.9999999999999999,392.116413000002,1.1689975257124827,0.9999999999999999
392.4353400000038,1.465295543751678,0.9999999999999999,392.36143800000207,1.204204846212988,0.9999999999999999
392.67725100000376,1.4867817151133857,0.9999999999999999,392.6203970000022,1.2739504132727912,0.9999999999999999
392.92823700000395,1.5179537784004042,0.9999999999999999,392.8553560000023,1.3664330586321762,0.9999999999999999
393.18721800000395,1.5527792119402897,0.9999999999999999,393.1084700000023,1.4634575167775206,0.9999999999999999
393.4246360000039,1.5876520941423289,0.9999999999999999,393.3564660000023,1.5513983911889293,0.9999999999999999
393.665091000004,1.6188539745613195,0.9999999999999999,393.60185100000206,1.6276730810059954,0.9999999999999999
393.9175280000039,1.6393814770312025,0.9999999999999999,393.8512790000021,1.6995431896071438,0.9999999999999999
394.16553600000395,1.643257600630437,0.9999999999999999,394.095315000002,1.7781428100278864,0.9999999999999999
394.412935000004,1.6284170000407947,0.9999999999999999,394.34078700000225,1.8670959138172476,0.9999999999999999
394.66603700000394,1.5945268678292832,0.9999999999999999,394.59580900000225,1.955706167079461,0.9999999999999999
394.90789900000374,1.5490672775695338,0.9999999999999999,394.8422050000024,2.020709479856136,0.9999999999999999
395.1566960000036,1.512490271168451,0.9999999999999999,395.0823030000021,2.0399589969108294,0.9999999999999999
395.40808600000366,1.5152291530940685,0.9999999999999999,395.32728400000184,2.004318022759801,0.9999999999999999
395.64647600000353,1.5879614307547225,0.9999999999999999,395.5715050000019,1.923341090324561,0.9999999999999999
395.89804800000366,1.7450540726111543,0.9999999999999999,395.83502700000184,1.8183311629961032,0.9999999999999999
396.1480690000035,1.9672141389495574,0.9999999999999999,396.0697940000017,1.7124584728126124,0.9999999999999999
396.4033670000036,2.1948233114876157,0.899588053553038,396.3258200000015,1.624228990838843,0.9999999999999999
396.63676600000355,2.353181677302174,0.6916409200137316,396.5702380000015,1.5661544851837013,0.9999999999999999
396.88695500000364,2.3931293918158794,0.6363714383796774,396.8202070000018,1.5420694528973984,0.9999999999999999
397.1463870000037,2.31063532276644,0.7541194644696191,397.0851910000017,1.544494385387346,0.9999999999999999
397.3852140000039,2.1384256742819834,0.956745623069001,397.3092350000017,1.555869561641,0.9999999999999999
397.6266390000037,1.9243919423268279,0.9999999999999999,397.5637120000019,1.5559071738847328,0.9999999999999999
397.8725660000038,1.7113247592045289,0.9999999999999999,397.8051470000018,1.5314521365965192,0.9999999999999999
398.1271680000039,1.5247648958501112,0.9999999999999999,398.05132900000183,1.4829376850193998,0.9999999999999999
398.37620100000413,1.3731198185956974,0.9999999999999999,398.30203100000193,1.4223655259033618,0.9999999999999999
398.6238360000042,1.2537298821834184,0.9999999999999999,398.554585000002,1.3648235214469182,0.9999999999999999
398.86312100000407,1.1601260015570647,0.9999999999999999,398.79555600000197,1.322404050668536,0.9999999999999999
399.1106650000041,1.0858482755313412,0.9999999999999999,399.037954000002,1.2998829129543068,0.9999999999999999
399.356665000004,1.025702210325326,0.9999999999999999,399.29909800000206,1.2953083405535284,0.9999999999999999
399.6130850000042,0.9764653427111484,0.9999999999999999,399.543053000002,1.3020832862103573,0.9999999999999999
399.8637060000043,0.937152972606885,0.9999999999999999,399.788045000002,1.313530770003086,0.9999999999999999
400.112063000004,0.9096444748272674,0.9999999999999999,400.0344840000021,1.3275805266409866,0.9999999999999999
400.35464700000426,0.8995671453326979,0.9999999999999999,400.297988000002,1.3473591384991261,0.9999999999999999
400.6151000000044,0.9150243309447813,0.9999999999999999,400.5330100000021,1.3791004784922067,0.9999999999999999
400.86224500000424,0.9596546086445152,0.9999999999999999,400.774603000002,1.4275677852381135,0.9999999999999999
401.0962250000043,1.0259598499030353,0.9999999999999999,401.0304690000021,1.494272482260663,0.9999999999999999
401.3412170000043,1.0964537871446758,0.9999999999999999,401.27042500000204,1.5758654624912976,0.9999999999999999
401.59286800000433,1.1555633615646532,0.9999999999999999,401.525928000002,1.6617805556658531,0.9999999999999999
401.84215600000437,1.197318795192967,0.9999999999999999,401.77347300000196,1.7331047341293397,0.9999999999999999
402.094249000004,1.2213085654823108,0.9999999999999999,402.01398000000205,1.7686406057010622,0.9999999999999999
402.3315680000042,1.2263839929862121,0.9999999999999999,402.2639350000022,1.7570030500985467,0.9999999999999999
402.5865340000041,1.2109588953115473,0.9999999999999999,402.50813300000215,1.7049435188615478,0.9999999999999999
402.83059900000404,1.1783159755899262,0.9999999999999999,402.7576230000023,1.6339783682338966,0.9999999999999999
403.08303500000414,1.1366368053522429,0.9999999999999999,403.0195320000023,1.5706834691533262,0.9999999999999999
403.32370500000417,1.0960918760659004,0.9999999999999999,403.25051300000234,1.5372658846781617,0.9999999999999999
403.5760790000041,1.0667905153694133,0.9999999999999999,403.5069590000025,1.5474613287641994,0.9999999999999999
403.82348000000405,1.0578919312633412,0.9999999999999999,403.7470160000025,1.6024199734719,0.9999999999999999
404.07321200000405,1.0751822230726538,0.9999999999999999,404.0056940000025,1.6861279605509771,0.9999999999999999
404.313836000004,1.118147581748552,0.9999999999999999,404.24807700000247,1.7657920761709454,0.9999999999999999
404.571294000004,1.1796794675476887,0.9999999999999999,404.48353900000245,1.8083522305414763,0.9999999999999999
404.8111820000036,1.2513005566992264,0.9999999999999999,404.7585250000026,1.8047019198765595,0.9999999999999999
405.0556530000035,1.3294517027060957,0.9999999999999999,404.98350400000265,1.7701382867144473,0.9999999999999999
405.3030580000035,1.4158108259527005,0.9999999999999999,405.2389430000027,1.7268802793879197,0.9999999999999999
405.54901400000347,1.511088706540082,0.9999999999999999,405.48756200000264,1.6917775571712244,0.9999999999999999
405.80551600000354,1.6073075120138385,0.9999999999999999,405.72546200000255,1.6738493149474687,0.9999999999999999
406.05310700000376,1.6855581641837887,0.9999999999999999,405.98159100000277,1.6774880282620457,0.9999999999999999
406.2949640000036,1.7230906737997465,0.9999999999999999,406.22350300000284,1.7041259092663457,0.9999999999999999
406.5430780000035,1.7073529635272382,0.9999999999999999,406.4696560000029,1.7490105613581823,0.9999999999999999
406.7954340000036,1.6442223353669543,0.9999999999999999,406.7195740000028,1.8019043732018991,0.9999999999999999
407.0378710000037,1.5515688295026644,0.9999999999999999,406.97869300000286,1.852264273150404,0.9999999999999999
407.2859660000038,1.4493240573377504,0.9999999999999999,407.21415700000284,1.8958097036693926,0.9999999999999999
407.53023400000376,1.353769490620944,0.9999999999999999,407.466119000003,1.932959284016954,0.9999999999999999
407.78333200000367,1.2740916668326152,0.9999999999999999,407.71111400000314,1.9662729761653848,0.9999999999999999
408.02893900000356,1.2135640589551062,0.9999999999999999,407.9736220000032,1.995034464322935,0.9999999999999999
408.27518400000366,1.1720438602538612,0.9999999999999999,408.20405100000323,2.0160973371724236,0.9999999999999999
408.5384890000037,1.1485021558818627,0.9999999999999999,408.4569730000032,2.0242326016868155,0.9999999999999999
408.76736000000415,1.1429341975829146,0.9999999999999999,408.70240500000324,2.01606950367291,0.9999999999999999
409.0215380000041,1.157246242340048,0.9999999999999999,408.9473840000033,1.9937427931388507,0.9999999999999999
409.26291100000424,1.1954996351556184,0.9999999999999999,409.22656400000307,1.961207226833334,0.9999999999999999
409.51338200000447,1.2619271472506874,0.9999999999999999,409.4464080000031,1.9220648574592116,0.9999999999999999
409.7652940000045,1.356246156530604,0.9999999999999999,409.6955980000032,1.8787694876333696,0.9999999999999999
410.00932500000437,1.4722023167496905,0.9999999999999999,409.9411010000033,1.8353572446557322,0.9999999999999999
410.26238200000427,1.5975358094528547,0.9999999999999999,410.18155100000314,1.7993765318744894,0.9999999999999999
410.49980300000436,1.719367325095666,0.9999999999999999,410.44748800000303,1.7802368512128437,0.9999999999999999
410.7527340000043,1.8285317619886952,0.9999999999999999,410.6789480000029,1.7862006782863646,0.9999999999999999
410.99573900000456,1.9191274454037912,0.9999999999999999,410.93204400000286,1.8228498433664209,0.9999999999999999
411.24835400000455,1.9909021284992292,0.9999999999999999,411.1863610000028,1.8926873546830445,0.9999999999999999
411.49874700000447,2.049583883800959,0.9999999999999999,411.4273940000029,1.9934695176109791,0.9999999999999999
411.74445400000474,2.100010660577265,0.9899588053553038,411.66683100000284,2.118363390945771,0.9698764160659114
411.9854750000045,2.1375816615774683,0.956745623069001,411.9154050000029,2.2552978491390827,0.8394267078613113
412.23991800000454,2.150982078269372,0.9451596292481977,412.172330000003,2.387286621767985,0.6411774802608994
412.4869800000046,2.1347404474790386,0.9582904222451081,412.43341000000316,2.4962936257524078,0.4777720562993477
412.7320230000047,2.0940660058874836,0.9938208032955714,412.65772300000333,2.5740329566925797,0.352814967387573
412.97689100000474,2.042139734413996,0.9999999999999999,412.90771100000353,2.6295996003688176,0.2747167868177137
413.2285900000046,1.9949753421839285,0.9999999999999999,413.15750700000365,2.6823450866080742,0.21704428424304834
413.47737700000465,1.9652191980073512,0.9999999999999999,413.4062750000038,2.744730375377701,0.14598352214212146
413.72040400000463,1.9541455171491626,0.9999999999999999,413.64968100000397,2.8152318734375044,0.08496395468589078
413.9668110000047,1.9504219656799595,0.9999999999999999,413.90978100000405,2.8800467936986873,0.04016477857878472
414.2218070000049,1.9379462310394546,0.9999999999999999,414.14769700000403,2.922491617794841,0.013130792996910388
414.4645970000048,1.9072139408718032,0.9999999999999999,414.3938590000041,2.9346108418132566,0.004634397528321343
414.7074590000048,1.8599872971421556,0.9999999999999999,414.64806800000395,2.917798466064091,0.01776519052523173
414.95955500000497,1.805944730447707,0.9999999999999999,414.8920700000039,2.8744731781171327,0.04479917610710606
415.21193900000486,1.7586326202860176,0.9999999999999999,415.1420770000038,2.8062714401634503,0.09114315139031924
415.45599300000487,1.7277351299922996,0.9999999999999999,415.3830060000038,2.7137392891078673,0.18580501201510474
415.70583400000487,1.7125255643567616,0.9999999999999999,415.64148700000385,2.598164388171991,0.3191726742190182
415.9497840000049,1.699307858576427,0.9999999999999999,415.8789080000039,2.462162479198155,0.5318400274630964
416.2112130000048,1.6701499348406408,0.9999999999999999,416.127299000004,2.3097812217973313,0.7553209749399244
416.45007600000497,1.6167911207876784,0.9999999999999999,416.37273400000424,2.1461951858099124,0.9521112255406796
416.687596000005,1.5452220403732868,0.9999999999999999,416.62319800000415,1.9779782385645155,0.9999999999999999
416.9480280000049,1.4691052050117706,0.9999999999999999,416.8727120000041,1.8155347298797666,0.9999999999999999
417.187093000005,1.4016516144829763,0.9999999999999999,417.11457200000444,1.6738715384184,0.9999999999999999
417.43191900000517,1.3535958115083908,0.9999999999999999,417.3655240000046,1.5712719963894959,0.9999999999999999
417.6845350000051,1.3341048057058313,0.9999999999999999,417.61114800000456,1.5240859412884962,0.9999999999999999
417.92982200000506,1.350537109490038,0.9999999999999999,417.8651860000045,1.5384879475462836,0.9999999999999999
418.17886600000514,1.4020786798745097,0.9999999999999999,418.1060840000046,1.59979913356811,0.9999999999999999
418.4233330000054,1.4791482427878448,0.9999999999999999,418.3529870000047,1.6707974543517454,0.9999999999999999
418.67467100000545,1.5660665098780944,0.9999999999999999,418.6096270000045,1.707831589651837,0.9999999999999999
418.92679500000554,1.6471652494493982,0.9999999999999999,418.8515590000045,1.6873121067359655,0.9999999999999999
419.1827110000059,1.7092701101454377,0.9999999999999999,419.0933760000045,1.6147722413213499,0.9999999999999999
419.42865100000586,1.7432328073824135,0.9999999999999999,419.3402360000045,1.5131523448306443,0.9999999999999999
419.663121000006,1.747741483374713,0.9999999999999999,419.5893310000046,1.4091636142738106,0.9999999999999999
419.9116630000062,1.7328502167669835,0.9999999999999999,419.8392900000048,1.325891007523837,0.9999999999999999
420.161172000006,1.7124862050314174,0.9999999999999999,420.10618500000453,1.2786305044050057,0.9999999999999999
420.41007800000574,1.6935855480246684,0.9999999999999999,420.3328680000047,1.270865767959249,0.9999999999999999
420.6500230000057,1.675308546098842,0.9999999999999999,420.5791550000048,1.2903301851249238,0.9999999999999999
420.9025880000056,1.653811017389586,0.9999999999999999,420.83269600000494,1.3111684448237475,0.9999999999999999
421.15706600000556,1.625274788188848,0.9999999999999999,421.07410200000464,1.30984105096512,0.9999999999999999
421.3941530000057,1.5899851417235011,0.9999999999999999,421.3284380000046,1.2793080561980708,0.9999999999999999
421.64666500000567,1.5503334361166605,0.9999999999999999,421.5714480000045,1.2283835263276768,0.9999999999999999
421.8900590000057,1.5095468788248207,0.9999999999999999,421.81900600000466,1.1726488370336146,0.9999999999999999
422.14468500000567,1.4719404565402554,0.9999999999999999,422.0720960000046,1.126015163116683,0.9999999999999999
422.3865420000057,1.4411407412101556,0.9999999999999999,422.3101940000047,1.096017626693134,0.9999999999999999
422.6425320000059,1.41915651048004,0.9999999999999999,422.5565800000047,1.0836820936930813,0.9999999999999999
422.88507900000604,1.4074408504489968,0.9999999999999999,422.81517900000483,1.0851435989474782,0.9999999999999999
423.1355180000057,1.4089756671719522,0.9999999999999999,423.05903500000494,1.0968613435350747,0.9999999999999999
423.3825570000058,1.4290759965359685,0.9999999999999999,423.317026000005,1.1258016124811852,0.9999999999999999
423.6223920000057,1.4725410896462336,0.9999999999999999,423.5572420000049,1.1955402002068967,0.9999999999999999
423.8848040000056,1.5388547449502077,0.9999999999999999,423.8196290000049,1.3347224504529815,0.9999999999999999
424.12285700000564,1.6139609230144252,0.9999999999999999,424.0486530000051,1.5556481032142226,0.9999999999999999
424.3647640000055,1.6729380141726875,0.9999999999999999,424.3026260000051,1.8412833310758456,0.9999999999999999
424.61554100000546,1.6934288217586562,0.9999999999999999,424.547134000005,2.1463729081524203,0.9521112255406796
424.8601420000053,1.6683559895216022,0.9999999999999999,424.7870800000051,2.410589615224371,0.6087366975626503
425.1175280000052,1.6056432488796222,0.9999999999999999,425.05216700000506,2.579285269022728,0.3468074150360453
425.36157500000536,1.5216356691498698,0.9999999999999999,425.2921070000051,2.623454454380249,0.27832131822863027
425.6124150000054,1.438231161754626,0.9999999999999999,425.5296060000052,2.551103279199429,0.3876587710264332
425.85963200000566,1.375748160086737,0.9999999999999999,425.77802300000525,2.405246668811582,0.6123412289735668
426.1019110000059,1.3464763372652968,0.9999999999999999,426.02606400000514,2.2443050646461296,0.8532440782698248
426.3512460000058,1.348428175505673,0.9999999999999999,426.27411500000517,2.115805839330945,0.9729660144181256
426.5942640000059,1.3662706524509654,0.9999999999999999,426.5289550000054,2.0404689973831927,0.9999999999999999
426.843922000006,1.3798918292337892,0.9999999999999999,426.7660810000053,2.0135451025122917,0.9999999999999999
427.09424800000613,1.374805231641065,0.9999999999999999,427.01683800000546,2.0144631448525807,0.9999999999999999
427.3476600000059,1.347663873341881,0.9999999999999999,427.26246400000565,2.019917687573296,0.9999999999999999
427.58954400000596,1.3066112284680482,0.9999999999999999,427.5168170000057,2.0113984116114825,0.9999999999999999
427.8362180000059,1.2658542163449717,0.9999999999999999,427.7753490000055,1.9778252118363358,0.9999999999999999
428.08778100000586,1.2370978780603474,0.9999999999999999,428.0098370000054,1.9201727347758928,0.9999999999999999
428.3547340000057,1.22505374037177,0.9999999999999999,428.2531960000054,1.8541765606714182,0.9999999999999999
428.5844950000058,1.2283071661544394,0.9999999999999999,428.5007730000054,1.803935306288564,0.9999999999999999
428.8250380000059,1.2435637273032305,0.9999999999999999,428.7457470000056,1.7872524833313856,0.9999999999999999
429.0815960000058,1.2693519928974428,0.9999999999999999,428.9923540000056,1.806223234658163,0.9999999999999999
429.32402400000575,1.3083789945877826,0.9999999999999999,429.2506770000057,1.8497325335174295,0.9999999999999999
429.57509300000584,1.3644162543286145,0.9999999999999999,429.4893220000056,1.90124185951476,0.9999999999999999
429.82091600000575,1.4390379065051562,0.9999999999999999,429.7368300000056,1.9457003326859734,0.9999999999999999
430.0708720000056,1.5261451445585446,0.9999999999999999,429.9868330000057,1.972988635869168,0.9999999999999999
430.31039800000565,1.6111318467143043,0.9999999999999999,430.2321520000059,1.9782216088281495,0.9999999999999999
430.57035200000547,1.6757060177951273,0.9999999999999999,430.48227600000575,1.963132561024945,0.9999999999999999
430.81086000000556,1.7013910461374881,0.9999999999999999,430.7269110000059,1.9391352059157585,0.9999999999999999
431.0607600000055,1.6757687619493042,0.9999999999999999,430.9742980000062,1.924958910202132,0.9999999999999999
431.30365900000544,1.601854629836906,0.9999999999999999,431.2188240000062,1.9379688387615974,0.9999999999999999
431.5632840000053,1.4954993730840258,0.9999999999999999,431.4650070000063,1.9839247081244435,0.9999999999999999
431.7972920000053,1.3748185227194545,0.9999999999999999,431.72139200000623,2.0521393765424105,0.9999999999999999
432.0432680000055,1.2554403767867621,0.9999999999999999,431.9667680000063,2.1205785401028523,0.9691040164778578
432.29686900000536,1.1499600175252505,0.9999999999999999,432.2392030000064,2.1648690255393213,0.9351184346035014
432.5482220000054,1.0689727820070465,0.9999999999999999,432.46614500000635,2.1649471254010844,0.9351184346035014
432.7908040000052,1.0205853767739566,0.9999999999999999,432.71483300000654,2.111508351910567,0.9776004119464469
433.04675200000537,1.0083538991045116,0.9999999999999999,432.96480500000666,2.0124931752801767,0.9999999999999999
433.29911400000515,1.028744175646627,0.9999999999999999,433.2141230000066,1.8913711949066805,0.9999999999999999
433.5350320000051,1.0700862712640222,0.9999999999999999,433.4526630000066,1.7773932152313598,0.9999999999999999
433.7821320000052,1.1135635372949477,0.9999999999999999,433.7029650000066,1.6924176312215227,0.9999999999999999
434.02968000000527,1.1414266192833624,0.9999999999999999,433.95073200000667,1.6412852091570562,0.9999999999999999
434.27351100000544,1.147046752495565,0.9999999999999999,434.18709100000655,1.6144356218619356,0.9999999999999999
434.52815900000553,1.135929221458879,0.9999999999999999,434.44409100000667,1.5989172830519136,0.9999999999999999
434.7756980000057,1.121206827485059,0.9999999999999999,434.6880560000066,1.5876006246565324,0.9999999999999999
435.01775700000576,1.1172305587403881,0.9999999999999999,434.9361450000067,1.5819843446662085,0.9999999999999999
435.27566400000586,1.1346078576077396,0.9999999999999999,435.1822220000068,1.5871289416965193,0.9999999999999999
435.5170550000058,1.1753278994923047,0.9999999999999999,435.4477780000068,1.6062651043081349,0.9999999999999999
435.75895600000575,1.2308600971244996,0.9999999999999999,435.6872780000069,1.6345776912836585,0.9999999999999999
436.0278950000057,1.2871189473799385,0.9999999999999999,435.9227160000071,1.655355582718791,0.9999999999999999
436.2578660000058,1.3318532822419806,0.9999999999999999,436.1701340000071,1.6489131548500484,0.9999999999999999
436.50302700000583,1.357872633369826,0.9999999999999999,436.4191540000072,1.6061363917738576,0.9999999999999999
436.750400000006,1.359135158828395,0.9999999999999999,436.66607700000714,1.5374068654040356,0.9999999999999999
436.9912780000061,1.3321778275680185,0.9999999999999999,436.91845200000716,1.465059548189528,0.9999999999999999
437.2452030000062,1.280947077748572,0.9999999999999999,437.1655580000072,1.4117923661436622,0.9999999999999999
437.49291300000624,1.2150792113112276,0.9999999999999999,437.41405000000725,1.3927402222865515,0.9999999999999999
437.7393690000064,1.1452892546773137,0.9999999999999999,437.6583410000074,1.4122561571165861,0.9999999999999999
437.99435800000634,1.0798502926741196,0.9999999999999999,437.90886300000744,1.4626309918773674,0.9999999999999999
438.2343090000063,1.0241704736369535,0.9999999999999999,438.1514060000071,1.5246623160063044,0.9999999999999999
438.4907350000062,0.9819735991577561,0.9999999999999999,438.40283100000715,1.5738184659269028,0.9999999999999999
438.73173000000634,0.9577027999165411,0.9999999999999999,438.65281100000686,1.592312573673882,0.9999999999999999
438.9777140000063,0.959553080499899,0.9999999999999999,438.899468000007,1.5784530224597244,0.9999999999999999
439.24123000000634,1.0033334303057937,0.9999999999999999,439.14325900000694,1.5426858098491116,0.9999999999999999
439.4717010000064,1.1134572456390714,0.9999999999999999,439.3937010000067,1.5010593588101044,0.9999999999999999
439.7192610000063,1.3117154124288914,0.9999999999999999,439.6397590000067,1.467864788130652,0.9999999999999999
439.96471600000655,1.5958795229340703,0.9999999999999999,439.8846290000068,1.4511447106819206,0.9999999999999999
440.2142740000064,1.9298953436876916,0.9999999999999999,440.136535000007,1.451939214774578,0.9999999999999999
440.46640200000627,2.2599280255573375,0.8298146240988673,440.3781460000072,1.4652105640961992,0.9999999999999999
440.70635400000646,2.5413123914663007,0.39366632337796087,440.63315200000704,1.4836026045135722,0.9999999999999999
440.96041200000633,2.7524810064695178,0.13825952626158597,440.8767020000071,1.498921097975391,0.9999999999999999
441.2094200000062,2.895398343561158,0.029351184346035005,441.12744100000714,1.5031089582213173,0.9999999999999999
441.45945800000635,2.9845025374660126,0.0,441.37352200000714,1.4909117188537135,0.9999999999999999
441.6997880000063,3.0349164521868124,0.0,441.6190540000071,1.4620427743901052,0.9999999999999999
441.94763400000636,3.0571611868025945,0.0,441.8740240000074,1.4220763617513135,0.9999999999999999
442.19615100000647,3.05629277232868,0.0,442.1104220000075,1.3782776235619112,0.9999999999999999
442.44972100000643,3.031039982461123,0.0,442.35588100000757,1.335964997736542,0.9999999999999999
442.6961620000061,2.978181863653244,0.0,442.6138290000075,1.2987607348843984,0.9999999999999999
442.9395710000062,2.895814599338805,0.028578784757981448,442.85221300000757,1.2680099520041888,0.9999999999999999
443.18916900000625,2.7801538482662105,0.11431513903192587,443.1231090000075,1.2433639120122226,0.9999999999999999
443.4410900000061,2.631117326436339,0.27351527634740813,443.34921100000776,1.222656442149387,0.9999999999999999
443.70368700000614,2.4645065711042276,0.5246309646412632,443.6072910000079,1.2033657410041174,0.9999999999999999
443.93205500000647,2.311605380781153,0.7541194644696191,443.84708300000796,1.1832100945973114,0.9999999999999999
444.1746570000064,2.2064594806077533,0.8903192584963954,444.08929700000795,1.1617654007698779,0.9999999999999999
444.4260360000063,2.168997581643605,0.9320288362512872,444.34378400000776,1.14217376203938,0.9999999999999999
444.6729620000064,2.195305400852745,0.8988156539649845,444.5968310000078,1.1310938195506453,0.9999999999999999
444.92680100000644,2.2608622466680144,0.8298146240988673,444.8471780000078,1.137740027934062,0.9999999999999999
445.1774540000064,2.330094810290486,0.7180741503604533,445.082117000008,1.1725777730700586,0.9999999999999999
445.4177300000064,2.3760524588273797,0.662804668726399,445.3363500000081,1.244002892701534,0.9999999999999999
445.6703320000065,2.395457447746101,0.6315653964984552,445.5782760000083,1.3533426400463777,0.9999999999999999
445.91172500000647,2.4110271966832917,0.6087366975626503,445.8251660000083,1.4941362108697218,0.9999999999999999
446.16934200000657,2.4624317488893017,0.5318400274630964,446.0765960000081,1.6542566510326264,0.9999999999999999
446.4062860000068,2.5825506137426126,0.3456059045657398,446.3201360000084,1.8168308119671441,0.9999999999999999
446.65729100000686,2.7711227805319316,0.12281153450051492,446.56964200000834,1.966639275791474,0.9999999999999999
446.91674000000694,2.9855987369539974,0.0,446.81548700000843,2.0937766181274853,0.9938208032955714
447.1517230000071,3.156989496450663,0.0,447.0604720000084,2.1923294151369657,0.9011328527291451
447.3962770000072,3.2216065579606226,0.0,447.3109960000085,2.2593210446074994,0.8310161345691727
447.64952800000725,3.1521222040820316,0.0,447.5573260000085,2.290806553638171,0.7913662890490905
447.89794400000744,2.967045718211651,0.0,447.8022910000085,2.2812924768233236,0.8057844146927566
448.14794300000773,2.716651939935117,0.18220048060418814,448.0595550000086,2.22830742260191,0.8740988671472708
448.3873870000076,2.4568753570094946,0.5450566426364571,448.2996700000083,2.1348434152016766,0.9582904222451081
448.6514540000077,2.2299184104597716,0.8725540679711636,448.5456560000086,2.0086477987761735,0.9999999999999999
448.88905600000754,2.0547238237576537,0.9999999999999999,448.7970480000086,1.8600454120639913,0.9999999999999999
449.14045500000776,1.9293036667429009,0.9999999999999999,449.0422460000086,1.7004336736582764,0.9999999999999999
449.3873680000078,1.8400898063133866,0.9999999999999999,449.2922330000084,1.5423303456883977,0.9999999999999999
449.63904400000774,1.7699696805772414,0.9999999999999999,449.5421230000084,1.4007944336763682,0.9999999999999999
449.87799500000784,1.7045210267787594,0.9999999999999999,449.7920720000085,1.2959659221358772,0.9999999999999999
450.1278040000081,1.6367158750838227,0.9999999999999999,450.03540100000845,1.250510086488554,0.9999999999999999
450.37309000000823,1.5688023999212592,0.9999999999999999,450.29253500000834,1.2828675215100365,0.9999999999999999
450.61732300000824,1.5089543341860203,0.9999999999999999,450.53687000000855,1.3969299818943308,0.9999999999999999
450.8673300000081,1.4659544412252825,0.9999999999999999,450.78631400000853,1.5739017150592065,0.9999999999999999
451.1178210000082,1.4431454807234423,0.9999999999999999,451.02366800000846,1.7757375047255874,0.9999999999999999
451.3803970000081,1.4341383007689945,0.9999999999999999,451.27170700000823,1.9569497540293503,0.9999999999999999
451.612735000008,1.4289180080079276,0.9999999999999999,451.5171850000086,2.0827049861040394,0.9999999999999999
451.8507620000078,1.4244315566651375,0.9999999999999999,451.76962400000866,2.1375086400228707,0.956745623069001
452.10438200000766,1.4274285967180096,0.9999999999999999,452.0166460000087,2.123492229779431,0.9667868177136971
452.3521660000078,1.448991478295205,0.9999999999999999,452.26424200000884,2.057900588363669,0.9999999999999999
452.60009300000803,1.4985905722172208,0.9999999999999999,452.5170740000088,1.9689051490847471,0.9999999999999999
452.8425950000081,1.5763557195349023,0.9999999999999999,452.7674760000089,1.8838773954554744,0.9999999999999999
453.096590000008,1.665383548866223,0.9999999999999999,453.0063980000091,1.8192315307649334,0.9999999999999999
453.3434850000079,1.7315416247315238,0.9999999999999999,453.25499500000933,1.7783570255565593,0.9999999999999999
453.58748700000774,1.7426806985886927,0.9999999999999999,453.50501600000945,1.7551873849186037,0.9999999999999999
453.838488000008,1.6924436157243161,0.9999999999999999,453.7543450000095,1.7443885282721285,0.9999999999999999
454.09398300000794,1.6003161604996141,0.9999999999999999,454.0069140000096,1.7476618802671147,0.9999999999999999
454.32843300000786,1.4927156117849045,0.9999999999999999,454.2408840000095,1.7709533182631751,0.9999999999999999
454.5944200000078,1.3891169328659683,0.9999999999999999,454.48685600000954,1.8202445192482457,0.9999999999999999
454.82977000000784,1.2979360911561342,0.9999999999999999,454.74038700000955,1.8988211859229172,0.9999999999999999
455.07552000000794,1.2199144877574388,0.9999999999999999,454.9854020000095,2.006916295848728,0.9999999999999999
455.320510000008,1.1539464445841008,0.9999999999999999,455.26351600000953,2.1382461735966425,0.956745623069001
455.576163000008,1.1019623400180936,0.9999999999999999,455.48480500000966,2.273074962566711,0.8165980089255063
455.8235920000081,1.0675245705098038,0.9999999999999999,455.7283350000096,2.3798582963065797,0.6592001373154824
456.0811320000082,1.0538160533932697,0.9999999999999999,455.97907300000946,2.425563831851229,0.594318571918984
456.32035100000815,1.0638870068028061,0.9999999999999999,456.2276350000095,2.3887276710911443,0.6387744593202883
456.56312400000826,1.0998714301641792,0.9999999999999999,456.47409900000946,2.2695143350911797,0.820202540336423
456.8135670000082,1.1585007754268124,0.9999999999999999,456.72773600000943,2.08847811009422,0.9999999999999999
457.06022800000807,1.226516924395563,0.9999999999999999,456.96835000000937,1.8775082464377877,0.9999999999999999
457.309073000008,1.2817843803849718,0.9999999999999999,457.2183740000093,1.6695453737572554,0.9999999999999999
457.5545490000081,1.306298286170994,0.9999999999999999,457.4618170000091,1.4926723512459465,0.9999999999999999
457.80878600000796,1.2966922791725497,0.9999999999999999,457.7123080000093,1.3643424027479756,0.9999999999999999
458.053808000008,1.2617918197849676,0.9999999999999999,457.9598690000092,1.2904240983566773,0.9999999999999999
458.2957290000079,1.2152471980089263,0.9999999999999999,458.2098750000091,1.2648764267094426,0.9999999999999999
458.545923000008,1.1695303246014497,0.9999999999999999,458.46387200000913,1.2709484905221369,0.9999999999999999
458.791697000008,1.1341741660977525,0.9999999999999999,458.6978680000094,1.2886938484710837,0.9999999999999999
459.05764300000817,1.116811678042847,0.9999999999999999,458.96727300000936,1.3068619792768819,0.9999999999999999
459.28738000000845,1.1223746247782989,0.9999999999999999,459.1928710000093,1.3298776188953347,0.9999999999999999
459.53391200000823,1.1495532645058923,0.9999999999999999,459.4483080000095,1.370790264134274,0.9999999999999999
459.7784630000082,1.1883594201444445,0.9999999999999999,459.69637600000954,1.4375487935253255,0.9999999999999999
460.02841100000825,1.2244962418812542,0.9999999999999999,459.9420510000094,1.523431025759073,0.9999999999999999
460.2743150000082,1.2434873760972893,0.9999999999999999,460.1812240000094,1.6050388142838068,0.9999999999999999
460.52925700000833,1.2357341435433342,0.9999999999999999,460.4319850000096,1.6542742635222265,0.9999999999999999
460.7763260000083,1.1986260586270876,0.9999999999999999,460.6826360000098,1.6532907793409655,0.9999999999999999
461.0281460000083,1.1373456180274757,0.9999999999999999,460.9325950000097,1.6036950457204038,0.9999999999999999
461.2645970000083,1.062344101194665,0.9999999999999999,461.17407700000985,1.5257583101663295,0.9999999999999999
461.51558800000845,0.9853669754131054,0.9999999999999999,461.4254890000101,1.4475112294743073,0.9999999999999999
461.76106400000856,0.9162476343341825,0.9999999999999999,461.67997200001025,1.3962699040774438,0.9999999999999999
462.0091360000087,0.862289428776124,0.9999999999999999,461.9230150000102,1.3916298528930646,0.9999999999999999
462.26590700000855,0.8299063040995767,0.9999999999999999,462.16787500001016,1.4389751029413498,0.9999999999999999
462.50479800000875,0.8264430107180165,0.9999999999999999,462.4185140000099,1.5262809154895671,0.9999999999999999
462.7527240000086,0.8599596003317268,0.9999999999999999,462.66589000001,1.6305623108374347,0.9999999999999999
463.0069370000086,0.9362610924789796,0.9999999999999999,462.91072700000996,1.727843896246249,0.9999999999999999
463.24574200000876,1.0542005952274498,0.9999999999999999,463.1637010000099,1.8013364794242768,0.9999999999999999
463.49798500000907,1.2017547308301928,0.9999999999999999,463.41735800001015,1.8435078991624385,0.9999999999999999
463.7396050000092,1.3543987409354892,0.9999999999999999,463.6566740000101,1.8537645506717677,0.9999999999999999
463.9862340000093,1.4806804082742409,0.9999999999999999,463.89960600001024,1.8369085327836934,0.9999999999999999
464.2376230000092,1.5528436603916305,0.9999999999999999,464.14523900001006,1.799945166361756,0.9999999999999999
464.4816980000092,1.563224632221658,0.9999999999999999,464.39337100001,1.7463729465405602,0.9999999999999999
464.7392520000093,1.529584744708936,0.9999999999999999,464.64190700000995,1.6752644042084879,0.9999999999999999
464.97979200000935,1.4828484726656133,0.9999999999999999,464.89499400000994,1.585679749800647,0.9999999999999999
465.22385100000923,1.4484143497420758,0.9999999999999999,465.13935000001004,1.4817206773147045,0.9999999999999999
465.47214900000927,1.4358330073983399,0.9999999999999999,465.39547700001015,1.3733413208580794,0.9999999999999999
465.72124300000917,1.4400438643523819,0.9999999999999999,465.63428700001003,1.2756323759157384,0.9999999999999999
465.9752300000093,1.4500573431923764,0.9999999999999999,465.87868100001015,1.2044969049927199,0.9999999999999999
466.2162410000094,1.4554166531265023,0.9999999999999999,466.1405500000102,1.1711608384860226,0.9999999999999999
466.49455800000936,1.4477647574769712,0.9999999999999999,466.37955700001027,1.177166196834062,0.9999999999999999
466.7334300000094,1.4220172213675297,0.9999999999999999,466.62951500001026,1.2138497251385456,0.9999999999999999
466.9626580000095,1.3810504542445143,0.9999999999999999,466.8700050000102,1.2658712966312766,0.9999999999999999
467.20956900000976,1.334030373496526,0.9999999999999999,467.1199420000103,1.3175046925072502,0.9999999999999999
467.4629390000096,1.2882742590790413,0.9999999999999999,467.36978400001027,1.3600836750969658,0.9999999999999999
467.7050290000097,1.2464391929882974,0.9999999999999999,467.61337500001025,1.3951377368806808,0.9999999999999999
467.9477410000096,1.2090825672666454,0.9999999999999999,467.86524100001014,1.4300588072123026,0.9999999999999999
468.2101210000097,1.175333031750994,0.9999999999999999,468.10682000001026,1.4700994616714813,0.9999999999999999
468.4491580000099,1.1428160273564723,0.9999999999999999,468.3606120000103,1.510212798716598,0.9999999999999999
468.70026500001,1.1087326753110835,0.9999999999999999,468.60425000001044,1.5365476374296692,0.9999999999999999
468.94915400001025,1.0724411261407942,0.9999999999999999,468.8531270000103,1.540150283448282,0.9999999999999999
469.19528600001,1.0384745492966143,0.9999999999999999,469.10413500001033,1.5260648095129863,0.9999999999999999
469.4384230000098,1.017961842209683,0.9999999999999999,469.3550420000104,1.5082293704340668,0.9999999999999999
469.6865070000096,1.025950140347254,0.9999999999999999,469.5916860000103,1.5010466115864176,0.9999999999999999
469.9429240000094,1.0753144193227324,0.9999999999999999,469.84460900001034,1.5139770623767548,0.9999999999999999
470.18643800000945,1.1700507923141463,0.9999999999999999,470.0890080000103,1.5505315901505963,0.9999999999999999
470.4378710000093,1.3037440562137192,0.9999999999999999,470.34648300001044,1.6184795803134815,0.9999999999999999
470.6757330000093,1.4657161428049164,0.9999999999999999,470.6070460000105,1.7380719915436562,0.9999999999999999
470.92691700000944,1.6415202671685354,0.9999999999999999,470.83906500001063,1.935280883663018,0.9999999999999999
471.17268700000943,1.8159917153462062,0.9999999999999999,471.08338700001053,2.218845446696139,0.8810504634397528
471.41949300000937,1.977098893008566,0.9999999999999999,471.33895200001047,2.564644529868007,0.3648300720906282
471.66900000000936,2.113844126376944,0.9752832131822863,471.56863300001055,2.927556530815906,0.008496395468589045
471.9134550000096,2.2104054334344956,0.8880020597322347,471.82860300001045,3.259091191116479,0.0
472.1618550000097,2.252260909801028,0.8418297288019224,472.0772530000105,3.51879395748956,0.0
472.41120200000967,2.2399155263977546,0.8578784757981461,472.3160390000107,3.6816221627441994,0.0
472.6557650000096,2.192895871073186,0.9011328527291451,472.56911100001093,3.7421665223741583,0.0
472.9076460000095,2.1385386854611164,0.9559732234809474,472.810986000011,3.714004741037812,0.0
473.1607530000094,2.098791388784316,0.9899588053553038,473.0651250000108,3.6219845675787674,0.0
473.40073900000954,2.0826587698089107,0.9999999999999999,473.31872000001096,3.4891464509885486,0.0
473.6453470000095,2.085277800215466,0.9999999999999999,473.5560840000111,3.3276950106731937,0.0
473.89773700000944,2.093077384106329,0.9938208032955714,473.8115040000114,3.1454585653419787,0.0
474.14410500000986,2.0946872412715667,0.9938208032955714,474.0450550000115,2.9549167275755166,0.0
474.4067260000097,2.084996866102725,0.9999999999999999,474.30555900001167,2.771119712857664,0.12281153450051492
474.6437980000098,2.0643506453619485,0.9999999999999999,474.5454360000114,2.60356953582224,0.31076210092687945
474.8957210000098,2.0339622566528517,0.9999999999999999,474.79341200001153,2.4559395748426396,0.5462581531067628
475.1341660000098,1.9942678220876588,0.9999999999999999,475.04027600001154,2.3291239102482217,0.7204771713010643
475.38062500000984,1.9462689136945959,0.9999999999999999,475.30076500001144,2.225796787574799,0.8740988671472708
475.63252400000977,1.8906107543745365,0.9999999999999999,475.5361930000115,2.1508089144622318,0.9451596292481977
475.8703900000098,1.827939385064959,0.9999999999999999,475.79362300001156,2.1065575989484153,0.9845520082389289
476.1198060000099,1.7611765319762014,0.9999999999999999,476.0297390000118,2.0892593377244464,0.9999999999999999
476.3681020000101,1.6962532731119777,0.9999999999999999,476.2773000000118,2.089382793821316,0.9999999999999999
476.61592700000995,1.6376447589819279,0.9999999999999999,476.52486800001157,2.094151208552237,0.9938208032955714
476.8904490000099,1.5868514404150238,0.9999999999999999,476.7758600000118,2.090469195439958,0.9999999999999999
477.1204420000101,1.5448351606082755,0.9999999999999999,477.0279000000119,2.0680572756869258,0.9999999999999999
477.3720770000101,1.513756812147777,0.9999999999999999,477.2672300000121,2.0228976373186693,0.9999999999999999
477.6155850000103,1.4956157368907017,0.9999999999999999,477.51504600001203,1.9572238196718132,0.9999999999999999
477.85861000001046,1.4902784487001668,0.9999999999999999,477.7686300000122,1.8764117979322659,0.9999999999999999
478.11460000001034,1.49359349647594,0.9999999999999999,478.012482000012,1.7867635978767797,0.9999999999999999
478.3445490000105,1.4957111886482115,0.9999999999999999,478.25452100001223,1.6944611330254125,0.9999999999999999
478.5919590000103,1.4880287362330642,0.9999999999999999,478.52473200001214,1.6057859823366663,0.9999999999999999
478.8418820000102,1.4729273352416152,0.9999999999999999,478.752401000012,1.5257491396209806,0.9999999999999999
479.08798900001017,1.4644093038932398,0.9999999999999999,478.99753700001196,1.4561276796761353,0.9999999999999999
479.34880700000997,1.480028680812118,0.9999999999999999,479.25310500001206,1.3943693942076774,0.9999999999999999
479.5953400000102,1.5320743727266346,0.9999999999999999,479.497051000012,1.334657393110069,0.9999999999999999
479.83626900001025,1.6204932158288998,0.9999999999999999,479.7478880000119,1.2696004826699927,0.9999999999999999
480.0876860000102,1.7343522224411596,0.9999999999999999,479.9948140000121,1.1940731665062163,0.9999999999999999
480.32121300000995,1.85640186571439,0.9999999999999999,480.24142700001215,1.1079045831997265,0.9999999999999999
480.5828520000098,1.969808993827559,0.9999999999999999,480.4836030000122,1.0165699042552707,0.9999999999999999
480.81978900000973,2.0610749754149604,0.9999999999999999,480.727620000012,0.9286874108538805,0.9999999999999999
481.0638190000096,2.118832566403433,0.9698764160659114,480.989215000012,0.8536168944966047,0.9999999999999999
481.3159830000093,2.1329133063057637,0.9598352214212152,481.23229500001213,0.7988274552186363,0.9999999999999999
481.5659730000093,2.097271099396705,0.9899588053553038,481.48850000001215,0.7690234751263435,0.9999999999999999
481.8072930000094,2.016311456763204,0.9999999999999999,481.7220560000122,0.7656987340081143,0.9999999999999999
482.07429900000955,1.9075419139794516,0.9999999999999999,481.97438200001216,0.7851865857295804,0.9999999999999999
482.3249600000094,1.7940679078482786,0.9999999999999999,482.2229030000123,0.8183164459925187,0.9999999999999999
482.5507360000095,1.6954698287503942,0.9999999999999999,482.47360500001224,0.8537408135454372,0.9999999999999999
482.79715700000963,1.6206152956203348,0.9999999999999999,482.7133860000123,0.8865895480414863,0.9999999999999999
483.04422400000976,1.563836009369466,0.9999999999999999,482.97099300001236,0.9208974690333241,0.9999999999999999
483.2925980000096,1.509304631203134,0.9999999999999999,483.2183650000125,0.9640859909259267,0.9999999999999999
483.5426220000095,1.4412330136973401,0.9999999999999999,483.4734350000125,1.0203425001335702,0.9999999999999999
483.7903920000094,1.355820884687425,0.9999999999999999,483.7127510000124,1.0871473548495696,0.9999999999999999
484.03588400000956,1.2610478478330807,0.9999999999999999,483.94671200001227,1.1558824235348275,0.9999999999999999
484.29088400000944,1.1709263347069003,0.9999999999999999,484.2016870000124,1.2169489160491438,0.9999999999999999
484.53582700000953,1.0995518071216437,0.9999999999999999,484.4538560000125,1.2642436502984353,0.9999999999999999
484.77891300000965,1.0563849687567506,0.9999999999999999,484.6938220000123,1.2968910866859162,0.9999999999999999
485.0284670000096,1.0446036811646742,0.9999999999999999,484.94452500001205,1.3163906399649288,0.9999999999999999
485.29389800000934,1.0621293232885902,0.9999999999999999,485.1894910000122,1.3242189124358374,0.9999999999999999
485.5219710000092,1.1020709725173128,0.9999999999999999,485.4348190000121,1.3212011475890886,0.9999999999999999
485.77076800000935,1.1521712026722684,0.9999999999999999,485.6898240000121,1.3093736375435308,0.9999999999999999
486.0187890000096,1.196967070147265,0.9999999999999999,485.95383500001225,1.2920619680846495,0.9999999999999999
486.26265000000956,1.2234849706339794,0.9999999999999999,486.1821070000124,1.2772659405812599,0.9999999999999999
486.5134950000095,1.2252330312647914,0.9999999999999999,486.43258500001224,1.2770212950693465,0.9999999999999999
486.7630780000097,1.2038873849452432,0.9999999999999999,486.6744880000124,1.3044583882660203,0.9999999999999999
487.0130570000098,1.1670630922613816,0.9999999999999999,486.92757800001255,1.3651219889780049,0.9999999999999999
487.2645820000099,1.1233426290898791,0.9999999999999999,487.1720350000126,1.4473291478066872,0.9999999999999999
487.5024990000098,1.0785381392324185,0.9999999999999999,487.42511100001275,1.524049704260124,0.9999999999999999
487.76791900000967,1.0345845920767807,0.9999999999999999,487.6717270000128,1.5698594101541326,0.9999999999999999
488.00483900000984,0.994006130939782,0.9999999999999999,487.919653000013,1.5767196752939463,0.9999999999999999
488.25071200000986,0.961899325911284,0.9999999999999999,488.1702490000129,1.553312935927648,0.9999999999999999
488.5003050000097,0.9428282119315641,0.9999999999999999,488.4152960000129,1.5150677972205044,0.9999999999999999
488.7437770000099,0.9374851982790569,0.9999999999999999,488.65459400001305,1.4766750546430298,0.9999999999999999
488.9918630000098,0.9425066554014871,0.9999999999999999,488.908656000013,1.4487047065987753,0.9999999999999999
489.2349840000097,0.9523279202164476,0.9999999999999999,489.16167000001286,1.4401549302959291,0.9999999999999999
489.48495700000973,0.9603996021363905,0.9999999999999999,489.400078000013,1.463392930203793,0.9999999999999999
489.7527170000096,0.9600649637051742,0.9999999999999999,489.65009600001304,1.5341294154956675,0.9999999999999999
489.9911500000095,0.9467455244806117,0.9999999999999999,489.89570800001314,1.6633501082160862,0.9999999999999999
490.22412000000946,0.9222525791306893,0.9999999999999999,490.13921700001305,1.8482696508464196,0.9999999999999999
490.48711200000946,0.8979566788659881,0.9999999999999999,490.3910850000131,2.066388586683563,0.9999999999999999
490.7234690000095,0.8904333529478308,0.9999999999999999,490.63874300001316,2.278379621065404,0.8105904565739788
490.9717530000097,0.9109810192873847,0.9999999999999999,490.88614900001284,2.4421377216318945,0.5618777892207346
491.22339300000976,0.9563496795733193,0.9999999999999999,491.13252600001294,2.5262766361156848,0.4152935118434603
491.46625400000954,1.0136683927640142,0.9999999999999999,491.3831540000129,2.518107539257043,0.42730861654651564
491.71266300000957,1.0711937011303359,0.9999999999999999,491.6356030000129,2.428426272467597,0.5871095090971508
491.9602310000097,1.1205893430078828,0.9999999999999999,491.8805190000129,2.2892011903902683,0.7937693099897013
492.2156790000097,1.1559411434152276,0.9999999999999999,492.1268890000131,2.1397388460256614,0.9559732234809474
492.46570900000995,1.1728311551695776,0.9999999999999999,492.3734870000131,2.01281684985125,0.9999999999999999
492.70114600000977,1.1701098643515242,0.9999999999999999,492.6455600000131,1.9251425988789919,0.9999999999999999
492.96113000001,1.1510020345327352,0.9999999999999999,492.8879540000131,1.875223039420377,0.9999999999999999
493.20424300001014,1.1228606447214688,0.9999999999999999,493.1201000000133,1.8477728997075804,0.9999999999999999
493.4576030000102,1.095079372579933,0.9999999999999999,493.3607710000134,1.823661362788815,0.9999999999999999
493.6975600000102,1.076916993055139,0.9999999999999999,493.6287790000134,1.7874780605245453,0.9999999999999999
493.9470110000103,1.0753225211163502,0.9999999999999999,493.8698510000137,1.7325539766364215,0.9999999999999999
494.19829500001015,1.0926418315751465,0.9999999999999999,494.1098690000138,1.663752098536233,0.9999999999999999
494.44082900000996,1.125577973476966,0.9999999999999999,494.35626300001394,1.5950784801359694,0.9999999999999999
494.69232700001015,1.1660246948812105,0.9999999999999999,494.6036530000141,1.5460737874965087,0.9999999999999999
494.93979500001035,1.2029252419373517,0.9999999999999999,494.8480400000139,1.5346070738619655,0.9999999999999999
495.1827630000106,1.2270696854786602,0.9999999999999999,495.0967800000139,1.570212585218075,0.9999999999999999
495.43278900001064,1.2360796999153028,0.9999999999999999,495.3417650000138,1.6505528227500663,0.9999999999999999
495.6762850000108,1.2339121507261306,0.9999999999999999,495.5907410000135,1.7596727053112116,0.9999999999999999
495.92539600001106,1.2269369056664123,0.9999999999999999,495.8481010000137,1.873321740302927,0.9999999999999999
496.1822580000112,1.2218705912754182,0.9999999999999999,496.0991220000138,1.9691011448719515,0.9999999999999999
496.4168780000114,1.2257070090381659,0.9999999999999999,496.33907100001375,2.032614734748065,0.9999999999999999
496.6744290000115,1.2453641696507518,0.9999999999999999,496.5915900000137,2.0587580354674264,0.9999999999999999
496.92885100001143,1.2866749778002304,0.9999999999999999,496.83943600001373,2.051481451330651,0.9999999999999999
497.15837700001157,1.3518865912077922,0.9999999999999999,497.0800950000137,2.0215106276397683,0.9999999999999999
497.4279320000117,1.4339454603662003,0.9999999999999999,497.32995100001386,1.9821966939993259,0.9999999999999999
497.6579060000118,1.5110142620757796,0.9999999999999999,497.58149300001384,1.9454530782251545,0.9999999999999999
497.908602000012,1.552819731148317,0.9999999999999999,497.815806000014,1.9181338107996453,0.9999999999999999
498.15430100001186,1.5386020811003178,0.9999999999999999,498.065021000014,1.896874983895422,0.9999999999999999
498.40469600001194,1.4704171901613892,0.9999999999999999,498.3138920000138,1.8713536329821823,0.9999999999999999
498.654567000012,1.3691804409507142,0.9999999999999999,498.5584150000139,1.8360329453187014,0.9999999999999999
498.899530000012,1.2620478323604458,0.9999999999999999,498.8133190000138,1.7963694609424947,0.9999999999999999
499.154516000012,1.1729649974080936,0.9999999999999999,499.0578170000137,1.7626581923684799,0.9999999999999999
499.38940200001207,1.1160375913185199,0.9999999999999999,499.3062580000138,1.7426703245587962,0.9999999999999999
499.637933000012,1.0937285544245678,0.9999999999999999,499.5649790000138,1.7371843649611378,0.9999999999999999
499.8900010000121,1.099133757499375,0.9999999999999999,499.79991700001375,1.742038830118201,0.9999999999999999
500.14236500001215,1.121244602605195,0.9999999999999999,500.0556180000137,1.7502935964817667,0.9999999999999999
500.3835150000121,1.1508979507037815,0.9999999999999999,500.2960290000136,1.7533831572238376,0.9999999999999999
500.637833000012,1.182825524557566,0.9999999999999999,500.5410470000138,1.7448878003660242,0.9999999999999999
500.88085300001205,1.2139644722466558,0.9999999999999999,500.79600700001396,1.7292509324787526,0.9999999999999999
501.12415700001196,1.2417391608510662,0.9999999999999999,501.037078000014,1.7186622967798562,0.9999999999999999
501.3763150000119,1.2640411904430864,0.9999999999999999,501.30552800001414,1.7214706805583313,0.9999999999999999
501.618195000012,1.2799716754568036,0.9999999999999999,501.5325200000142,1.7348244277767333,0.9999999999999999
501.873218000012,1.2913409251712713,0.9999999999999999,501.78029100001424,1.750745863642694,0.9999999999999999
502.12615600001186,1.301851185522,0.9999999999999999,502.0309200000143,1.7612328043030567,0.9999999999999999
502.3666010000121,1.3164530866443842,0.9999999999999999,502.2727880000142,1.7607706337825992,0.9999999999999999
502.6135120000122,1.3397332385625074,0.9999999999999999,502.51351000001426,1.7473672660594033,0.9999999999999999
502.86300000001216,1.3742376573646002,0.9999999999999999,502.7634690000144,1.7212313445523495,0.9999999999999999
503.10703800001215,1.4214678595342773,0.9999999999999999,503.0126530000144,1.6846029281975652,0.9999999999999999
503.36157100001225,1.4804246005294963,0.9999999999999999,503.26505500001457,1.6446651064845537,0.9999999999999999
503.60701900001243,1.5460539873431816,0.9999999999999999,503.50691600001477,1.6169932341260074,0.9999999999999999
503.8607590000125,1.6090105642170258,0.9999999999999999,503.76003100001475,1.6208038489045407,0.9999999999999999
504.0999570000125,1.660406575409567,0.9999999999999999,504.00409300001485,1.6623608706964725,0.9999999999999999
504.3442790000126,1.6970618598624416,0.9999999999999999,504.25153100001484,1.7238522304751167,0.9999999999999999
504.60073800001265,1.7202463411229172,0.9999999999999999,504.5021200000148,1.7750065629298177,0.9999999999999999
504.8447590000128,1.7307174251201527,0.9999999999999999,504.7464880000148,1.7923160830760159,0.9999999999999999
505.10802000001286,1.722270196271024,0.9999999999999999,504.9895340000148,1.7654369950787814,0.9999999999999999
505.3335180000132,1.6871980322950157,0.9999999999999999,505.24146400001496,1.6949895102896755,0.9999999999999999
505.6051550000131,1.6256854424214082,0.9999999999999999,505.490153000015,1.5888924025301219,0.9999999999999999
505.84067300001334,1.5475522360318443,0.9999999999999999,505.73614500001514,1.45994264862715,0.9999999999999999
506.0799220000134,1.465436206458747,0.9999999999999999,505.9830970000152,1.3230359744348605,0.9999999999999999
506.3379830000133,1.389276755228036,0.9999999999999999,506.2342410000152,1.1936638397705572,0.9999999999999999
506.5731450000134,1.3249944329671195,0.9999999999999999,506.48233400001527,1.084241547542608,0.9999999999999999
506.82454500001353,1.2807878667158308,0.9999999999999999,506.72735300001534,1.0017061354128436,0.9999999999999999
507.0675980000136,1.272515658069504,0.9999999999999999,506.9797030000154,0.9489586673397312,0.9999999999999999
507.32413500001365,1.3205228734590702,0.9999999999999999,507.22155700001537,0.9278465806014099,0.9999999999999999
507.56107400001366,1.437568684872816,0.9999999999999999,507.47330000001546,0.93936159438599,0.9999999999999999
507.8179840000138,1.6185865068965108,0.9999999999999999,507.72533300001544,0.98212244024779,0.9999999999999999
508.0617760000138,1.837653980133106,0.9999999999999999,507.96531700001543,1.0491012785264406,0.9999999999999999
508.3181860000137,2.0545759455659103,0.9999999999999999,508.2163010000154,1.1275845870798795,0.9999999999999999
508.56268100001375,2.227363923462289,0.8740988671472708,508.4633290000154,1.2054483237855549,0.9999999999999999
508.8031300000137,2.326963591253841,0.7228801922416753,508.7097200000154,1.2765761254011196,0.9999999999999999
509.04955300001376,2.3454103798320083,0.6988499828355648,508.97715400001533,1.341548013020668,0.9999999999999999
509.2966710000136,2.292453286305465,0.7877617576381738,509.20209300001545,1.4028314046271988,0.9999999999999999
509.54107700001373,2.1865168696335506,0.9057672502574664,509.4530810000155,1.4598543649991975,0.9999999999999999
509.79052900001375,2.046451020129848,0.9999999999999999,509.7030830000155,1.5059087881748254,0.9999999999999999
510.0383830000136,1.8885610399955999,0.9999999999999999,509.94203700001526,1.5273126335348475,0.9999999999999999
510.2923790000136,1.7304656316088534,0.9999999999999999,510.19697100001537,1.509805097506506,0.9999999999999999
510.53642700001393,1.5969275759690618,0.9999999999999999,510.44195800001535,1.4527457859873554,0.9999999999999999
510.78641500001385,1.5155213339989215,0.9999999999999999,510.6883460000155,1.3738543416056794,0.9999999999999999
511.0326300000139,1.5024969295049144,0.9999999999999999,510.9368870000157,1.2988880156642635,0.9999999999999999
511.28570800001404,1.5521535925811245,0.9999999999999999,511.1794990000157,1.2485464868252847,0.9999999999999999
511.5311720000141,1.6360122020641366,0.9999999999999999,511.43090900001584,1.231459561437163,0.9999999999999999
511.7740060000139,1.7157357339976005,0.9999999999999999,511.67694300001574,1.244799357488505,0.9999999999999999
512.0292510000138,1.7604290018635502,0.9999999999999999,511.9243370000158,1.2782804905213832,0.9999999999999999
512.2691970000142,1.7589204344683973,0.9999999999999999,512.1812240000157,1.3203280971545774,0.9999999999999999
512.5176060000143,1.7216453096177238,0.9999999999999999,512.4218760000158,1.3603104043014795,0.9999999999999999
512.7825770000144,1.6734011109172755,0.9999999999999999,512.6720620000158,1.3902970935746823,0.9999999999999999
513.0080560000146,1.640797034042043,0.9999999999999999,512.9165410000157,1.4061792599414746,0.9999999999999999
513.2606680000144,1.641661504278987,0.9999999999999999,513.1643910000156,1.4083382258307444,0.9999999999999999
513.5139890000144,1.6786104165819375,0.9999999999999999,513.4083950000157,1.4021387867132846,0.9999999999999999
513.7556050000143,1.734156039113516,0.9999999999999999,513.6610490000157,1.3975645299688473,0.9999999999999999
514.0017290000142,1.7766653361036826,0.9999999999999999,513.9067110000158,1.4060130897742864,0.9999999999999999
514.2522120000141,1.7836261463397591,0.9999999999999999,514.1542800000157,1.4383073373350719,0.9999999999999999
514.5026830000141,1.755257702815562,0.9999999999999999,514.4027980000157,1.502487632525948,0.9999999999999999
514.7487120000143,1.7073287804278419,0.9999999999999999,514.6593750000156,1.6028132788499456,0.9999999999999999
515.0031690000144,1.6612411798282374,0.9999999999999999,514.9058850000157,1.7381900978546108,0.9999999999999999
515.2426420000144,1.6366884176057384,0.9999999999999999,515.1427200000159,1.9022425139499444,0.9999999999999999
515.4888240000142,1.6437225744544204,0.9999999999999999,515.4074240000156,2.0826737722656894,0.9999999999999999
515.7328290000141,1.675999181634146,0.9999999999999999,515.6390230000156,2.2586450572596606,0.8322176450394784
515.9892320000141,1.7128245356092235,0.9999999999999999,515.8904650000156,2.4038591582189555,0.6147442499141779
516.2358550000142,1.7325415809325535,0.9999999999999999,516.1484610000155,2.4978814354909495,0.47536903535873676
516.4808850000144,1.7252702215026954,0.9999999999999999,516.3823460000157,2.5384097072245018,0.39967387572948854
516.7262220000146,1.693258194550638,0.9999999999999999,516.6503780000157,2.536879912293176,0.400875386199794
516.9705600000145,1.6456159060044975,0.9999999999999999,516.8785720000157,2.510512156876854,0.4525403364229317
517.2287910000143,1.5914226827224685,0.9999999999999999,517.1245290000156,2.477009428101782,0.5078098180569859
517.4705300000143,1.5341079874081465,0.9999999999999999,517.3752010000157,2.444207840496576,0.5594747682801235
517.7185130000141,1.4720598011432011,0.9999999999999999,517.6151640000155,2.3992932934751585,0.6279608650875386
517.9661180000141,1.4044173317631832,0.9999999999999999,517.8745150000158,2.3181268060417306,0.7457088911774802
518.2104650000142,1.336422935576941,0.9999999999999999,518.1118570000159,2.1927836416434263,0.9011328527291451
518.4641400000143,1.281254146576009,0.9999999999999999,518.364170000016,2.0361583601662168,0.9999999999999999
518.7058390000144,1.2581274692424484,0.9999999999999999,518.6072070000159,1.868212748515952,0.9999999999999999
518.9523920000145,1.286106369717518,0.9999999999999999,518.8631190000157,1.7063968880100164,0.9999999999999999
519.1978570000144,1.3728399331489496,0.9999999999999999,519.1067290000158,1.5628040450652472,0.9999999999999999
519.4533550000143,1.5064855380198756,0.9999999999999999,519.3552510000159,1.44420898999508,0.9999999999999999
519.6983660000143,1.6571936290030775,0.9999999999999999,519.6017160000159,1.353232833317983,0.9999999999999999
519.9493150000144,1.794005240906968,0.9999999999999999,519.857902000016,1.290877435118523,0.9999999999999999
520.1977680000144,1.8977682621914342,0.9999999999999999,520.0978440000159,1.2582438116918353,0.9999999999999999
520.4550430000144,1.9599579078616467,0.9999999999999999,520.343327000016,1.256759256104896,0.9999999999999999
520.6917280000142,1.9759670463529129,0.9999999999999999,520.5958890000159,1.2859202382514927,0.9999999999999999
520.9366540000144,1.9440024329323997,0.9999999999999999,520.8392860000159,1.3416571618804365,0.9999999999999999
521.1856620000143,1.8701101554930286,0.9999999999999999,521.0904300000159,1.4167837417341673,0.9999999999999999
521.4350350000143,1.7683218406509966,0.9999999999999999,521.3313960000158,1.5020854317724395,0.9999999999999999
521.6894840000142,1.6564424650877048,0.9999999999999999,521.5805980000157,1.5856384466507913,0.9999999999999999
521.9303380000143,1.5501487626773751,0.9999999999999999,521.8260250000159,1.6554046491394736,0.9999999999999999
522.1859580000142,1.4584973030608792,0.9999999999999999,522.080972000016,1.7027679356915362,0.9999999999999999
522.4213840000143,1.3813893457466044,0.9999999999999999,522.3253420000161,1.723477341867037,0.9999999999999999
522.6777920000146,1.3148502087717657,0.9999999999999999,522.5709150000163,1.7168520282449538,0.9999999999999999
522.9158520000148,1.2588875140409834,0.9999999999999999,522.8174060000164,1.6874517310214796,0.9999999999999999
523.169880000015,1.2226620535170494,0.9999999999999999,523.0690040000164,1.645483188032002,0.9999999999999999
523.413905000015,1.2206477304988184,0.9999999999999999,523.3140800000165,1.6035326836976975,0.9999999999999999
523.667379000015,1.2645513033219002,0.9999999999999999,523.5583660000163,1.5765743389883558,0.9999999999999999
523.9055150000152,1.357009209141849,0.9999999999999999,523.8123100000163,1.5845671464516589,0.9999999999999999
524.1698120000151,1.4890649453239453,0.9999999999999999,524.0553850000165,1.6486765083889536,0.9999999999999999
524.3988400000155,1.6392014963948902,0.9999999999999999,524.3237680000166,1.785298521874391,0.9999999999999999
524.6518890000157,1.774613983548053,0.9999999999999999,524.5514420000167,1.9990145844940472,0.9999999999999999
524.8993010000155,1.860095016694883,0.9999999999999999,524.8014410000168,2.2750662783081834,0.8153964984552009
525.1467000000156,1.8743636936644579,0.9999999999999999,525.0478270000169,2.5797602132320403,0.3468074150360453
525.3942530000157,1.820444428827988,0.9999999999999999,525.3082680000173,2.868118074771603,0.04557157569515962
525.6423290000159,1.7245217278062328,0.9999999999999999,525.5468900000174,3.093937645966122,0.0
525.8859400000159,1.6238451638918754,0.9999999999999999,525.7937440000176,3.2230754634139225,0.0
526.1383800000152,1.5495247915892008,0.9999999999999999,526.0355340000177,3.245743880236122,0.0
526.3892450000152,1.5183156480602138,0.9999999999999999,526.2847650000175,3.1799698381787613,0.0
526.6296780000155,1.5353450329400025,0.9999999999999999,526.5335720000178,3.065714174351688,0.0
526.8817550000152,1.5990417768674419,0.9999999999999999,526.7845490000175,2.9494203517337065,0.0
527.1237340000154,1.6980340184211484,0.9999999999999999,527.0266270000177,2.8615562301012774,0.050205973223480964
527.380801000015,1.8125408484405319,0.9999999999999999,527.2790800000176,2.7985954818569647,0.09886714727085481
527.6186800000148,1.92267642653163,0.9999999999999999,527.5318980000183,2.7227472035589857,0.1749914177823549
527.8718000000147,2.0180028875759612,0.9999999999999999,527.7693580000182,2.590673877023235,0.337195331273601
528.138661000015,2.0984835513967406,0.9899588053553038,528.0162520000185,2.391108989312179,0.6375729488499828
528.3651040000149,2.168378766489872,0.9328012358393408,528.2683510000185,2.148734767882218,0.9467044284243047
528.6125880000149,2.23115089524871,0.8702368692070029,528.5152040000187,1.8990051738493943,0.9999999999999999
528.8583600000145,2.2870953398481477,0.794970820460007,528.7632640000188,1.6702690274260612,0.9999999999999999
529.1008840000145,2.3298542978303862,0.7192756608307587,529.0094590000183,1.4787204039789366,0.9999999999999999
529.3623820000147,2.3478742787638427,0.6988499828355648,529.2524660000182,1.330711798265646,0.9999999999999999
529.6013440000146,2.3355655867788654,0.708462066598009,529.5038510000177,1.226232497550264,0.9999999999999999
529.849386000015,2.299726106095596,0.7733436319945074,529.7574140000178,1.1621577545898256,0.9999999999999999
530.1063890000147,2.2556756811149627,0.8394267078613113,530.0021710000179,1.133442454377989,0.9999999999999999
530.341200000015,2.217601972514716,0.8818228630278063,530.2521470000175,1.1317033452281493,0.9999999999999999
530.590226000015,2.1904642850287415,0.9042224510813593,530.4947620000175,1.1473543615955772,0.9999999999999999
530.8343530000154,2.169954444175382,0.9304840370751801,530.7473120000175,1.1723122310350909,0.9999999999999999
531.0828870000155,2.1467647101165337,0.9513388259526261,530.9897170000174,1.2032329196846474,0.9999999999999999
531.3391700000153,2.1115278884449333,0.9776004119464469,531.2413560000174,1.247375041680204,0.9999999999999999
531.5857340000153,2.059434404467325,0.9999999999999999,531.4846710000174,1.3191423349727416,0.9999999999999999
531.8306780000156,1.9926589635609595,0.9999999999999999,531.7301700000179,1.4287650426115428,0.9999999999999999
532.0787400000154,1.9197873136896846,0.9999999999999999,531.9939230000183,1.573911909382322,0.9999999999999999
532.3361290000153,1.8531413073746916,0.9999999999999999,532.2263050000183,1.7347921290560908,0.9999999999999999
532.5783080000151,1.8040436381774865,0.9999999999999999,532.4862750000178,1.881234830303913,0.9999999999999999
532.8181670000154,1.7810358600422562,0.9999999999999999,532.726298000018,1.9867501385059896,0.9999999999999999
533.0691280000154,1.7908499942578446,0.9999999999999999,532.9757350000181,2.037598915758727,0.9999999999999999
533.3186080000156,1.8352429641767718,0.9999999999999999,533.2218750000184,2.03372838505067,0.9999999999999999
533.5655300000154,1.9017793791873414,0.9999999999999999,533.4690560000181,1.9853150025833732,0.9999999999999999
533.8164220000159,1.965533421131488,0.9999999999999999,533.717144000018,1.9077479301844225,0.9999999999999999
534.0579050000158,2.010883244975956,0.9999999999999999,533.9611350000177,1.8167280168926923,0.9999999999999999
534.3077490000161,2.039076998515336,0.9999999999999999,534.2110900000176,1.7236652419960503,0.9999999999999999
534.5603290000158,2.0570163787431572,0.9999999999999999,534.4545110000178,1.6352367914858428,0.9999999999999999
534.7989990000157,2.069804334446573,0.9999999999999999,534.7010790000179,1.5569045346444603,0.9999999999999999
535.0582510000156,2.078518282721668,0.9999999999999999,534.9504980000174,1.4965475000824406,0.9999999999999999
535.2972240000153,2.0809625179480453,0.9999999999999999,535.1969350000176,1.4635975607418454,0.9999999999999999
535.5405100000149,2.0717498576568882,0.9999999999999999,535.4457970000177,1.4640131441471576,0.9999999999999999
535.8066630000149,2.0448157552589445,0.9999999999999999,535.695048000018,1.4975114360682673,0.9999999999999999
536.0397360000148,1.9946656073334539,0.9999999999999999,535.9343230000181,1.5549767686176472,0.9999999999999999
536.2917100000152,1.92260414399593,0.9999999999999999,536.1968260000186,1.618205792784609,0.9999999999999999
536.5426380000154,1.8412688347610566,0.9999999999999999,536.4424160000183,1.6631146495855738,0.9999999999999999
536.7856980000153,1.7689291918594097,0.9999999999999999,536.6873570000184,1.668311127104614,0.9999999999999999
537.0352730000153,1.7214476724594303,0.9999999999999999,536.9287010000183,1.6268003855477913,0.9999999999999999
537.2796270000157,1.7066404996414195,0.9999999999999999,537.1806150000186,1.552346588937213,0.9999999999999999
537.524538000016,1.7231453617307508,0.9999999999999999,537.4336530000184,1.4703463576341347,0.9999999999999999
537.773064000016,1.763575682878477,0.9999999999999999,537.6701680000184,1.4037632670496931,0.9999999999999999
538.0244980000159,1.8182000719668476,0.9999999999999999,537.9159020000184,1.364410241257625,0.9999999999999999
538.2653230000155,1.8765061659304811,0.9999999999999999,538.1676930000186,1.3524873204156604,0.9999999999999999
538.5178620000154,1.9264918356253349,0.9999999999999999,538.4115940000183,1.3604749134013443,0.9999999999999999
538.7673300000149,1.9559662245930545,0.9999999999999999,538.6586020000183,1.3773801967570463,0.9999999999999999
539.0238140000146,1.9572380857486937,0.9999999999999999,538.9046510000181,1.392513733592911,0.9999999999999999
539.2589440000149,1.9295106264383053,0.9999999999999999,539.1546100000184,1.400375289169567,0.9999999999999999
539.5169310000149,1.8837290753161435,0.9999999999999999,539.4039780000184,1.4045439909326707,0.9999999999999999
539.7580020000149,1.8434213886294093,0.9999999999999999,539.6642670000184,1.4152222423578689,0.9999999999999999
540.008445000015,1.836152726981286,0.9999999999999999,539.8930310000185,1.4414048509649047,0.9999999999999999
540.2510300000154,1.8816995055213224,0.9999999999999999,540.1499810000189,1.4837548738417938,0.9999999999999999
540.4939960000154,1.9854584422704713,0.9999999999999999,540.3994480000189,1.5332634311607036,0.9999999999999999
540.7439820000152,2.131964635622465,0.9598352214212152,540.640895000019,1.5768745316373929,0.9999999999999999
541.0005960000152,2.2856579624516318,0.7997768623412291,540.8874040000189,1.6057440729912555,0.9999999999999999
541.2374950000149,2.404503195098602,0.6135427394438722,541.1488540000192,1.6172502985399713,0.9999999999999999
541.5066840000148,2.459147625476069,0.5378475798146242,541.3817470000198,1.6127934183459804,0.9999999999999999
541.7354660000146,2.4431116261585015,0.5606762787504291,541.6276920000198,1.5964739679310427,0.9999999999999999
541.9860250000145,2.370352130912528,0.6760212838997597,541.8752090000199,1.5749361179455896,0.9999999999999999
542.2354060000145,2.263990625151561,0.8286131136285616,542.1333190000196,1.5554830917096956,0.9999999999999999
542.474246000014,2.146893283073123,0.9513388259526261,542.3686770000195,1.5428785691277116,0.9999999999999999
542.722084000014,2.035358489331575,0.9999999999999999,542.6236630000196,1.5353049156670873,0.9999999999999999
542.9742390000143,1.935910330392301,0.9999999999999999,542.8729940000192,1.5245594476496112,0.9999999999999999
543.2197100000151,1.8475321313781827,0.9999999999999999,543.1186140000194,1.5013508961506086,0.9999999999999999
543.4806110000148,1.7676773312357124,0.9999999999999999,543.3691210000192,1.4609304566063877,0.9999999999999999
543.7140310000152,1.695732805988838,0.9999999999999999,543.6155360000197,1.4035896789225635,0.9999999999999999
543.9736520000151,1.6352424225530788,0.9999999999999999,543.8614640000197,1.336296332579344,0.9999999999999999
544.2101120000151,1.590459110475076,0.9999999999999999,544.1047210000196,1.2717398565609264,0.9999999999999999
544.4610150000154,1.5675023319953554,0.9999999999999999,544.362839000019,1.2213934663569503,0.9999999999999999
544.7059770000153,1.5758440957808508,0.9999999999999999,544.6051730000188,1.19069177130478,0.9999999999999999
544.9612640000156,1.6262063259744448,0.9999999999999999,544.8546550000192,1.1790136563122764,0.9999999999999999
545.2019390000158,1.724375876693742,0.9999999999999999,545.0961560000194,1.1808136475670044,0.9999999999999999
545.4543420000161,1.8645599811133624,0.9999999999999999,545.349071000019,1.1894815910224512,0.9999999999999999
545.6944050000158,2.029461325572179,0.9999999999999999,545.5964240000189,1.2007055300541962,0.9999999999999999
545.9422500000159,2.194938891155529,0.899588053553038,545.8420380000186,1.215300985885011,0.9999999999999999
546.2043460000164,2.335487432493743,0.708462066598009,546.0944480000187,1.239194831599626,0.9999999999999999
546.4427310000162,2.4280470762558437,0.5895125300377618,546.3358350000188,1.279349028915265,0.9999999999999999
546.6957710000163,2.457426867730775,0.5438551321661518,546.5844760000186,1.3377323025787586,0.9999999999999999
546.9434720000166,2.421463153820749,0.6003261242705115,546.8333970000186,1.4065989228984566,0.9999999999999999
547.1784510000168,2.3315045315312655,0.7156711294198422,547.0817760000186,1.4694561217999467,0.9999999999999999
547.428456000017,2.2084002649785246,0.8895468589083418,547.3448310000189,1.5118707783059007,0.9999999999999999
547.6742060000171,2.0745690040353013,0.9999999999999999,547.5767420000187,1.539061709728228,0.9999999999999999
547.9522650000164,1.9469185717811177,0.9999999999999999,547.8207020000182,1.5734538712724027,0.9999999999999999
548.1746410000165,1.835188800975421,0.9999999999999999,548.0805870000183,1.6379649825223708,0.9999999999999999
548.4229390000168,1.7478734233216764,0.9999999999999999,548.3185980000185,1.7452483500472238,0.9999999999999999
548.6724450000165,1.6960864274694578,0.9999999999999999,548.5670020000188,1.891639566356629,0.9999999999999999
548.9224300000162,1.6941633200734327,0.9999999999999999,548.8154700000182,2.0527785563127843,0.9999999999999999
549.1633900000161,1.7540278051253784,0.9999999999999999,549.0638580000184,2.183489010468194,0.9096292481977343
549.4184880000163,1.873208001144786,0.9999999999999999,549.3044700000185,2.2335827438389715,0.8656024716786818
549.6564600000163,2.0284025969096136,0.9999999999999999,549.5595400000182,2.1792657296400253,0.9142636457260556
549.9096260000165,2.1812702391605923,0.9119464469618949,549.7991250000177,2.0395472677004785,0.9999999999999999
550.1521400000167,2.2976224607611777,0.774545142464813,550.0515170000177,1.8573913918948155,0.9999999999999999
550.4076390000166,2.361951310459279,0.6820288362512874,550.3130610000175,1.673340494950534,0.9999999999999999
550.6471220000163,2.379593879280359,0.6592001373154824,550.5614940000175,1.5134956303135847,0.9999999999999999
550.892640000017,2.366458032061951,0.6784243048403708,550.7954650000175,1.390400914423768,0.9999999999999999
551.1666610000171,2.337952137848098,0.7072605561277034,551.0434230000175,1.307927625364668,0.9999999999999999
551.3957260000171,2.305442039136332,0.7625300377617577,551.2873800000176,1.2662526712153592,0.9999999999999999
551.6377190000172,2.2738759677261635,0.8165980089255063,551.5376070000175,1.264732050938822,0.9999999999999999
551.8847100000166,2.248286415428449,0.8501544799176106,551.7825940000174,1.2977721586204154,0.9999999999999999
552.142642000017,2.2402608604952476,0.8571060762100926,552.0318840000175,1.3545528790716685,0.9999999999999999
552.3870780000174,2.2726643482391307,0.8165980089255063,552.283314000018,1.4210374713934633,0.9999999999999999
552.6268690000178,2.371759790513581,0.6700137315482322,552.5278240000182,1.4827271625276077,0.9999999999999999
552.8778530000178,2.5520424599741043,0.38645726055612767,552.774464000018,1.5241473906904386,0.9999999999999999
553.1240360000174,2.7987334010099065,0.09886714727085481,553.0217120000178,1.5313829614245742,0.9999999999999999
553.3708470000173,3.0627760955632213,0.0,553.2697470000176,1.4985232369599686,0.9999999999999999
553.6297090000169,3.2797631594397525,0.0,553.5178210000172,1.4309831054714472,0.9999999999999999
553.8663300000171,3.3960123933162265,0.0,553.7797010000169,1.3440781684203191,0.9999999999999999
554.1212390000176,3.3922496150734434,0.0,554.0151850000169,1.256815208764778,0.9999999999999999
554.3705170000176,3.287140187978618,0.0,554.2585100000165,1.1875618883921066,0.9999999999999999
554.6095030000176,3.1188731383668853,0.0,554.5189740000164,1.151086707254933,0.9999999999999999
554.8682280000174,2.924358636178649,0.010813594232749716,554.7544740000162,1.1557270131279571,0.9999999999999999
555.1080090000173,2.7299280013500566,0.16658084449021632,555.0199160000159,1.1993946359156311,0.9999999999999999
555.3528310000174,2.553067605486892,0.3840542396155166,555.2498990000161,1.265830392769233,0.9999999999999999
555.5987200000176,2.408157746780149,0.6111397185032613,555.4985320000159,1.3271288406312094,0.9999999999999999
555.8496450000174,2.307924190966135,0.7577239958805355,555.7484800000157,1.3594579396971658,0.9999999999999999
556.0956460000176,2.2629119937605053,0.8286131136285616,555.9923950000161,1.35419236934515,0.9999999999999999
556.3452870000176,2.275818512702202,0.8141949879848952,556.2380770000159,1.3198219943087321,0.9999999999999999
556.5936370000177,2.3328190320514874,0.7132681084792312,556.4936770000156,1.2737665060606451,0.9999999999999999
556.844832000018,2.4022631285123266,0.6195502917954,556.7480350000153,1.2307651744662615,0.9999999999999999
557.0917410000179,2.444903397092217,0.5594747682801235,556.985323000015,1.1974728989653594,0.9999999999999999
557.3331570000182,2.4311253505756083,0.5835049776862341,557.2369180000153,1.1726556512768165,0.9999999999999999
557.5812370000182,2.351070268793558,0.6928424304840372,557.4811890000154,1.1502851222754624,0.9999999999999999
557.8302700000182,2.2151277168898993,0.8849124613800204,557.7311810000153,1.1245238116429037,0.9999999999999999
558.0846100000182,2.0523802309297907,0.9999999999999999,557.9778010000153,1.0935980170013124,0.9999999999999999
558.3245690000181,1.900950288460588,0.9999999999999999,558.2331910000153,1.060915006806834,0.9999999999999999
558.5715060000184,1.7965472064998242,0.9999999999999999,558.4719490000153,1.0321624289745992,0.9999999999999999
558.8359390000182,1.76116740272513,0.9999999999999999,558.7255360000157,1.0129366126784296,0.9999999999999999
559.069940000018,1.791613447098609,0.9999999999999999,558.9662580000157,1.0087744242874812,0.9999999999999999
559.3198980000183,1.8595548815701006,0.9999999999999999,559.211231000016,1.024600258782076,0.9999999999999999
559.563955000018,1.9268942020038347,0.9999999999999999,559.4612180000162,1.0671440031566537,0.9999999999999999
559.8102100000177,1.9619692218496243,0.9999999999999999,559.7082840000162,1.1445650503955718,0.9999999999999999
560.0551590000182,1.9486437865920416,0.9999999999999999,559.9596090000158,1.2625141757925078,0.9999999999999999
560.3106050000177,1.8845123259834093,0.9999999999999999,560.2141230000157,1.4128676251939392,0.9999999999999999
560.5551350000177,1.7763212526916563,0.9999999999999999,560.4532050000158,1.5636675970284974,0.9999999999999999
560.8050870000175,1.6378185066186373,0.9999999999999999,560.7014140000156,1.6736543073843688,0.9999999999999999
561.0510990000172,1.489355891156582,0.9999999999999999,560.949467000015,1.7228068218120673,0.9999999999999999
561.2934210000168,1.35252460080053,0.9999999999999999,561.2009720000151,1.7150383489335628,0.9999999999999999
561.5424090000167,1.2448419582125307,0.9999999999999999,561.4466610000154,1.6611798527832848,0.9999999999999999
561.7899450000165,1.1782101250201253,0.9999999999999999,561.6927780000153,1.5707889690839358,0.9999999999999999
562.0473710000164,1.1595943822776862,0.9999999999999999,561.9346970000151,1.4557086651632511,0.9999999999999999
562.2863700000167,1.1880952343273499,0.9999999999999999,562.1823310000153,1.3306070693940522,0.9999999999999999
562.5353940000167,1.2525084755361464,0.9999999999999999,562.4322750000154,1.2085480622213298,0.9999999999999999
562.7823370000166,1.3325520453884758,0.9999999999999999,562.7001520000154,1.0975744066780648,0.9999999999999999
563.0263430000165,1.4062079524582822,0.9999999999999999,562.9315190000153,1.0010881030144811,0.9999999999999999
563.2731570000165,1.4565278948227973,0.9999999999999999,563.1798080000154,0.9196633519026025,0.9999999999999999
563.5302380000163,1.4755048288384522,0.9999999999999999,563.4232930000153,0.8527063886437257,0.9999999999999999
563.7768350000163,1.4648923753853453,0.9999999999999999,563.668321000015,0.8001637815528542,0.9999999999999999
564.016654000016,1.432040248783894,0.9999999999999999,563.9156690000152,0.7641526517493519,0.9999999999999999
564.2681030000159,1.3883494370582214,0.9999999999999999,564.1656470000157,0.7505052659484328,0.9999999999999999
564.5129750000158,1.3482832764123303,0.9999999999999999,564.4170550000158,0.7668689615986273,0.9999999999999999
564.758525000016,1.3283234985263286,0.9999999999999999,564.6613340000158,0.8168364225967063,0.9999999999999999
565.0209640000163,1.3469220202993706,0.9999999999999999,564.9052890000164,0.89572081786291,0.9999999999999999
565.2594980000159,1.420236077729347,0.9999999999999999,565.1559120000163,0.989005823478612,0.9999999999999999
565.5094950000156,1.5538817397462754,0.9999999999999999,565.4078380000165,1.073658318569209,0.9999999999999999
565.7594650000151,1.7332127802337036,0.9999999999999999,565.6524030000161,1.1278343853339214,0.9999999999999999
565.9959060000155,1.9209270332899662,0.9999999999999999,565.9102080000158,1.1426363773411319,0.9999999999999999
566.2550340000157,2.073724147733414,0.9999999999999999,566.1462350000155,1.124164752479243,0.9999999999999999
566.5118940000158,2.1649233271642006,0.9351184346035014,566.3992320000156,1.0869688377977615,0.9999999999999999
566.7468240000155,2.192943529069416,0.9011328527291451,566.6497570000156,1.0472730179070362,0.9999999999999999
566.9948920000159,2.173750013226462,0.9212152420185376,566.8868070000156,1.0186616847666743,0.9999999999999999
567.238210000016,2.1316135669587237,0.9613800205973222,567.1389670000156,1.0103516464546645,0.9999999999999999
567.4866140000163,2.0898855190032632,0.9999999999999999,567.3834520000152,1.026279696501022,0.9999999999999999
567.7310840000165,2.063622918155134,0.9999999999999999,567.6368390000148,1.0643569751817845,0.9999999999999999
567.9846280000166,2.0536548716254277,0.9999999999999999,567.8778340000144,1.1163260823240735,0.9999999999999999
568.226535000017,2.0434432544151293,0.9999999999999999,568.1243620000143,1.1698601237036534,0.9999999999999999
568.4751010000165,2.0080961009230354,0.9999999999999999,568.3743080000143,1.214027871910823,0.9999999999999999
568.7244430000167,1.93234200543324,0.9999999999999999,568.6260600000146,1.244064430651648,0.9999999999999999
568.9749620000171,1.8188830036099461,0.9999999999999999,568.8743570000144,1.2617568965156143,0.9999999999999999
569.2333140000172,1.6809120782462235,0.9999999999999999,569.1169570000146,1.272652676522179,0.9999999999999999
569.4653780000168,1.5330455031855441,0.9999999999999999,569.3787370000146,1.2826074068280588,0.9999999999999999
569.7177670000171,1.389928442086862,0.9999999999999999,569.6161710000143,1.2956428176253143,0.9999999999999999
569.9667970000171,1.2674129132361105,0.9999999999999999,569.8632730000143,1.3126681556197715,0.9999999999999999
570.2126340000182,1.1826619461024457,0.9999999999999999,570.1112370000141,1.3308870702815423,0.9999999999999999
570.4575710000183,1.1541027080055046,0.9999999999999999,570.376052000014,1.3452116720301062,0.9999999999999999
570.7015540000182,1.198310766208821,0.9999999999999999,570.608059000014,1.3510568740747155,0.9999999999999999
570.9539940000185,1.3232339169228566,0.9999999999999999,570.8511400000137,1.3464814092496122,0.9999999999999999
571.2056760000183,1.5180719858695941,0.9999999999999999,571.1025050000137,1.3334878536719355,0.9999999999999999
571.4492230000183,1.7439451296139596,0.9999999999999999,571.3566660000139,1.3186098308162568,0.9999999999999999
571.7011290000183,1.947339866228901,0.9999999999999999,571.5966510000142,1.3124042657970274,0.9999999999999999
571.9469390000185,2.0883108739566905,0.9999999999999999,571.8482490000142,1.3266915033061175,0.9999999999999999
572.192965000018,2.1548763427286017,0.9389804325437693,572.0968260000144,1.3714934089181239,0.9999999999999999
572.4383790000174,2.156079091880036,0.9374356333676621,572.3382050000142,1.4486048005002745,0.9999999999999999
572.6950490000173,2.1124908687886603,0.9768280123583933,572.5850550000142,1.546494047369882,0.9999999999999999
572.9373210000173,2.0538071432039935,0.9999999999999999,572.8343750000143,1.6446106639679456,0.9999999999999999
573.1802660000168,2.012179593132832,0.9999999999999999,573.0827080000141,1.7253277488172756,0.9999999999999999
573.4303650000168,2.0129998717933075,0.9999999999999999,573.3348140000141,1.782148318756925,0.9999999999999999
573.6742220000168,2.063967576503801,0.9999999999999999,573.581087000014,1.8174182745780985,0.9999999999999999
573.9403200000166,2.1481026908960406,0.9482492276004119,573.8221210000139,1.836609817279937,0.9999999999999999
574.1851700000167,2.2248318954624535,0.8748712667353243,574.0699890000137,1.8454836327971134,0.9999999999999999
574.4217130000168,2.249282473264736,0.8490387916237556,574.3168470000137,1.8505050576372082,0.9999999999999999
574.6682170000165,2.200547327642773,0.8949536560247168,574.5687170000136,1.8562095063330544,0.9999999999999999
574.9147480000166,2.0885731410393213,0.9999999999999999,574.8413440000137,1.8633618108834449,0.9999999999999999
575.1633000000162,1.9409021746045454,0.9999999999999999,575.0637200000135,1.86986269573761,0.9999999999999999
575.4090880000164,1.786995082739702,0.9999999999999999,575.3167410000135,1.8719474866754549,0.9999999999999999
575.6551730000164,1.64716819238927,0.9999999999999999,575.561296000014,1.871065295817178,0.9999999999999999
575.9096890000162,1.5310975752067693,0.9999999999999999,575.8059850000141,1.872994292604307,0.9999999999999999
576.1606670000164,1.4412730359886439,0.9999999999999999,576.0520820000146,1.8842000158036276,0.9999999999999999
576.3980650000162,1.3798393664741437,0.9999999999999999,576.303453000015,1.9074395622284852,0.9999999999999999
576.6513450000161,1.3483030078198706,0.9999999999999999,576.5596080000149,1.937851687779594,0.9999999999999999
576.8928230000159,1.3452360986493517,0.9999999999999999,576.7989420000144,1.9619890378226097,0.9999999999999999
577.1467840000159,1.3647458970133723,0.9999999999999999,577.0487930000141,1.9605083585020748,0.9999999999999999
577.394704000016,1.3940230663814264,0.9999999999999999,577.2986950000135,1.9134425897206533,0.9999999999999999
577.6389230000158,1.4153318079142811,0.9999999999999999,577.5462770000137,1.8122672124904737,0.9999999999999999
577.8869950000159,1.412804263768983,0.9999999999999999,577.7866150000134,1.6659260656021093,0.9999999999999999
578.132976000016,1.38095880867168,0.9999999999999999,578.0483350000131,1.4950255688062808,0.9999999999999999
578.3800800000162,1.3311282497776793,0.9999999999999999,578.2886850000131,1.321658207716952,0.9999999999999999
578.628484000016,1.3005092792443291,0.9999999999999999,578.527281000013,1.1632552350404401,0.9999999999999999
578.8830710000158,1.3446183488605221,0.9999999999999999,578.7848100000136,1.0308270387922505,0.9999999999999999
579.1350630000159,1.4969814966183008,0.9999999999999999,579.022766000014,0.9295185354390498,0.9999999999999999
579.371216000016,1.73902049753036,0.9999999999999999,579.271383000014,0.8601582839013434,0.9999999999999999
579.6190620000159,2.018452478924244,0.9999999999999999,579.5377340000139,0.8206564379911367,0.9999999999999999
579.8777230000157,2.2842179481102165,0.8033813937521456,579.7626960000139,0.8076202402073904,0.9999999999999999
580.1142020000161,2.5045634507150734,0.4669584620665981,580.0152720000139,0.817978310063519,0.9999999999999999
580.3641700000159,2.6667116860657796,0.23266392035702027,580.2625120000139,0.8497481187133936,0.9999999999999999
580.6132980000157,2.766159658437805,0.12435633367662204,580.5161220000144,0.9004229941152522,0.9999999999999999
580.8646650000159,2.799733047009142,0.09654994850669414,580.7590210000143,0.9635607269682966,0.9999999999999999
581.1042280000161,2.7653690894845946,0.12435633367662204,581.0105680000144,1.0259190670813148,0.9999999999999999
581.3510450000159,2.6734665600833045,0.22905938894610367,581.2634570000146,1.0690941427430714,0.9999999999999999
581.6039190000158,2.561092325158028,0.36723309303123924,581.5064780000148,1.077593692554426,0.9999999999999999
581.8609970000157,2.4743510093273846,0.5090113285272915,581.7443450000147,1.0509727955708865,0.9999999999999999
582.0937620000159,2.4344725441220394,0.578698935805012,582.0113590000149,1.0051711111718864,0.9999999999999999
582.3445540000158,2.43581778155762,0.5774974253347065,582.2468760000149,0.9610988578404769,0.9999999999999999
582.5951700000162,2.4651115852737275,0.5234294541709579,582.493271000015,0.9350368221930409,0.9999999999999999
582.8445270000165,2.5085621750888274,0.4573463783041538,582.7373180000154,0.935327591925504,0.9999999999999999
583.091148000016,2.554913924719174,0.3804497082046001,582.9960280000153,0.9637597288038225,0.9999999999999999
583.3363770000161,2.59507116380545,0.32518022657054585,583.2309590000152,1.0171457118683418,0.9999999999999999
583.5834390000159,2.619622928703303,0.2819258496395469,583.4854420000152,1.0865856363934523,0.9999999999999999
583.8309600000158,2.6208114535965494,0.2819258496395469,583.7258760000157,1.1560961216933168,0.9999999999999999
584.0873930000159,2.594347558987602,0.32518022657054585,583.976375000015,1.2061041118898435,0.9999999999999999
584.3253030000161,2.540884181688063,0.39366632337796087,584.2284680000147,1.2236553175796594,0.9999999999999999
584.5819250000166,2.466119595046733,0.5234294541709579,584.4699940000147,1.2141678955771533,0.9999999999999999
584.8208900000168,2.3778211613177502,0.6616031582560933,584.7209540000144,1.1980771772001553,0.9999999999999999
585.0756600000169,2.2822972279770424,0.8045829042224513,584.9589960000145,1.1940751331665465,0.9999999999999999
585.3137110000166,2.181061007451215,0.9119464469618949,585.2250990000147,1.209405348000113,0.9999999999999999
585.5702940000164,2.0717291683612724,0.9999999999999999,585.4587820000148,1.2421838304224102,0.9999999999999999
585.8106460000163,1.9528373190988715,0.9999999999999999,585.7188840000149,1.2865439234302416,0.9999999999999999
586.063160000016,1.828867047358813,0.9999999999999999,585.9568410000145,1.3374233432838427,0.9999999999999999
586.3066880000159,1.7116500709468871,0.9999999999999999,586.2026320000144,1.3939449107101956,0.9999999999999999
586.558067000016,1.6168749029145608,0.9999999999999999,586.4486300000146,1.458596040875667,0.9999999999999999
586.803569000016,1.5587212336535543,0.9999999999999999,586.6961610000143,1.5328901022056889,0.9999999999999999
587.0501820000161,1.5443835587779262,0.9999999999999999,586.9486080000146,1.6137688054448487,0.9999999999999999
587.3014830000161,1.568289880355149,0.9999999999999999,587.1943710000146,1.6950027286869562,0.9999999999999999
587.5410860000162,1.6109496421818055,0.9999999999999999,587.4382320000144,1.773554810332103,0.9999999999999999
587.7911840000163,1.6463736638326119,0.9999999999999999,587.6973200000142,1.849398315797587,0.9999999999999999
588.039746000016,1.6551046056879906,0.9999999999999999,587.9372540000139,1.9213015411274827,0.9999999999999999
588.301198000016,1.633380151790765,0.9999999999999999,588.1822810000142,1.9876996013449246,0.9999999999999999
588.5403700000162,1.5920911319420956,0.9999999999999999,588.4297900000143,2.0508970458067046,0.9999999999999999
588.7842850000158,1.5494534343892519,0.9999999999999999,588.6758300000142,2.115814329201712,0.9729660144181256
589.0327300000157,1.5240551424147024,0.9999999999999999,588.9306890000138,2.1793348038459572,0.9142636457260556
589.2805760000158,1.529116080042283,0.9999999999999999,589.1706760000139,2.2208737957283584,0.8795056642636456
589.537979000016,1.5684220155698805,0.9999999999999999,589.4248760000144,2.2150333916415956,0.8856848609680741
589.7739360000162,1.6329761366883164,0.9999999999999999,589.663564000014,2.1532237180101825,0.9405252317198763
590.0194330000165,1.7030535518946075,0.9999999999999999,589.9174550000143,2.0460357698000293,0.9999999999999999
590.2679700000166,1.7551492320505422,0.9999999999999999,590.1589760000148,1.913123175982011,0.9999999999999999
590.5134330000166,1.7709385837277913,0.9999999999999999,590.4054530000149,1.7746878275741862,0.9999999999999999
590.7665400000166,1.7422967178823383,0.9999999999999999,590.6581480000153,1.6469666497064583,0.9999999999999999
591.0163620000164,1.6726833447386196,0.9999999999999999,590.9085860000156,1.5426797761264042,0.9999999999999999
591.2654280000164,1.5746812433731137,0.9999999999999999,591.1596670000155,1.4735119267519619,0.9999999999999999
591.5134530000159,1.4653308609102926,0.9999999999999999,591.4010900000153,1.4485493113076884,0.9999999999999999
591.7562930000156,1.3611218280216433,0.9999999999999999,591.6429780000153,1.4670331962081078,0.9999999999999999
592.0042880000155,1.272453157900916,0.9999999999999999,591.8962550000153,1.511592763524674,0.9999999999999999
592.2557620000155,1.203588117498413,0.9999999999999999,592.1462110000155,1.558568333192325,0.9999999999999999
592.4963980000158,1.1554080893976157,0.9999999999999999,592.3901540000154,1.594752007737832,0.9999999999999999
592.7557140000156,1.1286065300457153,0.9999999999999999,592.6381670000156,1.6191275419553346,0.9999999999999999
592.9937970000158,1.1287773867427915,0.9999999999999999,592.8860760000157,1.6319388247259738,0.9999999999999999
593.2418560000161,1.1666278724773123,0.9999999999999999,593.1467350000154,1.6280458706606677,0.9999999999999999
593.4936620000162,1.2500461389722815,0.9999999999999999,593.3953880000157,1.5985224759080745,0.9999999999999999
593.7391680000162,1.3783817304354378,0.9999999999999999,593.6315320000156,1.5411755709779709,0.9999999999999999
594.0100630000163,1.5431336150833506,0.9999999999999999,593.8750350000157,1.4653864541626875,0.9999999999999999
594.234147000016,1.7314324451251386,0.9999999999999999,594.1284450000154,1.3915282048897084,0.9999999999999999
594.4830130000162,1.9255020787473631,0.9999999999999999,594.3707220000164,1.3433351523774062,0.9999999999999999
594.7265050000159,2.101985534229685,0.9884140061791966,594.623809000016,1.3361740367391821,0.9999999999999999
594.9778490000156,2.2342956214677274,0.8656024716786818,594.8792900000167,1.3699123676764642,0.9999999999999999
595.2202540000159,2.2986823489653307,0.774545142464813,595.1112100000165,1.4327315290039475,0.9999999999999999
595.4721700000165,2.28318371156783,0.8033813937521456,595.3835380000168,1.508917387805554,0.9999999999999999
595.7157080000164,2.1973610257624876,0.8972708547888774,595.6191840000163,1.5841012402809462,0.9999999999999999
595.9712080000166,2.0677232105907186,0.9999999999999999,595.8580420000164,1.6485913436419695,0.9999999999999999
596.218810000017,1.9255609542487593,0.9999999999999999,596.1063320000166,1.69997712658922,0.9999999999999999
596.4639230000174,1.7951638959114544,0.9999999999999999,596.3520110000161,1.7416603812026308,0.9999999999999999
596.7269880000179,1.6890713550929053,0.9999999999999999,596.6113440000164,1.7758019167054286,0.9999999999999999
596.9578430000178,1.6097681077522492,0.9999999999999999,596.8505770000165,1.7977243234747895,0.9999999999999999
597.2168150000174,1.549897299992757,0.9999999999999999,597.0970000000166,1.7987185319405463,0.9999999999999999
597.4553780000175,1.4950261345166431,0.9999999999999999,597.3430070000164,1.7736182106854788,0.9999999999999999
597.7024910000174,1.4317435844471744,0.9999999999999999,597.5979500000166,1.7211257660082737,0.9999999999999999
597.9396540000173,1.3555679768564142,0.9999999999999999,597.8356950000166,1.642887095121102,0.9999999999999999
598.1965860000174,1.2713123427390238,0.9999999999999999,598.081677000017,1.5464647917240693,0.9999999999999999
598.4505480000171,1.188900943573618,0.9999999999999999,598.331648000017,1.4452216794965265,0.9999999999999999
598.6840930000171,1.1190607487849036,0.9999999999999999,598.5802150000169,1.3571173823710407,0.9999999999999999
598.9365270000175,1.0708703467149068,0.9999999999999999,598.8227330000163,1.301655132296732,0.9999999999999999
599.2016300000172,1.0514536727310215,0.9999999999999999,599.076552000016,1.2961172651201038,0.9999999999999999
599.4337110000174,1.0674978279753138,0.9999999999999999,599.3261060000157,1.3504640940013184,0.9999999999999999
599.6810840000168,1.1259802474113416,0.9999999999999999,599.574165000016,1.4620341310982448,0.9999999999999999
599.9397440000166,1.2339979395108895,0.9999999999999999,599.8305770000159,1.6133938784515858,0.9999999999999999
600.1751260000165,1.3947376349091363,0.9999999999999999,600.0615220000161,1.7735077379236093,0.9999999999999999
600.4229250000168,1.5977811013347882,0.9999999999999999,600.3129290000161,1.9037866550619917,0.9999999999999999
600.671997000017,1.8182625128619676,0.9999999999999999,600.5600580000162,1.9837475035131336,0.9999999999999999
600.9140410000166,2.02735160365246,0.9999999999999999,600.8098230000164,2.0118323566550793,0.9999999999999999
601.1640300000167,2.2034418522525496,0.8926364572605561,601.0647820000164,2.0109753892652913,0.9999999999999999
601.4124010000168,2.336516219394246,0.708462066598009,,,
601.677470000017,2.4247900579388793,0.594318571918984,,,
601.9084070000171,2.4716886665450475,0.510212838997597,,,
602.1535610000172,2.482423179539553,0.49579471335393066,,,
602.3999670000175,2.4626901063397217,0.530638516992791,,,
602.6535310000176,2.4194880529311864,0.6003261242705115,,,
602.8928430000174,2.360140424715868,0.6820288362512874,,,
603.1428140000174,2.2934299697405844,0.7853587366975627,,,
