condition 1 time (s),condition 1 tbr,condition 1 nai,condition 2 time (s),condition 2 tbr,condition 2 nai
4.341887999999997,28.89281769380048,0.0,4.340249,24.15974952719304,0.0
4.592240999999994,28.019376561771836,0.0,4.5876009999999985,22.810130663464367,0.0
4.847826999999999,26.51666003914696,0.0,4.834177000000001,21.05517790634444,0.0
5.112190999999995,24.73286736277856,0.0,5.089507000000003,19.269827061753247,0.0
5.335246,22.863209838962753,0.0,5.332040000000004,17.632197207577583,0.0
5.582618,21.091616498432842,0.0,5.587956000000003,16.149412342760428,0.0
5.830132000000001,19.569989258425284,0.0,5.8219090000000016,14.438416240116137,0.0
6.075156999999999,18.289875972329625,0.0,6.072211,11.870523807406613,0.0
6.330614999999999,16.825997473760026,0.0,6.319617000000003,9.65240632462038,0.0
6.570450999999996,14.423878006908293,0.0,6.567121000000001,7.96382418370723,0.0
6.8230449999999925,12.200431273783932,0.0,6.815177000000001,6.704134857168182,0.0
7.067654999999995,10.544535751433074,0.0,7.062623000000005,5.762818256812553,0.0
7.341584999999999,9.317973882905003,0.0,7.309980000000008,5.037406018118835,0.0
7.561066000000004,8.389914442924937,0.0,7.557971000000014,4.450033817748544,0.0
7.808989000000002,7.664244354153358,0.0,7.809007000000015,3.953026365199194,0.0
8.057315000000004,7.084582628902464,0.0,8.050305000000014,3.516366715426974,0.0
8.304830000000003,6.617253243612899,0.0,8.305948000000015,3.1205315160154803,0.09819587628865976
8.552214000000008,6.232003185315574,0.0,8.557756000000017,2.7580224722881006,0.5300687285223368
8.800783000000004,5.891801841009672,0.0,8.800194000000015,2.428749752048923,0.9466494845360824
9.04562100000001,5.566019333973591,0.0,9.044552000000015,2.1347705732439173,0.9999999999999999
9.29561600000002,5.22581688321178,0.0,9.296121000000019,1.8773721958158163,0.9999999999999999
9.553157000000017,4.840108996706463,0.0,9.541619000000013,1.6573587543635107,0.9999999999999999
9.793696000000018,4.406151367323336,0.0,9.79009000000002,1.4716687475968393,0.9999999999999999
10.038151000000019,3.949388724190821,0.0,10.031461000000014,1.315460731773179,0.9999999999999999
10.28710900000003,3.5069345795370976,0.0,10.283669000000012,1.183271472530508,0.9999999999999999
10.561163000000029,3.109568352233348,0.10206185567010305,10.529861000000011,1.0709307101983379,0.9999999999999999
10.78359100000003,2.7765365728977067,0.49518900343642613,10.780778000000021,0.9760476344608705,0.9999999999999999
11.026162000000033,2.510696966483847,0.884020618556701,11.025592000000016,0.8970963455126391,0.9999999999999999
11.274732000000038,2.309620173802891,0.9999999999999999,11.274243000000018,0.8323829691868404,0.9999999999999999
11.534735000000044,2.1668518790634503,0.9999999999999999,11.517633000000025,0.7787859844912471,0.9999999999999999
11.802682000000049,2.07022230252112,0.9999999999999999,11.764033000000016,0.7310708309288009,0.9999999999999999
12.02951500000005,2.0031780594396658,0.9999999999999999,12.016225000000016,0.6841690477228841,0.9999999999999999
12.279015000000053,1.9506547870707438,0.9999999999999999,12.264273000000015,0.6371002517537266,0.9999999999999999
12.516592000000049,1.9025772103478404,0.9999999999999999,12.514599000000015,0.5933403215832187,0.9999999999999999
12.768079000000048,1.855922087616019,0.9999999999999999,12.762638000000015,0.5578980430591057,0.9999999999999999
13.008059000000058,1.8112391713759903,0.9999999999999999,13.007662000000012,0.5335715062775371,0.9999999999999999
13.258555000000062,1.7733125830689433,0.9999999999999999,13.266108000000024,0.5186966891537658,0.9999999999999999
13.501356000000063,1.753965482094281,0.9999999999999999,13.504587000000024,0.5087098706495233,0.9999999999999999
13.749900000000071,1.7691453599746259,0.9999999999999999,13.746455000000026,0.49993102386089167,0.9999999999999999
13.999366000000075,1.8310141852064898,0.9999999999999999,13.99707300000002,0.4915668869196204,0.9999999999999999
14.247958000000077,1.9440291845789728,0.9999999999999999,14.237554000000028,0.48345835418758343,0.9999999999999999
14.502929000000083,2.098488754349232,0.9999999999999999,14.502027000000028,0.474131802719685,0.9999999999999999
14.745331000000084,2.268938456337063,0.9999999999999999,14.738940000000028,0.46146761467311725,0.9999999999999999
15.010842000000086,2.432296967919016,0.9451030927835051,14.989608000000027,0.44382799535561274,0.9999999999999999
15.243940000000093,2.573075893834665,0.8223367697594501,15.238573000000024,0.4207545839425779,0.9999999999999999
15.489390000000089,2.683934401857189,0.6503436426116839,15.482574000000024,0.39360819694908905,0.9999999999999999
15.74235200000008,2.763223199428178,0.5216494845360824,15.726390000000015,0.36517737784306636,0.9999999999999999
15.983844000000094,2.8114684242551515,0.4422680412371134,15.973807000000019,0.3391105478339264,0.9999999999999999
16.228263000000098,2.8257191675955933,0.4170103092783506,16.222348000000025,0.31925721198785195,0.9999999999999999
16.4776690000001,2.800932312756732,0.4530927835051547,16.475155000000033,0.30866883912108684,0.9999999999999999
16.730696000000076,2.734575729964686,0.5769759450171821,16.717716000000014,0.3073520689350554,0.9999999999999999
16.967110000000073,2.6312124130959917,0.7309278350515463,16.965476000000006,0.31169010534751285,0.9999999999999999
17.22793600000007,2.5003159213392636,0.8948453608247422,17.218166999999987,0.3163983679630068,0.9999999999999999
17.46598000000007,2.3532054613742157,0.9999999999999999,17.463109999999972,0.31790146043634226,0.9999999999999999
17.718138000000074,2.1955806154789785,0.9999999999999999,17.730602999999967,0.3158433570995184,0.9999999999999999
17.95949900000007,2.027761690902564,0.9999999999999999,17.957516999999967,0.31189628922491697,0.9999999999999999
18.22438300000006,1.8506409314353047,0.9999999999999999,18.202987999999973,0.3078838720112401,0.9999999999999999
18.46277300000005,1.6715648794448028,0.9999999999999999,18.447416999999977,0.30488664170744806,0.9999999999999999
18.70539700000003,1.503109214054826,0.9999999999999999,18.70048099999997,0.30252619977753775,0.9999999999999999
18.951823000000015,1.3589717633846001,0.9999999999999999,18.960950999999955,0.2993075829377872,0.9999999999999999
19.201756000000003,1.2512147339355988,0.9999999999999999,19.21013599999994,0.2939098848828532,0.9999999999999999
19.459282999999992,1.1891473424737573,0.9999999999999999,19.438351999999934,0.2863160135498558,0.9999999999999999
19.695772999999974,1.177940685815022,0.9999999999999999,19.69289499999994,0.27690317987558566,0.9999999999999999
19.93768099999995,1.215737190031169,0.9999999999999999,19.934285999999926,0.2661850691515212,0.9999999999999999
20.19881899999996,1.2931596771055858,0.9999999999999999,20.182329999999908,0.25443872391417527,0.9999999999999999
20.43570099999995,1.3929567937677145,0.9999999999999999,20.443450999999897,0.24151532956342792,0.9999999999999999
20.68070099999994,1.490164214758073,0.9999999999999999,20.683413999999882,0.22745993387465457,0.9999999999999999
20.952841999999936,1.5595312384401416,0.9999999999999999,20.938742999999874,0.2133221720248138,0.9999999999999999
21.180121999999937,1.5878450564722162,0.9999999999999999,21.171764999999873,0.20111168163675563,0.9999999999999999
21.437007999999928,1.574554478103113,0.9999999999999999,21.422405999999867,0.19313142141136713,0.9999999999999999
21.676272999999934,1.5290083616173447,0.9999999999999999,21.674815999999865,0.19096174335187233,0.9999999999999999
21.919119999999932,1.4656743715505942,0.9999999999999999,21.91429199999985,0.19529326015679804,0.9999999999999999
22.169091999999935,1.3958152075772614,0.9999999999999999,22.165771999999826,0.20603506422349183,0.9999999999999999
22.416201999999924,1.322601595540109,0.9999999999999999,22.408800999999823,0.2233717323161307,0.9999999999999999
22.673576999999902,1.2436256449053944,0.9999999999999999,22.65430399999981,0.24974398733563086,0.9999999999999999
22.905367999999914,1.157058715207428,0.9999999999999999,22.902592999999797,0.2901960973538251,0.9999999999999999
23.1577989999999,1.0652151186754433,0.9999999999999999,23.154509999999792,0.350392996241188,0.9999999999999999
23.40526399999988,0.9752190670045147,0.9999999999999999,23.403688999999783,0.4311949755954427,0.9999999999999999
23.654798999999873,0.8960430915122554,0.9999999999999999,23.64772299999977,0.5225688107986743,0.9999999999999999
23.90364499999986,0.8354758152315032,0.9999999999999999,23.90852099999975,0.6046007343385017,0.9999999999999999
24.141723999999847,0.7978211284877901,0.9999999999999999,24.14766499999976,0.6596712669703422,0.9999999999999999
24.38902299999983,0.7809807808174543,0.9999999999999999,24.39557899999975,0.6824813087976211,0.9999999999999999
24.64648699999983,0.776016051707052,0.9999999999999999,24.64029499999974,0.6782776677352437,0.9999999999999999
24.885345999999828,0.7710258541995227,0.9999999999999999,24.89143899999973,0.6564697045980475,0.9999999999999999
25.135313999999823,0.7574691467434649,0.9999999999999999,25.131171999999726,0.6259486048470296,0.9999999999999999
25.388884999999803,0.7334931014681833,0.9999999999999999,25.40405099999971,0.5935390132729875,0.9999999999999999
25.6359349999998,0.7025355939608531,0.9999999999999999,25.631553999999717,0.5633687644342191,0.9999999999999999
25.88620499999978,0.6704127578819428,0.9999999999999999,25.876414999999707,0.5367583919476021,0.9999999999999999
26.13521999999977,0.6433795752101288,0.9999999999999999,26.126349999999686,0.5127470985908341,0.9999999999999999
26.376173999999775,0.6269081987212791,0.9999999999999999,26.376822999999664,0.48976826764509973,0.9999999999999999
26.62720299999976,0.6237533791222512,0.9999999999999999,26.629335999999654,0.46652685825956725,0.9999999999999999
26.868561999999752,0.6313899614330909,0.9999999999999999,26.874823999999652,0.4414513938686286,0.9999999999999999
27.129164999999734,0.6447914127032028,0.9999999999999999,27.118774999999623,0.41306286691274186,0.9999999999999999
27.367022999999737,0.6613783056796079,0.9999999999999999,27.359786999999606,0.38108475021568483,0.9999999999999999
27.618665999999727,0.6818192027289214,0.9999999999999999,27.613643999999592,0.34679282638823683,0.9999999999999999
27.867431999999724,0.7060742454603175,0.9999999999999999,27.85666599999958,0.3126815626021336,0.9999999999999999
28.100473999999704,0.7313325099894992,0.9999999999999999,28.10262999999957,0.28178937524019265,0.9999999999999999
28.358421999999695,0.7513973498703617,0.9999999999999999,28.36357699999957,0.25661995872105214,0.9999999999999999
28.605050999999687,0.7584770569132204,0.9999999999999999,28.61263599999956,0.2384046505838945,0.9999999999999999
28.852528999999667,0.7478309011431017,0.9999999999999999,28.85372599999954,0.22659381838304418,0.9999999999999999
29.09844099999966,0.7212048334226402,0.9999999999999999,29.09911299999954,0.21925929194708924,0.9999999999999999
29.349120999999645,0.6850829767500763,0.9999999999999999,29.343583999999538,0.21463911514621797,0.9999999999999999
29.58999199999964,0.6471749880073032,0.9999999999999999,29.593535999999524,0.21125602320882986,0.9999999999999999
29.838271999999634,0.6139469566152651,0.9999999999999999,29.842144999999512,0.20826220749035224,0.9999999999999999
30.084606999999618,0.5900678055880326,0.9999999999999999,30.095014999999503,0.20533803884395968,0.9999999999999999
30.346182999999616,0.5776472117622459,0.9999999999999999,30.329010999999493,0.20251774823914076,0.9999999999999999
30.590727999999615,0.575942763052117,0.9999999999999999,30.580578999999492,0.19999035172163163,0.9999999999999999
30.831682999999597,0.5818388995229556,0.9999999999999999,30.832727999999488,0.19808920285630507,0.9999999999999999
31.083754999999588,0.5909622509629566,0.9999999999999999,31.081728999999484,0.1969060323994162,0.9999999999999999
31.325629999999574,0.5988776644253538,0.9999999999999999,31.32910599999948,0.1962814857096156,0.9999999999999999
31.578543999999564,0.6026504565705135,0.9999999999999999,31.57207399999946,0.19615632148943568,0.9999999999999999
31.818023999999554,0.602030085006258,0.9999999999999999,31.830042999999453,0.19717795274560057,0.9999999999999999
32.067098999999544,0.598477706823675,0.9999999999999999,32.068928999999464,0.20077511391772576,0.9999999999999999
32.328970999999534,0.5933872522519038,0.9999999999999999,32.32547899999945,0.2084496726119012,0.9999999999999999
32.56446299999953,0.5863404599850095,0.9999999999999999,32.56142299999943,0.22090398749661544,0.9999999999999999
32.80553099999953,0.5759649715855243,0.9999999999999999,32.81945099999944,0.23765552563072864,0.9999999999999999
33.051514999999526,0.5614081319737625,0.9999999999999999,33.08577099999946,0.25686511506667253,0.9999999999999999
33.31099899999954,0.5433743847698267,0.9999999999999999,33.30468499999949,0.2755502992982535,0.9999999999999999
33.55849499999954,0.5238229053405431,0.9999999999999999,33.54945999999949,0.2903040111847435,0.9999999999999999
33.80349299999955,0.5052681892738342,0.9999999999999999,33.8079149999995,0.2982460833996866,0.9999999999999999
34.053466999999564,0.4901547845140961,0.9999999999999999,34.04543999999952,0.29789143808594215,0.9999999999999999
34.292285999999564,0.48059249555534034,0.9999999999999999,34.29398299999953,0.29043510319148796,0.9999999999999999
34.54143999999957,0.47872100503766213,0.9999999999999999,34.54393299999952,0.2796672863755227,0.9999999999999999
34.806782999999555,0.4862947599906163,0.9999999999999999,34.79028199999953,0.2700438816710889,0.9999999999999999
35.04335999999956,0.5035684712449079,0.9999999999999999,35.035679999999516,0.2649771399272092,0.9999999999999999
35.27884199999955,0.5304294528108434,0.9999999999999999,35.2863049999995,0.2668046924992203,0.9999999999999999
35.536217999999565,0.566405277092358,0.9999999999999999,35.5382599999995,0.27647975214043863,0.9999999999999999
35.78487699999958,0.6101487015274778,0.9999999999999999,35.78223899999952,0.2938144382820214,0.9999999999999999
36.027660999999576,0.6604076390464481,0.9999999999999999,36.03676299999954,0.31737705957301876,0.9999999999999999
36.27162699999955,0.7152962379780907,0.9999999999999999,36.28816299999957,0.3440018721080225,0.9999999999999999
36.52450499999955,0.7739228167269457,0.9999999999999999,36.52994399999958,0.36954181006285297,0.9999999999999999
36.76452599999957,0.8368511589455625,0.9999999999999999,36.7734909999996,0.39343824928082866,0.9999999999999999
37.01962399999958,0.9050486550766766,0.9999999999999999,37.01846299999959,0.4199585095320202,0.9999999999999999
37.26936299999955,0.977720837294715,0.9999999999999999,37.264890999999594,0.4546117903879657,0.9999999999999999
37.50844899999956,1.049582218375209,0.9999999999999999,37.5204899999996,0.49899018078096224,0.9999999999999999
37.75475399999955,1.1093891648150733,0.9999999999999999,37.76143899999961,0.5491759262800459,0.9999999999999999
38.023678999999554,1.1438233580442516,0.9999999999999999,38.00598599999964,0.5977095729538155,0.9999999999999999
38.26324399999962,1.145234842656794,0.9999999999999999,38.252580999999665,0.6366277741424822,0.9999999999999999
38.50176199999963,1.1163379296468001,0.9999999999999999,38.50501899999964,0.6607880851728315,0.9999999999999999
38.74619899999967,1.068284702506702,0.9999999999999999,38.75982799999965,0.6702607200390182,0.9999999999999999
38.99587299999972,1.0141546261731373,0.9999999999999999,38.99885599999967,0.6704238020697,0.9999999999999999
39.24019899999974,0.9635534815815973,0.9999999999999999,39.24558999999968,0.6696597903552688,0.9999999999999999
39.492231999999724,0.9203070641034077,0.9999999999999999,39.50461299999968,0.676222731836099,0.9999999999999999
39.74222899999973,0.8833924669701051,0.9999999999999999,39.745602999999676,0.6942152912039025,0.9999999999999999
39.99726999999976,0.849538592360233,0.9999999999999999,39.98555999999968,0.7204208196018795,0.9999999999999999
40.22877199999975,0.8144374037003557,0.9999999999999999,40.24215899999971,0.7444952783602321,0.9999999999999999
40.48114899999976,0.7750405919613865,0.9999999999999999,40.483608999999724,0.7551085913560206,0.9999999999999999
40.72303599999975,0.7315605332536612,0.9999999999999999,40.734985999999736,0.7468029016329505,0.9999999999999999
40.97970199999975,0.6878152431072657,0.9999999999999999,40.97882199999972,0.7208100477734328,0.9999999999999999
41.23107699999973,0.650808413963204,0.9999999999999999,41.228968999999715,0.6818389970857617,0.9999999999999999
41.46797599999974,0.6289733515530072,0.9999999999999999,41.47637899999971,0.6351696122493443,0.9999999999999999
41.73112299999975,0.6299304217689323,0.9999999999999999,41.723953999999736,0.5857912814316028,0.9999999999999999
41.96659999999973,0.658018657371935,0.9999999999999999,41.971915999999744,0.5384309482643892,0.9999999999999999
42.21312699999975,0.7113579567199643,0.9999999999999999,42.224351999999776,0.4975391903296156,0.9999999999999999
42.47600699999977,0.7798213495714146,0.9999999999999999,42.46799999999979,0.46667890485906793,0.9999999999999999
42.71105199999979,0.8479890891431685,0.9999999999999999,42.71585999999983,0.44626944108885,0.9999999999999999
42.956566999999836,0.9005975505185619,0.9999999999999999,42.96293299999983,0.4318298962969778,0.9999999999999999
43.20493099999986,0.9286251441191473,0.9999999999999999,43.207797999999805,0.41720287515597265,0.9999999999999999
43.45209399999985,0.9317093075325585,0.9999999999999999,43.454443999999796,0.3991355756814487,0.9999999999999999
43.720873999999846,0.9163688187767316,0.9999999999999999,43.70847199999981,0.37913048409477534,0.9999999999999999
43.956523999999824,0.8923940977821176,0.9999999999999999,43.961525999999814,0.36099758979998625,0.9999999999999999
44.198048999999855,0.8696645100280292,0.9999999999999999,44.2008429999998,0.34802757297836817,0.9999999999999999
44.44083499999982,0.856266046237384,0.9999999999999999,44.44585199999982,0.3413757366211674,0.9999999999999999
44.691272999999846,0.8577233862262847,0.9999999999999999,44.69727299999983,0.33916738522736195,0.9999999999999999
44.946253999999854,0.8781155443636037,0.9999999999999999,44.94891999999982,0.3370219424362791,0.9999999999999999
45.180531999999815,0.9188131729783658,0.9999999999999999,45.20911699999981,0.33087247693058197,0.9999999999999999
45.433060999999796,0.975519720710925,0.9999999999999999,45.43542899999981,0.3193810703219446,0.9999999999999999
45.68402699999983,1.036145914821617,0.9999999999999999,45.688497999999804,0.3045337948845594,0.9999999999999999
45.92967799999985,1.0839812791574641,0.9999999999999999,45.93445999999984,0.29061183148002245,0.9999999999999999
46.17318399999984,1.1070566591795998,0.9999999999999999,46.184456999999846,0.28265970694594966,0.9999999999999999
46.41603999999984,1.1063666142143629,0.9999999999999999,46.425981999999856,0.28523898407444204,0.9999999999999999
46.66962799999983,1.091948001391306,0.9999999999999999,46.677711999999886,0.30140503454032697,0.9999999999999999
46.91968599999986,1.0745792730801824,0.9999999999999999,46.92166799999988,0.3310305703188876,0.9999999999999999
47.17150299999986,1.0609944099626192,0.9999999999999999,47.181648999999894,0.3676105404001626,0.9999999999999999
47.41147699999989,1.0520385368163705,0.9999999999999999,47.41618899999991,0.3989471046327356,0.9999999999999999
47.69702099999989,1.0431571359582397,0.9999999999999999,47.66426699999993,0.41487102453701,0.9999999999999999
47.90234499999991,1.028936232500823,0.9999999999999999,47.911843999999924,0.4138663484230096,0.9999999999999999
48.154928999999925,1.007560601667726,0.9999999999999999,48.1599569999999,0.4013374735331898,0.9999999999999999
48.40889099999992,0.9819548720735762,0.9999999999999999,48.40703599999991,0.38465557320933,0.9999999999999999
48.65291799999993,0.9578599295718087,0.9999999999999999,48.6549099999999,0.37047433481199715,0.9999999999999999
48.909663999999914,0.939771265881152,0.9999999999999999,48.89984899999991,0.36408839996012116,0.9999999999999999
49.14279399999994,0.9292914861657738,0.9999999999999999,49.15789999999989,0.36853321524897187,0.9999999999999999
49.39116899999993,0.9252843986513403,0.9999999999999999,49.39973199999991,0.3834900621622944,0.9999999999999999
49.65822899999992,0.9248833349408213,0.9999999999999999,49.65017699999992,0.406042207368537,0.9999999999999999
49.89756899999993,0.9248312706018188,0.9999999999999999,49.90014999999992,0.4325613741347684,0.9999999999999999
50.16353599999996,0.9241726996995949,0.9999999999999999,50.14208899999992,0.4599854777974806,0.9999999999999999
50.38003599999995,0.9235102809330296,0.9999999999999999,50.40205199999994,0.4862614807028589,0.9999999999999999
50.630622999999936,0.922820384303954,0.9999999999999999,50.63525199999997,0.5094904857454287,0.9999999999999999
50.87692599999994,0.9216951930673465,0.9999999999999999,50.89053599999995,0.5271373423313217,0.9999999999999999
51.127566999999935,0.9200796778374707,0.9999999999999999,51.13053399999996,0.5361371043965087,0.9999999999999999
51.377530999999976,0.9184283007649292,0.9999999999999999,51.37939599999996,0.5335232067415486,0.9999999999999999
51.62087899999998,0.9171637584109827,0.9999999999999999,51.64293099999995,0.518486599448618,0.9999999999999999
51.87692799999999,0.9156754840129506,0.9999999999999999,51.87534499999996,0.4942457114463039,0.9999999999999999
52.119827,0.9126956387175298,0.9999999999999999,52.12338399999997,0.46615257565275847,0.9999999999999999
52.35934000000002,0.9071980750568606,0.9999999999999999,52.372416999999984,0.43886475415901616,0.9999999999999999
52.61418700000005,0.8999629417031026,0.9999999999999999,52.617504999999994,0.41466079969599445,0.9999999999999999
52.85763600000007,0.8958183104232766,0.9999999999999999,52.862317000000004,0.39432698086790924,0.9999999999999999
53.1045800000001,0.9024997989085791,0.9999999999999999,53.117925000000035,0.37827565405832747,0.9999999999999999
53.355823000000115,0.9257675474739007,0.9999999999999999,53.36141400000004,0.3672851866610391,0.9999999999999999
53.59665200000014,0.9660879424087508,0.9999999999999999,53.606487000000044,0.36205110862377415,0.9999999999999999
53.84919800000015,1.0185369559119786,0.9999999999999999,53.855712000000004,0.3622814034904144,0.9999999999999999
54.094162000000146,1.0738117031011198,0.9999999999999999,54.098840000000024,0.36625204496086616,0.9999999999999999
54.33773100000015,1.12073906858285,0.9999999999999999,54.34811400000002,0.37134769951214047,0.9999999999999999
54.59062000000016,1.1476023066101684,0.9999999999999999,54.59746600000003,0.375226326662726,0.9999999999999999
54.852307000000124,1.1454839133924704,0.9999999999999999,54.84139000000002,0.3770320907221384,0.9999999999999999
55.09104400000013,1.116330293873529,0.9999999999999999,55.09195700000002,0.37755901058871855,0.9999999999999999
55.334569000000144,1.0752367568429297,0.9999999999999999,55.34045200000001,0.3783721599955654,0.9999999999999999
55.581517000000126,1.038904851808887,0.9999999999999999,55.58490300000002,0.3806456041766608,0.9999999999999999
55.82958200000011,1.0172840638150153,0.9999999999999999,55.83298900000005,0.38413711986864096,0.9999999999999999
56.07209800000013,1.0138603566867923,0.9999999999999999,56.080027000000044,0.3869649753223673,0.9999999999999999
56.32135200000011,1.028229781341523,0.9999999999999999,56.32988200000007,0.3866920454252313,0.9999999999999999
56.569702000000106,1.0573791599077553,0.9999999999999999,56.58998500000008,0.38218327328073654,0.9999999999999999
56.81131100000013,1.095529909443931,0.9999999999999999,56.825130000000094,0.37420358457959796,0.9999999999999999
57.06406500000013,1.1332328930083473,0.9999999999999999,57.0705320000001,0.3653789341216722,0.9999999999999999
57.32171800000014,1.158689546230627,0.9999999999999999,57.31907300000009,0.35955919600406383,0.9999999999999999
57.559673000000146,1.1619077022452906,0.9999999999999999,57.565990000000106,0.3609430294780409,0.9999999999999999
57.81874900000016,1.13993639696497,0.9999999999999999,57.81852300000012,0.37266605714730466,0.9999999999999999
58.051747000000155,1.0970878907286519,0.9999999999999999,58.06398000000011,0.3950123436268488,0.9999999999999999
58.30417600000015,1.0400917934119878,0.9999999999999999,58.31027200000012,0.4247352122098814,0.9999999999999999
58.54852200000014,0.974654087168348,0.9999999999999999,58.5551280000001,0.4557763542189737,0.9999999999999999
58.80057100000016,0.9047216118985988,0.9999999999999999,58.80461000000011,0.4808157125597897,0.9999999999999999
59.04005300000019,0.8342055346800303,0.9999999999999999,59.06017000000009,0.4944718588010606,0.9999999999999999
59.29020600000017,0.7670903977740896,0.9999999999999999,59.307677000000105,0.49637414473623853,0.9999999999999999
59.537271000000175,0.7090800959876419,0.9999999999999999,59.5492190000001,0.4902647957970411,0.9999999999999999
59.78424600000017,0.666768181312066,0.9999999999999999,59.798252000000105,0.4806826933142801,0.9999999999999999
60.03132400000018,0.6455761800888346,0.9999999999999999,60.05224800000012,0.4704018462023079,0.9999999999999999
60.27728000000019,0.6466617925298721,0.9999999999999999,60.29025000000013,0.4597572737998638,0.9999999999999999
60.52611000000021,0.6641220785931571,0.9999999999999999,60.531255000000144,0.4474360897815385,0.9999999999999999
60.77185800000021,0.686155964911331,0.9999999999999999,60.785236000000154,0.43260718280491384,0.9999999999999999
61.0268500000002,0.7019652994401543,0.9999999999999999,61.04072200000015,0.4164920472592684,0.9999999999999999
61.2773160000002,0.7080934697732626,0.9999999999999999,61.28035400000015,0.401569412358771,0.9999999999999999
61.521661000000215,0.7073174858482016,0.9999999999999999,61.52727300000016,0.389833333071127,0.9999999999999999
61.771619000000186,0.703769076288161,0.9999999999999999,61.77685300000017,0.38216745921509304,0.9999999999999999
62.01559900000018,0.6992725985101054,0.9999999999999999,62.02765600000017,0.37879446339093553,0.9999999999999999
62.26281300000019,0.6929424684261974,0.9999999999999999,62.283231000000164,0.3795085936752972,0.9999999999999999
62.5103410000002,0.6825837367181922,0.9999999999999999,62.52469800000017,0.38394258080425514,0.9999999999999999
62.75536500000021,0.6679157832812961,0.9999999999999999,62.76187400000016,0.3918514291701766,0.9999999999999999
63.010343000000205,0.652800317130929,0.9999999999999999,63.01269400000015,0.4030503676335192,0.9999999999999999
63.25835000000024,0.6449303193226199,0.9999999999999999,63.25711100000018,0.4167818880272472,0.9999999999999999
63.496203000000264,0.6538295716273794,0.9999999999999999,63.50854200000019,0.4310450459105173,0.9999999999999999
63.74756700000027,0.6878561725903758,0.9999999999999999,63.755194000000195,0.4426426008916685,0.9999999999999999
64.00011600000029,0.7498182787564757,0.9999999999999999,64.00962300000019,0.4478777961728996,0.9999999999999999
64.2511110000003,0.8327090237652687,0.9999999999999999,64.25493400000019,0.4441659607849601,0.9999999999999999
64.49010000000027,0.9209348757042154,0.9999999999999999,64.49445500000017,0.4321501209491455,0.9999999999999999
64.73944700000028,0.9986330313815179,0.9999999999999999,64.74537200000019,0.41568969439540715,0.9999999999999999
64.98194300000027,1.0565779848385821,0.9999999999999999,64.9877230000002,0.399379452659298,0.9999999999999999
65.2354640000003,1.091398786580917,0.9999999999999999,65.2372850000002,0.3868497907946397,0.9999999999999999
65.4973060000003,1.1030386799432186,0.9999999999999999,65.4876480000002,0.3803085419827543,0.9999999999999999
65.72536900000027,1.092953116115616,0.9999999999999999,65.73920800000016,0.37995915866779495,0.9999999999999999
65.9741880000002,1.063327228670529,0.9999999999999999,65.98430100000019,0.38334053564766324,0.9999999999999999
66.22216400000026,1.0177075501936117,0.9999999999999999,66.23027900000024,0.3872596310572685,0.9999999999999999
66.47070000000028,0.9613418524325883,0.9999999999999999,66.47470800000028,0.3906437378230667,0.9999999999999999
66.71718200000024,0.9009170358363969,0.9999999999999999,66.74378100000033,0.3946119694374273,0.9999999999999999
66.96401700000017,0.8424597878311703,0.9999999999999999,66.98504200000038,0.40082316518831795,0.9999999999999999
67.21310200000018,0.7898680160512173,0.9999999999999999,67.21941400000046,0.4099198755104572,0.9999999999999999
67.4646590000002,0.7443529495886946,0.9999999999999999,67.46743000000043,0.42095429199922213,0.9999999999999999
67.70495000000021,0.7056023358478075,0.9999999999999999,67.71942600000047,0.4312195190150842,0.9999999999999999
67.95244600000017,0.6731239955005077,0.9999999999999999,67.9653090000005,0.43724604600123396,0.9999999999999999
68.20465300000019,0.647467854163189,0.9999999999999999,68.21174600000055,0.43574999664115943,0.9999999999999999
68.45063600000026,0.630634176906827,0.9999999999999999,68.45767800000057,0.42540820919239436,0.9999999999999999
68.70557200000026,0.6246298384790882,0.9999999999999999,68.7091160000006,0.4068546121972433,0.9999999999999999
68.9450470000003,0.6281604450595879,0.9999999999999999,68.96773200000062,0.382428845983039,0.9999999999999999
69.1904720000003,0.6348362043147544,0.9999999999999999,69.20151500000074,0.3555660713197613,0.9999999999999999
69.4460630000003,0.6363017909703292,0.9999999999999999,69.44611500000074,0.32988205834786544,0.9999999999999999
69.69327300000032,0.6279408408689904,0.9999999999999999,69.70695500000076,0.308616220330006,0.9999999999999999
69.94266200000033,0.6116222131922647,0.9999999999999999,69.9444670000008,0.2946037898304503,0.9999999999999999
70.18712300000037,0.5940916331240309,0.9999999999999999,70.19970100000087,0.2905160324235645,0.9999999999999999
70.43195100000032,0.5839684229503341,0.9999999999999999,70.44203600000093,0.2981684268995799,0.9999999999999999
70.67949300000038,0.588981734893864,0.9999999999999999,70.68237600000094,0.31738621943572853,0.9999999999999999
70.92456900000039,0.6130848615248615,0.9999999999999999,70.92986900000096,0.3458455716051716,0.9999999999999999
71.17457100000038,0.6547769681931386,0.9999999999999999,71.17740000000099,0.3793513191001301,0.9999999999999999
71.4266070000004,0.7079775944347317,0.9999999999999999,71.42695800000095,0.41307821584375476,0.9999999999999999
71.6661400000004,0.7657277574265449,0.9999999999999999,71.67785600000096,0.44366912319060664,0.9999999999999999
71.91811400000044,0.823496174942709,0.9999999999999999,71.91939100000094,0.46994726022862526,0.9999999999999999
72.16252300000045,0.8801572925133603,0.9999999999999999,72.17382300000097,0.4923768080828276,0.9999999999999999
72.40886400000055,0.9352401313258528,0.9999999999999999,72.41526400000097,0.5119150999481002,0.9999999999999999
72.65931800000054,0.9859570419892907,0.9999999999999999,72.66076600000098,0.5300085535426087,0.9999999999999999
72.90425900000058,1.024904786372375,0.9999999999999999,72.91413800000099,0.5484120400080513,0.9999999999999999
73.17020200000057,1.0414991180739404,0.9999999999999999,73.16004600000096,0.5683154321371361,0.9999999999999999
73.40019200000059,1.0295498726720016,0.9999999999999999,73.40991600000103,0.5877281145535984,0.9999999999999999
73.65626100000058,0.9920548150881849,0.9999999999999999,73.65395400000105,0.6019352096009496,0.9999999999999999
73.89480700000053,0.9378142877387526,0.9999999999999999,73.89842500000098,0.6060707505638748,0.9999999999999999
74.14004600000052,0.8761802427151817,0.9999999999999999,74.15504900000103,0.5977259228650866,0.9999999999999999
74.39258300000053,0.8147900449587173,0.9999999999999999,74.39647300000104,0.5777363935594935,0.9999999999999999
74.63422800000053,0.7595795760301772,0.9999999999999999,74.65839800000106,0.5500780677636445,0.9999999999999999
74.88419300000054,0.7146856613731183,0.9999999999999999,74.89060100000111,0.5201476423256877,0.9999999999999999
75.13252200000052,0.6823425324291748,0.9999999999999999,75.13865100000113,0.493197205344584,0.9999999999999999
75.38100900000049,0.6622833840787516,0.9999999999999999,75.3911850000011,0.47336596058112,0.9999999999999999
75.62906400000051,0.6531991507285402,0.9999999999999999,75.63310100000112,0.46309736362391335,0.9999999999999999
75.87578700000054,0.6545546106512334,0.9999999999999999,75.88718900000116,0.4633327744435402,0.9999999999999999
76.12297900000057,0.6664568483716082,0.9999999999999999,76.13306200000117,0.47320536951804815,0.9999999999999999
76.38087800000059,0.6887538796295032,0.9999999999999999,76.37589900000118,0.48940617196343283,0.9999999999999999
76.61830000000057,0.7187713238102583,0.9999999999999999,76.61773100000121,0.5061263678926334,0.9999999999999999
76.86472000000059,0.751155079611227,0.9999999999999999,76.87528700000121,0.5170890292549781,0.9999999999999999
77.11474000000064,0.7801878986700113,0.9999999999999999,77.11997700000127,0.5188209335255927,0.9999999999999999
77.36964000000063,0.8026437867531653,0.9999999999999999,77.36520100000125,0.5121177764214757,0.9999999999999999
77.60755300000068,0.8193192643202806,0.9999999999999999,77.61171100000125,0.5004004959051842,0.9999999999999999
77.86460700000072,0.8337667677331134,0.9999999999999999,77.87046900000122,0.4869687231698387,0.9999999999999999
78.1071860000007,0.8487789116203973,0.9999999999999999,78.11050900000124,0.47418428225126313,0.9999999999999999
78.35292000000074,0.8640279191419526,0.9999999999999999,78.35054400000124,0.4631835795249625,0.9999999999999999
78.59831800000079,0.8768548196531188,0.9999999999999999,78.60581900000126,0.45385960073953757,0.9999999999999999
78.84275800000079,0.8841762296213395,0.9999999999999999,78.85078700000129,0.44455047523126795,0.9999999999999999
79.0892590000008,0.8848357659022748,0.9999999999999999,79.09986500000136,0.4326801865004321,0.9999999999999999
79.34322200000078,0.8804651618102606,0.9999999999999999,79.34700800000135,0.4166773173813949,0.9999999999999999
79.59272200000079,0.8744785178028134,0.9999999999999999,79.59297300000132,0.3971836552342648,0.9999999999999999
79.8313870000008,0.8699119200365087,0.9999999999999999,79.84406500000135,0.3767141386407258,0.9999999999999999
80.08749200000078,0.8668202714093959,0.9999999999999999,80.09146700000134,0.35878529521396474,0.9999999999999999
80.32850200000078,0.862099844594272,0.9999999999999999,80.33950800000135,0.34773283084428247,0.9999999999999999
80.57935600000074,0.8520605017551742,0.9999999999999999,80.58495300000135,0.34783282196140775,0.9999999999999999
80.84125200000078,0.8355674479520718,0.9999999999999999,80.84110700000133,0.36198294783117746,0.9999999999999999
81.0718060000008,0.8139778937899396,0.9999999999999999,81.09077300000132,0.3899780227538918,0.9999999999999999
81.3167340000008,0.7904550981168486,0.9999999999999999,81.33108200000137,0.4274122160686758,0.9999999999999999
81.5660800000008,0.7677697122466562,0.9999999999999999,81.57753100000137,0.46586765451092715,0.9999999999999999
81.81119300000078,0.7479582987149895,0.9999999999999999,81.82740500000139,0.4957819294435012,0.9999999999999999
82.06409100000084,0.7331297749506752,0.9999999999999999,82.0673090000014,0.5114617484744042,0.9999999999999999
82.31474100000084,0.7273691137981929,0.9999999999999999,82.3394410000014,0.5138899652169484,0.9999999999999999
82.5551100000008,0.7346093924370943,0.9999999999999999,82.56864800000139,0.509160806103498,0.9999999999999999
82.8026710000008,0.7554396031344374,0.9999999999999999,82.8146050000014,0.5039923596098403,0.9999999999999999
83.0573730000008,0.7861105615862725,0.9999999999999999,83.06525700000138,0.5018981727950145,0.9999999999999999
83.30264300000087,0.8188473094542283,0.9999999999999999,83.30811000000143,0.5012857147004599,0.9999999999999999
83.54910600000092,0.844554405163648,0.9999999999999999,83.55896800000147,0.4954833584615551,0.9999999999999999
83.79613900000092,0.8552158311835378,0.9999999999999999,83.80147400000145,0.476648107424913,0.9999999999999999
84.05880900000093,0.8475160666568574,0.9999999999999999,84.04765000000147,0.4431713554049061,0.9999999999999999
84.28876000000099,0.8249711731741289,0.9999999999999999,84.29708600000149,0.4014100431357858,0.9999999999999999
84.53682200000101,0.796120074608129,0.9999999999999999,84.54668300000151,0.3596670042562844,0.9999999999999999
84.79164200000103,0.7709214797729125,0.9999999999999999,84.79924400000154,0.3237691480740499,0.9999999999999999
85.04282300000104,0.7595120071173718,0.9999999999999999,85.03597700000152,0.29682455815787295,0.9999999999999999
85.27809400000112,0.7743984870611407,0.9999999999999999,85.28658700000155,0.28031148610303,0.9999999999999999
85.5349910000011,0.8356234367984063,0.9999999999999999,85.53636000000155,0.2749099648976718,0.9999999999999999
85.77737200000108,0.9714644293918573,0.9999999999999999,85.78324200000155,0.280811173216914,0.9999999999999999
86.02996100000107,1.2071932971523172,0.9999999999999999,86.03123000000157,0.29730432858593675,0.9999999999999999
86.27144500000107,1.5441084148445796,0.9999999999999999,86.28175500000162,0.32240063092496957,0.9999999999999999
86.52525600000105,1.9320344478385056,0.9999999999999999,86.52574500000168,0.3529533643686731,0.9999999999999999
86.7647110000011,2.2784203915222574,0.9999999999999999,86.76960000000169,0.3856428087777499,0.9999999999999999
87.01425300000112,2.5235778874914034,0.8701030927835051,87.02373600000173,0.4170398271795819,0.9999999999999999
87.25865100000115,2.66286343218122,0.6816151202749141,87.26455900000177,0.44368908214819636,0.9999999999999999
87.50662000000115,2.7319853743950686,0.5829896907216494,87.51172500000175,0.4628072756552051,0.9999999999999999
87.75171600000114,2.778793277229833,0.49158075601374573,87.76418800000181,0.4733837780439783,0.9999999999999999
87.99715800000118,2.836756016071419,0.39054982817869416,88.00916300000186,0.47705440732168125,0.9999999999999999
88.2455720000011,2.917404279880339,0.2883161512027491,88.25654000000188,0.4784606002767626,0.9999999999999999
88.5054970000011,3.009133263182514,0.1764604810996563,88.49804900000186,0.4839063344207025,0.9999999999999999
88.74434100000113,3.0870447674923627,0.11829896907216493,88.74890700000185,0.49878886589986665,0.9999999999999999
88.98578200000115,3.1286951490121417,0.09587628865979379,88.99536900000189,0.525507515520192,0.9999999999999999
89.23334600000123,3.12384702695941,0.09742268041237111,89.2503560000019,0.5610788912622009,0.9999999999999999
89.47817700000124,3.0761274255534716,0.12525773195876283,89.49292100000193,0.5964089304896434,0.9999999999999999
89.73279100000124,3.003917217795622,0.18247422680412367,89.74625400000194,0.6188160218390307,0.9999999999999999
89.97930800000127,2.929795162999735,0.26907216494845365,90.00042200000193,0.6181100474303223,0.9999999999999999
90.22572100000129,2.8661629595578666,0.3472508591065292,90.23700500000194,0.5948300876418372,0.9999999999999999
90.49721700000129,2.8166328764930935,0.4350515463917526,90.47901200000192,0.558176177387039,0.9999999999999999
90.72170800000133,2.786119745421315,0.47955326460481096,90.7289950000019,0.5185356492810411,0.9999999999999999
90.96358900000138,2.758341740258135,0.5300687285223368,90.97896600000192,0.4819285809105448,0.9999999999999999
91.20809700000133,2.7227930988510485,0.5890034364261167,91.22584200000193,0.4496433690134888,0.9999999999999999
91.4709550000013,2.676566425965205,0.6611683848797251,91.47224300000194,0.42060683009533284,0.9999999999999999
91.71688400000136,2.621952148281812,0.7501718213058419,91.7211370000019,0.3934017745176538,0.9999999999999999
91.95431800000141,2.5637486224890655,0.8319587628865979,91.96562600000188,0.36732705108921665,0.9999999999999999
92.20085100000142,2.5059914338819658,0.8871134020618556,92.21418000000195,0.34284329328765656,0.9999999999999999
92.44887700000145,2.4532080508996557,0.9288659793814432,92.46217600000197,0.3214395251725795,0.9999999999999999
92.6963080000015,2.406466015228825,0.9729381443298969,92.71504600000195,0.3048915962811761,0.9999999999999999
92.9465100000015,2.3620197879303686,0.9999999999999999,92.95880600000199,0.29491818467271974,0.9999999999999999
93.19202300000153,2.3117668826489233,0.9999999999999999,93.21747800000199,0.2926623399139917,0.9999999999999999
93.44087600000152,2.248593197346673,0.9999999999999999,93.44829600000196,0.29865223238522476,0.9999999999999999
93.68599200000158,2.1660302383667966,0.9999999999999999,93.697913000002,0.3122628334297243,0.9999999999999999
93.94198300000154,2.0623889549210945,0.9999999999999999,93.95146500000199,0.33140881606949446,0.9999999999999999
94.18747200000162,1.9401901512850968,0.9999999999999999,94.19741600000208,0.35339472555317375,0.9999999999999999
94.42631100000169,1.804956547639875,0.9999999999999999,94.44483100000208,0.3759259884212722,0.9999999999999999
94.68321400000173,1.6607150894957343,0.9999999999999999,94.68776500000214,0.39750177170077916,0.9999999999999999
94.93428200000173,1.509647978592295,0.9999999999999999,94.9377660000022,0.4166369700981165,0.9999999999999999
95.17229800000173,1.3540464871108555,0.9999999999999999,95.1978380000022,0.4307258738344985,0.9999999999999999
95.42069700000172,1.2003319031171662,0.9999999999999999,95.43530700000217,0.4357958374399771,0.9999999999999999
95.66926000000173,1.058750186321883,0.9999999999999999,95.68693900000211,0.4289488384569562,0.9999999999999999
95.91437100000172,0.9403803289030775,0.9999999999999999,95.93433400000208,0.41109314946139586,0.9999999999999999
96.17790700000168,0.8538296017717513,0.9999999999999999,96.1781890000021,0.3862772292929708,0.9999999999999999
96.40688900000173,0.8055142265247578,0.9999999999999999,96.4262470000021,0.3595164806536887,0.9999999999999999
96.65835700000176,0.8058674297013719,0.9999999999999999,96.6685890000021,0.33452465521064667,0.9999999999999999
96.90591900000179,0.8671037319497393,0.9999999999999999,96.92296400000212,0.3129216951808871,0.9999999999999999
97.15942500000186,0.9911460228397866,0.9999999999999999,97.16209300000213,0.294456618480657,0.9999999999999999
97.3996980000018,1.162087853157964,0.9999999999999999,97.4109660000021,0.2781954686178337,0.9999999999999999
97.64823400000182,1.3529634332156166,0.9999999999999999,97.67740200000213,0.26364641251866683,0.9999999999999999
97.89299200000181,1.5370450599249401,0.9999999999999999,97.90880300000215,0.2515986963751868,0.9999999999999999
98.14052600000178,1.6957850227719236,0.9999999999999999,98.16017800000218,0.24409378220600467,0.9999999999999999
98.38611700000179,1.8173925098679118,0.9999999999999999,98.40328100000221,0.2431812420592605,0.9999999999999999
98.63495100000182,1.8965690618840396,0.9999999999999999,98.6542910000022,0.24943644067974255,0.9999999999999999
98.88818300000179,1.934662320713012,0.9999999999999999,98.90212700000224,0.2616042369356235,0.9999999999999999
99.12610700000178,1.9402655445514982,0.9999999999999999,99.1478000000022,0.27702027830334525,0.9999999999999999
99.38605500000183,1.9276523224512316,0.9999999999999999,99.40334500000222,0.2923339909962105,0.9999999999999999
99.62603700000184,1.9101576531966775,0.9999999999999999,99.63900900000233,0.3039522377837929,0.9999999999999999
99.87888200000184,1.8917255601922502,0.9999999999999999,99.8868670000023,0.30891297974545273,0.9999999999999999
100.11742800000188,1.8669228420227224,0.9999999999999999,100.13518600000224,0.3061992392574665,0.9999999999999999
100.37064300000189,1.8321539538662361,0.9999999999999999,100.38359300000222,0.2972169360634833,0.9999999999999999
100.6238390000019,1.790654670747324,0.9999999999999999,100.63256700000223,0.2850982714995799,0.9999999999999999
100.86579000000187,1.7450810148890101,0.9999999999999999,100.88856000000219,0.27349586906129847,0.9999999999999999
101.11787500000185,1.6927514054884747,0.9999999999999999,101.13565000000219,0.2653077052725721,0.9999999999999999
101.35978400000191,1.6284439285917633,0.9999999999999999,101.3714210000022,0.2620470382843751,0.9999999999999999
101.60458100000193,1.551360981250136,0.9999999999999999,101.62139700000222,0.26338744649498835,0.9999999999999999
101.85073100000199,1.464382246954746,0.9999999999999999,101.8713880000022,0.26763704623447676,0.9999999999999999
102.10365800000196,1.3703227184482378,0.9999999999999999,102.11419600000221,0.2725544155042018,0.9999999999999999
102.34555500000201,1.2723507563766572,0.9999999999999999,102.36211400000218,0.2767372487162543,0.9999999999999999
102.59813200000197,1.1748460404546162,0.9999999999999999,102.60696800000227,0.2806801425410498,0.9999999999999999
102.84684400000195,1.0822923808663085,0.9999999999999999,102.86503000000224,0.2864224123824808,0.9999999999999999
103.092165000002,0.9977024357417245,0.9999999999999999,103.11817700000223,0.2961488855533781,0.9999999999999999
103.350175000002,0.9221143400668272,0.9999999999999999,103.35504300000223,0.31052216722686204,0.9999999999999999
103.58818000000197,0.8555972093636816,0.9999999999999999,103.59903400000219,0.32768138841855554,0.9999999999999999
103.85204800000204,0.7983567277959772,0.9999999999999999,103.85168700000222,0.34404762405979705,0.9999999999999999
104.08513200000202,0.7515018436672424,0.9999999999999999,104.10568000000218,0.3564221826143388,0.9999999999999999
104.33151100000205,0.7169157609063794,0.9999999999999999,104.34561300000222,0.36396960209163765,0.9999999999999999
104.58149500000204,0.6965306443596972,0.9999999999999999,104.59297200000228,0.3683087194468796,0.9999999999999999
104.82964700000197,0.6911352517093923,0.9999999999999999,104.84796400000228,0.3719841605685223,0.9999999999999999
105.07564000000205,0.6981088903500313,0.9999999999999999,105.08303800000229,0.37677131211035053,0.9999999999999999
105.31769700000208,0.7110101796350816,0.9999999999999999,105.35702100000233,0.3821380731514359,0.9999999999999999
105.56506800000214,0.722451342044873,0.9999999999999999,105.58547300000238,0.38554885130720506,0.9999999999999999
105.81295900000215,0.7280763894638285,0.9999999999999999,105.83747600000241,0.38369494840806473,0.9999999999999999
106.07200000000219,0.7280082290711842,0.9999999999999999,106.07589700000237,0.37449001411383737,0.9999999999999999
106.3195780000022,0.7245641107715624,0.9999999999999999,106.3274300000024,0.3586974289679471,0.9999999999999999
106.5592550000022,0.7215921257677741,0.9999999999999999,106.57866300000244,0.3392919385248472,0.9999999999999999
106.80759100000223,0.7224865689138659,0.9999999999999999,106.81813000000243,0.3202330627807062,0.9999999999999999
107.05987800000221,0.7283847013529372,0.9999999999999999,107.0640680000024,0.30578890906976997,0.9999999999999999
107.3085780000022,0.7374223306515969,0.9999999999999999,107.31049700000244,0.3006136745094137,0.9999999999999999
107.55789900000221,0.7465981313114759,0.9999999999999999,107.56148700000246,0.3090367136698676,0.9999999999999999
107.79170700000223,0.7549286164016179,0.9999999999999999,107.80994000000247,0.3332961121757093,0.9999999999999999
108.03866500000227,0.7645700766971764,0.9999999999999999,108.05521200000251,0.3708275243259841,0.9999999999999999
108.29284000000234,0.7791190134244415,0.9999999999999999,108.30568500000254,0.41340676767819706,0.9999999999999999
108.53780000000235,0.7993851854819661,0.9999999999999999,108.56965600000264,0.4505314932373454,0.9999999999999999
108.78664200000239,0.8191546652513555,0.9999999999999999,108.79805400000264,0.47540445142752963,0.9999999999999999
109.0366100000024,0.8287067819227801,0.9999999999999999,109.05254100000269,0.4876703312762364,0.9999999999999999
109.28470000000245,0.8235554323576203,0.9999999999999999,109.29156900000274,0.49185496498350617,0.9999999999999999
109.5311920000025,0.8064188347218049,0.9999999999999999,109.5448100000028,0.4935976139510958,0.9999999999999999
109.77753700000251,0.7826872858468499,0.9999999999999999,109.79170200000284,0.4967877226331764,0.9999999999999999
110.02598800000251,0.7575010563107463,0.9999999999999999,110.03767200000284,0.5020095939333584,0.9999999999999999
110.27953300000254,0.7354215322501625,0.9999999999999999,110.28469500000286,0.5067011291294725,0.9999999999999999
110.5295810000026,0.7206399641114865,0.9999999999999999,110.53375400000286,0.5066981997366102,0.9999999999999999
110.77048100000265,0.7174062843130914,0.9999999999999999,110.78049100000283,0.49858971167064636,0.9999999999999999
111.0123400000027,0.729303507154208,0.9999999999999999,111.03083400000286,0.4819992093869065,0.9999999999999999
111.26537200000273,0.7580567008289423,0.9999999999999999,111.27274300000289,0.46002628620841546,0.9999999999999999
111.52292400000275,0.8016790472203623,0.9999999999999999,111.52564200000293,0.4375970042317633,0.9999999999999999
111.75885100000282,0.8524625397654009,0.9999999999999999,111.77926400000297,0.4188330897770781,0.9999999999999999
112.00823000000287,0.8983149714829289,0.9999999999999999,112.0176620000029,0.40556279566939457,0.9999999999999999
112.25287400000286,0.9267380556757848,0.9999999999999999,112.26402900000292,0.3978963359739001,0.9999999999999999
112.49181800000285,0.9314154681979214,0.9999999999999999,112.50986900000285,0.39550323630119505,0.9999999999999999
112.7483120000029,0.9143665416976252,0.9999999999999999,112.75529800000287,0.3981816645059949,0.9999999999999999
112.99088400000288,0.8832093188396747,0.9999999999999999,113.01914500000287,0.4061380873163739,0.9999999999999999
113.23820700000282,0.847052649724758,0.9999999999999999,113.25119400000285,0.4195855626235391,0.9999999999999999
113.48632200000284,0.8139802578268421,0.9999999999999999,113.50633700000282,0.43817625762760476,0.9999999999999999
113.73822200000288,0.7890309265083836,0.9999999999999999,113.75470700000285,0.46091241258520227,0.9999999999999999
113.98067500000295,0.7733666962392557,0.9999999999999999,113.99915500000292,0.4865679396616648,0.9999999999999999
114.22812100000293,0.764925987131782,0.9999999999999999,114.2501680000029,0.5126423092599373,0.9999999999999999
114.46707400000297,0.7611138556590666,0.9999999999999999,114.48913700000293,0.5347483540254288,0.9999999999999999
114.72560800000299,0.7615114278077714,0.9999999999999999,114.74915300000295,0.5478734214988943,0.9999999999999999
114.968493000003,0.7684325403316307,0.9999999999999999,114.99206900000301,0.548326053232798,0.9999999999999999
115.21241000000296,0.7840255325855578,0.9999999999999999,115.23981600000306,0.5341317543379367,0.9999999999999999
115.46301900000296,0.8075327944741633,0.9999999999999999,115.49190500000304,0.5064406973688914,0.9999999999999999
115.704931000003,0.8359341205763275,0.9999999999999999,115.732164000003,0.47044542911917786,0.9999999999999999
115.96046200000298,0.8672666152725328,0.9999999999999999,115.97975200000302,0.4325254923925451,0.9999999999999999
116.20834100000295,0.9029402009118968,0.9999999999999999,116.23519100000306,0.3971861468393461,0.9999999999999999
116.45098600000298,0.9486227516718456,0.9999999999999999,116.474669000003,0.36607588472202984,0.9999999999999999
116.70441300000304,1.0118774603877398,0.9999999999999999,116.72374100000302,0.339313664048693,0.9999999999999999
116.94193700000305,1.0998685017957262,0.9999999999999999,116.96707300000305,0.3167952766787605,0.9999999999999999
117.19472500000303,1.2167418269203407,0.9999999999999999,117.21262000000314,0.2985916343805471,0.9999999999999999
117.43683600000305,1.3588716810542358,0.9999999999999999,117.46311600000315,0.2847036771266052,0.9999999999999999
117.69079500000304,1.5090849419736236,0.9999999999999999,117.70699600000317,0.2748939646705326,0.9999999999999999
117.9386990000031,1.6351068304558787,0.9999999999999999,117.95360100000318,0.26859855575249103,0.9999999999999999
118.17681600000306,1.7021650073595185,0.9999999999999999,118.20778400000324,0.2648496452790188,0.9999999999999999
118.42384600000304,1.6940098521350861,0.9999999999999999,118.44978400000319,0.2625096889584253,0.9999999999999999
118.684862000003,1.6236071631987343,0.9999999999999999,118.70977700000324,0.26053915362163893,0.9999999999999999
118.91954900000303,1.5204565429040728,0.9999999999999999,118.95212200000324,0.2587343096808242,0.9999999999999999
119.19022700000302,1.4137561140778794,0.9999999999999999,119.19366700000329,0.2592738887780721,0.9999999999999999
119.41473300000304,1.3222049910747713,0.9999999999999999,119.46810000000329,0.27111654182967565,0.9999999999999999
119.67969800000297,1.2507872863565321,0.9999999999999999,119.77204000000326,0.3073588925695497,0.9999999999999999
119.91514700000297,1.1955606215890766,0.9999999999999999,119.95148000000329,0.37640599824821985,0.9999999999999999
120.16719300000304,1.150302165579102,0.9999999999999999,120.1931140000033,0.47806280455525363,0.9999999999999999
120.41224900000306,1.1110911193769182,0.9999999999999999,120.44338000000329,0.6066419549445277,0.9999999999999999
120.66064100000307,1.0786663179446805,0.9999999999999999,120.70687100000329,0.7515729765994996,0.9999999999999999
120.90064100000306,1.0556712224693188,0.9999999999999999,120.92425300000323,0.8922621880451742,0.9999999999999999
121.14973400000306,1.041306536500585,0.9999999999999999,121.17882600000324,1.0016359873720861,0.9999999999999999
121.39519500000303,1.0307199538752383,0.9999999999999999,121.43133600000328,1.0605188170239637,0.9999999999999999
121.65727200000299,1.0177565920966187,0.9999999999999999,121.67613100000332,1.064945916941228,0.9999999999999999
121.89564200000304,0.9983379399005915,0.9999999999999999,121.92225600000337,1.0249021849704243,0.9999999999999999
122.1380710000031,0.9744525513281659,0.9999999999999999,122.17123400000337,0.9705567618918871,0.9999999999999999
122.41754400000315,0.9518543585442925,0.9999999999999999,122.41364000000334,0.9436351355787821,0.9999999999999999
122.6370510000032,0.9364010500962091,0.9999999999999999,122.66472600000341,0.983354866518797,0.9999999999999999
122.88273000000319,0.933154068479289,0.9999999999999999,122.90407500000343,1.1192599337291809,0.9999999999999999
123.12842200000317,0.9516748246617287,0.9999999999999999,123.16216400000347,1.3649290415987292,0.9999999999999999
123.37694300000328,1.0075930165351945,0.9999999999999999,123.40904200000352,1.7013767607822832,0.9999999999999999
123.62399700000324,1.1167470983750727,0.9999999999999999,123.66015400000354,2.057636517889143,0.9999999999999999
123.8704920000033,1.2850695729648924,0.9999999999999999,123.90400400000355,2.3283907109866986,0.9999999999999999
124.1217430000033,1.5105950400624581,0.9999999999999999,124.1468530000036,2.4351113397434423,0.9427835051546392
124.36932100000331,1.787296473637144,0.9999999999999999,124.39384000000356,2.3695476792067875,0.9999999999999999
124.62222300000332,2.110019293473508,0.9999999999999999,124.64381100000358,2.178974336045542,0.9999999999999999
124.86416300000332,2.479095454730902,0.906443298969072,124.89460200000362,1.9300837983426973,0.9999999999999999
125.10763600000332,2.898382655962811,0.30876288659793816,125.13653200000365,1.679882562988447,0.9999999999999999
125.35662500000339,3.3644161108123107,0.0,125.38268400000362,1.4613834498409006,0.9999999999999999
125.60206300000347,3.8469474645786566,0.0,125.63511600000362,1.2824881481149253,0.9999999999999999
125.85062700000346,4.272305007616375,0.0,125.88313400000368,1.1406233362617417,0.9999999999999999
126.10411800000347,4.5285860486371625,0.0,126.1301280000037,1.0278795859113299,0.9999999999999999
126.35009900000352,4.528880047877539,0.0,126.37754700000369,0.9445305975962893,0.9999999999999999
126.59703900000352,4.28852717133392,0.0,126.63400700000366,0.8921953407532144,0.9999999999999999
126.86458900000355,3.89786078766729,0.0,126.86987900000369,0.8708422637879759,0.9999999999999999
127.0959110000035,3.4454516429985316,0.0,127.11970600000369,0.8765344164622167,0.9999999999999999
127.33987600000346,2.9908797128009237,0.19690721649484538,127.36968700000372,0.9008781454010243,0.9999999999999999
127.58845000000345,2.5722293940888297,0.8235395189003436,127.60758400000371,0.93313994752893,0.9999999999999999
127.83430900000343,2.208036090469577,0.9999999999999999,127.8696060000037,0.963290269396807,0.9999999999999999
128.08078700000345,1.903251144522416,0.9999999999999999,128.10821600000367,0.9838401760668329,0.9999999999999999
128.32938600000344,1.6574447109300197,0.9999999999999999,128.3675300000037,0.9898443368358044,0.9999999999999999
128.57988700000348,1.4685566667028627,0.9999999999999999,128.5955560000038,0.9777688796446735,0.9999999999999999
128.82224800000353,1.3331792099188005,0.9999999999999999,128.8481160000038,0.9459450785801586,0.9999999999999999
129.07741000000357,1.2427565368960973,0.9999999999999999,129.09859600000388,0.8977668256523085,0.9999999999999999
129.33088100000353,1.1834257017959238,0.9999999999999999,129.3459930000039,0.841854367780444,0.9999999999999999
129.56577300000356,1.1405197286286883,0.9999999999999999,129.58851600000386,0.787858761754874,0.9999999999999999
129.81412200000355,1.1071488667010543,0.9999999999999999,129.84406000000388,0.743175344205563,0.9999999999999999
130.06908600000355,1.0863174407092422,0.9999999999999999,130.08850600000397,0.7105425099097177,0.9999999999999999
130.30713800000353,1.0842394543549208,0.9999999999999999,130.330292000004,0.688244168921528,0.9999999999999999
130.5631380000035,1.1015310786844588,0.9999999999999999,130.57684900000407,0.6712043145265767,0.9999999999999999
130.80915600000355,1.1307320987560343,0.9999999999999999,130.82423500000408,0.6530384483731936,0.9999999999999999
131.05100600000353,1.160547185234341,0.9999999999999999,131.07163200000406,0.6297178698776408,0.9999999999999999
131.29838300000358,1.1815899512883974,0.9999999999999999,131.31762800000405,0.6016226314593751,0.9999999999999999
131.54840100000362,1.189456632069996,0.9999999999999999,131.572741000004,0.571950860488083,0.9999999999999999
131.7973600000037,1.1853566701980673,0.9999999999999999,131.815831000004,0.5442679215192514,0.9999999999999999
132.04039100000367,1.174957496526988,0.9999999999999999,132.06179500000403,0.5206193611992213,0.9999999999999999
132.29684800000365,1.166209543387439,0.9999999999999999,132.31425600000398,0.5021707176500848,0.9999999999999999
132.5408670000035,1.165713988084064,0.9999999999999999,132.562221000004,0.4891200670568942,0.9999999999999999
132.7908760000034,1.1755707801947703,0.9999999999999999,132.8076830000039,0.4811573082355737,0.9999999999999999
133.03890600000332,1.1957575723270177,0.9999999999999999,133.05404600000386,0.47745180719288627,0.9999999999999999
133.2860060000033,1.2277393420977343,0.9999999999999999,133.29895100000383,0.47682043147807346,0.9999999999999999
133.5360300000033,1.2740645925409435,0.9999999999999999,133.54735100000377,0.47857140454538427,0.9999999999999999
133.78069600000333,1.3327469390242292,0.9999999999999999,133.80089900000374,0.4821134336594667,0.9999999999999999
134.04407300000335,1.3903938210764129,0.9999999999999999,134.0478230000037,0.48623969874166106,0.9999999999999999
134.28404700000334,1.4244091891768056,0.9999999999999999,134.2902160000037,0.48929040275511976,0.9999999999999999
134.5333430000035,1.4172969079922475,0.9999999999999999,134.5432550000037,0.48983529413891896,0.9999999999999999
134.7683220000035,1.366297039384186,0.9999999999999999,134.79127600000365,0.4882301772356274,0.9999999999999999
135.0182790000035,1.2805018824628258,0.9999999999999999,135.03481700000373,0.4876538369473333,0.9999999999999999
135.2646750000035,1.1735159494606733,0.9999999999999999,135.2861740000039,0.4932699795098635,0.9999999999999999
135.51013000000344,1.0590586516965819,0.9999999999999999,135.53970500000383,0.5097850441238068,0.9999999999999999
135.75904200000346,0.949440584342104,0.9999999999999999,135.77759700000385,0.539094163170904,0.9999999999999999
136.01643200000333,0.8549527155369074,0.9999999999999999,136.0484850000038,0.5789155669760188,0.9999999999999999
136.25644700000325,0.7831648688951054,0.9999999999999999,136.27244900000375,0.6226455238943092,0.9999999999999999
136.5014920000032,0.740294191446001,0.9999999999999999,136.52185700000362,0.6609400006624587,0.9999999999999999
136.7482410000032,0.7334795854648292,0.9999999999999999,136.7692580000036,0.6851913464088533,0.9999999999999999
136.9917870000032,0.7721794306369423,0.9999999999999999,137.0142040000036,0.6912762949561836,0.9999999999999999
137.24175100000315,0.8652527955014285,0.9999999999999999,137.26163200000366,0.6802025680096632,0.9999999999999999
137.4933300000033,1.0150140932184357,0.9999999999999999,137.50829300000356,0.6565751881590325,0.9999999999999999
137.74396800000332,1.2071121087659618,0.9999999999999999,137.76367100000343,0.625519604540465,0.9999999999999999
137.9876690000034,1.4057357606912084,0.9999999999999999,138.0091370000036,0.5916452881781391,0.9999999999999999
138.23201200000335,1.564698005451392,0.9999999999999999,138.25109400000355,0.5584175822154601,0.9999999999999999
138.47747400000335,1.65077570038993,0.9999999999999999,138.49862100000348,0.5277274346176111,0.9999999999999999
138.72053100000338,1.6584715829319974,0.9999999999999999,138.74860100000362,0.5000086932175724,0.9999999999999999
138.97699400000326,1.6045677698955776,0.9999999999999999,138.99908700000358,0.475209820659831,0.9999999999999999
139.22476000000333,1.5149798122456903,0.9999999999999999,139.24828800000353,0.4527668280052717,0.9999999999999999
139.46779900000328,1.414350931283499,0.9999999999999999,139.48929100000356,0.4316151207367353,0.9999999999999999
139.71937600000322,1.3219615840944905,0.9999999999999999,139.7399100000036,0.4105700940898649,0.9999999999999999
139.9736580000033,1.251375942885847,0.9999999999999999,139.98783500000363,0.389191406843905,0.9999999999999999
140.22015500000327,1.2117592589812503,0.9999999999999999,140.23669300000356,0.3684819659825001,0.9999999999999999
140.45714900000326,1.207380532966112,0.9999999999999999,140.47896900000364,0.3512984720661103,0.9999999999999999
140.7070610000033,1.2337847576907568,0.9999999999999999,140.73243800000367,0.34229821960619655,0.9999999999999999
140.96910700000325,1.279661975722246,0.9999999999999999,140.97638800000365,0.3460099082282471,0.9999999999999999
141.20149100000322,1.3339318591149882,0.9999999999999999,141.22899100000365,0.36430585194005966,0.9999999999999999
141.44296200000318,1.3879406754099606,0.9999999999999999,141.47376400000363,0.39416860967738687,0.9999999999999999
141.70796800000312,1.4332971766047995,0.9999999999999999,141.71925900000366,0.42766543001141655,0.9999999999999999
141.93999300000308,1.4594826905415004,0.9999999999999999,141.96652800000365,0.4562305147393718,0.9999999999999999
142.20853600000294,1.4567999440505248,0.9999999999999999,142.2143990000036,0.4745274975629266,0.9999999999999999
142.44109200000293,1.422014021884688,0.9999999999999999,142.46598400000352,0.48302949591700234,0.9999999999999999
142.6869950000029,1.3605573749574813,0.9999999999999999,142.71290600000344,0.48690426134472414,0.9999999999999999
142.9363890000028,1.2825945248137247,0.9999999999999999,142.96098900000337,0.49293556417914464,0.9999999999999999
143.18097600000266,1.1994114480056395,0.9999999999999999,143.21193000000338,0.5062103598557564,0.9999999999999999
143.42979500000266,1.120183138145263,0.9999999999999999,143.45340000000343,0.5274904039169959,0.9999999999999999
143.67632900000265,1.05074991563559,0.9999999999999999,143.71303800000337,0.552788340654711,0.9999999999999999
143.92028700000267,0.9933352503889641,0.9999999999999999,143.9544840000033,0.5764715773998761,0.9999999999999999
144.17076000000264,0.946680172398706,0.9999999999999999,144.1908890000033,0.5961399764309373,0.9999999999999999
144.41828200000265,0.9068396399910668,0.9999999999999999,144.44289400000338,0.6151616832782064,0.9999999999999999
144.66478800000274,0.8698688358854658,0.9999999999999999,144.71187100000333,0.6403299007800575,0.9999999999999999
144.91622700000275,0.8339048108584933,0.9999999999999999,144.93390200000334,0.6771087529088898,0.9999999999999999
145.16091500000272,0.7977784723232815,0.9999999999999999,145.19804200000323,0.725153689837494,0.9999999999999999
145.41088500000268,0.7612334722586773,0.9999999999999999,145.4270250000032,0.777389570366458,0.9999999999999999
145.65548100000254,0.7267738253655438,0.9999999999999999,145.68048600000316,0.8229538024702914,0.9999999999999999
145.90164500000253,0.7007227191313278,0.9999999999999999,145.9273400000032,0.8519386664016975,0.9999999999999999
146.14662300000265,0.6914354949586116,0.9999999999999999,146.18732600000325,0.8599079053413746,0.9999999999999999
146.39705900000266,0.7056441930532305,0.9999999999999999,146.41892400000327,0.8488696087572368,0.9999999999999999
146.65288800000272,0.7447695485771119,0.9999999999999999,146.67229600000329,0.8257861479827969,0.9999999999999999
146.8935300000028,0.804708955204533,0.9999999999999999,146.9316080000034,0.7989129428563123,0.9999999999999999
147.1439680000028,0.8769744542223189,0.9999999999999999,147.16868500000325,0.7735579672869205,0.9999999999999999
147.39204500000278,0.9490615796939882,0.9999999999999999,147.40961000000328,0.7488842978491923,0.9999999999999999
147.63884700000276,1.0073009580968773,0.9999999999999999,147.65862600000327,0.7201146741642921,0.9999999999999999
147.88255000000265,1.0409773491332164,0.9999999999999999,147.90757700000327,0.6842455903238877,0.9999999999999999
148.1301630000028,1.0468097354576646,0.9999999999999999,148.15441000000334,0.642303731990999,0.9999999999999999
148.3781000000027,1.0285499202163355,0.9999999999999999,148.40080500000337,0.5974925346576899,0.9999999999999999
148.63062600000276,0.992495024805899,0.9999999999999999,148.65242100000327,0.5536090498212425,0.9999999999999999
148.87203100000283,0.9446776974912355,0.9999999999999999,148.9038430000034,0.5138196927705022,0.9999999999999999
149.11801300000283,0.8915387011662276,0.9999999999999999,149.14577000000344,0.48054275592404716,0.9999999999999999
149.36913600000273,0.8398403109897212,0.9999999999999999,149.3938130000034,0.4552758783903082,0.9999999999999999
149.61544300000267,0.7958215025839974,0.9999999999999999,149.64441900000338,0.4384783200266293,0.9999999999999999
149.87592000000276,0.7645678581374559,0.9999999999999999,149.88673700000345,0.4300878245099054,0.9999999999999999
150.11141400000272,0.7495231748394673,0.9999999999999999,150.13429700000341,0.43008901152429596,0.9999999999999999
150.3532880000028,0.7521537927424484,0.9999999999999999,150.3893060000035,0.4379220390649533,0.9999999999999999
150.6032690000028,0.7712793742447748,0.9999999999999999,150.6306980000035,0.4511046200054086,0.9999999999999999
150.84876800000285,0.801889349266795,0.9999999999999999,150.87862500000335,0.46525603312736447,0.9999999999999999
151.1032740000028,0.8354031133199411,0.9999999999999999,151.12315200000344,0.47560126066944397,0.9999999999999999
151.34763100000276,0.8625883076279498,0.9999999999999999,151.39657300000331,0.4791642925121795,0.9999999999999999
151.59258500000263,0.8787392565544513,0.9999999999999999,151.61797900000334,0.4757688780185295,0.9999999999999999
151.84005100000252,0.8871785408261141,0.9999999999999999,151.87053000000327,0.4679332835779009,0.9999999999999999
152.0885490000025,0.8965189122203442,0.9999999999999999,152.1219620000033,0.45986275030004575,0.9999999999999999
152.33514700000245,0.9137955661368588,0.9999999999999999,152.36595100000326,0.45523714239603263,0.9999999999999999
152.59223900000248,0.9406478256875621,0.9999999999999999,152.6075770000032,0.4550529206359473,0.9999999999999999
152.83529700000244,0.9737002650030194,0.9999999999999999,152.87340700000308,0.4573429433746366,0.9999999999999999
153.08254000000238,1.0056747649955884,0.9999999999999999,153.1068310000031,0.4586436401895403,0.9999999999999999
153.32251000000224,1.0286730202051162,0.9999999999999999,153.3548840000031,0.45648116818631157,0.9999999999999999
153.5745380000022,1.0371724253602834,0.9999999999999999,153.60084500000306,0.4506039984422684,0.9999999999999999
153.8190880000022,1.0304064870648555,0.9999999999999999,153.85649300000296,0.4422759443254012,0.9999999999999999
154.065660000002,1.0141836424526915,0.9999999999999999,154.09655500000304,0.4330614114886272,0.9999999999999999
154.310121000002,0.9971108899912312,0.9999999999999999,154.35221600000304,0.42454721382919175,0.9999999999999999
154.5575090000021,0.9846179458657938,0.9999999999999999,154.606517000003,0.4181798858262872,0.9999999999999999
154.80645600000202,0.9759233521263053,0.9999999999999999,154.8462550000031,0.4163234746210997,0.9999999999999999
155.06210900000195,0.9666315486144307,0.9999999999999999,155.0975440000031,0.4230450077325482,0.9999999999999999
155.30691400000205,0.9536950857015559,0.9999999999999999,155.33693400000314,0.44445103369218525,0.9999999999999999
155.55120200000212,0.9379300494477983,0.9999999999999999,155.57845600000311,0.48682421967962597,0.9999999999999999
155.79459300000215,0.9228301388190372,0.9999999999999999,155.82813700000312,0.5503234762872539,0.9999999999999999
156.0492370000021,0.9117997991092325,0.9999999999999999,156.08570000000324,0.6223172123014826,0.9999999999999999
156.30142700000204,0.9052972366673637,0.9999999999999999,156.32666100000324,0.6835785286305338,0.9999999999999999
156.53947500000206,0.9005333930894424,0.9999999999999999,156.57317800000328,0.7222951689032437,0.9999999999999999
156.78897900000194,0.8939145380349627,0.9999999999999999,156.82472300000313,0.7372596512634724,0.9999999999999999
157.03580000000193,0.8844064635813352,0.9999999999999999,157.0704320000031,0.7323869523122881,0.9999999999999999
157.27615000000202,0.8740205842447748,0.9999999999999999,157.31539900000314,0.7130464019396957,0.9999999999999999
157.54335200000207,0.865884822752776,0.9999999999999999,157.55884700000317,0.6838181871970207,0.9999999999999999
157.77726700000193,0.8638248325451745,0.9999999999999999,157.81637700000311,0.6475249502750244,0.9999999999999999
158.02412500000196,0.8714051114432863,0.9999999999999999,158.05638400000308,0.6065693525371901,0.9999999999999999
158.27264200000184,0.8919389722370981,0.9999999999999999,158.30491400000307,0.5638504409118641,0.9999999999999999
158.51469100000182,0.9289342304806304,0.9999999999999999,158.55624700000308,0.523233042719375,0.9999999999999999
158.76706600000182,0.9864147063861711,0.9999999999999999,158.79911800000292,0.48838850869181333,0.9999999999999999
159.01705700000187,1.067405213140907,0.9999999999999999,159.06518400000286,0.46251295800449005,0.9999999999999999
159.26103400000198,1.171485655095826,0.9999999999999999,159.30258900000288,0.447890187423565,0.9999999999999999
159.50703000000206,1.2930499981229457,0.9999999999999999,159.54188600000288,0.4441187414910878,0.9999999999999999
159.757018000002,1.4192583066924727,0.9999999999999999,159.80152000000285,0.44723414891058555,0.9999999999999999
160.00475300000204,1.5318986049366172,0.9999999999999999,160.04024100000288,0.4504173587455936,0.9999999999999999
160.25680900000202,1.6117729655602067,0.9999999999999999,160.30081200000288,0.44804248084332643,0.9999999999999999
160.49779200000205,1.6437025247381742,0.9999999999999999,160.53462200000277,0.4393402993063076,0.9999999999999999
160.75111400000213,1.6212615953808096,0.9999999999999999,160.78669500000277,0.42740026867892933,0.9999999999999999
161.00530800000217,1.5498973637357967,0.9999999999999999,161.0310040000029,0.4157669552067492,0.9999999999999999
161.24271000000226,1.4437591800091694,0.9999999999999999,161.27698600000286,0.40682582962670466,0.9999999999999999
161.48972200000233,1.3196443833806542,0.9999999999999999,161.5235670000029,0.40203500327273795,0.9999999999999999
161.7338220000023,1.191762600070093,0.9999999999999999,161.77609100000294,0.40241788882428475,0.9999999999999999
161.98372000000234,1.0702857493559965,0.9999999999999999,162.02204800000283,0.40913786019176734,0.9999999999999999
162.23230400000222,0.9606502393248655,0.9999999999999999,162.27394300000296,0.424111927257287,0.9999999999999999
162.4863080000022,0.8651166886038544,0.9999999999999999,162.5160190000028,0.45033405422013834,0.9999999999999999
162.72881500000216,0.7844390945684269,0.9999999999999999,162.76943100000287,0.49120407810390687,0.9999999999999999
162.96837300000223,0.7188979805718277,0.9999999999999999,163.01597200000276,0.5476775169046408,0.9999999999999999
163.21484600000224,0.6686248600562228,0.9999999999999999,163.26155400000275,0.6155049351846122,0.9999999999999999
163.47239100000212,0.6336890059218373,0.9999999999999999,163.50587400000265,0.6845322226974582,0.9999999999999999
163.7118320000022,0.6142089475314715,0.9999999999999999,163.7595790000028,0.742276793712556,0.9999999999999999
163.96736100000223,0.6104214136984314,0.9999999999999999,163.9974800000027,0.7818355883218309,0.9999999999999999
164.21284600000223,0.6229258349428122,0.9999999999999999,164.25682700000266,0.8047766944976104,0.9999999999999999
164.45826100000218,0.6511297734644472,0.9999999999999999,164.50579300000265,0.8160045639937136,0.9999999999999999
164.70918800000214,0.6916539509766024,0.9999999999999999,164.74420200000273,0.8193900422111428,0.9999999999999999
164.9557760000021,0.7385632671758474,0.9999999999999999,164.98916500000274,0.8173819773233404,0.9999999999999999
165.2172220000021,0.7834028644445739,0.9999999999999999,165.24417800000268,0.8118700272700853,0.9999999999999999
165.448135000002,0.8173983376091132,0.9999999999999999,165.48812100000254,0.8048168347016574,0.9999999999999999
165.68946200000198,0.8357625451493342,0.9999999999999999,165.73220600000244,0.7972251595061404,0.9999999999999999
165.948003000002,0.8399504534005668,0.9999999999999999,165.98458300000232,0.7867615745686358,0.9999999999999999
166.189010000002,0.8358922154224406,0.9999999999999999,166.23200400000226,0.7687090657339711,0.9999999999999999
166.43789800000206,0.8318462639879255,0.9999999999999999,166.4734200000023,0.7403903755866507,0.9999999999999999
166.68532500000217,0.83650244350459,0.9999999999999999,166.73940500000236,0.7042026517313562,0.9999999999999999
166.9298170000021,0.8592389334182574,0.9999999999999999,166.9725010000024,0.6663599342349891,0.9999999999999999
167.1830600000021,0.9074884452637749,0.9999999999999999,167.21823900000243,0.6334826289058647,0.9999999999999999
167.42745700000216,0.9890234470228032,0.9999999999999999,167.4642880000023,0.6098780268200239,0.9999999999999999
167.68403600000218,1.1103669721797838,0.9999999999999999,167.71693700000213,0.5970817448177256,0.9999999999999999
167.9279840000021,1.2730730576898692,0.9999999999999999,167.96367600000212,0.5939016654151683,0.9999999999999999
168.17345300000204,1.4705789748246785,0.9999999999999999,168.2087420000021,0.5954601000562506,0.9999999999999999
168.4298780000021,1.6855538912787038,0.9999999999999999,168.464852000002,0.5947313197040816,0.9999999999999999
168.66447200000223,1.8906070864248852,0.9999999999999999,168.70357200000194,0.586206121742058,0.9999999999999999
168.91396600000226,2.0517346243046966,0.9999999999999999,168.95078000000188,0.5694305767753978,0.9999999999999999
169.16102600000227,2.1397500127514704,0.9999999999999999,169.22247900000187,0.5482355448180318,0.9999999999999999
169.40904200000216,2.143311462001308,0.9999999999999999,169.45085600000183,0.5278028172026805,0.9999999999999999
169.65182500000213,2.0742199353755932,0.9999999999999999,169.6968100000018,0.5130596793558889,0.9999999999999999
169.90501300000207,1.9607618616938074,0.9999999999999999,169.95323000000172,0.5079694680567771,0.9999999999999999
170.14985100000206,1.8307390017922893,0.9999999999999999,170.19321200000172,0.5149753024975535,0.9999999999999999
170.39583400000203,1.7009911446524313,0.9999999999999999,170.4438140000017,0.5335314971125755,0.9999999999999999
170.63916600000204,1.573893069801612,0.9999999999999999,170.68505400000166,0.5596220427786464,0.9999999999999999
170.89577200000204,1.4484323653879934,0.9999999999999999,170.9381510000017,0.5854864578296476,0.9999999999999999
171.13863200000205,1.326332713986441,0.9999999999999999,171.21247200000172,0.6007884744193145,0.9999999999999999
171.39792800000205,1.2116760408158058,0.9999999999999999,171.42955600000167,0.5971847401546801,0.9999999999999999
171.63136800000214,1.1092283031868593,0.9999999999999999,171.67899000000165,0.5732728218186504,0.9999999999999999
171.88290400000207,1.0241941503522407,0.9999999999999999,171.92583600000165,0.5344068139521934,0.9999999999999999
172.12568600000213,0.9607737211440339,0.9999999999999999,172.17384700000153,0.4891135529375468,0.9999999999999999
172.37280100000208,0.9191449941514778,0.9999999999999999,172.41828500000142,0.4455278476304255,0.9999999999999999
172.62671600000212,0.8944997267577961,0.9999999999999999,172.66379500000133,0.41005058860799415,0.9999999999999999
172.88965700000207,0.8797967970899916,0.9999999999999999,172.9127280000012,0.3868031366523028,0.9999999999999999
173.1180410000021,0.8692237896385494,0.9999999999999999,173.16920500000109,0.3770989598933562,0.9999999999999999
173.36752400000213,0.8609601853705955,0.9999999999999999,173.41169300000104,0.3789754456021597,0.9999999999999999
173.61394500000216,0.8557459782304498,0.9999999999999999,173.65861100000103,0.38739487449408455,0.9999999999999999
173.87262400000222,0.8560857805587384,0.9999999999999999,173.91049700000104,0.39666890726729953,0.9999999999999999
174.10911600000222,0.8656456532789194,0.9999999999999999,174.156050000001,0.40323298973341765,0.9999999999999999
174.3747510000022,0.8878949972997627,0.9999999999999999,174.41499300000098,0.4057058979208934,0.9999999999999999
174.6010600000021,0.9230386329075639,0.9999999999999999,174.65457600000084,0.40406705328510195,0.9999999999999999
174.84691600000207,0.9663112254050775,0.9999999999999999,174.89591100000075,0.3984437549138509,0.9999999999999999
175.09790000000203,1.0108923778495167,0.9999999999999999,175.15024000000062,0.3891417012510925,0.9999999999999999
175.34734700000212,1.0533132747503458,0.9999999999999999,175.4058390000007,0.3770974019434315,0.9999999999999999
175.59439700000215,1.0950159348683441,0.9999999999999999,175.64092200000073,0.3641970886754772,0.9999999999999999
175.8466130000021,1.1409664836154274,0.9999999999999999,175.88275800000082,0.3529770303345429,0.9999999999999999
176.10362500000218,1.1963717335080744,0.9999999999999999,176.13074200000082,0.34698805964306734,0.9999999999999999
176.3336910000021,1.2651287552333161,0.9999999999999999,176.37655800000087,0.35158053569723247,0.9999999999999999
176.59513000000206,1.3473629505571068,0.9999999999999999,176.63150900000082,0.3738435270258637,0.9999999999999999
176.8311010000021,1.4349401296105353,0.9999999999999999,176.87099600000082,0.4215865727581031,0.9999999999999999
177.07606800000207,1.5125102892693216,0.9999999999999999,177.12946500000083,0.5006832876164964,0.9999999999999999
177.32896400000195,1.5634857245644858,0.9999999999999999,177.3679360000009,0.6107099228733848,0.9999999999999999
177.57345100000194,1.577710180074895,0.9999999999999999,177.61790700000083,0.7420904809132725,0.9999999999999999
177.82792100000194,1.553067012794821,0.9999999999999999,177.86503000000076,0.8771927153764676,0.9999999999999999
178.066751000002,1.4936503489193642,0.9999999999999999,178.11395000000073,0.9977378980225945,0.9999999999999999
178.31378600000198,1.4084635689419027,0.9999999999999999,178.36510200000063,1.0924087096093795,0.9999999999999999
178.56670200000192,1.3099066713262446,0.9999999999999999,178.61251000000073,1.1582894459532571,0.9999999999999999
178.81658100000183,1.2111912928574529,0.9999999999999999,178.85640200000057,1.1973476909373444,0.9999999999999999
179.0553310000019,1.1237930536837373,0.9999999999999999,179.10725200000053,1.2119677753924445,0.9999999999999999
179.30983900000177,1.055002205901881,0.9999999999999999,179.3483190000007,1.202703475297559,0.9999999999999999
179.5578930000018,1.0070135403068352,0.9999999999999999,179.60078400000071,1.1684245169427019,0.9999999999999999
179.80237000000176,0.9755479277607182,0.9999999999999999,179.85743600000066,1.1081975799040986,0.9999999999999999
180.0612700000018,0.9521370363396591,0.9999999999999999,180.09029200000074,1.024723458666611,0.9999999999999999
180.30205100000194,0.9298285258071208,0.9999999999999999,180.34025700000072,0.9278745731270825,0.9999999999999999
180.559450000002,0.9072841974822607,0.9999999999999999,180.59833500000073,0.8313764035155784,0.9999999999999999
180.79699800000193,0.8885141251186355,0.9999999999999999,180.84467800000056,0.7455480046669505,0.9999999999999999
181.04083800000186,0.8816805862569616,0.9999999999999999,181.09448700000058,0.6743069655160173,0.9999999999999999
181.28632000000178,0.8966533272819541,0.9999999999999999,181.33494800000048,0.6183797805604492,0.9999999999999999
181.5393940000019,0.9424022796515058,0.9999999999999999,181.57997500000036,0.5775910452956086,0.9999999999999999
181.7876770000019,1.0216034831947856,0.9999999999999999,181.8274760000002,0.5512888005207032,0.9999999999999999
182.0331730000019,1.1250729712284029,0.9999999999999999,182.08846300000016,0.5386107228938541,0.9999999999999999
182.2792280000018,1.233855662810954,0.9999999999999999,182.32034200000015,0.5374135770958447,0.9999999999999999
182.52192400000192,1.328148770596818,0.9999999999999999,182.57816300000025,0.5437867458852911,0.9999999999999999
182.77599200000185,1.3981940698276636,0.9999999999999999,182.82065300000025,0.5518325579339891,0.9999999999999999
183.02708300000185,1.4477510482161042,0.9999999999999999,183.06466500000016,0.5551572781234748,0.9999999999999999
183.26945600000178,1.4902767236677044,0.9999999999999999,183.31061300000005,0.5495807529644837,0.9999999999999999
183.51492500000188,1.5409873440587003,0.9999999999999999,183.558701,0.5348234844194364,0.9999999999999999
183.76679600000182,1.6085832296113076,0.9999999999999999,183.81526899999992,0.5146942366433342,0.9999999999999999
184.01799800000182,1.69110946466658,0.9999999999999999,184.05539599999983,0.4953737496622454,0.9999999999999999
184.2583250000018,1.7738690105767607,0.9999999999999999,184.3053729999999,0.4840341015635357,0.9999999999999999
184.50382900000184,1.8324698449167995,0.9999999999999999,184.55135199999978,0.4848907500609808,0.9999999999999999
184.7584360000018,1.8442425198309544,0.9999999999999999,184.80031599999964,0.4974358236704375,0.9999999999999999
185.00841100000167,1.804355455051811,0.9999999999999999,185.04629699999973,0.5161999615095092,0.9999999999999999
185.2588530000017,1.7302137568382767,0.9999999999999999,185.30126599999969,0.5334473180760166,0.9999999999999999
185.50686900000176,1.6523365277369622,0.9999999999999999,185.53847599999966,0.5421680920297567,0.9999999999999999
185.74819400000177,1.6003562708865813,0.9999999999999999,185.79686899999973,0.538601030187746,0.9999999999999999
185.99330000000177,1.5908826757035,0.9999999999999999,186.03685299999987,0.5238573919201197,0.9999999999999999
186.24403600000184,1.6203899348732755,0.9999999999999999,186.28226899999987,0.5032343324660976,0.9999999999999999
186.48816800000185,1.6640991308165125,0.9999999999999999,186.53366299999985,0.48466791218110106,0.9999999999999999
186.73678600000184,1.6849240456521972,0.9999999999999999,186.77621999999974,0.475067299179807,0.9999999999999999
186.97992300000183,1.6551982886257726,0.9999999999999999,187.02674299999978,0.47744700001233803,0.9999999999999999
187.22522200000196,1.5725213775390143,0.9999999999999999,187.2744139999998,0.49054249935094096,0.9999999999999999
187.4733040000018,1.455407883193389,0.9999999999999999,187.52284799999975,0.5107621893796482,0.9999999999999999
187.72320400000183,1.328894581126162,0.9999999999999999,187.77235399999967,0.5344089091309971,0.9999999999999999
187.9755650000018,1.2117738014234594,0.9999999999999999,188.02093199999968,0.5585176496619295,0.9999999999999999
188.23116900000173,1.113331855713543,0.9999999999999999,188.26421599999972,0.581857756974998,0.9999999999999999
188.45847800000175,1.0359250024567128,0.9999999999999999,188.51419699999963,0.6067819409037577,0.9999999999999999
188.71152500000173,0.9786659276674325,0.9999999999999999,188.7577339999996,0.6404924877417537,0.9999999999999999
188.95699400000177,0.939554952405122,0.9999999999999999,189.00478999999947,0.6927121781147718,0.9999999999999999
189.2109780000019,0.9168619653954407,0.9999999999999999,189.26118199999948,0.7709973708243084,0.9999999999999999
189.44884700000188,0.9094502660947053,0.9999999999999999,189.49960599999937,0.8749444747088864,0.9999999999999999
189.69894900000196,0.9167333154170708,0.9999999999999999,189.76912499999946,0.9913505387603618,0.9999999999999999
189.94379400000187,0.9392441595662391,0.9999999999999999,189.99626799999933,1.0935189565041274,0.9999999999999999
190.1992570000018,0.9791849796077886,0.9999999999999999,190.24940599999937,1.1536908206521612,0.9999999999999999
190.43925500000182,1.0389162242742536,0.9999999999999999,190.49486499999935,1.1611347899850137,0.9999999999999999
190.6883730000018,1.1177030620344346,0.9999999999999999,190.74235799999943,1.123311593289797,0.9999999999999999
190.93900900000176,1.2085086932185236,0.9999999999999999,190.99122699999938,1.0561431666627246,0.9999999999999999
191.17945100000188,1.2956353481818135,0.9999999999999999,191.23717199999945,0.9750588203916614,0.9999999999999999
191.4408890000018,1.35978303053873,0.9999999999999999,191.48686799999945,0.8911388563678952,0.9999999999999999
191.67635700000181,1.3890288514938973,0.9999999999999999,191.7484469999994,0.8107538481498231,0.9999999999999999
191.92988100000176,1.3874647694544284,0.9999999999999999,191.9732369999993,0.7370688271740667,0.9999999999999999
192.18198000000172,1.3702822389210487,0.9999999999999999,192.22075999999925,0.6715242785898052,0.9999999999999999
192.42437800000172,1.3526288973566847,0.9999999999999999,192.47123499999933,0.6154237182614655,0.9999999999999999
192.67629200000175,1.3436923513308972,0.9999999999999999,192.72174999999928,0.5700498595985815,0.9999999999999999
192.91033100000172,1.3455258899789515,0.9999999999999999,192.97363099999927,0.5360883678731254,0.9999999999999999
193.16430900000174,1.3546671874452811,0.9999999999999999,193.21813699999916,0.513184545352216,0.9999999999999999
193.40674400000174,1.3643595087947857,0.9999999999999999,193.46509699999916,0.49960816630367255,0.9999999999999999
193.6550650000017,1.370394574566287,0.9999999999999999,193.7117079999992,0.4923683552185981,0.9999999999999999
193.9029630000016,1.3756937240568181,0.9999999999999999,193.9609609999992,0.4875298733472106,0.9999999999999999
194.15343000000158,1.3888851314467343,0.9999999999999999,194.23044799999911,0.4815896605508937,0.9999999999999999
194.40098500000144,1.4187441408992005,0.9999999999999999,194.45259599999895,0.47253009695424963,0.9999999999999999
194.64854500000143,1.4661464201359897,0.9999999999999999,194.70354999999884,0.45977287803556427,0.9999999999999999
194.8908530000015,1.51829601493675,0.9999999999999999,194.94680999999892,0.4440782202303685,0.9999999999999999
195.13679100000152,1.5523725736221583,0.9999999999999999,195.2013049999989,0.4273130939740483,0.9999999999999999
195.38514000000146,1.548395394331239,0.9999999999999999,195.44471499999892,0.41216505991438845,0.9999999999999999
195.63919300000154,1.4995476987248733,0.9999999999999999,195.70514999999884,0.40139113004856325,0.9999999999999999
195.8977130000015,1.4136941564373755,0.9999999999999999,195.93866699999882,0.3973848696878021,0.9999999999999999
196.13008000000147,1.308482653905056,0.9999999999999999,196.18671699999882,0.4020605771629498,0.9999999999999999
196.37850200000136,1.2030040733263683,0.9999999999999999,196.43206799999882,0.41695942469744396,0.9999999999999999
196.6328780000014,1.1130444173247422,0.9999999999999999,196.68016699999887,0.4441508529349182,0.9999999999999999
196.87478000000144,1.048607020495265,0.9999999999999999,196.93473199999897,0.4848273656918346,0.9999999999999999
197.12316600000133,1.0128978299428475,0.9999999999999999,197.17912399999892,0.5371721055566405,0.9999999999999999
197.36866600000133,1.0032351005400904,0.9999999999999999,197.44345299999884,0.5951761992535832,0.9999999999999999
197.6091480000013,1.012092095984254,0.9999999999999999,197.6784059999988,0.6498072898300109,0.9999999999999999
197.86117900000127,1.0278481657343104,0.9999999999999999,197.92078699999885,0.6923985015618376,0.9999999999999999
198.1083200000013,1.0383992380689786,0.9999999999999999,198.1712729999988,0.7174094426594756,0.9999999999999999
198.35876900000122,1.0377910232602663,0.9999999999999999,198.4186749999987,0.7227892660352069,0.9999999999999999
198.59966900000134,1.0273803646035486,0.9999999999999999,198.6638249999987,0.7100182996413712,0.9999999999999999
198.86179800000136,1.0128153079249798,0.9999999999999999,198.90860899999862,0.6834140737174933,0.9999999999999999
199.10534800000127,1.0012959267682973,0.9999999999999999,199.15853699999863,0.6486905285085256,0.9999999999999999
199.35307800000126,0.9978373539641622,0.9999999999999999,199.42205399999864,0.6115237512134823,0.9999999999999999
199.59816900000118,1.0031093017792014,0.9999999999999999,199.6560419999986,0.5760307330340965,0.9999999999999999
199.8510680000013,1.014438917945753,0.9999999999999999,199.90506299999862,0.5437073416868903,0.9999999999999999
200.0920790000013,1.026867160776335,0.9999999999999999,200.15352899999854,0.5141191304149373,0.9999999999999999
200.34711700000113,1.037557141785512,0.9999999999999999,200.3975979999986,0.48686947097835415,0.9999999999999999
200.58638100000124,1.0497201089394639,0.9999999999999999,200.65110399999858,0.4623922507872319,0.9999999999999999
200.83134500000125,1.0708198975059364,0.9999999999999999,200.8860659999985,0.4413996940780972,0.9999999999999999
201.08051500000116,1.107118213527079,0.9999999999999999,201.13461099999842,0.42427487416299353,0.9999999999999999
201.3340200000012,1.159236575780995,0.9999999999999999,201.39007999999842,0.4118275876154186,0.9999999999999999
201.5795380000012,1.221924755630021,0.9999999999999999,201.6450509999984,0.40613134678463136,0.9999999999999999
201.83089900000118,1.2889746663782833,0.9999999999999999,201.90663899999834,0.410056165699963,0.9999999999999999
202.0708740000011,1.3562378286661507,0.9999999999999999,202.15482499999834,0.4267347992332085,0.9999999999999999
202.32895900000108,1.421451839847418,0.9999999999999999,202.3737619999985,0.457936487049089,0.9999999999999999
202.5655970000011,1.4815223605591323,0.9999999999999999,202.6226289999984,0.5031649837811764,0.9999999999999999
202.81149000000113,1.532339399184626,0.9999999999999999,202.87862399999833,0.5596150795757113,0.9999999999999999
203.05503600000102,1.5706407219888092,0.9999999999999999,203.11660999999833,0.6224922830768342,0.9999999999999999
203.30839600000104,1.5948118491026522,0.9999999999999999,203.37401499999842,0.6858128081790604,0.9999999999999999
203.56883000000107,1.604886312194676,0.9999999999999999,203.61865099999835,0.7437626345635219,0.9999999999999999
203.80141800000104,1.5992316235050825,0.9999999999999999,203.86219799999824,0.7912060649545141,0.9999999999999999
204.048213000001,1.5746054933455393,0.9999999999999999,204.11211699999822,0.8246248186657945,0.9999999999999999
204.29962300000102,1.532345724923167,0.9999999999999999,204.35295099999811,0.8439828993919486,0.9999999999999999
204.55564800000099,1.4804004307440848,0.9999999999999999,204.60718899999816,0.8523306036603846,0.9999999999999999
204.7915280000009,1.4298667982603872,0.9999999999999999,204.85046799999816,0.8547970122511545,0.9999999999999999
205.0421640000009,1.390542910260959,0.9999999999999999,205.10958699999802,0.8556860766423546,0.9999999999999999
205.29009300000084,1.3684951680938788,0.9999999999999999,205.350834999998,0.8557056866320947,0.9999999999999999
205.52923600000085,1.365684508716557,0.9999999999999999,205.5914959999981,0.8516449039729139,0.9999999999999999
205.7792270000008,1.38127848991786,0.9999999999999999,205.83593499999816,0.8395179616216598,0.9999999999999999
206.02612000000084,1.4127078449471435,0.9999999999999999,206.08432299999822,0.8172390500127487,0.9999999999999999
206.27423000000078,1.4526519301776086,0.9999999999999999,206.33542599999808,0.7845922117968843,0.9999999999999999
206.52223100000072,1.487402363154637,0.9999999999999999,206.58287199999796,0.7426930237518993,0.9999999999999999
206.77860800000065,1.5005358208621034,0.9999999999999999,206.831644999998,0.6940867420560296,0.9999999999999999
207.02247400000056,1.4813759792623968,0.9999999999999999,207.07458899999799,0.6434713667228155,0.9999999999999999
207.2749270000006,1.428876891822579,0.9999999999999999,207.32398399999798,0.5971903384352685,0.9999999999999999
207.51247000000058,1.3486514436914774,0.9999999999999999,207.57900199999793,0.5615656256809831,0.9999999999999999
207.76245000000068,1.2502972909836139,0.9999999999999999,207.81961299999796,0.5411621824223971,0.9999999999999999
208.0127490000006,1.145281093119908,0.9999999999999999,208.06493899999788,0.5379713965997958,0.9999999999999999
208.2567240000006,1.045442590538373,0.9999999999999999,208.32677799999774,0.551549565935445,0.9999999999999999
208.5094460000006,0.9642511385620018,0.9999999999999999,208.56276399999777,0.5779712332971189,0.9999999999999999
208.7478070000006,0.9358012973515126,0.9999999999999999,208.82883899999786,0.6091712299605655,0.9999999999999999
209.00086800000054,1.03663443787333,0.9999999999999999,209.05673199999794,0.6334486842914474,0.9999999999999999
209.24441600000046,1.3563340568048285,0.9999999999999999,209.30913199999796,0.641394009124884,0.9999999999999999
209.49542400000053,1.9327791012049766,0.9999999999999999,209.5540889999979,0.6324792193324028,0.9999999999999999
209.74323800000036,2.7158616733065957,0.5998281786941579,209.7996829999978,0.6149245306007117,0.9999999999999999
209.99411100000032,3.585347511450269,0.0,210.05627899999777,0.5991921817573882,0.9999999999999999
210.2345680000002,4.400520226851198,0.0,210.29430599999785,0.5933756036069259,0.9999999999999999
210.48147700000024,5.0414865974861245,0.0,210.54966099999785,0.6016070019458536,0.9999999999999999
210.73211100000026,5.424758172684905,0.0,210.79461499999798,0.6229403189227146,0.9999999999999999
210.9749590000002,5.51360370898791,0.0,211.04497499999798,0.6507093125443603,0.9999999999999999
211.2499690000003,5.326150934318986,0.0,211.285445999998,0.6743446776277597,0.9999999999999999
211.4739480000003,4.935075482057045,0.0,211.534945999998,0.684318747572228,0.9999999999999999
211.72280400000014,4.4426844444428255,0.0,211.78349399999792,0.6776222812186323,0.9999999999999999
211.96394400000014,3.9336469772227716,0.0,212.03546799999785,0.6575672189226938,0.9999999999999999
212.2122550000001,3.449286716494415,0.0,212.28545599999777,0.6306349054236053,0.9999999999999999
212.4669750000001,3.002734057623994,0.18367697594501714,212.5286939999978,0.6039354566200161,0.9999999999999999
212.71387300000004,2.6124155690483786,0.7609965635738831,212.78206299999775,0.5830856747246441,0.9999999999999999
212.95333800000023,2.294501406947667,0.9999999999999999,213.02058299999763,0.5701561024542826,0.9999999999999999
213.1991980000003,2.0526347712958595,0.9999999999999999,213.2736889999977,0.5643474829398831,0.9999999999999999
213.46211700000043,1.8803488758879645,0.9999999999999999,213.51748199999767,0.5638441069975438,0.9999999999999999
213.70565700000054,1.7702911037485718,0.9999999999999999,213.7679699999976,0.5668589727705867,0.9999999999999999
213.9472140000006,1.7243733924072877,0.9999999999999999,214.0134429999977,0.5715957803237441,0.9999999999999999
214.19204500000063,1.755574535796903,0.9999999999999999,214.2570399999978,0.5759832257154949,0.9999999999999999
214.4569700000005,1.8784459861155933,0.9999999999999999,214.50363699999775,0.5777891634629365,0.9999999999999999
214.68795200000045,2.0868172050022418,0.9999999999999999,214.75163799999774,0.5753060532021249,0.9999999999999999
214.93792300000035,2.3278472007761852,0.9999999999999999,214.99794599999782,0.5679705164057265,0.9999999999999999
215.18497400000035,2.5114143792368804,0.8824742268041237,215.24857299999766,0.5562401877548583,0.9999999999999999
215.4366040000004,2.5683909187761533,0.8283505154639175,215.4985539999976,0.5406903605346534,0.9999999999999999
215.67701100000045,2.493323797832085,0.8994845360824741,215.74540799999755,0.5214990294855186,0.9999999999999999
215.93535200000053,2.3254540469179075,0.9999999999999999,216.00087899999752,0.4986662480711388,0.9999999999999999
216.17939400000049,2.113574865818761,0.9999999999999999,216.23742699999744,0.4736011667652624,0.9999999999999999
216.42128700000052,1.9013995008284725,0.9999999999999999,216.48271799999745,0.4496760455732111,0.9999999999999999
216.68290900000036,1.7239776500526545,0.9999999999999999,216.73082599999745,0.4310993330019408,0.9999999999999999
216.92173800000035,1.606437405051073,0.9999999999999999,216.9836829999974,0.4212061833763632,0.9999999999999999
217.1624130000003,1.5616434348698487,0.9999999999999999,217.25538899999736,0.4212900637313124,0.9999999999999999
217.40995100000035,1.5867152524478971,0.9999999999999999,217.4732759999974,0.4311092204117861,0.9999999999999999
217.65995300000046,1.6653923608348722,0.9999999999999999,217.73036299999742,0.450198512178128,0.9999999999999999
217.91196900000034,1.7742342115967815,0.9999999999999999,217.97894799999744,0.47866725003080335,0.9999999999999999
218.1568280000003,1.8887041436145042,0.9999999999999999,218.22281199999748,0.5154653803627264,0.9999999999999999
218.40841000000043,1.9843456719405472,0.9999999999999999,218.4796079999976,0.5563729327352498,0.9999999999999999
218.64802100000045,2.038005364372656,0.9999999999999999,218.72103099999765,0.59406975281422,0.9999999999999999
218.90890700000048,2.0347223730574435,0.9999999999999999,218.9646109999977,0.621328846153755,0.9999999999999999
219.13949800000037,1.9733929571197737,0.9999999999999999,219.23742499999773,0.6345822671984144,0.9999999999999999
219.39603600000032,1.867349528983263,0.9999999999999999,219.45696899999777,0.6371195119575155,0.9999999999999999
219.63802500000023,1.739019796865136,0.9999999999999999,219.71289899999778,0.6401352963342568,0.9999999999999999
219.88688000000028,1.6122860576270446,0.9999999999999999,219.95384399999776,0.6582267470428607,0.9999999999999999
220.13133600000023,1.5081876888322239,0.9999999999999999,220.20325099999775,0.7027808458559388,0.9999999999999999
220.3832620000002,1.4411358823693823,0.9999999999999999,220.46089199999764,0.777521715394468,0.9999999999999999
220.62371700000023,1.4142698739590709,0.9999999999999999,220.6953429999977,0.877805796779495,0.9999999999999999
220.87471000000014,1.4162147724944343,0.9999999999999999,220.94386899999762,0.9931598254727699,0.9999999999999999
221.1206250000001,1.424527096247732,0.9999999999999999,221.1908109999975,1.1097673894832412,0.9999999999999999
221.3650200000001,1.4159336263970455,0.9999999999999999,221.43720399999737,1.2100965766544793,0.9999999999999999
221.62624400000016,1.3774684944990268,0.9999999999999999,221.68272999999732,1.2773240995971953,0.9999999999999999
221.8601900000001,1.3118083498209447,0.9999999999999999,221.93398199999734,1.3267222507656249,0.9999999999999999
222.11201900000017,1.232647905326896,0.9999999999999999,222.17835899999747,1.441575469565114,0.9999999999999999
222.35397000000015,1.154999131231615,0.9999999999999999,222.4283299999975,1.688734150881241,0.9999999999999999
222.61035600000008,1.0911434007898917,0.9999999999999999,222.6764039999975,2.055652294073589,0.9999999999999999
222.84809200000007,1.0505480540566534,0.9999999999999999,222.92638099999763,2.491550598456097,0.9002577319587628
223.09963200000013,1.040132437180865,0.9999999999999999,223.1673059999976,2.964099521945938,0.2245704467353951
223.34620199999992,1.0645567945290506,0.9999999999999999,223.42669599999743,3.5019815682594233,0.0
223.59511499999994,1.1222005229812442,0.9999999999999999,223.6701149999975,4.166309243400276,0.0
223.84208199999992,1.2006753184997825,0.9999999999999999,223.91347099999746,4.985844046284544,0.0
224.1006499999999,1.2809408986814472,0.9999999999999999,224.15908399999736,5.914557483437489,0.0
224.33859899999982,1.3443890032381427,0.9999999999999999,224.41144299999732,6.849556952824605,0.0
224.57310499999977,1.378016082617206,0.9999999999999999,224.65789599999735,7.683052924091335,0.0
224.8250139999998,1.3781891198232192,0.9999999999999999,224.9324889999974,8.337277338837819,0.0
225.07259999999974,1.3483519132582822,0.9999999999999999,225.14820599999732,8.779132315934385,0.0
225.32905399999973,1.295716845489914,0.9999999999999999,225.40545999999728,9.040155425536675,0.0
225.56807899999976,1.2295662384039217,0.9999999999999999,225.6488159999973,9.277721191676218,0.0
225.81407099999976,1.1592108691297636,0.9999999999999999,225.89376399999728,10.021871916047727,0.0
226.06058399999972,1.0920390273944702,0.9999999999999999,226.14883099999724,12.047617387354606,0.0
226.30897099999964,1.0325339726406697,0.9999999999999999,226.3871489999973,15.161989951692206,0.0
226.5719279999996,0.9833600561070572,0.9999999999999999,226.64114599999724,18.453921541758774,0.0
226.80086299999954,0.9459653521445849,0.9999999999999999,226.8805659999972,21.61324373346798,0.0
227.05353399999953,0.9206447203634508,0.9999999999999999,227.12910699999713,24.747860044800106,0.0
227.31290099999953,0.9065447252995058,0.9999999999999999,227.3781009999971,28.0077247544773,0.0
227.5734509999995,0.9031949854324808,0.9999999999999999,227.62996899999715,31.447028992389658,0.0
227.80036199999947,0.9127964006317546,0.9999999999999999,227.87746799999715,34.98194530640867,0.0
228.04548599999947,0.9386788461224422,0.9999999999999999,228.1315699999972,38.371023460651855,0.0
228.29828399999943,0.9807626851571869,0.9999999999999999,228.3689169999971,41.213867988415934,0.0
228.5394109999995,1.0332399824925678,0.9999999999999999,228.615924999997,42.9566660512975,0.0
228.7849869999995,1.085715613977849,0.9999999999999999,228.86546299999708,43.056148343395336,0.0
229.03011499999948,1.1263503304079783,0.9999999999999999,229.1166629999971,41.13258228327506,0.0
229.2825729999995,1.1464725147584054,0.9999999999999999,229.364688999997,37.20381588890663,0.0
229.5249109999994,1.1417340274610368,0.9999999999999999,229.60501299999706,32.02598584527398,0.0
229.79398199999937,1.1120243543186024,0.9999999999999999,229.8597199999971,26.746388219549537,0.0
230.02202099999943,1.062567501929239,0.9999999999999999,230.10304299999706,22.101712109034654,0.0
230.27520999999933,1.0019864831205738,0.9999999999999999,230.36102599999705,18.1533193842832,0.0
230.52071499999926,0.9408127119832834,0.9999999999999999,230.599085999997,14.868796012855071,0.0
230.76424899999927,0.8888565073954762,0.9999999999999999,230.85179399999694,12.1925626545866,0.0
231.01177899999928,0.8542937558920002,0.9999999999999999,231.094148999997,10.030765477989286,0.0
231.25921499999924,0.8422373210135494,0.9999999999999999,231.34325999999697,8.286335357398592,0.0
231.50610899999916,0.8545731554049791,0.9999999999999999,231.58273899999705,6.878774576269361,0.0
231.7664609999992,0.888721484081496,0.9999999999999999,231.84131199999703,5.742485079548998,0.0
232.0024399999991,0.9352889916248015,0.9999999999999999,232.086069999997,4.825434002789915,0.0
232.26077399999912,0.980009628600333,0.9999999999999999,232.32770799999702,4.083579262501988,0.0
232.4967509999991,1.0097811065319298,0.9999999999999999,232.60133199999692,3.4761529680450565,0.0
232.74428299999903,1.018677333467722,0.9999999999999999,232.8260069999968,2.967829645051049,0.2209621993127147
233.00182299999904,1.0107858680425645,0.9999999999999999,233.0719459999968,2.533661541860045,0.8615979381443298
233.24260999999896,0.9963890452062688,0.9999999999999999,233.3185759999968,2.1594964355900164,0.9999999999999999
233.49583899999902,0.9875579461555556,0.9999999999999999,233.5644549999968,1.8378855726550207,0.9999999999999999
233.73420699999897,0.9931767195640339,0.9999999999999999,233.8178769999968,1.5646636861439482,0.9999999999999999
233.98015099999904,1.0168124084122026,0.9999999999999999,234.06836099999688,1.3384675910636112,0.9999999999999999
234.25168699999898,1.0584428491150397,0.9999999999999999,234.32129699999686,1.1597794206071967,0.9999999999999999
234.491239999999,1.1178337225658206,0.9999999999999999,234.56070399999683,1.0302952054080008,0.9999999999999999
234.72307299999912,1.1968194569017547,0.9999999999999999,234.80711299999697,0.9512741581622997,0.9999999999999999
234.9715989999992,1.297410236505994,0.9999999999999999,235.05333099999697,0.9198899366912276,0.9999999999999999
235.2235299999991,1.418331582948292,0.9999999999999999,235.30541099999692,0.9252988510656042,0.9999999999999999
235.46800299999907,1.549668035910564,0.9999999999999999,235.55133999999686,0.9494078551060787,0.9999999999999999
235.71992199999914,1.67088441429215,0.9999999999999999,235.8121009999969,0.9762003302804863,0.9999999999999999
235.96749099999917,1.7574524023103306,0.9999999999999999,236.04208599999689,0.9998078002522153,0.9999999999999999
236.21566699999906,1.7890287166186316,0.9999999999999999,236.29061399999694,1.0231175112664581,0.9999999999999999
236.462312999999,1.7624904902121654,0.9999999999999999,236.5355239999969,1.051215294221149,0.9999999999999999
236.7101159999989,1.694629808319442,0.9999999999999999,236.78709399999684,1.085287430948466,0.9999999999999999
236.95865899999902,1.6133868620649503,0.9999999999999999,237.0349779999969,1.121118439724202,0.9999999999999999
237.212280999999,1.5419478526602732,0.9999999999999999,237.28346399999685,1.1502058371893313,0.9999999999999999
237.476604999999,1.487573432803985,0.9999999999999999,237.52729099999692,1.1632678558136775,0.9999999999999999
237.6977469999991,1.4431215767836982,0.9999999999999999,237.77793099999698,1.155104875978429,0.9999999999999999
237.94705999999923,1.396846281421449,0.9999999999999999,238.02964599999694,1.1270862799930408,0.9999999999999999
238.1930449999991,1.3427498843990306,0.9999999999999999,238.271531999997,1.0850826986860755,0.9999999999999999
238.4386639999991,1.2832198851896683,0.9999999999999999,238.52510699999695,1.036505341564078,0.9999999999999999
238.72573099999903,1.2259353476818775,0.9999999999999999,238.77189199999705,0.9867990305657957,0.9999999999999999
238.93811999999903,1.1795569760617193,0.9999999999999999,239.01739799999717,0.9388919594982454,0.9999999999999999
239.18037899999905,1.1500768586802566,0.9999999999999999,239.26544399999713,0.895290056150127,0.9999999999999999
239.4384479999991,1.139011878542235,0.9999999999999999,239.51193399999713,0.8585340677430725,0.9999999999999999
239.68844999999908,1.1422711188967964,0.9999999999999999,239.7574829999971,0.8303194763530192,0.9999999999999999
239.92940399999915,1.1514409706377784,0.9999999999999999,240.00853399999696,0.810592860039433,0.9999999999999999
240.17388199999905,1.1593213909857438,0.9999999999999999,240.25181599999695,0.7971041865468923,0.9999999999999999
240.42341599999907,1.164785766255526,0.9999999999999999,240.50100599999683,0.7860085770107399,0.9999999999999999
240.6718989999991,1.1724390695174884,0.9999999999999999,240.75244099999682,0.7733482056569031,0.9999999999999999
240.919295999999,1.187369492658881,0.9999999999999999,241.0052499999967,0.757093975181403,0.9999999999999999
241.16783499999914,1.2101415496066692,0.9999999999999999,241.2422859999967,0.7369524904953603,0.9999999999999999
241.41670299999916,1.2352304082823218,0.9999999999999999,241.49274799999668,0.7147390236403374,0.9999999999999999
241.67021699999913,1.2537151899771994,0.9999999999999999,241.74222999999677,0.6971372522847218,0.9999999999999999
241.9269449999991,1.2595775190758176,0.9999999999999999,241.99430299999676,0.6954887204462818,0.9999999999999999
242.159954999999,1.254338803543586,0.9999999999999999,242.23509599999667,0.7207589723851048,0.9999999999999999
242.40430799999902,1.2460299834245456,0.9999999999999999,242.4850199999967,0.7781641043564221,0.9999999999999999
242.6549329999989,1.2453088811620376,0.9999999999999999,242.72961299999665,0.863575671051731,0.9999999999999999
242.9034789999989,1.2618076762704917,0.9999999999999999,242.97621299999656,0.9612184552796641,0.9999999999999999
243.14779199999896,1.3006537872881239,0.9999999999999999,243.22875699999656,1.0468525867440681,0.9999999999999999
243.39781599999898,1.3591257616250885,0.9999999999999999,243.4865859999965,1.0982843063760648,0.9999999999999999
243.6477759999989,1.4257450150091224,0.9999999999999999,243.72067099999654,1.1074186237460297,0.9999999999999999
243.88677999999896,1.4820863848776356,0.9999999999999999,243.9794769999965,1.081904949319461,0.9999999999999999
244.14278399999895,1.5107612841556586,0.9999999999999999,244.21035699999643,1.037125836740116,0.9999999999999999
244.38759299999882,1.5050453655290361,0.9999999999999999,244.45707499999642,0.9893656120943625,0.9999999999999999
244.6387209999989,1.471881616594666,0.9999999999999999,244.7143289999964,0.9513215620873609,0.9999999999999999
244.8779459999989,1.4254827487756148,0.9999999999999999,244.96362599999637,0.9296892911797565,0.9999999999999999
245.1473349999988,1.3786438739278968,0.9999999999999999,245.21266799999637,0.9253670154511486,0.9999999999999999
245.37798899999876,1.3373102093955223,0.9999999999999999,245.4488339999963,0.9364773886422663,0.9999999999999999
245.62733799999867,1.301384844897313,0.9999999999999999,245.70270599999625,0.960046060997163,0.9999999999999999
245.88486799999868,1.2682526833021568,0.9999999999999999,245.9491299999963,0.9927471630569413,0.9999999999999999
246.11727399999867,1.2365119556611246,0.9999999999999999,246.22959599999643,1.030609130239542,0.9999999999999999
246.3720649999987,1.2065189979999313,0.9999999999999999,246.4456159999963,1.0663973895016665,0.9999999999999999
246.61360799999872,1.1803020397829604,0.9999999999999999,246.6924189999962,1.0877812811079888,0.9999999999999999
246.8624999999986,1.1599445977364837,0.9999999999999999,246.94166699999622,1.081576372463552,0.9999999999999999
247.10701299999857,1.1462933324504028,0.9999999999999999,247.1930919999962,1.0435628530962262,0.9999999999999999
247.35871199999855,1.1393789096662392,0.9999999999999999,247.43791699999628,0.9812812226828092,0.9999999999999999
247.60700799999856,1.1384358209151013,0.9999999999999999,247.68429299999622,0.9082582974854889,0.9999999999999999
247.86267499999852,1.1422013172101468,0.9999999999999999,247.9509089999963,0.837760347829094,0.9999999999999999
248.10117599999847,1.1486630029857328,0.9999999999999999,248.17594499999637,0.7800277442466923,0.9999999999999999
248.3430739999985,1.1560853605606136,0.9999999999999999,248.42810699999626,0.7417494283249063,0.9999999999999999
248.60550299999844,1.1645031698086519,0.9999999999999999,248.66761099999619,0.7254902016942464,0.9999999999999999
248.83790399999842,1.17461405089482,0.9999999999999999,248.92002299999623,0.7287131902648143,0.9999999999999999
249.08462999999836,1.1860576148935618,0.9999999999999999,249.17168999999626,0.7425586949771757,0.9999999999999999
249.33461099999832,1.1985989313570262,0.9999999999999999,249.41402599999626,0.7537842870233237,0.9999999999999999
249.59993699999836,1.2137239556517567,0.9999999999999999,249.65961199999632,0.75222131263786,0.9999999999999999
249.83335499999845,1.2327814203635619,0.9999999999999999,249.9102679999963,0.7377209363224643,0.9999999999999999
250.0754289999983,1.25618752878183,0.9999999999999999,250.15717199999634,0.7177847681781112,0.9999999999999999
250.32846499999835,1.2809504765464008,0.9999999999999999,250.40230799999634,0.7008491786992903,0.9999999999999999
250.5731579999983,1.2982073201563493,0.9999999999999999,250.65313199999636,0.6918169459787922,0.9999999999999999
250.81931599999837,1.2972185893393078,0.9999999999999999,250.89853499999631,0.6907201228649604,0.9999999999999999
251.07568699999828,1.2729251554572223,0.9999999999999999,251.1585119999964,0.6936777713100023,0.9999999999999999
251.3151749999984,1.2279876526111444,0.9999999999999999,251.39523099999641,0.6957488711449152,0.9999999999999999
251.56667199999842,1.1700010692406535,0.9999999999999999,251.63812699999627,0.694150912512392,0.9999999999999999
251.8137259999983,1.1079592352812484,0.9999999999999999,251.8840839999962,0.6882074322169666,0.9999999999999999
252.0722999999983,1.0506050836047305,0.9999999999999999,252.13325799999618,0.6776669303012626,0.9999999999999999
252.30866299999823,1.0061169967856938,0.9999999999999999,252.3866669999962,0.6622341961137819,0.9999999999999999
252.56304199999826,0.9822934615581321,0.9999999999999999,252.63264199999603,0.6440391802862296,0.9999999999999999
252.8141149999984,0.9857898510411632,0.9999999999999999,252.87534099999596,0.630872823467637,0.9999999999999999
253.05412699999818,1.0191256129888846,0.9999999999999999,253.12554699999595,0.6365481850585399,0.9999999999999999
253.29814799999815,1.0753283544853294,0.9999999999999999,253.37066299999586,0.6763959482956914,0.9999999999999999
253.54541499999806,1.1367427585506085,0.9999999999999999,253.6187059999959,0.7616719797372603,0.9999999999999999
253.795886999998,1.1831937440096527,0.9999999999999999,253.86214199999586,0.896038724306518,0.9999999999999999
254.0379569999979,1.201783885305616,0.9999999999999999,254.11146899999585,1.0711307152695082,0.9999999999999999
254.30089999999782,1.1907999854704159,0.9999999999999999,254.36868799999587,1.2620714208860524,0.9999999999999999
254.5348069999978,1.156487739349836,0.9999999999999999,254.60673799999583,1.4275837891625305,0.9999999999999999
254.78321899999776,1.1088318332621747,0.9999999999999999,254.85624299999583,1.5247628935855542,0.9999999999999999
255.04078599999778,1.0592399934021908,0.9999999999999999,255.1077369999958,1.5382584733294393,0.9999999999999999
255.2792299999978,1.019411907015766,0.9999999999999999,255.35224399999572,1.489262806524162,0.9999999999999999
255.52624199999778,0.9997304185379198,0.9999999999999999,255.6270419999957,1.416072982334093,0.9999999999999999
255.7786939999977,1.0064903041005475,0.9999999999999999,255.84944499999574,1.35281625775936,0.9999999999999999
256.0305479999978,1.0388850841114645,0.9999999999999999,256.0937619999958,1.3210445487105764,0.9999999999999999
256.26709599999776,1.0890588265196972,0.9999999999999999,256.34231999999577,1.327168712597591,0.9999999999999999
256.5178529999976,1.1457168258468844,0.9999999999999999,256.58628499999577,1.359995320401995,0.9999999999999999
256.76627499999756,1.1968223446677624,0.9999999999999999,256.8403989999958,1.3932878326409244,0.9999999999999999
257.0207469999976,1.23224096639973,0.9999999999999999,257.08681299999574,1.3991852207108195,0.9999999999999999
257.27777199999775,1.2422444993916855,0.9999999999999999,257.3466209999956,1.3639560390387797,0.9999999999999999
257.5121549999977,1.216751451608698,0.9999999999999999,257.5794849999956,1.290174487282988,0.9999999999999999
257.75777899999764,1.1531118932107567,0.9999999999999999,257.82913799999557,1.1900066378437644,0.9999999999999999
258.0075189999976,1.0618769962820416,0.9999999999999999,258.07506999999555,1.0783267336821778,0.9999999999999999
258.24752899999754,0.9600995252035178,0.9999999999999999,258.3260479999956,0.9685675528949668,0.9999999999999999
258.5055739999975,0.8622166982972052,0.9999999999999999,258.56986499999556,0.8698978971689793,0.9999999999999999
258.7434559999974,0.7773061183830521,0.9999999999999999,258.83292399999556,0.7854995341102738,0.9999999999999999
258.9925859999973,0.7104979287832321,0.9999999999999999,259.06601799999555,0.7137087601117317,0.9999999999999999
259.23611199999726,0.6646906090299093,0.9999999999999999,259.31241299999533,0.6517195163548755,0.9999999999999999
259.4934519999974,0.640716721990563,0.9999999999999999,259.56836299999526,0.5981013560101608,0.9999999999999999
259.74250199999744,0.635224365188518,0.9999999999999999,259.81175899999516,0.5531673884226039,0.9999999999999999
259.9985329999974,0.6405362803171694,0.9999999999999999,260.0568539999952,0.5185004039969279,0.9999999999999999
260.2339339999973,0.6510046997169789,0.9999999999999999,260.3115189999953,0.4964800558429625,0.9999999999999999
260.48181399999726,0.6653110807150482,0.9999999999999999,260.5516889999952,0.48947883506915163,0.9999999999999999
260.7313489999973,0.6830706236582937,0.9999999999999999,260.8074689999951,0.49802893667223563,0.9999999999999999
260.97617199999723,0.7037100392843958,0.9999999999999999,261.045511999995,0.5192849600540037,0.9999999999999999
261.2236229999973,0.7263751516525135,0.9999999999999999,261.293493999995,0.547630477261194,0.9999999999999999
261.47316299999727,0.7515853011571795,0.9999999999999999,261.54255299999494,0.5782887984505647,0.9999999999999999
261.7249899999973,0.7824683681478045,0.9999999999999999,261.7881389999949,0.6101885233626513,0.9999999999999999
261.96000199999725,0.8257857824858332,0.9999999999999999,262.04608999999505,0.6449306059277424,0.9999999999999999
262.2214159999972,0.8881067187907092,0.9999999999999999,262.28706099999516,0.6845258898295776,0.9999999999999999
262.45337399999704,0.9705965681213244,0.9999999999999999,262.5370509999952,0.7284611442593647,0.9999999999999999
262.7082879999971,1.0707832684165133,0.9999999999999999,262.78203499999506,0.7722918302888061,0.9999999999999999
262.9573019999971,1.1811276105018942,0.9999999999999999,263.02635699999513,0.8085143034016761,0.9999999999999999
263.19827899999694,1.2912542491512349,0.9999999999999999,263.29793199999517,0.8298489828086931,0.9999999999999999
263.46584399999716,1.3950539384632996,0.9999999999999999,263.5368179999954,0.8336082266127133,0.9999999999999999
263.6987359999971,1.494095042754256,0.9999999999999999,263.7686689999953,0.8227502803018368,0.9999999999999999
263.94669699999713,1.5948420028117765,0.9999999999999999,264.0243049999953,0.8021915044328698,0.9999999999999999
264.1906039999971,1.7040210138099698,0.9999999999999999,264.26584699999546,0.7764323753917007,0.9999999999999999
264.43668999999704,1.8207853394877733,0.9999999999999999,264.5142349999956,0.7480342521986594,0.9999999999999999
264.682964999997,1.9310260619421453,0.9999999999999999,264.7606289999958,0.7178898051695849,0.9999999999999999
264.947946999997,2.008577664709196,0.9999999999999999,265.0096489999959,0.6862707243274117,0.9999999999999999
265.185355999997,2.029652245050122,0.9999999999999999,265.25812499999597,0.6553840105799759,0.9999999999999999
265.42879699999696,1.9892063289561186,0.9999999999999999,265.5083869999963,0.6304853001416226,0.9999999999999999
265.684544999997,1.9016016820600208,0.9999999999999999,265.75640399999634,0.6178970239527606,0.9999999999999999
265.92263799999705,1.786819130910904,0.9999999999999999,266.0090309999962,0.6223030618022432,0.9999999999999999
266.1670529999973,1.6603616696239367,0.9999999999999999,266.25844199999625,0.6457971148841487,0.9999999999999999
266.4237059999974,1.5322644171452198,0.9999999999999999,266.5082339999962,0.6870123328017201,0.9999999999999999
266.6745059999975,1.411801037541806,0.9999999999999999,266.74490199999616,0.7389724143805241,0.9999999999999999
266.9254889999974,1.3107927760676255,0.9999999999999999,266.9948909999962,0.7878573883336506,0.9999999999999999
267.16288699999745,1.2421990924152104,0.9999999999999999,267.2422309999962,0.8159358899250031,0.9999999999999999
267.4114849999974,1.2131518999359185,0.9999999999999999,267.49338299999624,0.8136354473219709,0.9999999999999999
267.6684609999974,1.223710486360027,0.9999999999999999,267.7361449999963,0.78675741563283,0.9999999999999999
267.90345299999757,1.2684396685606305,0.9999999999999999,267.98108999999664,0.7511515964922786,0.9999999999999999
268.17631199999755,1.3370897098432855,0.9999999999999999,268.2341499999967,0.7221379193636146,0.9999999999999999
268.40007099999735,1.413091525296842,0.9999999999999999,268.4805949999969,0.7100257504038097,0.9999999999999999
268.64606999999734,1.4759272435282766,0.9999999999999999,268.72573999999696,0.7190649400770261,0.9999999999999999
268.8925729999974,1.5099132537844915,0.9999999999999999,268.9736349999967,0.7481169442611895,0.9999999999999999
269.1432179999975,1.5142268067665432,0.9999999999999999,269.2322769999966,0.7917534586210361,0.9999999999999999
269.39402499999727,1.5045541011642793,0.9999999999999999,269.4651349999968,0.8426270871873963,0.9999999999999999
269.6370819999975,1.5073431727386868,0.9999999999999999,269.71812999999685,0.8943074430428254,0.9999999999999999
269.88712599999747,1.5502422667831666,0.9999999999999999,269.9631409999967,0.9424234419851524,0.9999999999999999
270.1379639999975,1.651833435206489,0.9999999999999999,270.21313099999645,0.9836291757982745,0.9999999999999999
270.37656699999764,1.806904969404242,0.9999999999999999,270.4601129999964,1.0134358371175571,0.9999999999999999
270.6284699999977,1.9732483376807166,0.9999999999999999,270.7041259999964,1.0259553989586614,0.9999999999999999
270.8774769999978,2.0863695959830997,0.9999999999999999,270.97226099999625,1.016362516626803,0.9999999999999999
271.11750699999806,2.1038922687215855,0.9999999999999999,271.20282299999633,0.9869727359357736,0.9999999999999999
271.37448699999806,2.031220396755861,0.9999999999999999,271.45070899999655,0.9491553255946584,0.9999999999999999
271.6174709999981,1.9144977663296368,0.9999999999999999,271.69470099999666,0.9148236621393642,0.9999999999999999
271.8664089999982,1.8124855881352924,0.9999999999999999,271.94812599999693,0.8889114829004611,0.9999999999999999
272.1075059999983,1.7751263552439798,0.9999999999999999,272.192357999997,0.8708239758085436,0.9999999999999999
272.3598809999983,1.8279192288755692,0.9999999999999999,272.4411979999969,0.8581239607494688,0.9999999999999999
272.6220059999983,1.9623127755650316,0.9999999999999999,272.68628599999687,0.8487599371750221,0.9999999999999999
272.8494039999983,2.1368609328500128,0.9999999999999999,272.933284999997,0.8417356931118399,0.9999999999999999
273.10484799999836,2.292207249330196,0.9999999999999999,273.19132099999683,0.8376925551438192,0.9999999999999999
273.35650799999837,2.375653950849333,0.9999999999999999,273.42821499999695,0.8397067801869637,0.9999999999999999
273.5974189999984,2.3621800616579556,0.9999999999999999,273.67858899999703,0.8534041225185199,0.9999999999999999
273.84340799999853,2.260390219895012,0.9999999999999999,273.93055999999694,0.8849575954871968,0.9999999999999999
274.08850499999863,2.1033009150909097,0.9999999999999999,274.19411499999677,0.9351887268258101,0.9999999999999999
274.3434849999984,1.9330741310941428,0.9999999999999999,274.42257799999663,0.9970142485130189,0.9999999999999999
274.5965609999983,1.7857958765016784,0.9999999999999999,274.66808999999654,1.0590916134731865,0.9999999999999999
274.8323039999983,1.6810611226289003,0.9999999999999999,274.9149009999967,1.112980113599861,0.9999999999999999
275.0863459999983,1.6189068184819229,0.9999999999999999,275.17035199999657,1.1548237431875261,0.9999999999999999
275.32982999999825,1.5845873322708923,0.9999999999999999,275.4133979999969,1.1850726356008179,0.9999999999999999
275.58670299999824,1.5604312589759863,0.9999999999999999,275.6554569999968,1.2071069919595765,0.9999999999999999
275.8318279999981,1.5313800547833079,0.9999999999999999,275.90600599999715,1.2228916987894314,0.9999999999999999
276.0738259999983,1.4910746112743483,0.9999999999999999,276.1528799999972,1.229836208710433,0.9999999999999999
276.3365909999983,1.4435324077120784,0.9999999999999999,276.40019799999726,1.223008397841303,0.9999999999999999
276.5765589999983,1.3982785898834358,0.9999999999999999,276.65162799999734,1.2007220550420559,0.9999999999999999
276.8430349999985,1.365271470685609,0.9999999999999999,276.89015599999743,1.169337635609575,0.9999999999999999
277.1475099999983,1.3493053797908856,0.9999999999999999,277.1469379999976,1.1420619767703077,0.9999999999999999
277.3995269999983,1.347980199475077,0.9999999999999999,277.40205199999747,1.132260528520019,0.9999999999999999
277.70493299999816,1.3513327104923794,0.9999999999999999,277.6380459999976,1.1463409053463463,0.9999999999999999
277.96400499999856,1.3455876277280518,0.9999999999999999,277.8828609999976,1.177840971587323,0.9999999999999999
278.1597909999988,1.3207753295591076,0.9999999999999999,278.1292859999977,1.2081866295313006,0.9999999999999999
278.4048889999987,1.2763066282434583,0.9999999999999999,278.38184899999794,1.2190982314329675,0.9999999999999999
278.58250499999883,1.221015650234796,0.9999999999999999,278.650391999998,1.2049013982886956,0.9999999999999999
278.792350999999,1.16960936204351,0.9999999999999999,278.8752379999982,1.1744870767080637,0.9999999999999999
279.0463569999987,1.1380542360341215,0.9999999999999999,279.12384299999815,1.1450544767706172,0.9999999999999999
279.2937489999987,1.1374231061578794,0.9999999999999999,279.3684599999979,1.1342920762347621,0.9999999999999999
279.5392749999987,1.1700775110425603,0.9999999999999999,279.620089999998,1.1525081814616491,0.9999999999999999
279.7836469999988,1.2271994451593427,0.9999999999999999,279.870067999998,1.1975165123488107,0.9999999999999999
280.03520299999855,1.2907991471640106,0.9999999999999999,280.1149309999979,1.2555313283422946,0.9999999999999999
280.30002999999846,1.3399252729253264,0.9999999999999999,280.3614579999977,1.3082272951507345,0.9999999999999999
280.5232189999986,1.359023528578164,0.9999999999999999,280.60798999999815,1.342925319334934,0.9999999999999999
280.7691989999989,1.3440447275750262,0.9999999999999999,280.852613999998,1.3573779647997308,0.9999999999999999
281.0276249999989,1.3027867396382085,0.9999999999999999,281.1137309999981,1.3569667221789858,0.9999999999999999
281.27737599999875,1.2495732681378036,0.9999999999999999,281.35710599999817,1.3480253340519925,0.9999999999999999
281.52024499999897,1.1982461043759898,0.9999999999999999,281.5975959999981,1.3330548274009213,0.9999999999999999
281.76081699999907,1.1581046904099552,0.9999999999999999,281.8599629999981,1.3104205342199533,0.9999999999999999
282.01228699999905,1.1336889586585919,0.9999999999999999,282.10867899999806,1.2773591898269903,0.9999999999999999
282.267722999999,1.1268438792081374,0.9999999999999999,282.34224099999795,1.2322449560094373,0.9999999999999999
282.5117869999987,1.1377020873505717,0.9999999999999999,282.59171799999797,1.1783192438329928,0.9999999999999999
282.7544119999988,1.1629457511052528,0.9999999999999999,282.8371939999978,1.126000479308117,0.9999999999999999
283.0029639999989,1.1950065218263917,0.9999999999999999,283.0808019999981,1.087992026353658,0.9999999999999999
283.25247099999905,1.223508972440216,0.9999999999999999,283.32909399999807,1.0734928968466106,0.9999999999999999
283.5163569999991,1.2393260717079424,0.9999999999999999,283.58576799999815,1.0844228243483567,0.9999999999999999
283.74586699999895,1.238628478560459,0.9999999999999999,283.82473699999815,1.1129525301717098,0.9999999999999999
284.0223139999989,1.2224761467877798,0.9999999999999999,284.0771649999983,1.1435306302998094,0.9999999999999999
284.238282999999,1.1961813669572086,0.9999999999999999,284.32631699999837,1.1595714543843023,0.9999999999999999
284.5036149999989,1.1696417029063884,0.9999999999999999,284.5717719999984,1.1501703555648974,0.9999999999999999
284.74116199999906,1.1571369538656389,0.9999999999999999,284.8163179999985,1.1134200749187824,0.9999999999999999
284.98423499999916,1.1734678684668416,0.9999999999999999,285.0681519999987,1.0556338523352564,0.9999999999999999
285.23067599999905,1.2240171073738424,0.9999999999999999,285.3131869999983,0.9869403338670054,0.9999999999999999
285.481027999999,1.296270439699688,0.9999999999999999,285.55876099999824,0.9172960345096388,0.9999999999999999
285.730547999999,1.3654754453053066,0.9999999999999999,285.80875799999836,0.8541127322876054,0.9999999999999999
285.9729109999991,1.4099523089180241,0.9999999999999999,286.0547309999985,0.8020016508427635,0.9999999999999999
286.2240409999989,1.4205953756091554,0.9999999999999999,286.3266679999986,0.7635971535734312,0.9999999999999999
286.47286499999905,1.399179620614291,0.9999999999999999,286.5511539999986,0.7413895405999671,0.9999999999999999
286.720805999999,1.3523518239303254,0.9999999999999999,286.7985839999986,0.736962385245422,0.9999999999999999
286.97289999999884,1.2889655693311912,0.9999999999999999,287.04522799999864,0.7517220958770099,0.9999999999999999
287.211727999999,1.2210494107929302,0.9999999999999999,287.2961419999987,0.7862769155118017,0.9999999999999999
287.46224099999904,1.1651099785254817,0.9999999999999999,287.54301199999867,0.8409630547862581,0.9999999999999999
287.71519399999903,1.135956791468984,0.9999999999999999,287.7970589999985,0.9170977005508326,0.9999999999999999
287.969705999999,1.1382444080233753,0.9999999999999999,288.0356699999984,1.0176878274362253,0.9999999999999999
288.203665999999,1.1662036992707867,0.9999999999999999,288.28673699999877,1.1426738435536397,0.9999999999999999
288.455608999999,1.2071601293397742,0.9999999999999999,288.53363999999874,1.2816023349700267,0.9999999999999999
288.704347999999,1.2463348583920668,0.9999999999999999,288.77413299999887,1.4137245816402242,0.9999999999999999
288.94695399999875,1.2715063261435953,0.9999999999999999,289.0280919999989,1.5156590008184678,0.9999999999999999
289.1914459999986,1.2767875043171217,0.9999999999999999,289.2711349999988,1.572088195261667,0.9999999999999999
289.4495489999986,1.2645895189456393,0.9999999999999999,289.5285349999989,1.5818135795583381,0.9999999999999999
289.6918479999988,1.2435697870829023,0.9999999999999999,289.76908599999894,1.5556021035019292,0.9999999999999999
289.95868799999863,1.2249225638107164,0.9999999999999999,290.02148999999895,1.5096163573485035,0.9999999999999999
290.18527999999844,1.2176037467442729,0.9999999999999999,290.26338999999876,1.4604583400132782,0.9999999999999999
290.4277189999986,1.22355170442208,0.9999999999999999,290.51949099999894,1.4212858537479116,0.9999999999999999
290.68008699999854,1.2360420556409468,0.9999999999999999,290.76399999999916,1.3971978656801467,0.9999999999999999
290.92558699999853,1.2452210964251182,0.9999999999999999,291.00637699999925,1.3841840143389725,0.9999999999999999
291.1855689999985,1.2483571477614577,0.9999999999999999,291.2539399999994,1.3732684052788493,0.9999999999999999
291.4240549999988,1.2512725873439776,0.9999999999999999,291.5079079999995,1.3559429591978294,0.9999999999999999
291.6740799999989,1.2635319831950609,0.9999999999999999,291.7527469999995,1.328211929743849,0.9999999999999999
291.92505099999903,1.2919473232365073,0.9999999999999999,291.99666299999944,1.2898277080772584,0.9999999999999999
292.1736219999992,1.3389964425271774,0.9999999999999999,292.2466549999995,1.2424106270288136,0.9999999999999999
292.4194939999992,1.404922061800999,0.9999999999999999,292.49456699999934,1.1888289795251537,0.9999999999999999
292.66659799999917,1.4883127316703908,0.9999999999999999,292.74371299999945,1.1344591695090116,0.9999999999999999
292.9150849999992,1.5838237270193958,0.9999999999999999,292.9945499999994,1.0872781909414848,0.9999999999999999
293.15743399999917,1.6793015034471444,0.9999999999999999,293.2355879999995,1.055448314351769,0.9999999999999999
293.40093199999916,1.758532550705949,0.9999999999999999,293.4870849999997,1.0461118381043146,0.9999999999999999
293.6598249999992,1.8068430654588936,0.9999999999999999,293.73354399999965,1.062360840101872,0.9999999999999999
293.8957509999991,1.816336351182401,0.9999999999999999,293.9998799999995,1.1002699932895068,0.9999999999999999
294.1449459999993,1.7893624728286746,0.9999999999999999,294.2248339999997,1.1484315254090613,0.9999999999999999
294.39267299999955,1.7362178505976038,0.9999999999999999,294.4748429999998,1.1921248743221793,0.9999999999999999
294.6407639999996,1.6696155135869553,0.9999999999999999,294.71739199999996,1.2181693037083074,0.9999999999999999
294.89220099999966,1.5985222111316024,0.9999999999999999,294.9697739999999,1.2201914001349579,0.9999999999999999
295.1376469999998,1.525862072455931,0.9999999999999999,295.21732699999995,1.1996241797020935,0.9999999999999999
295.3850409999998,1.4503521176408138,0.9999999999999999,295.466123,1.163912725439301,0.9999999999999999
295.6474429999997,1.371080592103217,0.9999999999999999,295.71727399999986,1.124364475327448,0.9999999999999999
295.8760659999998,1.2911989609371728,0.9999999999999999,295.9677429999999,1.0954123786661254,0.9999999999999999
296.12315299999983,1.2186326719188902,0.9999999999999999,296.21577699999955,1.0926292159355824,0.9999999999999999
296.3811929999998,1.1632399861824192,0.9999999999999999,296.4587209999995,1.1274535544406925,0.9999999999999999
296.6165389999998,1.1359670023361716,0.9999999999999999,296.7055929999995,1.1968617609379135,0.9999999999999999
296.8750999999996,1.1478374865717174,0.9999999999999999,296.95213599999937,1.277250978231065,0.9999999999999999
297.11401799999976,1.2089189913054244,0.9999999999999999,297.2071249999994,1.338597685273211,0.9999999999999999
297.35969599999976,1.3219696956417575,0.9999999999999999,297.44809999999933,1.3642290667474841,0.9999999999999999
297.61326599999967,1.47184750412272,0.9999999999999999,297.69305799999944,1.3550184939788381,0.9999999999999999
297.8465059999997,1.625320109782575,0.9999999999999999,297.9469289999995,1.3222898875928142,0.9999999999999999
298.0985879999997,1.746047688261378,0.9999999999999999,298.1956009999992,1.282658836029656,0.9999999999999999
298.34646,1.8132458015396262,0.9999999999999999,298.4428409999992,1.2563748032832205,0.9999999999999999
298.5939019999999,1.8262285062613328,0.9999999999999999,298.6819249999995,1.2634204005526846,0.9999999999999999
298.86908599999987,1.801383106820372,0.9999999999999999,298.93847199999954,1.3162406710471999,0.9999999999999999
299.0880259999999,1.7665665454659827,0.9999999999999999,299.1767559999998,1.4126841366391654,0.9999999999999999
299.35287499999987,1.7539434711731983,0.9999999999999999,299.4267509999997,1.5347661088915068,0.9999999999999999
299.5784819999999,1.7904699725949387,0.9999999999999999,299.6725379999996,1.6576794819221323,0.9999999999999999
299.8344749999998,1.8816019830944306,0.9999999999999999,299.9250259999995,1.7601308570894596,0.9999999999999999
300.07635799999974,2.0052034636613474,0.9999999999999999,300.1695759999998,1.8296713249880792,0.9999999999999999
300.3394389999997,2.1257769797564956,0.9999999999999999,300.4190419999998,1.864063882389905,0.9999999999999999
300.5732369999998,2.2177615744062535,0.9999999999999999,300.6630439999999,1.8693677827931825,0.9999999999999999
300.83075299999973,2.2739238982583054,0.9999999999999999,300.92047,1.8549291390117317,0.9999999999999999
301.0691569999996,2.300795967223487,0.9999999999999999,301.159835,1.8291349043831702,0.9999999999999999
301.3160489999997,2.308575992327426,0.9999999999999999,301.40738200000004,1.7942731193095072,0.9999999999999999
301.5696479999996,2.2999624090561355,0.9999999999999999,301.6774480000001,1.745492895264702,0.9999999999999999
301.8131069999996,2.2675306137180584,0.9999999999999999,301.9017460000003,1.6764254530581066,0.9999999999999999
302.06040899999954,2.203118016456749,0.9999999999999999,302.1568720000002,1.5891265760775124,0.9999999999999999
302.30849399999954,2.1085623391218435,0.9999999999999999,302.39977700000037,1.4970185392598059,0.9999999999999999
302.55781299999944,1.9987248640623612,0.9999999999999999,302.64730000000026,1.419417157346071,0.9999999999999999
302.79799799999944,1.8958504686730124,0.9999999999999999,302.89418200000017,1.372960207463323,0.9999999999999999
303.0479689999993,1.8214038091255784,0.9999999999999999,303.14777400000037,1.3672612541906257,0.9999999999999999
303.3148619999991,1.7871372390472757,0.9999999999999999,303.3891770000004,1.40259902759317,0.9999999999999999
303.53963299999896,1.7839749332127055,0.9999999999999999,303.6372540000006,1.4695298395033034,0.9999999999999999
303.7955659999989,1.7789064338311213,0.9999999999999999,303.8882510000007,1.552297104158625,0.9999999999999999
304.04269799999895,1.738407728062949,0.9999999999999999,304.1365990000009,1.6347276822446375,0.9999999999999999
304.2919699999991,1.6540929717674413,0.9999999999999999,304.3912540000008,1.7062839524454083,0.9999999999999999
304.540529999999,1.5400604266434952,0.9999999999999999,304.6331710000008,1.7649841333227372,0.9999999999999999
304.7851189999989,1.4151690139503286,0.9999999999999999,304.88506800000044,1.8142719300333061,0.9999999999999999
305.02997599999895,1.2938511128433103,0.9999999999999999,305.12794400000064,1.856464621477086,0.9999999999999999
305.28164199999895,1.1842713552408153,0.9999999999999999,305.3695390000006,1.8866007182807198,0.9999999999999999
305.5265759999989,1.0914566693544976,0.9999999999999999,305.6185330000006,1.8917078763946111,0.9999999999999999
305.77252799999866,1.019506640113587,0.9999999999999999,305.8674430000006,1.8594531515299788,0.9999999999999999
306.0205559999985,0.9703747468208422,0.9999999999999999,306.1149760000007,1.788267897324937,0.9999999999999999
306.26589099999836,0.9410501592669025,0.9999999999999999,306.36788900000073,1.6889464186843333,0.9999999999999999
306.5220329999985,0.9234602044047903,0.9999999999999999,306.60735800000083,1.5803847340281514,0.9999999999999999
306.77065699999855,0.9080326227212492,0.9999999999999999,306.8599630000007,1.4840855431719904,0.9999999999999999
307.0073249999985,0.8871770323852861,0.9999999999999999,307.1119040000007,1.4177112913852061,0.9999999999999999
307.2681829999986,0.8579576576809519,0.9999999999999999,307.3533660000008,1.389145500560498,0.9999999999999999
307.5272739999987,0.8222122758849841,0.9999999999999999,307.59938500000095,1.393230843145878,0.9999999999999999
307.75103499999886,0.7856558842255568,0.9999999999999999,307.8457760000011,1.4155583977926365,0.9999999999999999
308.00357399999876,0.7559221766141495,0.9999999999999999,308.1037040000012,1.441103317279765,0.9999999999999999
308.26349099999874,0.7394544683336264,0.9999999999999999,308.34121200000135,1.4592339502370275,0.9999999999999999
308.501430999999,0.7395661504068031,0.9999999999999999,308.5905420000012,1.4653158618978332,0.9999999999999999
308.7534599999991,0.7563163366266108,0.9999999999999999,308.8396090000013,1.4578259904861353,0.9999999999999999
308.9940409999991,0.7865895020644773,0.9999999999999999,309.0895730000015,1.436177969921073,0.9999999999999999
309.25132299999933,0.823449912601789,0.9999999999999999,309.35295300000143,1.4016226553225808,0.9999999999999999
309.4877479999991,0.8595085494203831,0.9999999999999999,309.58360400000157,1.3587553418819889,0.9999999999999999
309.742051999999,0.8910378359098643,0.9999999999999999,309.82398200000154,1.3152361567391795,0.9999999999999999
309.990094999999,0.9165620512627876,0.9999999999999999,310.07432300000147,1.2781175353524792,0.9999999999999999
310.2320269999988,0.9354767906812801,0.9999999999999999,310.3268670000014,1.2527385391168502,0.9999999999999999
310.4796879999988,0.9474375357862358,0.9999999999999999,310.5719190000015,1.2443216598649376,0.9999999999999999
310.7244039999987,0.9529503682385843,0.9999999999999999,310.8253640000017,1.2581330379167082,0.9999999999999999
310.9904709999987,0.9517807363272824,0.9999999999999999,311.0722550000018,1.2972439502518016,0.9999999999999999
311.2200039999987,0.9435300249004569,0.9999999999999999,311.31981300000183,1.3573960268948524,0.9999999999999999
311.47351599999877,0.9290106635401767,0.9999999999999999,311.56013800000215,1.4224870936917358,0.9999999999999999
311.7163079999989,0.9107430834118785,0.9999999999999999,311.809636000002,1.4721527576640978,0.9999999999999999
311.9685329999988,0.8906301744757343,0.9999999999999999,312.053686000002,1.4975775453637694,0.9999999999999999
312.2084569999989,0.8691705981215476,0.9999999999999999,312.30299700000216,1.5082016802147376,0.9999999999999999
312.45943899999907,0.8465719503949797,0.9999999999999999,312.5624690000022,1.5233508776218039,0.9999999999999999
312.709727999999,0.8244711261177973,0.9999999999999999,312.8050940000023,1.5627406685878307,0.9999999999999999
312.9658349999989,0.8055118346783997,0.9999999999999999,313.0454720000025,1.6381051259797457,0.9999999999999999
313.2058449999991,0.7922618168552377,0.9999999999999999,313.2969000000025,1.7468826616926632,0.9999999999999999
313.45224999999897,0.78650221673531,0.9999999999999999,313.54144600000257,1.8656972102900646,0.9999999999999999
313.70494499999916,0.7902591370998834,0.9999999999999999,313.79546000000244,1.9581048779755243,0.9999999999999999
313.9445649999993,0.8044494472581512,0.9999999999999999,314.0345450000025,1.993850486475905,0.9999999999999999
314.2069979999996,0.8277154519787941,0.9999999999999999,314.2825800000024,1.9632684055362315,0.9999999999999999
314.4410129999997,0.8569125118689511,0.9999999999999999,314.5340970000026,1.8796209802601787,0.9999999999999999
314.6925809999995,0.8871252224440497,0.9999999999999999,314.79046200000266,1.7709207361580472,0.9999999999999999
314.93504199999967,0.9146150423050093,0.9999999999999999,315.03050100000286,1.6705782660325779,0.9999999999999999
315.18148099999974,0.9403354437575877,0.9999999999999999,315.2797960000028,1.610086250466717,0.9999999999999999
315.4359359999998,0.9710649334797858,0.9999999999999999,315.528955000003,1.6122445733641282,0.9999999999999999
315.6788090000001,1.0157491111968615,0.9999999999999999,315.7707460000029,1.6840031162149902,0.9999999999999999
315.9268630000002,1.0809066787793706,0.9999999999999999,316.0156180000027,1.8124351287374367,0.9999999999999999
316.17517500000014,1.166715294502179,0.9999999999999999,316.26365600000275,1.9671617681592939,0.9999999999999999
316.42030500000004,1.263297595299284,0.9999999999999999,316.51980100000264,2.1117390599518493,0.9999999999999999
316.67183400000005,1.3560462806029405,0.9999999999999999,316.7641340000027,2.2168322008114876,0.9999999999999999
316.91431200000005,1.4312764400087177,0.9999999999999999,317.02718100000277,2.2619873779242914,0.9999999999999999
317.1602559999999,1.4818953907254029,0.9999999999999999,317.2567620000026,2.2377717892487525,0.9999999999999999
317.41276599999975,1.5107230191492271,0.9999999999999999,317.50553100000263,2.1530901933318685,0.9999999999999999
317.67067099999997,1.525757895930804,0.9999999999999999,317.7524300000025,2.0332931588235317,0.9999999999999999
317.90673100000004,1.5347372213079826,0.9999999999999999,317.99948800000243,1.9053766250865622,0.9999999999999999
318.15466100000015,1.5390453810879594,0.9999999999999999,318.2479080000023,1.7876510840320816,0.9999999999999999
318.402624,1.5314272974217285,0.9999999999999999,318.49354800000225,1.6870483852315172,0.9999999999999999
318.6634099999999,1.506167016910869,0.9999999999999999,318.7518690000021,1.6028180272106782,0.9999999999999999
318.8978949999997,1.4675312715412883,0.9999999999999999,318.99082900000235,1.5319425825364548,0.9999999999999999
319.1485579999995,1.4267245814680087,0.9999999999999999,319.2413360000024,1.4699895793101931,0.9999999999999999
319.39446699999985,1.3947682099083565,0.9999999999999999,319.4877240000025,1.4145536206416982,0.9999999999999999
319.63953699999996,1.3789897437230951,0.9999999999999999,319.7393690000024,1.3688480483909689,0.9999999999999999
319.88564299999985,1.38175586332173,0.9999999999999999,319.97863500000227,1.342550409866641,0.9999999999999999
320.1381589999999,1.4009912132516489,0.9999999999999999,320.24667400000226,1.3485984650540404,0.9999999999999999
320.38094100000006,1.4315663089404587,0.9999999999999999,320.4787090000021,1.397301196588378,0.9999999999999999
320.6400670000003,1.467340671076332,0.9999999999999999,320.72755200000216,1.4888223816890647,0.9999999999999999
320.87743300000017,1.506696124846991,0.9999999999999999,320.98355800000235,1.6023605405632586,0.9999999999999999
321.13553000000013,1.5536720062649683,0.9999999999999999,321.23111600000226,1.696282878405605,0.9999999999999999
321.3804860000002,1.6136206518500962,0.9999999999999999,321.46654000000206,1.7308932537133144,0.9999999999999999
321.62803400000035,1.6847446807773099,0.9999999999999999,321.7187310000021,1.6966119190111186,0.9999999999999999
321.88082500000024,1.7514459789042225,0.9999999999999999,321.9638700000021,1.61240484828611,0.9999999999999999
322.1264260000005,1.7891092303629572,0.9999999999999999,322.2062640000022,1.5079101707666789,0.9999999999999999
322.3633390000001,1.7803260526054032,0.9999999999999999,322.45819100000205,1.4101363621826006,0.9999999999999999
322.61496999999997,1.7263399022241557,0.9999999999999999,322.70983400000193,1.3372015153810723,0.9999999999999999
322.85985299999976,1.6417854553876543,0.9999999999999999,322.96125400000204,1.2960712035367572,0.9999999999999999
323.10468499999985,1.5454126657583651,0.9999999999999999,323.2016690000022,1.2854252503368118,0.9999999999999999
323.3577779999999,1.4541995088374369,0.9999999999999999,323.4486230000021,1.2984033667075412,0.9999999999999999
323.6117129999998,1.3817121074275542,0.9999999999999999,323.69780100000196,1.325950120842664,0.9999999999999999
323.85381699999994,1.3360004757522828,0.9999999999999999,323.9440630000017,1.3601259556266128,0.9999999999999999
324.10719999999986,1.3193045047497618,0.9999999999999999,324.19722500000165,1.396719797192917,0.9999999999999999
324.34968699999985,1.3295162644671445,0.9999999999999999,324.43929100000173,1.436370434437247,0.9999999999999999
324.59726099999995,1.3607589397226316,0.9999999999999999,324.7049350000015,1.486010128659853,0.9999999999999999
324.8476009999998,1.4038033646163925,0.9999999999999999,324.93731600000143,1.559376401272346,0.9999999999999999
325.09153799999996,1.4490639641148517,0.9999999999999999,325.1789270000015,1.670655569776814,0.9999999999999999
325.3406190000002,1.48928677133327,0.9999999999999999,325.4322890000013,1.8165439687241536,0.9999999999999999
325.5799540000004,1.5210789503001396,0.9999999999999999,325.67968700000125,1.962712584998834,0.9999999999999999
325.84353400000066,1.5447888378526702,0.9999999999999999,325.92370700000146,2.062049219006305,0.9999999999999999
326.0798350000006,1.563936571503007,0.9999999999999999,326.1742080000014,2.0865460817007517,0.9999999999999999
326.3390010000008,1.5830809146725984,0.9999999999999999,326.42009700000125,2.0386873118342583,0.9999999999999999
326.5740050000007,1.6045153759483255,0.9999999999999999,326.66517800000116,1.941034929863382,0.9999999999999999
326.8257650000007,1.6250876305226847,0.9999999999999999,326.9181670000011,1.8216934617746716,0.9999999999999999
327.06896600000084,1.6405935693535314,0.9999999999999999,327.1644820000011,1.7057741060421727,0.9999999999999999
327.3303540000009,1.6510621048527452,0.9999999999999999,327.4101280000011,1.6100924479546896,0.9999999999999999
327.5648170000008,1.6607111342985883,0.9999999999999999,327.6651250000013,1.5433818110879076,0.9999999999999999
327.8194140000008,1.6786720972789158,0.9999999999999999,327.9159910000014,1.5061737169377083,0.9999999999999999
328.05579100000074,1.7211540092436706,0.9999999999999999,328.15699300000136,1.4947728809124594,0.9999999999999999
328.31509500000067,1.8144647194298742,0.9999999999999999,328.4019320000014,1.503766525358077,0.9999999999999999
328.55431800000065,1.9887798425375651,0.9999999999999999,328.6503220000014,1.5278712823554939,0.9999999999999999
328.8031700000008,2.2528418526347065,0.9999999999999999,328.8943820000013,1.5599449068575348,0.9999999999999999
329.0501830000008,2.568653388301593,0.8283505154639175,329.1434410000012,1.5890794958825616,0.9999999999999999
329.2971050000006,2.871552267179668,0.34123711340206186,329.39252100000124,1.6024697099210425,0.9999999999999999
329.5506410000008,3.1118772225968603,0.10128865979381439,329.6383920000011,1.589934046673433,0.9999999999999999
329.7892250000008,3.2692703239192444,0.03092783505154636,329.8895060000012,1.5473894109810018,0.9999999999999999
330.05451200000084,3.3449817961495576,0.0015463917525773139,330.13937200000123,1.4785024787187298,0.9999999999999999
330.2947740000008,3.3497693864092963,0.0,330.3849750000011,1.39313032560104,0.9999999999999999
330.5466130000008,3.2956796689772974,0.020103092783505163,330.6278140000011,1.303226648402185,0.9999999999999999
330.7855840000008,3.197805351853505,0.05798969072164944,330.87486900000107,1.2194487393384377,0.9999999999999999
331.0355730000008,3.073878651635301,0.12680412371134014,331.13083100000114,1.1484446386706069,0.9999999999999999
331.2760630000007,2.940298372751834,0.2570446735395189,331.37760600000126,1.0927712959890832,0.9999999999999999
331.5296520000007,2.807834011517421,0.4458762886597939,331.6191550000012,1.0528095862919409,0.9999999999999999
331.7791120000007,2.6847586325792223,0.6503436426116839,331.87081200000114,1.0308341272463197,0.9999999999999999
332.01986100000056,2.580988829273613,0.8079037800687285,332.121508000001,1.0311996101634677,0.9999999999999999
332.27147100000064,2.5073686837393643,0.8871134020618556,332.38416700000096,1.056062489853638,0.9999999999999999
332.51903400000066,2.470392209312077,0.9141752577319586,332.61806000000104,1.1012050392753634,0.9999999999999999
332.7683260000008,2.4658733412324345,0.9149484536082473,332.8547140000012,1.153124840484125,0.9999999999999999
332.99913100000066,2.479321003453368,0.906443298969072,333.1030760000012,1.1943206589981417,0.9999999999999999
333.2602180000005,2.493314173602277,0.8994845360824741,333.3549580000014,1.2137064979454537,0.9999999999999999
333.50104200000044,2.493802156352274,0.8994845360824741,333.60237100000126,1.2122716197725827,0.9999999999999999
333.7491400000003,2.472452005398507,0.9126288659793813,333.8552740000012,1.1994607834635367,0.9999999999999999
334.0116390000002,2.429948562052412,0.9466494845360824,334.09574300000133,1.186874309260883,0.9999999999999999
334.2461480000001,2.3743435566678266,0.9999999999999999,334.3478010000013,1.1827780143982365,0.9999999999999999
334.498147,2.3197760517372723,0.9999999999999999,334.5903950000012,1.1886555928384415,0.9999999999999999
334.7430960000002,2.279914769669842,0.9999999999999999,334.83827700000086,1.1990874609809918,0.9999999999999999
334.9931270000002,2.260987047287997,0.9999999999999999,335.0819590000007,1.2060455286319256,0.9999999999999999
335.2316780000003,2.2598014597973757,0.9999999999999999,335.3419320000007,1.2032314193845395,0.9999999999999999
335.4875650000002,2.2658886697008356,0.9999999999999999,335.5930950000008,1.1879912746955794,0.9999999999999999
335.7345840000004,2.2639959648381227,0.9999999999999999,335.8359230000008,1.1612959022572937,0.9999999999999999
335.98396400000047,2.2387978785269995,0.9999999999999999,336.08040000000096,1.1265549558951942,0.9999999999999999
336.2221870000005,2.1782240693367334,0.9999999999999999,336.3314650000007,1.0890700720796085,0.9999999999999999
336.4802530000005,2.081901477161307,0.9999999999999999,336.5752500000007,1.055405513422497,0.9999999999999999
336.7207440000005,1.9624535607715965,0.9999999999999999,336.82171600000055,1.0322935861257447,0.9999999999999999
336.97170200000045,1.8370830646587761,0.9999999999999999,337.07091600000024,1.0243576595447836,0.9999999999999999
337.22669800000045,1.7179498098144905,0.9999999999999999,337.31377500000025,1.0309309371382753,0.9999999999999999
337.4690400000005,1.6110110989208044,0.9999999999999999,337.55925000000053,1.0441031761688448,0.9999999999999999
337.7085380000005,1.519188930677175,0.9999999999999999,337.8151710000006,1.0523177277370799,0.9999999999999999
337.9589990000008,1.4448926493388576,0.9999999999999999,338.0605960000005,1.048516085129831,0.9999999999999999
338.20306400000084,1.3916277869991585,0.9999999999999999,338.3040680000006,1.0341369351955734,0.9999999999999999
338.4514090000006,1.3622252368779058,0.9999999999999999,338.5540590000006,1.017330502382487,0.9999999999999999
338.7013600000007,1.3579981291164396,0.9999999999999999,338.8084830000007,1.0108689421089176,0.9999999999999999
338.94604100000055,1.3766365162524679,0.9999999999999999,339.05336500000055,1.029030181481578,0.9999999999999999
339.19459500000073,1.4096561593017038,0.9999999999999999,339.29754800000075,1.083016505328574,0.9999999999999999
339.4460010000008,1.4410754853977457,0.9999999999999999,339.54296600000083,1.1770890683180169,0.9999999999999999
339.69408800000105,1.4529657048538207,0.9999999999999999,339.79146700000086,1.3097762126331203,0.9999999999999999
339.94401500000106,1.4358102294824664,0.9999999999999999,340.0588730000009,1.4766254463387964,0.9999999999999999
340.1927630000011,1.395007585986462,0.9999999999999999,340.2929310000009,1.6692398703632632,0.9999999999999999
340.4405960000013,1.348766515378192,0.9999999999999999,340.5354330000011,1.867996491523975,0.9999999999999999
340.68773000000124,1.3200237205674576,0.9999999999999999,340.7806720000012,2.0391033461068426,0.9999999999999999
340.92851200000126,1.3289913130628244,0.9999999999999999,341.0353860000013,2.1475636873492387,0.9999999999999999
341.17448500000125,1.3853842771672396,0.9999999999999999,341.2821420000014,2.1785677480900527,0.9999999999999999
341.42514500000135,1.4785756783088777,0.9999999999999999,341.5245700000015,2.141888120514013,0.9999999999999999
341.69099000000125,1.5786550156373291,0.9999999999999999,341.77951100000155,2.063114361740138,0.9999999999999999
341.92314800000105,1.6472564234646059,0.9999999999999999,342.02108000000146,1.9695080348732517,0.9999999999999999
342.16357400000123,1.6563877246860588,0.9999999999999999,342.2704160000013,1.8803682078514863,0.9999999999999999
342.42441900000114,1.6032499605014836,0.9999999999999999,342.5210620000014,1.8039367116752474,0.9999999999999999
342.67245600000115,1.5048763211580116,0.9999999999999999,342.7635900000015,1.737019520180196,0.9999999999999999
342.9094700000012,1.3835467470757588,0.9999999999999999,343.0156070000013,1.6712620314011073,0.9999999999999999
343.15546800000135,1.2582837049666156,0.9999999999999999,343.2681720000015,1.600394182713476,0.9999999999999999
343.42953800000134,1.1427660980019227,0.9999999999999999,343.5070910000016,1.523653222839253,0.9999999999999999
343.65536600000144,1.046107868780227,0.9999999999999999,343.76154300000144,1.4453640532985517,0.9999999999999999
343.9008460000015,0.974185373490934,0.9999999999999999,344.00273600000156,1.3721383039424562,0.9999999999999999
344.15873200000146,0.9301168853220972,0.9999999999999999,344.2565760000016,1.3106957261877574,0.9999999999999999
344.3998220000011,0.9131122909980552,0.9999999999999999,344.49905600000153,1.2663192461695936,0.9999999999999999
344.63978400000104,0.9165785104756362,0.9999999999999999,344.7421840000016,1.2406781869730352,0.9999999999999999
344.8986090000009,0.9296751474817064,0.9999999999999999,344.9945490000017,1.2312483049424818,0.9999999999999999
345.1385840000009,0.9434518131453487,0.9999999999999999,345.2421200000018,1.232569347561129,0.9999999999999999
345.38383800000076,0.9546149329349412,0.9999999999999999,345.49221200000164,1.2396601553141757,0.9999999999999999
345.6311230000009,0.9646640518098747,0.9999999999999999,345.73675700000166,1.250415372654631,0.9999999999999999
345.8821060000007,0.9778378593176684,0.9999999999999999,345.98676500000187,1.2656919401269386,0.9999999999999999
346.12776500000075,1.0010656931686677,0.9999999999999999,346.23028000000187,1.2891311747983858,0.9999999999999999
346.3716050000006,1.044116823486878,0.9999999999999999,346.491876000002,1.3279804767128494,0.9999999999999999
346.64612300000084,1.1193840773583816,0.9999999999999999,346.7367260000018,1.3938283636661277,0.9999999999999999
346.9367250000008,1.2387691005347856,0.9999999999999999,346.9822500000017,1.5001768717206627,0.9999999999999999
347.1734810000008,1.4047443420524135,0.9999999999999999,347.22516400000166,1.6529628328090447,0.9999999999999999
347.491043000001,1.6000888106275633,0.9999999999999999,347.47766700000165,1.8453031474981183,0.9999999999999999
347.771377000001,1.789983389643371,0.9999999999999999,347.7380210000016,2.0670733234888594,0.9999999999999999
347.98235800000094,1.93943853239048,0.9999999999999999,347.9681990000015,2.3138293287262477,0.9999999999999999
348.22236800000115,2.0284776683374046,0.9999999999999999,348.21567700000156,2.5804583990881933,0.8103092783505155
348.5032820000013,2.0547831400084595,0.9999999999999999,348.4657630000015,2.8566057521884227,0.35927835051546386
348.7301780000015,2.033285991420409,0.9999999999999999,348.7085120000014,3.1298639082273745,0.09510309278350514
348.86901800000174,1.991499798849777,0.9999999999999999,348.9596130000015,3.38308509791539,0.0
349.1065950000017,1.960073727631936,0.9999999999999999,349.20848600000164,3.594089185661751,0.0
349.3695750000016,1.9612588006838354,0.9999999999999999,349.45200600000175,3.7345567212026953,0.0
349.5990710000014,2.0010771631427926,0.9999999999999999,349.6984850000018,3.7703594810551646,0.0
349.84100100000154,2.0677561497591785,0.9999999999999999,349.94909500000193,3.6757819920453816,0.0
350.0895290000016,2.1370766041268405,0.9999999999999999,350.2008360000018,3.4611360451590247,0.0
350.34052300000155,2.1791263127980347,0.9999999999999999,350.44164700000175,3.177570787536749,0.06881443298969071
350.5889980000016,2.169027321224379,0.9999999999999999,350.68356100000136,2.8770812262127685,0.33762886597938147
350.8338770000018,2.099066221770461,0.9999999999999999,350.9446820000013,2.587808518062129,0.7970790378006873
351.0774170000019,1.9838948138254215,0.9999999999999999,351.18275200000136,2.3191177411684096,0.9999999999999999
351.3280580000018,1.8538297294961796,0.9999999999999999,351.45165900000126,2.077788046082954,0.9999999999999999
351.5849650000019,1.7417059417536254,0.9999999999999999,351.6867040000014,1.8725050791251514,0.9999999999999999
351.84046600000187,1.66960794380791,0.9999999999999999,351.92096600000144,1.7078634625589157,0.9999999999999999
352.0859860000019,1.6441990436365894,0.9999999999999999,352.1739800000012,1.5847512487404418,0.9999999999999999
352.3240720000021,1.6585668168309315,0.9999999999999999,352.42087900000126,1.501409667768001,0.9999999999999999
352.5721520000021,1.6952678064763422,0.9999999999999999,352.6649610000015,1.456041976920658,0.9999999999999999
352.82305800000205,1.7324034387832872,0.9999999999999999,352.9178740000014,1.4463418447792422,0.9999999999999999
353.0613970000021,1.7535025708421217,0.9999999999999999,353.1589520000013,1.464994117724733,0.9999999999999999
353.3099620000021,1.7523809047250851,0.9999999999999999,353.41500400000126,1.4980816232238388,0.9999999999999999
353.56336300000225,1.727700920712865,0.9999999999999999,353.65846400000146,1.5314976197818846,0.9999999999999999
353.80512100000203,1.6797818394249233,0.9999999999999999,353.90633100000156,1.5687924166909277,0.9999999999999999
354.0571800000019,1.612722350285219,0.9999999999999999,354.1558020000016,1.6360529497405252,0.9999999999999999
354.3022680000021,1.5365780022717255,0.9999999999999999,354.3992840000016,1.7634332780875686,0.9999999999999999
354.54967500000197,1.462872005590206,0.9999999999999999,354.65281600000145,1.9612857274219504,0.9999999999999999
354.7977210000018,1.4018301737376806,0.9999999999999999,354.89925300000164,2.2105257324698746,0.9999999999999999
355.0410740000018,1.3605977616322504,0.9999999999999999,355.14360600000157,2.4733497857923545,0.9126288659793813
355.28605200000163,1.3408083494733145,0.9999999999999999,355.40880600000145,2.708357364849797,0.6166666666666667
355.5410620000018,1.336060770901182,0.9999999999999999,355.6442380000016,2.8863138936602266,0.32680412371134016
355.7900170000016,1.3320773056043593,0.9999999999999999,355.8888280000016,2.9977700495320114,0.19089347079037805
356.0328780000014,1.3116466370933089,0.9999999999999999,356.1404380000016,3.05621989590055,0.13530927835051546
356.2874180000015,1.263644542817275,0.9999999999999999,356.3843100000014,3.090548330932415,0.11675257731958762
356.5360910000013,1.1902457908449218,0.9999999999999999,356.6323100000014,3.118848476697311,0.10051546391752574
356.7955310000013,1.1048706836538467,0.9999999999999999,356.8756930000013,3.1389864750131893,0.0904639175257732
357.05247200000105,1.0238873098586445,0.9999999999999999,357.1266980000013,3.147140749762425,0.08814432989690722
357.2655000000012,0.9608523204894301,0.9999999999999999,357.37150900000114,3.150701906630957,0.08659793814432991
357.5265370000011,0.9247923261673341,0.9999999999999999,357.62832700000115,3.166437960755485,0.07731958762886594
357.76239400000117,0.9216073520965243,0.9999999999999999,357.8694140000012,3.213973407120192,0.05025773195876287
358.01092700000135,0.9558206317288682,0.9999999999999999,358.1174640000012,3.2927454694588,0.02087628865979382
358.2730090000015,1.0299582959909557,0.9999999999999999,358.3743510000011,3.3790233842067523,0.0
358.5178220000015,1.1409768760096504,0.9999999999999999,358.620793000001,3.4394574263371354,0.0
358.75783900000135,1.2756849155518968,0.9999999999999999,358.8577330000009,3.44674159983547,0.0
359.00687700000134,1.407468270475986,0.9999999999999999,359.11733700000116,3.3874269092319924,0.0
359.2508020000013,1.5032465776606128,0.9999999999999999,359.35363200000126,3.2667864442906063,0.03092783505154636
359.5142440000013,1.540169094087628,0.9999999999999999,359.6297010000013,3.1029296969757074,0.10592783505154642
359.7497630000014,1.5156949709358494,0.9999999999999999,359.8509890000013,2.913041431994123,0.29072164948453605
359.99404300000134,1.441940800999906,0.9999999999999999,360.1009800000014,2.709967971901432,0.6118556701030928
360.2566190000015,1.3376620354056075,0.9999999999999999,360.3510090000015,2.5008968357355057,0.8940721649484535
360.49299200000155,1.2238789770393863,0.9999999999999999,360.5965880000014,2.291672243372137,0.9999999999999999
360.74607400000156,1.120271710320254,0.9999999999999999,360.83606600000144,2.0990919745671928,0.9999999999999999
360.99586900000156,1.0420817342894482,0.9999999999999999,361.0895100000013,1.9420035153791804,0.9999999999999999
361.28684500000156,0.9974533099577058,0.9999999999999999,361.3389930000011,1.8301262040707382,0.9999999999999999
361.52968800000184,0.9861154368156358,0.9999999999999999,361.5861790000011,1.7658393334889098,0.9999999999999999
361.731769000002,1.0004809872653266,0.9999999999999999,361.8382460000011,1.7465412421880533,0.9999999999999999
361.97623600000196,1.0317862593257494,0.9999999999999999,362.07338900000116,1.7610434384174143,0.9999999999999999
362.22481300000186,1.0780227925786,0.9999999999999999,362.32972300000125,1.781921174826008,0.9999999999999999
362.47872700000175,1.1474035664629751,0.9999999999999999,362.5894500000012,1.766323899821964,0.9999999999999999
362.71871800000173,1.2543401524438236,0.9999999999999999,362.81967100000094,1.680734864292056,0.9999999999999999
362.97384700000197,1.4092511906024232,0.9999999999999999,363.0836750000009,1.5352770147238388,0.9999999999999999
363.2146110000019,1.6028249673173036,0.9999999999999999,363.31702000000075,1.3683371890769047,0.9999999999999999
363.4686550000019,1.7974672410731038,0.9999999999999999,363.56610200000074,1.211959995043975,0.9999999999999999
363.71073700000187,1.94737357351711,0.9999999999999999,363.81107900000086,1.0814530768122157,0.9999999999999999
363.9587470000017,2.0279337230958165,0.9999999999999999,364.05505100000084,0.9804914675954219,0.9999999999999999
364.20973300000145,2.0413047452283513,0.9999999999999999,364.3090760000008,0.9072575375842012,0.9999999999999999
364.4636870000016,2.0038145094494038,0.9999999999999999,364.5550350000009,0.8592004630023506,0.9999999999999999
364.73646200000144,1.9344127877901969,0.9999999999999999,364.80435900000094,0.8351183326713898,0.9999999999999999
364.9567770000015,1.850052770025658,0.9999999999999999,365.05114800000086,0.8340204040662373,0.9999999999999999
365.1932200000015,1.7646320698106623,0.9999999999999999,365.29517600000065,0.8533537041041065,0.9999999999999999
365.4444120000019,1.6898623707525984,0.9999999999999999,365.5470880000008,0.8882907381000511,0.9999999999999999
365.713830000002,1.6338559148134637,0.9999999999999999,365.79105200000095,0.9329978488518526,0.9999999999999999
365.93434300000206,1.600570492258288,0.9999999999999999,366.04825100000096,0.9821614760092168,0.9999999999999999
366.184338000002,1.5896452389124869,0.9999999999999999,366.28994400000107,1.0296291164115008,0.9999999999999999
366.43499000000196,1.595174312846667,0.9999999999999999,366.5319170000011,1.0673187894800071,0.9999999999999999
366.6816990000018,1.608479406919413,0.9999999999999999,366.7803060000013,1.0902317058578603,0.9999999999999999
366.93991200000187,1.623718152357569,0.9999999999999999,367.03430600000144,1.1003055035605476,0.9999999999999999
367.182451000002,1.6393593123066705,0.9999999999999999,367.2733390000015,1.1060343476000154,0.9999999999999999
367.4204690000018,1.6552949164474304,0.9999999999999999,367.52880800000145,1.118045178377608,0.9999999999999999
367.68287100000197,1.6698248859844473,0.9999999999999999,367.77933800000136,1.1437979454337126,0.9999999999999999
367.93076200000195,1.6785620800187535,0.9999999999999999,368.0160800000014,1.1862082482794785,0.9999999999999999
368.16188900000196,1.674661161400202,0.9999999999999999,368.27134600000164,1.2467047529075668,0.9999999999999999
368.41018400000206,1.6514718533265995,0.9999999999999999,368.5146200000018,1.3255567135590112,0.9999999999999999
368.654240000002,1.6077723442145642,0.9999999999999999,368.7636760000019,1.4191868238842706,0.9999999999999999
368.902592000002,1.5482852644778453,0.9999999999999999,369.0086810000019,1.5202406263495203,0.9999999999999999
369.1506590000023,1.4813062078285901,0.9999999999999999,369.26231800000187,1.6196137156006531,0.9999999999999999
369.40923400000213,1.4168408468065052,0.9999999999999999,369.5088070000018,1.7062098660206135,0.9999999999999999
369.64851700000213,1.3659476677742213,0.9999999999999999,369.7532970000017,1.7694957688062918,0.9999999999999999
369.8960430000023,1.3365472055305745,0.9999999999999999,370.00167500000174,1.8009606068453046,0.9999999999999999
370.1440890000024,1.3297875706041817,0.9999999999999999,370.2508920000016,1.7955520082131475,0.9999999999999999
370.4045700000022,1.340402747168541,0.9999999999999999,370.4982310000015,1.7536867209348512,0.9999999999999999
370.6395440000022,1.359591126439971,0.9999999999999999,370.7612220000014,1.6819844090048595,0.9999999999999999
370.89058500000186,1.3806487493388089,0.9999999999999999,370.98861600000134,1.5905138925334334,0.9999999999999999
371.1330270000017,1.4018216773266539,0.9999999999999999,371.2394820000013,1.4872877539990381,0.9999999999999999
371.39141900000146,1.425103510103662,0.9999999999999999,371.4855290000015,1.3776818550701264,0.9999999999999999
371.62984600000146,1.4538548728415752,0.9999999999999999,371.7290330000014,1.2712994699674625,0.9999999999999999
371.8759040000015,1.4896813327871006,0.9999999999999999,371.9821080000014,1.1874126370077027,0.9999999999999999
372.1273800000014,1.5301784691754223,0.9999999999999999,372.2354240000015,1.150288170792329,0.9999999999999999
372.3880900000013,1.5693317145657073,0.9999999999999999,372.47540100000157,1.1775422040104777,0.9999999999999999
372.61851600000136,1.599210995577613,0.9999999999999999,372.7263950000018,1.2717038058309589,0.9999999999999999
372.87253300000134,1.6140351752658872,0.9999999999999999,372.9753990000019,1.4193814315979745,0.9999999999999999
373.11400600000115,1.6139157802331543,0.9999999999999999,373.2220040000018,1.595257479643979,0.9999999999999999
373.3620640000013,1.6010861926630489,0.9999999999999999,373.46944400000206,1.773685172609114,0.9999999999999999
373.61493100000126,1.5808505461734805,0.9999999999999999,373.7194070000019,1.9385251465405189,0.9999999999999999
373.85776000000135,1.568283092341727,0.9999999999999999,373.9748360000021,2.0843328599769637,0.9999999999999999
374.10444000000126,1.5900596923665709,0.9999999999999999,374.2067400000022,2.214006432535397,0.9999999999999999
374.3618620000014,1.6788071801648308,0.9999999999999999,374.45787300000217,2.3337336248531857,0.9999999999999999
374.6034130000014,1.8607467552433132,0.9999999999999999,374.70428200000214,2.4490301438391953,0.9319587628865978
374.8463090000012,2.1402830204884116,0.9999999999999999,374.9521800000023,2.5604395293134354,0.8391752577319587
375.09629800000124,2.488924456848747,0.9018041237113401,375.19964900000224,2.6619629356387975,0.684020618556701
375.34912700000115,2.8499093930534647,0.3652920962199312,375.44961700000243,2.7443948690672495,0.5601374570446735
375.5985340000011,3.150172133445201,0.08659793814432991,375.69653200000266,2.801165517154585,0.45189003436426123
375.83956400000113,3.3191020957438826,0.01005154639175254,375.9450620000027,2.8307688725788007,0.40257731958762877
376.08543500000116,3.3181841072971507,0.010824742268041197,376.19003600000264,2.833345248541962,0.39776632302405496
376.3333380000012,3.160334388822469,0.08041237113402057,376.4418820000026,2.809911795032113,0.4446735395189003
376.59395600000136,2.896906453011677,0.3111683848797251,376.6929910000026,2.7613446460292663,0.5264604810996563
376.8270290000014,2.5868104085063504,0.7994845360824743,376.9337410000026,2.6888606435112505,0.6419243986254296
377.0764880000013,2.2757151641248567,0.9999999999999999,377.1863110000026,2.5928776244724676,0.7886597938144331
377.3235860000013,1.991551161412766,0.9999999999999999,377.42970100000264,2.4738161223731847,0.9118556701030927
377.57141700000153,1.749944408038531,0.9999999999999999,377.6817800000025,2.3346696019885296,0.9999999999999999
377.8250100000014,1.5592134883144633,0.9999999999999999,377.92536900000243,2.1833521708979995,0.9999999999999999
378.0699340000014,1.420947436045072,0.9999999999999999,378.1812900000023,2.031979782640198,0.9999999999999999
378.31782300000134,1.3327918921746862,0.9999999999999999,378.4377520000024,1.8932315638253123,0.9999999999999999
378.5617710000011,1.2905405671261574,0.9999999999999999,378.6763760000022,1.7787683446463973,0.9999999999999999
378.822773000001,1.2901106907309967,0.9999999999999999,378.91719100000216,1.6971190208879985,0.9999999999999999
379.0573710000007,1.3266929881497702,0.9999999999999999,379.1672450000023,1.651932699945521,0.9999999999999999
379.3041210000008,1.3896908447943574,0.9999999999999999,379.41072000000224,1.640781448453192,0.9999999999999999
379.55112600000075,1.4603494226597042,0.9999999999999999,379.66147100000234,1.654985551861181,0.9999999999999999
379.79882200000105,1.5142637336377,0.9999999999999999,379.90407500000236,1.6820922550973336,0.9999999999999999
380.0640230000011,1.5295396544974087,0.9999999999999999,380.1591090000025,1.7113442813991542,0.9999999999999999
380.3000090000013,1.500260749958637,0.9999999999999999,380.40883500000234,1.743811106957665,0.9999999999999999
380.54142700000125,1.4374371287240466,0.9999999999999999,380.6523710000022,1.7908589608004375,0.9999999999999999
380.7927300000012,1.3629640815422934,0.9999999999999999,380.8998950000022,1.8618385880108725,0.9999999999999999
381.03706900000105,1.3026618271627821,0.9999999999999999,381.1442480000021,1.9549504521783527,0.9999999999999999
381.28330000000096,1.2803308981645858,0.9999999999999999,381.3958650000021,2.0595740866124523,0.9999999999999999
381.5346450000013,1.3095734323641868,0.9999999999999999,381.6501720000022,2.1630097656688685,0.9999999999999999
381.7766190000013,1.3825440805294895,0.9999999999999999,381.8982350000022,2.255067247780501,0.9999999999999999
382.02802300000127,1.4679505020115566,0.9999999999999999,382.1393040000025,2.330501223744691,0.9999999999999999
382.27542700000134,1.5298070018553853,0.9999999999999999,382.38437200000254,2.3884616108260035,0.9914948453608247
382.52910800000143,1.5486967973730126,0.9999999999999999,382.6333000000024,2.4286190791275324,0.9466494845360824
382.77454900000146,1.5270744078805545,0.9999999999999999,382.8852590000026,2.4481092156840587,0.9319587628865978
383.0196650000013,1.4821044658254976,0.9999999999999999,383.1236300000026,2.4416040486236943,0.9373711340206184
383.2730290000015,1.4368199395855985,0.9999999999999999,383.37814700000274,2.404572905982821,0.9729381443298969
383.5055720000013,1.41152211915472,0.9999999999999999,383.6307030000026,2.3377634904531623,0.9999999999999999
383.7576080000014,1.4170071447880375,0.9999999999999999,383.87236000000235,2.2483276828969885,0.9999999999999999
384.0136160000014,1.4513742857021157,0.9999999999999999,384.13586100000236,2.1474355814101393,0.9999999999999999
384.25357700000154,1.5024441679940028,0.9999999999999999,384.36492500000253,2.0452446059968947,0.9999999999999999
384.50616400000166,1.5557565924777192,0.9999999999999999,384.6119160000025,1.9461856907073924,0.9999999999999999
384.7506410000016,1.6011909306907008,0.9999999999999999,384.85990600000247,1.8493952923522172,0.9999999999999999
385.0075150000019,1.6344459767684563,0.9999999999999999,385.1113040000027,1.7544105123334406,0.9999999999999999
385.25849800000196,1.6574898385657044,0.9999999999999999,385.3544520000027,1.6695834292154839,0.9999999999999999
385.4939810000019,1.6749386267254027,0.9999999999999999,385.6019970000025,1.6168984126862784,0.9999999999999999
385.739339000002,1.6899533190300218,0.9999999999999999,385.8484720000027,1.6274535314365934,0.9999999999999999
385.9830610000017,1.7025615572306003,0.9999999999999999,386.11407100000264,1.72491926299271,0.9999999999999999
386.24113900000145,1.7111132955207593,0.9999999999999999,386.3443900000025,1.8980541430584217,0.9999999999999999
386.4934980000016,1.7132955894013366,0.9999999999999999,386.59601900000223,2.096512254969701,0.9999999999999999
386.7310790000016,1.7075204753404245,0.9999999999999999,386.85045100000224,2.26036974124374,0.9999999999999999
386.9743740000016,1.694854482150825,0.9999999999999999,387.08775200000224,2.349590323375891,0.9999999999999999
387.22429900000145,1.6792290113543065,0.9999999999999999,387.3343120000023,2.357474865357516,0.9999999999999999
387.4709210000014,1.670612252892017,0.9999999999999999,387.5847710000022,2.305518425999305,0.9999999999999999
387.73743100000155,1.681116389261069,0.9999999999999999,387.8291660000022,2.2226004041141807,0.9999999999999999
387.96933900000164,1.724609924346522,0.9999999999999999,388.07581300000226,2.128257479396131,0.9999999999999999
388.2192900000014,1.8083592589168944,0.9999999999999999,388.3218450000023,2.0297243951383885,0.9999999999999999
388.4627050000016,1.923535673215365,0.9999999999999999,388.5773650000021,1.9265536047560428,0.9999999999999999
388.7039150000017,2.0465791046712454,0.9999999999999999,388.82388000000225,1.8177834224681637,0.9999999999999999
388.9644290000019,2.151283247615928,0.9999999999999999,389.07321100000246,1.7057100966043328,0.9999999999999999
389.205433000002,2.216433348044137,0.9999999999999999,389.32058900000226,1.596912477576347,0.9999999999999999
389.454735000002,2.2303162151194598,0.9999999999999999,389.56269300000207,1.499648401743631,0.9999999999999999
389.7047080000022,2.192176709775806,0.9999999999999999,389.81044100000196,1.4198432018340856,0.9999999999999999
389.95192100000196,2.112835359301396,0.9999999999999999,390.05851500000205,1.3583231097521147,0.9999999999999999
390.19721300000197,2.0156809594319984,0.9999999999999999,390.31558400000205,1.3117876202483922,0.9999999999999999
390.442171000002,1.9251551051631912,0.9999999999999999,390.553586000002,1.2767415885817235,0.9999999999999999
390.687799000002,1.853651714884756,0.9999999999999999,390.80459600000205,1.2520223374466521,0.9999999999999999
390.940564000002,1.800861911631146,0.9999999999999999,391.0519330000018,1.2394228075745122,0.9999999999999999
391.18968900000186,1.7605783695290647,0.9999999999999999,391.3284860000018,1.240461462665062,0.9999999999999999
391.43565200000165,1.7271329575212275,0.9999999999999999,391.54737000000176,1.2524681124951682,0.9999999999999999
391.69201200000145,1.6966013959969797,0.9999999999999999,391.7983560000017,1.2683766149004148,0.9999999999999999
391.9311500000018,1.66544866876498,0.9999999999999999,392.0433260000016,1.2811866977168362,0.9999999999999999
392.1810850000018,1.6288889506999316,0.9999999999999999,392.29539200000164,1.2882448026565112,0.9999999999999999
392.4255330000019,1.5818084840803663,0.9999999999999999,392.54007000000166,1.291862445749893,0.9999999999999999
392.67357600000184,1.5231658706515103,0.9999999999999999,392.7886200000015,1.2967655424087279,0.9999999999999999
392.92491900000215,1.4586104905229167,0.9999999999999999,393.0314670000016,1.3053319453029464,0.9999999999999999
393.1681150000022,1.4017940190613074,0.9999999999999999,393.27855400000175,1.3138046978938527,0.9999999999999999
393.4201820000023,1.3767473562212025,0.9999999999999999,393.52339000000177,1.3125471537426556,0.9999999999999999
393.6627390000024,1.412482221162935,0.9999999999999999,393.7926170000018,1.2913701240030149,0.9999999999999999
393.9231760000023,1.523745509846573,0.9999999999999999,394.02645500000176,1.2469418528806566,0.9999999999999999
394.1641750000025,1.6964074371575095,0.9999999999999999,394.27450800000196,1.1853358889020194,0.9999999999999999
394.4080080000024,1.8944732919681972,0.9999999999999999,394.51882200000193,1.1180468126736296,0.9999999999999999
394.6546190000024,2.082533150847233,0.9999999999999999,394.7679680000017,1.0573750292396884,0.9999999999999999
394.9089760000022,2.23784576264607,0.9999999999999999,395.0099570000015,1.0127180072586954,0.9999999999999999
395.15049200000226,2.350514265969362,0.9999999999999999,395.2687740000016,0.9901508851465055,0.9999999999999999
395.4089100000024,2.418859535601943,0.9613402061855669,395.5106670000018,0.9896277275028016,0.9999999999999999
395.64532800000217,2.4398120413002036,0.9373711340206184,395.7598350000021,1.0018370754413122,0.9999999999999999
395.8888490000021,2.4043987079607594,0.9729381443298969,396.0062940000022,1.014789317879242,0.9999999999999999
396.1409160000021,2.3060143898324434,0.9999999999999999,396.25124700000225,1.022534896247761,0.9999999999999999
396.38514700000235,2.1546158900981096,0.9999999999999999,396.5006000000022,1.0273757161171635,0.9999999999999999
396.65216500000207,1.9698187841449848,0.9999999999999999,396.74270700000216,1.0376229593513746,0.9999999999999999
396.8848980000022,1.7699089730169948,0.9999999999999999,397.0011530000022,1.0658154542186895,0.9999999999999999
397.13751500000217,1.5718908576268835,0.9999999999999999,397.2445790000021,1.1251578201582464,0.9999999999999999
397.3784090000022,1.3897489439490358,0.9999999999999999,397.48923800000205,1.223521727483328,0.9999999999999999
397.6211860000022,1.2329679984539794,0.9999999999999999,397.73765600000223,1.3594557153505071,0.9999999999999999
397.869214000002,1.1064658526030424,0.9999999999999999,397.9834510000023,1.5216864020225076,0.9999999999999999
398.1182530000021,1.0114917332696511,0.9999999999999999,398.2419890000022,1.6933133004509513,0.9999999999999999
398.3691950000021,0.94679595153786,0.9999999999999999,398.4756850000021,1.8570930710114288,0.9999999999999999
398.63104600000185,0.909419673499059,0.9999999999999999,398.73083200000207,1.9999930660443275,0.9999999999999999
398.86107300000197,0.8956654463074419,0.9999999999999999,398.9792270000022,2.1148843036643807,0.9999999999999999
399.10805500000197,0.903840141335856,0.9999999999999999,399.2197140000022,2.1996550611427086,0.9999999999999999
399.36040500000183,0.9351720121671754,0.9999999999999999,399.48694700000203,2.257957807644024,0.9999999999999999
399.6029840000018,0.9907783919799729,0.9999999999999999,399.71324200000197,2.297823380436058,0.9999999999999999
399.8829950000016,1.0663983297459114,0.9999999999999999,399.96918000000164,2.325055837643877,0.9999999999999999
400.0958490000015,1.1499957106846355,0.9999999999999999,400.20966600000173,2.3401786782852474,0.9999999999999999
400.3489330000018,1.2245773868732854,0.9999999999999999,400.46109900000204,2.343418894025731,0.9999999999999999
400.59026100000193,1.274770181350219,0.9999999999999999,400.71514300000206,2.340002632918059,0.9999999999999999
400.843299000002,1.293066936341819,0.9999999999999999,400.96919700000177,2.3396520896554875,0.9999999999999999
401.0937720000021,1.2808541148304275,0.9999999999999999,401.20220600000147,2.3500181088007692,0.9999999999999999
401.33668500000215,1.2457333210174513,0.9999999999999999,401.4694580000013,2.3683161738288554,0.9999999999999999
401.58230500000195,1.1992192196923206,0.9999999999999999,401.70247600000124,2.3753950470860636,0.9999999999999999
401.83583600000196,1.1533555033292784,0.9999999999999999,401.94597300000135,2.342921589169695,0.9999999999999999
402.0764730000018,1.1176079414357498,0.9999999999999999,402.19483200000127,2.251308579788386,0.9999999999999999
402.323218000002,1.09524501885823,0.9999999999999999,402.44040200000126,2.1017822723054325,0.9999999999999999
402.573831000002,1.0845049082784572,0.9999999999999999,402.6940170000013,1.9149930423043706,0.9999999999999999
402.8311560000019,1.0815549118258774,0.9999999999999999,402.9381980000015,1.719435602987601,0.9999999999999999
403.09308400000185,1.0881569718216237,0.9999999999999999,403.18162500000136,1.540901140485224,0.9999999999999999
403.32437600000185,1.1259098992430134,0.9999999999999999,403.4324790000014,1.393876576098395,0.9999999999999999
403.5653410000018,1.238417145539207,0.9999999999999999,403.6810260000016,1.2812620545868376,0.9999999999999999
403.813737000002,1.4644674990183502,0.9999999999999999,403.9341050000016,1.1997545750957306,0.9999999999999999
404.0601720000018,1.8020284464222607,0.9999999999999999,404.1759970000013,1.1445620871669475,0.9999999999999999
404.31211900000187,2.2048336129818904,0.9999999999999999,404.4259270000012,1.1112702050655208,0.9999999999999999
404.55275500000187,2.6099642953086466,0.76340206185567,404.6777910000013,1.0969955101201467,0.9999999999999999
404.803465000002,2.961559015325079,0.22577319587628858,404.91782400000136,1.1012297590066678,0.9999999999999999
405.0539400000022,3.2179262740500723,0.047938144329896897,405.1709970000015,1.125044417180212,0.9999999999999999
405.30035900000246,3.350059728996572,0.0,405.4153190000016,1.1698569262706047,0.9999999999999999
405.5509820000025,3.3434480396439863,0.0023195876288659707,405.6609330000014,1.2359748797855992,0.9999999999999999
405.7917760000024,3.203784668101073,0.05489690721649481,405.90884600000135,1.3215673132946515,0.9999999999999999
406.0417860000026,2.961734541344948,0.22577319587628858,406.1536720000014,1.4212960811200643,0.9999999999999999
406.3035660000027,2.6683365143373576,0.6731958762886598,406.4102500000013,1.526071947701544,0.9999999999999999
406.5364340000028,2.3697973484791017,0.9999999999999999,406.65122100000156,1.6214255200102425,0.9999999999999999
406.7849900000025,2.089438803723885,0.9999999999999999,406.8988760000015,1.6890786395562283,0.9999999999999999
407.0335120000024,1.834324677604481,0.9999999999999999,407.1491990000017,1.7142991736115092,0.9999999999999999
407.27795300000236,1.6059233636624297,0.9999999999999999,407.3978500000017,1.697489793719805,0.9999999999999999
407.53038600000224,1.4054358856253326,0.9999999999999999,407.64874600000155,1.6545400080049877,0.9999999999999999
407.7674890000019,1.2336905909143843,0.9999999999999999,407.88911100000144,1.6026617114480477,0.9999999999999999
408.0203910000017,1.0914486700840318,0.9999999999999999,408.13578900000124,1.5508684954074943,0.9999999999999999
408.2642560000018,0.9799620405368666,0.9999999999999999,408.38906900000137,1.499701918043197,0.9999999999999999
408.5106580000019,0.9016276006099031,0.9999999999999999,408.6366660000011,1.447004969839051,0.9999999999999999
408.76731000000206,0.8593152977572268,0.9999999999999999,408.8841540000013,1.3930262527546555,0.9999999999999999
409.00702600000204,0.8551186311106284,0.9999999999999999,409.14501200000115,1.34230165481901,0.9999999999999999
409.263044000002,0.8892261487512596,0.9999999999999999,409.37895700000126,1.3038746982011835,0.9999999999999999
409.506194000002,0.9601719216828757,0.9999999999999999,409.62396700000136,1.2879947336086788,0.9999999999999999
409.75030900000195,1.0644134361310034,0.9999999999999999,409.8769020000014,1.303896122739037,0.9999999999999999
410.0002780000018,1.1955049383971863,0.9999999999999999,410.1244340000013,1.356861209120481,0.9999999999999999
410.2559010000019,1.3416334040288445,0.9999999999999999,410.36642300000136,1.446076438674865,0.9999999999999999
410.50329000000204,1.4847433785853554,0.9999999999999999,410.6185780000015,1.564688613569907,0.9999999999999999
410.764752000002,1.6060764084294143,0.9999999999999999,410.86020000000167,1.7028090961002107,0.9999999999999999
410.9866250000022,1.6932690161922843,0.9999999999999999,411.11520200000143,1.8464628899520061,0.9999999999999999
411.2370420000022,1.7478842359536877,0.9999999999999999,411.3537220000015,1.9798930233203085,0.9999999999999999
411.48752900000227,1.7795912722567668,0.9999999999999999,411.60630500000156,2.092473572412435,0.9999999999999999
411.7305870000023,1.7990314656290707,0.9999999999999999,411.8493390000016,2.188497094546054,0.9999999999999999
411.97795300000234,1.815513333192608,0.9999999999999999,412.11081000000144,2.29074857000297,0.9999999999999999
412.2248790000024,1.8344059217522737,0.9999999999999999,412.36011600000154,2.433874476398313,0.9435567010309278
412.46885300000235,1.8590161510773997,0.9999999999999999,412.5940920000016,2.6412871219687895,0.7189003436426117
412.7214560000023,1.894548988135715,0.9999999999999999,412.86136700000156,2.8992185702042015,0.30876288659793816
412.96920800000237,1.9479096810166228,0.9999999999999999,413.09475700000155,3.1542435665163104,0.0850515463917526
413.2121540000023,2.0219710374792634,0.9999999999999999,413.34634500000146,3.338769310802868,0.0054123711340205985
413.4625940000022,2.109394024854485,0.9999999999999999,413.58227600000123,3.4048009862324875,0.0
413.7106820000024,2.192922002102163,0.9999999999999999,413.8352070000011,3.3424781731985016,0.0030927835051546278
413.9639580000026,2.251939285648338,0.9999999999999999,414.0816040000012,3.175769654886241,0.06958762886597937
414.20351600000265,2.2703950269179236,0.9999999999999999,414.33566600000086,2.9456176250510278,0.24621993127147765
414.4528470000025,2.2398859918693623,0.9999999999999999,414.5747860000008,2.693972750857731,0.6395189003436427
414.6987360000027,2.161119609936936,0.9999999999999999,414.83031800000083,2.4522719996493993,0.9304123711340205
414.9550700000025,2.0465686967369647,0.9999999999999999,415.07463100000086,2.2367247127542207,0.9999999999999999
415.2004370000024,1.9149040054649789,0.9999999999999999,415.3221350000008,2.0492978969188407,0.9999999999999999
415.44093200000276,1.7822106772145456,0.9999999999999999,415.5706390000008,1.8858484462117906,0.9999999999999999
415.69192500000275,1.6586219304032987,0.9999999999999999,415.8168210000009,1.744703864480346,0.9999999999999999
415.93524200000286,1.5476433809827916,0.9999999999999999,416.06755700000076,1.627855539045675,0.9999999999999999
416.1863800000027,1.4494727485470145,0.9999999999999999,416.3083750000007,1.5372315151623703,0.9999999999999999
416.4332890000027,1.3616246742650189,0.9999999999999999,416.5673670000009,1.4722636351816425,0.9999999999999999
416.6813120000024,1.281712978279668,0.9999999999999999,416.8226730000009,1.4297448530248906,0.9999999999999999
416.9303880000026,1.2070352280150993,0.9999999999999999,417.0556920000009,1.4038817166054625,0.9999999999999999
417.181178000003,1.1369250221053657,0.9999999999999999,417.2972690000009,1.388315270672221,0.9999999999999999
417.4211190000029,1.0762028260517047,0.9999999999999999,417.54526800000104,1.378625195273009,0.9999999999999999
417.67313500000284,1.0372939389249294,0.9999999999999999,417.7917180000011,1.372610272554299,0.9999999999999999
417.9180110000028,1.0418964463820048,0.9999999999999999,418.0412060000011,1.3696618211122162,0.9999999999999999
418.17247400000286,1.121795888219963,0.9999999999999999,418.2926520000012,1.3736302214992868,0.9999999999999999
418.42841200000277,1.3112310636705593,0.9999999999999999,418.5366270000013,1.3947630487355098,0.9999999999999999
418.6590350000027,1.6223463806241067,0.9999999999999999,418.78960500000125,1.4442656401536542,0.9999999999999999
418.9100440000027,2.015311902473985,0.9999999999999999,419.0312130000013,1.5276704615500363,0.9999999999999999
419.1629140000026,2.401425709815494,0.9744845360824742,419.2792930000012,1.6423950742788525,0.9999999999999999
419.4034240000027,2.6911648213472703,0.6407216494845361,419.52884800000135,1.7743878424298782,0.9999999999999999
419.64953100000275,2.838264569246124,0.38694158075601376,419.77862800000133,1.8807788192905979,0.9999999999999999
419.89642600000286,2.8421252345682646,0.37972508591065296,420.0381350000014,1.9100824750353858,0.9999999999999999
420.148841000003,2.731947762210409,0.5829896907216494,420.27572200000134,1.8485959045805918,0.9999999999999999
420.39256800000317,2.554379527140239,0.8475945017182133,420.5218640000013,1.7214179552996867,0.9999999999999999
420.64098700000324,2.36114421971077,0.9999999999999999,420.77091600000136,1.5647381965742586,0.9999999999999999
420.8990160000031,2.1940142525829924,0.9999999999999999,421.0159230000015,1.4052120335904632,0.9999999999999999
421.137087000003,2.072847116623252,0.9999999999999999,421.26138900000154,1.2581343851827451,0.9999999999999999
421.39106500000315,1.994285654053828,0.9999999999999999,421.51144000000164,1.1310982460873618,0.9999999999999999
421.64703200000304,1.9399150387552244,0.9999999999999999,421.76184900000146,1.0279774620714441,0.9999999999999999
421.878411000003,1.8877957714107019,0.9999999999999999,422.00281400000154,0.9519510232092194,0.9999999999999999
422.12888400000287,1.822197783150417,0.9999999999999999,422.24855800000165,0.9065900395514719,0.9999999999999999
422.37139900000295,1.7381696238665503,0.9999999999999999,422.5020720000019,0.8926814921064323,0.9999999999999999
422.620718000003,1.6411263386673978,0.9999999999999999,422.7451470000019,0.9023377327503013,0.9999999999999999
422.87133200000306,1.5428471262216485,0.9999999999999999,422.9944590000018,0.9204937662188885,0.9999999999999999
423.12729400000313,1.4544819711325074,0.9999999999999999,423.24512600000185,0.9361243512816627,0.9999999999999999
423.36932300000285,1.3798630089935935,0.9999999999999999,423.4869880000017,0.9445732749231264,0.9999999999999999
423.604139000003,1.3132500218917296,0.9999999999999999,423.74490000000173,0.9427485170165937,0.9999999999999999
423.85522300000304,1.2469865856289448,0.9999999999999999,423.98841400000174,0.9299481409668906,0.9999999999999999
424.102005000003,1.1787198070536293,0.9999999999999999,424.2327420000015,0.9084233364710774,0.9999999999999999
424.35624200000314,1.108959744244491,0.9999999999999999,424.50232100000153,0.8819197473559021,0.9999999999999999
424.600521000003,1.0378828815450896,0.9999999999999999,424.72739100000166,0.8539393838714492,0.9999999999999999
424.849847000003,0.9657732123766765,0.9999999999999999,424.9773860000018,0.8271249528175767,0.9999999999999999
425.105865000003,0.8944067194416255,0.9999999999999999,425.22424000000177,0.8028364271545158,0.9999999999999999
425.3449690000029,0.8264986145213032,0.9999999999999999,425.4727160000015,0.7812243634179588,0.9999999999999999
425.591727000003,0.7656494228603832,0.9999999999999999,425.72479700000156,0.7625544991149162,0.9999999999999999
425.8464280000029,0.7159792878790151,0.9999999999999999,425.96667600000154,0.7476493188349818,0.9999999999999999
426.1076820000031,0.6809353917964283,0.9999999999999999,426.2210940000016,0.7378823421298297,0.9999999999999999
426.33490200000324,0.6627002069903672,0.9999999999999999,426.4636430000017,0.7350763958278425,0.9999999999999999
426.5853940000032,0.6604676893006673,0.9999999999999999,426.7153950000018,0.7404629715583596,0.9999999999999999
426.83050300000315,0.6691275741810474,0.9999999999999999,426.9573270000017,0.7535096490277668,0.9999999999999999
427.0780030000029,0.6816593997454806,0.9999999999999999,427.2032550000018,0.7727707490745298,0.9999999999999999
427.321311000003,0.6944446003932166,0.9999999999999999,427.4592070000018,0.797259795175121,0.9999999999999999
427.57237100000293,0.7089830794015338,0.9999999999999999,427.7012910000019,0.8275156729608122,0.9999999999999999
427.81597600000305,0.728061048666335,0.9999999999999999,427.9457880000017,0.8647275580138208,0.9999999999999999
428.0662940000031,0.7529321590446935,0.9999999999999999,428.1944000000017,0.909769037450412,0.9999999999999999
428.324996000003,0.7845208397152913,0.9999999999999999,428.45034100000163,0.9619474180397933,0.9999999999999999
428.5738720000031,0.8222488371250014,0.9999999999999999,428.68898700000165,1.0181734120456862,0.9999999999999999
428.8105880000032,0.8645745938182131,0.9999999999999999,428.93575800000156,1.07306468396665,0.9999999999999999
429.0643330000032,0.9099767281486263,0.9999999999999999,429.19130000000155,1.1195721711535316,0.9999999999999999
429.3112220000034,0.9585961233936985,0.9999999999999999,429.4352520000016,1.150625024661956,0.9999999999999999
429.5507320000034,1.010245985740648,0.9999999999999999,429.6805760000017,1.1629289153294504,0.9999999999999999
429.7997380000036,1.0620418325432217,0.9999999999999999,429.9325330000017,1.1597472292624031,0.9999999999999999
430.0492350000035,1.106898472286979,0.9999999999999999,430.1791290000017,1.149181758835331,0.9999999999999999
430.2921230000034,1.138048166754856,0.9999999999999999,430.4291240000018,1.1371010739510168,0.9999999999999999
430.5434220000034,1.1627538985861636,0.9999999999999999,430.6805660000018,1.1243816559457458,0.9999999999999999
430.78852000000353,1.204331654418577,0.9999999999999999,430.9210180000018,1.1095540847894803,0.9999999999999999
431.0365680000032,1.2883809570993912,0.9999999999999999,431.1684220000022,1.0918220804649499,0.9999999999999999
431.2833370000029,1.429154935172092,0.9999999999999999,431.41030300000205,1.0739523440198893,0.9999999999999999
431.5339630000031,1.6233163941450854,0.9999999999999999,431.6627630000021,1.059966065820087,0.9999999999999999
431.78535900000315,1.8469566373968673,0.9999999999999999,431.909220000002,1.0527348412537365,0.9999999999999999
432.0324030000031,2.056373729202603,0.9999999999999999,432.17424500000214,1.0523331337324315,0.9999999999999999
432.273823000003,2.195489214596736,0.9999999999999999,432.4121820000022,1.0567904000364647,0.9999999999999999
432.526405000003,2.2211964458563664,0.9999999999999999,432.6778760000022,1.0668782623838944,0.9999999999999999
432.7782700000029,2.131779996302215,0.9999999999999999,432.8968790000022,1.089791793348451,0.9999999999999999
433.0237930000028,1.9645140506819683,0.9999999999999999,433.1444460000022,1.140507652301222,0.9999999999999999
433.268851000003,1.7657509260497717,0.9999999999999999,433.3918460000022,1.236149432393709,0.9999999999999999
433.5091570000029,1.5697159972587946,0.9999999999999999,433.6472900000022,1.384400917766204,0.9999999999999999
433.7741420000029,1.39671186328591,0.9999999999999999,433.89127400000234,1.573944899810241,0.9999999999999999
434.007242000003,1.2576652158354755,0.9999999999999999,434.1417280000025,1.778630870722342,0.9999999999999999
434.2571650000031,1.1602588467681192,0.9999999999999999,434.38614800000255,1.9706689052687456,0.9999999999999999
434.50214600000317,1.1091437750132864,0.9999999999999999,434.63382800000244,2.1268916551758466,0.9999999999999999
434.7566390000033,1.1000702754420646,0.9999999999999999,434.8820520000024,2.234661117230405,0.9999999999999999
435.0025470000035,1.1172950784356723,0.9999999999999999,435.1284520000022,2.2957309787804077,0.9999999999999999
435.24803200000355,1.1398229935419564,0.9999999999999999,435.3944270000022,2.323667022845261,0.9999999999999999
435.4974200000036,1.1537719397775046,0.9999999999999999,435.6244420000022,2.331197798101506,0.9999999999999999
435.74897600000367,1.1571008849296154,0.9999999999999999,435.87057000000215,2.3175248502311723,0.9999999999999999
435.9965430000036,1.1531085572960418,0.9999999999999999,436.1178740000021,2.271349347140591,0.9999999999999999
436.2396590000035,1.1439855826736691,0.9999999999999999,436.3643310000021,2.184170240222448,0.9999999999999999
436.4830710000034,1.1284147089427106,0.9999999999999999,436.60945200000197,2.0596574137508714,0.9999999999999999
436.73240700000326,1.1063569581984352,0.9999999999999999,436.85783000000214,1.9110461588147851,0.9999999999999999
436.9923570000032,1.086637948428465,0.9999999999999999,437.1057410000022,1.7558256809889403,0.9999999999999999
437.23158400000324,1.0887754882135197,0.9999999999999999,437.3521670000023,1.6117543432689985,0.9999999999999999
437.4748760000031,1.1386685507281757,0.9999999999999999,437.60751200000215,1.495063041216012,0.9999999999999999
437.726371000003,1.2596069003842993,0.9999999999999999,437.84854100000206,1.4184972091798198,0.9999999999999999
437.96829100000286,1.46532375107379,0.9999999999999999,438.0945760000019,1.386954122416669,0.9999999999999999
438.21424200000286,1.752537218570772,0.9999999999999999,438.3505710000019,1.3920348217257819,0.9999999999999999
438.46566400000296,2.0921097919325167,0.9999999999999999,438.5949020000019,1.415467652300809,0.9999999999999999
438.7167460000031,2.424729435377427,0.9536082474226804,438.8378760000022,1.4409327337382796,0.9999999999999999
438.956235000003,2.6732515803835812,0.6647766323024055,439.0907950000021,1.4617786816884257,0.9999999999999999
439.203417000003,2.7863102932517023,0.47955326460481096,439.33977700000236,1.4818262492917114,0.9999999999999999
439.45741700000315,2.765237319645101,0.5192439862542955,439.58640000000213,1.5106715885047892,0.9999999999999999
439.7069320000033,2.648100193410549,0.7080756013745705,439.8472280000021,1.55570078900342,0.9999999999999999
439.94691800000345,2.4825348077625398,0.9048969072164947,440.076268000002,1.6160427547106189,0.9999999999999999
440.2079550000034,2.306285810556616,0.9999999999999999,440.33511800000207,1.6817809359108051,0.9999999999999999
440.4458720000034,2.1424807835684176,0.9999999999999999,440.5772250000023,1.7386554792165339,0.9999999999999999
440.6962780000035,2.003019818787013,0.9999999999999999,440.8272530000022,1.7758788071094314,0.9999999999999999
440.9347640000036,1.8945410097498592,0.9999999999999999,441.0685720000019,1.7914716061290357,0.9999999999999999
441.18763900000357,1.8234366480443982,0.9999999999999999,441.3196140000019,1.7930663664948128,0.9999999999999999
441.4481380000037,1.793092849810373,0.9999999999999999,441.5680900000021,1.7908598582080815,0.9999999999999999
441.6902500000039,1.794862308488374,0.9999999999999999,441.81246800000235,1.7897499781360284,0.9999999999999999
441.93312300000395,1.812827482971839,0.9999999999999999,442.0565220000022,1.7855075547798915,0.9999999999999999
442.1823380000037,1.8350189322413386,0.9999999999999999,442.309514000002,1.7680681676576704,0.9999999999999999
442.42361100000375,1.8561425313880997,0.9999999999999999,442.55643000000174,1.7265928510491613,0.9999999999999999
442.6911490000035,1.877332116614582,0.9999999999999999,442.8063880000016,1.65663567291268,0.9999999999999999
442.91570100000354,1.9038015188511845,0.9999999999999999,443.0582860000016,1.5643896583308927,0.9999999999999999
443.16426400000347,1.94284001753401,0.9999999999999999,443.2989920000015,1.4672760699645526,0.9999999999999999
443.4163770000035,2.001849274279106,0.9999999999999999,443.5514670000016,1.3881490520869137,0.9999999999999999
443.6591480000036,2.085813896737877,0.9999999999999999,443.79891100000145,1.344391163139426,0.9999999999999999
443.9082380000039,2.190119626826881,0.9999999999999999,444.04337600000156,1.340112522877241,0.9999999999999999
444.1591120000039,2.2919423757798523,0.9999999999999999,444.3163080000014,1.3675476845409205,0.9999999999999999
444.40522300000396,2.351969655984552,0.9999999999999999,444.53528200000164,1.414986337990301,0.9999999999999999
444.6545860000041,2.3316812526649326,0.9999999999999999,444.78220600000174,1.4728611496924926,0.9999999999999999
444.90025200000423,2.220727164471944,0.9999999999999999,445.0341960000019,1.5359096016885443,0.9999999999999999
445.14110400000425,2.0421274327326118,0.9999999999999999,445.27762200000166,1.601667034878756,0.9999999999999999
445.3984760000043,1.835074868153801,0.9999999999999999,445.53323500000164,1.6672173761958875,0.9999999999999999
445.6515330000044,1.636935595386076,0.9999999999999999,445.7806940000018,1.726304698385328,0.9999999999999999
445.89000200000453,1.474534953369521,0.9999999999999999,446.02658300000166,1.7710590709995775,0.9999999999999999
446.14806600000446,1.3631358883898026,0.9999999999999999,446.28258700000134,1.7945230943617216,0.9999999999999999
446.3884000000046,1.30818267311831,0.9999999999999999,446.51447700000153,1.7929865506789362,0.9999999999999999
446.6310200000045,1.3077360653062897,0.9999999999999999,446.7665530000018,1.7677151093781367,0.9999999999999999
446.8839870000042,1.355416079867323,0.9999999999999999,447.0164810000019,1.7253545791945557,0.9999999999999999
447.12892700000424,1.4461883425823765,0.9999999999999999,447.2693740000019,1.6763602443017926,0.9999999999999999
447.3975670000044,1.572485349393653,0.9999999999999999,447.52431900000204,1.6303382049841746,0.9999999999999999
447.61817000000457,1.71108015200895,0.9999999999999999,447.7572430000021,1.5913951096188608,0.9999999999999999
447.87282700000435,1.8267504941703758,0.9999999999999999,448.0252860000021,1.5518046526690599,0.9999999999999999
448.1186390000043,1.8897023968076927,0.9999999999999999,448.25982000000204,1.496657515691569,0.9999999999999999
448.3705550000043,1.8899851177007334,0.9999999999999999,448.50129100000186,1.4191381998070667,0.9999999999999999
448.6186450000043,1.8353660021473759,0.9999999999999999,448.75706700000194,1.3261249605847183,0.9999999999999999
448.8564870000042,1.7456666157132767,0.9999999999999999,448.9970020000019,1.2336434574958717,0.9999999999999999
449.1214650000044,1.6442561939590516,0.9999999999999999,449.2485010000019,1.1609557302457594,0.9999999999999999
449.3538750000045,1.55027369459108,0.9999999999999999,449.494122000002,1.1259113234517266,0.9999999999999999
449.6037840000043,1.4739356784517024,0.9999999999999999,449.74003900000196,1.1424867434385209,0.9999999999999999
449.8502880000041,1.41658894139576,0.9999999999999999,449.984827000002,1.2170515756942968,0.9999999999999999
450.09822700000416,1.3766919299609794,0.9999999999999999,450.2345020000018,1.343975859725031,0.9999999999999999
450.3472650000043,1.3560837103952712,0.9999999999999999,450.4815950000017,1.500570513744765,0.9999999999999999
450.5991690000042,1.3595906159483968,0.9999999999999999,450.7365430000019,1.6489832958135455,0.9999999999999999
450.84831100000423,1.3895002720250842,0.9999999999999999,450.9735860000021,1.7494268917126563,0.9999999999999999
451.0883680000043,1.4409977741169966,0.9999999999999999,451.22198300000224,1.7814186383869612,0.9999999999999999
451.3357480000045,1.5011798098312774,0.9999999999999999,451.4735570000022,1.752510015929826,0.9999999999999999
451.5776410000046,1.553080266008723,0.9999999999999999,451.7174180000023,1.6867602239653856,0.9999999999999999
451.8242160000046,1.5811138397999116,0.9999999999999999,451.9664080000023,1.6076021937269485,0.9999999999999999
452.07263200000466,1.5785895862078574,0.9999999999999999,452.21447500000215,1.5264994676985688,0.9999999999999999
452.32903900000457,1.552945232631516,0.9999999999999999,452.4694780000019,1.441609813785174,0.9999999999999999
452.5670910000045,1.5235420892325187,0.9999999999999999,452.70879900000205,1.3503957835505331,0.9999999999999999
452.8251590000044,1.5095846245238507,0.9999999999999999,452.96484500000184,1.2587053927244116,0.9999999999999999
453.06305300000434,1.5192772350318684,0.9999999999999999,453.209716000002,1.1807656842448284,0.9999999999999999
453.31238300000433,1.5468192903291342,0.9999999999999999,453.46016800000234,1.133458460789312,0.9999999999999999
453.56439200000426,1.5789260576567605,0.9999999999999999,453.7000970000022,1.1291989333257115,0.9999999999999999
453.8037340000041,1.60410518030693,0.9999999999999999,453.9504330000022,1.1705476162819541,0.9999999999999999
454.0557150000041,1.61961063868786,0.9999999999999999,454.1970230000022,1.2524116101417013,0.9999999999999999
454.302533000004,1.6279804289080406,0.9999999999999999,454.44142900000236,1.365066005616441,0.9999999999999999
454.55465500000395,1.633909252393806,0.9999999999999999,454.6883000000024,1.498230199981205,0.9999999999999999
454.7984810000039,1.6430590469386588,0.9999999999999999,454.94141800000256,1.6430795913194998,0.9999999999999999
455.04599700000364,1.6594516186006065,0.9999999999999999,455.2014760000026,1.7925302919761812,0.9999999999999999
455.2899260000038,1.683793726927222,0.9999999999999999,455.4413860000027,1.9399017834045624,0.9999999999999999
455.53937200000377,1.7140813371296137,0.9999999999999999,455.6944160000028,2.07622332378852,0.9999999999999999
455.78387300000384,1.7454417604359747,0.9999999999999999,455.9294160000029,2.195275312826589,0.9999999999999999
456.03821300000385,1.7679950071270614,0.9999999999999999,456.1848480000029,2.29774584413809,0.9999999999999999
456.2833390000038,1.7673991092532229,0.9999999999999999,456.4358680000028,2.389628151316635,0.9899484536082473
456.53332800000373,1.7320624865468277,0.9999999999999999,456.67531400000297,2.477572233970128,0.908762886597938
456.7916500000034,1.6631542470678475,0.9999999999999999,456.923238000003,2.5629174475434,0.8319587628865979
457.02831000000344,1.5790511361944715,0.9999999999999999,457.16714800000284,2.638475771059497,0.7261168384879725
457.27161000000353,1.5050932943225284,0.9999999999999999,457.4136170000029,2.689561903912339,0.6407216494845361
457.53000600000377,1.4598899093964446,0.9999999999999999,457.6601510000029,2.700941316122221,0.6214776632302407
457.7691870000037,1.4480167472793186,0.9999999999999999,457.9085710000029,2.6673746852661804,0.6756013745704468
458.0332150000036,1.462590589114938,0.9999999999999999,458.1661440000028,2.600034516781001,0.7766323024054984
458.26578900000396,1.4916595653401101,0.9999999999999999,458.4125180000029,2.522146300915349,0.8701030927835051
458.5102620000039,1.5235516103748123,0.9999999999999999,458.6500670000029,2.4583819752847575,0.922680412371134
458.76381300000395,1.5495787240535006,0.9999999999999999,458.90516700000296,2.4260143511533374,0.9489690721649484
459.0208270000037,1.565177476992904,0.9999999999999999,459.151957000003,2.425596645880015,0.9497422680412371
459.26212000000356,1.568951460466542,0.9999999999999999,459.3950190000028,2.4423251843098486,0.9365979381443298
459.5082610000034,1.5615394739502688,0.9999999999999999,459.6688820000029,2.455579431302711,0.9257731958762886
459.75034700000333,1.5451801654629356,0.9999999999999999,459.89501000000286,2.449898408473684,0.9311855670103092
460.00028000000356,1.5226633097874869,0.9999999999999999,460.13836100000304,2.4181660627934174,0.9621134020618556
460.2481960000035,1.4954748857280984,0.9999999999999999,460.3899370000031,2.3596408578991053,0.9999999999999999
460.49814000000356,1.4630035328617035,0.9999999999999999,460.6407400000031,2.276250099537737,0.9999999999999999
460.73914700000364,1.4260307672136492,0.9999999999999999,460.8818020000031,2.1696043304976254,0.9999999999999999
460.99293300000375,1.3880904644139256,0.9999999999999999,461.1291910000031,2.042610850408576,0.9999999999999999
461.23340800000386,1.353999063767282,0.9999999999999999,461.3827850000032,1.8987413483545703,0.9999999999999999
461.498403000004,1.3290188621315344,0.9999999999999999,461.62983400000314,1.7434217576073219,0.9999999999999999
461.73738600000416,1.3164926071923073,0.9999999999999999,461.876577000003,1.5848319849143606,0.9999999999999999
461.99281500000416,1.314152912396647,0.9999999999999999,462.1265400000029,1.4315239485973246,0.9999999999999999
462.2427580000041,1.3160587010621652,0.9999999999999999,462.36905600000284,1.2899798026216096,0.9999999999999999
462.4739120000042,1.3170756027945685,0.9999999999999999,462.6139080000027,1.1642569322803882,0.9999999999999999
462.7213360000042,1.3149819631079782,0.9999999999999999,462.87937600000265,1.0559742096165796,0.9999999999999999
462.9672550000043,1.3093876643501485,0.9999999999999999,463.1093790000027,0.9643702850111974,0.9999999999999999
463.2196570000043,1.2991463781289727,0.9999999999999999,463.35898700000274,0.8896077578140514,0.9999999999999999
463.47884000000437,1.2820922289906966,0.9999999999999999,463.6089680000026,0.835471386035472,0.9999999999999999
463.7107580000044,1.2557088782290036,0.9999999999999999,463.85283700000264,0.8079162039731488,0.9999999999999999
463.95961000000426,1.2175456709502905,0.9999999999999999,464.1083150000027,0.8109255137830866,0.9999999999999999
464.2067750000041,1.1661297363039018,0.9999999999999999,464.36291100000284,0.8445609775398799,0.9999999999999999
464.47164600000394,1.1029169677102801,0.9999999999999999,464.5976300000027,0.9027642950238483,0.9999999999999999
464.7142290000038,1.0333543857164675,0.9999999999999999,464.85873600000264,0.9758375307853009,0.9999999999999999
464.945696000004,0.9654242042466707,0.9999999999999999,465.0944780000028,1.0548517072249703,0.9999999999999999
465.2030610000039,0.9059241440733313,0.9999999999999999,465.33791800000273,1.132711785765505,0.9999999999999999
465.4456730000039,0.8572704298154578,0.9999999999999999,465.59288700000246,1.2030804839913316,0.9999999999999999
465.6889560000038,0.8175045104126475,0.9999999999999999,465.8364100000027,1.25912505325724,0.9999999999999999
465.94276300000394,0.7831658719505622,0.9999999999999999,466.0847390000027,1.2944073746177223,0.9999999999999999
466.183233000004,0.7528181422193254,0.9999999999999999,466.33118800000284,1.3071782594528214,0.9999999999999999
466.43722000000383,0.7274866116909597,0.9999999999999999,466.58148500000283,1.3007166613025467,0.9999999999999999
466.6826840000039,0.7096261274093141,0.9999999999999999,466.824753000003,1.2829220587254542,0.9999999999999999
466.937863000004,0.701804417385292,0.9999999999999999,467.0698640000029,1.2626443181308828,0.9999999999999999
467.18308600000404,0.705034321253929,0.9999999999999999,467.3213870000027,1.2457763299742892,0.9999999999999999
467.42888100000414,0.7184832467840689,0.9999999999999999,467.57587000000274,1.2332535101258812,0.9999999999999999
467.6844830000044,0.7423342694415664,0.9999999999999999,467.8199100000026,1.2227429863641741,0.9999999999999999
467.92137100000446,0.781666538407173,0.9999999999999999,468.06767000000264,1.2115909886242593,0.9999999999999999
468.16876000000445,0.8464223637536001,0.9999999999999999,468.3155460000028,1.1991361008948802,0.9999999999999999
468.4177280000046,0.9486292429817931,0.9999999999999999,468.5664120000028,1.1870779053440481,0.9999999999999999
468.66532900000465,1.0956169154120423,0.9999999999999999,468.8055060000031,1.1775190238796904,0.9999999999999999
468.9153130000046,1.2800189254201728,0.9999999999999999,469.0489010000029,1.17105776487162,0.9999999999999999
469.15883600000467,1.4731410992369367,0.9999999999999999,469.3070020000028,1.1659710424290082,0.9999999999999999
469.4076630000046,1.6335020490904657,0.9999999999999999,469.54584600000265,1.1599259948028138,0.9999999999999999
469.6667290000047,1.730778417433212,0.9999999999999999,469.7994200000026,1.1499616397169004,0.9999999999999999
469.90557400000466,1.7619110146430486,0.9999999999999999,470.04581800000267,1.1334577847208747,0.9999999999999999
470.1520350000046,1.744572790719137,0.9999999999999999,470.28627500000266,1.111961304265466,0.9999999999999999
470.4019550000046,1.7025798218710808,0.9999999999999999,470.55266400000266,1.0939772610873628,0.9999999999999999
470.65044400000465,1.6580968339336772,0.9999999999999999,470.7924890000027,1.0947568100199776,0.9999999999999999
470.8993260000046,1.6242504532217272,0.9999999999999999,471.0384520000028,1.1329785496927447,0.9999999999999999
471.1403680000049,1.6047527854596033,0.9999999999999999,471.2815600000027,1.223497280306904,0.9999999999999999
471.39327600000496,1.5945593009216226,0.9999999999999999,471.52551200000266,1.3677951521862983,0.9999999999999999
471.64630300000505,1.5849094436243751,0.9999999999999999,471.7775870000028,1.545478290213824,0.9999999999999999
471.878675000005,1.5673413595876746,0.9999999999999999,472.0276430000028,1.715833071458962,0.9999999999999999
472.1482270000052,1.5346688369207886,0.9999999999999999,472.2711550000029,1.8356809089387376,0.9999999999999999
472.37865800000543,1.4838137993022553,0.9999999999999999,472.52794800000316,1.879335808773184,0.9999999999999999
472.62708100000555,1.4152875355716965,0.9999999999999999,472.7725630000034,1.8506578942684198,0.9999999999999999
472.8770420000054,1.332271051749986,0.9999999999999999,473.0114860000035,1.7781339221445607,0.9999999999999999
473.12675700000534,1.241204803356418,0.9999999999999999,473.2604580000036,1.6998294411505168,0.9999999999999999
473.3658280000056,1.1506537490372593,0.9999999999999999,473.51044300000365,1.649350648354342,0.9999999999999999
473.6142200000057,1.0695332049093647,0.9999999999999999,473.76418200000376,1.645401815122518,0.9999999999999999
473.86178300000563,1.0055720465690765,0.9999999999999999,474.01234700000373,1.6855328842550206,0.9999999999999999
474.11920400000565,0.9641421325304591,0.9999999999999999,474.2566390000035,1.7474640087594764,0.9999999999999999
474.3591630000055,0.9471684026772147,0.9999999999999999,474.5025760000036,1.8004564270665653,0.9999999999999999
474.6045600000056,0.9519391809108195,0.9999999999999999,474.7511030000034,1.8188194484735636,0.9999999999999999
474.85568600000556,0.9712089069497013,0.9999999999999999,474.9956160000034,1.7913833084570197,0.9999999999999999
475.10451100000546,0.9977134485923539,0.9999999999999999,475.24218500000325,1.722000141029552,0.9999999999999999
475.3636040000054,1.0313764177561562,0.9999999999999999,475.48928600000335,1.625135448416227,0.9999999999999999
475.59599800000547,1.0813826596678426,0.9999999999999999,475.73762700000316,1.5215981847182363,0.9999999999999999
475.84313200000554,1.1590976112420805,0.9999999999999999,475.9861660000031,1.4304224737962898,0.9999999999999999
476.10547800000563,1.270650513623724,0.9999999999999999,476.233561000003,1.362891003236161,0.9999999999999999
476.34384200000585,1.412280384016032,0.9999999999999999,476.47755200000296,1.3218338995851,0.9999999999999999
476.5907010000057,1.569349780477256,0.9999999999999999,476.725046000003,1.3032855923265907,0.9999999999999999
476.83273100000554,1.7222386105395062,0.9999999999999999,476.97289500000295,1.3021256915976933,0.9999999999999999
477.09425500000543,1.8554912500338732,0.9999999999999999,477.22339300000283,1.3167516677015065,0.9999999999999999
477.3295300000054,1.9667694964334363,0.9999999999999999,477.47250600000297,1.3481920838375667,0.9999999999999999
477.5811740000054,2.0686971851662297,0.9999999999999999,477.7184630000028,1.396599095635737,0.9999999999999999
477.8311550000052,2.181795329502364,0.9999999999999999,477.9714080000028,1.4579287960307221,0.9999999999999999
478.08006800000516,2.320498350494132,0.9999999999999999,478.227483000003,1.5276429029390841,0.9999999999999999
478.33200700000515,2.477872329184981,0.9079896907216494,478.46297300000305,1.6063440891283607,0.9999999999999999
478.5760330000054,2.6195994664306745,0.7525773195876289,478.7141270000031,1.6986780620139914,0.9999999999999999
478.8195150000053,2.6989271458546495,0.6286941580756015,478.95289200000315,1.8052033145663757,0.9999999999999999
479.0679520000052,2.686091172287379,0.6467353951890035,479.2048050000032,1.9133828284030796,0.9999999999999999
479.3236120000053,2.5864627127429443,0.7994845360824743,479.4559370000031,1.9991737006450485,0.9999999999999999
479.5664950000054,2.4311605587693985,0.9451030927835051,479.702310000003,2.0391862908665823,0.9999999999999999
479.8234110000056,2.2594534023727557,0.9999999999999999,479.94589400000297,2.0233566256221462,0.9999999999999999
480.05648300000547,2.110510016798325,0.9999999999999999,480.1983100000029,1.9586751871124002,0.9999999999999999
480.3026370000056,2.0152726738986217,0.9999999999999999,480.44778200000286,1.8657276074918256,0.9999999999999999
480.55515300000553,1.9849231016305235,0.9999999999999999,480.6893750000029,1.7747340750773395,0.9999999999999999
480.7975410000054,2.00157766897619,0.9999999999999999,480.939359000003,1.7224905955292595,0.9999999999999999
481.04908200000557,2.0236453851351026,0.9999999999999999,481.187321000003,1.740130442749764,0.9999999999999999
481.2940770000057,2.011991018185414,0.9999999999999999,481.43340500000295,1.829388681511242,0.9999999999999999
481.5459480000055,1.9529511303848799,0.9999999999999999,481.68094600000296,1.9512089809624484,0.9999999999999999
481.7930010000053,1.8568838966436245,0.9999999999999999,481.9329990000029,2.0507254980081804,0.9999999999999999
482.04351700000547,1.7456755535493063,0.9999999999999999,482.1769120000029,2.0929156415042236,0.9999999999999999
482.29110000000566,1.6429112686706437,0.9999999999999999,482.420858000003,2.0692104587346947,0.9999999999999999
482.5374700000055,1.5692621513195084,0.9999999999999999,482.66938600000316,1.990397890504907,0.9999999999999999
482.7784370000053,1.538397473298068,0.9999999999999999,482.918323000003,1.874436956941047,0.9999999999999999
483.0384330000051,1.5524861957858893,0.9999999999999999,483.1643100000032,1.7405542248124397,0.9999999999999999
483.2728250000052,1.6015737948305158,0.9999999999999999,483.4157750000032,1.6053887008905197,0.9999999999999999
483.52437000000515,1.6678264571416106,0.9999999999999999,483.6610650000031,1.47865867200606,0.9999999999999999
483.77152200000523,1.73454237990416,0.9999999999999999,483.9142800000031,1.3607136659002843,0.9999999999999999
484.0203300000054,1.7885947406323388,0.9999999999999999,484.15863300000325,1.2477661962005564,0.9999999999999999
484.26481500000546,1.8230419436018832,0.9999999999999999,484.4006490000034,1.1363686557913077,0.9999999999999999
484.5234910000055,1.8375275196439702,0.9999999999999999,484.6622940000033,1.0261318049501362,0.9999999999999999
484.7562510000057,1.8342586804764984,0.9999999999999999,484.9072830000034,0.9201164011032076,0.9999999999999999
485.0107110000058,1.8157983068603203,0.9999999999999999,485.1582160000036,0.8230981905267072,0.9999999999999999
485.25625100000576,1.7841149908520288,0.9999999999999999,485.39377800000364,0.7406496439026904,0.9999999999999999
485.50428400000567,1.7407467335126316,0.9999999999999999,485.6465740000037,0.6797904834799686,0.9999999999999999
485.75376500000584,1.6883313351879177,0.9999999999999999,485.9022800000037,0.6488824986710388,0.9999999999999999
485.99934300000575,1.6296184723533917,0.9999999999999999,486.13933400000377,0.6549658999456717,0.9999999999999999
486.247280000006,1.567059399476355,0.9999999999999999,486.38870800000353,0.699266052876973,0.9999999999999999
486.4921780000061,1.4999949826474508,0.9999999999999999,486.63123600000347,0.7729315347275404,0.9999999999999999
486.74196100000614,1.4271295247653224,0.9999999999999999,486.88868400000325,0.857076835623677,0.9999999999999999
486.9935140000062,1.3498229990871786,0.9999999999999999,487.1311970000032,0.929935348206538,0.9999999999999999
487.2385390000062,1.272052088128113,0.9999999999999999,487.3797840000034,0.9762232272151843,0.9999999999999999
487.50302900000594,1.199816832625775,0.9999999999999999,487.62460300000356,0.9915850292094526,0.9999999999999999
487.734585000006,1.1380566439563795,0.9999999999999999,487.8758490000036,0.9817502565749594,0.9999999999999999
487.9767520000058,1.0899774029317868,0.9999999999999999,488.12107900000393,0.9566041797702992,0.9999999999999999
488.2312110000056,1.0566033824427654,0.9999999999999999,488.3655110000038,0.9260051325468668,0.9999999999999999
488.4750270000058,1.036917889482391,0.9999999999999999,488.61502500000387,0.8985603964007227,0.9999999999999999
488.72356900000574,1.0285457306259829,0.9999999999999999,488.8654400000038,0.8814383462975012,0.9999999999999999
488.96367200000583,1.0283301738104278,0.9999999999999999,489.11754400000376,0.8783226052787374,0.9999999999999999
489.21454700000595,1.0326815211340692,0.9999999999999999,489.35341200000386,0.8883177576790228,0.9999999999999999
489.4651830000058,1.0376027462215904,0.9999999999999999,489.60642300000393,0.9070967080256388,0.9999999999999999
489.7200350000057,1.0383725183282324,0.9999999999999999,489.85291900000396,0.9281708473231414,0.9999999999999999
489.9585550000055,1.0305596284071703,0.9999999999999999,490.1018930000041,0.9442315284220335,0.9999999999999999
490.2104970000056,1.0154920051077188,0.9999999999999999,490.34923900000393,0.9518570825484847,0.9999999999999999
490.4546220000057,1.0032132066184145,0.9999999999999999,490.5950560000039,0.9536624794506219,0.9999999999999999
490.71540900000576,1.005689134551792,0.9999999999999999,490.84905200000395,0.9566276716035674,0.9999999999999999
490.95348000000564,1.0272761205949206,0.9999999999999999,491.0933670000039,0.9678179703509682,0.9999999999999999
491.19845300000577,1.061912686009277,0.9999999999999999,491.33986700000384,0.9911050945218752,0.9999999999999999
491.45251300000587,1.098320446261378,0.9999999999999999,491.5908910000038,1.0253556658553706,0.9999999999999999
491.698414000006,1.1274609835405371,0.9999999999999999,491.84240400000397,1.0648674548689785,0.9999999999999999
491.972418000006,1.1446395180293305,0.9999999999999999,492.08856500000417,1.1035562709028102,0.9999999999999999
492.200879000006,1.1502367535309765,0.9999999999999999,492.32848400000415,1.1397619479954646,0.9999999999999999
492.43565000000615,1.1497816251708843,0.9999999999999999,492.580137000004,1.1754338110140763,0.9999999999999999
492.6886390000062,1.1510463441345637,0.9999999999999999,492.8201060000037,1.2138633572071198,0.9999999999999999
492.933730000006,1.159934203539472,0.9999999999999999,493.0724420000037,1.2570625120543801,0.9999999999999999
493.187011000006,1.177016163397492,0.9999999999999999,493.3200470000038,1.3046650411853953,0.9999999999999999
493.42648800000626,1.198244031406997,0.9999999999999999,493.5815350000039,1.3527436635325958,0.9999999999999999
493.6731550000062,1.221790307794724,0.9999999999999999,493.8170280000036,1.3943948290203598,0.9999999999999999
493.923632000006,1.253918726487837,0.9999999999999999,494.0574780000035,1.4238405016274265,0.9999999999999999
494.1691270000059,1.30494978699291,0.9999999999999999,494.3088930000035,1.4414096486503083,0.9999999999999999
494.4205760000059,1.3815447333558584,0.9999999999999999,494.5619540000036,1.4545685342735493,0.9999999999999999
494.67862500000587,1.4804674998844591,0.9999999999999999,494.8069650000035,1.4734048371675306,0.9999999999999999
494.91053000000574,1.5859673024784813,0.9999999999999999,495.05329800000356,1.5035709489680158,0.9999999999999999
495.1729690000057,1.674817635732173,0.9999999999999999,495.3044220000037,1.5456226601644656,0.9999999999999999
495.4084830000059,1.7253801647560796,0.9999999999999999,495.5548220000037,1.59579802567431,0.9999999999999999
495.65586400000603,1.7304519836659653,0.9999999999999999,495.79507900000357,1.6472902011944215,0.9999999999999999
495.90492100000625,1.700124645240553,0.9999999999999999,496.0587600000037,1.6883791066989737,0.9999999999999999
496.14893300000614,1.655273123064395,0.9999999999999999,496.2910470000037,1.7068609162895996,0.9999999999999999
496.3944400000063,1.619217534675784,0.9999999999999999,496.53851700000394,1.6942749921765377,0.9999999999999999
496.64533700000607,1.6082810480453134,0.9999999999999999,496.79464700000403,1.6507428684168133,0.9999999999999999
496.8877660000062,1.6256485215048597,0.9999999999999999,497.0460380000043,1.5827709301154234,0.9999999999999999
497.13963400000625,1.6610781091805191,0.9999999999999999,497.28152700000425,1.4995593047197477,0.9999999999999999
497.38963400000586,1.6986965694069733,0.9999999999999999,497.5376370000043,1.4102786154864997,0.9999999999999999
497.6336970000057,1.7242098481678625,0.9999999999999999,497.7763230000044,1.325228497428001,0.9999999999999999
497.8841790000059,1.7298273924589416,0.9999999999999999,498.02216200000447,1.2568386092639254,0.9999999999999999
498.12462600000566,1.7155698248345121,0.9999999999999999,498.2670950000045,1.2172051790098464,0.9999999999999999
498.3926770000058,1.6862956577380306,0.9999999999999999,498.5220890000045,1.2139053982124184,0.9999999999999999
498.62409900000574,1.6487315317366131,0.9999999999999999,498.7645170000042,1.2453918598094442,0.9999999999999999
498.87163800000565,1.6086962749533638,0.9999999999999999,499.0134970000041,1.3020239413464283,0.9999999999999999
499.1221080000056,1.5694359382953593,0.9999999999999999,499.26191100000426,1.36935371809743,0.9999999999999999
499.3695790000058,1.5305008017346378,0.9999999999999999,499.50936700000426,1.4320629613384332,0.9999999999999999
499.6146000000057,1.4887874020783813,0.9999999999999999,499.7583620000043,1.4780590929572042,0.9999999999999999
499.86524700000547,1.4409075560536193,0.9999999999999999,500.00979700000437,1.5007402671038714,0.9999999999999999
500.1120280000056,1.3866680917951575,0.9999999999999999,500.2589210000044,1.5006738822317316,0.9999999999999999
500.36002000000536,1.3297265230529924,0.9999999999999999,500.5058930000042,1.4821036961827003,0.9999999999999999
500.6126270000055,1.2761692901018598,0.9999999999999999,500.74780200000436,1.4507874244571064,0.9999999999999999
500.8572700000054,1.2328182517723518,0.9999999999999999,500.99195500000434,1.4123961185014302,0.9999999999999999
501.10249700000537,1.2049722795844011,0.9999999999999999,501.2593710000044,1.3734694866019315,0.9999999999999999
501.3537640000054,1.193768536751691,0.9999999999999999,501.4959340000043,1.3442977552342634,0.9999999999999999
501.59922600000533,1.1941766616973526,0.9999999999999999,501.7387680000043,1.3375700247598141,0.9999999999999999
501.84442600000517,1.196865751658899,0.9999999999999999,501.9873440000042,1.363758536174277,0.9999999999999999
502.0938510000051,1.1933058820748665,0.9999999999999999,502.23735700000435,1.4258057723817112,0.9999999999999999
502.33859300000495,1.181473915080391,0.9999999999999999,502.48216400000416,1.5147023667636579,0.9999999999999999
502.59007400000496,1.1681138464398666,0.9999999999999999,502.7271800000042,1.6115605770675068,0.9999999999999999
502.85005800000505,1.167567851230039,0.9999999999999999,502.97668300000396,1.6982464078665367,0.9999999999999999
503.087135000005,1.1977415763836556,0.9999999999999999,503.22164500000395,1.7673825029312393,0.9999999999999999
503.3315950000048,1.2709301661692112,0.9999999999999999,503.47761800000393,1.8211050876825718,0.9999999999999999
503.5744340000051,1.382535580059177,0.9999999999999999,503.71707300000395,1.8665128417397165,0.9999999999999999
503.8214950000052,1.5116918091986724,0.9999999999999999,503.96946300000394,1.9093444738240766,0.9999999999999999
504.0763820000053,1.6302913202440341,0.9999999999999999,504.22856100000394,1.954150768481489,0.9999999999999999
504.33155300000544,1.713965346161211,0.9999999999999999,504.4757620000039,2.0085657075222083,0.9999999999999999
504.5634390000054,1.7494590645873491,0.9999999999999999,504.717810000004,2.0790683062483795,0.9999999999999999
504.8108410000053,1.7398833220726124,0.9999999999999999,504.95783300000414,2.163061111285145,0.9999999999999999
505.06747200000507,1.7034060280369088,0.9999999999999999,505.2059420000043,2.2474333482536957,0.9999999999999999
505.319464000005,1.6648748977919152,0.9999999999999999,505.4521480000044,2.316835659304011,0.9999999999999999
505.564619000005,1.6453658802055586,0.9999999999999999,505.72900200000447,2.357193481316569,0.9999999999999999
505.80203800000487,1.6534979029997352,0.9999999999999999,505.95252900000435,2.3634067236933567,0.9999999999999999
506.0713710000051,1.6811956526047158,0.9999999999999999,506.1960470000043,2.3402625954601795,0.9999999999999999
506.3080560000052,1.7076974144518324,0.9999999999999999,506.43941300000415,2.299160022855459,0.9999999999999999
506.55109600000526,1.7128855661071887,0.9999999999999999,506.69082900000404,2.252332172413583,0.9999999999999999
506.792185000005,1.6876991170563818,0.9999999999999999,506.941279000004,2.2058174344232278,0.9999999999999999
507.04057400000477,1.6349090794789383,0.9999999999999999,507.187182000004,2.1570717272836406,0.9999999999999999
507.2855530000049,1.563704599626,0.9999999999999999,507.4365050000041,2.0997960403479867,0.9999999999999999
507.5401970000051,1.4829954585416132,0.9999999999999999,507.6906560000041,2.0309728565652088,0.9999999999999999
507.78451400000523,1.3971354850546878,0.9999999999999999,507.927915000004,1.9539743492183168,0.9999999999999999
508.03140700000506,1.3060224225986425,0.9999999999999999,508.173892000004,1.8781845645131605,0.9999999999999999
508.28040600000537,1.2091951165080617,0.9999999999999999,508.421843000004,1.81288947661729,0.9999999999999999
508.53046900000555,1.1119762574430943,0.9999999999999999,508.67530400000413,1.7593434736594722,0.9999999999999999
508.7772160000055,1.025863843091935,0.9999999999999999,508.93480700000424,1.7104129757986428,0.9999999999999999
509.0223500000057,0.9648026698510109,0.9999999999999999,509.1708250000042,1.655678481801095,0.9999999999999999
509.276650000006,0.9373745776175745,0.9999999999999999,509.41565500000434,1.5891700700670337,0.9999999999999999
509.51736500000635,0.957190558975818,0.9999999999999999,509.65964600000444,1.5111359771471682,0.9999999999999999
509.7613410000063,1.051553009845938,0.9999999999999999,509.9122130000045,1.4261318352083487,0.9999999999999999
510.01041800000644,1.2697627364347381,0.9999999999999999,510.1565900000044,1.3411446670911285,0.9999999999999999
510.2594020000066,1.650896711525491,0.9999999999999999,510.40054300000446,1.264407102556741,0.9999999999999999
510.5198850000067,2.1833044967333115,0.9999999999999999,510.65053100000455,1.2042593213543928,0.9999999999999999
510.75176800000656,2.7921901070632664,0.46512027491408936,510.90305500000466,1.1683413242958745,0.9999999999999999
511.00211000000644,3.366438222915818,0.0,511.1459980000045,1.1605916941114032,0.9999999999999999
511.2506450000065,3.795944562257424,0.0,511.3942880000046,1.1745930918705212,0.9999999999999999
511.4955810000068,4.004221353192703,0.0,511.63606700000446,1.1927712554379342,0.9999999999999999
511.7425110000068,3.9667894335165563,0.0,511.8870470000045,1.196211873834486,0.9999999999999999
511.9890750000068,3.7125782155526794,0.0,512.1394850000045,1.1760817779865516,0.9999999999999999
512.2415170000068,3.3112301176936385,0.013917525773195908,512.3891140000043,1.1383023224634452,0.9999999999999999
512.4922440000067,2.8493973402467088,0.3689003436426116,512.6314740000045,1.0981533263094647,0.9999999999999999
512.7303100000067,2.4079474109232564,0.9729381443298969,512.8825730000044,1.0723608609295836,0.9999999999999999
512.9888350000067,2.040171476230221,0.9999999999999999,513.1249170000044,1.072480516768661,0.9999999999999999
513.2338920000068,1.7657143232395731,0.9999999999999999,513.3724720000044,1.1036864421295713,0.9999999999999999
513.4752010000068,1.5830742643298874,0.9999999999999999,513.6248960000042,1.1651275211867516,0.9999999999999999
513.7299980000068,1.4849241126185029,0.9999999999999999,513.8703710000043,1.2524304640041994,0.9999999999999999
513.9772950000068,1.4649190761750968,0.9999999999999999,514.1143520000043,1.357816569797478,0.9999999999999999
514.2208420000068,1.5122334429683848,0.9999999999999999,514.3698750000043,1.4701952647095498,0.9999999999999999
514.4683920000068,1.6035863911855326,0.9999999999999999,514.6130540000045,1.5781266447423694,0.9999999999999999
514.7213210000067,1.6969229348340311,0.9999999999999999,514.8631080000044,1.6723978809320306,0.9999999999999999
514.9678090000067,1.7514877359244625,0.9999999999999999,515.1101290000043,1.746321740573555,0.9999999999999999
515.2152790000066,1.7606557598609278,0.9999999999999999,515.3569500000043,1.7966590002963672,0.9999999999999999
515.4616690000067,1.7573838844241145,0.9999999999999999,515.6015270000045,1.8267913561272513,0.9999999999999999
515.7101470000065,1.7808697846195758,0.9999999999999999,515.8560100000046,1.8431715119695244,0.9999999999999999
515.9565980000065,1.8487858538623396,0.9999999999999999,516.0981860000046,1.8488816571539006,0.9999999999999999
516.2111030000066,1.9530709317522876,0.9999999999999999,516.3471530000046,1.8426874164951692,0.9999999999999999
516.4561840000065,2.069327286056929,0.9999999999999999,516.6042630000046,1.8220522140486601,0.9999999999999999
516.6998660000065,2.1687295252311256,0.9999999999999999,516.8466970000048,1.786205300862998,0.9999999999999999
516.9578810000066,2.2247776188574204,0.9999999999999999,517.0896770000047,1.7376225578599584,0.9999999999999999
517.1968220000068,2.2236126150381654,0.9999999999999999,517.3411870000049,1.6827393945405562,0.9999999999999999
517.4417600000068,2.1713486095747614,0.9999999999999999,517.586878000005,1.6298783448194114,0.9999999999999999
517.6881640000065,2.0965183407593777,0.9999999999999999,517.831322000005,1.5879112932436876,0.9999999999999999
517.9386130000064,2.04077315169343,0.9999999999999999,518.081314000005,1.5669748196603506,0.9999999999999999
518.2091110000065,2.038276063152551,0.9999999999999999,518.3277130000049,1.5768124047099232,0.9999999999999999
518.4300090000064,2.092752492144678,0.9999999999999999,518.5808110000048,1.622779052760224,0.9999999999999999
518.6832180000064,2.171355764324858,0.9999999999999999,518.8236720000048,1.7033627067881802,0.9999999999999999
518.9240140000063,2.2279433826784336,0.9999999999999999,519.073591000005,1.8098773758777758,0.9999999999999999
519.1710760000063,2.2305398397616916,0.9999999999999999,519.3185870000049,1.9266010401522293,0.9999999999999999
519.4159430000062,2.171336237003148,0.9999999999999999,519.5760790000052,2.031288509286496,0.9999999999999999
519.6694870000064,2.0597355031050375,0.9999999999999999,519.8195100000053,2.1011586593809373,0.9999999999999999
519.9198050000065,1.9117075167309188,0.9999999999999999,520.0639860000055,2.1223873254698864,0.9999999999999999
520.1616760000067,1.743510722128598,0.9999999999999999,520.3144900000053,2.0957262446945712,0.9999999999999999
520.4274140000065,1.5713867210646852,0.9999999999999999,520.5862450000053,2.0346373366509463,0.9999999999999999
520.6597030000063,1.410532015223698,0.9999999999999999,520.8071740000051,1.9613751104527868,0.9999999999999999
520.9198290000064,1.2735962395546994,0.9999999999999999,521.0521640000051,1.9002228055869954,0.9999999999999999
521.1591730000065,1.1689038440402628,0.9999999999999999,521.3001750000052,1.8684477760500195,0.9999999999999999
521.4141080000065,1.0998441467779034,0.9999999999999999,521.5506860000053,1.8720837829677308,0.9999999999999999
521.6526760000066,1.0659787915117391,0.9999999999999999,521.7899940000054,1.9089808765169463,0.9999999999999999
521.9007340000064,1.0636535279420598,0.9999999999999999,522.0399930000053,1.9740789141093484,0.9999999999999999
522.1512060000065,1.0848710953760758,0.9999999999999999,522.2970930000051,2.062805448548689,0.9999999999999999
522.3995040000063,1.1181190498688403,0.9999999999999999,522.5362050000049,2.1707992892072743,0.9999999999999999
522.6444050000059,1.1529701152887564,0.9999999999999999,522.7882890000049,2.2926032438415493,0.9999999999999999
522.8925830000061,1.1813881161052062,0.9999999999999999,523.038160000005,2.415141773308716,0.9636597938144329
523.1369660000063,1.200698739084641,0.9999999999999999,523.276983000005,2.520537632820143,0.8708762886597937
523.3891980000061,1.2126667911767421,0.9999999999999999,523.5269620000049,2.597409970044302,0.7802405498281788
523.6335500000063,1.2200033961382069,0.9999999999999999,523.772134000005,2.6505601126294605,0.7032646048109966
523.8811260000062,1.2242066544453287,0.9999999999999999,524.0231270000049,2.697231197054038,0.6323024054982819
524.1279940000065,1.2267423986684762,0.9999999999999999,524.2840600000051,2.7521635091171386,0.5481099656357389
524.3752480000065,1.2319251944439862,0.9999999999999999,524.519675000005,2.815087910406298,0.4350515463917526
524.6266260000065,1.2470633856203261,0.9999999999999999,524.7676750000047,2.8654587780883536,0.3472508591065292
524.871221000006,1.2803250075195134,0.9999999999999999,525.0120240000049,2.8747906131798726,0.33762886597938147
525.1140430000058,1.3384532365738808,0.9999999999999999,525.269615000005,2.8236484160933446,0.42182130584192445
525.377143000006,1.4219699595935638,0.9999999999999999,525.5090580000049,2.7111553677350875,0.6094501718213059
525.6104220000061,1.5218538958429655,0.9999999999999999,525.7570890000046,2.556393355541281,0.8463917525773198
525.8768060000059,1.6211615546305929,0.9999999999999999,526.0081340000044,2.3873833114320777,0.9922680412371133
526.1123360000062,1.6991263416509774,0.9999999999999999,526.2490390000036,2.228410049104238,0.9999999999999999
526.3568040000062,1.736182138279878,0.9999999999999999,526.5014580000033,2.0933340207844897,0.9999999999999999
526.6022720000065,1.7213898561816248,0.9999999999999999,526.7457640000029,1.9841580442290614,0.9999999999999999
526.8552040000063,1.65878396596228,0.9999999999999999,526.9897540000028,1.895344333156748,0.9999999999999999
527.0982630000069,1.5655293658775926,0.9999999999999999,527.2402070000031,1.815567928739749,0.9999999999999999
527.3455290000066,1.4626087362297326,0.9999999999999999,527.4984720000031,1.7435611644999585,0.9999999999999999
527.5916720000066,1.3672482838258657,0.9999999999999999,527.7391040000027,1.696338694086947,0.9999999999999999
527.8454210000067,1.2901306195838815,0.9999999999999999,527.9800360000025,1.7010123225412501,0.9999999999999999
528.0905460000073,1.2354721024030098,0.9999999999999999,528.2643840000023,1.7829875079754018,0.9999999999999999
528.3429890000072,1.201079639971332,0.9999999999999999,528.4780340000024,1.9487416868371672,0.9999999999999999
528.5824230000072,1.1793220642676023,0.9999999999999999,528.7514550000025,2.17185538595624,0.9999999999999999
528.8299500000077,1.1607444249213614,0.9999999999999999,528.9814110000029,2.393238036060802,0.9868556701030926
529.0794490000077,1.1381769927724124,0.9999999999999999,529.2263440000032,2.5454811438239098,0.8546391752577319
529.3235100000081,1.1093634055897044,0.9999999999999999,529.4732830000033,2.5861197157748625,0.7994845360824743
529.5823120000082,1.0775791062666067,0.9999999999999999,529.7223310000031,2.515256113188106,0.8786082474226804
529.8314320000079,1.0503384499974737,0.9999999999999999,529.973441000003,2.365493827207838,0.9999999999999999
530.0653780000079,1.0352101703148473,0.9999999999999999,530.2168270000033,2.1799448586937817,0.9999999999999999
530.3208450000081,1.0345365548902496,0.9999999999999999,530.4653470000035,1.9951693540887177,0.9999999999999999
530.5693920000082,1.0435862520519708,0.9999999999999999,530.7177120000035,1.8337042365018432,0.9999999999999999
530.8142020000083,1.0540721970688547,0.9999999999999999,530.953854000004,1.7044272907381408,0.9999999999999999
531.0612830000086,1.0590908629888487,0.9999999999999999,531.2049720000039,1.6068596727100233,0.9999999999999999
531.3103550000089,1.0553829431434585,0.9999999999999999,531.449932000004,1.535112887461334,0.9999999999999999
531.5536200000089,1.0431735819773287,0.9999999999999999,531.6929770000036,1.4826970467022682,0.9999999999999999
531.7985240000085,1.0232689405887758,0.9999999999999999,531.9538100000037,1.4436235210422426,0.9999999999999999
532.0445190000088,0.9973312295977244,0.9999999999999999,532.1929170000035,1.4117988313185867,0.9999999999999999
532.3010980000089,0.9677815220161965,0.9999999999999999,532.4387770000034,1.3823887296422595,0.9999999999999999
532.5509900000087,0.9368447518232567,0.9999999999999999,532.6923320000035,1.3576421836366486,0.9999999999999999
532.7964890000086,0.9075488926822131,0.9999999999999999,532.9322760000035,1.3788935850071984,0.9999999999999999
533.0538150000083,0.8846858410186877,0.9999999999999999,533.1851950000034,1.5302447297429516,0.9999999999999999
533.2865420000079,0.8740863548896683,0.9999999999999999,533.4267810000038,1.913038817243264,0.9999999999999999
533.5646170000077,0.8807120482618557,0.9999999999999999,533.6746970000036,2.611245996334202,0.7609965635738831
533.7902130000076,0.9078611099472506,0.9999999999999999,533.9304180000041,3.650256093449037,0.0
534.0275400000073,0.9570725498976838,0.9999999999999999,534.1692260000044,4.948580365046956,0.0
534.2784300000075,1.028116765459782,0.9999999999999999,534.4234360000047,6.28197961150556,0.0
534.5341130000077,1.1172341304828597,0.9999999999999999,534.6677630000048,7.323510732800993,0.0
534.7725470000083,1.2144041296839074,0.9999999999999999,534.9228490000052,7.793953566925594,0.0
535.0159370000085,1.3024131206042902,0.9999999999999999,535.1731830000049,7.622820435836383,0.0
535.2650510000086,1.3638019010941314,0.9999999999999999,535.4094470000048,6.981714980375067,0.0
535.5158870000084,1.3934105269781811,0.9999999999999999,535.6629930000048,6.162481454464714,0.0
535.7614920000085,1.4022613155456118,0.9999999999999999,535.912939000005,5.419447086653,0.0
536.015036000008,1.4105808222119318,0.9999999999999999,536.1563130000047,4.8701129995995815,0.0
536.2634060000076,1.4380899605676631,0.9999999999999999,536.430317000005,4.494586969681034,0.0
536.5039220000077,1.4934270885467826,0.9999999999999999,536.6496430000053,4.2186479933942165,0.0
536.7638590000079,1.5679864580581993,0.9999999999999999,536.9153800000054,3.9877796965839933,0.0
537.0033960000077,1.6437907982313114,0.9999999999999999,537.1456590000053,3.7992870049918364,0.0
537.2508750000081,1.7069998577986132,0.9999999999999999,537.388209000005,3.7315103275480968,0.0
537.491862000008,1.7518700384334323,0.9999999999999999,537.6451610000048,3.9088955033049673,0.0
537.7427320000083,1.7777478316660646,0.9999999999999999,537.8903090000049,4.406751826877726,0.0
537.9896030000082,1.786196314824311,0.9999999999999999,538.1332380000048,5.153990783809899,0.0
538.2365160000085,1.779501460973835,0.9999999999999999,538.3846320000048,5.952273208277441,0.0
538.4844280000086,1.7603099220014962,0.9999999999999999,538.6294160000047,6.594899608240447,0.0
538.7340200000087,1.7299714456734203,0.9999999999999999,538.8847590000046,6.949925231453122,0.0
538.9875610000087,1.687500817555876,0.9999999999999999,539.1303440000048,6.968365823327447,0.0
539.2285540000083,1.6302332800502828,0.9999999999999999,539.3746500000053,6.665726346203985,0.0
539.474052000008,1.5579178706636871,0.9999999999999999,539.6307440000048,6.105358633273385,0.0
539.7204450000082,1.4748903935051045,0.9999999999999999,539.8674590000047,5.392669777435951,0.0
539.9760640000084,1.3892730686325159,0.9999999999999999,540.1138560000047,4.651136296547112,0.0
540.2160710000086,1.3114816327121281,0.9999999999999999,540.3617830000046,3.9813654700524244,0.0
540.4670880000085,1.2526392736579168,0.9999999999999999,540.6086770000044,3.4261890927106675,0.0
540.7103960000084,1.2237725204661334,0.9999999999999999,540.8557240000043,2.980155494912581,0.20893470790378005
540.9649190000083,1.2341493175264078,0.9999999999999999,541.1112510000039,2.630606694143456,0.7309278350515463
541.2419920000085,1.2849035477127289,0.9999999999999999,541.3517330000035,2.376924320729303,0.9999999999999999
541.4589700000083,1.3669757029250045,0.9999999999999999,541.5950550000034,2.216065979627902,0.9999999999999999
541.7141090000082,1.4675730910773959,0.9999999999999999,541.8510460000031,2.1324018839742673,0.9999999999999999
541.951461000008,1.5774423308876002,0.9999999999999999,542.0934390000028,2.0983571388206297,0.9999999999999999
542.1902740000078,1.6930001095013174,0.9999999999999999,542.3405160000024,2.084273955893574,0.9999999999999999
542.4407760000079,1.8095219917572516,0.9999999999999999,542.5889210000021,2.0662775799966324,0.9999999999999999
542.686662000008,1.9114412727784305,0.9999999999999999,542.8388220000021,2.031294024991091,0.9999999999999999
542.9401020000082,1.9751826429922335,0.9999999999999999,543.0844490000022,1.9766780990295074,0.9999999999999999
543.1815650000078,1.9830832025477534,0.9999999999999999,543.3363690000024,1.9070674472702813,0.9999999999999999
543.4299930000078,1.9317712817799197,0.9999999999999999,543.5818560000024,1.829502293161901,0.9999999999999999
543.6721900000078,1.8294985439749456,0.9999999999999999,543.8292240000028,1.7515476802095296,0.9999999999999999
543.9292440000078,1.6908600211834737,0.9999999999999999,544.0963100000026,1.6801137981775833,0.9999999999999999
544.1746530000083,1.5336189982095427,0.9999999999999999,544.3318350000023,1.6172609439239682,0.9999999999999999
544.4290410000085,1.3765737225359165,0.9999999999999999,544.5766610000023,1.5606732203565667,0.9999999999999999
544.6631300000083,1.2364603173945798,0.9999999999999999,544.8216220000025,1.5081848096873331,0.9999999999999999
544.9187120000081,1.125304148287123,0.9999999999999999,545.0675780000029,1.459055926084184,0.9999999999999999
545.1575900000078,1.0493098745326819,0.9999999999999999,545.3165600000033,1.4129496454284365,0.9999999999999999
545.4175700000078,1.0095168594122421,0.9999999999999999,545.566889000003,1.3698225535290336,0.9999999999999999
545.6880350000079,1.0014514378824362,0.9999999999999999,545.8130250000027,1.3307932110035854,0.9999999999999999
545.9061510000079,1.0138224323748686,0.9999999999999999,546.0527610000021,1.2992623577876454,0.9999999999999999
546.1539270000075,1.030121828277996,0.9999999999999999,546.3066000000024,1.282983853917505,0.9999999999999999
546.3960790000076,1.0366247697823392,0.9999999999999999,546.5551700000024,1.2904313278577444,0.9999999999999999
546.6470170000077,1.028469765982464,0.9999999999999999,546.8001260000025,1.3271082545230033,0.9999999999999999
546.8969740000076,1.0086674203020378,0.9999999999999999,547.0577420000023,1.3915938041790266,0.9999999999999999
547.1448730000075,0.9839432285193015,0.9999999999999999,547.3075810000026,1.4749417450114215,0.9999999999999999
547.3905170000075,0.9613785762066281,0.9999999999999999,547.5422790000024,1.5680966585629703,0.9999999999999999
547.6383800000075,0.9460023868520715,0.9999999999999999,547.7949770000029,1.6732946044203698,0.9999999999999999
547.8893380000075,0.9401472762627963,0.9999999999999999,548.039811000003,1.806730159855151,0.9999999999999999
548.1341910000073,0.9463612776341541,0.9999999999999999,548.2822190000023,1.9886473190801492,0.9999999999999999
548.3748220000074,0.9674268934502108,0.9999999999999999,548.532254000003,2.229645329441217,0.9999999999999999
548.6238000000075,1.0060733887463311,0.9999999999999999,548.7781870000033,2.5204210358546955,0.8708762886597937
548.8973610000074,1.0659728560404906,0.9999999999999999,549.0306100000033,2.8255073535097868,0.41821305841924405
549.1194150000076,1.1518369573118472,0.9999999999999999,549.2753570000033,3.089342102197394,0.11752577319587627
549.3791780000075,1.2661882415213153,0.9999999999999999,549.5198340000035,3.2547833407465276,0.035567010309278384
549.6170160000077,1.4054887309260558,0.9999999999999999,549.7765170000034,3.2844109279114,0.023969072164948448
549.8691100000076,1.5556089634982737,0.9999999999999999,550.0139060000039,3.181542947697579,0.06572164948453608
550.1199390000079,1.6898234920524497,0.9999999999999999,550.268402000004,2.993879874981904,0.19570446735395192
550.359894000008,1.776687735325957,0.9999999999999999,550.5146270000038,2.7924721677723197,0.46512027491408936
550.6124850000083,1.7958772367222668,0.9999999999999999,550.7612570000041,2.638061504720967,0.7261168384879725
550.8569790000083,1.7494556095435172,0.9999999999999999,551.0092850000038,2.5533102281178928,0.8475945017182133
551.1066410000079,1.6552653470625882,0.9999999999999999,551.2601760000041,2.5200920497227584,0.8708762886597937
551.3545720000079,1.536173163559772,0.9999999999999999,551.5071760000035,2.504581082304366,0.8894329896907216
551.6021510000079,1.4131982373614482,0.9999999999999999,551.7764100000036,2.476210271487602,0.9095360824742267
551.8541350000077,1.3027520946756703,0.9999999999999999,551.9974730000033,2.4128733694866797,0.9667525773195876
552.1044300000073,1.2138233902381068,0.9999999999999999,552.2489110000032,2.3055655114619205,0.9999999999999999
552.3460440000069,1.1476095933921473,0.9999999999999999,552.4924410000035,2.1595648767293554,0.9999999999999999
552.6080480000071,1.0999715453473369,0.9999999999999999,552.7398400000031,1.9914903928088317,0.9999999999999999
552.8356290000072,1.064491456422918,0.9999999999999999,552.9929020000036,1.8219151981700255,0.9999999999999999
553.0850820000071,1.0338195947802011,0.9999999999999999,553.2379290000039,1.6658746900359556,0.9999999999999999
553.3363600000074,1.0018788157361016,0.9999999999999999,553.4839550000039,1.5291871951414924,0.9999999999999999
553.5794870000075,0.9685855121967819,0.9999999999999999,553.7358820000036,1.4110525585396092,0.9999999999999999
553.8298520000071,0.9416007721586217,0.9999999999999999,553.9839490000035,1.3099542795677996,0.9999999999999999
554.0727930000073,0.9302753800718179,0.9999999999999999,554.2273830000038,1.2264844626215023,0.9999999999999999
554.3253490000073,0.9400435544359891,0.9999999999999999,554.4808940000033,1.1633980383800206,0.9999999999999999
554.5693710000069,0.9710206420237371,0.9999999999999999,554.7227930000031,1.1232076520770875,0.9999999999999999
554.8146610000068,1.0174239483456726,0.9999999999999999,554.9794970000029,1.1044448179312614,0.9999999999999999
555.0681160000067,1.068272388107197,0.9999999999999999,555.2199930000032,1.0998792376154267,0.9999999999999999
555.316102000007,1.110502324796156,0.9999999999999999,555.4658610000031,1.103084003117863,0.9999999999999999
555.5696230000075,1.1331122013083887,0.9999999999999999,555.7210060000037,1.114104581066868,0.9999999999999999
555.807514000007,1.1320443070580732,0.9999999999999999,555.9654790000033,1.1384356348241604,0.9999999999999999
556.0600670000072,1.1139695606165283,0.9999999999999999,556.211060000003,1.1825819093992247,0.9999999999999999
556.3081530000067,1.0940215128323223,0.9999999999999999,556.4571890000029,1.2500238976258629,0.9999999999999999
556.5675170000068,1.088579952731259,0.9999999999999999,556.7071550000034,1.338506349427408,0.9999999999999999
556.804077000006,1.1088817369984192,0.9999999999999999,556.9514680000035,1.4403020221686542,0.9999999999999999
557.0405400000062,1.1590621606575824,0.9999999999999999,557.2046970000032,1.544902860579517,0.9999999999999999
557.2925870000058,1.2381628321074993,0.9999999999999999,557.4495340000032,1.6408376346727964,0.9999999999999999
557.543006000006,1.3438073006753097,0.9999999999999999,557.7030570000035,1.7183931574184308,0.9999999999999999
557.8009550000062,1.4746573350565875,0.9999999999999999,557.9430080000033,1.7750213616315613,0.9999999999999999
558.0341860000058,1.629167526969138,0.9999999999999999,558.1954070000035,1.8154427112429565,0.9999999999999999
558.2786030000058,1.8001808202185263,0.9999999999999999,558.4334910000033,1.8460726649709522,0.9999999999999999
558.5444540000051,1.964351574828663,0.9999999999999999,558.6929780000034,1.867679469895003,0.9999999999999999
558.7815770000051,2.0832235186221055,0.9999999999999999,558.9415830000034,1.87477673582879,0.9999999999999999
559.0315370000054,2.12454032808103,0.9999999999999999,559.1966360000033,1.8626120585778163,0.9999999999999999
559.2734360000052,2.0822264646140383,0.9999999999999999,559.4524350000031,1.831289353181141,0.9999999999999999
559.5294430000054,1.97461438193696,0.9999999999999999,559.6777430000029,1.7857378683289733,0.9999999999999999
559.7797660000055,1.8281767334847616,0.9999999999999999,559.9227260000026,1.732338556999973,0.9999999999999999
560.020248000005,1.667368633973796,0.9999999999999999,560.1691820000025,1.676115252168315,0.9999999999999999
560.270718000005,1.5111910202146883,0.9999999999999999,560.4210720000027,1.6219121453650407,0.9999999999999999
560.5087820000045,1.3729138257662536,0.9999999999999999,560.6691470000029,1.5731309140254779,0.9999999999999999
560.7587540000048,1.2622556486940915,0.9999999999999999,560.9141460000029,1.5310339343113861,0.9999999999999999
561.0153830000047,1.186895092048148,0.9999999999999999,561.162742000003,1.4943610297927628,0.9999999999999999
561.2551880000045,1.1496999467238573,0.9999999999999999,561.4102240000028,1.463021977926478,0.9999999999999999
561.5076390000039,1.146023430293113,0.9999999999999999,561.6577890000027,1.4479918828772163,0.9999999999999999
561.7556310000035,1.164523389378935,0.9999999999999999,561.9111510000025,1.4738336387188995,0.9999999999999999
561.996285000003,1.1900898033998506,0.9999999999999999,562.1537080000022,1.5812007702783237,0.9999999999999999
562.2507660000031,1.2079137443406824,0.9999999999999999,562.3978740000023,1.8141643179894582,0.9999999999999999
562.4955920000034,1.2084791878108532,0.9999999999999999,562.6593590000027,2.1944624002859,0.9999999999999999
562.7419560000034,1.1904547122491742,0.9999999999999999,562.8943300000032,2.686560248335815,0.6467353951890035
562.9984840000036,1.160330276541022,0.9999999999999999,563.1448270000035,3.1964614627754324,0.05876288659793818
563.2358110000037,1.1293189239088908,0.9999999999999999,563.3962070000041,3.613528340836451,0.0
563.4939060000039,1.1096985861116742,0.9999999999999999,563.6381470000041,3.861203984275887,0.0
563.7392210000036,1.1098774710356352,0.9999999999999999,563.8887520000042,3.915419658344287,0.0
563.9864070000034,1.1304401977018155,0.9999999999999999,564.1294960000041,3.795846210064338,0.0
564.2431990000031,1.162992033062761,0.9999999999999999,564.3859270000041,3.549134155458149,0.0
564.4748440000028,1.1950744658101755,0.9999999999999999,564.6275380000043,3.234028876383729,0.0425257731958763
564.7212570000029,1.2174809419574149,0.9999999999999999,564.8773640000046,2.909900388881359,0.29793814432989685
564.9693220000031,1.2276804954852647,0.9999999999999999,565.1244650000043,2.6258698603836983,0.7429553264604811
565.2218780000031,1.229201074531023,0.9999999999999999,565.3724640000045,2.41206235684896,0.9690721649484536
565.4646580000034,1.2276426031748846,0.9999999999999999,565.6222960000044,2.2780567772141658,0.9999999999999999
565.7246370000033,1.2255591253010643,0.9999999999999999,565.8796770000046,2.21019355775602,0.9999999999999999
565.9626720000041,1.2206674743300998,0.9999999999999999,566.1187730000047,2.177817841935487,0.9999999999999999
566.2202080000045,1.2088580929311437,0.9999999999999999,566.3723490000042,2.1419563557290924,0.9999999999999999
566.4606500000046,1.1880582226552499,0.9999999999999999,566.6138630000044,2.07231220924707,0.9999999999999999
566.7303060000047,1.159681217340271,0.9999999999999999,566.8615990000046,1.9633523442209868,0.9999999999999999
566.9551270000048,1.1303281627487418,0.9999999999999999,567.1274510000045,1.8344470198946874,0.9999999999999999
567.1961070000049,1.1135696150343697,0.9999999999999999,567.3528630000044,1.7151403721684235,0.9999999999999999
567.447682000005,1.1299067328182293,0.9999999999999999,567.6018540000047,1.629922989210573,0.9999999999999999
567.6966680000052,1.2004767002603887,0.9999999999999999,567.8518430000041,1.5879520315160822,0.9999999999999999
567.9421260000051,1.3341809467077188,0.9999999999999999,568.0968220000041,1.5827805755915731,0.9999999999999999
568.1916020000056,1.5165440907466965,0.9999999999999999,568.3450450000042,1.5950486038249045,0.9999999999999999
568.4487150000057,1.7102435595009509,0.9999999999999999,568.6009660000044,1.5995171173800078,0.9999999999999999
568.6861590000053,1.8714478548395364,0.9999999999999999,568.8399550000047,1.573999401607883,0.9999999999999999
568.9379340000055,1.9674717456677184,0.9999999999999999,569.0890380000054,1.5087805590382377,0.9999999999999999
569.1819000000053,1.9856922138766477,0.9999999999999999,569.3409430000048,1.4126008388106488,0.9999999999999999
569.4451190000055,1.9340151736374216,0.9999999999999999,569.5884840000047,1.3081918397905634,0.9999999999999999
569.6790420000056,1.83860567636603,0.9999999999999999,569.8307580000045,1.2211538895236196,0.9999999999999999
569.9278530000057,1.7341722602346132,0.9999999999999999,570.0767870000051,1.1725312182634502,0.9999999999999999
570.1753780000056,1.649207871317866,0.9999999999999999,570.3393410000052,1.1739959835562348,0.9999999999999999
570.4236590000058,1.5961626008790504,0.9999999999999999,570.5793610000052,1.2263479555283532,0.9999999999999999
570.6788250000059,1.5725039730267385,0.9999999999999999,570.8182030000054,1.3205723944158247,0.9999999999999999
570.9155620000059,1.5664577661828327,0.9999999999999999,571.0722690000052,1.4376451378012578,0.9999999999999999
571.1636060000061,1.5627527035400974,0.9999999999999999,571.3227200000051,1.5547702194554194,0.9999999999999999
571.4087320000062,1.547557000723253,0.9999999999999999,571.5732850000053,1.6542958383618311,0.9999999999999999
571.6597100000059,1.5129167557387422,0.9999999999999999,571.8128790000056,1.7279427425744185,0.9999999999999999
571.9201900000055,1.459812776200302,0.9999999999999999,572.0656580000053,1.7714475724762757,0.9999999999999999
572.1576230000054,1.3969051685626301,0.9999999999999999,572.3081650000051,1.7821842736197375,0.9999999999999999
572.4086020000055,1.335098526313953,0.9999999999999999,572.5576450000052,1.7630875225349156,0.9999999999999999
572.6516890000054,1.2827114500624541,0.9999999999999999,572.7987800000054,1.7243531115843906,0.9999999999999999
572.8952090000053,1.244015097261091,0.9999999999999999,573.0487340000055,1.6798471664291466,0.9999999999999999
573.1445030000058,1.2208746008345353,0.9999999999999999,573.3055690000053,1.6403426395576628,0.9999999999999999
573.3964380000059,1.2132235648803196,0.9999999999999999,573.5555170000055,1.6111513802196784,0.9999999999999999
573.6337920000058,1.2165158492250008,0.9999999999999999,573.7955100000058,1.593733606329017,0.9999999999999999
573.8853570000058,1.2201744683813072,0.9999999999999999,574.0371260000057,1.5878715991303614,0.9999999999999999
574.1418390000057,1.2099818817245267,0.9999999999999999,574.2895490000058,1.5936468107152677,0.9999999999999999
574.3949190000056,1.1800246624283515,0.9999999999999999,574.5350960000062,1.6105728440198073,0.9999999999999999
574.6282360000058,1.1355194377372848,0.9999999999999999,574.7811900000062,1.634259738191414,0.9999999999999999
574.8721160000057,1.088948556518147,0.9999999999999999,575.0321380000065,1.656981013543552,0.9999999999999999
575.1359730000056,1.0557393651354279,0.9999999999999999,575.2835520000069,1.66975944208371,0.9999999999999999
575.3767290000055,1.0491357450726533,0.9999999999999999,575.5290570000068,1.6646215452575701,0.9999999999999999
575.6320780000055,1.0762083867829455,0.9999999999999999,575.7765540000069,1.6382535723165301,0.9999999999999999
575.8639880000053,1.1330486910816955,0.9999999999999999,576.023669000007,1.5939241058235722,0.9999999999999999
576.1165390000058,1.2013178430872198,0.9999999999999999,576.2679640000075,1.537418292127507,0.9999999999999999
576.3618050000052,1.2539057211063949,0.9999999999999999,576.5210140000075,1.4727129333797935,0.9999999999999999
576.6123300000053,1.2677498322934557,0.9999999999999999,576.7695810000075,1.40204324769713,0.9999999999999999
576.8688870000053,1.236113322374279,0.9999999999999999,577.0119660000075,1.328882208478177,0.9999999999999999
577.1072870000056,1.1697086350627515,0.9999999999999999,577.2595400000077,1.2591853582364694,0.9999999999999999
577.3536560000059,1.0893368877245901,0.9999999999999999,577.5094480000074,1.2016520390430858,0.9999999999999999
577.6012980000065,1.018039450149371,0.9999999999999999,577.7568570000075,1.1654417706963969,0.9999999999999999
577.8504190000064,0.9740932069160663,0.9999999999999999,578.0121910000074,1.157334650977554,0.9999999999999999
578.0903890000062,0.9644030809882138,0.9999999999999999,578.2518240000073,1.178935356384968,0.9999999999999999
578.3470410000064,0.981581810787613,0.9999999999999999,578.4994040000075,1.2260602168620502,0.9999999999999999
578.5903580000062,1.0086508607952807,0.9999999999999999,578.7477630000071,1.2920722243493756,0.9999999999999999
578.8363220000061,1.0297132363188903,0.9999999999999999,578.9921410000077,1.3698518350403477,0.9999999999999999
579.0934520000061,1.0371290036131169,0.9999999999999999,579.2390030000079,1.4529441880645872,0.9999999999999999
579.3418030000059,1.0318043784069002,0.9999999999999999,579.5078750000082,1.535791910958694,0.9999999999999999
579.604678000005,1.0195662729186303,0.9999999999999999,579.7469860000083,1.6107850688655656,0.9999999999999999
579.8271970000046,1.009199756226721,0.9999999999999999,579.9889870000083,1.6691232539461196,0.9999999999999999
580.0777030000047,1.010283939408633,0.9999999999999999,580.2302630000081,1.705388401366673,0.9999999999999999
580.3252650000043,1.030940206619496,0.9999999999999999,580.4833410000084,1.727456417826402,0.9999999999999999
580.5714670000046,1.0757830556490877,0.9999999999999999,580.7293420000088,1.7615933804428399,0.9999999999999999
580.8209760000046,1.1452181712384206,0.9999999999999999,580.9733930000091,1.8462420988751422,0.9999999999999999
581.0724950000042,1.2346252062743646,0.9999999999999999,581.223417000009,2.0040979385605864,0.9999999999999999
581.3174320000041,1.3332448857148185,0.9999999999999999,581.4764480000093,2.209449301352561,0.9999999999999999
581.5717800000036,1.4261070900785655,0.9999999999999999,581.7228140000091,2.3970626925393788,0.983762886597938
581.8077790000038,1.4967984499793672,0.9999999999999999,581.9788670000091,2.510738073294564,0.884020618556701
582.0564740000037,1.5334782264300824,0.9999999999999999,582.2094570000093,2.5304652794229994,0.8631443298969071
582.304856000004,1.5338353000419345,0.9999999999999999,582.4818940000093,2.4668686523797962,0.9149484536082473
582.5552530000042,1.5058400603947524,0.9999999999999999,582.7069860000095,2.346907616818013,0.9999999999999999
582.809732000004,1.4629896925108583,0.9999999999999999,582.9524790000098,2.2006335670504797,0.9999999999999999
583.0482700000042,1.4177268488527408,0.9999999999999999,583.2093890000099,2.056389245097574,0.9999999999999999
583.2943030000044,1.3759891927201302,0.9999999999999999,583.45295900001,1.9320612979851886,0.9999999999999999
583.547296000004,1.3378166176592179,0.9999999999999999,583.69691100001,1.8316818499744925,0.9999999999999999
583.8027820000038,1.3015378148794474,0.9999999999999999,583.9469060000105,1.7435847982601769,0.9999999999999999
584.038238000004,1.2665185578106557,0.9999999999999999,584.2017390000105,1.6526926648300087,0.9999999999999999
584.2922290000043,1.2335895593644461,0.9999999999999999,584.4483660000104,1.5518684109449448,0.9999999999999999
584.5478320000042,1.2047898376903987,0.9999999999999999,584.6974060000102,1.4448564489516316,0.9999999999999999
584.7821450000035,1.183466910317072,0.9999999999999999,584.94379200001,1.3431616916692197,0.9999999999999999
585.0419740000035,1.1728661064580028,0.9999999999999999,585.1817770000098,1.2583117498699599,0.9999999999999999
585.2742180000037,1.1737966167693552,0.9999999999999999,585.44017500001,1.1962579213473874,0.9999999999999999
585.523431000004,1.1834773984882039,0.9999999999999999,585.6893470000099,1.1567258423130022,0.9999999999999999
585.770205000004,1.1970881554159856,0.9999999999999999,585.9265620000093,1.136107024912369,0.9999999999999999
586.0136990000036,1.2098509012593768,0.9999999999999999,586.1697350000088,1.1308020653635475,0.9999999999999999
586.2681980000035,1.2193027288086156,0.9999999999999999,586.422507000009,1.1397173739131954,0.9999999999999999
586.5100900000031,1.2271123544434397,0.9999999999999999,586.664943000009,1.1662474243373706,0.9999999999999999
586.7606850000034,1.2389995310809714,0.9999999999999999,586.9155750000086,1.215979527514384,0.9999999999999999
587.0140580000037,1.2590801790022552,0.9999999999999999,587.1646220000085,1.2912873667463052,0.9999999999999999
587.2711290000038,1.286641272153842,0.9999999999999999,587.4115780000087,1.3875372194954472,0.9999999999999999
587.5050910000037,1.3149256331462804,0.9999999999999999,587.6629820000092,1.4916623288566262,0.9999999999999999
587.7582080000041,1.3340708171157158,0.9999999999999999,587.9040690000086,1.5848512840136668,0.9999999999999999
588.0073360000038,1.3364732259334364,0.9999999999999999,588.1530840000087,1.6498585231387977,0.9999999999999999
588.2499360000031,1.3198909873484252,0.9999999999999999,588.4030690000086,1.6790730272464263,0.9999999999999999
588.4997290000033,1.2875752647306002,0.9999999999999999,588.6485490000083,1.6765814945875457,0.9999999999999999
588.7442360000035,1.2470562623288106,0.9999999999999999,588.8996790000087,1.6529671704537605,0.9999999999999999
588.9988540000037,1.2081775827287595,0.9999999999999999,589.1461280000084,1.6184309654078337,0.9999999999999999
589.2457200000035,1.1802711904581396,0.9999999999999999,589.3921270000087,1.5791594525492845,0.9999999999999999
589.4871110000033,1.1694009724648717,0.9999999999999999,589.6415750000086,1.5396588158603213,0.9999999999999999
589.7340140000038,1.1778669110857563,0.9999999999999999,589.8873270000087,1.5053407815335886,0.9999999999999999
589.9794680000033,1.2059320915085983,0.9999999999999999,590.1573280000085,1.4800551936580766,0.9999999999999999
590.237061000003,1.2525868301211436,0.9999999999999999,590.3816720000084,1.4635425066761028,0.9999999999999999
590.491383000003,1.315181002941677,0.9999999999999999,590.6288670000081,1.4510905799619533,0.9999999999999999
590.728004000003,1.3896997954988641,0.9999999999999999,590.8763230000085,1.4350799732811597,0.9999999999999999
590.9745520000031,1.4702689607451092,0.9999999999999999,591.1248660000086,1.4118500910748075,0.9999999999999999
591.2226030000029,1.5504612715110488,0.9999999999999999,591.3735450000083,1.3850008481856642,0.9999999999999999
591.4736430000031,1.6275908368970582,0.9999999999999999,591.6226610000086,1.3638451297988379,0.9999999999999999
591.7120130000033,1.7021151201386524,0.9999999999999999,591.8739450000087,1.3606621148393916,0.9999999999999999
591.9644330000036,1.7708375672386503,0.9999999999999999,592.1212940000087,1.3867081698428754,0.9999999999999999
592.207490000004,1.8259816146307428,0.9999999999999999,592.3705090000087,1.446275581019267,0.9999999999999999
592.4620290000034,1.8643431378147763,0.9999999999999999,592.6100810000082,1.5294437855312617,0.9999999999999999
592.7076740000032,1.8949294080655914,0.9999999999999999,592.8644370000078,1.6103291971422085,0.9999999999999999
592.9485610000028,1.9251505835253675,0.9999999999999999,593.1093380000077,1.6604716045825185,0.9999999999999999
593.2034200000027,1.9245773610328851,0.9999999999999999,593.3667520000076,1.667803750721693,0.9999999999999999
593.4445040000029,1.859571958372953,0.9999999999999999,593.6009740000073,1.639803102921641,0.9999999999999999
593.7088390000029,1.7401982364347175,0.9999999999999999,593.8547870000074,1.5929136249314024,0.9999999999999999
593.9591220000025,1.5939077207963852,0.9999999999999999,594.0973440000071,1.5428118243750613,0.9999999999999999
594.1911670000029,1.4422667208951316,0.9999999999999999,594.3459160000068,1.5000072495285544,0.9999999999999999
594.4390740000023,1.2981258309952428,0.9999999999999999,594.5899930000068,1.467378955125639,0.9999999999999999
594.6921010000024,1.1686656303612346,0.9999999999999999,594.8459060000067,1.4404902494603664,0.9999999999999999
594.9472340000024,1.058459551002117,0.9999999999999999,595.087290000007,1.413058440949022,0.9999999999999999
595.196100000002,0.9714968937163033,0.9999999999999999,595.3327920000067,1.3825702009496437,0.9999999999999999
595.4262320000024,0.9122885195560784,0.9999999999999999,595.5897000000065,1.3520049858481151,0.9999999999999999
595.7502650000026,0.888317966394696,0.9999999999999999,595.8304110000064,1.3304469125132208,0.9999999999999999
595.9887720000024,0.9078362337566329,0.9999999999999999,596.0754110000065,1.3278956868478298,0.9999999999999999
596.1863290000024,0.9682083445381184,0.9999999999999999,596.3287270000069,1.3485804266688635,0.9999999999999999
596.4273290000023,1.0513962334332463,0.9999999999999999,596.5767380000071,1.386631768919876,0.9999999999999999
596.6773250000019,1.1385786486698355,0.9999999999999999,596.8222920000071,1.426309508032891,0.9999999999999999
596.9308800000018,1.2157193395185804,0.9999999999999999,597.069165000007,1.4473574903832485,0.9999999999999999
597.1600780000022,1.270552260342926,0.9999999999999999,597.3273760000068,1.4358038785314695,0.9999999999999999
597.4266310000025,1.295901351874718,0.9999999999999999,597.568758000007,1.3889689778398902,0.9999999999999999
597.7006330000024,1.2918721525832801,0.9999999999999999,597.830941000007,1.3133664855398781,0.9999999999999999
597.9120870000024,1.2666470411967767,0.9999999999999999,,,
598.1639900000022,1.236616601930235,0.9999999999999999,,,
598.3980330000019,1.220731848512987,0.9999999999999999,,,
598.6473350000018,1.231686596312214,0.9999999999999999,,,
598.8979440000016,1.2686415365533898,0.9999999999999999,,,
599.1444560000019,1.3210908845307796,0.9999999999999999,,,
599.3893140000018,1.3804175542243047,0.9999999999999999,,,
599.657762000002,1.4423504202429858,0.9999999999999999,,,
599.8832270000021,1.502149571841291,0.9999999999999999,,,
600.1351160000022,1.5518552071223195,0.9999999999999999,,,
600.3912980000024,1.5813530618014326,0.9999999999999999,,,
600.6256010000023,1.5811851609000036,0.9999999999999999,,,
600.8796040000024,1.5502782723725805,0.9999999999999999,,,
601.1305470000021,1.4989635418688678,0.9999999999999999,,,
601.390521000002,1.4424510388898306,0.9999999999999999,,,
601.6185570000022,1.3955224874008896,0.9999999999999999,,,
