condition 1 time (s),condition 1 tbr,condition 1 nai,condition 2 time (s),condition 2 tbr,condition 2 nai
4.350121,19.074926633271584,0.0,4.389659000000007,20.45440358125976,0.0
4.590081999999999,20.199959956556977,0.0,4.661134000000008,19.590324847121387,0.0
4.838086000000001,18.126305834161556,0.0,4.917104000000008,17.85391558818736,0.0
5.085648,15.269699158788605,0.0,5.198532000000006,15.876263455607283,0.0
5.345117999999999,12.57063888839452,0.0,5.442200000000009,13.868470468276215,0.0
5.583820999999996,10.333830712110549,0.0,5.645154000000007,11.988390540121317,0.0
5.823771000000002,8.606016089138993,0.0,5.858600000000008,10.383885313566791,0.0
6.086803000000003,7.330947697737256,0.0,6.079515000000007,9.18074350512478,0.0
6.319521000000006,6.4320182176529945,0.0,6.338956000000008,8.394581124914193,0.0
6.5858010000000045,5.832448079434146,0.0,6.612321000000006,7.909424645415437,0.0
6.820245000000005,5.459905429931526,0.0,6.844373000000007,7.639241903302921,0.0
7.060726000000005,5.2497857366418055,0.0,7.099666000000008,7.474740305462387,0.0
7.307787000000006,5.128514313136262,0.0,7.366908000000011,7.354354924263794,0.0
7.57216000000001,5.0159765983647855,0.0,7.6291850000000165,7.252008047880811,0.0
7.823562000000011,4.873560857626519,0.0,7.8741730000000185,7.149402622122767,0.0
8.04596900000001,4.702075682822835,0.0,8.117039000000018,7.016791584471514,0.0
8.301447000000008,4.495813314924566,0.0,8.318607000000016,6.793472118795785,0.0
8.546465000000003,4.251923924490933,0.0,8.572684000000017,6.458593473842219,0.0
8.79331900000001,3.9767218357435596,0.0,8.81112500000002,6.047728985382437,0.0
9.044448000000013,3.6840118378611644,0.0,9.046317000000027,5.6120124055134,0.0
9.288892000000022,3.3747911779813364,0.0,9.297077000000025,5.192542648471548,0.0
9.531222000000023,3.0567261516267803,0.0,9.54812900000003,4.817400991123782,0.0
9.783612000000023,2.7486703597001063,0.0,9.799616000000034,4.4973221989672165,0.0
10.029057000000023,2.468455240093639,0.0,10.042155000000033,4.222830574786048,0.0
10.281603000000027,2.225281842575982,0.0,10.284783000000035,3.9718714514676927,0.0
10.524059000000015,2.0212911192885166,0.0,10.532255000000038,3.7252898602908964,0.0
10.774688000000024,1.853285800302855,0.0,10.782585000000038,3.4739687127895302,0.0
11.031476000000024,1.7143388401963908,0.0,11.05450800000004,3.221345312946179,0.0
11.267573000000032,1.5966448717950628,0.0,11.292044000000045,2.979465025758001,0.0
11.518897000000042,1.4933426524479594,0.0302481902792141,11.532143000000051,2.7604518221954883,0.0
11.768383000000044,1.3998270721708672,0.16037573250603232,11.768482000000047,2.57275681257208,0.0
12.021401000000047,1.3142376351524887,0.3522061358152362,12.015348000000047,2.419189099161769,0.0
12.260787000000049,1.238119588504058,0.5319717338848673,12.274375000000052,2.295136860087245,0.0
12.504719000000055,1.1727871493101831,0.6876077214753533,12.51545900000005,2.1908648925384595,0.0
12.752545000000053,1.1157560652144156,0.8118752154429507,12.784755000000052,2.0942847872756127,0.0
13.012490000000057,1.062349314525387,0.8937435367114788,13.059628000000055,1.9963964464506643,0.0
13.250528000000058,1.0122960501114844,0.9573422957600827,13.321480000000053,1.8968845677969406,0.0
13.500033000000064,0.9718003319725133,0.9999999999999999,13.570017000000053,1.8060256814649343,0.0
13.740963000000063,0.9492120471620931,0.9999999999999999,13.769932000000061,1.7408313990741782,0.0
13.988840000000065,0.9499988363586412,0.9999999999999999,14.007916000000074,1.7145652584892401,0.0
14.24211000000007,0.9733135751210727,0.9999999999999999,14.28427300000007,1.7284598411376237,0.0
14.49310500000007,1.012679360693618,0.9565667011375387,14.563795000000074,1.7708372228194358,0.0
14.73259300000007,1.0609714474868395,0.8952947259565667,14.776637000000083,1.8243317244873327,0.0
14.984521000000075,1.1110396990213132,0.817907618062737,15.013710000000087,1.8698574689391203,0.0
15.237358000000073,1.156331868402588,0.7213891761461566,15.235214000000086,1.890975433483765,0.0
15.504810000000077,1.1896327884501723,0.6405549810410203,15.485692000000093,1.8750947084347667,0.0
15.725247000000081,1.209112363255464,0.5971216821785591,15.734917000000095,1.8193800333458856,0.0
15.967671000000081,1.221653953190767,0.568166149603585,15.981837000000098,1.7324678752724976,0.0
16.22555600000008,1.2377882489583654,0.5319717338848673,16.276815000000106,1.6295903636071423,0.0
16.467089000000062,1.2640302437465882,0.4728541882109617,16.4808820000001,1.5271067674632495,0.0
16.715569000000052,1.2996147995579637,0.38960703205791103,16.757270000000087,1.4383185648253347,0.1039296794208893
16.955061000000036,1.3352166281665965,0.3087728369527749,17.026587000000085,1.3697338175190896,0.2182867976559807
17.21504900000002,1.3578190378881823,0.2496552912788694,17.22689200000009,1.3188858163962438,0.34496725267149264
17.455031,1.3575044414471304,0.25086177180282665,17.477314000000078,1.2765792903407855,0.44993105825577395
17.703838999999988,1.3342240735302089,0.30997931747673213,17.715164000000073,1.2318796827155272,0.5452430196483972
17.961379999999973,1.2987022313281427,0.3920199931058256,17.993016000000065,1.1771251026233018,0.6731299551878662
18.197372999999956,1.266252053498337,0.46561530506721815,18.233454000000062,1.1108021034907625,0.817907618062737
18.452064999999955,1.2525743232135909,0.5006032402619787,18.45730700000006,1.0386654018569255,0.9247673216132367
18.69348499999994,1.2667461310489276,0.4632023440193036,18.76336100000005,0.9709615253342241,0.9999999999999999
18.95105599999993,1.3045257397821013,0.37030334367459494,18.99782300000002,0.9189286272024336,0.9999999999999999
19.184533999999918,1.34813286645393,0.27740434332988617,19.195883000000013,0.8901240642787057,0.9999999999999999
19.434509999999896,1.3782665748587184,0.19898310927266458,19.480226000000002,0.8853961366591272,0.9999999999999999
19.689485999999878,1.3859460030322963,0.17967942088934843,19.743789999999983,0.8996226256318649,0.9999999999999999
19.92484599999989,1.3752582652286693,0.2098414339882799,20.028386999999967,0.9246493221559966,0.9999999999999999
20.183446999999894,1.3562073262313334,0.25086177180282665,20.257825999999962,0.9536684519343273,0.9999999999999999
20.424818999999882,1.3328712602218373,0.3111857980006894,20.500752999999943,1.0040274368308972,0.9682006204756979
20.674316999999874,1.3030758079214917,0.3763357462943812,20.74974099999994,1.1481120568458492,0.7443123061013446
20.91915899999986,1.2637564568336066,0.4728541882109617,20.95566799999992,1.4534563681409245,0.07755946225439504
21.168342999999854,1.2140321150505158,0.5838503964150293,21.175283999999916,1.9044839179838386,0.0
21.419810999999836,1.1543965350043932,0.7225956566701138,21.418421999999904,2.428847665642921,0.0
21.666171999999822,1.0863198642740708,0.8596173733195449,21.680982999999895,2.9494890876352033,0.0
21.930249999999795,1.0128057914380086,0.9565667011375387,21.93030199999988,3.4044012312259104,0.0
22.15664899999978,0.9374888026125725,0.9999999999999999,22.175491999999874,3.749867767057328,0.0
22.40002799999977,0.8643936462994265,0.9999999999999999,22.418663999999858,3.9512349946105374,0.0
22.647564999999762,0.7969614750591469,0.9999999999999999,22.688157999999845,3.9804658389927674,0.0
22.909407999999747,0.7388643978816244,0.9999999999999999,22.91156899999984,3.822322664417005,0.0
23.165300999999715,0.6953746809258969,0.9999999999999999,23.16000299999982,3.5009733414781223,0.0
23.392271999999704,0.674042722320777,0.9999999999999999,23.429954999999815,3.102951884294453,0.0
23.654784999999688,0.6790503115949188,0.9999999999999999,23.653131999999797,2.73488451212181,0.0
23.88812899999967,0.7062130897827628,0.9999999999999999,23.911071999999805,2.4552383106766174,0.0
24.138134999999668,0.7443739947189922,0.9999999999999999,24.15592899999979,2.2727384762717,0.0
24.39134499999965,0.780474637128992,0.9999999999999999,24.39338899999979,2.1841914766272987,0.0
24.630800999999632,0.8036731870694828,0.9999999999999999,24.639689999999774,2.176729811717312,0.0
24.87165699999963,0.8081379361679771,0.9999999999999999,24.89480299999976,2.221918818387211,0.0
25.129674999999594,0.7945241912767872,0.9999999999999999,25.185620999999745,2.277354316737713,0.0
25.376753999999575,0.768622171429789,0.9999999999999999,25.43559699999974,2.300383813433003,0.0
25.62546399999956,0.7384710441039907,0.9999999999999999,25.636201999999738,2.26219041619266,0.0
25.86911499999956,0.7104170282553472,0.9999999999999999,25.88288399999973,2.1571860770846714,0.0
26.120589999999556,0.6891752689580776,0.9999999999999999,26.119912999999716,2.0048094585629346,0.0
26.376508999999533,0.6776066428538694,0.9999999999999999,26.390410999999713,1.833831580858017,0.0
26.618028999999527,0.6766389114417204,0.9999999999999999,26.62194499999971,1.667844480262565,0.0
26.85651499999951,0.6847131890671792,0.9999999999999999,26.885848999999688,1.5190877096276008,0.0
27.098564999999518,0.699366452542709,0.9999999999999999,27.14059399999968,1.3888589805368061,0.17605997931747666
27.3495109999995,0.7191091640481183,0.9999999999999999,27.408489999999674,1.2731042710960108,0.45475698035160284
27.59386699999948,0.7432938806227039,0.9999999999999999,27.610518999999666,1.1682367729265597,0.6900206825232679
27.877835999999473,0.7712990799109434,0.9999999999999999,27.85244099999965,1.0720429385748755,0.8759048603929679
28.09780399999949,0.8019213189836897,0.9999999999999999,28.123844999999637,0.983974720030558,0.9930196483971043
28.348136999999475,0.8342059606016483,0.9999999999999999,28.36299499999962,0.9056744346511484,0.9999999999999999
28.590860999999467,0.8678554997855855,0.9999999999999999,28.594707999999603,0.8415209307010612,0.9999999999999999
28.83576099999945,0.9036378816697125,0.9999999999999999,28.84306999999961,0.7961137656894053,0.9999999999999999
29.076710999999452,0.9444788772331774,0.9999999999999999,29.111102999999602,0.7722958308577914,0.9999999999999999
29.328106999999434,0.9940046232123362,0.982161323681489,29.33616399999959,0.7687007472677049,0.9999999999999999
29.57857299999942,1.0538733340347322,0.9014994829369183,29.60155599999958,0.7769574654272104,0.9999999999999999
29.823606999999395,1.1226706843430947,0.7973974491554636,29.833496999999582,0.7854600202487294,0.9999999999999999
30.069568999999376,1.1953421121226602,0.6284901758014477,30.089293999999576,0.7873096200154683,0.9999999999999999
30.32147799999937,1.2627574368371346,0.47526714925887625,30.348746999999562,0.7837009345727428,0.9999999999999999
30.566025999999358,1.311897592853769,0.35823853843502235,30.571132999999552,0.7803878900023264,0.9999999999999999
30.832857999999337,1.33241115245667,0.3111857980006894,30.82677299999955,0.7844459302014776,0.9999999999999999
31.05783399999932,1.3228737637249277,0.3365218890037918,31.072731999999533,0.8000484293071695,0.9999999999999999
31.321192999999308,1.2875457147323135,0.42097552568079977,31.315961999999523,0.8258518743074128,0.9999999999999999
31.555168999999296,1.231842802025694,0.5452430196483972,31.57154299999951,0.8546725338069568,0.9999999999999999
31.810295999999298,1.1623764144374324,0.7032919682867977,31.8130079999995,0.8797311459323063,0.9999999999999999
32.05369499999928,1.0896418372882775,0.8557394002068252,32.062512999999505,0.9009470168062057,0.9999999999999999
32.30112199999927,1.0258492189076671,0.9395036194415718,32.30549899999951,0.9279902475402585,0.9999999999999999
32.55468299999926,0.9815714281558965,0.9953464322647362,32.5599529999995,0.9736045628302273,0.9999999999999999
32.80367199999925,0.9628765790064742,0.9999999999999999,32.8268459999995,1.0455165812571208,0.9154601861427093
33.03907299999924,0.9688712362151894,0.9999999999999999,33.05030399999949,1.1424480950831704,0.7539641502930026
33.28547099999922,0.9908867709784731,0.9868148914167527,33.29672699999949,1.2502919508533636,0.5042226818338504
33.53334299999921,1.0153482459961405,0.9511375387797311,33.5472869999995,1.344400451354572,0.285849706997587
33.7868949999992,1.0302651259505151,0.9340744570837641,33.78916199999953,1.3983524173236979,0.16158221302998957
34.043298999999195,1.0300885356016187,0.9340744570837641,34.06320299999952,1.398103784783979,0.16158221302998957
34.28249299999921,1.018229917302128,0.9495863495346432,34.292853999999544,1.3479452790149045,0.27740434332988617
34.52947499999918,1.0056118928583035,0.9682006204756979,34.53165799999952,1.2682104967045817,0.45958290244743183
34.7713459999992,1.00180563541598,0.9705274043433297,34.78470599999954,1.1837798221125633,0.6550327473285074
35.01944599999922,1.0104152961402435,0.9619958634953464,35.04021799999954,1.1125561802906958,0.8154946570148225
35.2632619999992,1.028723122402858,0.936401240951396,35.28874099999956,1.0864941470913472,0.8596173733195449
35.510822999999185,1.0508996844263123,0.9077042399172699,35.528114999999566,1.118906929504302,0.8046363322992072
35.76300999999923,1.0734976199577217,0.8720268872802481,35.7836799999996,1.1681611386572266,0.6900206825232679
36.01898099999923,1.095956671285876,0.8510858324715614,36.033474999999626,1.2172314917002898,0.5790244743192002
36.26156899999923,1.1194174134104367,0.80342985177525,36.26000399999961,1.2614247818018105,0.48009307135470525
36.50841499999922,1.144589123041295,0.7527576697690453,36.51830399999962,1.2985080325935163,0.3920199931058256
36.751975999999225,1.173460217671258,0.6864012409513961,36.758274999999614,1.3260874202942678,0.328076525336091
37.002498999999226,1.2066206587347428,0.5983281627025164,37.01209899999963,1.3416747031033727,0.29188210961737326
37.24668699999922,1.2414703745901081,0.5247328507411237,37.27057999999962,1.3449754303358108,0.2834367459496725
37.49265799999924,1.271821424452508,0.45475698035160284,37.5042769999996,1.3387484955496582,0.2991209927611168
37.754228999999235,1.2896779533343672,0.417356084108928,37.74858099999957,1.3273134408161742,0.3256635642881765
37.99311999999921,1.288934056707649,0.4185625646328852,37.997606999999554,1.3134057949795694,0.3534126163391934
38.23464899999919,1.2703675977769948,0.45596346087556006,38.27354499999957,1.291352462057779,0.41011720096518445
38.52014599999917,1.2402208715865668,0.5271458117890383,38.50570899999956,1.2297745593684388,0.5476559806963117
38.73922499999919,1.2064993696854587,0.5995346432264737,38.755104999999546,1.1071166795468466,0.8311789038262668
38.978543999999204,1.1758796786017143,0.6803688383316098,38.99370699999955,0.9934875551764751,0.982936918304033
39.23560399999918,1.1514580733243331,0.7298345398138574,39.23695499999958,0.9003122083071908,0.9999999999999999
39.47297599999917,1.1331680243475646,0.7793002412961048,39.49098099999961,0.8251140117238083,0.9999999999999999
39.74616099999916,1.1164611288990764,0.8094622543950362,39.7269159999996,0.7655969017937424,0.9999999999999999
39.981042999999175,1.0935762646435194,0.8518614270941054,39.98161099999958,0.7198815205543736,0.9999999999999999
40.21234999999918,1.059543542061711,0.8960703205791106,40.23158599999958,0.6867190581372999,0.9999999999999999
40.480868999999174,1.016373078040083,0.9503619441571871,40.473157999999586,0.665407262646488,0.9999999999999999
40.71439199999921,0.9720934781971697,0.9999999999999999,40.71956399999959,0.6561207235344717,0.9999999999999999
40.966303999999205,0.9365276783445989,0.9999999999999999,40.963904999999606,0.6604278662872693,0.9999999999999999
41.21436299999919,0.9168749763765901,0.9999999999999999,41.218098999999626,0.6797641712570409,0.9999999999999999
41.46237199999917,0.9150839074546703,0.9999999999999999,41.468057999999644,0.7135198232797348,0.9999999999999999
41.71880499999917,0.9278576856531201,0.9999999999999999,41.75126299999964,0.7575014687464365,0.9999999999999999
41.95249899999916,0.9478368989062916,0.9999999999999999,41.958232999999666,0.8066867022256693,0.9999999999999999
42.20437899999914,0.9663197891794599,0.9999999999999999,42.20613799999965,0.8577675922723841,0.9999999999999999
42.44393799999914,0.9758813901298696,0.9999999999999999,42.46057899999967,0.908929483033304,0.9999999999999999
42.692763999999144,0.9742854978878702,0.9999999999999999,42.70359699999966,0.9597803469606587,0.9999999999999999
42.93605699999914,0.9631865620669408,0.9999999999999999,42.952388999999656,1.009795565373706,0.9635470527404343
43.18295199999913,0.9465476438495198,0.9999999999999999,43.20120899999965,1.0552717446100663,0.8999482936918304
43.42957799999912,0.9344351255363696,0.9999999999999999,43.45119499999964,1.087308936354571,0.8596173733195449
43.68553399999914,0.9408759776921702,0.9999999999999999,43.690526999999655,1.0967328733233028,0.8510858324715614
43.930328999999155,0.97698756896229,0.9999999999999999,43.95116299999965,1.0814332567220621,0.8603929679420889
44.176940999999175,1.0437547905509181,0.9170113753877972,44.18865099999966,1.046678669819081,0.9139089968976214
44.41835999999916,1.1346385734294646,0.775680799724233,44.429531999999675,1.0009913069923833,0.9705274043433297
44.670043999999145,1.2419558958421577,0.5235263702171665,44.68274499999967,0.9536136200390313,0.9999999999999999
44.91835499999913,1.358693973844467,0.24603584970699763,44.95035499999967,0.9092494409210198,0.9999999999999999
45.1777959999991,1.4761929111126082,0.0496380558428128,45.17968699999969,0.8669512025820385,0.9999999999999999
45.409920999999095,1.5813838169947005,0.0,45.43275799999967,0.8237326673427332,0.9999999999999999
45.65914099999911,1.65496685408789,0.0,45.68862799999965,0.7789003871246531,0.9999999999999999
45.91361299999911,1.6759229001862752,0.0,45.92886599999964,0.7353369968708933,0.9999999999999999
46.17663699999911,1.6345491844731261,0.0,46.16678699999964,0.6975337728327458,0.9999999999999999
46.40353099999912,1.5428897835950208,0.0,46.42642899999964,0.6695053624247946,0.9999999999999999
46.64951999999911,1.4268150880286337,0.11789038262668043,46.666731999999634,0.652668931983913,0.9999999999999999
46.8975649999991,1.3121449177403706,0.35703205791106507,46.909835999999636,0.645505100410773,0.9999999999999999
47.14679199999911,1.2165883446506796,0.5802309548431576,47.16334099999967,0.6424957434427871,0.9999999999999999
47.39778399999909,1.147338998113052,0.7479317476732164,47.40310099999966,0.6364286795806723,0.9999999999999999
47.648374999999064,1.1007975965122692,0.8456566701137539,47.64818599999967,0.6225713458357203,0.9999999999999999
47.89221799999909,1.0686890860471188,0.8790072388831437,47.90512799999965,0.6019488897952783,0.9999999999999999
48.1351209999991,1.0442822992455385,0.9162357807652532,48.16263699999963,0.5794705745542399,0.9999999999999999
48.38613299999913,1.024119307259264,0.9410548086866597,48.39551099999966,0.5605873948413765,0.9999999999999999
48.63264399999911,1.0081011069357577,0.9658738366080661,48.641185999999664,0.5485070087974153,0.9999999999999999
48.883710999999124,0.996799215465011,0.9767321613236813,48.890769999999655,0.5424544586880997,0.9999999999999999
49.12260199999915,0.9896981435395167,0.9883660806618406,49.13569499999964,0.5390002438241248,0.9999999999999999
49.38748699999913,0.9860560111923975,0.9906928645294725,49.41875599999965,0.5356737737314349,0.9999999999999999
49.625482999999114,0.9848397260054641,0.9906928645294725,49.750635999999645,0.5337800086051672,0.9999999999999999
49.869726999999116,0.984642776741373,0.9906928645294725,49.990591999999644,0.5369416019379912,0.9999999999999999
50.11470699999909,0.9841711271575672,0.9930196483971043,50.221609999999636,0.5486326298807377,0.9999999999999999
50.35932799999911,0.9822085906783208,0.9945708376421922,50.396254999999634,0.5700999838072435,0.9999999999999999
50.61534999999913,0.9769890030981498,0.9999999999999999,50.640284999999636,0.5995141272157408,0.9999999999999999
50.85822299999914,0.966259039652619,0.9999999999999999,50.89489399999962,0.631222577013653,0.9999999999999999
51.10461999999915,0.9490595260731098,0.9999999999999999,51.142833999999624,0.657423792896515,0.9999999999999999
51.35463799999916,0.9277208322211281,0.9999999999999999,51.41190099999963,0.6709311838450949,0.9999999999999999
51.608550999999174,0.9073020540026399,0.9999999999999999,51.63684099999962,0.6698722295504381,0.9999999999999999
51.847310999999195,0.8908396904769484,0.9999999999999999,51.86225499999962,0.6589332453061717,0.9999999999999999
52.097300999999185,0.8774095521640481,0.9999999999999999,52.14826799999965,0.6476205343067027,0.9999999999999999
52.35837299999916,0.8630177606271231,0.9999999999999999,52.362699999999684,0.6431693276438379,0.9999999999999999
52.6022069999992,0.843114527322766,0.9999999999999999,52.63317599999969,0.6475087135196158,0.9999999999999999
52.84018699999919,0.8169561805087014,0.9999999999999999,52.854578999999674,0.657769371786131,0.9999999999999999
53.0925029999992,0.7896683422785332,0.9999999999999999,53.10058099999968,0.6692924548636308,0.9999999999999999
53.33390599999918,0.7691909576497632,0.9999999999999999,53.347472999999646,0.6792281182331089,0.9999999999999999
53.592440999999184,0.7616755628594982,0.9999999999999999,53.59984199999965,0.687304747402625,0.9999999999999999
53.82344299999916,0.7694226725534911,0.9999999999999999,53.848427999999636,0.6953838119285654,0.9999999999999999
54.07685799999913,0.7914976323056686,0.9999999999999999,54.11584299999966,0.7066606966689437,0.9999999999999999
54.32358799999911,0.825492035494874,0.9999999999999999,54.34332899999965,0.724501545045594,0.9999999999999999
54.57525499999912,0.8704175336724944,0.9999999999999999,54.62468999999965,0.7515968522803027,0.9999999999999999
54.815705999999096,0.9239416834768959,0.9999999999999999,54.827739999999665,0.7887988875069594,0.9999999999999999
55.06952599999911,0.9814424235947115,0.9953464322647362,55.081310999999666,0.8325532806695124,0.9999999999999999
55.31196099999909,1.0372231622890138,0.9278697001034125,55.32805599999967,0.8725167665481065,0.9999999999999999
55.56114999999912,1.0858337592136298,0.8596173733195449,55.57676799999969,0.8965143377174296,0.9999999999999999
55.814614999999094,1.1227285828526212,0.7973974491554636,55.84415699999968,0.8993988735815144,0.9999999999999999
56.0614179999991,1.1461773783891582,0.7479317476732164,56.08153399999971,0.8839180015125905,0.9999999999999999
56.29944399999911,1.1581351886744922,0.7165632540503275,56.318474999999715,0.8565233264271614,0.9999999999999999
56.55797699999914,1.165745781827192,0.6984660461909686,56.57535699999975,0.8242430407790963,0.9999999999999999
56.797925999999165,1.1781001227737313,0.6695105136159945,56.822916999999755,0.7926294354476866,0.9999999999999999
57.069782999999184,1.2005806905804235,0.6128059289900035,57.09169799999975,0.7648388679378169,0.9999999999999999
57.303311999999195,1.2321590097032513,0.5440365391244399,57.306563999999725,0.7431681948656109,0.9999999999999999
57.5396199999992,1.2667944545897383,0.4632023440193036,57.55796799999973,0.7302671398324819,0.9999999999999999
57.784239999999166,1.2955496142393343,0.4028783178214409,57.80240699999974,0.7278294094723787,0.9999999999999999
58.050568999999186,1.3098324436904347,0.3594450189589796,58.04725699999975,0.7355850587256786,0.9999999999999999
58.2862469999992,1.3045273294930297,0.37030334367459494,58.299349999999755,0.7482285378147523,0.9999999999999999
58.5376739999992,1.278370760086458,0.4463116166839022,58.54744999999977,0.7555917844638619,0.9999999999999999
58.78143999999923,1.2332669517017028,0.5404170975525682,58.79726499999977,0.7488561263880033,0.9999999999999999
59.0338409999992,1.1719123230520365,0.6888142019993106,59.05152699999978,0.7284797643093079,0.9999999999999999
59.27432399999918,1.0981530187828823,0.8492761116856257,59.288559999999784,0.7018007068013494,0.9999999999999999
59.5243239999992,1.017362563860296,0.9503619441571871,59.54406399999979,0.6771854751789586,0.9999999999999999
59.772368999999216,0.9363363725050539,0.9999999999999999,59.78698099999981,0.6623842345821814,0.9999999999999999
60.0217079999992,0.8622451959058656,0.9999999999999999,60.03143999999985,0.6635103642945723,0.9999999999999999
60.268440999999186,0.8027764132811386,0.9999999999999999,60.28667099999983,0.6838747113500565,0.9999999999999999
60.51410899999921,0.7658952554662612,0.9999999999999999,60.56297199999984,0.7232220619263613,0.9999999999999999
60.7615629999992,0.7583545329900655,0.9999999999999999,60.77650599999982,0.776120281831389,0.9999999999999999
61.00423299999925,0.784250814566221,0.9999999999999999,61.03388499999982,0.8296402665495263,0.9999999999999999
61.25674399999926,0.8410981102347608,0.9999999999999999,61.26785599999982,0.8689498622778428,0.9999999999999999
61.524189999999244,0.9166061148631414,0.9999999999999999,61.514485999999835,0.8847438529872643,0.9999999999999999
61.751540999999236,0.9930718976920032,0.9837125129265769,61.75930399999984,0.8750133814736352,0.9999999999999999
62.00249399999927,1.0556681123093317,0.8999482936918304,62.00080799999984,0.8434816721044145,0.9999999999999999
62.25487899999925,1.0953898065295853,0.8510858324715614,62.25625199999984,0.7974168609308028,0.9999999999999999
62.49806199999929,1.1090813611837431,0.8251465012064806,62.51168799999987,0.7458640978470659,0.9999999999999999
62.74103999999929,1.0981190058825803,0.8492761116856257,62.75519999999987,0.697573272111551,0.9999999999999999
63.00094799999931,1.0679765391906837,0.8790072388831437,62.99516699999987,0.6593304885983315,0.9999999999999999
63.23449099999933,1.0281501645316742,0.936401240951396,63.23981399999987,0.6340962849412325,0.9999999999999999
63.49130199999934,0.9907181646016092,0.9875904860392967,63.50623599999985,0.6210601187414544,0.9999999999999999
63.7252269999993,0.9667899481086263,0.9999999999999999,63.73569699999987,0.6179233434946402,0.9999999999999999
63.97995499999928,0.9627019151518669,0.9999999999999999,63.990696999999855,0.6240217472938155,0.9999999999999999
64.22303599999931,0.9773519045797269,0.9999999999999999,64.23114099999984,0.6402705634740493,0.9999999999999999
64.48509299999931,1.0027955829485071,0.9689762150982418,64.48230799999985,0.6681105366395617,0.9999999999999999
64.7445039999993,1.0285919257535727,0.936401240951396,64.72974599999984,0.7077264990405392,0.9999999999999999
64.96290199999927,1.0475047436085612,0.9115822130299895,64.97877999999983,0.7560129440039767,0.9999999999999999
65.21255899999927,1.0603246201687928,0.8952947259565667,65.22309499999984,0.8061834573867905,0.9999999999999999
65.46060099999929,1.0766725570617455,0.8689245087900723,65.47703999999986,0.8498483624929012,0.9999999999999999
65.71113999999932,1.1090681261679967,0.8251465012064806,65.71965399999986,0.880932067254452,0.9999999999999999
65.95303699999936,1.1634170308151575,0.7032919682867977,65.97546299999988,0.8978135771076765,0.9999999999999999
66.2000859999994,1.2320669668208137,0.5440365391244399,66.2104439999999,0.9028287135063962,0.9999999999999999
66.44849299999936,1.2960759739730103,0.39925887624956913,66.46443899999991,0.9003930198508097,0.9999999999999999
66.70248599999935,1.334885349492555,0.3087728369527749,66.71284399999989,0.8948547023351814,0.9999999999999999
66.94417799999938,1.3362698447613806,0.30756635642881763,66.9516939999999,0.8902929318752264,0.9999999999999999
67.19132599999939,1.3001728322588186,0.38719407100999653,67.21025199999994,0.8903614508140227,0.9999999999999999
67.4438709999994,1.23583346178444,0.5343846949327818,67.45474399999996,0.8977077994798974,0.9999999999999999
67.69523599999937,1.157440281066753,0.7177697345742848,67.69517699999997,0.9129043701353443,0.9999999999999999
67.94375099999937,1.0797817938731686,0.8642709410548086,67.956734,0.9337354879940645,0.9999999999999999
68.18302599999937,1.0148380876368606,0.951913133402275,68.18951100000007,0.9527842192770797,0.9999999999999999
68.4383129999994,0.9700223678467332,0.9999999999999999,68.4386260000001,0.9598605264292506,0.9999999999999999
68.6826169999994,0.9480831661967021,0.9999999999999999,68.68205700000014,0.9488576661526551,0.9999999999999999
68.92806199999949,0.9461268561558114,0.9999999999999999,68.9320410000002,0.9220159739921727,0.9999999999999999
69.17867899999953,0.9578063572816753,0.9999999999999999,69.17688100000018,0.8863613299616417,0.9999999999999999
69.42251599999953,0.9768385571067433,0.9999999999999999,69.43593200000021,0.8490098989244539,0.9999999999999999
69.66994899999959,1.0001910373535425,0.9713029989658737,69.67332500000019,0.8144995128966889,0.9999999999999999
69.9147629999996,1.029581199125009,0.9340744570837641,69.92931300000016,0.784259528238229,0.9999999999999999
70.16469599999967,1.0692052218727022,0.8790072388831437,70.17925100000022,0.7561860074535383,0.9999999999999999
70.41353299999962,1.1225890395387503,0.7973974491554636,70.42892900000025,0.7272439371336962,0.9999999999999999
70.66076199999961,1.1916159589323616,0.639348500517063,70.67311000000026,0.6953959498044074,0.9999999999999999
70.90857699999965,1.2764580541921748,0.44993105825577395,70.91069100000026,0.6606735856745902,0.9999999999999999
71.15856999999971,1.3733916681941478,0.21346087556015167,71.17708300000025,0.6256012285534324,0.9999999999999999
71.39846599999971,1.4737380930233168,0.052740434332988605,71.41516900000023,0.5933903331036254,0.9999999999999999
71.66053299999969,1.5631945657739348,0.0,71.65246400000022,0.5672813977572471,0.9999999999999999
71.89507799999967,1.6255724161483425,0.0,71.91003800000017,0.5495408330042426,0.9999999999999999
72.1440559999997,1.6487720519574005,0.0,72.16044500000015,0.5420541498857278,0.9999999999999999
72.40436099999968,1.6319178840234967,0.0,72.40055900000021,0.5469227688093763,0.9999999999999999
72.64428499999968,1.5851763188827008,0.0,72.64540400000021,0.5669158860197501,0.9999999999999999
72.88714399999965,1.5250738674108646,0.0,72.8909870000002,0.6027231389113518,0.9999999999999999
73.13369899999965,1.4663632511701181,0.06127197518097207,73.14443300000019,0.650640342500882,0.9999999999999999
73.38562699999964,1.419590662018699,0.12642192347466388,73.3862790000002,0.7042900263543258,0.9999999999999999
73.62896199999965,1.3887054947580406,0.17605997931747666,73.64060400000021,0.7574419962923324,0.9999999999999999
73.87405399999967,1.3680653685330986,0.22069975870389522,73.88507200000026,0.8059083366279309,0.9999999999999999
74.1205739999997,1.3471302779264482,0.27740434332988617,74.13214200000026,0.8496582453818576,0.9999999999999999
74.37293699999972,1.3222408528070397,0.3377283695277491,74.38912900000022,0.8916788632552102,0.9999999999999999
74.62501799999976,1.2999991571699414,0.3884005515339538,74.63301700000021,0.9327829817248953,0.9999999999999999
74.8655309999997,1.2904840706662875,0.41494312306101344,74.87036800000021,0.9680343450512502,0.9999999999999999
75.11289299999973,1.3007256858766314,0.38598759048603926,75.1233960000002,0.9883858886658645,0.9883660806618406
75.36435999999969,1.3312743106337201,0.3135987590486039,75.36828000000018,0.9867460892064442,0.9891416752843846
75.6374359999997,1.374863633050796,0.2098414339882799,75.63861200000015,0.9619527771719557,0.9999999999999999
75.85947999999972,1.4187336957320442,0.12797311271975179,75.86582400000012,0.9186601093290159,0.9999999999999999
76.10598399999975,1.4518645337126639,0.08066184074457085,76.11008700000015,0.8639315669885528,0.9999999999999999
76.34895699999974,1.469086047156257,0.058169596690796264,76.36192700000016,0.8056906453905374,0.9999999999999999
76.59587399999977,1.4698386111463861,0.058169596690796264,76.60920400000016,0.7512950128966531,0.9999999999999999
76.84296999999977,1.4551341711345143,0.07678386763185109,76.85535800000014,0.7067401196008041,0.9999999999999999
77.09728999999975,1.4258473260419073,0.11866597724922438,77.1019830000002,0.676179526341146,0.9999999999999999
77.33580499999975,1.3824260606964853,0.186918304033092,77.3477050000002,0.6619553360778412,0.9999999999999999
77.59043899999968,1.3264054260275755,0.328076525336091,77.59766900000022,0.6656365395916366,0.9999999999999999
77.83237399999965,1.2601683443343683,0.483712512926577,77.85085000000021,0.6904790053268786,0.9999999999999999
78.08235899999964,1.1891577220763474,0.6417614615649775,78.09018800000023,0.7428052754708386,0.9999999999999999
78.32732899999964,1.121979429961341,0.7986039296794208,78.34866200000027,0.8275317529282203,0.9999999999999999
78.57555099999963,1.067697353856677,0.8790072388831437,78.58868900000024,0.9398845684176897,0.9999999999999999
78.83618299999956,1.0333605427919994,0.9325232678386762,78.83606300000027,1.062076860622192,0.8937435367114788
79.07308799999954,1.0237659386939109,0.9426059979317476,79.07862800000028,1.1693027556642472,0.6900206825232679
79.32096399999959,1.0385639768049175,0.9247673216132367,79.3298420000003,1.2399423902331619,0.5271458117890383
79.56401699999957,1.0694471903627605,0.8790072388831437,79.58829100000031,1.2618931809519365,0.4764736297828335
79.83420899999962,1.1024536489879433,0.8396242674939677,79.82443500000036,1.233842600127532,0.5380041365046536
80.07760799999966,1.1233766264355187,0.7961909686315064,80.06872000000035,1.1645534921645053,0.7008790072388832
80.31241699999961,1.1247389944698658,0.7961909686315064,80.32165100000033,1.0710814090598262,0.8766804550155118
80.55157199999962,1.1075034870489737,0.8299724233023096,80.5646650000003,0.9731753637236817,0.9999999999999999
80.80187099999957,1.0782142486986652,0.8665977249224405,80.83402600000028,0.8862595535219077,0.9999999999999999
81.05583499999958,1.0451350315052785,0.9154601861427093,81.05904400000024,0.8178419341913603,0.9999999999999999
81.31142299999958,1.016137772755261,0.9503619441571871,81.31154900000023,0.7693575473355749,0.9999999999999999
81.54572499999955,0.9973357664049727,0.9767321613236813,81.55441600000029,0.7383647318293494,0.9999999999999999
81.79572699999962,0.9924558112062377,0.9852637021716648,81.82081100000026,0.7195282710657687,0.9999999999999999
82.04877799999966,1.0023102685857064,0.9697518097207858,82.0582280000003,0.7072107240561933,0.9999999999999999
82.28476199999967,1.0246476586557747,0.9410548086866597,82.30026400000027,0.6975513718456651,0.9999999999999999
82.53056299999967,1.0568857962545688,0.8991726990692864,82.5417240000003,0.6882709799448892,0.9999999999999999
82.78115799999965,1.0986077064685396,0.8492761116856257,82.7957440000003,0.6771374256608369,0.9999999999999999
83.03211599999966,1.1487867111461825,0.7443123061013446,83.03377300000032,0.662412811729151,0.9999999999999999
83.30046999999963,1.202567930607962,0.6079800068941744,83.30567000000033,0.6431858111274019,0.9999999999999999
83.52803899999958,1.2540496766808495,0.4969837986901069,83.53907900000037,0.6193512233448046,0.9999999999999999
83.77710299999957,1.2981513312542297,0.3932264736297828,83.7806020000004,0.5917398674459434,0.9999999999999999
84.01988599999953,1.3303652111625675,0.3172182006204757,84.03160600000042,0.5627143053778763,0.9999999999999999
84.26548999999956,1.3477476746652324,0.27740434332988617,84.28204800000043,0.5354386443145297,0.9999999999999999
84.51833599999951,1.3518032247678442,0.26413305756635636,84.52507900000046,0.5127310187370822,0.9999999999999999
84.77136899999952,1.346057584642716,0.28102378490175794,84.78308800000045,0.4964240091416514,0.9999999999999999
85.0137579999995,1.334407553057656,0.30997931747673213,85.01900400000046,0.4869801397234612,0.9999999999999999
85.2579859999995,1.3208919395438508,0.34376077214753537,85.27082700000045,0.48341508209722095,0.9999999999999999
85.50961899999959,1.3080228779446403,0.3642709410548086,85.51157600000047,0.48467558554423545,0.9999999999999999
85.75394699999957,1.2958165638525851,0.39925887624956913,85.75866400000044,0.4909953546343045,0.9999999999999999
85.99455199999957,1.2785947169314669,0.4463116166839022,86.0095120000005,0.5041874238883053,0.9999999999999999
86.24643299999961,1.2452109455305131,0.516287487073423,86.25753800000048,0.5258631814453554,0.9999999999999999
86.50341699999962,1.1880982860083453,0.6429679420889348,86.52946200000049,0.5563069040914643,0.9999999999999999
86.7413649999996,1.1117277619779888,0.8167011375387797,86.75460000000054,0.5941023678396149,0.9999999999999999
86.98493999999964,1.0281600534666109,0.936401240951396,86.99746800000055,0.6362556860764093,0.9999999999999999
87.25040299999961,0.9501423662021047,0.9999999999999999,87.24741100000054,0.6783791738199446,0.9999999999999999
87.49295799999959,0.8882325340966893,0.9999999999999999,87.49659700000056,0.7165454318922977,0.9999999999999999
87.74648799999962,0.8492804345784323,0.9999999999999999,87.74286600000059,0.7476286903098741,0.9999999999999999
87.9773589999996,0.8351306234234411,0.9999999999999999,87.98730600000059,0.7698757387104014,0.9999999999999999
88.22458499999962,0.841455476790925,0.9999999999999999,88.23058100000063,0.7821379131468565,0.9999999999999999
88.48347699999967,0.8587866379253505,0.9999999999999999,88.48948600000065,0.784834874120577,0.9999999999999999
88.71724099999972,0.8753354063358082,0.9999999999999999,88.7275550000007,0.7799563072847576,0.9999999999999999
88.96528299999973,0.8826236728337884,0.9999999999999999,88.97890500000074,0.7712252034984353,0.9999999999999999
89.21632899999975,0.878627774245333,0.9999999999999999,89.23045100000077,0.7639850039955774,0.9999999999999999
89.46620699999971,0.8661307573479712,0.9999999999999999,89.47728700000079,0.7649881596052388,0.9999999999999999
89.72613599999974,0.8490918157090466,0.9999999999999999,89.72728000000077,0.7797650672350578,0.9999999999999999
89.98005399999978,0.8300433891268015,0.9999999999999999,89.97173000000073,0.810089168962654,0.9999999999999999
90.21145999999983,0.8106722419270282,0.9999999999999999,90.21221900000076,0.8523873195843261,0.9999999999999999
90.46954499999984,0.7926323382632902,0.9999999999999999,90.4646010000008,0.8977462394948571,0.9999999999999999
90.69918299999982,0.777022268922946,0.9999999999999999,90.72618800000086,0.932849309043219,0.9999999999999999
90.95849099999978,0.7649161175866747,0.9999999999999999,90.97700800000088,0.9456508199708101,0.9999999999999999
91.20076799999978,0.7591431953097953,0.9999999999999999,91.21010500000085,0.9337955336212587,0.9999999999999999
91.4409909999998,0.7648504536405806,0.9999999999999999,91.45250500000093,0.9055636915272359,0.9999999999999999
91.69957199999985,0.7883887593915758,0.9999999999999999,91.69936400000087,0.8731058226430922,0.9999999999999999
91.9343959999998,0.8355926310957582,0.9999999999999999,91.95241400000087,0.8457310712033131,0.9999999999999999
92.17963099999982,0.9089195162329101,0.9999999999999999,92.1924250000009,0.8285220876862507,0.9999999999999999
92.4305649999998,1.0044409892342538,0.9682006204756979,92.43945100000087,0.8226746016749591,0.9999999999999999
92.68118299999982,1.1106670430872128,0.8191140985866943,92.68902700000092,0.826034501833022,0.9999999999999999
92.95646399999983,1.2127954120846265,0.5862633574629438,92.94421700000096,0.8329211349789964,0.9999999999999999
93.1977969999999,1.298472801262867,0.3920199931058256,93.18676300000105,0.8351611853076034,0.9999999999999999
93.4272919999999,1.359127183390667,0.24482936918304038,93.43419000000104,0.8259741470981459,0.9999999999999999
93.66891599999991,1.3908194358333557,0.17364701826956216,93.68013700000104,0.8031744566090496,0.9999999999999999
93.91248499999996,1.394609400296586,0.16520165460186134,93.93018700000104,0.7697530178619132,0.9999999999999999
94.17486500000001,1.3750403383930627,0.2098414339882799,94.17442300000106,0.7315360600375752,0.9999999999999999
94.41884100000003,1.336961089128261,0.30394691485694586,94.42639200000107,0.6943632137407154,0.9999999999999999
94.659193,1.284237034475969,0.43062736987245775,94.69073500000111,0.6624918408338151,0.9999999999999999
94.90433300000004,1.2230185049327353,0.5645467080317133,94.91783500000106,0.6380851748654356,0.9999999999999999
95.15620800000008,1.1617267393355073,0.7032919682867977,95.17586800000109,0.6213027831052227,0.9999999999999999
95.4335850000001,1.108999300762441,0.8251465012064806,95.4484310000011,0.6104046899180706,0.9999999999999999
95.65403600000006,1.0712535171450657,0.8766804550155118,95.66000200000109,0.6022934914804419,0.9999999999999999
95.89599300000008,1.0512162191327978,0.906153050672182,95.92167100000106,0.5940139029100246,0.9999999999999999
96.14596200000011,1.0462807241028211,0.9154601861427093,96.15492400000109,0.5840171618470889,0.9999999999999999
96.39238700000016,1.0493177932850777,0.9092554291623578,96.40490500000111,0.5727682446240776,0.9999999999999999
96.6547960000002,1.0508829444750072,0.9077042399172699,96.66502200000107,0.6581959778508066,0.9999999999999999
96.88973800000024,1.0437878297815748,0.9170113753877972,96.89638100000111,1.151598083694012,0.7298345398138574
97.14961100000025,1.025406077487962,0.9402792140641157,97.1429610000012,2.0106281332844915,0.0
97.38314000000024,0.9966292971137186,0.9775077559462253,97.41975900000119,2.9660878898053307,0.0
97.62392100000022,0.9601948954346252,0.9999999999999999,97.64583900000126,3.8667924062585506,0.0
97.87646500000027,0.9194584746652251,0.9999999999999999,97.88773700000118,4.659015904799576,0.0
98.11935000000025,0.8782624583849361,0.9999999999999999,98.13882900000122,5.329603946968899,0.0
98.37267900000026,0.8403132276906665,0.9999999999999999,98.39200900000121,5.8792172812605905,0.0
98.6312200000003,0.8098458313806909,0.9999999999999999,98.6513180000012,6.311233922463174,0.0
98.86379100000036,0.7902225545904673,0.9999999999999999,98.91983500000119,6.623681216146124,0.0
99.11326500000035,0.7825658108710333,0.9999999999999999,99.1286900000012,6.796347024154072,0.0
99.36426700000035,0.7852214038495815,0.9999999999999999,99.37383400000127,6.762534566044726,0.0
99.6105590000004,0.7961345468745787,0.9999999999999999,99.61892100000131,6.371857625320269,0.0
99.85460300000041,0.8130222292060189,0.9999999999999999,99.87210000000132,5.526785815117544,0.0
100.10958200000042,0.8340369831776725,0.9999999999999999,100.12124400000133,4.5549941034128745,0.0
100.34957000000045,0.8600698784208625,0.9999999999999999,100.36508500000136,3.7431754676283475,0.0
100.60594600000043,0.8958513344563463,0.9999999999999999,100.61552000000131,3.0838780231302394,0.0
100.85154500000037,0.9459852733764571,0.9999999999999999,100.85641800000133,2.548974037614303,0.0
101.09740600000032,1.0084794155435426,0.9643226473629782,101.10773800000135,2.11728849231352,0.0
101.34531300000033,1.076595252478011,0.8689245087900723,101.35345500000136,1.7726801832178516,0.0
101.5862100000003,1.1442398611207576,0.7527576697690453,101.61057800000142,1.5017586658975168,0.01783867631851088
101.83769200000036,1.2082549173817096,0.5971216821785591,101.86339000000142,1.2927675224015043,0.4077042399172699
102.08770700000034,1.2673669717788734,0.46078938297138916,102.10304300000143,1.1349462386907074,0.7732678386763184
102.33474700000033,1.3213424996083627,0.3425542916235781,102.34495000000142,1.01784215172749,0.9503619441571871
102.57902200000034,1.3699507740506573,0.21708031713202344,102.58784700000139,0.9312082390074456,0.9999999999999999
102.82905600000039,1.4112190073319293,0.13960703205791106,102.84618100000147,0.8665340091173932,0.9999999999999999
103.12598700000034,1.4398835033161161,0.10160289555325745,103.09182600000149,0.8192583829068203,0.9999999999999999
103.3249600000003,1.4494629606848297,0.08221302998965875,103.32972600000143,0.7878653820731166,0.9999999999999999
103.56841100000034,1.4365826452354136,0.10548086866597721,103.58454500000146,0.7718671342156067,0.9999999999999999
103.82038500000034,1.4057670262109683,0.14891416752843847,103.84365900000147,0.7696464908765869,0.9999999999999999
104.06386800000035,1.3662842990513686,0.22552568079972424,104.07960900000144,0.7787229773514377,0.9999999999999999
104.31673000000033,1.3288661600135938,0.3220441227163047,104.32880600000142,0.7957403728300183,0.9999999999999999
104.55724900000031,1.3035300214282959,0.37512926577042394,104.57480700000146,0.815709305577743,0.9999999999999999
104.82186300000029,1.2963265614640633,0.39925887624956913,104.82118300000143,0.8317740090326428,0.9999999999999999
105.0646040000003,1.3055356111298118,0.36909686315063767,105.0716860000014,0.8386485562610814,0.9999999999999999
105.31069600000032,1.3202854284919934,0.34376077214753537,105.31630700000142,0.8349967325719949,0.9999999999999999
105.55838500000029,1.3233968718354716,0.33531540847983454,105.56629600000142,0.8225409903628191,0.9999999999999999
105.79495900000026,1.303293506524266,0.3763357462943812,105.80743600000139,0.80424794566465,0.9999999999999999
106.03944500000023,1.2629625455139024,0.4740606687349189,106.05244300000145,0.7833000656822964,0.9999999999999999
106.30769200000023,1.21702092306777,0.5790244743192002,106.31887200000145,0.7626570282267938,0.9999999999999999
106.53783700000022,1.1812784225079958,0.6598586694243365,106.54815600000136,0.7437170762008278,0.9999999999999999
106.78723600000023,1.1652412223560693,0.6984660461909686,106.80672800000137,0.7257031764918493,0.9999999999999999
107.03498900000022,1.1674748311772714,0.6936401240951396,107.05575600000138,0.7069325307170651,0.9999999999999999
107.30238300000022,1.178013880803404,0.6695105136159945,107.2975030000014,0.6860256505011967,0.9999999999999999
107.53095400000021,1.1844644793774854,0.6538262668045501,107.54095800000141,0.6621563902914017,0.9999999999999999
107.78586900000022,1.177438604473884,0.6695105136159945,107.79405300000143,0.6359993120531622,0.9999999999999999
108.03537100000028,1.1523255130543009,0.7250086177180284,108.03399500000141,0.6091073129154383,0.9999999999999999
108.2770450000003,1.108573912717074,0.8251465012064806,108.28186000000146,0.582611724982142,0.9999999999999999
108.52458800000025,1.0488877465159239,0.9100310237849017,108.52920400000153,0.5570622342791357,0.9999999999999999
108.7694060000003,0.9787574931158495,0.9968976215098241,108.78435800000155,0.5332774940049416,0.9999999999999999
109.02193000000032,0.9071637483761807,0.9999999999999999,109.03235600000158,0.5129645903654185,0.9999999999999999
109.2660120000003,0.8453300523793906,0.9999999999999999,109.27462100000162,0.49824452029176053,0.9999999999999999
109.51532200000031,0.8045316341546348,0.9999999999999999,109.52827700000161,0.49155619591615796,0.9999999999999999
109.75578900000026,0.7909920797899918,0.9999999999999999,109.77667600000173,0.49463157889270476,0.9999999999999999
110.00315700000031,0.8044495214321635,0.9999999999999999,110.0271360000018,0.5077481856864308,0.9999999999999999
110.25780600000031,0.8379539542762884,0.9999999999999999,110.26401000000182,0.528509004400097,0.9999999999999999
110.50018400000029,0.882507713584655,0.9999999999999999,110.51205400000184,0.5520978180219012,0.9999999999999999
110.76815400000028,0.9309797051202708,0.9999999999999999,110.7549210000018,0.5734017612871597,0.9999999999999999
110.99856800000035,0.9799145280505845,0.9961220268872801,111.00699200000182,0.5899919921973593,0.9999999999999999
111.24548000000031,1.0271237155027328,0.9371768355739399,111.25299900000182,0.6031370695095386,0.9999999999999999
111.49098500000034,1.0694000763407954,0.8790072388831437,111.50781800000182,0.6160491171688712,0.9999999999999999
111.73430300000028,1.1023988217723437,0.8396242674939677,111.75159900000183,0.6309907206382942,0.9999999999999999
111.98748600000026,1.1255996905580212,0.7937780075835918,111.9951860000018,0.6483168997362012,0.9999999999999999
112.23584400000023,1.1435890706939196,0.7539641502930026,112.24669100000182,0.6664257122858536,0.9999999999999999
112.48893200000022,1.1629623919988834,0.7032919682867977,112.48901700000182,0.6819501897570395,0.9999999999999999
112.74909700000026,1.1876038949983516,0.6465873836608066,112.73834600000181,0.6909882539607326,0.9999999999999999
112.99747600000028,1.2155988057097866,0.5814374353671148,112.98920900000182,0.6901006755572235,0.9999999999999999
113.22548900000028,1.2396961525804233,0.5271458117890383,113.22871700000185,0.6776632488964622,0.9999999999999999
113.47146600000029,1.25147108340911,0.5006032402619787,113.47721100000192,0.6551541544917897,0.9999999999999999
113.71500900000028,1.2445673616229744,0.5174939675973802,113.72963700000192,0.6266976056349083,0.9999999999999999
113.98704800000031,1.2178813613384105,0.5790244743192002,113.99010900000188,0.5979364506222979,0.9999999999999999
114.21541400000042,1.1753642337994075,0.6803688383316098,114.22301900000193,0.5748592776655803,0.9999999999999999
114.46657200000047,1.1262798359526656,0.7913650465356773,114.46634800000189,0.5617525329081656,0.9999999999999999
114.71356300000049,1.0816372036634547,0.8603929679420889,114.71735300000188,0.5597183585319213,0.9999999999999999
114.96138700000054,1.0510009613754876,0.9077042399172699,114.96440200000191,0.5662124417747801,0.9999999999999999
115.20704100000053,1.0395213640396914,0.9239917269906928,115.22044300000196,0.5765871238495032,0.9999999999999999
115.44645300000055,1.0474624232836738,0.9123578076525335,115.46184400000193,0.5863026514127133,0.9999999999999999
115.69935200000059,1.0695962397768022,0.8790072388831437,115.7234960000019,0.5984788350165353,0.9999999999999999
115.94858300000058,1.096514625787747,0.8510858324715614,115.95346900000192,0.636944281849902,0.9999999999999999
116.18857400000067,1.1193841849815536,0.80342985177525,116.19941900000188,0.727896456669537,0.9999999999999999
116.43856400000065,1.1341651070347505,0.7780937607721475,116.44633800000187,0.866230845937364,0.9999999999999999
116.69465500000071,1.1426129245957453,0.7539641502930026,116.6988230000019,1.0271927023278171,0.9371768355739399
116.94207100000072,1.1479614465926298,0.746725267149259,116.95106300000188,1.1873224355364802,0.6477938641847638
117.20450400000074,1.1502831778486076,0.7346604619096865,117.20128900000188,1.3305300673028835,0.3172182006204757
117.42899900000077,1.1465141982799472,0.7479317476732164,117.43631600000191,1.4459531761957094,0.08996897621509826
117.67965500000078,1.1332915677346223,0.7793002412961048,117.7121920000019,1.525015656219512,0.0
117.92705400000081,1.1085297832990892,0.8251465012064806,117.94057700000192,1.5603634538132765,0.0
118.1763730000008,1.0729607953791858,0.873578076525336,118.17767100000192,1.5442328991662957,0.0
118.41547100000079,1.0299773254658335,0.9340744570837641,118.46423700000199,1.4679698307466271,0.058945191313340216
118.67206300000079,0.9844997646808757,0.9914684591520164,118.676579000002,1.332305215220062,0.3111857980006894
118.91384600000079,0.9414133751374589,0.9999999999999999,118.916091000002,1.1672086028909396,0.6936401240951396
119.16190600000077,0.9042621227106363,0.9999999999999999,119.16763300000198,1.0177611408296898,0.9503619441571871
119.40847100000073,0.8741015520632449,0.9999999999999999,119.41693100000202,0.9051975180321299,0.9999999999999999
119.66445100000071,0.8507670241960157,0.9999999999999999,119.6675520000021,0.8304348582478027,0.9999999999999999
119.9012340000007,0.835004431764246,0.9999999999999999,119.91393700000211,0.788783859022812,0.9999999999999999
120.15539400000065,0.830587643765808,0.9999999999999999,120.15630300000211,0.7724880916312098,0.9999999999999999
120.41625100000066,0.8423477502801509,0.9999999999999999,120.42189800000213,0.7728485362422921,0.9999999999999999
120.64476600000073,0.8724742517966586,0.9999999999999999,120.65022900000208,0.7818577697960561,0.9999999999999999
120.91270200000079,0.9196812464491686,0.9999999999999999,120.9042600000021,0.7925535009757555,0.9999999999999999
121.1567080000008,0.979178307007191,0.9968976215098241,121.1553140000021,0.7989714428948541,0.9999999999999999
121.3910230000008,1.041287119554446,0.920113753877973,121.38980500000211,0.7971360232760145,0.9999999999999999
121.65092900000083,1.0938621154442956,0.8518614270941054,121.6631430000021,0.7853942396385889,0.9999999999999999
121.88341900000088,1.129002282900454,0.7853326439158911,121.88779000000204,0.7645933244464931,0.9999999999999999
122.13939800000091,1.148384502453019,0.7443123061013446,122.15023600000201,0.7374161419304449,0.9999999999999999
122.38887500000092,1.162266569443062,0.7032919682867977,122.40310000000203,0.7071789838514949,0.9999999999999999
122.63295400000088,1.181439508151143,0.6598586694243365,122.63521100000209,0.6787205312319189,0.9999999999999999
122.8701440000009,1.2119070449000575,0.5862633574629438,122.90295000000205,0.6545630517239573,0.9999999999999999
123.1291630000009,1.252277543507479,0.5006032402619787,123.12500000000202,0.6359706497761947,0.9999999999999999
123.36910200000092,1.2955139767520873,0.4028783178214409,123.38132900000204,0.6226935116337327,0.9999999999999999
123.61644400000093,1.33100891065447,0.3135987590486039,123.63697200000199,0.613799596057852,0.9999999999999999
123.86714200000091,1.3484075480569029,0.27740434332988617,123.87028500000194,0.6090822049044291,0.9999999999999999
124.10612400000092,1.3412139660763183,0.2942950706652878,124.11425200000197,0.6091216695170394,0.9999999999999999
124.36959700000094,1.3097378951301581,0.3594450189589796,124.37062300000201,0.6146886783936658,0.9999999999999999
124.60762500000097,1.2600498690761606,0.483712512926577,124.612505000002,0.6258452164003683,0.9999999999999999
124.87454400000104,1.2021020741580704,0.6091864874181318,124.88264800000194,0.6420250092561924,0.9999999999999999
125.09835400000108,1.1472572445581168,0.7479317476732164,125.10683900000188,0.6616227776657093,0.9999999999999999
125.35639300000108,1.1056133090332432,0.8323853843502241,125.3586430000019,0.6809921727019798,0.9999999999999999
125.59926900000112,1.08436220201422,0.8596173733195449,125.61438800000195,0.6945607042062217,0.9999999999999999
125.83964300000109,1.0859453650515007,0.8596173733195449,125.853709000002,0.6978612164616045,0.9999999999999999
126.11918400000108,1.1092777214174365,0.8215270596346088,126.10057800000197,0.6896265316666425,0.9999999999999999
126.34606900000111,1.1499356215876406,0.737073422957601,126.34816200000198,0.6718237019531287,0.9999999999999999
126.59117100000105,1.20273299121255,0.6079800068941744,126.60221600000195,0.6488044542186276,0.9999999999999999
126.83506900000107,1.265092405835891,0.4680282661151327,126.84509200000201,0.6248380995984409,0.9999999999999999
127.07792500000107,1.3366495494679618,0.30635987590486036,127.09753200000199,0.6016591427317936,0.9999999999999999
127.33784700000106,1.4179384669293533,0.1295243019648397,127.344077000002,0.5778876371330554,0.9999999999999999
127.58283900000107,1.5082037208666306,0.010858324715615318,127.58126100000197,0.5511860613393722,0.9999999999999999
127.83673500000114,1.6048663543543877,0.0,127.83881800000195,0.5212167803945597,0.9999999999999999
128.09263000000112,1.6995383257793932,0.0,128.09881000000198,0.49018446825917683,0.9999999999999999
128.31900000000113,1.772706352811284,0.0,128.34119300000194,0.46200643223277066,0.9999999999999999
128.57014500000116,1.802568816113113,0.0,128.57267900000193,0.44061151944891985,0.9999999999999999
128.8226640000011,1.7805552514179972,0.0,128.82027500000194,0.4284150227386831,0.9999999999999999
129.07768200000112,1.714210021741152,0.0,129.063678000002,0.42652641122127966,0.9999999999999999
129.33893600000115,1.6175656224357216,0.0,129.335509000002,0.4356335959201973,0.9999999999999999
129.5605770000012,1.5038002554930268,0.015511892450879026,129.578098000002,0.4564333092865606,0.9999999999999999
129.81093000000126,1.3825001410337,0.186918304033092,129.819013000002,0.49039311176463307,0.9999999999999999
130.0516120000013,1.2620043204790816,0.4764736297828335,130.060013000002,0.545362460978151,0.9999999999999999
130.29918200000128,1.1505967865381768,0.7322475008617719,130.3051340000019,0.6356070778727689,0.9999999999999999
130.54920100000126,1.0556475928428775,0.8999482936918304,130.58250800000195,0.7710762727564768,0.9999999999999999
130.79161600000134,0.9818476886397776,0.9953464322647362,130.80038200000203,0.9446261719422822,0.9999999999999999
131.0420790000013,0.9313264655594549,0.9999999999999999,131.05202700000206,1.1325570770261155,0.7817132023440193
131.28917100000126,0.9057096047684174,0.9999999999999999,131.33135100000206,1.3064582406515388,0.3678903826266804
131.53396300000114,0.9083104273212428,0.9999999999999999,131.54073100000204,1.4414715718205364,0.0992761116856256
131.78398700000105,0.9455074893841084,0.9999999999999999,131.79070700000204,1.5199167206888105,0.0
132.03642900000108,1.0222410664502377,0.9449327817993795,132.04499900000198,1.531494538024911,0.0
132.28150700000108,1.1334239620727384,0.7793002412961048,132.28490000000193,1.4753534995952955,0.05041365046535675
132.53642800000108,1.2604419137761802,0.483712512926577,132.54480600000193,1.3642873381652265,0.2303516028955533
132.7683830000011,1.3748539857035993,0.2098414339882799,132.78403300000198,1.2240134995809875,0.5609272664598415
133.0186140000012,1.4519930933260605,0.08066184074457085,133.0387560000019,1.0835539261291358,0.8603929679420889
133.26948700000108,1.4830400680808333,0.04033092037228538,133.2735140000018,0.9634921379425871,0.9999999999999999
133.51962700000104,1.4757701810952648,0.0496380558428128,133.52203800000166,0.871682578274319,0.9999999999999999
133.76352500000107,1.4475730778937557,0.08686659772492246,133.7694650000016,0.8071162311581096,0.9999999999999999
134.00594200000117,1.4184610766678327,0.1295243019648397,134.01613700000152,0.7656685227905127,0.9999999999999999
134.2579290000011,1.4035908996842539,0.15193036883833164,134.26543000000143,0.742203673354207,0.9999999999999999
134.5119100000011,1.408820468601938,0.14115822130299896,134.5384520000015,0.731830304294113,0.9999999999999999
134.75342600000104,1.433610950289256,0.10703205791106511,134.76943200000136,0.7293080097402621,0.9999999999999999
134.9973600000011,1.4771378067829062,0.0496380558428128,135.03152900000123,0.7291775313401739,0.9999999999999999
135.2433300000011,1.5409765868712038,0.0,135.27796600000124,0.7269377737302467,0.9999999999999999
135.49680900000118,1.6282856211887902,0.0,135.4951960000011,0.7205763605940663,0.9999999999999999
135.74175300000124,1.739101073615051,0.0,135.76276800000096,0.710381488929059,0.9999999999999999
135.98986600000123,1.8619517914174384,0.0,135.99582200000089,0.6969914600378874,0.9999999999999999
136.2442970000012,1.968625629808853,0.0,136.24239100000094,0.6812427800942491,0.9999999999999999
136.4858120000013,2.023975638847141,0.0,136.48496000000088,0.6652360546942082,0.9999999999999999
136.7307330000013,2.0099099251476087,0.0,136.738113000001,0.6518784880304556,0.9999999999999999
136.99031500000123,1.9353357310526658,0.0,137.01404100000096,0.6445899880017553,0.9999999999999999
137.23139900000118,1.8235484561942743,0.0,137.24851800000096,0.6463699403580179,0.9999999999999999
137.47674500000113,1.6947035512641733,0.0,137.48601600000083,0.6585398750849462,0.9999999999999999
137.71742400000107,1.5622518185245362,0.0,137.72599700000086,0.678568969204207,0.9999999999999999
137.99282200000107,1.4343095334337856,0.10625646328852116,137.9840630000008,0.7008878587202598,0.9999999999999999
138.21319500000106,1.3169905431046756,0.3485866942433644,138.22260500000078,0.7194482847092917,0.9999999999999999
138.47826600000104,1.2170591567352573,0.5790244743192002,138.47851400000084,0.728662235645607,0.9999999999999999
138.71307600000105,1.142986709103366,0.7539641502930026,138.71402300000074,0.7244377881908742,0.9999999999999999
138.979087000001,1.1003404822718892,0.8456566701137539,138.96221400000078,0.7062448091979096,0.9999999999999999
139.21226700000096,1.0890200831495611,0.8557394002068252,139.2226570000009,0.6778812640819747,0.9999999999999999
139.46660400000093,1.1057008421695618,0.8323853843502241,139.46022000000102,0.6460291336431772,0.9999999999999999
139.69980100000092,1.1465611188583564,0.7479317476732164,139.74697600000113,0.6183448749845183,0.9999999999999999
139.952400000001,1.207002756689045,0.5983281627025164,139.96763300000114,0.6016927471565077,0.9999999999999999
140.2032470000009,1.28103255155571,0.4426921751120304,140.24042100000105,0.6002124414130339,0.9999999999999999
140.44405900000086,1.3614973474474303,0.23759048603929683,140.452764000001,0.613710243896298,0.9999999999999999
140.69665300000074,1.4399962894594578,0.10160289555325745,140.705351000001,0.6371885082095774,0.9999999999999999
140.93866300000084,1.5049408779462956,0.013960703205791123,140.946748000001,0.6625838130796772,0.9999999999999999
141.18645400000085,1.5425429090633322,0.0,141.30183700000103,0.6826252015769692,0.9999999999999999
141.43491100000085,1.5419312710609314,0.0,141.52396300000092,0.6948368453253971,0.9999999999999999
141.690471000001,1.5024067152035232,0.01783867631851088,141.70796200000098,0.7020732054593969,0.9999999999999999
141.92317500000092,1.4334559745241473,0.10703205791106511,141.952875000001,0.710155713707854,0.9999999999999999
142.18122400000095,1.3478644782300344,0.27740434332988617,142.19833300000096,0.724611206003632,0.9999999999999999
142.41978400000087,1.2570294880825545,0.49095139607032057,142.4488850000009,0.7490533532047952,0.9999999999999999
142.7001350000009,1.1708884883520285,0.6888142019993106,142.66818900000084,0.7834652117430384,0.9999999999999999
142.92255200000088,1.100447666291825,0.8456566701137539,142.92320500000076,0.8224890938101896,0.9999999999999999
143.16274800000096,1.059151747808711,0.8960703205791106,143.16523700000076,0.8570197010951008,0.9999999999999999
143.4235940000008,1.061843151260521,0.8952947259565667,143.43782100000078,0.8788740551441652,0.9999999999999999
143.66100400000084,1.122149968390384,0.7986039296794208,143.66232100000082,0.8841121021246694,0.9999999999999999
143.91161700000077,1.2479614218043857,0.5126680455015512,143.91231400000066,0.8734454188311022,0.9999999999999999
144.1608800000008,1.4343942750607912,0.10625646328852116,144.1625750000006,0.8516071069978367,0.9999999999999999
144.40415900000085,1.6560896961157017,0.0,144.39924600000057,0.824409437562654,0.9999999999999999
144.67070200000077,1.8683327598187522,0.0,144.67181700000054,0.7954831991087078,0.9999999999999999
144.8941650000007,2.024896190552943,0.0,144.8971000000005,0.7656697541394238,0.9999999999999999
145.14750200000069,2.101817998030237,0.0,145.15121200000053,0.734855448075201,0.9999999999999999
145.39148200000054,2.1043347513497492,0.0,145.40050700000043,0.7044072048480307,0.9999999999999999
145.6385800000005,2.0554756811283914,0.0,145.64852800000037,0.6774939640349148,0.9999999999999999
145.88613200000063,1.9809515238504043,0.0,145.89554700000028,0.6580127083796984,0.9999999999999999
146.1390860000006,1.902398910212781,0.0,146.15700500000028,0.6497046064895851,0.9999999999999999
146.38613500000062,1.834079965109681,0.0,146.3979950000002,0.6538326488552189,0.9999999999999999
146.62853600000054,1.7800881942666245,0.0,146.63603000000018,0.6688023017729103,0.9999999999999999
146.87642100000056,1.734892068727917,0.0,146.87292500000018,0.6905560801054531,0.9999999999999999
147.12571800000055,1.6881842364676836,0.0,147.1578610000002,0.7138351242538171,0.9999999999999999
147.37011100000052,1.6324281961844662,0.0,147.39044600000028,0.7354894873178865,0.9999999999999999
147.61912900000058,1.569340286896047,0.0,147.62041800000023,0.7567162692272779,0.9999999999999999
147.8815160000006,1.5086149138867984,0.009307135470527415,147.88617300000018,0.7826061538726563,0.9999999999999999
148.1130140000006,1.460292250038642,0.07135470527404343,148.11617800000028,0.8169998457240836,0.9999999999999999
148.36036000000053,1.4294228812829695,0.11168562564632882,148.36614700000018,0.8576901164733215,0.9999999999999999
148.60984800000054,1.4144416855754727,0.1341778697001034,148.62506400000015,0.8989770722708863,0.9999999999999999
148.8551810000006,1.408188928776313,0.1434850051706308,148.86490700000013,0.934242497355668,0.9999999999999999
149.1098620000006,1.4012579427815668,0.15675629093416069,149.11401900000013,0.9577892823237476,0.9999999999999999
149.35516600000062,1.3836731545304717,0.18329886246122024,149.358399,0.9666131898121418,0.9999999999999999
149.60014100000063,1.3474748432304446,0.27740434332988617,149.6042290000001,0.9596450739817038,0.9999999999999999
149.86870700000068,1.2897111735868247,0.417356084108928,149.85582700000003,0.9391508063938598,0.9999999999999999
150.0895340000008,1.2132342175939106,0.5850568769389866,150.09442200000004,0.913213296174061,0.9999999999999999
150.3586300000008,1.125136109082698,0.7949844881075491,150.37580599999998,0.8951533174581586,0.9999999999999999
150.59000600000073,1.0338127254179845,0.9325232678386762,150.59516999999985,0.8948965013266296,0.9999999999999999
150.83597900000072,0.9478124665712953,0.9999999999999999,150.8509939999999,0.9132880424455241,0.9999999999999999
151.09111000000075,0.8744435585363923,0.9999999999999999,151.1049329999999,0.9456722954908527,0.9999999999999999
151.33377600000074,0.8198775658779348,0.9999999999999999,151.3397679999999,0.9879625139303079,0.9883660806618406
151.57680600000066,0.7892763569142716,0.9999999999999999,151.5809099999999,1.0368902591807112,0.9286452947259565
151.83182200000059,0.7861399348540784,0.9999999999999999,151.83083199999984,1.0870327687889842,0.8596173733195449
152.0675490000006,0.8101775881663666,0.9999999999999999,152.08596099999974,1.1308179336354278,0.7841261633919338
152.33869000000058,0.854210534823709,0.9999999999999999,152.34286199999977,1.1620236550443548,0.7032919682867977
152.57073100000056,0.9052173359516862,0.9999999999999999,152.57780199999974,1.1811314227567842,0.6610651499482937
152.81728800000062,0.9504648493074639,0.9999999999999999,152.81588599999975,1.1964217617459165,0.6236642537056186
153.05916400000046,0.9879646624430779,0.9883660806618406,153.06228999999962,1.219473501231736,0.5741985522233712
153.31463200000047,1.086219518195863,0.8596173733195449,153.33225399999952,1.2603223245510935,0.483712512926577
153.56256900000034,1.329763385494087,0.31963116166839023,153.55871699999943,1.323230849465064,0.33531540847983454
153.80977500000023,1.6553574775715933,0.0,153.81187099999943,1.4091865692101575,0.14115822130299896
154.0550300000002,1.9860829634056891,0.0,154.06145199999935,1.6541042155272816,0.0
154.30554500000014,2.2887289219660025,0.0,154.3098559999993,2.193880400030589,0.0
154.555552,2.551925019699486,0.0,154.56570799999918,2.8182776706202044,0.0
154.80596699999998,2.7719242968701487,0.0,154.79967299999916,3.374338680690033,0.0
155.04821600000002,2.9488338980692195,0.0,155.0442779999991,3.825776585528077,0.0
155.30288500000003,3.085419061092051,0.0,155.2947399999991,4.18185916478899,0.0
155.55932099999998,3.186439733251227,0.0,155.57523999999913,4.462348636220131,0.0
155.79791100000017,3.25455323618527,0.0,155.78820499999915,4.6845439557119875,0.0
156.03602200000014,3.280696768361207,0.0,156.03656899999913,4.858704315918346,0.0
156.2890250000002,3.2256317567265085,0.0,156.3001159999992,4.988015763750302,0.0
156.5304130000001,3.036453166757606,0.0,156.53979699999925,5.064232438496133,0.0
156.78308700000008,2.7824070305340065,0.0,156.77215999999942,5.045923575926867,0.0
157.02138500000015,2.5380453101907876,0.0,157.02565299999927,4.814429034134122,0.0
157.2708960000001,2.300142043913325,0.0,157.26802499999926,4.266352485925275,0.0
157.52391900000015,2.0704686208590326,0.0,157.5296529999993,3.6555745426382305,0.0
157.7658470000002,1.8540133546276383,0.0,157.77044299999932,3.158532207978337,0.0
158.01892100000012,1.6579913376727164,0.0,158.03083699999942,2.768134756295236,0.0
158.2604490000001,1.4924456145302463,0.03179937952430192,158.26425399999937,2.4689952223445433,0.0
158.51118200000013,1.3700120040668973,0.2158738366080662,158.5130809999994,2.2453377468451254,0.0
158.7666320000001,1.303503924665962,0.37512926577042394,158.77498399999942,2.080003835703261,0.0
159.02113900000012,1.300893909132642,0.38598759048603926,159.0111079999993,1.9550455353011702,0.0
159.24966200000014,1.3587286720590326,0.24603584970699763,159.25467199999926,1.853342167503966,0.0
159.50703400000003,1.4564630560654748,0.07678386763185109,159.4986249999992,1.7619477609387149,0.0
159.75613200000006,1.560409387302128,0.0,159.75016099999922,1.6758134979927426,0.0
160.0278110000002,1.6369766208709051,0.0,160.0166809999992,1.5972952664129307,0.0
160.25290800000013,1.666429688165215,0.0,160.26047699999924,1.5328581286487357,0.0
160.49475700000013,1.646665740794587,0.0,160.4904879999993,1.4868006226549466,0.03722854188210958
160.75616200000005,1.5891176047398476,0.0,160.74305099999935,1.4576150861317623,0.07600827300930714
160.99583499999997,1.5109011081140526,0.005429162357807659,160.99172499999938,1.4375314202103906,0.10470527404343326
161.23256400000005,1.4277938889605064,0.11478800413650463,161.23748199999937,1.4192967046367557,0.12719751809720783
161.48207000000008,1.3509728512191808,0.26533953809031363,161.48052499999943,1.4026707444938078,0.15434332988624616
161.73719399999993,1.2891660262899178,0.417356084108928,161.7309869999994,1.3920016625532494,0.17123405722164764
161.97352999999998,1.2508666112592115,0.5006032402619787,161.9869809999993,1.3927735203757532,0.16882109617373312
162.22310399999995,1.2424318624352118,0.5235263702171665,162.22581299999933,1.4093071921044071,0.14115822130299896
162.473068,1.26346033149835,0.4728541882109617,162.47228399999943,1.442298559392941,0.09850051706308165
162.71448199999998,1.3018632005346928,0.38478110996208204,162.72070199999945,1.4870520584472984,0.036452947259565625
162.97494200000003,1.3366668953674603,0.30635987590486036,162.97164899999927,1.5323534509364307,0.0
163.22942299999988,1.3491292270711925,0.2737849017580144,163.24354799999918,1.563832449136741,0.0
163.4594049999998,1.3318713697601945,0.3123922785246467,163.46604799999912,1.5729719228577639,0.0
163.70900799999978,1.2900698855195296,0.41494312306101344,163.70602999999915,1.563190668067789,0.0
163.96067199999976,1.235074712661151,0.5343846949327818,163.9702199999992,1.546106782143517,0.0
164.20192399999982,1.1798038236580473,0.6622716304722509,164.20533499999908,1.532556921745222,0.0
164.44931499999967,1.133384422356803,0.7793002412961048,164.459331999999,1.5250557496883281,0.0
164.69511499999962,1.0994151104925451,0.8480696311616684,164.69817899999907,1.518233996109073,0.0023267838676318538
164.9489669999996,1.0772780457179436,0.8681489141675284,164.95523899999898,1.5059077469395785,0.013185108583247172
165.19750699999972,1.0647926773556464,0.8867631851085832,165.20589499999912,1.487812351107745,0.035677352637021674
165.44214199999968,1.0615670284383203,0.8952947259565667,165.44775999999914,1.468021049140325,0.058945191313340216
165.69007399999967,1.0713319046042185,0.8766804550155118,165.69480099999927,1.4508357822339022,0.0814374353671148
165.94102199999963,1.0992324130824835,0.8492761116856257,165.95077699999916,1.4373220659756545,0.10470527404343326
166.17971599999962,1.1486386684369496,0.7443123061013446,166.1856089999992,1.426781794675479,0.11789038262668043
166.4538229999995,1.2179579215197378,0.5790244743192002,166.43284599999924,1.4200114686110012,0.12564632885211993
166.67708599999963,1.2981266506370048,0.3932264736297828,166.68381299999933,1.4209252165475295,0.12564632885211993
166.92450199999962,1.3752133074931852,0.2098414339882799,166.92523199999937,1.4358610276935742,0.10548086866597721
167.1720609999995,1.4379725442653222,0.1039296794208893,167.18568299999947,1.4696451367283059,0.058169596690796264
167.41852799999947,1.484269342803469,0.03877973112719748,167.42052199999947,1.521928362400237,0.0
167.6880049999994,1.5189343583112107,0.0023267838676318538,167.70957799999937,1.585234273484729,0.0
167.91443499999926,1.548670694435978,0.0,167.92811299999946,1.6454723883538533,0.0
168.16443099999918,1.5797990702482947,0.0,168.17125299999947,1.6879345855676073,0.0
168.41298099999918,1.6161771334381223,0.0,168.42621899999943,1.7060291803478116,0.0
168.65434399999933,1.6573014089439262,0.0,168.66730999999928,1.700669246157914,0.0
168.90811899999935,1.6975717531028178,0.0,168.91364199999916,1.676957441458622,0.0
169.16238399999926,1.7308401493638108,0.0,169.15566399999904,1.6402762318431519,0.0
169.4180909999992,1.7543848463246527,0.0,169.41426699999892,1.5937870895784398,0.0
169.66064199999911,1.7689066998825864,0.0,169.6698029999989,1.5400381777811167,0.0
169.91080199999917,1.7757296267047407,0.0,169.90043899999884,1.4819921331076622,0.041882109617373285
170.14405699999918,1.7749696364903218,0.0,170.15140499999887,1.4226419413655096,0.124870734229576
170.39159799999908,1.7650063428972969,0.0,170.3957379999989,1.362898996506851,0.23276456394346778
170.64400299999903,1.743453338685676,0.0,170.6397379999988,1.3040450841279139,0.37271630472250944
170.902440999999,1.7077719868152195,0.0,170.9056919999987,1.2530744316017774,0.4981902792140641
171.13141399999904,1.65460435531678,0.0,171.1340549999987,1.2222448988798824,0.5657531885556706
171.38708499999913,1.5804672058845237,0.0,171.38346699999863,1.2262382444497242,0.5548948638400553
171.635449999999,1.4861012612387376,0.03722854188210958,171.62650599999856,1.2779802913566203,0.4463116166839022
171.87698399999897,1.3778646464363464,0.20018958979662183,171.8759829999985,1.3837723112485483,0.18329886246122024
172.13625299999904,1.2668347810533,0.4632023440193036,172.1378709999986,1.5363592492202796,0.0
172.38428199999896,1.165972606391831,0.6984660461909686,172.38290199999858,1.7135906652989603,0.0
172.61281499999893,1.0864228686320936,0.8596173733195449,172.61595999999847,1.885804090696829,0.0
172.8856959999989,1.034740942093759,0.9309720785935883,172.8683739999985,2.0272615730394046,0.0
173.11090899999897,1.0117108504917036,0.9588934850051706,173.1302879999985,2.124900100195338,0.0
173.36295299999887,1.0129706754601695,0.9550155118924508,173.36347699999848,2.178033297071214,0.0
173.60465699999898,1.0292141527555756,0.9348500517063081,173.61781199999848,2.1928642791711104,0.0
173.859958999999,1.0483085000002834,0.9108066184074456,173.86427099999844,2.1750277881721662,0.0
174.10824999999895,1.0590972809616517,0.8960703205791106,174.1154989999984,2.151931838949426,0.0
174.347119999999,1.0553321238491389,0.8999482936918304,174.34805499999837,2.230768393025942,0.0
174.607096999999,1.037281472577359,0.9278697001034125,174.6006379999983,2.402739707789779,0.0
174.84234799999885,1.009586640948051,0.9635470527404343,174.84544199999831,2.5976201229909157,0.0
175.0963229999989,0.9789281388107587,0.9968976215098241,175.10540899999828,2.7856619517520382,0.0
175.36285299999898,0.9536748980266141,0.9999999999999999,175.3695209999982,2.960225212206999,0.0
175.59844199999893,0.9434322244236486,0.9999999999999999,175.58880799999812,3.1196201497539033,0.0
175.85528299999885,0.9588582335150391,0.9999999999999999,175.84123899999807,3.2597839615482638,0.0
176.08664299999882,1.0072056779461067,0.9666494312306101,176.09326199999802,3.3737760579690734,0.0
176.3354109999988,1.0847764983021326,0.8596173733195449,176.3382779999981,3.4519578247946754,0.0
176.57735099999877,1.1782067098903484,0.6683040330920372,176.584690999998,3.481460388455438,0.0
176.83179999999885,1.2725834678775274,0.45475698035160284,176.8305919999978,3.439277391372751,0.0
177.07788299999882,1.3547997023206497,0.256894174422613,177.0805319999978,3.2823015278691483,0.0
177.3278109999988,1.4135002441336013,0.1357290589451913,177.3490609999978,2.9856649467190404,0.0
177.57225499999896,1.4404064506931193,0.1008273009307135,177.57064599999785,2.6512625946449035,0.0
177.8262019999989,1.43350418783671,0.10703205791106511,177.81812999999792,2.3779699058927006,0.0
178.06020699999885,1.3988818489316943,0.16037573250603232,178.0727269999979,2.160446408266591,0.0
178.31169499999874,1.3492208446552127,0.2737849017580144,178.32064999999784,1.9805204275124537,0.0
178.57055399999874,1.3010719346757273,0.38598759048603926,178.5720559999978,1.819744529945118,0.0
178.80166299999865,1.2685534253722885,0.4583764219234746,178.8162669999978,1.6648856090410944,0.0
179.05672199999856,1.258427897037994,0.4873319544984488,179.06319899999775,1.510268266090387,0.005429162357807659
179.29584099999855,1.26962663152386,0.45596346087556006,179.31314299999775,1.3574177948354866,0.25086177180282665
179.54651199999861,1.297547579404617,0.3944329541537401,179.55765299999788,1.2107339479005104,0.5898827990348156
179.79452799999868,1.3363389884481442,0.30756635642881763,179.8002569999979,1.0753810335469518,0.8689245087900723
180.03821399999873,1.3764071913267673,0.20622199241640812,180.05418699999794,0.9555147310575502,0.9999999999999999
180.2857209999988,1.4044435537010225,0.1507238883143744,180.29896799999796,0.854985985127992,0.9999999999999999
180.53731399999864,1.408262917902208,0.14270941054808686,180.54533899999797,0.7775808326730704,0.9999999999999999
180.78535999999866,1.3863220596948338,0.17967942088934843,180.78586399999796,0.7259962436435985,0.9999999999999999
181.0289079999987,1.3510650268349957,0.26533953809031363,181.0349479999979,0.7022512347544055,0.9999999999999999
181.2877889999986,1.3224162575866512,0.3377283695277491,181.27772399999785,0.707434646318809,0.9999999999999999
181.5262969999986,1.317966267121513,0.34738021371940714,181.54500099999797,0.7420981995555491,0.9999999999999999
181.78333299999858,1.3460129180960019,0.28102378490175794,181.79123599999804,0.8101030381409102,0.9999999999999999
182.0250809999986,1.4029962610043076,0.15434332988624616,182.041583999998,0.9279792689229613,0.9999999999999999
182.27714599999865,1.4743815412626233,0.05196483971044465,182.27675199999803,1.1085162929057277,0.8251465012064806
182.52155099999868,1.5413002741089674,0.0,182.51543999999802,1.3410259809259584,0.2942950706652878
182.76644299999873,1.5880336595350844,0.0,182.7875679999981,1.5979602580604064,0.0
183.01240699999872,1.607749078844881,0.0,183.04610299999808,1.8496086949493522,0.0
183.26055299999882,1.6028010405271356,0.0,183.26302899999814,2.075765271412886,0.0
183.5040739999988,1.577985677738471,0.0,183.51080399999816,2.2651542010479675,0.0
183.76406899999895,1.5360439571880145,0.0,183.75642499999807,2.409418359663492,0.0
184.00712799999903,1.4777125885379245,0.048086866597724896,184.00880199999796,2.497921419880671,0.0
184.2635459999991,1.4043241251013894,0.15193036883833164,184.25303499999785,2.5180983305824225,0.0
184.50141299999922,1.3188784638930575,0.34496725267149264,184.5023119999978,2.4569560485741597,0.0
184.74450499999924,1.2269406030540626,0.5536883833160979,184.75129599999778,2.317767098292091,0.0
184.99756099999925,1.1354479522468566,0.7732678386763184,184.9973159999977,2.136177147366471,0.0
185.24343199999916,1.0519935388156827,0.9046018614270941,185.24015199999772,1.9591430064800206,0.0
185.48684499999925,0.9842070168147545,0.9930196483971043,185.49176499999768,1.81262135727875,0.0
185.73179299999913,0.9373688492586943,0.9999999999999999,185.73616099999765,1.703480168594971,0.0
185.98176799999916,0.9133033463237348,0.9999999999999999,185.9861279999977,1.629565912999587,0.0
186.2481579999992,0.9097165275068144,0.9999999999999999,186.24424999999775,1.5818245343981219,0.0
186.48678499999923,0.9204097854560183,0.9999999999999999,186.49168999999776,1.5479659212193986,0.0
186.72102299999932,0.9364577219498396,0.9999999999999999,186.73219899999782,1.5151414657251348,0.0046535677352637075
186.9754849999992,0.9490249626465099,0.9999999999999999,186.97459999999782,1.4728635857552985,0.053516028955532556
187.2290409999993,0.9497998032858249,0.9999999999999999,187.23051699999777,1.4161396374182371,0.13185108583247154
187.47050899999928,0.9337299438439346,0.9999999999999999,187.46851299999776,1.3474424868540478,0.27740434332988617
187.71645499999926,0.9019926624056137,0.9999999999999999,187.77050499999768,1.2766464022532422,0.44872457773181673
187.96389799999938,0.8627464766367112,0.9999999999999999,187.97250599999762,1.2176569671199957,0.5790244743192002
188.20743899999943,0.8268052055094532,0.9999999999999999,188.21964599999765,1.1826548644687247,0.6562392278524647
188.4598099999994,0.8030547009434594,0.9999999999999999,188.45549699999768,1.1758701786333363,0.6803688383316098
188.7063669999993,0.7961615649198622,0.9999999999999999,188.7103509999977,1.192453919739023,0.6381420199931057
188.96239899999918,0.8049698405007528,0.9999999999999999,188.95651599999763,1.2205775844619566,0.572992071699414
189.2016829999992,0.8229448324650835,0.9999999999999999,189.2250179999976,1.2485822784871115,0.5090486039296794
189.4562999999992,0.8415062823154514,0.9999999999999999,189.4595809999976,1.273901556927677,0.45475698035160284
189.70113799999928,0.8541829237679648,0.9999999999999999,189.71203299999752,1.3052938164370784,0.37030334367459494
189.94661899999923,0.8594297855946574,0.9999999999999999,189.95052099999745,1.3555771151979337,0.2520682523267839
190.1925909999991,0.8603755486337865,0.9999999999999999,190.1929219999973,1.4361913818000351,0.10548086866597721
190.45357199999916,0.8640132161455709,0.9999999999999999,190.4415179999973,1.551256151199788,0.0
190.71483699999905,0.8783569948314381,0.9999999999999999,190.71649999999727,1.6927915927801274,0.0
190.933887999999,0.9090690326540993,0.9999999999999999,190.9345519999973,1.8364386121619463,0.0
191.18080499999917,0.9568502096976423,0.9999999999999999,191.19987899999725,1.9507322292085112,0.0
191.43273999999917,1.016615450849251,0.9503619441571871,191.42903999999712,2.012133849911117,0.0
191.68577499999907,1.07995409503901,0.8627197518097207,191.69096899999715,2.007780511935668,0.0
191.929741999999,1.1380354781657163,0.7648224750086179,191.9265719999972,1.9392437065323098,0.0
192.17924099999902,1.1836269529323826,0.6550327473285074,192.17619899999704,1.8233409734065789,0.0
192.43018599999886,1.2116909231756061,0.5874698379869011,192.42004399999706,1.6853504400583585,0.0
192.6766159999989,1.2202748407954198,0.572992071699414,192.67745899999704,1.5486672707059541,0.0
192.92272999999878,1.211172670566641,0.5886763185108583,192.92294799999712,1.4299495931134658,0.11168562564632882
193.16156899999876,1.1909341620625686,0.639348500517063,193.1594859999972,1.3391233936784463,0.2991209927611168
193.41685899999868,1.1683866722019178,0.6900206825232679,193.4043049999972,1.2804292430204314,0.4426921751120304
193.6653009999987,1.151590354688418,0.7298345398138574,193.70186699999715,1.2560565352404927,0.4921578765942778
193.9228789999986,1.1452275310078561,0.7491382281971736,193.91941699999717,1.268343050214698,0.45958290244743183
194.16680299999862,1.150546085069363,0.7322475008617719,194.15280899999715,1.3168976284890992,0.3485866942433644
194.40273299999856,1.1649147895161356,0.6984660461909686,194.39487699999708,1.3893737368252201,0.17605997931747666
194.64932699999866,1.1819282017199955,0.6586521889003791,194.66375799999693,1.4595256074126535,0.07135470527404343
194.8921789999986,1.1933632697713041,0.6357290589451913,194.8969059999971,1.502660015152916,0.01783867631851088
195.1545069999986,1.1928002693564517,0.6381420199931057,195.14032699999706,1.5123036196813846,0.0046535677352637075
195.3980409999985,1.1819435290483704,0.6586521889003791,195.387182999997,1.4963695951406846,0.025594622543950393
195.64044099999856,1.1690632042941451,0.6900206825232679,195.63767899999698,1.4650044946026877,0.06204756980351602
195.88479399999858,1.1650985304689176,0.6984660461909686,195.88467399999698,1.4270376126887323,0.11711478800413648
196.12831599999848,1.180871642468035,0.6610651499482937,196.13924699999706,1.3886405690140011,0.17605997931747666
196.38267999999843,1.2269809217744954,0.5524819027921407,196.39426499999703,1.3540710369676756,0.256894174422613
196.63272699999845,1.310087038866421,0.3594450189589796,196.63068899999703,1.325594637409937,0.328076525336091
196.8771409999984,1.4294498489017566,0.11168562564632882,196.87507299999714,1.304682355681654,0.37030334367459494
197.1331409999985,1.5762989434055696,0.0,197.1326089999971,1.2922239959438993,0.41011720096518445
197.37376699999834,1.7363791197894662,0.0,197.37904599999712,1.2888897043981595,0.4185625646328852
197.65506499999836,1.892152067284453,0.0,197.62048699999704,1.295978441103944,0.39925887624956913
197.86507799999828,2.0295261238278126,0.0,197.8703009999971,1.3175522665529136,0.34738021371940714
198.1199829999981,2.135662351496464,0.0,198.11184299999707,1.3567796363177345,0.25086177180282665
198.36403899999814,2.1951372371782765,0.0,198.38855499999707,1.411409649004609,0.1388314374353671
198.6189669999982,2.1942846037121386,0.0,198.608533999997,1.473301649057351,0.052740434332988605
198.85291299999813,2.1333179072646518,0.0,198.86536799999698,1.5319925783443513,0.0
199.10335399999812,2.029600662809794,0.0,199.11984899999706,1.579479503911353,0.0
199.35040799999823,1.9077778950321833,0.0,199.36304999999703,1.6120010880227789,0.0
199.6177739999982,1.7888292625623232,0.0,199.60299899999694,1.6291517761779495,0.0
199.84239699999816,1.6854236349561589,0.0,199.87737699999693,1.6312462932726244,0.0
200.09632699999815,1.60300173719853,0.0,200.09733399999695,1.6184260150807428,0.0
200.3557949999981,1.5408401613321392,0.0,200.35089099999698,1.594338130178742,0.0
200.5876839999981,1.4937163349259657,0.0302481902792141,200.59183899999695,1.567554754273073,0.0
200.83068099999798,1.4546859275776327,0.07755946225439504,200.85425299999696,1.5485002528412954,0.0
201.08552399999795,1.4181434974645972,0.1295243019648397,201.08487199999692,1.5436342102896703,0.0
201.33450799999787,1.3819227316150207,0.1893312650810065,201.33386299999694,1.551732482176978,0.0
201.60305199999772,1.347428204736658,0.27740434332988617,201.60024899999692,1.5651623457505313,0.0
201.83543999999762,1.3184513053697966,0.34738021371940714,201.82733899999693,1.5714307490055042,0.0
202.07021399999766,1.29893221670801,0.3908135125818683,202.07613099999688,1.5583162667669312,0.0
202.3226259999976,1.2899456511258671,0.41614960358497066,202.31864199999688,1.5208151791992646,0.0
202.57111799999763,1.2876356687579051,0.42097552568079977,202.56961699999687,1.4663275460519936,0.06127197518097207
202.81812099999763,1.2833591536474616,0.4330403309203723,202.8114999999969,1.4120389167254417,0.1372802481902792
203.06811899999767,1.2662042730415122,0.46561530506721815,203.06195499999694,1.377355489361272,0.2013960703205791
203.31965099999763,1.2294432309141923,0.5476559806963117,203.31402299999684,1.3747880037834652,0.21104791451223714
203.5592789999976,1.1780484864349994,0.6695105136159945,203.5657699999969,1.401579097738432,0.15675629093416069
203.81137499999758,1.1259024975931118,0.7925715270596346,203.81147199999697,1.4401961370660903,0.10160289555325745
204.0532179999976,1.0852502869936023,0.8596173733195449,204.05672299999685,1.4682151801282193,0.058945191313340216
204.30322099999756,1.0602581026939903,0.8952947259565667,204.300340999997,1.4713560155495977,0.05661840744570836
204.54659599999758,1.0460836798474875,0.9154601861427093,204.55819699999702,1.4510364320543954,0.0814374353671148
204.80504099999752,1.0339385874149194,0.9325232678386762,204.81674599999698,1.4261802896970124,0.11866597724922438
205.05399799999728,1.0168398070034819,0.9503619441571871,205.042238999997,1.427935820686717,0.11401240951396067
205.2968769999972,0.9938027462840716,0.982161323681489,205.29575599999703,1.4873914755500905,0.036452947259565625
205.53965699999716,0.9708972551080263,0.9999999999999999,205.54575299999706,1.6207358088305108,0.0
205.78868599999709,0.9595890153521228,0.9999999999999999,205.795750999997,1.814048354672963,0.0
206.03354499999705,0.972794491598722,0.9999999999999999,206.0601009999969,2.0239149905219724,0.0
206.28357399999697,1.0199513040769606,0.9495863495346432,206.2764879999969,2.201056630816969,0.0
206.53253699999706,1.1022855628502832,0.8396242674939677,206.54297699999688,2.3169832216349544,0.0
206.77243999999718,1.2069598383138236,0.5983281627025164,206.78934499999687,2.36707346261405,0.0
207.02174099999712,1.3089749703141091,0.36065149948293684,207.02499399999684,2.3633962891690747,0.0
207.27910299999724,1.3856423764289483,0.17967942088934843,207.27837899999676,2.3236311407927803,0.0
207.5182659999972,1.4319151222884687,0.10858324715615301,207.52515899999676,2.264430433221757,0.0
207.76744399999717,1.4582082742091116,0.07445708376421924,207.76825899999685,2.196428071206517,0.0
208.02033499999712,1.478548439845365,0.046535677352636994,208.01043099999671,2.1190593463283456,0.0
208.26480999999706,1.500093070948332,0.01861427094105483,208.26157499999692,2.0254349152697926,0.0
208.507590999997,1.5213157274681601,0.0,208.51061599999693,1.9103571596267837,0.0
208.75919499999688,1.5351976418901683,0.0,208.75996099999693,1.776980145735469,0.0
209.0151079999968,1.5331797804132685,0.0,209.0230479999969,1.6356778040442923,0.0
209.26575599999677,1.5108051201425778,0.005429162357807659,209.2702549999968,1.498510511051031,0.020165460186142733
209.51790399999683,1.4713074167381908,0.05661840744570836,209.49526099999682,1.3767973892251466,0.2013960703205791
209.74169899999686,1.4217713417149498,0.124870734229576,209.74772599999696,1.2821007726257339,0.43907273354015863
209.9980049999969,1.3694427700658927,0.2182867976559807,210.00320499999702,1.2276023862887544,0.5500689417442262
210.23596599999684,1.31950145434272,0.34376077214753537,210.25125199999707,1.2285038634504808,0.5488624612202689
210.48791799999685,1.2755071594752192,0.4511375387797312,210.53008899999702,1.2993233604196064,0.38960703205791103
210.73457399999677,1.2399069183310905,0.5271458117890383,210.74393699999695,1.4469237798781716,0.08764219234746641
210.98356599999676,1.2154965186181392,0.5814374353671148,210.98979499999706,1.6582564346900828,0.0
211.2559419999968,1.2027654741161768,0.6079800068941744,211.23323199999703,1.8991473112448847,0.0
211.47895599999674,1.1969612329900285,0.6188383316097897,211.4802799999969,2.13042752276849,0.0
211.7218279999967,1.1926109721363445,0.6381420199931057,211.7312019999969,2.3277530997264475,0.0
211.97385999999656,1.186086327978265,0.6477938641847638,211.9720919999968,2.483347823234409,0.0
212.2166069999966,1.1741397500563115,0.6851947604274389,212.22749499999676,2.5977076772815977,0.0
212.4891929999966,1.1521896235397386,0.7250086177180284,212.4774619999967,2.6757500110788355,0.0
212.71720399999657,1.116206814313307,0.8106687349189935,212.71484599999664,2.72677108033926,0.0
212.96396799999644,1.0654262802717864,0.8867631851085832,212.9680659999967,2.760127671682896,0.0
213.2199039999964,1.003052980532264,0.9682006204756979,213.2104179999966,2.7785608948254485,0.0
213.47052499999646,0.9351497609160891,0.9999999999999999,213.45873999999657,2.7731227777566962,0.0
213.69953799999635,0.8691066929786051,0.9999999999999999,213.73430199999646,2.7276848136982825,0.0
213.95416199999624,0.811526512167396,0.9999999999999999,213.9548989999965,2.6342525532275634,0.0
214.21159699999626,0.7662491416233367,0.9999999999999999,214.20586899999643,2.499143284929223,0.0
214.44648599999618,0.734057148561115,0.9999999999999999,214.4558289999965,2.3397489705430647,0.0
214.69795699999625,0.7140598683924101,0.9999999999999999,214.69634099999658,2.1799641769303,0.0
214.95439299999612,0.7044044781865952,0.9999999999999999,214.94313199999664,2.0479782941526476,0.0
215.19056399999613,0.7047594897115022,0.9999999999999999,215.2057869999966,1.9746281040013156,0.0
215.45437199999614,0.7162910111681099,0.9999999999999999,215.44027499999657,1.9845404625511,0.0
215.68488099999612,0.7400923447338781,0.9999999999999999,215.71958599999653,2.0806214578141433,0.0
215.93884499999612,0.7752483574540949,0.9999999999999999,215.94520899999648,2.226232181822036,0.0
216.17787199999628,0.8178048295663143,0.9999999999999999,216.18119399999648,2.3580541431485993,0.0
216.43545099999622,0.8624470771103588,0.9999999999999999,216.43009599999647,2.4255175293357807,0.0
216.67697099999617,0.9038672231469042,0.9999999999999999,216.68246199999635,2.4129438336361764,0.0
216.9458199999961,0.9384663277750167,0.9999999999999999,216.94746999999643,2.3332734086129965,0.0
217.16795399999612,0.9667947342721641,0.9999999999999999,217.18049999999636,2.2127939133859087,0.0
217.41792199999617,0.9934674573304508,0.982936918304033,217.4240889999964,2.079423827928968,0.0
217.66228999999626,1.0235604693029665,0.9433815925542915,217.66738099999648,1.9539908618401218,0.0
217.91017699999617,1.0602368353447724,0.8952947259565667,217.91204399999657,1.849553159379398,0.0
218.16498099999617,1.1048298069468707,0.8347983453981386,218.1645749999964,1.772900177568638,0.0
218.41040599999616,1.1577830597112628,0.7165632540503275,218.41410399999648,1.7261490114880498,0.0
218.65489799999608,1.2203850169507342,0.572992071699414,218.6555149999963,1.7063371890611143,0.0
218.91085499999596,1.2934847495346622,0.40529127886935534,218.91048299999647,1.705127720302614,0.0
219.15293199999596,1.3769784939597725,0.2013960703205791,219.16537999999642,1.7112073267793346,0.0
219.3942319999959,1.4679810382355511,0.058945191313340216,219.40682499999645,1.7145017473663215,0.0
219.64146499999586,1.5591425545241429,0.0,219.64468299999632,1.709517496907603,0.0
219.89027799999587,1.637188056137667,0.0,219.90028399999625,1.6957767374709527,0.0
220.1497649999959,1.6878426502940365,0.0,220.16109099999622,1.6765854045608282,0.0
220.38736099999593,1.7022297009695835,0.0,220.39515899999623,1.6573541950863804,0.0
220.63577599999593,1.6922806132823407,0.0,220.65607899999623,1.6429463503479218,0.0
220.88322799999582,1.6857062479291347,0.0,220.88645499999615,1.6362012215415358,0.0
221.13211199999577,1.7018156677884266,0.0,221.1400539999961,1.6358490140983495,0.0
221.37541699999574,1.7446899825960818,0.0,221.41449999999585,1.6349383285722792,0.0
221.6189379999957,1.8126873417170095,0.0,221.6238389999958,1.6242990079813646,0.0
221.87246499999563,1.9034150762019433,0.0,221.88497399999582,1.5991716206971882,0.0
222.11531899999562,2.011970504413519,0.0,222.12437699999575,1.5614755252717796,0.0
222.36838599999552,2.128097851036632,0.0,222.37176999999576,1.5178720400524452,0.0023267838676318538
222.60751299999555,2.237224978710026,0.0,222.61827299999578,1.475328458174343,0.05041365046535675
222.86994299999571,2.3198270045722578,0.0,222.88523799999584,1.4374306023151704,0.10470527404343326
223.1105759999956,2.3543656279294938,0.0,223.13622399999582,1.4030431199153452,0.1531368493622889
223.35099399999558,2.324217328395534,0.0,223.36754399999572,1.3664598584075334,0.22552568079972424
223.5973899999955,2.2276381237336436,0.0,223.62127199999574,1.3227231525056349,0.3377283695277491
223.84837599999545,2.0834303497921765,0.0,223.86428999999566,1.2719248352948171,0.45475698035160284
224.09529199999545,1.9260603893737067,0.0,224.10372899999564,1.219036854013107,0.5766115132712858
224.35380999999546,1.7922453970581202,0.0,224.3525669999956,1.1719315499028862,0.6888142019993106
224.61575799999545,1.7041580732844936,0.0,224.62362799999548,1.1379180408122085,0.7648224750086179
224.84206399999528,1.6641568314096884,0.0,224.8452499999954,1.120400260876814,0.7998104102033782
225.0820369999953,1.6618305969607976,0.0,225.09646699999536,1.1163561097813142,0.8106687349189935
225.33172299999532,1.683436670539547,0.0,225.41311799999534,1.1172142191647945,0.8082557738710789
225.58028099999524,1.711540185865974,0.0,225.60146899999538,1.1132325497461113,0.8154946570148225
225.82333299999516,1.7323823929810145,0.0,225.83902999999538,1.0980410157294853,0.8492761116856257
226.0740979999951,1.7453442105361985,0.0,226.0870539999953,1.0713455349724494,0.8759048603929679
226.324745999995,1.7637030551830108,0.0,226.33099599999537,1.0378431280367935,0.9255429162357807
226.57123599999505,1.8055419679709215,0.0,226.6090069999953,1.0040640403227121,0.9682006204756979
226.80918199999502,1.8785644752389805,0.0,226.83548399999535,0.9770687489648147,0.9999999999999999
227.0660549999949,1.9736856339444628,0.0,227.08034499999536,0.9657965072181472,0.9999999999999999
227.3219869999949,2.0695776536097945,0.0,227.34833099999537,0.9833219235333961,0.9937952430196483
227.5586199999948,2.1345412761724796,0.0,227.57237299999542,1.045671215991402,0.9154601861427093
227.8230759999948,2.135829101315152,0.0,227.84076899999542,1.162366847942576,0.7032919682867977
228.0565189999948,2.063427181965864,0.0,228.06613199999546,1.321601563693134,0.3401413305756636
228.29967499999495,1.938774430176966,0.0,228.3217269999955,1.484642013988931,0.03877973112719748
228.5475349999951,1.7947142724728202,0.0,228.57363899999555,1.6072318525297449,0.0
228.79957799999508,1.6552395305390435,0.0,228.81365499999546,1.668197493522987,0.0
229.04302299999503,1.5320926612086754,0.0,229.05295399999545,1.6727397441177956,0.0
229.288473999995,1.428792941877032,0.11246122026887277,229.29468199999548,1.6437124786937691,0.0
229.54089599999497,1.345076633038602,0.2834367459496725,229.54499899999556,1.6106976632064929,0.0
229.78533299999492,1.2794279108977256,0.4438986556359876,229.79496899999552,1.6020848458947046,0.0
230.029294999995,1.2285928489928528,0.5488624612202689,230.0439429999956,1.6379678952945662,0.0
230.27770899999493,1.1874326538735978,0.6465873836608066,230.29045499999552,1.7190023621435901,0.0
230.529750999995,1.150901512722318,0.7322475008617719,230.54837199999548,1.821989592386927,0.0
230.77523699999495,1.1175871529988852,0.8070492933471217,230.7821749999956,1.9166760090715633,0.0
231.02222199999505,1.0898436698525096,0.8557394002068252,231.04410099999558,1.9860939831180153,0.0
231.26607599999494,1.0707795448487676,0.8766804550155118,231.28102099999552,2.02430204271671,0.0
231.51719399999487,1.0637374032525186,0.890641158221303,231.5346439999954,2.0276926477442556,0.0
231.76167499999482,1.073746261082195,0.8720268872802481,231.7729539999953,1.995476300750772,0.0
232.01762799999483,1.1050690829001557,0.8347983453981386,232.0213879999953,1.9319090495105866,0.0
232.2866279999948,1.1583491703715905,0.7153567735263703,232.29289399999524,1.8442287578329524,0.0
232.5024339999948,1.2295565958906414,0.5476559806963117,232.51235699999518,1.7398719067003565,0.0
232.75436399999475,1.3103682117631996,0.35823853843502235,232.75972599999514,1.626915194282324,0.0
233.0018159999948,1.3888312695428175,0.17605997931747666,233.01486199999508,1.5150083575065487,0.0046535677352637075
233.24728099999484,1.450028482034301,0.08221302998965875,233.25567699999507,1.4150102660732795,0.1341778697001034
233.49171699999485,1.4806817515811885,0.04576008273009304,233.51019099999507,1.3358109342106288,0.3087728369527749
233.74667299999481,1.4752683354837277,0.05041365046535675,233.758538999995,1.2825270567256442,0.4378662530162013
233.99688899999478,1.4376953799672911,0.1039296794208893,234.00962799999502,1.2536888680896134,0.4969837986901069
234.24082699999485,1.3793845899906039,0.1953636677007928,234.25238899999502,1.2410315533990715,0.5247328507411237
234.48610899999477,1.3149467569845892,0.3509996552912789,234.52491099999503,1.232829151732803,0.5428300586004826
234.7381349999947,1.2576119917430981,0.48974491554636335,234.74633599999515,1.2207778753828629,0.572992071699414
234.98118899999477,1.2169485330566323,0.5790244743192002,234.9975519999951,1.2015441077043216,0.610392967942089
235.22668099999478,1.1982709715916977,0.6164253705618753,235.24573299999503,1.1758838926377737,0.6803688383316098
235.49001199999475,1.2016679917293913,0.610392967942089,235.50566299999502,1.1480443074943247,0.7455187866253018
235.72128199999474,1.220647982363007,0.572992071699414,235.726714999995,1.121756234262355,0.7998104102033782
235.9724159999947,1.244687777386798,0.5174939675973802,235.99362699999497,1.0977675476491902,0.8492761116856257
236.2212709999946,1.2656814240659473,0.46561530506721815,236.239582999995,1.0732109332869209,0.8728024819027921
236.46366999999452,1.2818958234122138,0.44027921406411585,236.4724189999949,1.0433391783309867,0.9170113753877972
236.71366099999454,1.2957459140561292,0.39925887624956913,236.72071699999486,1.0064413982154363,0.9682006204756979
236.96334799999454,1.310668926892457,0.35823853843502235,236.9587609999948,0.9641668795316387,0.9999999999999999
237.2120949999944,1.3312290602606682,0.3135987590486039,237.2207929999949,0.9203356558983549,0.9999999999999999
237.45954699999436,1.3610120443403286,0.23879696656325408,237.48734599999486,0.8802920310959432,0.9999999999999999
237.70561199999426,1.3995318503868996,0.16037573250603232,237.70723999999487,0.8495843917875104,0.9999999999999999
237.95264299999428,1.4451345124826012,0.09152016546018617,237.95499199999477,0.8339519179218938,0.9999999999999999
238.21055599999417,1.4984613432666425,0.020165460186142733,238.1959469999948,0.8394300259649038,0.9999999999999999
238.44999099999416,1.5634043395182782,0.0,238.44993999999474,0.8734882034340944,0.9999999999999999
238.7043949999941,1.6392821867851397,0.0,238.71750499999467,0.9421945487005798,0.9999999999999999
238.97389999999402,1.7187614135027371,0.0,238.95234299999467,1.042792746953142,0.9177869700103412
239.19036199999397,1.7923257613239514,0.0,239.19741799999474,1.1667050345410035,0.6972595656670114
239.44222999999403,1.8525012730970918,0.0,239.44493099999468,1.3061039354664672,0.3678903826266804
239.68980599999395,1.893428731357106,0.0,239.69578799999468,1.4560379125132352,0.07678386763185109
239.95205499999403,1.9071039794232327,0.0,239.95283299999468,1.6092887260599844,0.0
240.17751099999404,1.886166184233525,0.0,240.1833409999947,1.7542914929993272,0.0
240.42583499999412,1.830301200074255,0.0,240.43332399999468,1.8753882105457103,0.0
240.68582699999416,1.7494793433795661,0.0,240.68021499999458,1.9558474697474733,0.0
240.92658599999424,1.6627069705769266,0.0,240.92564499999466,1.9841150100538307,0.0
241.17133599999426,1.5944818721224139,0.0,241.17270299999458,1.9565814018333985,0.0
241.41534499999418,1.5673125148934068,0.0,241.4191119999946,1.8794597404130342,0.0
241.66164999999413,1.5877020149974213,0.0,241.6680759999946,1.7677903181631707,0.0
241.91166799999417,1.6389116611744488,0.0,241.94905699999447,1.644479665196616,0.0
242.16328499999418,1.6930589811243255,0.0,242.16609199999445,1.533190831302206,0.0
242.40520699999414,1.72715035229177,0.0,242.41250299999447,1.449518854590494,0.08221302998965875
242.66657799999413,1.7318844364405228,0.0,242.67040699999438,1.3976126670879143,0.16158221302998957
242.89902699999413,1.708808624390724,0.0,242.91586199999438,1.3699013486975824,0.21708031713202344
243.15831499999402,1.6653868569924066,0.0,243.17582999999442,1.354068182942703,0.256894174422613
243.39829999999404,1.6147468663804776,0.0,243.40385499999445,1.3390392122195713,0.2991209927611168
243.6399169999941,1.5716111818978844,0.0,243.6462729999945,1.3203747714916685,0.34376077214753537
243.89184899999407,1.5397976274909801,0.0,243.90174799999448,1.3017124298561311,0.38478110996208204
244.133453999994,1.5113230760362086,0.0046535677352637075,244.14123599999448,1.2917714404976282,0.41011720096518445
244.38824799999406,1.478064010769307,0.046535677352636994,244.39522299999444,1.2993888864540029,0.38960703205791103
244.62962999999408,1.437621576735837,0.10470527404343326,244.64120899999435,1.329156609257724,0.3220441227163047
244.881249999994,1.3918596500485572,0.17123405722164764,244.8918729999943,1.3785208058648935,0.19898310927266458
245.134615999994,1.3450387198210867,0.2834367459496725,245.1432839999943,1.4381387845152034,0.1039296794208893
245.3752239999939,1.3022939541390934,0.3823681489141675,245.38702599999422,1.4950364042915107,0.027145811789038295
245.62762899999402,1.2691645587212497,0.4571699413995174,245.62851599999405,1.5366478032201512,0.0
245.87504699999403,1.2511184100293926,0.5006032402619787,245.90247299999393,1.5559985633611588,0.0
246.11697899999405,1.2533984769159718,0.4969837986901069,246.12327199999407,1.5571320602927545,0.0
246.38036299999405,1.2781202246998666,0.4463116166839022,246.38085999999404,1.5541978331703759,0.0
246.61535499999394,1.3186887544947077,0.34738021371940714,246.61678199999403,1.5648047038341875,0.0
246.87200699999386,1.3626639567893877,0.23397104446742506,246.87567899999402,1.6012809820892706,0.0
247.10859599999387,1.4001144320933525,0.15916925198207518,247.1101439999939,1.6634441785985548,0.0
247.35289599999385,1.4253875639694862,0.11944157187176833,247.36706699999394,1.7324963946882868,0.0
247.6229039999938,1.4348873926293835,0.10548086866597721,247.62896599999402,1.7818649794908792,0.0
247.86042499999388,1.4271696422941467,0.11633919338159253,247.853524999994,1.793523283650802,0.0
248.11350099999385,1.4035033737424345,0.15193036883833164,248.10656899999407,1.7639618932209982,0.0
248.34894499999373,1.3694456308175174,0.2182867976559807,248.3618759999941,1.7019893059735811,0.0
248.58335299999374,1.3343388416674555,0.30997931747673213,248.59876399999393,1.6213160244018086,0.0
248.8408969999937,1.307029739188899,0.3678903826266804,248.85783799999376,1.5352172014593544,0.0
249.0832989999937,1.292803214570316,0.4064977593933127,249.09373499999373,1.452799513421212,0.078335056876939
249.3383139999937,1.2926622963332002,0.4089107204412271,249.34178099999366,1.3845881152648039,0.18209238193726296
249.58764299999368,1.3020303183836734,0.38357462943812476,249.60735299999365,1.3534643006760647,0.2593071354705273
249.82361499999368,1.3160855065626316,0.3509996552912789,249.8408659999936,1.3791958256455072,0.19657014822475005
250.0773179999936,1.333693599078589,0.30997931747673213,250.0954749999936,1.4544555498918792,0.07755946225439504
250.32038399999354,1.3580080293889873,0.2496552912788694,250.35657699999365,1.5576553587064215,0.0
250.57539999999352,1.3961816684346404,0.1639951740779041,250.58466099999347,1.6714715712592993,0.0
250.82626199999342,1.4554023453657652,0.07678386763185109,250.85896399999345,1.7945352547689737,0.0
251.06711499999338,1.5361941338811214,0.0,251.07942799999344,1.9454661927537193,0.0
251.31176899999332,1.6254173668639662,0.0,251.3265579999934,2.1292749902780135,0.0
251.56027499999328,1.6941804084796321,0.0,251.59308399999344,2.3187010195747257,0.0
251.80910099999323,1.7127792606477055,0.0,251.81712999999348,2.476589033064045,0.0
252.0576969999932,1.673873895480259,0.0,252.07160799999352,2.5732914363407593,0.0
252.3002039999932,1.5921551981026696,0.0,252.31850199999346,2.594010549156918,0.0
252.55054199999307,1.488576491490463,0.035677352637021674,252.55712999999355,2.5489126317863544,0.0
252.8020989999931,1.382596801562412,0.18571182350913473,252.8193509999935,2.4625398794013624,0.0
253.04838799999308,1.290917533166003,0.4137366425370562,253.08089499999355,2.3485021513496376,0.0
253.28924399999306,1.2286333038107369,0.5488624612202689,253.31429699999347,2.2075285834211127,0.0
253.5402559999929,1.2076372312881682,0.5983281627025164,253.57377699999347,2.0397208817222583,0.0
253.7851799999929,1.2337480407967325,0.5380041365046536,253.80128599999344,1.8606287014183343,0.0
254.04065499999297,1.305444093907996,0.36909686315063767,254.07887699999344,1.706657416199547,0.0
254.2865759999928,1.4163811973144036,0.13029989658738364,254.29910599999343,1.6059529211240713,0.0
254.5325019999928,1.5580811157165668,0.0,254.54524599999334,1.5587385801342357,0.0
254.78440799999277,1.7216095733363335,0.0,254.80421399999346,1.55005709803124,0.0
255.02696099999278,1.8951665142499579,0.0,255.06758899999335,1.5595183171995348,0.0
255.27094499999274,2.061236654517301,0.0,255.3246509999933,1.569841586374095,0.0
255.52027799999274,2.1964937958898965,0.0,255.5382219999933,1.5743980516546605,0.0
255.76280799999267,2.2776735637715895,0.0,255.79443499999326,1.579633259062695,0.0
256.01279399999254,2.293887436847072,0.0,256.03199399999323,1.601501417900236,0.0
256.26424999999256,2.253450318548228,0.0,256.3188089999933,1.6603896376645977,0.0
256.50544899999255,2.1768191180230705,0.0,256.5258709999933,1.774556223019624,0.0
256.75682899999254,2.086882512814391,0.0,256.80538799999323,1.944086622326983,0.0
257.0084859999925,2.002668594389542,0.0,257.01728399999325,2.139288396277799,0.0
257.2747109999926,1.9358594306997723,0.0,257.2637169999933,2.3095979353329916,0.0
257.4993549999926,1.8899381417374397,0.0,257.5422529999933,2.410364652818279,0.0
257.74079699999265,1.8614041371605794,0.0,257.7628439999934,2.4167890833132635,0.0
257.99883699999253,1.8424663982097225,0.0,258.00771399999337,2.3287300661953645,0.0
258.2387999999925,1.8242189282655643,0.0,258.2502849999933,2.170199278726095,0.0
258.5191209999924,1.7988543339843934,0.0,258.54151099999336,1.9782227849875111,0.0
258.74116399999235,1.7654904491827212,0.0,258.7974819999934,1.7904329327246105,0.0
258.9847159999923,1.7363290056276817,0.0,259.0350439999933,1.6351483813526613,0.0
259.24903099999227,1.7284524245009179,0.0,259.24207799999334,1.5278070517819464,0.0
259.4732609999922,1.7494163517532397,0.0,259.49641099999315,1.471769084081192,0.05584281282316441
259.72461299999213,1.7932337520905741,0.0,259.7424309999932,1.460567227920168,0.06980351602895553
259.97255199999216,1.849747685901967,0.0,259.99231499999314,1.4798436409777607,0.04576008273009304
260.22060299999214,1.91154413673658,0.0,260.2387389999932,1.5108563288217476,0.005429162357807659
260.46867899999205,1.9726676695589005,0.0,260.48038399999325,1.5350721126352798,0.0
260.7183129999921,2.0276997070569314,0.0,260.7319399999933,1.542487766987928,0.0
260.96162799999206,2.06827272419951,0.0,260.9778909999933,1.533745215808218,0.0
261.211595999992,2.0825691682264926,0.0,261.2202989999932,1.5158628626301582,0.0038779731127197565
261.4572289999921,2.0618322470423696,0.0,261.47199799999316,1.4949197705250603,0.027145811789038295
261.7225649999921,2.0073510349252484,0.0,261.76857699999306,1.473082041831341,0.052740434332988605
261.9525119999921,1.9302934040790924,0.0,261.961429999993,1.4506320553809908,0.08221302998965875
262.199300999992,1.8467454554493838,0.0,262.214513999993,1.4281613472642745,0.11401240951396067
262.4457799999921,1.7728723141678404,0.0,262.46692399999307,1.4070280806770372,0.14581178903826267
262.69684899999214,1.7197279225267632,0.0,262.7099949999931,1.3876628789622483,0.17847294036539119
262.93814899999234,1.6905279532425603,0.0,262.9895079999929,1.368344542439425,0.22069975870389522
263.2047019999924,1.6813467118572736,0.0,263.198883999993,1.3460941143141363,0.28102378490175794
263.4407009999924,1.6843317230379498,0.0,263.45224799999306,1.319857600685867,0.34376077214753537
263.6876379999924,1.6924197935875283,0.0,263.719332999993,1.290748303088382,0.41494312306101344
263.9330209999922,1.7034726979309678,0.0,263.9448089999929,1.2611638566359726,0.48129955187866247
264.17943999999204,1.7191353266395333,0.0,264.2117159999931,1.233254866805027,0.5404170975525682
264.440675999992,1.7412465400086397,0.0,264.4569769999931,1.208416951826092,0.5971216821785591
264.68540699999215,1.7671324736893137,0.0,264.6847769999933,1.18762542951531,0.6453809031368493
264.9326069999921,1.786846285599197,0.0,264.93571599999353,1.1726478620077028,0.6888142019993106
265.18439599999226,1.7865821752683806,0.0,265.1821709999936,1.1656252723459009,0.6984660461909686
265.4236459999925,1.7573170146083266,0.0,265.4278139999935,1.1684023239598558,0.6900206825232679
265.66762899999276,1.702802113188996,0.0,265.6836009999935,1.1791274883458787,0.6634781109962082
265.9267709999927,1.6393079115940927,0.0,265.9259109999933,1.1939104752246796,0.6345225784212339
266.1767249999926,1.5854775195413746,0.0,266.17748399999334,1.2081630439320405,0.5971216821785591
266.4106169999926,1.5494859037566837,0.0,266.4284819999933,1.2175125928299184,0.5790244743192002
266.6601329999927,1.528192442866291,0.0,266.66343799999345,1.2171010056670974,0.5790244743192002
266.9200909999925,1.5159438729158694,0.003102378490175805,266.9139029999935,1.2032771412368204,0.60556704584626
267.15601999999234,1.509369270134423,0.008531540847983464,267.16470599999354,1.1768417361724564,0.6743364357118236
267.4161619999923,1.5066602832051277,0.01240951396070322,267.4115149999936,1.1432090904646268,0.7539641502930026
267.64600499999244,1.506198908135242,0.01240951396070322,267.66000599999376,1.1208329359607103,0.7998104102033782
267.89198599999264,1.5062610306332538,0.01240951396070322,267.92596199999383,1.1627153634643166,0.7032919682867977
268.1440399999927,1.5050990137682674,0.013960703205791123,268.165457999994,1.364643753709726,0.22793864184763876
268.3934669999927,1.500752039938253,0.01861427094105483,268.3984979999941,1.8478553982076726,0.0
268.64296199999285,1.4924178432393267,0.03179937952430192,268.65188899999396,2.689197253505242,0.0
268.8800689999928,1.4797879211278593,0.04576008273009304,268.90756399999395,3.811212407850011,0.0
269.1364829999928,1.4623733819559217,0.06514994829369182,269.15445799999407,4.949254862792033,0.0
269.3953169999925,1.4385603127567617,0.1039296794208893,269.39084399999393,5.797532405887684,0.0
269.6857799999925,1.408393807679347,0.1419338159255429,269.63680199999385,6.193898021180866,0.0
270.01625799999226,1.3736314316454294,0.21346087556015167,269.8864859999938,6.15059443981538,0.0
270.3464129999926,1.3365876150266396,0.30635987590486036,270.13637699999373,5.779334950947978,0.0
270.566661999993,1.300378625535683,0.38598759048603926,270.3843219999936,5.2272047421173635,0.0
270.89217699999324,1.2695578458256542,0.45596346087556006,270.65439399999383,4.638963780477299,0.0
271.0883319999936,1.2481485074229248,0.5102550844536367,270.8797509999936,4.114071301380693,0.0
271.352273999994,1.230700968886459,0.5464495001723544,271.1347199999938,3.680908871411817,0.0
271.4945489999944,1.1762674388280618,0.676749396759738,271.3762229999938,3.3245802402259392,0.0
271.75165199999446,1.0761057142594443,0.8689245087900723,271.62294099999406,3.027765686250819,0.0
271.99428599999464,0.9592694858837052,0.9999999999999999,271.92930499999403,2.783350766903841,0.0
272.1985039999948,0.8471675791535712,0.9999999999999999,272.13220599999414,2.588399900285152,0.0
272.38960999999483,0.7476708554101974,0.9999999999999999,272.36424699999435,2.4393146791555074,0.0
272.6120199999951,0.6622294221004598,0.9999999999999999,272.61215599999434,2.3293867524931864,0.0
272.85892199999506,0.5899115665624315,0.9999999999999999,272.8696589999943,2.2447237681880896,0.0
273.096047999995,0.5290775956390724,0.9999999999999999,273.10656399999414,2.1698647354502505,0.0
273.341954999995,0.4780446334360154,0.9999999999999999,273.3517449999941,2.0954773962887296,0.0
273.5943679999953,0.4354152031006419,0.9999999999999999,273.614579999994,2.0233133714173746,0.0
273.8498699999956,0.4002720074871182,0.9999999999999999,273.8770379999942,1.9594484185965486,0.0
274.08470999999554,0.37280497608062746,0.9999999999999999,274.09700299999423,1.9044460252062954,0.0
274.3356559999954,0.35630647462398035,0.9999999999999999,274.33812799999424,1.8559819180291877,0.0
274.5820749999954,0.3633502574873514,0.9999999999999999,274.5973469999942,1.8091741167377644,0.0
274.83048599999535,0.4301279486964757,0.9999999999999999,274.8372309999946,1.7578758668617698,0.0
275.0824129999955,0.5821957064603094,0.9999999999999999,275.08564499999466,1.6967565957845046,0.0
275.31798599999536,0.7345526457076754,0.9999999999999999,275.3423019999946,1.6280430241493367,0.0
275.57540399999533,0.8532995704337095,0.9999999999999999,275.5815799999947,1.5604161648251016,0.0
275.8138229999954,0.93709431844111,0.9999999999999999,275.8346359999945,1.505283101455351,0.013960703205791123
276.06819299999563,0.9874398567008142,0.9891416752843846,276.08350199999467,1.4724375265143452,0.053516028955532556
276.3154049999957,1.0104066376270562,0.9619958634953464,276.3240889999947,1.468335099411741,0.058945191313340216
276.56582699999575,1.0162446734361765,0.9503619441571871,276.57899799999456,1.4946967935692423,0.027145811789038295
276.8213259999958,1.0174328067528764,0.9503619441571871,276.8159289999945,1.5491814410216633,0.0
277.060021999996,1.0246504243302,0.9410548086866597,277.07140299999463,1.6243075776284714,0.0
277.3011139999961,1.0446510329884966,0.9154601861427093,277.3052059999946,1.7110099911890724,0.0
277.5470069999962,1.0787742718034223,0.8650465356773526,277.55488899999466,1.8026321927547162,0.0
277.80994299999605,1.1224346879800136,0.7973974491554636,277.8032129999947,1.8952339998298235,0.0
278.0490039999961,1.1666043175878698,0.6972595656670114,278.0631629999948,1.9886915961103668,0.0
278.32196799999633,1.2016399523402872,0.610392967942089,278.3216559999946,2.0878873467393393,0.0
278.5399209999962,1.2207494238200258,0.572992071699414,278.55455299999466,2.201812610172133,0.0
278.7872939999961,1.2248090505019407,0.5573078248879697,278.7910149999947,2.331774566195394,0.0
279.04982799999607,1.2216697273424855,0.568166149603585,279.06225499999454,2.4515833035291115,0.0
279.2894109999961,1.2197738498240893,0.572992071699414,279.2889979999945,2.5120438028219905,0.0
279.53244299999614,1.2211216139335521,0.5717855911754568,279.5520809999944,2.4822975374464895,0.0
279.7874719999961,1.2204272539076102,0.572992071699414,279.7820749999944,2.369951148344474,0.0
280.03128899999604,1.2111151940709832,0.5886763185108583,280.0494639999941,2.2044303415247857,0.0
280.28130999999627,1.189560202306843,0.6405549810410203,280.2755729999942,2.0182926677780992,0.0
280.52642499999627,1.1562614122725983,0.7213891761461566,280.5264429999944,1.8425590966863261,0.0
280.78687699999625,1.1154296744616157,0.8118752154429507,280.7720219999946,1.7022231628461002,0.0
281.0167299999964,1.073801064380174,0.8720268872802481,281.02639399999464,1.6124989854086733,0.0
281.2697879999964,1.0394840691249139,0.9239917269906928,281.2725489999948,1.5790406359400018,0.0
281.5423929999965,1.020030530284038,0.9495863495346432,281.5313829999949,1.600168876856904,0.0
281.7590139999965,1.020048761961504,0.9495863495346432,281.76699699999483,1.6673715667068099,0.0
282.0158999999963,1.038770752163053,0.9247673216132367,282.0100639999949,1.7640986566176187,0.0
282.2549579999963,1.0686173285967449,0.8790072388831437,282.25646699999487,1.8649154898763758,0.0
282.5095539999963,1.0976033432124361,0.8492761116856257,282.508952999995,1.9418931415021143,0.0
282.76082299999655,1.1168755754872344,0.8094622543950362,282.7568549999951,1.976324169552282,0.0
283.00370299999656,1.1252197990948558,0.7949844881075491,283.0007949999951,1.9658538338121352,0.0
283.2761499999965,1.126808106951516,0.7913650465356773,283.24424799999514,1.9186012679738895,0.0
283.5216109999966,1.1270113027408846,0.7913650465356773,283.5035649999949,1.8426880051227355,0.0
283.7615999999964,1.1301145753182544,0.7853326439158911,283.7552029999949,1.7463555363879266,0.0
283.99721099999624,1.1381814934939953,0.7648224750086179,283.9870669999949,1.6413380923156695,0.0
284.2407389999962,1.152695868939051,0.723802137194071,284.2425739999948,1.5413407792379628,0.0
284.4969109999963,1.176936873142923,0.6743364357118236,284.5020309999951,1.4597168149488184,0.07135470527404343
284.75926799999644,1.2152723101022036,0.5814374353671148,284.73998199999505,1.4068761162648922,0.14581178903826267
284.9758879999963,1.270085331792153,0.45596346087556006,284.98637699999523,1.3867617948927624,0.17967942088934843
285.23183699999623,1.338072780198452,0.30153395380903136,285.23679199999515,1.3922939231666664,0.16882109617373312
285.469705999996,1.4082683351577607,0.14270941054808686,285.4758869999951,1.4065182096475812,0.14813857290589452
285.72095899999607,1.4662861013585338,0.06127197518097207,285.7359519999951,1.4139174461240258,0.13495346432264735
286.0019659999961,1.5011524738402346,0.01783867631851088,285.99236899999494,1.4088758293244008,0.14115822130299896
286.2269599999959,1.5099028461288413,0.007755946225439513,286.2196849999949,1.3948974520062756,0.16520165460186134
286.4593609999959,1.4960522695098986,0.026370217166494344,286.4676889999947,1.3791872721211857,0.19777662874870733
286.704332999996,1.4654545000051953,0.06204756980351602,286.7140529999947,1.3676450365930004,0.22190623922785246
286.9613739999958,1.4229922921441651,0.12409513960703204,286.96513699999474,1.3616118364007705,0.23759048603929683
287.2127819999958,1.3733815756813317,0.21346087556015167,287.21403799999473,1.3573001588733937,0.25086177180282665
287.4507999999958,1.322288344412258,0.3377283695277491,287.4602309999945,1.3469185015743108,0.27740434332988617
287.6946629999957,1.2765002291044931,0.44993105825577395,287.7123159999947,1.3232516205278553,0.33531540847983454
287.9534819999957,1.2431090773362432,0.5223198896932093,287.97717299999493,1.2839563641439775,0.43062736987245775
288.19347399999583,1.2273795571984092,0.5512754222681835,288.194312999995,1.2331962132796095,0.5404170975525682
288.451530999996,1.2293568066842848,0.5476559806963117,288.45109799999506,1.1780444542681143,0.6695105136159945
288.69457499999595,1.240563721556971,0.5259393312650811,288.69611999999523,1.1275501079526877,0.7889520854877629
288.9356969999962,1.2462918209970142,0.516287487073423,288.9446129999953,1.090985622072247,0.8518614270941054
289.2301259999963,1.2324534858235434,0.5440365391244399,289.2081139999954,1.0757486149139202,0.8689245087900723
289.43742099999633,1.1943244125109929,0.6333160978972767,289.44263599999556,1.0856453183046049,0.8596173733195449
289.6854519999964,1.1390866751600397,0.7636159944846607,289.6871239999955,1.1186996202395665,0.8046363322992072
289.9429569999961,1.079889018677926,0.8634953464322647,289.9320529999953,1.1674973148336305,0.6936401240951396
290.2048989999962,1.0295674466619011,0.9340744570837641,290.1835989999953,1.2194423881281988,0.5741985522233712
290.4198489999962,0.998415472122125,0.9744053774560495,290.42377899999536,1.2570289969329957,0.49095139607032057
290.670464999996,0.9942941758444772,0.981385729058945,290.6737479999954,1.265194350335803,0.4668217855911754
290.9198449999961,1.0216125286730457,0.9449327817993795,290.9253659999953,1.2433453652709616,0.521113409169252
291.16124499999603,1.0793411451301989,0.8650465356773526,291.1722269999954,1.2041678856101845,0.60556704584626
291.42041499999607,1.1611157093475928,0.704498448810755,291.41364799999536,1.1625398110410605,0.7032919682867977
291.6577239999961,1.2571394689710456,0.49095139607032057,291.6727399999953,1.1291020860546148,0.7853326439158911
291.91010899999617,1.356061065712717,0.25086177180282665,291.9117539999953,1.1106322430815596,0.8191140985866943
292.16251199999607,1.4477056073013397,0.08686659772492246,292.1730619999954,1.1116273512016979,0.8167011375387797
292.42247999999626,1.5259836872430845,0.0,292.42785299999554,1.134986755455999,0.7732678386763184
292.6485569999963,1.5917439471801975,0.0,292.6718309999956,1.1826896509482787,0.6562392278524647
292.8990129999964,1.649926382686973,0.0,292.9028279999957,1.2547528082106392,0.49577731816614956
293.15719999999635,1.7045802614725325,0.0,293.1573339999955,1.348120039497559,0.27740434332988617
293.3951859999965,1.755986886185664,0.0,293.39567399999527,1.4547515760442615,0.07755946225439504
293.65037799999635,1.799196757189284,0.0,293.67220799999507,1.5638551446941311,0.0
293.8843619999963,1.8254693304137752,0.0,293.8926509999952,1.6667877316067807,0.0
294.1442859999965,1.8272986063630194,0.0,294.1400539999952,1.7623621503109148,0.0
294.39216499999674,1.803617525443376,0.0,294.38860199999516,1.8549399100184076,0.0
294.62721399999674,1.7616570835974645,0.0,294.641018999995,1.9480110626621931,0.0
294.87268699999663,1.7158737018194348,0.0,294.88652599999483,2.044048907986609,0.0
295.13076999999674,1.6840462921434924,0.0,295.13794099999467,2.141415624107505,0.0
295.3783079999969,1.6809354892591177,0.0,295.3784339999948,2.2314937084157154,0.0
295.6191699999967,1.7111088171208217,0.0,295.64243799999474,2.2986663279805644,0.0
295.87530399999673,1.7664107014648789,0.0,295.88581599999486,2.325693110176736,0.0
296.1162869999968,1.8276964514959817,0.0,296.125742999995,2.3053666302063136,0.0
296.366821999997,1.8682479775635323,0.0,296.37868199999514,2.2473456682983906,0.0
296.6112739999971,1.8667994780974602,0.0,296.6256039999951,2.175037407793153,0.0
296.88289399999695,1.8197203843697185,0.0,296.88054499999515,2.114778608175841,0.0
297.115058999997,1.7388640594642348,0.0,297.1086129999951,2.083997381969777,0.0
297.34913899999714,1.639707858858821,0.0,297.3586059999952,2.0847992208761488,0.0
297.61246199999704,1.5329790626724686,0.0,297.61346999999495,2.1054035656244854,0.0
297.844740999997,1.424066085641035,0.12331954498448809,297.85393499999475,2.126554650386301,0.0
298.10569499999707,1.3156393237704083,0.3509996552912789,298.10529799999483,2.129785019570236,0.0
298.343580999997,1.2099550699321993,0.5959152016546019,298.34975399999473,2.1039925524414684,0.0
298.5955129999971,1.111266915280979,0.8167011375387797,298.61972299999474,2.0457800585320993,0.0
298.8466509999972,1.027520276491917,0.936401240951396,298.8452229999947,1.9578890248786132,0.0
299.09405399999724,0.9685060807057627,0.9999999999999999,299.0950459999946,1.8480449348465526,0.0
299.3290149999973,0.9406511111870315,0.9999999999999999,299.3423309999946,1.7272916994692484,0.0
299.58703199999724,0.9427965142628334,0.9999999999999999,299.58488199999476,1.6090965962149417,0.0
299.8365099999976,0.9680903916137887,0.9999999999999999,299.83696099999474,1.5067006864180015,0.01240951396070322
300.09133799999745,1.009253567572888,0.9635470527404343,300.0848539999948,1.429223779494238,0.11168562564632882
300.32340599999765,1.0619919524687216,0.8945191313340227,300.33435099999474,1.376720393084543,0.20260255084453635
300.5713059999978,1.1283112082695679,0.7865391244398483,300.57851299999464,1.3409923319144728,0.2942950706652878
300.83259999999774,1.2149306913863174,0.5838503964150293,300.8289909999947,1.3107254889290634,0.35823853843502235
301.07193099999785,1.32622466428699,0.328076525336091,301.0730569999948,1.27742832880888,0.4475180972078594
301.31454299999785,1.4556125894903373,0.07678386763185109,301.3376079999949,1.2395626102137451,0.5271458117890383
301.55674099999754,1.5850961267886658,0.0,301.5740759999947,1.2017192153770384,0.610392967942089
301.8082799999976,1.6945358607717917,0.0,301.8230509999947,1.171311498597659,0.6888142019993106
302.0542289999977,1.7691623233174407,0.0,302.06113799999457,1.1532587686741156,0.7225956566701138
302.30521099999766,1.8028102370966537,0.0,302.31256899999465,1.147256143839724,0.7479317476732164
302.55428999999776,1.7999912285957038,0.0,302.55563699999476,1.1514624967957694,0.7298345398138574
302.8443379999977,1.7725943534311477,0.0,302.8089259999947,1.1669817049874305,0.6936401240951396
303.0433219999976,1.7333900079301887,0.0,303.0574969999947,1.1955038364467805,0.6272836952774904
303.31521699999763,1.6905582710207139,0.0,303.3133229999948,1.2340251310115784,0.5367976559806964
303.59520399999786,1.6474764209756594,0.0,303.54790699999484,1.2716174341218007,0.45475698035160284
303.78994999999793,1.604785249243693,0.0,303.804664999995,1.2962005455117782,0.39925887624956913
304.04194399999795,1.563090154692423,0.0,304.0437779999952,1.3020909558647797,0.38357462943812476
304.313840999998,1.52516284891957,0.0,304.2956939999953,1.2905708449249504,0.41494312306101344
304.54546099999806,1.4939738430918326,0.0302481902792141,304.5436889999952,1.266502946914475,0.46440882454326093
304.77901099999804,1.4691965438855377,0.058169596690796264,304.7883409999952,1.2365500067030537,0.5343846949327818
305.0298109999981,1.444575457695032,0.09307135470527407,305.03587699999514,1.2089587607770618,0.5971216821785591
305.2703569999982,1.4121292685120634,0.1372802481902792,305.3053499999952,1.1926544248825601,0.6381420199931057
305.5152269999985,1.3668261041162897,0.22552568079972424,305.5261509999953,1.1957251052805336,0.6260772147535332
305.7757549999984,1.3095609176468392,0.3594450189589796,305.7701249999951,1.224772508049858,0.5573078248879697
306.01709499999833,1.2452438890502386,0.516287487073423,306.0181699999951,1.2845224979637426,0.4282144088245433
306.26465799999824,1.18156908931036,0.6598586694243365,306.2665969999949,1.3759104528601036,0.20742847294036537
306.53474499999834,1.1248101817558365,0.7961909686315064,306.5254059999948,1.4912656456641455,0.03335056876938982
306.7565929999987,1.079203602050759,0.8650465356773526,306.77103199999476,1.614790557407515,0.0
307.0085899999987,1.0476214702700473,0.9108066184074456,307.0219999999948,1.7276137345403584,0.0
307.2545589999987,1.0323965608067645,0.9332988624612202,307.26096699999505,1.8141324821117435,0.0
307.4989159999987,1.035965870864041,0.9301964839710444,307.52063899999496,1.8660622191213099,0.0
307.77288799999866,1.0597510312472107,0.8960703205791106,307.77720399999487,1.8833290339495454,0.0
307.9982449999988,1.103329561717888,0.8372113064460531,308.007151999995,1.8722678172254723,0.0
308.2457999999991,1.1653430879508808,0.6984660461909686,308.2531349999951,1.8423423149448461,0.0
308.4997669999991,1.2452287688177677,0.516287487073423,308.50376299999516,1.8017322610715354,0.0
308.73935999999924,1.343987998361158,0.285849706997587,308.76314099999536,1.7537637066549783,0.0
308.9836619999992,1.4617651211690847,0.06825232678386763,309.0270539999953,1.6968467475588125,0.0
309.23263399999917,1.5929697836833085,0.0,309.2401139999953,1.6310773545660804,0.0
309.47562999999906,1.722055252993037,0.0,309.49009199999534,1.5609329497262876,0.0
309.7321189999991,1.827836207636431,0.0,309.76059399999536,1.49332763030339,0.0302481902792141
309.9795609999991,1.8937214953711912,0.0,309.99454799999535,1.4342102942213342,0.10625646328852116
310.24050799999907,1.9140753523538017,0.0,310.2325499999954,1.3855987138491999,0.17967942088934843
310.4820869999988,1.892573419082148,0.0,310.4803089999952,1.3440181897070642,0.285849706997587
310.7221209999987,1.8376038901374392,0.0,310.72425899999513,1.3014564967248936,0.38478110996208204
310.97788199999883,1.7597407124078246,0.0,310.9912479999956,1.2529159463198478,0.4981902792140641
311.21218999999866,1.6697098766101908,0.0,311.2357749999958,1.2010013259516483,0.6115994484660462
311.45717199999876,1.5781877969707774,0.0,311.46573099999574,1.1528030406242296,0.723802137194071
311.7157429999987,1.4949515908959747,0.027145811789038295,311.7397049999957,1.1186277295745048,0.8058428128231644
311.9552679999987,1.42694094791398,0.11789038262668043,311.97519499999567,1.1114210105171582,0.8167011375387797
312.22932899999864,1.3764321040711547,0.20622199241640812,312.24454099999565,1.142782418026154,0.7539641502930026
312.4657089999985,1.3445467963420947,0.285849706997587,312.4632579999956,1.2178100489081922,0.5790244743192002
312.6966779999987,1.331799501143029,0.3135987590486039,312.70111799999546,1.3301353502108433,0.31963116166839023
312.9457779999989,1.3363998993086021,0.30756635642881763,312.9576559999955,1.4575405439446176,0.07600827300930714
313.19767499999904,1.354572311652571,0.256894174422613,313.2085459999955,1.5664084131043623,0.0
313.4376329999989,1.3816820586079932,0.19053774560496378,313.4484319999955,1.6293661774797492,0.0
313.68524699999887,1.4131937179559841,0.13650465356773525,313.6953319999954,1.6380103266196406,0.0
313.93484899999896,1.4457919951416736,0.08996897621509826,313.9509829999953,1.6024990984241234,0.0
314.2003359999989,1.4781398835369501,0.046535677352636994,314.2017649999955,1.5438967845111013,0.0
314.4303149999991,1.5117167972046954,0.0046535677352637075,314.4336999999956,1.484128406726493,0.03877973112719748
314.6848279999989,1.5493916957572846,0.0,314.6827729999957,1.4383599979706807,0.1039296794208893
314.92696699999897,1.5936957064993527,0.0,314.939215999996,1.4121642322190482,0.1372802481902792
315.17120299999897,1.6445227743255797,0.0,315.201581999996,1.4064129607927967,0.14813857290589452
315.4301859999991,1.696956780192837,0.0,315.44963699999585,1.4222115134045266,0.124870734229576
315.6750279999992,1.7392370636103693,0.0,315.6920789999957,1.462003978191097,0.06592554291623577
315.9242169999989,1.7566751208516937,0.0,315.9270599999956,1.5262565767534777,0.0
316.1625679999991,1.7394487725996999,0.0,316.18097899999566,1.6102175825358702,0.0
316.4094779999992,1.6907108884764332,0.0,316.4169839999957,1.7021455501844451,0.0
316.6583179999993,1.6298798745418928,0.0,316.6842049999956,1.7843026250785463,0.0
316.9098839999995,1.5822340838137474,0.0,316.91604199999574,1.8404706556976898,0.0
317.15637299999975,1.5622603009876914,0.0,317.16410499999574,1.8657209189169373,0.0
317.40186899999975,1.567416828187261,0.0,317.40412199999554,1.866172222455596,0.0
317.6539110000001,1.5832504131109773,0.0,317.6590459999957,1.8544087694797793,0.0
317.8968140000001,1.5939242818947974,0.0,317.9040649999955,1.8448685427623759,0.0
318.14012900000006,1.5911829939103033,0.0,318.1520999999956,1.8487649337415968,0.0
318.40335800000014,1.5752230208632527,0.0,318.4105359999958,1.868927562895795,0.0
318.64563100000026,1.5517551024813965,0.0,318.6625079999962,1.905036669693096,0.0
318.8871620000005,1.529560783909282,0.0,318.89208899999613,1.959877352562969,0.0
319.1371120000005,1.5170917853822965,0.0023267838676318538,319.1401149999962,2.0353275008129863,0.0
319.40102400000023,1.5195359555042351,0.0,319.395166999996,2.1237623163746093,0.0
319.6371040000002,1.5372239716465523,0.0,319.6409419999962,2.2087726135080787,0.0
319.903375,1.5664478631853198,0.0,319.9025259999964,2.2717973720698588,0.0
320.1250310000002,1.600694312224535,0.0,320.12444299999646,2.3022688102522144,0.0
320.37177100000014,1.6375371569912562,0.0,320.3766499999965,2.3036977115876143,0.0
320.6183190000003,1.678376838910996,0.0,320.62594099999654,2.288592387272634,0.0
320.8767800000001,1.7238700074645565,0.0,320.92980699999646,2.270973764727316,0.0
321.11922600000014,1.7705759587635157,0.0,321.2642599999964,2.260765331262839,0.0
321.36270400000024,1.8141603813749057,0.0,321.4726399999966,2.259489868325299,0.0
321.63514400000025,1.8514689281136367,0.0,321.68945199999666,2.2614223575548014,0.0
321.8600850000004,1.8793798179383827,0.0,321.93865799999696,2.2591671744996162,0.0
322.11010500000054,1.8939844806802668,0.0,322.12349699999703,2.2457788903904694,0.0
322.3515630000005,1.8898720562893498,0.0,322.360120999997,2.215540277371836,0.0
322.63685900000047,1.8594258454992878,0.0,322.61749499999684,2.163494225868142,0.0
322.85086500000045,1.7982759058593758,0.0,322.8574369999969,2.0917020726447277,0.0
323.1093790000003,1.7128173531412425,0.0,323.13030699999695,2.0111715348166443,0.0
323.3479720000004,1.6176868136097737,0.0,323.40664299999713,1.9339154699221353,0.0
323.58932800000025,1.5258635167719752,0.0,323.64778699999715,1.8700456264816523,0.0
323.8427770000004,1.4434906069313043,0.09539813857290584,323.91905899999716,1.8248691750122388,0.0
324.08779700000025,1.3750650944326341,0.2098414339882799,324.1646759999972,1.798041439502099,0.0
324.33417100000025,1.323778369487984,0.33531540847983454,324.3665669999972,1.7848691898517333,0.0
324.5858330000003,1.2915364319927025,0.41011720096518445,324.5896459999971,1.7763897852982236,0.0
324.84133700000007,1.2790802238427412,0.44510513615994496,324.86409999999734,1.7628496445685915,0.0
325.07318699999996,1.2847197465525937,0.4282144088245433,325.11297199999717,1.7394800102596744,0.0
325.32163400000024,1.303611920597032,0.3739227852464667,325.3359799999971,1.7096411836436374,0.0
325.58660400000025,1.3276758460945257,0.323250603240262,325.5820129999972,1.6822220999141222,0.0
325.8230310000003,1.352290724451812,0.2605136159944846,325.8323549999973,1.6654128449654597,0.0
326.0684180000003,1.3810012583296298,0.19295070665287828,326.11582199999697,1.6626637537439863,0.0
326.3179260000003,1.4234628874707285,0.12409513960703204,326.3659139999969,1.6707730887310697,0.0
326.5808090000004,1.4904795246628189,0.03412616339193377,326.562719999997,1.6803446911881514,0.0
326.8128350000004,1.5851087081954383,0.0,326.8126899999968,1.679451372919704,0.0
327.05571400000053,1.6949897899053334,0.0,327.06776299999666,1.6601595016776913,0.0
327.3328080000007,1.7926223362919702,0.0,327.30616499999684,1.6238984240276713,0.0
327.5792720000006,1.8460358921729438,0.0,327.6197089999969,1.577377500950254,0.0
327.80233700000093,1.8338324067201375,0.0,327.87366399999684,1.526761383005942,0.0
328.05226900000116,1.7569687635820286,0.0,328.0767429999968,1.4750315749083693,0.0511892450879007
328.2943190000012,1.6375355649466998,0.0,328.29620799999674,1.4254552663424755,0.11944157187176833
328.5403030000013,1.5073561421119113,0.01163391933815927,328.5675819999969,1.382695483452883,0.18571182350913473
328.80185700000135,1.3945363733850502,0.16520165460186134,328.810342999997,1.351907644312183,0.2629265770423991
329.03183500000165,1.3142687988840935,0.3522061358152362,329.0628789999972,1.336079288326129,0.30756635642881763
329.2948090000018,1.267729915515666,0.45958290244743183,329.2955709999974,1.3351806201277527,0.3087728369527749
329.54076400000196,1.2480775612660875,0.511461564977594,329.53664299999724,1.3461247405406143,0.28102378490175794
329.7785590000021,1.2479808987528431,0.5126680455015512,329.7865629999972,1.363046978577016,0.23276456394346778
330.03302400000194,1.2623037434316535,0.47526714925887625,330.02963399999726,1.3782434350787025,0.20018958979662183
330.28462200000195,1.2877505753635363,0.42097552568079977,330.27698599999724,1.3842067602804087,0.18329886246122024
330.52586500000194,1.3192505576141693,0.34496725267149264,330.52855299999726,1.3771361893853038,0.2013960703205791
330.8048500000019,1.3471411354588272,0.27740434332988617,330.7988639999973,1.3572619682903448,0.25086177180282665
331.0182590000019,1.359963184001204,0.24241640813512585,331.0278479999974,1.3306310629711673,0.3172182006204757
331.2713530000019,1.350583914293205,0.26654601861427085,331.2644789999973,1.3080183082799086,0.3642709410548086
331.510854000002,1.3205671359365767,0.34376077214753537,331.51522299999715,1.30027203263222,0.38719407100999653
331.76342200000215,1.2801479148089698,0.4426921751120304,331.77504499999725,1.3119321909372086,0.35823853843502235
332.01133100000203,1.2419402722716242,0.5235263702171665,332.0619369999972,1.3368518224435455,0.30515339538090314
332.25179000000225,1.216919185365776,0.5790244743192002,332.2650509999972,1.3607500686955822,0.2412099276111686
332.5117890000023,1.2118983504959018,0.5862633574629438,332.50948099999727,1.3704210284774088,0.2158738366080662
332.75406200000236,1.2270248636972556,0.5524819027921407,332.80672699999747,1.3615018350204302,0.23759048603929683
332.99847000000256,1.2554657220676977,0.4933643571182351,333.0092779999978,1.3424027068737026,0.28946914856945877
333.2451200000025,1.2892201870321158,0.417356084108928,333.2579079999979,1.3329708423708313,0.3111857980006894
333.49151000000256,1.326019215467174,0.328076525336091,333.5012169999977,1.3586961755598579,0.24603584970699763
333.73501900000264,1.369661082160559,0.2182867976559807,333.752667999998,1.4442004151274221,0.09307135470527407
334.0038370000027,1.426412706908017,0.11866597724922438,334.01509199999805,1.6030422407427107,0.0
334.2317540000027,1.4999970702888972,0.01861427094105483,334.24121699999824,1.824003297929961,0.0
334.48752100000274,1.586636351850879,0.0,334.48759199999813,2.068484038180825,0.0
334.73142300000274,1.6700443214326852,0.0,334.732271999998,2.2854615125890976,0.0
334.98343300000266,1.7266760125585214,0.0,334.9879249999981,2.4338455044047427,0.0
335.2202260000025,1.7394880632461236,0.0,335.264359999998,2.501236276097046,0.0
335.4687630000027,1.7058422900464916,0.0,335.4918579999982,2.5058200557725288,0.0
335.71894600000275,1.6340187667346295,0.0,335.7358059999982,2.4817822159558682,0.0
335.97129800000266,1.5379302521988645,0.0,335.9780709999983,2.457333482765537,0.0
336.2138270000029,1.4334040506270027,0.10703205791106511,336.2529509999984,2.4470716518681956,0.0
336.45969400000297,1.3379541713499585,0.30153395380903136,336.46550699999864,2.464044287780302,0.0
336.71208400000313,1.2691611739837776,0.4571699413995174,336.71547399999884,2.526528897972395,0.0
336.96366500000306,1.2413923908029272,0.5247328507411237,336.9763439999991,2.6541781673667493,0.0
337.2052450000029,1.260805218950027,0.48129955187866247,337.2214429999992,2.85389734743891,0.0
337.4483520000028,1.3191845075693645,0.34496725267149264,337.52028199999904,3.109396935786207,0.0
337.7036540000027,1.3927118428939018,0.16882109617373312,337.74127099999896,3.3781340951692065,0.0
337.9501650000027,1.4517174314414156,0.0814374353671148,337.9888029999991,3.6009405552099,0.0
338.19305500000274,1.4788866465681025,0.046535677352636994,338.2206969999991,3.7308179674036603,0.0
338.4660980000027,1.4786932649178501,0.046535677352636994,338.4749729999992,3.753602816009835,0.0
338.68891600000273,1.4725132741625115,0.053516028955532556,338.6956059999992,3.6830689149330724,0.0
338.9419010000029,1.48510848199057,0.03877973112719748,338.9512659999993,3.5490502759633054,0.0
339.1839220000029,1.5310394466517394,0.0,339.19688999999937,3.3862539461132712,0.0
339.4318350000028,1.6049696337547852,0.0,339.45579099999964,3.224245897405934,0.0
339.68133000000284,1.6813062074026925,0.0,339.7105749999996,3.0744218638454046,0.0
339.92666800000273,1.7292708088986657,0.0,339.9492499999998,2.9351208740010897,0.0
340.17676800000294,1.73574005142659,0.0,340.1823359999997,2.8061301606490674,0.0
340.42923300000297,1.710918075320464,0.0,340.44879399999974,2.6962853007359753,0.0
340.6676500000033,1.676272193151444,0.0,340.72281799999973,2.6227046523671333,0.0
340.9156840000034,1.651381522344932,0.0,341.0134439999995,2.603556810474326,0.0
341.18000800000334,1.64402661162638,0.0,341.20183099999946,2.6485015791714224,0.0
341.4231260000034,1.6445066597687343,0.0,341.44871999999964,2.7566559543932816,0.0
341.6939510000033,1.6317606545257712,0.0,341.6818779999998,2.9123645190442335,0.0
341.9180850000033,1.5885147559930402,0.0,341.9182759999999,3.0817423691610886,0.0
342.1609130000033,1.511844867604311,0.0046535677352637075,342.2133459999997,3.214052061838699,0.0
342.4029360000036,1.4120808594619152,0.1372802481902792,342.4977789999999,3.261456218388399,0.0
342.66895300000346,1.3062664208400272,0.3678903826266804,342.675319,3.2019425094447738,0.0
342.8978380000033,1.2102068846959955,0.5947087211306447,342.9278370000001,3.045281559074753,0.0
343.15594100000357,1.1340205071407143,0.7780937607721475,343.1593820000003,2.8248535251248716,0.0
343.39052900000377,1.0822379138456186,0.8603929679420889,343.3978030000003,2.5765196611792174,0.0
343.6393770000037,1.0554957587002396,0.8999482936918304,343.6869390000002,2.327397270702922,0.0
343.8893290000037,1.0514387163778758,0.906153050672182,343.9103300000004,2.094129375327218,0.0
344.13791800000365,1.0652172238156798,0.8867631851085832,344.13884700000034,1.886473097929757,0.0
344.38236500000363,1.0916747268900189,0.8518614270941054,344.4322180000005,1.7101553271013032,0.0
344.6392540000036,1.1280164621030833,0.7865391244398483,344.6636180000004,1.5664933215412729,0.0
344.89891600000345,1.1754071677141713,0.6803688383316098,344.8875370000003,1.4536383368903452,0.07755946225439504
345.12645300000355,1.2454235015940411,0.516287487073423,345.13107300000036,1.3696324415186043,0.2182867976559807
345.3774610000035,1.3567799137965941,0.25086177180282665,345.46804800000035,1.3134083920402495,0.3534126163391934
345.61950300000353,1.5139393866723334,0.0046535677352637075,345.71940600000033,1.2844754325103718,0.4282144088245433
345.8694610000037,1.6950949259656796,0.0,345.87920600000064,1.2808268570487955,0.4426921751120304
346.13287200000366,1.869830459454867,0.0,346.13708400000064,1.295820591344094,0.39925887624956913
346.36827800000395,2.014047605272739,0.0,346.39447200000063,1.3193422174800111,0.34376077214753537
346.624662000004,2.11150848015873,0.0,346.6325380000007,1.3423548485704844,0.28946914856945877
346.8592960000041,2.157853074694571,0.0,346.8776410000009,1.3613450656029236,0.23879696656325408
347.12723100000426,2.158603346182313,0.0,347.1444010000007,1.3810429529747,0.19295070665287828
347.35368100000437,2.1211346934373108,0.0,347.41416000000066,1.4107335093570414,0.13960703205791106
347.60243000000446,2.0502322840456113,0.0,347.6227020000008,1.4572715484234162,0.07600827300930714
347.8476040000045,1.9514784272376604,0.0,347.8533850000007,1.518448141999472,0.0023267838676318538
348.1037640000048,1.8439517107195145,0.0,348.137673000001,1.5817252478947372,0.0
348.34756100000476,1.7536257298778228,0.0,348.40268300000105,1.6300545044680375,0.0
348.59677600000487,1.6901218198254515,0.0,348.6226220000009,1.651642682078563,0.0
348.8356040000048,1.6466659160548989,0.0,348.857224000001,1.6460341261886435,0.0
349.08528300000467,1.6165898366709281,0.0,349.0996530000012,1.620719933078688,0.0
349.35077600000477,1.5991741443364125,0.0,349.3696270000012,1.5866118014044919,0.0
349.5831890000051,1.5987043899723055,0.0,349.59818200000115,1.557215461066014,0.0
349.83317400000516,1.6213388154949786,0.0,349.8411520000013,1.5478553988306885,0.0
350.08379300000536,1.6718712764207437,0.0,350.0795160000012,1.5683001083092518,0.0
350.3237440000053,1.750263143309558,0.0,350.3274700000013,1.6154413167438455,0.0
350.6002100000054,1.8461517015906344,0.0,350.59422700000147,1.676224894860345,0.0
350.8235750000055,1.938716925391006,0.0,350.8248880000015,1.7352957039186687,0.0
351.07049600000573,2.007374216136701,0.0,351.07341000000156,1.7839856158051774,0.0
351.3140220000057,2.0422863954225674,0.0,351.31932200000153,1.822530710373991,0.0
351.5644890000057,2.0468402975166122,0.0,351.57418400000154,1.8560827519999838,0.0
351.8079720000056,2.0332118459446686,0.0,351.8161610000017,1.8888027677329315,0.0
352.06803500000564,2.0175910580432537,0.0,352.0606340000016,1.9195831761037754,0.0
352.31154800000553,2.0140333701675823,0.0,352.30468700000176,1.9390492057303221,0.0
352.56083800000545,2.029361931953482,0.0,352.5925270000017,1.9332823385525932,0.0
352.79736700000524,2.0576791672431813,0.0,352.80364500000155,1.9007730414257717,0.0
353.04739600000556,2.0794709999565733,0.0,353.05605800000154,1.85735877591406,0.0
353.2950740000054,2.0748956394194202,0.0,353.30715900000143,1.8258309176199001,0.0
353.54032700000545,2.0406295302597295,0.0,353.55308700000154,1.8299231144213461,0.0
353.8027420000053,1.9903644806817933,0.0,353.8170430000013,1.885016150943374,0.0
354.0407800000053,1.9438836227712253,0.0,354.05103200000144,1.9805881600340636,0.0
354.2907360000052,1.9141335470827472,0.0,354.3505580000015,2.0993611006113237,0.0
354.5352020000051,1.90445303845488,0.0,354.5986330000016,2.2193794891029266,0.0
354.80070300000517,1.9126894322891201,0.0,354.82716300000146,2.317457278550169,0.0
355.02794500000516,1.9317543046204118,0.0,355.0831180000015,2.3767841298321852,0.0
355.28181000000524,1.9525759589458795,0.0,355.2900170000016,2.390730425396741,0.0
355.55338400000534,1.9665253211093923,0.0,355.53193100000163,2.3617938931031572,0.0
355.7753030000055,1.96865240229791,0.0,355.78949600000163,2.298863860723373,0.0
356.0268570000055,1.9592979057800846,0.0,356.0301480000018,2.212501516377875,0.0
356.26648900000566,1.9444670395792256,0.0,356.2671270000018,2.1121432076005857,0.0
356.54082800000543,1.9311238751834527,0.0,356.5250530000019,2.002820624736418,0.0
356.7875680000059,1.921725269787548,0.0,356.77114400000187,1.8853560189579668,0.0
357.01676000000583,1.9150536120172021,0.0,357.02859800000186,1.795719121093182,0.0
357.2536430000058,1.908476392940314,0.0,357.27322500000196,1.773770837237581,0.0
357.5126370000058,1.9001605921723346,0.0,357.51216600000174,1.8121886532678377,0.0
357.75649600000594,1.8904650224359207,0.0,357.7715980000016,1.8865544228735,0.0
358.0183700000058,1.8805958215920426,0.0,357.99752300000176,1.963905099832081,0.0
358.24834000000584,1.8705283849999272,0.0,358.2850540000018,2.0169447750988274,0.0
358.49638800000577,1.8613749702396107,0.0,358.49148200000207,2.035266099962643,0.0
358.7422880000056,1.8568459746688797,0.0,358.75746500000207,2.025492228572132,0.0
358.98927300000577,1.8580101568109306,0.0,358.99951600000196,2.0044148444846885,0.0
359.2543730000057,1.8583464848127424,0.0,359.2455220000021,1.9901264420379023,0.0
359.48373600000565,1.8487227829095074,0.0,359.48294300000225,1.993432253776797,0.0
359.73421200000575,1.824767682844861,0.0,359.75044900000245,2.013998097259541,0.0
359.9912470000057,1.788457404081834,0.0,359.9839030000026,2.044046029707741,0.0
360.23419300000586,1.7472852927771423,0.0,360.23432200000286,2.074080585524281,0.0
360.4876960000059,1.7128712659002983,0.0,360.47532300000285,2.0966349421804833,0.0
360.72147200000586,1.6983542227246013,0.0,360.7868490000029,2.10854127287016,0.0
360.96889900000576,1.7114734314666586,0.0,361.023335000003,2.110744359308062,0.0
361.225432000006,1.747806851191253,0.0,361.2375750000029,2.106388309734205,0.0
361.47889700000616,1.7933674948011955,0.0,361.47755800000266,2.099812968437969,0.0
361.7482140000061,1.83627483101733,0.0,361.7187080000027,2.0978122555606085,0.0
361.9732920000062,1.8744121876704238,0.0,361.97269300000283,2.111139440625177,0.0
362.20578600000636,1.9152513956582955,0.0,362.2126330000027,2.1507042022196567,0.0
362.4688370000067,1.970860629158116,0.0,362.46265200000283,2.221229750849187,0.0
362.7036820000065,2.0505406695416726,0.0,362.70763800000293,2.3152523381993837,0.0
362.95365700000673,2.151153840843101,0.0,362.96203500000286,2.4093139814161515,0.0
363.19848500000666,2.250381950014175,0.0,363.223886000003,2.4723234243545162,0.0
363.44882900000675,2.3171202916548044,0.0,363.46890300000297,2.479272039159848,0.0
363.6988220000071,2.3310598016313437,0.0,363.69074600000306,2.4273642733788208,0.0
363.9517200000072,2.296326278794205,0.0,363.946225000003,2.3366679912662427,0.0
364.19672200000707,2.2362499579218142,0.0,364.1922120000031,2.2333650602348043,0.0
364.4382890000072,2.1777625520088866,0.0,364.44599000000306,2.136135969530769,0.0
364.68909700000717,2.137066233387471,0.0,364.68857900000324,2.0501845149495956,0.0
364.92728900000736,2.115154605964811,0.0,364.9349970000031,1.9694252846825486,0.0
365.18536600000726,2.1036461575405045,0.0,365.181781000003,1.882534097594398,0.0
365.4463530000073,2.09415142965788,0.0,365.44387400000306,1.7823084852546416,0.0
365.6823210000075,2.084572319336147,0.0,365.68092000000325,1.669850607407945,0.0
365.91717100000756,2.0775305809856377,0.0,365.9403690000031,1.5533955122241783,0.0
366.1666540000074,2.073428639594172,0.0,366.180240000003,1.4457478766660699,0.08996897621509826
366.41251100000727,2.066816248243603,0.0,366.4192140000032,1.3639241638691082,0.23155808341951054
366.6836900000074,2.0498810936922327,0.0,366.6717710000034,1.3261675502244847,0.328076525336091
366.9124600000073,2.0163742676885636,0.0,366.9301510000035,1.3446672744846535,0.2846432264736297
367.1604370000075,1.9636549324342152,0.0,367.16157100000356,1.417741234581299,0.1295243019648397
367.3869620000075,1.891541789945406,0.0,367.43652200000366,1.5281002216103103,0.0
367.6390550000073,1.803777802164147,0.0,367.6555870000036,1.6491243596856595,0.0
367.8987430000076,1.710100962695904,0.0,367.9156350000035,1.7545777530022377,0.0
368.13115800000764,1.6243440496858694,0.0,368.16264100000365,1.8275041836674115,0.0
368.38820600000753,1.557906389007077,0.0,368.40406900000386,1.863529837857465,0.0
368.6406090000076,1.5152379953227502,0.0046535677352637075,368.6454130000037,1.8723011279249009,0.0
368.8681150000074,1.4925053624038218,0.03179937952430192,368.88794400000376,1.8727703806165028,0.0
369.1396050000073,1.4784899758166385,0.046535677352636994,369.1522470000036,1.8806827691148376,0.0
369.38042000000723,1.4604893551098677,0.07057911065149948,369.39623500000357,1.8970460622320442,0.0
369.61834800000736,1.4331286971728388,0.10780765253360906,369.63464800000366,1.9083237710560288,0.0
369.8591940000075,1.4000884278465564,0.15916925198207518,369.88573900000375,1.900560224665996,0.0
370.12440200000754,1.3687052484064726,0.21949327817993797,370.1293770000036,1.8711507261168538,0.0
370.3556150000075,1.3448327004253313,0.2834367459496725,370.43693200000376,1.8272086687749276,0.0
370.6217410000077,1.3307203833688592,0.3172182006204757,370.6265350000036,1.778460925219849,0.0
370.8643650000075,1.3249860464802525,0.33048948638400555,370.8774210000036,1.7344128136169086,0.0
371.1029110000074,1.3247214061884924,0.33290244743192005,371.1373490000035,1.7031373690490046,0.0
371.3454510000074,1.3278197962347145,0.323250603240262,371.3757990000036,1.6904503081908702,0.0
371.5975230000074,1.3342834985355667,0.30997931747673213,371.60887200000343,1.699191107871872,0.0
371.8402200000073,1.3443347383988498,0.285849706997587,371.8578110000035,1.7266151300615835,0.0
372.0953540000074,1.3581494167715478,0.2496552912788694,372.10688100000357,1.7649132717677143,0.0
372.3487620000073,1.3767453436609511,0.2013960703205791,372.36708600000344,1.804520983270451,0.0
372.5919050000077,1.401060987321834,0.15916925198207518,372.5985880000034,1.8368228658333023,0.0
372.8261890000077,1.4298990031269467,0.11168562564632882,372.84700700000354,1.8560179091848488,0.0
373.0786290000079,1.4632578322318632,0.06514994829369182,373.09968500000366,1.8654510646816203,0.0
373.3326190000079,1.5060115296353211,0.013185108583247172,373.3768010000038,1.8821550203684092,0.0
373.5719340000078,1.5660628165871384,0.0,373.63076800000374,1.9323895235239574,0.0
373.838856000008,1.648593655735383,0.0,373.84388700000375,2.0381853409124173,0.0
374.06751300000803,1.7507206033938878,0.0,374.13473300000385,2.203652488183823,0.0
374.31542100000803,1.8635915643707697,0.0,374.36884500000383,2.411792995801984,0.0
374.567790000008,1.9750058646166657,0.0,374.58884000000364,2.6319530157202915,0.0
374.81741800000793,2.070685390594356,0.0,374.8299500000037,2.829481286973137,0.0
375.06121300000797,2.1403505481441245,0.0,375.0799910000039,2.9782311169917675,0.0
375.30766100000807,2.1806712666406796,0.0,375.32092500000425,3.0673671443192574,0.0
375.55571800000797,2.194944558023748,0.0,375.57393200000433,3.100676256786254,0.0
375.80473600000784,2.1930294860842614,0.0,375.8167230000042,3.0842242702363016,0.0
376.0471220000081,2.185134127686295,0.0,376.06466700000414,3.020282491902489,0.0
376.30112300000826,2.1741333080469176,0.0,376.31026500000416,2.9047102272077527,0.0
376.57605400000824,2.156780746360451,0.0,376.5719150000042,2.731978863644757,0.0
376.81537500000815,2.129797070938547,0.0,376.8397610000042,2.50501716062164,0.0
377.03499900000816,2.0946898779172116,0.0,377.0672950000045,2.2478780695843685,0.0
377.2853240000082,2.0607955611543676,0.0,377.2983460000046,1.9984061281213905,0.0
377.53789900000805,2.046457941304526,0.0,377.54079800000454,1.789365558706036,0.0
377.7850790000081,2.0670450614836198,0.0,377.7959880000046,1.642206502270143,0.0
378.0301740000084,2.11849667477398,0.0,378.0389960000048,1.5733833646180422,0.0
378.28621200000856,2.175566793370874,0.0,378.2857810000051,1.5933575502131059,0.0
378.5349250000086,2.206490284030232,0.0,378.53297100000503,1.6999665487947535,0.0
378.78008500000874,2.1895836661976356,0.0,378.7860060000052,1.8759587101786233,0.0
379.0265340000087,2.123599991890588,0.0,379.0214750000051,2.0899349945613652,0.0
379.2752290000089,2.021208109721048,0.0,379.273366000005,2.3023938690162953,0.0
379.52016400000906,1.8996386017522773,0.0,379.54253100000494,2.471442433065891,0.0
379.77324400000913,1.7719751074719812,0.0,379.76640000000504,2.565618667424419,0.0
380.03771900000936,1.644494798279581,0.0,380.0472910000051,2.5789217016001964,0.0
380.2611640000095,1.5186392867931349,0.0023267838676318538,380.29310600000514,2.5344726496340027,0.0
380.50211100000956,1.3935498587575847,0.16882109617373312,380.5384970000052,2.4733574477639433,0.0
380.7655660000095,1.2708435913455678,0.45596346087556006,380.795587000005,2.43207092501158,0.0
381.0003900000095,1.1569123723990313,0.718976215098242,381.0060730000049,2.4186828217862555,0.0
381.24953000000977,1.061171628142529,0.8952947259565667,381.2684820000051,2.412866022641628,0.0
381.50437500001004,0.9930401078685293,0.9837125129265769,381.50194500000515,2.3863601460731942,0.0
381.75158100001,0.9598689540208089,0.9999999999999999,381.76702900000527,2.321400000108027,0.0
381.99520300001,0.9658710802449652,0.9999999999999999,382.01365800000536,2.213362642932929,0.0
382.24408300001,1.0108270680488858,0.9604446742502585,382.24743900000533,2.075962452917128,0.0
382.4882070000101,1.0902739501625476,0.8541882109617372,382.49094600000524,1.9406522585024553,0.0
382.73209400001025,1.197508789042414,0.6188383316097897,382.7430070000049,1.851135426380218,0.0
382.9810580000103,1.324849628538552,0.33169596690796277,382.9865400000048,1.8486071238362731,0.0
383.2294600000105,1.4627445598016637,0.06514994829369182,383.23316900000486,1.9499261978869862,0.0
383.48482700001045,1.5955883522565897,0.0,383.4857210000049,2.1331292304666087,0.0
383.7277480000106,1.702344809864135,0.0,383.73426900000516,2.3501753833132417,0.0
383.9662080000106,1.765983172230626,0.0,383.9762270000051,2.5453135026291123,0.0
384.22683200001063,1.7841490114833785,0.0,384.22425400000515,2.6745937567674165,0.0
384.4800350000104,1.76659225243391,0.0,384.4901420000051,2.713265928661603,0.0
384.7166300000106,1.7268865282877268,0.0,384.7209890000053,2.662375567097156,0.0
384.96132900001055,1.677668761960699,0.0,384.97503200000534,2.547155929088735,0.0
385.21728100001053,1.6282919761450807,0.0,385.22433000000547,2.407075286573569,0.0
385.45623300001046,1.5833146185462112,0.0,385.46352600000546,2.284788439350231,0.0
385.70660700001054,1.5430831797592695,0.0,385.7128350000056,2.2094007581333726,0.0
385.96378400001043,1.5080399023661821,0.01163391933815927,385.96026400000545,2.1881532861517465,0.0
386.19911700001063,1.480670119625224,0.04576008273009304,386.2192910000051,2.209169032740326,0.0
386.4507170000108,1.465981062854987,0.06204756980351602,386.45523800000507,2.2516574123345436,0.0
386.6985110000111,1.4662957375455725,0.06127197518097207,386.70005400000514,2.296780743435412,0.0
386.9440120000113,1.476522180772253,0.0496380558428128,386.955173000005,2.3330867586424144,0.0
387.1930810000113,1.4823840172775409,0.041882109617373285,387.198604000005,2.359655558237177,0.0
387.4375300000111,1.4651100557624903,0.06204756980351602,387.46984900000507,2.384801887817509,0.0
387.6895880000112,1.4122448229356448,0.1372802481902792,387.6957790000051,2.4156447830178647,0.0
387.9296630000113,1.326674551758702,0.3256635642881765,387.94092600000533,2.445241453637637,0.0
388.18726100001146,1.2251850943118037,0.5561013443640125,388.1932930000054,2.455251886348843,0.0
388.4281940000113,1.1293187147550026,0.7853326439158911,388.4557280000053,2.433425657175247,0.0
388.673192000011,1.056634902558112,0.8991726990692864,388.68232500000533,2.383628114968756,0.0
388.93058600001115,1.0182297560529603,0.9495863495346432,388.9580270000054,2.3181134114467157,0.0
389.1660430000111,1.01996524927024,0.9495863495346432,389.1905500000053,2.249938012444905,0.0
389.4309410000111,1.0643308481241975,0.8890899689762151,389.42397100000545,2.1867049372443272,0.0
389.67378800001114,1.1505233027811994,0.7322475008617719,389.68340900000555,2.1288382347207313,0.0
389.9208710000111,1.2711886277316888,0.45596346087556006,389.9259940000057,2.071350446340318,0.0
390.1553420000112,1.4107944029533748,0.13960703205791106,390.18123300000553,2.0076501285083244,0.0
390.40533800001145,1.5484127166462875,0.0,390.4136090000057,1.931874181460198,0.0
390.6587330000113,1.6641335018263954,0.0,390.6602450000056,1.841923111493004,0.0
390.9097210000115,1.7425899287631152,0.0,390.9110190000057,1.7422892675380586,0.0
391.15036300001145,1.7739069498055309,0.0,391.16420900000566,1.6408261885597424,0.0
391.39608800001133,1.7554957933663347,0.0,391.4035570000058,1.5451336686138255,0.0
391.6392860000112,1.6943660668692768,0.0,391.64952300000573,1.462058567030681,0.06592554291623577
391.89610000001113,1.6050707373542124,0.0,391.89690000000564,1.398777242216938,0.16037573250603232
392.15700800001133,1.5040285841293635,0.014736297828335075,392.15623300000556,1.36307356872998,0.23276456394346778
392.38581300001135,1.402736344423003,0.15434332988624616,392.40552500000535,1.3601121372867848,0.24241640813512585
392.6343480000116,1.3045324297592404,0.37030334367459494,392.65338600000536,1.3896221105735371,0.1748534987935194
392.8809840000115,1.2092404171865274,0.5971216821785591,392.9103920000055,1.4447555998423354,0.09229576008273012
393.1324390000116,1.1181775755513215,0.8070492933471217,393.1407850000056,1.5145652647702321,0.0046535677352637075
393.3798240000114,1.0344921490349779,0.9325232678386762,393.41917500000545,1.5897335808380944,0.0
393.63544100001127,0.9623014593779122,0.9999999999999999,393.6412280000053,1.6700887890740226,0.0
393.8713400000114,0.9061662530488233,0.9999999999999999,393.8791180000051,1.7642121483040893,0.0
394.1345150000114,0.8698641278872832,0.9999999999999999,394.1321900000048,1.88161325803404,0.0
394.3672460000112,0.8557955895843619,0.9999999999999999,394.374082000005,2.0230659210883433,0.0
394.61479000001134,0.8642482557402366,0.9999999999999999,394.6240600000051,2.179160365550872,0.0
394.8693160000113,0.8926673774585739,0.9999999999999999,394.875056000005,2.3311684632273773,0.0
395.11232800001153,0.9360378800350757,0.9999999999999999,395.1190280000049,2.456301419646348,0.0
395.3756020000116,0.9868946781544587,0.9891416752843846,395.3765840000049,2.5313933239904003,0.0
395.6087050000116,1.0348098304893136,0.9309720785935883,395.6249920000051,2.5411804697605174,0.0
395.85366400001146,1.0672240087812561,0.8821096173733195,395.8606230000051,2.481715041692046,0.0
396.1030010000118,1.0725772781299248,0.87435367114788,396.107310000005,2.362414673220854,0.0
396.346185000012,1.0461277769501647,0.9154601861427093,396.36485200000476,2.206175335648758,0.0
396.60102200001194,0.9954620425399634,0.9782833505687692,396.6272550000046,2.040806048814982,0.0
396.8526250000118,0.9379963918278453,0.9999999999999999,396.86335700000467,1.8878986726623999,0.0
397.09547200001185,0.8925581196303738,0.9999999999999999,397.10578800000496,1.7561212730482876,0.0
397.34351500001185,0.8733151392422461,0.9999999999999999,397.34987900000493,1.6454030390273897,0.0
397.5850340000119,0.8880310615676121,0.9999999999999999,397.605239000005,1.5530553172140529,0.0
397.83438500001176,0.9352520901757774,0.9999999999999999,397.85007600000523,1.477875988915675,0.048086866597724896
398.08581900001167,1.0039765678281398,0.9682006204756979,398.1002200000054,1.4206456870891508,0.12564632885211993
398.33299700001174,1.07847775598775,0.8665977249224405,398.3396610000053,1.3793553682451223,0.1953636677007928
398.57790200001176,1.1426245753795388,0.7539641502930026,398.58309700000524,1.3474019885829382,0.27740434332988617
398.823986000012,1.1834683756749391,0.6550327473285074,398.83520100000527,1.3170845188872815,0.3485866942433644
399.076096000012,1.1947660183966893,0.629696656325405,399.08020700000543,1.2858302041821805,0.42580144777662876
399.31526700001206,1.1789183916517716,0.6634781109962082,399.32673800000543,1.2581602998507337,0.488538435022406
399.58831900001206,1.144620287838399,0.7527576697690453,399.58323800000545,1.243797645262433,0.5199069286452948
399.834602000012,1.1031747202174542,0.8384177869700103,399.83514300000553,1.2532899453019675,0.4969837986901069
400.0600890000123,1.0658981209091785,0.8836608066184074,400.0731870000055,1.2940444770535404,0.4040847983453981
400.3121270000122,1.0414159328658459,0.920113753877973,400.32301600000557,1.3666067447746122,0.22552568079972424
400.55651700001226,1.0338111209221283,0.9325232678386762,400.56682600000545,1.4604888040185922,0.07057911065149948
400.8064690000122,1.0435974399247867,0.9170113753877972,400.8210550000054,1.5524203442018392,0.0
401.0478050000123,1.073953889230686,0.8720268872802481,401.0603120000055,1.6152219127252123,0.0
401.3048490000125,1.1302253440283812,0.7853326439158911,401.30933800000554,1.6320734870561766,0.0
401.5614770000125,1.2147950623848653,0.5838503964150293,401.56794600000535,1.6043522069315133,0.0
401.8121380000126,1.3224486175634769,0.3377283695277491,401.81695300000536,1.5460707306048087,0.0
402.0521020000125,1.439120605766949,0.10315408479834536,402.05431200000527,1.4747968690567788,0.05196483971044465
402.2853850000124,1.5440404219440151,0.0,402.3059240000051,1.4057497198426703,0.14891416752843847
402.5369330000124,1.6165623244475722,0.0,402.55139500000524,1.3475506639014139,0.27740434332988617
402.79049100001254,1.6459221497692653,0.0,402.79221100000524,1.3025975163942585,0.3787487073422957
403.0589100000126,1.6359009643592195,0.0,403.0468860000053,1.2702395738008807,0.45596346087556006
403.28772000001265,1.6023830676437967,0.0,403.28836700000517,1.2507973803594032,0.5018097207859359
403.53738600001293,1.5673090123181441,0.0,403.53526100000516,1.2468952785223912,0.5150810065494658
403.78116700001306,1.54994543795845,0.0,403.7868190000052,1.2617548553923328,0.4764736297828335
404.0240410000129,1.560989698104725,0.0,404.03834900000516,1.2960822614932945,0.39925887624956913
404.2725510000128,1.5976515148178867,0.0,404.29833600000524,1.3453572333308896,0.28102378490175794
404.51594700001294,1.6418109065712998,0.0,404.5233970000053,1.401475743691096,0.15675629093416069
404.771401000013,1.6666407752843808,0.0,404.77478600000507,1.455296293555263,0.07678386763185109
405.01448700001316,1.6508677205904896,0.0,405.02476800000517,1.5003457994794438,0.01861427094105483
405.2653790000133,1.591601618926476,0.0,405.2723140000052,1.5359808142090485,0.0
405.5112320000133,1.506555777523137,0.01240951396070322,405.5223330000056,1.567216978163253,0.0
405.76432100001307,1.4234164390466781,0.12409513960703204,405.7623030000056,1.6006595776385488,0.0
406.00877700001325,1.367819135469829,0.22190623922785246,406.00757100000567,1.6390130941108065,0.0
406.2638080000132,1.3576114700855568,0.25086177180282665,406.27205200000566,1.6790317614279002,0.0
406.4971410000129,1.4017243318474464,0.15675629093416069,406.51563600000566,1.7110150622017022,0.0
406.7429800000129,1.498751287952751,0.020165460186142733,406.7630540000056,1.7249479187856567,0.0
406.9951090000129,1.6490244859228111,0.0,407.00634500000564,1.718179913794924,0.0
407.24408900001293,1.8670827447452052,0.0,407.2784640000056,1.6975856420264623,0.0
407.527483000013,2.16124804199112,0.0,407.51524100000563,1.6752199875326954,0.0
407.7364650000129,2.505973105512095,0.0,407.75274800000557,1.6629148723132536,0.0
407.98680400001285,2.850828002694512,0.0,407.99671900000556,1.6713513441151915,0.0
408.2303790000129,3.146080392879284,0.0,408.2441020000056,1.7048270423689094,0.0
408.47789200001273,3.3582811348268446,0.0,408.49861700000565,1.759528102698778,0.0
408.72335900001264,3.4719710041885476,0.0,408.7374570000057,1.8241613470667475,0.0
408.9733470000127,3.481446909240363,0.0,408.9896820000055,1.8840915350014273,0.0
409.2198330000127,3.3861815157318538,0.0,409.2377340000055,1.9304082448903173,0.0
409.47174100001286,3.1951191478406784,0.0,409.47823400000556,1.9618558975628302,0.0
409.71506000001256,2.937597462375812,0.0,409.7495930000057,1.979139824848026,0.0
409.9625050000127,2.669592396734788,0.0,409.980211000006,1.9813290484421038,0.0
410.20763700001277,2.452212619605547,0.0,410.23548100000596,1.963806169289375,0.0
410.4710200000128,2.3172287658657598,0.0,410.466874000006,1.9206564710649934,0.0
410.7209970000131,2.259831405035703,0.0,410.7304330000062,1.8491655710691208,0.0
410.9594790000132,2.2558958522222277,0.0,410.97283800000645,1.754775241909394,0.0
411.2055260000131,2.2709814690291514,0.0,411.2489950000064,1.6500335730382594,0.0
411.4525680000132,2.273855499804743,0.0,411.4579490000064,1.5527204891125064,0.0
411.7039400000134,2.2472505243800653,0.0,411.71993100000645,1.4785839080558463,0.046535677352636994
411.94686600001336,2.1902003704653996,0.0,411.97537800000634,1.4333284299509432,0.10703205791106511
412.19685200001356,2.1104078692853916,0.0,412.19743300000647,1.409970408429782,0.140382626680455
412.4416170000136,2.0161619747213524,0.0,412.44586000000635,1.3973369191154223,0.16158221302998957
412.68398400001354,1.9125333986752178,0.0,412.70888300000644,1.3903093164492097,0.1748534987935194
412.93805400001344,1.802644156930127,0.0,412.94168500000677,1.398400879161578,0.16158221302998957
413.1815330000135,1.6903324600763991,0.0,413.2086290000069,1.4468978785861293,0.08764219234746641
413.4355900000134,1.5818907936415583,0.0,413.43808600000693,1.56151994982911,0.0
413.6744860000137,1.4865100504951816,0.03722854188210958,413.68402700000684,1.7494105609902453,0.0
413.9316680000139,1.416290379280571,0.1310754912099276,413.9773670000069,1.9914007373238398,0.0
414.1676480000138,1.383416523653263,0.18450534298517748,414.18335500000705,2.247297014585799,0.0
414.4250820000138,1.3956711061719582,0.1639951740779041,414.4344800000073,2.472342895247011,0.0
414.66133400001394,1.4529015463547905,0.078335056876939,414.6901370000072,2.6306495627538493,0.0
414.91417800001375,1.5464428555827063,0.0,414.9309660000073,2.703500980024603,0.0
415.17711700001365,1.6627699294273877,0.0,415.19290200000734,2.690643470938388,0.0
415.40425500001373,1.7890064728579513,0.0,415.42542900000734,2.607658933084064,0.0
415.6480780000137,1.9158248746022732,0.0,415.6679550000073,2.478566655136143,0.0
415.90995200001385,2.0348831261595155,0.0,415.9175410000072,2.3283755024922916,0.0
416.15448600001395,2.137591661847127,0.0,416.17043900000704,2.176372627037324,0.0
416.40497000001403,2.2115211868253226,0.0,416.40834700000727,2.0339239638249906,0.0
416.64630300001426,2.241554352545871,0.0,416.65793400000723,1.9085464325776509,0.0
416.89229200001427,2.216329788536683,0.0,416.91339800000713,1.8059881978177421,0.0
417.1471630000143,2.1347524062871974,0.0,417.1786080000071,1.7244697217324827,0.0
417.3928460000141,2.0077866688311556,0.0,417.42408500000715,1.6573838340971516,0.0
417.63469900001417,1.8546249015361878,0.0,417.6878910000072,1.6016107852723942,0.0
417.900814000014,1.6966995381022738,0.0,417.9334810000073,1.5583965506933515,0.0
418.1295230000139,1.5534271211918012,0.0,418.1689850000074,1.5299948147243718,0.0
418.3887290000138,1.440395720150001,0.1008273009307135,418.4314020000074,1.5144883668748736,0.0046535677352637075
418.6399980000136,1.3660364625473331,0.22552568079972424,418.69390100000754,1.5035641664271875,0.015511892450879026
418.87000300001347,1.3311532960208892,0.3135987590486039,418.9063330000075,1.489630977079409,0.035677352637021674
419.11806700001335,1.332814825991862,0.3111857980006894,419.1444070000075,1.4732451977048053,0.052740434332988605
419.3704860000133,1.3674174263515175,0.22311271975180974,419.3859450000075,1.4634136519164833,0.06514994829369182
419.61399100001336,1.4304757386036637,0.11091003102378487,419.6529010000075,1.4730086265510445,0.052740434332988605
419.86086500001346,1.5182848453512865,0.0023267838676318538,419.8797940000076,1.5152976688696047,0.0046535677352637075
420.10790000001344,1.6304724774311874,0.0,420.13079800000753,1.601010028898417,0.0
420.36464600001347,1.7712810737348463,0.0,420.37676900000764,1.731453582378831,0.0
420.6038250000136,1.9444609437107214,0.0,420.6267430000078,1.8910452947887761,0.0
420.85220900001383,2.144917869844897,0.0,420.87790200000774,2.051153620496005,0.0
421.10384400001396,2.347367177926735,0.0,421.11460500000794,2.183038287284019,0.0
421.34376000001396,2.5085615971598614,0.0,421.4543800000081,2.270585658207087,0.0
421.61562700001406,2.599547972485371,0.0,421.714397000008,2.3120991890076508,0.0
421.84368000001416,2.634243904693105,0.0,421.88236000000796,2.3153041722414187,0.0
422.10967900001407,2.656995774368607,0.0,422.1218790000079,2.2909218927716672,0.0
422.35302400001444,2.7126065331043474,0.0,422.45542700000783,2.2515929072231295,0.0
422.5855810000143,2.824998129684519,0.0,422.6866000000079,2.210864825810956,0.0
422.8558940000143,2.988972863897891,0.0,423.01779000000784,2.180291793309046,0.0
423.0850270000141,3.1718340102505715,0.0,423.222106000008,2.1644429197420236,0.0
423.332411000014,3.3164882847397914,0.0,423.53756500000804,2.1593632144132924,0.0
423.58093500001434,3.3608207757588833,0.0,423.79871300000843,2.157621755694277,0.0
423.82577100001424,3.271237390969365,0.0,424.0261070000086,2.155186754010641,0.0
424.074628000014,3.062569665561796,0.0,424.2741860000088,2.150833933451516,0.0
424.3180220000141,2.783959215150177,0.0,424.48090800000904,2.142059935067651,0.0
424.5665320000142,2.4851774870467906,0.0,424.75841800000916,2.1245979784458138,0.0
424.81534300001414,2.1981062875114707,0.0,424.9857990000096,2.0959138960326604,0.0
425.0633940000143,1.9399931997863542,0.0,425.1628560000097,2.0546623176564043,0.0
425.3228620000144,1.720114810506591,0.0,425.35475800000955,1.9997310937238366,0.0
425.5576690000145,1.545291889552805,0.0,425.63959000000966,1.9328471099836653,0.0
425.81041700001447,1.4200409368319082,0.12564632885211993,425.86056700000967,1.863153202394621,0.0
426.0590820000144,1.3450970051434654,0.2822302654257152,426.08648500000976,1.8064218452606766,0.0
426.3110220000146,1.3211384590604693,0.3425542916235781,426.3505030000099,1.7788376484473152,0.0
426.5495920000145,1.346906978503002,0.27740434332988617,426.5803950000099,1.7836979980559802,0.0
426.79635200001445,1.4156303288341008,0.1326266804550155,426.8684770000099,1.8060988788213619,0.0
427.0492290000147,1.5161695602165826,0.003102378490175805,427.08188800000994,1.8267546588508583,0.0
427.29801400001486,1.6351048970401723,0.0,427.3300930000098,1.8358898011194946,0.0
427.53349800001496,1.7598713286166254,0.0,427.62959300000983,1.8351823194213617,0.0
427.78314500001494,1.8903678068414846,0.0,427.8460120000098,1.8305713276654296,0.0
428.0338500000149,2.045960280657785,0.0,428.04651500001,1.8234918551473054,0.0
428.2890400000147,2.208270580003515,0.0,428.29893000001016,1.8086812672725467,0.0
428.5346440000147,2.342050808806185,0.0,428.55148400000985,1.781574441307465,0.0
428.7710120000146,2.432596098810184,0.0,428.84834100000984,1.7455515953221248,0.0
429.0259790000145,2.481259753244269,0.0,429.0746730000099,1.7125956392586756,0.0
429.27289700001444,2.499601638819561,0.0,429.36570400000977,1.6999894343397717,0.0
429.5185190000144,2.5018152322109914,0.0,429.5920420000098,1.721182760545,0.0
429.76725300001436,2.497197117317104,0.0,429.78810000000976,1.779427893968462,0.0
430.0122330000144,2.486078923613561,0.0,430.0241010000097,1.8635031809785751,0.0
430.25720400001444,2.463434665481901,0.0,430.27523500000973,1.9496597179163793,0.0
430.5336060000144,2.4204157323290847,0.0,430.5345830000096,2.009127880152548,0.0
430.7561730000146,2.3416999934759595,0.0,430.76261600000964,2.0198159676990075,0.0
431.0016740000147,2.220787414070555,0.0,431.0281200000098,1.9792716109694466,0.0
431.24670300001475,2.09425837689409,0.0,431.2826120000099,1.9048865471593346,0.0
431.50627700001473,1.9863202806068698,0.0,431.5070400000099,1.8204626918128337,0.0
431.74123800001485,1.8867872654944629,0.0,431.75727200001,1.7437502607451274,0.0
432.0019180000147,1.784756263010432,0.0,432.01207900001015,1.68293254980124,0.0
432.24376600001466,1.6764216047986769,0.0,432.2617250000104,1.6414907534428274,0.0
432.48569900001456,1.5682800884461754,0.0,432.52244600001023,1.6244352262116721,0.0
432.73214600001455,1.4735061317714595,0.052740434332988605,432.75306100001023,1.6389370895855448,0.0
432.9877130000144,1.4017355790462596,0.15675629093416069,433.0014350000105,1.694775391403225,0.0
433.22961100001453,1.351790947492259,0.26413305756635636,433.24116100001066,1.8009827476494626,0.0
433.4786630000145,1.3150469621452383,0.3509996552912789,433.4852170000105,1.95455423518492,0.0
433.7405780000148,1.2808280419222173,0.4426921751120304,433.7556940000105,2.136653199244988,0.0
434.0004210000149,1.2467637565990939,0.5150810065494658,433.99578000001037,2.3202176696963317,0.0
434.2165710000148,1.2486064183270378,0.5090486039296794,434.25208500001054,2.479567715109114,0.0
434.4635490000147,1.3562043284181602,0.25086177180282665,434.6431140000102,2.5943459179018737,0.0
434.7125440000147,1.580487117188118,0.0,434.95308200001034,2.650903183579756,0.0
434.96062100001484,1.8684994063947271,0.0,435.20576800001083,2.642222383271891,0.0
435.20336300001463,2.1702739387942644,0.0,435.4512550000112,2.5700198312065017,0.0
435.45706400001455,2.453780865902572,0.0,435.7716550000115,2.4440117144060354,0.0
435.72188800001464,2.6974063158939328,0.0,436.00167900001185,2.280345079612712,0.0
435.9458590000146,2.886290718999638,0.0,436.1704570000117,2.1732854319174506,0.0
436.1979790000147,3.013190903399532,0.0,436.47040500001197,2.3242550427612585,0.0
436.4450800000149,3.0738154510199807,0.0,436.7245740000122,2.518306938648381,0.0
436.6918300000151,3.0566343555616378,0.0,436.94699300001264,2.674794246420556,0.0
436.94411100001497,2.938119689535332,0.0,437.1785630000132,2.762803903632177,0.0
437.186656000015,2.7097722629058216,0.0,437.3609940000137,2.7671245784549994,0.0
437.4381510000151,2.4336546119223987,0.0,437.5673720000142,2.687072858706082,0.0
437.68069600001496,2.191376382609181,0.0,437.8197970000143,2.5327688820555383,0.0
437.93310600001485,2.0019096275854693,0.0,438.03576500001446,2.3228428359267608,0.0
438.2050260000149,1.8721281476767402,0.0,438.2577870000144,2.079514067787647,0.0
438.4313380000152,1.8184751010760891,0.0,438.4917950000143,1.8238979354270097,0.0
438.67731300001526,1.851215771771717,0.0,438.69078300001445,1.5734510906809576,0.0
438.9245070000153,1.9598528801741009,0.0,438.9707920000144,1.3412085658656667,0.2942950706652878
439.1653050000153,2.111130369378331,0.0,439.2548320000143,1.1359211162693588,0.7672354360565324
439.41885500001524,2.259376799373435,0.0,439.5092030000144,0.9622541816023739,0.9999999999999999
439.6612770000151,2.3667220534409936,0.0,439.78912000001446,0.8204142114688672,0.9999999999999999
439.91565600001496,2.4155877844675864,0.0,440.0176790000144,0.7060829682229093,0.9999999999999999
440.16161500001493,2.412564324513916,0.0,440.35771900001464,0.6159356182540295,0.9999999999999999
440.40308300001493,2.3833330448812196,0.0,440.54829000001513,0.5573047625706716,0.9999999999999999
440.65063900001473,2.360329327655129,0.0,440.79811400001506,0.5922671122862813,0.9999999999999999
440.89911400001466,2.3691972499757177,0.0,441.0690430000152,0.8655764785331885,0.9999999999999999
441.15354700001456,2.412184830592912,0.0,441.32711700001533,1.0919577557395241,0.8518614270941054
441.40799900001457,2.4591769769803875,0.0,441.64899400001565,1.2190302038442336,0.5766115132712858
441.6618410000147,2.463061653725582,0.0,441.8421970000162,1.2659780690990179,0.46561530506721815
441.8869760000148,2.4021070194312393,0.0,442.1325420000167,1.2630104254321421,0.4728541882109617
442.14102100001503,2.297430318828235,0.0,442.3789510000172,1.2402128857686425,0.5271458117890383
442.38243600001505,2.1851560524318505,0.0,442.5699410000178,1.219404396131984,0.5741985522233712
442.63986700001493,2.091410428757108,0.0,442.80991700001795,1.2130260162400266,0.5862633574629438
442.8782910000148,2.026771951419541,0.0,443.00624300001806,1.2280029564854367,0.5488624612202689
443.124759000015,1.9900470099154317,0.0,443.2607030000178,1.270406561917474,0.45596346087556006
443.382319000015,1.9733734345327936,0.0,443.57719300001787,1.347083434221934,0.27740434332988617
443.627332000015,1.9669713015938457,0.0,443.7795920000181,1.4638956378932249,0.06514994829369182
443.8696990000148,1.9622331188699382,0.0,444.06971000001835,1.6199783110212482,0.0
444.1186630000148,1.9543380923140103,0.0,444.28228400001876,1.8045104342241092,0.0
444.3650250000146,1.9419278313750084,0.0,444.48745700001905,1.99824753173217,0.0
444.6229440000148,1.9228177801220638,0.0,444.77890500001905,2.1789066627134406,0.0
444.86500500001483,1.893734318367915,0.0,445.00358100001944,2.3284350885316556,0.0
445.1103540000148,1.852511680199676,0.0,445.2293510000195,2.43516993397324,0.0
445.34988100001476,1.8002484795028555,0.0,445.4204250000196,2.4961310968287416,0.0
445.60689600001484,1.7411488347386417,0.0,445.62720500001944,2.520654899616294,0.0
445.8783430000149,1.6808411045243128,0.0,445.9284000000196,2.468990452258561,0.0
446.10232100001497,1.6244222738812708,0.0,446.19594500001955,2.4160144243432145,0.0
446.347629000015,1.5750953383729562,0.0,446.4631930000195,2.3727110086662013,0.0
446.6048900000151,1.534643913705271,0.0,446.7156490000195,2.337501954275317,0.0
446.8367430000152,1.5158979083511612,0.003102378490175805,446.9896970000195,2.308876795966243,0.0
447.09076400001516,1.5527102965808686,0.0,447.3304370000196,2.285572115597038,0.0
447.3347770000153,1.6732572887891561,0.0,447.6805450000201,2.2665488498101714,0.0
447.5871330000155,1.8664141515489363,0.0,447.8707230000201,2.250951608089806,0.0
447.84063900001547,2.093373399804693,0.0,448.21707700002054,2.2380629794577844,0.0
448.07768000001556,2.316999450078941,0.0,448.40959800002065,2.2272767445348824,0.0
448.34703500001564,2.516119114433768,0.0,448.62356000002086,2.218050826666948,0.0
448.57623300001546,2.6850342184860736,0.0,448.83269700002086,2.2098458949874344,0.0
448.8406620000154,2.824139266832556,0.0,449.1910220000214,2.202009777054707,0.0
449.0896930000154,2.928360040268519,0.0,449.46362900002174,2.1933634734257446,0.0
449.33674800001546,2.981769698069585,0.0,449.59600500002176,2.1800191104649187,0.0
449.5650180000156,2.9713969756271883,0.0,449.7030140000222,2.1207213359063237,0.0
449.8284210000156,2.9090515301745934,0.0,449.96909300002227,2.1019790520144945,0.0
450.0699860000155,2.823597447926767,0.0,450.2735030000224,2.060440819276138,0.0
450.3798860000155,2.731796482903221,0.0,450.62913200002254,2.0107629806511875,0.0
450.62298000001573,2.639115737663241,0.0,450.8646050000228,1.950378442921428,0.0
450.8044080000158,2.550547550007602,0.0,451.05603100002315,1.8751279844681434,0.0
451.06742400001576,2.4701321454353122,0.0,451.2605230000236,1.7799953706424854,0.0
451.29737400001585,2.395136171083279,0.0,451.455164000024,1.6626011381586883,0.0
451.56167600001584,2.3162804463576725,0.0,451.6423870000241,1.5284862440582923,0.0
451.8112490000157,2.2251766559648534,0.0,451.92239700002403,1.3949910677597,0.16520165460186134
452.04657900001564,2.122930876437281,0.0,452.33837200002426,1.2826142042643531,0.4366597724922441
452.30800000001557,2.0218691482551105,0.0,452.6257980000244,1.1991853978598248,0.6128059289900035
452.5455540000155,1.940964315485258,0.0,452.81891400002445,1.148582699112707,0.7443123061013446
452.7915670000155,1.9009225244719496,0.0,452.9623560000245,1.1490136347976003,0.7443123061013446
453.03776800001555,1.9186660574594292,0.0,453.2144470000247,1.2376896393249333,0.5319717338848673
453.2805420000155,2.0024460717492913,0.0,453.5130410000249,1.4045317867536755,0.1507238883143744
453.5524990000153,2.1477646690816976,0.0,453.74797500002495,1.6071918076615672,0.0
453.76999600001545,2.329824287141831,0.0,454.00246100002533,1.8103117622119804,0.0
454.01755500001553,2.504167380953689,0.0,454.27633400002566,1.9963371255598346,0.0
454.27046100001553,2.621774616515052,0.0,454.57714200002624,2.162925521921108,0.0
454.5157920000158,2.6530956199688664,0.0,454.85038800002667,2.314863891933671,0.0
454.76576500001585,2.60031897649621,0.0,454.9702850000274,2.457685314157435,0.0
455.0081550000159,2.4885596914399217,0.0,455.2567350000275,2.565123567515175,0.0
455.26727400001585,2.3485468887140986,0.0,455.4882370000278,2.5253901614063636,0.0
455.5042440000158,2.206578322333587,0.0,455.68470400002843,2.2871358383918348,0.0
455.75368600001605,2.0766353104610378,0.0,456.0191090000288,1.9689866796917381,0.0
456.00040600001574,1.9607350516472153,0.0,456.2181590000292,1.6652796120906093,0.0
456.2534600000158,1.8599694745179172,0.0,456.44741700002925,1.4053043431777674,0.14891416752843847
456.49893700001604,1.780471875296402,0.0,456.7107100000294,1.1907051897443621,0.639348500517063
456.75775900001594,1.7313931086317742,0.0,456.9322520000298,1.0156314684010872,0.9503619441571871
456.9898110000157,1.71737391985464,0.0,457.18423700002995,0.8738801805459149,0.9999999999999999
457.2408870000154,1.7339241112692714,0.0,457.34830100003006,0.7604013273411757,0.9999999999999999
457.4837300000155,1.764922541209669,0.0,457.5650760000301,0.6716083589986783,0.9999999999999999
457.7286930000157,1.7889949945945325,0.0,457.8290830000303,0.6052192928331546,0.9999999999999999
457.9862360000156,1.7961140234676831,0.0,458.01854200003044,0.558759726745326,0.9999999999999999
458.2336780000154,1.7926949214204395,0.0,458.3359460000306,0.5282302259752317,0.9999999999999999
458.4770440000155,1.7930284102627696,0.0,458.58995200003056,0.510545090087667,0.9999999999999999
458.7303780000156,1.8072409208737616,0.0,458.8074740000307,0.5076303923706982,0.9999999999999999
458.97680200001554,1.8336869518631698,0.0,459.0283300000308,0.5333801003122393,0.9999999999999999
459.2212740000157,1.8578814582412388,0.0,459.291497000031,0.6377085532224989,0.9999999999999999
459.45982800001593,1.8588966774736022,0.0,459.49581900003096,1.002812935428243,0.9689762150982418
459.719951000016,1.8205109425250674,0.0,459.75739600003095,2.0124183016154547,0.0
459.9737880000161,1.7426453494371068,0.0,460.0059030000311,3.154068788443541,0.0
460.20889300001613,1.6481876782043374,0.0,460.23848900003134,3.8891422491504457,0.0
460.45141800001636,1.573894797315972,0.0,460.4884620000316,4.279278130408746,0.0
460.69928500001646,1.5551834703830596,0.0,460.74982700003136,4.411043015346955,0.0
460.9473540000164,1.6124109457984148,0.0,461.0432100000316,4.363435815514172,0.0
461.1987860000163,1.742448944358286,0.0,461.3193650000317,4.207463904971745,0.0
461.4454140000163,1.9186820435789558,0.0,461.54705900003177,4.00499872211406,0.0
461.6914440000163,2.0962052994092204,0.0,461.73642700003194,3.8091322850199205,0.0
461.9424100000165,2.225010316822486,0.0,461.9928350000319,3.654084424106288,0.0
462.1854580000165,2.267978075375007,0.0,462.354576000032,3.561192649764293,0.0
462.4349650000165,2.2172333993132174,0.0,462.5905070000323,3.538416513663521,0.0
462.6818590000166,2.0941441614213785,0.0,462.95193000003235,3.5867415944455563,0.0
462.93187500001665,1.9318355072033924,0.0,463.1861150000327,3.6997790133144113,0.0
463.2039540000165,1.760667750130521,0.0,463.3370400000328,3.8530297531537157,0.0
463.43201500001646,1.6014231873181446,0.0,463.5440090000328,3.9555082436979503,0.0
463.6779020000165,1.466594954536069,0.05972078593588417,463.756336000033,3.7667179442732333,0.0
463.91468100001634,1.3636710686016396,0.23155808341951054,463.96947700003324,3.335320842160586,0.0
464.16935400001614,1.2971133141492155,0.3968459152016546,464.21979300003323,2.856257491887584,0.0
464.4279700000161,1.2647466362915463,0.46923474663908993,464.57187100003335,2.4133039827825664,0.0
464.66974100001624,1.2537476741429965,0.4969837986901069,464.88786900003333,2.028704867141859,0.0
464.90972000001636,1.244376374803189,0.5187004481213375,465.0741800000336,1.70416463323489,0.0
465.15857700001646,1.2232309306041627,0.5645467080317133,465.35786000003384,1.4356885930403096,0.10548086866597721
465.4126220000166,1.190639672537002,0.639348500517063,465.5896890000341,1.2191221538707935,0.5766115132712858
465.6506650000166,1.156010034390406,0.7213891761461566,465.7815660000343,1.0536967485792978,0.9014994829369183
465.9145090000166,1.1307769054491505,0.7841261633919338,466.07269800003445,0.9484450452087066,0.9999999999999999
466.14645900001636,1.1245358391678622,0.7961909686315064,466.28153100003465,0.9397245830691496,0.9999999999999999
466.4179380000163,1.1425055064263958,0.7539641502930026,466.5553160000346,1.1426003754229113,0.7539641502930026
466.6429250000164,1.183263837424556,0.6562392278524647,466.85834900003476,1.8146880219473993,0.0
466.8995130000165,1.2393838819702085,0.5271458117890383,467.06281400003496,2.997750837013689,0.0
467.1378830000166,1.3012875960337764,0.38598759048603926,467.34570500003514,4.2739369734722885,0.0
467.3893380000165,1.3619617813478662,0.23759048603929683,467.56364400003514,5.509310162769341,0.0
467.6439300000164,1.419977484733455,0.12564632885211993,467.77124600003543,6.5941332228663985,0.0
467.8765000000164,1.47759384520633,0.048086866597724896,468.06409100003583,7.369680225692173,0.0
468.1342190000165,1.5369010107446737,0.0,468.27955300003606,7.71667077633371,0.0
468.3790460000167,1.5967659535707925,0.0,468.52854200003617,7.63229339345796,0.0
468.63659800001653,1.652165856594114,0.0,468.76594500003625,7.248333491883643,0.0
468.8675060000166,1.6968936562217471,0.0,468.9884780000363,6.744750921517274,0.0
469.11941200001644,1.7253873143221399,0.0,469.2332770000364,6.247739954233081,0.0
469.3634080000161,1.731703621627102,0.0,469.43369500003644,5.804871582611877,0.0
469.6098900000161,1.7098846877385583,0.0,469.67512900003663,5.415755422788653,0.0
469.8582460000162,1.657656210018213,0.0,469.9061560000366,5.064057243379621,0.0
470.11850300001635,1.5797212967501812,0.0,470.1531630000366,4.749218573787575,0.0
470.35629600001624,1.4892069394756404,0.035677352637021674,470.3824610000366,4.490588991893698,0.0
470.6067190000162,1.4055365174047867,0.14891416752843847,470.65743700003657,4.297295056051305,0.0
470.85736400001616,1.34895049034529,0.2749913822819717,470.9063500000365,4.1445059145724175,0.0
471.09731800001623,1.3338347046524857,0.30997931747673213,471.17081600003667,3.998841591200589,0.0
471.34265200001624,1.3645073668671388,0.229145122371596,471.37986200003667,3.8456670885505315,0.0
471.5975880000162,1.4340834060671068,0.10625646328852116,471.6203460000368,3.675451359558541,0.0
471.85038000001623,1.5238378515045332,0.0,471.8667470000369,3.481029505720238,0.0
472.1058370000163,1.6093778755789576,0.0,472.1381260000369,3.2690443151254502,0.0
472.3358370000164,1.6711950169999696,0.0,472.4287140000368,3.0607842252453312,0.0
472.58388400001655,1.7003817224495725,0.0,472.62516100003694,2.8767572522456213,0.0
472.83077200001634,1.695915392596055,0.0,472.8570490000371,2.7230731902619194,0.0
473.07830300001626,1.6597592151096292,0.0,473.101520000037,2.5906978378285483,0.0
473.3366670000163,1.5960672190432614,0.0,473.351985000037,2.468614405702791,0.0
473.5852580000163,1.5130689560539845,0.0046535677352637075,473.629381000037,2.3543200449548234,0.0
473.81709900001596,1.4219765058271605,0.124870734229576,473.85845100003706,2.2620784025540943,0.0
474.0695120000157,1.3361854007888554,0.30756635642881763,474.10843800003704,2.305464233710289,0.0
474.3281050000157,1.265511507709081,0.46561530506721815,474.369394000037,2.9242008660894863,0.0
474.5613950000157,1.2113660104861428,0.5886763185108583,474.60090500003685,5.18763408810924,0.0
474.80936800001575,1.1689058256051867,0.6900206825232679,474.8492400000369,8.572435866941724,0.0
475.06076800001574,1.1321106439883044,0.7829196828679765,475.099389000037,12.12705952534219,0.0
475.31479900001574,1.0978858526578874,0.8492761116856257,475.3358140000369,15.422808090344542,0.0
475.5563380000157,1.0666676451787707,0.8828852119958635,475.60742700003703,18.31924098843293,0.0
475.8047670000159,1.042619798941802,0.9177869700103412,475.850360000037,20.782931094472968,0.0
476.04396900001575,1.033611460938985,0.9325232678386762,476.081381000037,22.834323927983363,0.0
476.295992000016,1.0486376987659018,0.9100310237849017,476.3617440000373,24.454790141804956,0.0
476.54233300001584,1.0926184311603735,0.8518614270941054,476.58377700003723,25.645962351184025,0.0
476.78684600001594,1.161980008546638,0.7032919682867977,476.8469970000373,26.42853845778796,0.0
477.04034600001614,1.2417444098927095,0.5247328507411237,477.11372300003706,26.654134685457645,0.0
477.29128300001616,1.3120892137020834,0.35703205791106507,477.3628930000369,25.97002949833819,0.0
477.5361840000162,1.3601126132168886,0.24241640813512585,477.5721860000368,23.994180155646657,0.0
477.7897100000163,1.3821726265900833,0.1893312650810065,477.8283730000369,21.152710395244767,0.0
478.02707500001645,1.3793937193038934,0.1953636677007928,478.06388000003693,18.40863331150275,0.0
478.2796390000164,1.353912399887694,0.2581006549465701,478.3183810000367,16.122011139891697,0.0
478.5296150000163,1.3094094176940243,0.36065149948293684,478.5548250000367,14.268140472100411,0.0
478.7717070000162,1.2512942850392101,0.5006032402619787,478.81431800003674,12.696629024094747,0.0
479.020424000016,1.186258523004239,0.6477938641847638,479.04578200003687,11.218801634053195,0.0
479.28058000001596,1.123102157935452,0.7961909686315064,479.32217200003686,9.736709345474043,0.0
479.50988300001586,1.0741126590590218,0.8720268872802481,479.5523740000367,8.323476675825674,0.0
479.779012000016,1.0522793783620727,0.9030506721820062,479.798790000037,7.1521653427828635,0.0
480.009001000016,1.0692805289379068,0.8790072388831437,480.04682900003695,6.290375448763528,0.0
480.2610940000162,1.1320534644055797,0.7829196828679765,480.3099240000372,5.57937291587276,0.0
480.50984000001637,1.2381686890123018,0.5307652533609101,480.55086500003716,4.974063458178005,0.0
480.7529890000164,1.3752740793711369,0.2098414339882799,480.81313100003723,4.4441996227081075,0.0
480.99834100001635,1.5250413425865044,0.0,481.06209300003707,3.9740357569494047,0.0
481.2489940000166,1.6709953226282739,0.0,481.34964900003695,3.5623685592448764,0.0
481.50703000001664,1.8041502590607756,0.0,481.59369700003685,3.2151064150288358,0.0
481.7408760000167,1.9191002157218522,0.0,481.7856660000369,2.938901496662127,0.0
481.99796300001657,2.0072529131555408,0.0,482.04151300003673,2.7360185408533875,0.0
482.24344700001643,2.053888055553517,0.0,482.2672550000368,2.5962962581847515,0.0
482.49112700001643,2.0444596823269,0.0,482.51432900003664,2.49353460371438,0.0
482.73292700001656,1.9746245782241985,0.0,482.7677370000367,2.3986832361834454,0.0
483.00886200001645,1.856967405294624,0.0,483.0047740000368,2.299192724727718,0.0
483.2297360000163,1.713011276064793,0.0,483.3126780000365,2.200597405469923,0.0
483.4755960000163,1.565407190923274,0.0,483.5390830000367,2.1229721457971484,0.0
483.72712000001616,1.4327395495753485,0.10780765253360906,483.7646450000368,2.09622813882476,0.0
483.97553600001606,1.3246667510656152,0.3341089279558773,484.05108800003705,2.1485257652026863,0.0
484.2189450000161,1.2413714668778921,0.5247328507411237,484.29706300003704,2.292239594731371,0.0
484.4650920000164,1.1789698664520296,0.6634781109962082,484.5436220000371,2.516083389887903,0.0
484.7221220000163,1.13294459146286,0.7793002412961048,484.80749000003715,2.788943636459079,0.0
484.9660540000164,1.0984151669596718,0.8492761116856257,485.0205740000371,3.072615794782397,0.0
485.2063540000163,1.0712819895614207,0.8766804550155118,485.2361500000374,3.3297976549201223,0.0
485.4563470000165,1.0495751024655882,0.9092554291623578,485.4855040000371,3.5351737915683534,0.0
485.7063570000166,1.0330983988352846,0.9325232678386762,485.78857100003717,3.6850060584115694,0.0
485.9498950000167,1.0224550424340462,0.9449327817993795,485.97608300003736,3.796271761421341,0.0
486.2094360000167,1.0194169084801472,0.9495863495346432,486.22351500003737,3.895128502498687,0.0
486.44524300001666,1.024353622110808,0.9410548086866597,486.4912210000375,3.9970683647201892,0.0
486.6906550000166,1.031793308399615,0.9332988624612202,486.71929200003746,4.094209570464819,0.0
486.94387100001654,1.0320540089238563,0.9332988624612202,486.9711350000375,4.165435762197097,0.0
487.1844900000165,1.0211412166243496,0.9457083764219234,487.2822290000377,4.19000701554924,0.0
487.46511700001656,1.0052531131478422,0.9682006204756979,487.50517900003774,4.151234443173566,0.0
487.67980700001664,0.99682925380588,0.9767321613236813,487.725654000038,4.038974546698541,0.0
487.92973400001677,1.009586673939145,0.9635470527404343,488.0372540000381,3.858420702554916,0.0
488.1788750000169,1.0559425079809865,0.8999482936918304,488.3055790000383,3.6335761215896794,0.0
488.425839000017,1.1425787487722814,0.7539641502930026,488.51927500003853,3.397046711007247,0.0
488.6743400000171,1.2654960262626498,0.46561530506721815,488.7147460000385,3.1776717679203834,0.0
488.92480100001717,1.410123251459951,0.140382626680455,488.9935550000386,2.9932192476515733,0.0
489.16833300001724,1.5566711751092468,0.0,489.2193780000388,2.8559433428567553,0.0
489.4197640000172,1.6870561108515494,0.0,489.5024750000391,2.7730041881717575,0.0
489.6657760000172,1.7901680953695638,0.0,489.8263850000393,2.7416054369377134,0.0
489.9222940000175,1.861194126453085,0.0,490.04432400003935,2.753800426906112,0.0
490.15763500001754,1.8987879861387937,0.0,490.3299860000397,2.803174951515001,0.0
490.40760000001757,1.9029481041903566,0.0,490.5624520000398,2.880701916215872,0.0
490.66253600001784,1.8738483730123348,0.0,490.7494890000398,2.970395874647818,0.0
490.90291900001785,1.8151993990978066,0.0,491.0013870000397,3.0500811978609907,0.0
491.1523810000178,1.7382658009166911,0.0,491.2587730000395,3.099810817574434,0.0
491.3939810000178,1.6593391416707053,0.0,491.48218000003965,3.1116192080804277,0.0
491.6398890000179,1.592440863923533,0.0,491.7504030000395,3.0950938394558487,0.0
491.88534500001805,1.5447530720822147,0.0,491.97482700003934,3.067654984251249,0.0
492.13707000001807,1.5142724512973573,0.0046535677352637075,492.1936060000394,3.0411592175589908,0.0
492.3896650000181,1.489525190376928,0.035677352637021674,492.4426520000393,3.016348396319387,0.0
492.6365900000184,1.4565203442494055,0.07678386763185109,492.6666260000394,2.9851008499356966,0.0
492.8766040000183,1.4092950147479502,0.14115822130299896,492.9275840000393,2.933689975495534,0.0
493.1291790000183,1.3535926461093917,0.2593071354705273,493.16656000003934,2.8470953170070272,0.0
493.3879520000186,1.2991877511482621,0.3908135125818683,493.46390200003935,2.721661639738008,0.0
493.6265230000189,1.2510687878193045,0.5006032402619787,493.7041500000393,2.5724744500808283,0.0
493.877918000019,1.209785439616539,0.5959152016546019,493.90055800003944,2.4235862233024066,0.0
494.1228820000191,1.174146420146083,0.6851947604274389,494.17907300003964,2.2913262353051573,0.0
494.3650210000192,1.1448752068673032,0.7503447087211308,494.39973300003953,2.180319140576585,0.0
494.65546500001926,1.1254767512846455,0.7937780075835918,494.64719200003947,2.0872701235405713,0.0
494.8738650000193,1.1217272462617747,0.7998104102033782,494.9323990000395,2.005092808524235,0.0
495.13113400001924,1.1408292060104332,0.7575835918648743,495.1405010000394,1.9254692587277018,0.0
495.4059170000192,1.1887604356824026,0.6417614615649775,495.4247750000394,1.8400494239540346,0.0
495.6658880000195,1.2629922315569717,0.4728541882109617,495.7578510000395,1.745022376724977,0.0
495.8700870000195,1.3450557488644703,0.2834367459496725,495.9761720000396,1.647315311388394,0.0
496.10583300001935,1.4011633543446587,0.15796277145811793,496.23230300003945,1.5635537392992551,0.0
496.35693400001935,1.4039927091086113,0.15193036883833164,496.48511900003956,1.5147968736474278,0.0046535677352637075
496.6038320000193,1.3566053061938623,0.25086177180282665,496.7499450000397,1.5235025314193726,0.0
496.84790400001924,1.2861740085008466,0.4233884867287142,496.9398990000399,1.6121453239817847,0.0
497.1028940000194,1.2222471388192444,0.5657531885556706,497.1638130000401,1.8034281229171363,0.0
497.3352960000193,1.1865257023691835,0.6477938641847638,497.51829600004,2.106206604047109,0.0
497.5870250000195,1.1928132478236224,0.6381420199931057,497.77787100004,2.4956814413491832,0.0
497.84094500001953,1.2482861490442998,0.5102550844536367,497.9862990000401,2.9063387179664573,0.0
498.09102600001955,1.3507620713536928,0.26533953809031363,498.2768000000404,3.2528755762567325,0.0
498.33942600001956,1.482882103938855,0.04033092037228538,498.51228900004077,3.463587122945701,0.0
498.5843990000196,1.6103410219265863,0.0,498.7624150000412,3.505161953341319,0.0
498.82887100001966,1.6946582279952291,0.0,498.9803070000413,3.384732794095985,0.0
499.0714520000197,1.714198524524646,0.0,499.27929800004136,3.1369371821250103,0.0
499.3191080000195,1.6738922992197918,0.0,499.5461600000415,2.8128364137941864,0.0
499.5693950000194,1.5962504201569434,0.0,499.7303080000421,2.471708905562701,0.0
499.81144200001944,1.5102831640582068,0.005429162357807659,500.01642900004225,2.166244141116966,0.0
500.05935500001954,1.445059299046408,0.09152016546018617,500.30267400004254,1.926946784007584,0.0
500.30689800001954,1.424163428568183,0.12331954498448809,500.44584200004283,1.7630244423386916,0.0
500.5583430000197,1.4564200949404158,0.07678386763185109,500.64162900004294,1.6723317823237134,0.0
500.8061790000197,1.5319422812918477,0.0,500.8472450000431,1.6450189787743232,0.0
501.08400200002006,1.6258662455301847,0.0,501.08793700004327,1.6651925568294201,0.0
501.30207000002,1.7128435159099973,0.0,501.3285100000434,1.7128505450148401,0.0
501.55754600002,1.7753063801532434,0.0,501.60187100004345,1.7675495754068198,0.0
501.79997500002014,1.8057976603934704,0.0,501.86927200004374,1.8160157287763063,0.0
502.04737100002006,1.8084895020305605,0.0,502.0779820000438,1.8576677282993757,0.0
502.28915500002034,1.7971419903942345,0.0,502.327819000044,1.9064727984648908,0.0
502.5357950000204,1.787607434128129,0.0,502.5577560000441,1.9794255169828552,0.0
502.80575900002054,1.7917536242169807,0.0,502.82062800004405,2.0761622712918273,0.0
503.0331490000205,1.8138479416727389,0.0,503.1120420000441,2.1771801501737924,0.0
503.2781010000205,1.85039632252757,0.0,503.3756250000439,2.25836955512941,0.0
503.5309540000207,1.893457232964712,0.0,503.6086830000437,2.305970899841071,0.0
503.77750400002066,1.9333639272513712,0.0,503.83001300004366,2.3185976965997215,0.0
504.02037800002074,1.9598133010207184,0.0,504.0513110000437,2.3019782304624954,0.0
504.2748840000207,1.9658552918783547,0.0,504.2904030000436,2.264546593771027,0.0
504.514836000021,1.949127438642079,0.0,504.53886400004393,2.2144356674325345,0.0
504.7643220000211,1.9118332028340015,0.0,504.79878800004377,2.1578829499893386,0.0
505.02388900002086,1.8577294559999187,0.0,505.08478400004367,2.097047570024792,0.0
505.26372600002094,1.788276607005852,0.0,505.28719500004365,2.031606637594752,0.0
505.5037130000212,1.704391148940842,0.0,505.5510410000439,1.9613979334122615,0.0
505.76114600002126,1.6091137969261808,0.0,505.8100280000439,1.8951616646366127,0.0
506.0142590000213,1.5075957797509854,0.01163391933815927,506.0286960000438,1.8434093176694408,0.0
506.25322000002143,1.4071908875087027,0.14426059979317477,506.28497100004364,1.8139952560984027,0.0
506.51302900002156,1.3163233097886506,0.3509996552912789,506.5173820000439,1.8087569929748968,0.0
506.74897900002156,1.2441472615738953,0.5199069286452948,506.8038100000441,1.8244831806092991,0.0
506.9939240000216,1.199921702799586,0.6128059289900035,507.0543040000442,1.8514137961758628,0.0
507.2408380000215,1.1917839531113772,0.639348500517063,507.3028670000442,1.8726990708903979,0.0
507.4884050000215,1.2228565479318105,0.5657531885556706,507.5628040000442,1.869354185603522,0.0
507.7324550000215,1.2846899356653934,0.4282144088245433,507.8020690000442,1.8292890501701957,0.0
507.9790300000214,1.358945357098565,0.24482936918304038,508.03714000004413,1.7535032678475244,0.0
508.2385640000215,1.427065750748338,0.11711478800413648,508.31809000004404,1.653611885384577,0.0
508.4810380000215,1.477320028660475,0.04886246122026885,508.50606900004396,1.545782159770867,0.0
508.73343600002147,1.5046118196328238,0.013960703205791123,508.80605100004396,1.4466108357163658,0.08841778697001036
508.98446400002126,1.5075143226192174,0.01163391933815927,509.039561000044,1.3709320209586568,0.2158738366080662
509.25777300002153,1.4868844067062579,0.03722854188210958,509.28512400004416,1.3286970295825884,0.3220441227163047
509.4756020000215,1.4466400188267925,0.08841778697001036,509.5560110000443,1.3217087078488148,0.3401413305756636
509.7150810000217,1.3958284256398215,0.1639951740779041,509.78506100004427,1.3444787921562547,0.285849706997587
509.9670160000218,1.349334573823907,0.2725784212340572,509.99115000004434,1.3862447264270423,0.17967942088934843
510.2155610000218,1.3225492034189732,0.3377283695277491,510.24422600004436,1.4317508818076337,0.10858324715615301
510.45650600002193,1.3242582073928733,0.33531540847983454,510.48613500004427,1.4689241125518775,0.058169596690796264
510.7133950000218,1.3550626608980219,0.2556876938986557,510.7360820000441,1.4972912573893218,0.02404343329886249
510.94927100002207,1.4097003071100134,0.14115822130299896,510.9909160000441,1.5328174137745423,0.0
511.1957180000222,1.4799472394891824,0.04576008273009304,511.2207040000439,1.6022326977540635,0.0
511.44569500002234,1.556626997216834,0.0,511.5076740000442,1.7307244948123415,0.0
511.69162400002256,1.6335096315809263,0.0,511.7415350000443,1.9324861019974717,0.0
511.9482390000225,1.7094902364768019,0.0,511.99807000004415,2.2032383431865883,0.0
512.2000420000224,1.7872471675748998,0.0,512.241965000044,2.514531346572322,0.0
512.4350200000224,1.8705578954608537,0.0,512.4729400000439,2.8095867810980866,0.0
512.7000170000225,1.9619941845242717,0.0,512.7480380000438,3.013843549743343,0.0
512.9331000000226,2.062523716643007,0.0,512.9579710000438,3.072077952522421,0.0
513.1807690000227,2.1704085749322983,0.0,513.2079850000438,2.985756316269794,0.0
513.4231910000227,2.2818008019439824,0.0,513.4495460000439,2.8067775060009845,0.0
513.6885840000228,2.3938801519878883,0.0,513.704551000044,2.599057401969038,0.0
513.9244700000227,2.5022168396511058,0.0,513.9850530000439,2.409359033252517,0.0
514.1845050000226,2.5993261456668604,0.0,514.2216220000438,2.2599297846697985,0.0
514.4204440000228,2.6761105823091054,0.0,514.4430260000437,2.152453618464029,0.0
514.6780020000228,2.7181171316018244,0.0,514.7241640000437,2.075034107323118,0.0
514.9164460000229,2.7071620342707097,0.0,514.9586080000438,2.0151386420181447,0.0
515.159215000023,2.63098998726169,0.0,515.2176660000438,1.9654867638335491,0.0
515.4076290000229,2.49439294189673,0.0,515.4515200000438,1.925462284619729,0.0
515.6587790000232,2.319147533761623,0.0,515.6744410000439,1.8973340436633879,0.0
515.8996900000234,2.130677662679326,0.0,515.9293900000439,1.8864347527461265,0.0
516.1476100000235,1.9481754915850957,0.0,516.1767030000441,1.9009350023675977,0.0
516.3996690000237,1.7835777945746338,0.0,516.4121470000441,1.950196956650383,0.0
516.6573380000237,1.643999481671628,0.0,516.6921060000441,2.03881604154178,0.0
516.8973200000238,1.532904839140198,0.0,517.0110700000445,2.164059989477262,0.0
517.137302000024,1.4492921488247064,0.0829886246122027,517.2976330000447,2.3176298004670173,0.0
517.3908590000239,1.3872887596607535,0.17967942088934843,517.525496000045,2.485222567501377,0.0
517.6358680000241,1.3387669155744346,0.2991209927611168,517.7936070000449,2.6414687627981035,0.0
517.8792630000241,1.299534373163826,0.38960703205791103,518.072026000045,2.756838267313705,0.0
518.1720250000242,1.2755599139904452,0.4511375387797312,518.3465680000452,2.8142361625152947,0.0
518.3828320000243,1.2828776527715129,0.43545329196828686,518.5159600000457,2.816652185171426,0.0
518.6279470000245,1.3401745486738394,0.29550155118924504,518.7078710000458,2.7795884051327278,0.0
518.8753710000244,1.4567016733294547,0.07678386763185109,518.9438530000458,2.7183554071361278,0.0
519.1203150000244,1.6278926438721604,0.0,519.155818000046,2.64390405785011,0.0
519.3730840000244,1.8367485374953296,0.0,519.407306000046,2.5617563942875266,0.0
519.6183380000246,2.0614289713282625,0.0,519.6313650000459,2.4779700966341456,0.0
519.8682390000247,2.284223968396347,0.0,519.9356490000458,2.4027560899278235,0.0
520.1163370000247,2.4916748473715393,0.0,520.2639890000455,2.3495300586203722,0.0
520.3624360000247,2.6668286386098803,0.0,520.5658860000456,2.321227362269261,0.0
520.6088200000248,2.791685461445106,0.0,520.981422000046,2.298213556769924,0.0
520.859256000025,2.8536289020419874,0.0,521.2090060000461,2.242881910814896,0.0
521.1011820000249,2.851630173521731,0.0,521.3969740000462,2.0899989091766487,0.0
521.3695990000251,2.7972299432229657,0.0,521.556420000046,1.8829094024113355,0.0
521.5985760000252,2.7081094345796144,0.0,521.7758520000461,1.7340371226284372,0.0
521.8535510000252,2.6007885957290227,0.0,522.0616240000464,1.6637975425160647,0.0
522.0900300000251,2.4837409022652133,0.0,522.3524440000466,1.6525083622493122,0.0
522.3426400000252,2.359135420950793,0.0,522.5775870000472,1.6801019618814501,0.0
522.589502000025,2.2383413704391146,0.0,522.7890780000475,1.729994816924329,0.0
522.8420250000249,2.1473207445952833,0.0,523.0584080000478,1.7799557952332195,0.0
523.0809100000245,2.100786844919412,0.0,523.2690670000485,1.801903806940532,0.0
523.3325250000242,2.090842186760586,0.0,523.5509300000487,1.7732012940727704,0.0
523.5792430000242,2.103204606207111,0.0,523.7874530000487,1.6865140792859177,0.0
523.8336830000244,2.1249944276843666,0.0,524.0980040000488,1.5498652955039791,0.0
524.0710130000242,2.1422317907175525,0.0,524.349001000049,1.3812912422091495,0.19174422612892103
524.3226700000242,2.1404556022275156,0.0,524.5838980000493,1.2026077403343114,0.6079800068941744
524.5710000000242,2.1104423643130543,0.0,524.8289970000495,1.0334083334103377,0.9325232678386762
524.8135610000238,2.051518829065124,0.0,525.0929640000497,0.8864695980729419,0.9999999999999999
525.0618770000243,1.9715058293528376,0.0,525.27517800005,0.7663415582319557,0.9999999999999999
525.3118620000239,1.8816254456092907,0.0,525.5079830000498,0.6725278433116866,0.9999999999999999
525.5623290000234,1.7907800116108503,0.0,525.7404510000497,0.611196830985593,0.9999999999999999
525.8349160000234,1.7026455994891179,0.0,525.9906100000503,0.5873934141803372,0.9999999999999999
526.0503570000236,1.6206466446432632,0.0,526.2654670000501,0.5986921586091682,0.9999999999999999
526.3062990000236,1.5509693763144423,0.0,526.4964240000506,0.6425280571551367,0.9999999999999999
526.5535580000236,1.4999497891146256,0.01861427094105483,526.7390250000509,0.7185645540047012,0.9999999999999999
526.7942380000238,1.4731874347868346,0.052740434332988605,526.9179070000514,0.8280367794882987,0.9999999999999999
527.042094000024,1.4745991273891188,0.05196483971044465,527.1293400000517,0.9751681963948875,0.9999999999999999
527.293533000024,1.50519819476687,0.013960703205791123,527.3973030000516,1.1685927942909637,0.6900206825232679
527.5467020000245,1.563499755779504,0.0,527.6345650000518,1.4235481253903033,0.12409513960703204
527.8067910000249,1.6432974603426267,0.0,527.9054750000516,1.7614621955734122,0.0
528.0385510000249,1.72910045999736,0.0,528.1289170000515,2.1784785656848875,0.0
528.2796750000249,1.7956473414770284,0.0,528.3942350000517,2.518128299175865,0.0
528.5284790000246,1.818997021814922,0.0,528.6618990000516,2.6211379683475102,0.0
528.7770250000245,1.7905259325654816,0.0,528.9525290000515,2.64540820081014,0.0
529.0535930000248,1.7173994170475555,0.0,529.1924610000515,2.787135242234076,0.0
529.2691500000246,1.6139183369579624,0.0,529.4277960000518,3.0416796064043194,0.0
529.5240930000249,1.4978544638292972,0.02326783867631854,529.6431790000519,3.3567188066865796,0.0
529.7691080000242,1.3888602969107509,0.17605997931747666,529.9753460000522,3.66835096341226,0.0
530.0115120000246,1.3045986634165114,0.37030334367459494,530.1897520000524,3.911582996436267,0.0
530.2550690000247,1.2550943095809706,0.49457083764219234,530.4076140000521,4.031617148663825,0.0
530.5039200000244,1.2391346306457942,0.5271458117890383,530.6671170000523,3.9984301740405437,0.0
530.7606180000249,1.2468009993453002,0.5150810065494658,530.9271330000523,3.8184049072879094,0.0
531.0052330000254,1.2656478656045866,0.46561530506721815,531.1866040000521,3.538617512086626,0.0
531.2510700000253,1.2857517380416772,0.42580144777662876,531.473523000052,3.2297664583456314,0.0
531.4960430000253,1.3014613194500624,0.38478110996208204,531.712002000052,2.9498103452249196,0.0
531.7405460000248,1.312443697756454,0.35582557738710785,531.9379450000517,2.7225196305989976,0.0
531.9913580000244,1.3239366242704151,0.33531540847983454,532.2003990000525,2.545820082382431,0.0
532.2426570000243,1.34627537944328,0.28102378490175794,532.5160690000528,2.4115540291154542,0.0
532.4882020000241,1.3905298731172155,0.1748534987935194,532.657859000053,2.3107912094584586,0.0
532.7355440000243,1.45942414182031,0.07135470527404343,532.885434000053,2.2338463424287087,0.0
532.9917460000242,1.541686062888087,0.0,533.1389680000528,2.1709140645307037,0.0
533.231029000024,1.617493230317031,0.0,533.4406710000529,2.11563898573851,0.0
533.474107000024,1.6690469213837642,0.0,533.6589880000531,2.06219313433438,0.0
533.7299160000241,1.6881106712936649,0.0,533.8729820000528,2.0079082037215157,0.0
533.9948940000245,1.6811354732851824,0.0,534.079395000053,1.9535792077066005,0.0
534.2208720000243,1.6655012483484142,0.0,534.3926090000527,1.90347923563096,0.0
534.4725330000246,1.659667403789383,0.0,534.6205370000528,1.860201417300613,0.0
534.7158170000246,1.6742295314437114,0.0,534.9011350000527,1.8230661731680713,0.0
534.9629180000245,1.709248034121475,0.0,535.266774000053,1.790262367479873,0.0
535.2114800000242,1.7595347539633865,0.0,535.3830050000533,1.7776242573505985,0.0
535.540424000024,1.8193559416065566,0.0,535.5785080000536,2.0814849870603385,0.0
535.7070820000239,1.8846585690097166,0.0,535.8000190000533,2.5459443332596843,0.0
535.9514910000237,1.9528633258431436,0.0,536.1329470000533,2.9751839723822022,0.0
536.2068800000241,2.0165895306570567,0.0,536.3925290000531,3.3336624907249943,0.0
536.4536370000243,2.058780552060664,0.0,536.6124180000529,3.6239745985117544,0.0
536.7340460000244,2.0595442894204847,0.0,536.8693640000528,3.855849818593176,0.0
536.9445360000242,2.0090657556213105,0.0,537.2359480000526,4.039229481901939,0.0
537.1916170000239,1.9134657026733513,0.0,537.4518740000527,4.182888623219272,0.0
537.442612000024,1.790685063712318,0.0,537.6773160000528,4.292926683235928,0.0
537.6915530000246,1.6616913295322568,0.0,537.8472980000532,4.367696958866861,0.0
537.9372890000247,1.544247692818055,0.0,538.056917000053,4.383707646231542,0.0
538.1915800000246,1.44855527404284,0.08531540847983456,538.311791000053,4.291531249257236,0.0
538.4286650000247,1.375891773543204,0.20742847294036537,538.5517640000531,4.109764127756912,0.0
538.6831140000248,1.320979560642097,0.34376077214753537,538.7867600000538,3.9273514005782486,0.0
538.9231730000246,1.2792272982248973,0.44510513615994496,539.0617260000537,3.7789164876747408,0.0
539.1725050000247,1.2498661565180997,0.5042226818338504,539.3007970000534,3.660704506090153,0.0
539.4457700000247,1.2354932376684886,0.5343846949327818,539.5997830000538,3.5647215026282613,0.0
539.6779370000253,1.2393942845631947,0.5271458117890383,539.7757190000539,3.4860494796836243,0.0
539.9312760000254,1.2610618087975158,0.48129955187866247,539.9977660000535,3.4203016398312043,0.0
540.1703480000252,1.2926698545431752,0.4089107204412271,540.3052380000539,3.3628755618121793,0.0
540.4162250000255,1.319775364943141,0.34376077214753537,540.560772000054,3.3064289422696893,0.0
540.6685920000253,1.327664324990136,0.323250603240262,540.8197020000537,3.2295441100257265,0.0
540.9130530000256,1.3099380956847189,0.3594450189589796,541.024013000054,3.0551344808401044,0.0
541.1565730000249,1.2725770052030212,0.45475698035160284,541.2186140000538,2.740692925873987,0.0
541.404941000025,1.2293002595731612,0.5476559806963117,541.4201420000538,2.4648420794710626,0.0
541.6518380000249,1.1938948130781295,0.6345225784212339,541.6565250000546,2.2305637941582006,0.0
541.894875000025,1.1761946170208217,0.6791623578076526,541.908949000054,2.02769867876841,0.0
542.1463370000253,1.1804973609874434,0.6622716304722509,542.186524000054,1.8523542796902652,0.0
542.3968120000261,1.2056341425968933,0.6031540847983454,542.4170830000539,1.705693227845517,0.0
542.6386840000262,1.247413511647404,0.5138745260255084,542.6553910000546,1.5923205542354477,0.0
542.8842680000265,1.3011450140411869,0.38598759048603926,542.8984030000546,1.516528974859341,0.003102378490175805
543.1371570000261,1.3604456723911094,0.24241640813512585,543.1469140000544,1.476259690986402,0.0496380558428128
543.3762890000261,1.416200356103702,0.13185108583247154,543.4124100000548,1.460234195407602,0.07135470527404343
543.6236950000263,1.4583295467305317,0.07445708376421924,543.6373890000547,1.4495893830279296,0.08221302998965875
543.8896850000261,1.4795495656530853,0.04576008273009304,543.886807000055,1.4267214395599706,0.11789038262668043
544.1268650000266,1.478386608176829,0.046535677352636994,544.1344300000551,1.3826092865936985,0.18571182350913473
544.388394000026,1.4609059420518453,0.06980351602895553,544.3899430000555,1.3189425569147688,0.34496725267149264
544.6196530000259,1.4387821717983795,0.10315408479834536,544.6467470000558,1.246344743397644,0.516287487073423
544.8674930000262,1.4244727770239596,0.12331954498448809,544.8772050000562,1.1787105432928104,0.6634781109962082
545.1205630000264,1.4268452919421142,0.11789038262668043,545.1372850000557,1.130091490697727,0.7853326439158911
545.3719590000262,1.4513062099561478,0.0814374353671148,545.3916790000557,1.1116987325903802,0.8167011375387797
545.6129430000257,1.5025382096563227,0.01783867631851088,545.6205540000559,1.1273306381239814,0.7901585660117201
545.8500220000262,1.5862043317087202,0.0,545.9289450000556,1.1695928311764916,0.6900206825232679
546.1253820000263,1.7122308274425857,0.0,546.1329720000556,1.2225330585654521,0.5657531885556706
546.3608370000261,1.887680324553211,0.0,546.3864750000558,1.268692031117548,0.4583764219234746
546.599856000026,2.096551973243747,0.0,546.6574210000558,1.2949328989420987,0.4028783178214409
546.8577240000259,2.3039648833307944,0.0,546.8588470000554,1.2968236057566558,0.3968459152016546
547.0943420000258,2.4829866974195354,0.0,547.1134750000556,1.2791956536332867,0.44510513615994496
547.3526900000255,2.622065097597223,0.0,547.3601000000549,1.2510156697371917,0.5006032402619787
547.6052340000259,2.7165776784127607,0.0,547.599108000055,1.2215973088108587,0.568166149603585
547.8398870000259,2.763674983040238,0.0,547.8530260000547,1.1984829401007382,0.6164253705618753
548.0812120000267,2.7600234722595993,0.0,548.0997800000549,1.1869350664793061,0.6477938641847638
548.3268720000264,2.698861785263856,0.0,548.3673090000548,1.1899874095466931,0.6405549810410203
548.5801900000267,2.5742415124438094,0.0,548.6392040000546,1.2094308157879787,0.5959152016546019
548.8292620000269,2.392577354468823,0.0,548.9418200000547,1.246111045629503,0.516287487073423
549.0709560000266,2.1785384310231892,0.0,549.178457000055,1.2967835493467144,0.3968459152016546
549.3245070000268,1.960702273209532,0.0,549.3798810000554,1.3505050319822673,0.26654601861427085
549.5674280000273,1.7615683915873144,0.0,549.6492150000553,1.3899210812808467,0.1748534987935194
549.8118290000272,1.5987729206570407,0.0,549.9017630000553,1.3979009979517254,0.16158221302998957
550.0853900000271,1.4876010992869468,0.035677352637021674,550.0990000000553,1.3685828363866808,0.21949327817993797
550.3125580000271,1.4398266815842846,0.10160289555325745,550.326993000055,1.31064791623912,0.35823853843502235
550.5563920000272,1.4616559830209646,0.06825232678386763,550.5924950000546,1.2410474877273434,0.5247328507411237
550.8063760000267,1.549190770137416,0.0,550.8340790000547,1.175922060968839,0.6803688383316098
551.0510300000266,1.6846699333774156,0.0,551.0749200000542,1.1281909709437792,0.7865391244398483
551.3049110000267,1.8370008131718598,0.0,551.3324290000543,1.1061938836409049,0.8311789038262668
551.5513170000266,1.969935045661667,0.0,551.5931750000543,1.114902847025066,0.8130816959669079
551.8021300000264,2.0575268632651844,0.0,551.8817340000543,1.1572639438112504,0.7177697345742848
552.0606950000263,2.0945637670315804,0.0,552.0996540000541,1.2343265225730962,0.5367976559806964
552.2907890000264,2.091016348652325,0.0,552.3780080000543,1.3437788827698058,0.285849706997587
552.5457400000263,2.0622944933788823,0.0,552.5884710000547,1.475265607306532,0.05041365046535675
552.7856280000262,2.0216785822069254,0.0,552.8043470000546,1.6083839309325125,0.0
553.0376630000262,1.9752815760234208,0.0,553.0475570000543,1.7263314115710144,0.0
553.2830530000264,1.9227033107764955,0.0,553.2970750000538,1.8305014201416974,0.0
553.5410580000266,1.8583295788474414,0.0,553.5637040000539,1.941369591681259,0.0
553.775904000027,1.7757229071252023,0.0,553.789437000054,2.080928520297526,0.0
554.0398870000274,1.6760496237763294,0.0,554.0410660000535,2.2549264452725675,0.0
554.2663460000275,1.5697291217283444,0.0,554.2860730000535,2.461977406738295,0.0
554.5197650000275,1.4698192348496033,0.058169596690796264,554.542185000054,2.696947983204969,0.0
554.7651620000272,1.3873522739663264,0.17967942088934843,554.777888000054,2.9493965228518624,0.0
555.0223260000274,1.3306838854541203,0.3172182006204757,555.0337160000535,3.1995541568270536,0.0
555.2775730000279,1.3056040835729912,0.36909686315063767,555.2792270000537,3.418929251879786,0.0
555.5162300000279,1.3126770570218824,0.3546190968631506,555.5436610000535,3.5713273037748987,0.0
555.7587800000277,1.3456376684352798,0.28102378490175794,555.7797180000535,3.6220418592197143,0.0
556.033430000028,1.3939781277582426,0.16640813512581862,556.0198400000536,3.5602145003159964,0.0
556.2458260000279,1.445720380654151,0.08996897621509826,556.2792260000537,3.411968229669844,0.0
556.4982640000279,1.491412210399448,0.03335056876938982,556.5237940000538,3.2109885816675603,0.0
556.7408140000279,1.5284258245989208,0.0,556.8147060000535,2.9758916264666464,0.0
557.0074140000273,1.5604644117086486,0.0,557.0150790000536,2.7238352085688016,0.0
557.2558750000272,1.5930144314314918,0.0,557.2661690000537,2.4780087183964987,0.0
557.4972950000274,1.6298259530223809,0.0,557.5076040000529,2.2629067850076647,0.0
557.7342830000277,1.671158988195522,0.0,557.7524120000528,2.0962929034208804,0.0
557.983659000028,1.7122948189921585,0.0,558.0604220000524,1.9843299567876345,0.0
558.2331330000276,1.7458527549479912,0.0,558.3362350000525,1.9234576302117627,0.0
558.5371980000276,1.7661650321942277,0.0,558.537347000052,1.9002697272917115,0.0
558.7208770000277,1.7742866986434016,0.0,558.7594440000522,1.8943408732174685,0.0
558.9739420000278,1.7776255099624918,0.0,558.9847490000519,1.884297241616126,0.0
559.2253360000279,1.7853794259846814,0.0,559.2363510000519,1.8553964615111078,0.0
559.473902000028,1.805647787990886,0.0,559.4879190000515,1.8032913299637632,0.0
559.738348000028,1.843050045361076,0.0,559.730623000052,1.733790068303397,0.0
559.9643300000281,1.8936226101416276,0.0,559.991760000052,1.6574668576645617,0.0
560.2086680000283,1.944177558427759,0.0,560.2221750000516,1.5846118007614818,0.0
560.4773030000289,1.9806144743946947,0.0,560.470721000052,1.5217534266144712,0.0
560.708167000029,1.994665438638314,0.0,560.716661000052,1.471472844918984,0.05584281282316441
560.953000000029,1.988813155400798,0.0,560.9651280000518,1.435018888613533,0.10548086866597721
561.2046260000293,1.9766438636892536,0.0,561.2416110000516,1.413089200856922,0.1372802481902792
561.4465300000293,1.975843767894553,0.0,561.471646000052,1.4122130607893417,0.1372802481902792
561.7034880000296,1.996576365148865,0.0,561.709148000052,1.4444189682338002,0.09307135470527407
561.9449460000293,2.0372980132612324,0.0,561.9625870000523,1.508951471316889,0.008531540847983464
562.1888010000291,2.088953324698499,0.0,562.2022560000526,1.600864943855975,0.0
562.4400790000292,2.1380800582749035,0.0,562.5211490000527,1.7157874726438394,0.0
562.680384000029,2.1694509440934184,0.0,562.7130060000521,1.84983348565067,0.0
562.9716100000287,2.1726611562322624,0.0,562.9609770000519,1.9966441051362804,0.0
563.1786600000285,2.1480037413033246,0.0,563.2270310000521,2.142959666195442,0.0
563.4241670000285,2.1075699932830534,0.0,563.4536730000524,2.2662816292498285,0.0
563.6826340000283,2.075220823895882,0.0,563.6979250000526,2.3446383665414894,0.0
563.9286480000286,2.0815298370596444,0.0,563.9384800000526,2.3693741857637005,0.0
564.1806690000288,2.1446534945674074,0.0,564.237900000053,2.3434762809252585,0.0
564.4179050000292,2.2502107606405897,0.0,564.4704340000527,2.272372449619841,0.0
564.6708480000292,2.362098223747648,0.0,564.6843810000529,2.156087580076367,0.0
564.920158000029,2.4478378750320617,0.0,564.9479020000527,2.0068661218807593,0.0
565.1587400000284,2.4957882383214622,0.0,565.2527700000527,1.8480376399093632,0.0
565.4086910000289,2.5123301039864296,0.0,565.4543190000531,1.6984666832530255,0.0
565.6655420000286,2.509650678241507,0.0,565.6642720000533,1.5762340089864415,0.0
565.9105090000286,2.4927851203448514,0.0,565.9207970000538,1.4971833131599293,0.02404343329886249
566.1578500000281,2.4581907424031737,0.0,566.1680400000535,1.4715491287774245,0.05584281282316441
566.4323520000279,2.4016679680650292,0.0,566.4380240000531,1.5002609474847235,0.01861427094105483
566.6477990000279,2.329091920285349,0.0,566.658116000053,1.5717026686249003,0.0
566.8982710000281,2.2585013387915196,0.0,566.9076350000531,1.663808457336905,0.0
567.135204000028,2.2098077465433077,0.0,567.1535890000529,1.7492090939779839,0.0
567.408341000028,2.196458537810997,0.0,567.4075430000527,1.804014527342832,0.0
567.6298440000282,2.220910566478385,0.0,567.6699260000524,1.8165373006896268,0.0
567.8806500000284,2.2714630336017123,0.0,567.8979930000526,1.7864670274782817,0.0
568.1368240000287,2.324221441184405,0.0,568.1507940000528,1.723567621587435,0.0
568.3846830000283,2.353174202365482,0.0,568.3977100000523,1.6430760535939264,0.0
568.626131000028,2.3452571566522074,0.0,568.6402290000523,1.562587665657204,0.0
568.8693930000279,2.3064208010152116,0.0,568.9107290000524,1.499431976607224,0.01938986556359878
569.1250380000276,2.254168124699521,0.0,569.1345650000524,1.470539345516134,0.05661840744570836
569.3767600000276,2.2045835838242893,0.0,569.3926060000523,1.491655268203506,0.03335056876938982
569.6174260000272,2.1647412988229453,0.0,569.6325660000525,1.568317930787435,0.0
569.8558600000271,2.133463791563976,0.0,569.8865790000526,1.6837270583633726,0.0
570.1128330000265,2.1031793507309997,0.0,570.1295940000525,1.7998380864436048,0.0
570.3558040000263,2.069169942539495,0.0,570.378981000053,1.874532628089055,0.0
570.6308380000262,2.038088338361592,0.0,570.6488670000529,1.8871299689896226,0.0
570.8644130000258,2.0257667827195442,0.0,570.8986850000526,1.8498975598518632,0.0
571.0956520000258,2.0473598698396276,0.0,571.1307100000525,1.7903063569513045,0.0
571.3472530000256,2.1098645032875556,0.0,571.3661740000526,1.7326850519759533,0.0
571.5936780000254,2.209269844922073,0.0,571.6081640000527,1.691588810174666,0.0
571.8412080000255,2.333471878369351,0.0,571.8683240000528,1.6723052302087118,0.0
572.0871210000251,2.466048861442112,0.0,572.1246480000526,1.674506417447489,0.0
572.3414920000251,2.5900600205426154,0.0,572.3470100000527,1.6955133089948151,0.0
572.5914800000257,2.6892227412480025,0.0,572.6031250000526,1.7336964630676766,0.0
572.8356640000261,2.74258401426607,0.0,572.8530710000526,1.7926817374784891,0.0
573.0820480000265,2.728642665125171,0.0,573.0935820000526,1.8816643268515418,0.0
573.3249350000262,2.6415324390608927,0.0,573.3450000000522,2.0130475252693336,0.0
573.5724050000264,2.497448605006402,0.0,573.6035930000522,2.192032335081908,0.0
573.8214350000267,2.3218015566270385,0.0,573.839493000052,2.4054145705318213,0.0
574.0730030000267,2.1367827460496542,0.0,574.0854950000522,2.616453750320088,0.0
574.3310790000266,1.9562812515072228,0.0,574.3362640000521,2.7773720945394973,0.0
574.5669420000265,1.7859259986748413,0.0,574.5828770000521,2.8570733777334385,0.0
574.8148520000266,1.627321453579078,0.0,574.8297760000523,2.848087187887953,0.0
575.0808390000274,1.483134783883315,0.04033092037228538,575.0745820000525,2.761773060276272,0.0
575.3012730000272,1.360160470519707,0.24241640813512585,575.3405170000524,2.6217514653263234,0.0
575.551239000027,1.2655578135561656,0.46561530506721815,575.5700060000526,2.45853849149707,0.0
575.8068410000274,1.2028488372616124,0.6079800068941744,575.8154800000523,2.3024850894204834,0.0
576.053140000027,1.1701125738743081,0.6900206825232679,576.0790490000522,2.172547157255618,0.0
576.2971010000267,1.1618134368831496,0.7032919682867977,576.3079240000523,2.075092702620925,0.0
576.5534980000266,1.1709281645302592,0.6888142019993106,576.5953210000524,2.0117767132331363,0.0
576.7889890000267,1.1902376998817261,0.6405549810410203,576.8214310000527,1.9823611856904924,0.0
577.0727030000265,1.2134431522320062,0.5850568769389866,577.0683160000532,1.9866413501552147,0.0
577.2889650000268,1.2355567208572382,0.5343846949327818,577.3431900000527,2.0226808664365703,0.0
577.5426740000271,1.254535352509472,0.4969837986901069,577.5487400000526,2.0886154304706395,0.0
577.7863030000269,1.2713549647256688,0.45596346087556006,577.7970200000527,2.181319704272113,0.0
578.0281190000268,1.2889834843912786,0.4185625646328852,578.0478810000523,2.2934373245336714,0.0
578.2906850000264,1.309857197747613,0.3594450189589796,578.2994860000518,2.4123422273046518,0.0
578.5215580000262,1.3345616926380526,0.30997931747673213,578.5478490000525,2.5187210945954384,0.0
578.7710220000262,1.3629096586238407,0.23276456394346778,578.7828720000525,2.5868105061500875,0.0
579.0174920000262,1.3940859491761919,0.16640813512581862,579.0322760000525,2.5861619829344082,0.0
579.2667790000268,1.425219240196029,0.12021716649431229,579.2800000000528,2.4948662598199585,0.0
579.5173700000264,1.453463731517269,0.07755946225439504,579.525629000053,2.325494603603297,0.0
579.7617150000265,1.4776075476577517,0.048086866597724896,579.798846000053,2.123422177221126,0.0
580.0157770000263,1.4990902109331448,0.01938986556359878,580.0429080000532,1.9294036250589086,0.0
580.2778520000263,1.5211165244109734,0.0,580.2792660000539,1.7620159624247078,0.0
580.5051950000262,1.545888797546016,0.0,580.5511980000542,1.6280429841189272,0.0
580.7491530000267,1.5729399983449954,0.0,580.7842080000542,1.5334894446736083,0.0
580.9939970000263,1.5986027706545016,0.0,581.022301000054,1.482866658570564,0.04033092037228538
581.2499900000263,1.6203730290211364,0.0,581.3287180000538,1.4741968472211626,0.052740434332988605
581.5062560000263,1.6398937907506657,0.0,581.529309000054,1.4968306152461772,0.02481902792140644
581.7420700000257,1.661486192912747,0.0,581.7619620000539,1.5319456117692751,0.0
581.9923120000255,1.6863795274828335,0.0,582.0150430000539,1.5578317033608,0.0
582.2357060000253,1.7090790632906139,0.0,582.2511380000543,1.5601723166927672,0.0
582.4818320000251,1.720149560687385,0.0,582.5034850000546,1.5385206844657262,0.0
582.7328790000254,1.712323134328491,0.0,582.7834500000545,1.5040254532520163,0.014736297828335075
582.996305000025,1.6827467681320978,0.0,583.0164860000544,1.472296528353527,0.053516028955532556
583.2228580000258,1.6338933589269642,0.0,583.2407630000545,1.4550413401415656,0.07755946225439504
583.4792730000257,1.575307686062221,0.0,583.5254360000547,1.454999500904917,0.07755946225439504
583.7242460000257,1.52639045814485,0.0,583.7569810000547,1.4642042074166255,0.06437435367114787
583.9756600000254,1.5105181037897029,0.005429162357807659,583.9905120000545,1.4699666047765305,0.058169596690796264
584.2485600000255,1.5418471685041268,0.0,584.2679240000547,1.4640151917029764,0.06437435367114787
584.4716330000256,1.6149892645642492,0.0,584.5167740000549,1.4460871913425868,0.08996897621509826
584.7482230000255,1.7062376691043695,0.0,584.7740470000549,1.4231151090126246,0.12409513960703204
584.9562960000254,1.7870049850585379,0.0,585.0659640000554,1.4040590718557486,0.15193036883833164
585.2097700000261,1.8391141194212635,0.0,585.3447770000554,1.3921521232610248,0.1700275766976904
585.4498340000264,1.8601652029566875,0.0,585.608315000055,1.3809150228455418,0.19295070665287828
585.7041690000261,1.858438719178662,0.0,585.8634410000551,1.3608498426025584,0.23879696656325408
585.9747260000254,1.8474950085815476,0.0,586.1458740000551,1.3340549916168745,0.30997931747673213
586.2037650000253,1.8439655047963723,0.0,586.4767130000547,1.3149935931577352,0.3509996552912789
586.4454550000249,1.863261126287779,0.0,586.6246010000542,1.3180342483606136,0.34738021371940714
586.7043980000248,1.9120600077660235,0.0,586.8419110000546,1.3217128191011658,0.3401413305756636
586.9395410000247,1.9828754425670234,0.0,587.0273940000545,1.2711648304059022,0.45596346087556006
587.2043850000247,2.057658053972491,0.0,587.2190060000545,1.1991964403721824,0.6128059289900035
587.4374220000248,2.1228168101274236,0.0,587.4650230000547,1.1292914035665906,0.7853326439158911
587.6860750000247,2.176422336206704,0.0,587.6947180000545,1.0681146281158198,0.8790072388831437
587.9470990000248,2.2212156628541395,0.0,587.9553810000548,1.016712040419505,0.9503619441571871
588.1851700000248,2.256825243835974,0.0,588.190458000055,0.9745994718728334,0.9999999999999999
588.4234980000243,2.276192363388499,0.0,588.4399850000549,0.940925204332915,0.9999999999999999
588.6725980000243,2.269603273091609,0.0,588.7478850000548,0.914906775863959,0.9999999999999999
588.9210750000245,2.2319492313303924,0.0,588.9808990000543,0.8961833359062262,0.9999999999999999
589.1876320000247,2.166121552408249,0.0,,,
589.4165940000246,2.0816733872522213,0.0,,,
589.6620830000248,1.9945293515666558,0.0,,,
589.9156270000246,1.9295973147017464,0.0,,,
590.164138000025,1.911594750851845,0.0,,,
590.4009270000246,1.9502102625337097,0.0,,,
590.6523910000243,2.030444422410075,0.0,,,
590.9052830000244,2.1185832684713732,0.0,,,
591.154443000024,2.179744368811979,0.0,,,
591.3997260000241,2.193174454856636,0.0,,,
591.6432910000251,2.15417515172568,0.0,,,
591.8957010000249,2.0727863371384334,0.0,,,
592.1403120000251,1.9671214083515174,0.0,,,
592.4053000000247,1.8577784817430767,0.0,,,
592.6383530000248,1.7599258873692778,0.0,,,
592.8778320000248,1.6789468938597003,0.0,,,
593.1326920000245,1.611284709513706,0.0,,,
593.3747070000246,1.5524244207601496,0.0,,,
593.6406680000248,1.5015200602962278,0.01783867631851088,,,
593.8732550000243,1.462774748929299,0.06514994829369182,,,
594.1198740000245,1.443347893989612,0.09539813857290584,,,
594.3701570000245,1.4497523440944695,0.08221302998965875,,,
594.6157480000243,1.4839466800837162,0.03877973112719748,,,
594.8660870000236,1.543164500324134,0.0,,,
595.1204220000237,1.623428088794312,0.0,,,
595.3583050000237,1.719064993038961,0.0,,,
595.6063350000236,1.8158754657029492,0.0,,,
595.8489360000235,1.8880808181252842,0.0,,,
596.0982580000237,1.9140662621301865,0.0,,,
596.359332000024,1.8956980520380884,0.0,,,
596.5955490000239,1.854100716367943,0.0,,,
596.8520360000241,1.812510162286074,0.0,,,
597.0930900000241,1.7864660493124462,0.0,,,
597.334864000024,1.781719468787697,0.0,,,
597.5871470000241,1.795551633573651,0.0,,,
597.8305540000242,1.8242344275641207,0.0,,,
598.0858980000241,1.8694046271477456,0.0,,,
598.3369250000244,1.9388595219493816,0.0,,,
598.5908530000241,2.041540611675917,0.0,,,
598.8248940000248,2.178186937827696,0.0,,,
599.0724440000248,2.332892525342639,0.0,,,
599.3507200000249,2.475594240438649,0.0,,,
599.6118410000252,2.568768356413522,0.0,,,
599.8187730000249,2.583296765134219,0.0,,,
600.0602210000253,2.513379802336157,0.0,,,
