condition 1 time (s),condition 1 tbr,condition 1 nai,condition 2 time (s),condition 2 tbr,condition 2 nai
4.357983000000004,30.349970984535588,0.0,4.337129000000004,40.75085472444226,0.0
4.596092000000005,30.05664577226156,0.0,4.581478,38.71293166197442,0.0
4.8485910000000025,29.66399529342489,0.0,4.831406999999999,36.338632312467126,0.0
5.085400000000001,29.277844239115275,0.0,5.083293999999997,33.766499102575004,0.0
5.332899000000004,28.170098393145082,0.0,5.341284999999999,31.008068511785183,0.0
5.5845170000000035,26.3847056663083,0.0,5.572236000000002,27.473376072795865,0.0
5.826862000000003,23.602118822478005,0.0,5.8139920000000025,24.00188566538867,0.0
6.073780000000005,20.793345266402,0.0,6.065860000000004,21.10639050530707,0.0
6.325271000000006,18.39123766630319,0.0,6.312412000000006,18.741067334715673,0.0
6.570407000000004,16.33001049391763,0.0,6.558858000000009,16.778892216739948,0.0
6.820078000000006,14.572060507944313,0.0,6.81435600000001,15.076159477575938,0.0
7.065283000000007,13.162664553055771,0.0,7.061263000000011,13.531099347497891,0.0
7.309591000000008,12.138051739043885,0.0,7.298553000000012,12.067883484589862,0.0
7.5602560000000105,11.421343588900598,0.0,7.54783000000001,10.627385439360422,0.0
7.80597000000001,10.955727540160419,0.0,7.800468000000011,9.237719235258808,0.0
8.055938000000008,10.695148745013949,0.0,8.05030900000001,8.232033658986467,0.0
8.301986000000007,10.521186184699335,0.0,8.298416000000007,7.428387215478852,0.0
8.550522000000004,10.277024206799611,0.0,8.545789000000008,6.764682624521843,0.0
8.825448000000002,9.866623102510376,0.0,8.78564200000001,6.204281645915721,0.0
9.047926000000006,9.301178637088006,0.0,9.032602000000011,5.713576904958906,0.0
9.287327000000008,8.642079055824498,0.0,9.287714000000019,5.250106261917998,0.0
9.537154000000013,7.976738231380707,0.0,9.530622000000015,4.786011689197549,0.0
9.784574000000015,7.37840032373596,0.0,9.79754300000002,4.31774420529766,0.0
10.039059000000021,6.871498158060485,0.0,10.035502000000024,3.8519937559385875,0.0
10.291520000000023,6.445494455089472,0.0,10.273417000000034,3.403680929509849,0.0
10.525880000000017,6.069943796370143,0.0,10.524204000000033,2.9881053119141785,0.0
10.776383000000019,5.717844022652933,0.0,10.771255000000032,2.6133171832628106,0.0
11.028716000000022,5.3677620235892665,0.0,11.015153000000034,2.281110427840753,0.0
11.274176000000029,5.013509662677368,0.0,11.26720500000004,1.9892468241437449,0.0
11.524179000000025,4.659177658207782,0.0,11.505108000000044,1.7351231030756387,0.0
11.768643000000031,4.316651798822258,0.0,11.75455100000005,1.5195530318989163,0.0
12.02707100000003,3.994686862212177,0.0,12.030985000000056,1.3430561962783907,0.0
12.27009800000004,3.6956747032318615,0.0,12.249929000000058,1.2039877678824713,0.0
12.517798000000036,3.421452902194049,0.0,12.497987000000064,1.0971089915202337,0.0
12.757138000000047,3.1788405802536035,0.0,12.753445000000061,1.0144066166019172,0.0
13.005567000000047,2.9741786169753586,0.0,13.00173100000007,0.946946507838558,0.0
13.252474000000056,2.814041014969235,0.0,13.240507000000067,0.8871468635033646,0.0
13.502000000000054,2.7058222963229333,0.0,13.489443000000062,0.8309053304672869,0.0
13.734084000000058,2.6560731870569736,0.0,13.732465000000062,0.7789410147204802,0.0
13.987329000000056,2.670745815085791,0.0,13.988841000000065,0.7351153133323332,0.0007731958762886569
14.228738000000051,2.7543028638324416,0.0,14.226419000000062,0.7048872075575531,0.05567010309278347
14.48110700000005,2.904550653115561,0.0,14.479987000000062,0.6933888618614783,0.07190721649484534
14.72363500000005,3.098406317188422,0.0,14.725822000000065,0.704526153772281,0.05567010309278347
14.975639000000047,3.293302384868797,0.0,14.971294000000064,0.737614890371163,0.0
15.24789300000005,3.4396629493959874,0.0,15.220287000000058,0.7826892742270312,0.0
15.474305000000056,3.514134018178404,0.0,15.464272000000062,0.8213234580244092,0.0
15.720866000000061,3.5195743910861985,0.0,15.71859500000006,0.8370420914278665,0.0
15.975844000000064,3.477327639253238,0.0,15.957826000000061,0.824553040086687,0.0
16.21170100000007,3.4077855412369145,0.0,16.217957000000062,0.7890668653579499,0.0
16.460117000000068,3.3276012165688473,0.0,16.458375000000068,0.7405776222423688,0.0
16.708997000000057,3.2509655677488234,0.0,16.70947100000005,0.6899183735843842,0.08041237113402057
16.947997000000043,3.1963373625652576,0.0,16.94749900000003,0.6447293325883862,0.19570446735395192
17.19555700000004,3.1808550154213586,0.0,17.197445000000027,0.6086252545198971,0.29793814432989685
17.454861000000033,3.222107562331426,0.0,17.467441000000036,0.5819750734478377,0.3881443298969072
17.68788100000001,3.338322352662571,0.0,17.69665800000002,0.5640689152148404,0.4410652920962199
17.94501600000001,3.538179523148725,0.0,17.93915400000001,0.5541782445739493,0.4783505154639175
18.183230000000005,3.8078799893596575,0.0,18.187696999999996,0.5517812432477938,0.4783505154639175
18.43029499999998,4.101006383298764,0.0,18.43820799999998,0.5557535661166768,0.4747422680412371
18.680750999999965,4.353007114929461,0.0,18.68975099999994,0.5634673112809688,0.44828178694158083
18.931699999999953,4.514987844487125,0.0,18.928610999999925,0.5713219938146429,0.4194158075601375
19.175483999999948,4.567975426750018,0.0,19.174493999999914,0.5766085690423007,0.41099656357388326
19.429192999999938,4.516065547625519,0.0,19.436589999999917,0.5787427714236542,0.4013745704467353
19.685268999999924,4.374016185647612,0.0,19.679636999999914,0.5789783315455513,0.40017182130584183
19.917781999999907,4.163310296030073,0.0,19.93445099999991,0.579296001065617,0.3989690721649484
20.17119899999991,3.9087277652071117,0.0,20.178503999999894,0.5811836490535007,0.3929553264604811
20.41371699999992,3.635936776521929,0.0,20.415880999999878,0.5848981316770765,0.3785223367697595
20.661179999999906,3.3716614243228955,0.0,20.66930999999987,0.5903308595223046,0.3580756013745704
20.90659899999989,3.1405674301183475,0.0,20.90862599999987,0.5982026605534088,0.32319587628865976
21.15764499999989,2.9593203662096386,0.0,21.16627499999987,0.610324060092652,0.29072164948453605
21.41264099999989,2.8338907220197567,0.0,21.40882299999985,0.6284148880166419,0.24621993127147765
21.648451999999885,2.7665868365364026,0.0,21.649656999999838,0.6516024088070146,0.17044673539518898
21.905868999999875,2.7665550669889094,0.0,21.895624999999818,0.6760399722036526,0.11288659793814433
22.14843499999986,2.84634132138987,0.0,22.141435999999803,0.6962309924567202,0.06881443298969071
22.38979999999986,3.0103469808375922,0.0,22.3995169999998,0.7077702139292865,0.05025773195876287
22.644493999999845,3.2377812984929473,0.0,22.638872999999784,0.7093902457118503,0.04639175257731958
22.898700999999836,3.4701163998006925,0.0,22.896010999999767,0.7025212845485244,0.05798969072164944
23.13957499999982,3.6329001490981434,0.0,23.13196499999976,0.6908031248553617,0.07654639175257728
23.378655999999815,3.682742995972789,0.0,23.380838999999764,0.6779265282114799,0.10670103092783507
23.629445999999817,3.626051745020169,0.0,23.62628899999976,0.666311192330417,0.13376288659793814
23.87700599999981,3.499181091155006,0.0,23.88031899999976,0.6564131633439223,0.15721649484536085
24.1293809999998,3.3438912762269433,0.0,24.131393999999744,0.6471306497627408,0.18728522336769754
24.37101399999981,3.1921062063608345,0.0,24.376274999999733,0.6370686039715178,0.21615120274914085
24.616951999999813,3.062146324271553,0.0,24.61971199999972,0.6259159195758619,0.24621993127147765
24.873506999999808,2.9592725263072994,0.0,24.866316999999707,0.6156141340101969,0.27268041237113405
25.109411999999807,2.879068843153681,0.0,25.13332899999971,0.6099933919356355,0.293127147766323
25.3579489999998,2.814512310859466,0.0,25.3640929999997,0.6135004539076759,0.2786941580756014
25.61457999999981,2.7567602745492956,0.0,25.616234999999676,0.6301062510058337,0.24261168384879725
25.868716999999798,2.694614721976401,0.0,25.85199499999966,0.6624467468500953,0.14072164948453605
26.10253199999978,2.614600549394775,0.0,26.112626999999645,0.7110426579920216,0.0425257731958763
26.348031999999765,2.509059068618435,0.0,26.349659999999638,0.7744874425191532,0.0
26.598006999999757,2.3864917547664515,0.0,26.597648999999624,0.8493943341127034,0.0
26.841951999999747,2.262996107455231,0.0,26.85476299999961,0.9291005045788419,0.0
27.09194999999974,2.15402159293762,0.0,27.08953599999959,1.0028131079168192,0.0
27.34939199999974,2.0700079945791345,0.0,27.337973999999587,1.058222704107307,0.0
27.58775599999973,2.0125034719220354,0.0,27.586026999999575,1.087269538615926,0.0
27.82823699999973,1.9750345177024693,0.0,27.84128299999957,1.0887000004413152,0.0
28.078177999999728,1.9452953213738744,0.0,28.08620999999956,1.0666347691788338,0.0
28.32724399999972,1.9135571015853563,0.0,28.342170999999563,1.0291430532366517,0.0
28.5796269999997,1.8796748353071426,0.0,28.58427399999956,0.984816783551748,0.0
28.820796999999683,1.8525942276265766,0.0,28.829177999999562,0.9407238877788638,0.0
29.065264999999677,1.8468489754104114,0.0,29.076768999999548,0.9012738744724291,0.0
29.328628999999665,1.8775838869879782,0.0,29.296693999999537,0.8690015036377655,0.0
29.564578999999636,1.9574366259724976,0.0,29.544730999999526,0.8457451171901,0.0
29.810544999999642,2.0882546122776016,0.0,29.79668899999952,0.8321542587329258,0.0
30.05659399999964,2.257318863741522,0.0,30.03805599999953,0.8279255869457112,0.0
30.300665999999627,2.4461677025795003,0.0,30.289932999999525,0.8315636001253945,0.0
30.56601099999961,2.639214777263814,0.0,30.53839199999952,0.8399124406449768,0.0
30.797417999999606,2.8256477667721285,0.0,30.80151499999951,0.8491165036753543,0.0
31.0440389999996,2.9959401095655567,0.0,31.04046799999951,0.8551781337447074,0.0
31.304678999999584,3.1422833664184693,0.0,31.28025399999949,0.8548134412098998,0.0
31.54538699999956,3.2610596844521957,0.0,31.53879199999949,0.8458697063789042,0.0
31.82052199999957,3.3515856990587594,0.0,31.77393099999948,0.8275902114394631,0.0
32.03855999999956,3.4251791540521146,0.0,32.02115699999948,0.8013252265322589,0.0
32.27991799999955,3.4992569546875565,0.0,32.27102299999946,0.7708378311568388,0.0
32.53087999999955,3.5823201239448044,0.0,32.520459999999446,0.7418335271689782,0.0
32.785538999999545,3.665094693084739,0.0,32.78531399999944,0.7205470519978953,0.023969072164948448
33.021752999999585,3.71661292491208,0.0,33.0202549999994,0.7113504268346624,0.0425257731958763
33.27031399999955,3.700884244832585,0.0,33.2602359999994,0.714090679115172,0.03865979381443301
33.517227999999584,3.5978209817332827,0.0,33.50571999999939,0.7225288717132496,0.020103092783505163
33.76428699999958,3.4174277935537702,0.0,33.752378999999394,0.7274632229874332,0.013917525773195908
34.02024199999958,3.195258380060965,0.0,34.006438999999396,0.7223487334013922,0.021649484536082477
34.26366899999958,2.975656696400395,0.0,34.24968999999937,0.7058485610445564,0.05489690721649481
34.51077899999959,2.8003492876725695,0.0,34.51223799999937,0.6808441512514126,0.09742268041237111
34.76132399999958,2.70326171279269,0.0,34.747759999999374,0.6523797798916573,0.16924398625429551
35.01678199999958,2.7073759394290806,0.0,35.00514699999937,0.6257095992704049,0.24621993127147765
35.251767999999565,2.824404327349234,0.0,35.23794699999935,0.6061699907403804,0.3039518900343643
35.50528999999956,3.052397581382531,0.0,35.48997299999932,0.5996445777358058,0.32319587628865976
35.74833999999957,3.368242930058421,0.0,35.72945199999932,0.6115434912930673,0.28350515463917525
35.98910999999956,3.7187243854508765,0.0,35.9914559999993,0.6437132029839081,0.19690721649484538
36.24227499999958,4.026909586440664,0.0,36.22632599999931,0.6906540439236553,0.07654639175257728
36.48757599999957,4.223972709028771,0.0,36.481244999999305,0.738174219241874,0.0
36.73319699999957,4.2815453712089955,0.0,36.72596099999933,0.7703757758581128,0.0
36.98747799999958,4.216932147559614,0.0,36.97442699999937,0.7793673243118556,0.0
37.23405399999955,4.070305647102033,0.0,37.22284999999939,0.7676024285575647,0.0
37.48809999999959,3.8806292123583592,0.0,37.475222999999374,0.7441491152128559,0.0
37.728658999999595,3.671684555007192,0.0,37.7158279999994,0.7197847189970621,0.025515463917525762
37.98154799999961,3.4584059979390616,0.0,37.96720999999937,0.703061926378801,0.056443298969072124
38.22207699999962,3.251253400991855,0.0,38.207678999999374,0.6977071020159042,0.06804123711340206
38.47606699999964,3.0607051322497876,0.0,38.46999999999938,0.7004658746441149,0.06185567010309281
38.71393499999963,2.896719387801702,0.0,38.703102999999395,0.7022686753146822,0.05876288659793818
38.96839599999962,2.761500113316146,0.0,38.95353099999937,0.6945200976656989,0.07113402061855668
39.2087219999996,2.6509000771094646,0.0,39.205554999999364,0.6751493531303079,0.11443298969072165
39.45571199999959,2.5569488968076564,0.0,39.44987599999936,0.6481165076439899,0.1848797250859106
39.70372199999959,2.4717586876879265,0.0,39.690112999999336,0.6195278185622112,0.25824742268041234
39.95072999999959,2.388373137260322,0.0,39.93721199999935,0.5943703732768016,0.3436426116838488
40.19567699999959,2.30110501479323,0.0,40.19027299999935,0.5748364401483168,0.41460481099656366
40.4536219999996,2.211816024489884,0.0,40.454025999999374,0.5605045395155519,0.45790378006872856
40.6881009999996,2.131053559730768,0.0,40.67756999999939,0.5504667016386979,0.4807560137457044
40.9361269999996,2.074842202357225,0.0,40.92913299999944,0.5442983371145037,0.5012027491408935
41.1844529999996,2.0585000679437555,0.0,41.17899499999944,0.5416541567876465,0.5048109965635739
41.43852999999961,2.0897342837826587,0.0,41.42446499999942,0.5423710414926746,0.5048109965635739
41.68650899999963,2.1660370253640946,0.0,41.66992699999943,0.5460866108129464,0.49398625429553267
41.932437999999614,2.2760664968127813,0.0,41.9199329999994,0.5524157323463846,0.4783505154639175
42.17892199999963,2.4018586669893063,0.0,42.16433599999943,0.5602657405214284,0.45790378006872856
42.42391199999963,2.525025530885636,0.0,42.41480499999947,0.5675775591404515,0.4266323024054983
42.69281099999965,2.6353482082280433,0.0,42.65075399999949,0.5728763049437524,0.4170103092783506
42.91778299999967,2.7361321736684494,0.0,42.9030309999995,0.5769121068076488,0.41099656357388326
43.16517099999971,2.842525686683372,0.0,43.150565999999515,0.5819525470331477,0.3881443298969072
43.41065599999968,2.972862876117725,0.0,43.40797099999954,0.5909953806073228,0.35446735395189
43.65645699999968,3.135085029137707,0.0,43.66038299999957,0.6072738568749685,0.3039518900343643
43.9068429999997,3.3134013501185744,0.0,43.89435899999958,0.6326968460222586,0.23298969072164952
44.1487669999997,3.4701574934040997,0.0,44.14467799999958,0.6662413212434747,0.13376288659793814
44.409437999999724,3.564519521690953,0.0,44.39373199999959,0.7037883599230385,0.056443298969072124
44.64795299999971,3.5740745078348177,0.0,44.63866899999958,0.7400350995648013,0.0
44.896981999999696,3.49950365417575,0.0,44.88193599999959,0.7706363081715413,0.0
45.13921199999969,3.360197921437522,0.0,45.13044499999957,0.7930598972663494,0.0
45.390957999999706,3.186176345153458,0.0,45.375278999999594,0.8068755943174952,0.0
45.64009099999974,3.0081583106807193,0.0,45.627814999999615,0.814097955920204,0.0
45.889070999999745,2.8497092779457707,0.0,45.87779199999963,0.8193877753534744,0.0
46.12897799999979,2.718130912407014,0.0,46.12431899999966,0.828255133489049,0.0
46.3788599999998,2.604640160074008,0.0,46.36978899999967,0.844731895831117,0.0
46.63462899999981,2.49636746969977,0.0,46.626338999999675,0.86818387653684,0.0
46.87652099999982,2.388880315261339,0.0,46.87511399999967,0.8944865597307816,0.0
47.12406999999983,2.2896765137843085,0.0,47.11176399999967,0.9203677097597689,0.0
47.364344999999844,2.2126652013812564,0.0,47.36539699999965,0.9463002791890043,0.0
47.61891299999985,2.172745259118308,0.0,47.60714199999967,0.9739812449647924,0.0
47.86326599999986,2.1817636155587814,0.0,47.85861999999967,1.0014630552499082,0.0
48.108875999999874,2.245066114261528,0.0,48.09857599999969,1.0204465739120325,0.0
48.35881999999987,2.3546699357970318,0.0,48.35100699999968,1.0211080857463302,0.0
48.60568699999984,2.485781444543896,0.0,48.598518999999726,0.9990084386931184,0.0
48.856293999999856,2.6004615552960226,0.0,48.85017399999974,0.9575779856534541,0.0
49.10638599999984,2.6602476174339205,0.0,49.09038899999974,0.904758844968693,0.0
49.34363499999982,2.6438173124081525,0.0,49.338484999999736,0.8488020823980164,0.0
49.59053599999983,2.5542065070789013,0.0,49.58589499999976,0.7966357413501125,0.0
49.833438999999835,2.420514817142175,0.0,49.836827999999755,0.7537023744997724,0.0
50.089003999999846,2.2869120439446253,0.0,50.08130599999973,0.7238920209531045,0.017010309278350535
50.35043899999986,2.1999666794793633,0.0,50.32846499999972,0.7084468444872182,0.048711340206185554
50.57985099999988,2.193664923900882,0.0,50.57541599999971,0.7060396627272961,0.05489690721649481
50.832148999999866,2.2718506799752105,0.0,50.824674999999736,0.7140169575134607,0.03865979381443301
51.07244199999986,2.406468348826987,0.0,51.07027999999974,0.7301880053983638,0.01005154639175254
51.31996999999988,2.5520547994567804,0.0,51.331067999999775,0.7536205910196848,0.0
51.565887999999866,2.6711276814614013,0.0,51.56692599999976,0.7819965517254739,0.0
51.827400999999874,2.755637074779167,0.0,51.811939999999765,0.8103538761336144,0.0
52.06475599999988,2.826407219028499,0.0,52.058772999999775,0.8317811123043913,0.0
52.31165799999988,2.917616736920838,0.0,52.310832999999775,0.8404416107922061,0.0
52.55544999999987,3.0562719385627544,0.0,52.55874399999977,0.8347404406573162,0.0
52.80931299999991,3.2475985034455035,0.0,52.801286999999796,0.8165208266550957,0.0
53.04813799999992,3.469700895021227,0.0,53.052252999999794,0.7894040126627224,0.0
53.30457999999992,3.6793804394207554,0.0,53.2961739999998,0.7575347459977804,0.0
53.55447199999994,3.833308719355054,0.0,53.545211999999815,0.7248040105274882,0.017010309278350535
53.80051599999993,3.9053662944451637,0.0,53.79825699999979,0.6938137502490971,0.07113402061855668
54.04478999999993,3.8979464228233565,0.0,54.04325199999977,0.6655578013745913,0.13530927835051546
54.31234499999992,3.838323644495221,0.0,54.287052999999766,0.6403886529992225,0.20171821305841925
54.53636399999992,3.757821570436901,0.0,54.53886199999979,0.6186885635445039,0.2630584192439863
54.78222899999992,3.6810055162552007,0.0,54.799470999999826,0.6007860324175449,0.3183848797250859
55.03499699999992,3.618101942235037,0.0,55.03169699999983,0.5866701639897608,0.3689003436426116
55.28084299999991,3.565625513315686,0.0,55.28072899999982,0.5756574786658852,0.4121993127147767
55.5269589999999,3.510346773008933,0.0,55.52291499999984,0.5677330062827466,0.4266323024054983
55.77103899999993,3.42925962972806,0.0,55.79152199999983,0.5630996591853368,0.45189003436426123
56.02192099999995,3.299960085521736,0.0,56.01544499999983,0.5625609335260856,0.4530927835051547
56.26641499999995,3.111531404427617,0.0,56.26166299999984,0.5676483032657329,0.4266323024054983
56.51023399999997,2.868701530497767,0.0,56.514078999999825,0.5791887799333004,0.3989690721649484
56.764138999999936,2.5909123547654134,0.0,56.76196199999982,0.595780146885976,0.331615120274914
57.00485499999991,2.305244475280962,0.0,57.013115999999805,0.6133539023655973,0.2786941580756014
57.25920299999994,2.0385733229834258,0.0,57.25856999999979,0.6262051158403286,0.24621993127147765
57.50422899999995,1.8093889088607518,0.0,57.5085989999998,0.6297249322671516,0.24261168384879725
57.75270699999992,1.6261177767258317,0.0,57.752741999999785,0.6223451179097066,0.25463917525773194
58.01351099999992,1.4899431572627526,0.0,57.99232599999979,0.60525667696661,0.3063573883161512
58.23883999999992,1.396225562592696,0.0,58.245713999999815,0.5811671055340828,0.3929553264604811
58.48689999999993,1.3368347909376204,0.0,58.489024999999835,0.5532238588289391,0.4783505154639175
58.73588999999994,1.2987349895105773,0.0,58.748181999999865,0.5247051339954814,0.5673539518900343
58.98472199999993,1.2655959774912384,0.0,59.00348899999986,0.498852480524024,0.6804123711340206
59.22823599999992,1.223775617119584,0.0,59.235675999999884,0.4787308373756197,0.7670103092783507
59.47871599999992,1.1694963067985034,0.0,59.480991999999915,0.4659739893566617,0.8355670103092783
59.7294069999999,1.1084622812381968,0.0,59.725586999999905,0.459541301004073,0.8623711340206185
59.97509799999992,1.0497885454348808,0.0,59.98301799999993,0.45564903581621485,0.8739690721649483
60.21860199999994,1.001619200662741,0.0,60.22899599999993,0.4502115013851574,0.8878865979381443
60.475011999999936,0.9693998444143774,0.0,60.46944799999993,0.44129058460823806,0.9126288659793813
60.713039999999964,0.9564786650883332,0.0,60.72655299999995,0.43003610625969435,0.9420103092783505
60.96417899999996,0.9617259254715861,0.0,60.971155999999986,0.4198473361044293,0.9713917525773196
61.210683999999965,0.9775981502613986,0.0,61.214093,0.4128221029119523,0.9845360824742266
61.45719499999995,0.9924786602764574,0.0,61.46044700000004,0.40861095757567556,0.9945876288659793
61.69863499999996,0.9970526376744692,0.0,61.70347600000005,0.40557626835520294,0.9999999999999999
61.94719399999995,0.9884492916247432,0.0,61.95449000000008,0.4027364814366754,0.9999999999999999
62.199531,0.9675316911470582,0.0,62.21044900000011,0.4006003342913655,0.9999999999999999
62.44112999999999,0.9374447441882287,0.0,62.4493230000001,0.4006242907796512,0.9999999999999999
62.690406,0.9028698385594528,0.0,62.69428800000012,0.404239659673181,0.9999999999999999
62.94379499999996,0.8693603860800877,0.0,62.94568600000014,0.4119170014950721,0.990721649484536
63.191599999999966,0.8424816203484643,0.0,63.19877000000014,0.422455856172059,0.9621134020618556
63.44828799999997,0.8273545751865987,0.0,63.463062000000136,0.43265409254942216,0.9358247422680411
63.68153399999997,0.8283763537131388,0.0,63.68481400000013,0.43859120985049577,0.9211340206185566
63.93150899999998,0.8481675417506122,0.0,63.93471800000013,0.43810925636008086,0.922680412371134
64.17533999999998,0.8853382339753628,0.0,64.17865500000013,0.43220546347275574,0.9381443298969071
64.43852299999995,0.9330351455509681,0.0,64.42953100000015,0.42403023626319547,0.9574742268041236
64.66778199999997,0.9810643113631043,0.0,64.68210000000018,0.4164654361599326,0.9798969072164947
64.91322899999997,1.0215231153783897,0.0,64.93111500000019,0.41087192277584217,0.993041237113402
65.17113699999999,1.050594929642721,0.0,65.17196200000016,0.40764675484528967,0.9969072164948453
65.41051299999998,1.067496619141617,0.0,65.41470400000019,0.40629861174079784,0.9999999999999999
65.675742,1.0733974587131432,0.0,65.66390900000017,0.40580238237262933,0.9999999999999999
65.90125499999999,1.070523861381562,0.0,65.91719800000016,0.40512082330009674,0.9999999999999999
66.151247,1.0609525593520914,0.0,66.1626790000002,0.40361915316964714,0.9999999999999999
66.40455000000014,1.0459418083160126,0.0,66.4152470000002,0.40126901700535234,0.9999999999999999
66.64803000000019,1.027086352197151,0.0,66.67169300000018,0.399669463927117,0.9999999999999999
66.89852000000018,1.0071483120564544,0.0,66.90963700000019,0.40238943674748423,0.9999999999999999
67.14629000000016,0.9885232840392874,0.0,67.14513100000016,0.41386409057524964,0.9829896907216493
67.39612700000018,0.9726094608506601,0.0,67.39186700000023,0.43760017795391615,0.9242268041237113
67.64692400000017,0.9595095063857976,0.0,67.63941200000029,0.47402279100911254,0.79106529209622
67.89207000000016,0.9471967301694656,0.0,67.88845400000035,0.5184751303219641,0.5998281786941579
68.1348220000002,0.9344767520785378,0.0,68.13733700000039,0.5604041147165343,0.45790378006872856
68.38392400000022,0.9243871052708565,0.0,68.38350500000041,0.5881628925841711,0.3652920962199312
68.62375400000023,0.9241459346373945,0.0,68.62910700000037,0.5966984163040534,0.3280068728522336
68.88278600000025,0.9422732262365933,0.0,68.87700900000037,0.5893967715787065,0.36048109965635733
69.12365700000029,0.9843254206821452,0.0,69.12583700000039,0.5748548510614082,0.41460481099656366
69.3707500000003,1.0503834511485945,0.0,69.37341100000036,0.5622523500698436,0.45429553264604816
69.61481100000032,1.1334859067696779,0.0,69.61754000000039,0.558367562974533,0.4675257731958763
69.87317000000033,1.2199333879741006,0.0,69.87150500000037,0.5649513855028748,0.438659793814433
70.11046400000029,1.2931287100598416,0.0,70.11289200000036,0.5773341460657725,0.4097938144329898
70.35795300000035,1.3393736366523483,0.0,70.36233700000037,0.586897105161849,0.3689003436426116
70.60377400000031,1.353289877194476,0.0,70.61029700000036,0.5864166408188177,0.3689003436426116
70.84975300000026,1.339133834727411,0.0,70.86458100000034,0.5742006312648383,0.4158075601374571
71.10180300000026,1.3071438905740693,0.0,71.09958300000035,0.5537697393670777,0.4783505154639175
71.34708700000027,1.2678926726101154,0.0,71.35547300000033,0.5303178699514957,0.540893470790378
71.61491600000022,1.2277954537417344,0.0,71.59821000000034,0.5076378718392138,0.6443298969072165
71.83840400000027,1.1903435684797201,0.0,71.84176800000036,0.4863020495182779,0.7261168384879725
72.09786100000026,1.158412769987945,0.0,72.09071000000034,0.4646213730886394,0.8403780068728521
72.34016000000032,1.1347389974163953,0.0,72.34298700000036,0.4411374021216185,0.9141752577319586
72.58510300000037,1.1259248007948264,0.0,72.59730500000038,0.4157705892552025,0.9798969072164947
72.83311800000038,1.141338569533505,0.0,72.82921900000036,0.3896653004380283,0.9999999999999999
73.0856550000004,1.18863735546418,0.0,73.08069900000031,0.3644484120539064,0.9999999999999999
73.3416240000004,1.2694209140950645,0.0,73.32667200000033,0.34183324908790325,0.9999999999999999
73.57969100000035,1.3739760750658037,0.0,73.5815080000003,0.32344296055897803,0.9999999999999999
73.81899500000036,1.4824518772444528,0.0,73.82229000000031,0.3107776608472812,0.9999999999999999
74.07861600000037,1.5714551142504254,0.0,74.0685540000003,0.30461941987688496,0.9999999999999999
74.32293300000042,1.6252503860855116,0.0,74.33346000000027,0.30447464536614594,0.9999999999999999
74.56290300000042,1.640804594521237,0.0,74.5659570000003,0.30856578269689705,0.9999999999999999
74.81428000000041,1.6234722343457535,0.0,74.81397400000034,0.31429952340420847,0.9999999999999999
75.05616500000045,1.5828538593818504,0.0,75.06392700000033,0.31933790867209466,0.9999999999999999
75.30500000000043,1.5283919849187702,0.0,75.31159100000033,0.3225944028511038,0.9999999999999999
75.55836000000049,1.4674980370900994,0.0,75.56051000000035,0.3243454275245081,0.9999999999999999
75.80395900000062,1.4058520953869125,0.0,75.79853500000038,0.32589681187943975,0.9999999999999999
76.04626500000062,1.3467591654147164,0.0,76.05288900000039,0.3291673925869191,0.9999999999999999
76.29236300000065,1.2911874869337892,0.0,76.30037300000043,0.33622734689115924,0.9999999999999999
76.54280200000066,1.2391399627752109,0.0,76.55180000000038,0.34892217047147994,0.9999999999999999
76.79125800000075,1.1913317970996156,0.0,76.79179500000043,0.36824662998359664,0.9999999999999999
77.03723600000079,1.1502224425332463,0.0,77.04086700000045,0.3939299638180234,0.9999999999999999
77.28579000000083,1.119353231291525,0.0,77.29224800000044,0.42413854831038206,0.9574742268041236
77.53716800000086,1.101125228542474,0.0,77.54573900000041,0.4554953214359905,0.8747422680412371
77.8112570000009,1.0953150651671366,0.0,77.77921500000043,0.48299455575954,0.747766323024055
78.02955800000088,1.0991285358813758,0.0,78.02801400000048,0.5010187261136312,0.6731958762886598
78.27551600000092,1.1077650102217915,0.0,78.27565500000047,0.5062423068660297,0.6491408934707904
78.52911000000095,1.1148580751444692,0.0,78.52397900000047,0.5001780432818553,0.6756013745704468
78.76705600000092,1.113119541631634,0.0,78.80161400000053,0.4879749969947794,0.7176975945017182
79.0173210000009,1.0966548285937132,0.0,79.02042000000051,0.4755093904228331,0.7838487972508592
79.27132000000087,1.0630080069849441,0.0,79.26676400000048,0.46756801814040366,0.827147766323024
79.49726200000089,1.0153076795107412,0.0,79.51742100000048,0.46633818666715515,0.8331615120274913
79.7673310000009,0.9627171607078348,0.0,79.75744300000052,0.47032590039771,0.8175257731958763
80.0017990000009,0.9166871759654319,0.0,80.00843900000051,0.4754585473184321,0.7850515463917527
80.24146200000088,0.8852690460293422,0.0,80.2611300000005,0.4779334089711621,0.7742268041237115
80.4999920000009,0.8699244372302031,0.0,80.49981600000051,0.4764748070014219,0.7802405498281788
80.74051500000094,0.8660087089116874,0.0,80.75044600000054,0.4727885880246386,0.7970790378006873
81.00174600000094,0.8656475794734504,0.0,80.99898700000054,0.46893764939573457,0.8235395189003436
81.23302300000094,0.8603342436342488,0.0,81.27092800000054,0.46486062417640184,0.8391752577319587
81.47899100000097,0.8447362161629663,0.0,81.49525100000056,0.45855790393090756,0.8639175257731958
81.726487000001,0.8190605410291281,0.0,81.73827300000058,0.4482950560397807,0.8925257731958762
81.982123000001,0.7884351310152203,0.0,81.99645800000059,0.4343326499337847,0.9327319587628865
82.222422000001,0.7599560324497844,0.0,82.23754700000063,0.41897644432235964,0.9721649484536082
82.464913000001,0.7398959579751228,0.0,82.48339600000064,0.4057401240557916,0.9999999999999999
82.71564000000102,0.7333279612915341,0.003865979381443285,82.72779300000063,0.3983470765145966,0.9999999999999999
82.95965600000102,0.7438539810480739,0.0,82.97869400000067,0.40003056683454874,0.9999999999999999
83.20721500000101,0.7734090009113594,0.0,83.21963500000064,0.4119089223685572,0.990721649484536
83.46153400000101,0.8214395741285063,0.0,83.47218400000067,0.43067513559924875,0.9412371134020618
83.70350700000093,0.8823136680067907,0.0,83.72122300000069,0.44793573407169107,0.8932989690721649
83.94740100000098,0.9437249774385326,0.0,83.96853200000062,0.4556622508083623,0.8739690721649483
84.20071700000094,0.9906114838441633,0.0,84.21857100000065,0.45235156215003697,0.8824742268041237
84.44038300000089,1.0125514380973306,0.0,84.46297000000068,0.442211723028464,0.9095360824742267
84.69273600000095,1.00820921778324,0.0,84.71408000000062,0.4309383209458262,0.9412371134020618
84.93516300000093,0.9853687886111295,0.0,84.96319000000068,0.42222764033065685,0.9636597938144329
85.19374800000097,0.9563674386801756,0.0,85.21058000000069,0.416510457717153,0.9798969072164947
85.43022700000097,0.9313929280934496,0.0,85.44973600000066,0.41148410716329775,0.9922680412371133
85.678997000001,0.9146333095815308,0.0,85.69826600000067,0.40370428113290596,0.9999999999999999
85.92672000000096,0.9052176335274497,0.0,85.94680400000064,0.3908044417673425,0.9999999999999999
86.17626500000098,0.9000869718925067,0.0,86.19183400000064,0.37269199789802065,0.9999999999999999
86.428316000001,0.8977264592362266,0.0,86.45614100000063,0.35126096130024664,0.9999999999999999
86.67329000000112,0.8994308356305827,0.0,86.68173800000064,0.32972011891360065,0.9999999999999999
86.91848000000107,0.9082958104201626,0.0,86.92951100000064,0.3118693665675272,0.9999999999999999
87.16039900000106,0.9264527023394908,0.0,87.18012700000065,0.3015459237889599,0.9999999999999999
87.41356400000109,0.9518683088457252,0.0,87.42641300000064,0.302243002936949,0.9999999999999999
87.6614570000011,0.9768720280048204,0.0,87.67047400000064,0.31628276035606084,0.9999999999999999
87.90631000000113,0.989931269900863,0.0,87.92346300000061,0.3444016104953878,0.9999999999999999
88.15242200000112,0.9812972338329081,0.0,88.16656300000065,0.3858529247128607,0.9999999999999999
88.41421200000113,0.9481291712196371,0.0,88.41885900000067,0.4381173315869017,0.922680412371134
88.66504200000114,0.8964381583992357,0.0,88.66412100000065,0.4956728495391494,0.686426116838488
88.89341600000115,0.8377336805890364,0.0,88.9149540000007,0.5495894167066767,0.48316151202749147
89.14291900000119,0.7828435346716225,0.0,89.1584710000007,0.5896738479775452,0.36048109965635733
89.39953100000119,0.739059002102309,0.0,89.4064890000007,0.6100410707263558,0.2919243986254295
89.63635800000118,0.7101042782903124,0.043298969072164954,89.6729630000007,0.6122833537113582,0.2810996563573883
89.89087400000119,0.6962659946810634,0.06881443298969071,89.9024620000007,0.6034366883160179,0.3147766323024055
90.13432300000123,0.6963875742475987,0.06881443298969071,90.14481100000069,0.5917852374178267,0.35446735395189
90.38722200000124,0.7086949233729157,0.047938144329896897,90.40363700000067,0.5834876413933273,0.3845360824742268
90.63668400000125,0.7294644419030446,0.01005154639175254,90.63869600000066,0.5815793749294152,0.3881443298969072
90.88061200000122,0.7522812198556451,0.0,90.89592200000068,0.5855543494235717,0.37611683848797256
91.12144100000124,0.7708785681297934,0.0,91.1369290000007,0.5921978821051115,0.35326460481099653
91.37485800000124,0.7832551136281536,0.0,91.37660600000068,0.5973752266173861,0.3243986254295532
91.61844300000128,0.7912353148993638,0.0,91.63702600000072,0.5987947156455942,0.32319587628865976
91.88031400000136,0.7972731931332491,0.0,91.88034700000071,0.5981604216453626,0.3243986254295532
92.1172080000014,0.801279157424381,0.0,92.12355000000076,0.600010101775007,0.32319587628865976
92.36018000000142,0.8010825599808876,0.0,92.37249800000077,0.6076734651563116,0.3003436426116839
92.60732700000148,0.7945529600198703,0.0,92.61943200000081,0.6203252084037949,0.2558419243986254
92.8631330000015,0.7801887853462544,0.0,92.88208200000078,0.63342565343278,0.23298969072164952
93.10623800000153,0.7573069263942066,0.0,93.11600800000078,0.6415533130793465,0.19931271477663232
93.34704200000155,0.7265012156272596,0.014690721649484565,93.3640650000008,0.6409342335828143,0.20051546391752578
93.59810000000158,0.6900128650370667,0.08041237113402057,93.6134000000008,0.6304251168883499,0.24140893470790378
93.84404200000158,0.6521611336799995,0.17044673539518898,93.8544240000008,0.6114584974922705,0.28350515463917525
94.09640200000158,0.6183327939390816,0.2666666666666667,94.12624900000083,0.5872961699552921,0.36649484536082466
94.34338200000155,0.5927539118615021,0.35206185567010306,94.36025600000082,0.5614515717462314,0.45429553264604816
94.5914510000016,0.576647744883621,0.41099656357388326,94.6036710000008,0.5363806674205001,0.5252577319587628
94.83724800000157,0.5679394238010862,0.4266323024054983,94.84592200000078,0.513607620270295,0.6214776632302407
95.08170900000158,0.5628114714495911,0.45189003436426123,95.10291400000078,0.49479146391367035,0.6900343642611684
95.33162800000156,0.5579057772249448,0.4675257731958763,95.34474700000082,0.48193573579652293,0.7513745704467354
95.5809640000015,0.5514346296226919,0.4783505154639175,95.58912700000081,0.47684662228603825,0.7778350515463919
95.83049900000157,0.5438138685888361,0.5024054982817869,95.8360570000008,0.47998542150299206,0.7621993127147766
96.0799970000016,0.5377612344137367,0.5216494845360824,96.08391900000079,0.4896719241447651,0.7140893470790378
96.33876400000153,0.5371133999529035,0.5240549828178693,96.33145300000076,0.5022088669003557,0.6719931271477663
96.57839100000155,0.5446819190631649,0.5,96.57581700000077,0.5129404811643093,0.6238831615120276
96.81534600000151,0.5605446746342388,0.45790378006872856,96.82736400000073,0.5182197172672744,0.5998281786941579
97.06863800000151,0.5821226118568009,0.3881443298969072,97.07882700000081,0.5164866856831428,0.6106529209621994
97.30931300000158,0.6054949576686008,0.3063573883161512,97.32801800000087,0.5088071023304805,0.6443298969072165
97.56420700000152,0.6275013239997151,0.24621993127147765,97.57302600000084,0.49831868232627663,0.6816151202749141
97.8052150000015,0.6487597344455345,0.1812714776632302,97.8244460000009,0.4881704440157919,0.7176975945017182
98.04707300000156,0.6729701083366999,0.11752577319587627,98.06785900000102,0.479309071685308,0.7646048109965637
98.30064300000153,0.7044719776115628,0.05567010309278347,98.30635500000109,0.4704236238121606,0.8175257731958763
98.54797400000157,0.743515366928059,0.0,98.56328100000114,0.4600955911997841,0.8615979381443298
98.81042600000161,0.7844268714695991,0.0,98.80584500000121,0.4484686232012687,0.8925257731958762
99.0448010000016,0.81829315969313,0.0,99.0574140000012,0.43828911025764344,0.922680412371134
99.29151100000163,0.8376090623904181,0.0,99.30339200000117,0.43432819650248156,0.9327319587628865
99.5411410000016,0.8403497949137688,0.0,99.5438020000012,0.4411488058054677,0.9141752577319586
99.7849120000016,0.8306447479740903,0.0,99.79237600000121,0.4606968930233455,0.8608247422680412
100.03540100000154,0.815819285211427,0.0,100.03784200000122,0.49035363989266617,0.7104810996563574
100.27142300000153,0.8030405452403564,0.0,100.28385100000126,0.5222126008052028,0.5853951890034363
100.52994400000154,0.7964543320803008,0.0,100.53391300000126,0.5451639252172986,0.49759450171821307
100.76798400000148,0.795532546117204,0.0,100.78134500000125,0.5507299082852557,0.4783505154639175
101.01852300000148,0.7954239860076893,0.0,101.02968700000123,0.5384453834195211,0.5156357388316151
101.26696700000146,0.7901247593697236,0.0,101.27512500000128,0.5150084848695936,0.6142611683848798
101.51436900000152,0.7759726386951514,0.0,101.52287200000127,0.48928475898471596,0.7152920962199313
101.7563150000015,0.7529046752157753,0.0,101.79343800000127,0.4686301944861692,0.8235395189003436
102.00675700000153,0.7231321816150618,0.019329896907216506,102.01843700000126,0.4574678089498083,0.8662371134020618
102.2578380000016,0.6900266839546696,0.08041237113402057,102.26179900000128,0.4580571278351084,0.8646907216494845
102.50264300000158,0.6571268387371565,0.15360824742268034,102.51647400000122,0.4707097028996189,0.8151202749140893
102.75375400000166,0.6282470758154861,0.24621993127147765,102.75922700000122,0.4949095323622667,0.6888316151202749
102.99605300000164,0.6073086305523294,0.3039518900343643,103.01084900000129,0.5285144679073797,0.5481099656357389
103.24512100000163,0.5978334929335012,0.3243986254295532,103.25124400000132,0.5660417650301544,0.4314432989690722
103.49013100000161,0.6020490272127338,0.31597938144329896,103.4992850000013,0.5988823657448034,0.32319587628865976
103.73648100000165,0.6204238763250752,0.2558419243986254,103.74555300000135,0.6188748580946515,0.2606529209621993
103.99860500000165,0.6512865674168844,0.17164948453608245,104.00723600000138,0.6213695006871495,0.2558419243986254
104.23268300000164,0.6901427252932958,0.07963917525773191,104.24202400000142,0.6068923562392006,0.3039518900343643
104.47212600000168,0.7292954844606088,0.01005154639175254,104.48905600000147,0.5806608284755125,0.39415807560137456
104.72809400000173,0.760152912912867,0.0,104.74001500000145,0.5496933378432227,0.48316151202749147
104.96717000000177,0.7784199507005015,0.0,105.00431000000148,0.5197586390347011,0.5962199312714775
105.21356500000181,0.7856005294756857,0.0,105.23391500000146,0.4941699478295412,0.6912371134020618
105.46448000000183,0.7855893637874878,0.0,105.48474500000151,0.473735680217103,0.7922680412371135
105.72160200000184,0.7803114308194921,0.0,105.72660800000152,0.4583305031854401,0.8639175257731958
105.95911600000186,0.7688063946742448,0.0,105.97982800000153,0.4494630417486795,0.8909793814432989
106.20565600000182,0.7493615500745286,0.0,106.2203860000015,0.4519119191168359,0.884020618556701
106.45160700000176,0.7223097401713975,0.021649484536082477,106.4712910000015,0.4726986806868076,0.7970790378006873
106.70010600000172,0.6920165261712948,0.07577319587628863,106.72129100000151,0.5177941701953537,0.6010309278350516
106.94492100000173,0.6661087613901766,0.13376288659793814,106.96318300000152,0.5869230702286178,0.3689003436426116
107.21142100000174,0.6541364218345921,0.16323024054982818,107.21171700000157,0.6693359166305956,0.12448453608247419
107.45182300000178,0.668251747175667,0.1291237113402062,107.4623140000016,0.7472034421957299,0.0
107.69335100000185,0.7203690745853877,0.023969072164948448,107.7113350000016,0.803255641824969,0.0
107.94653800000182,0.8157068099147707,0.0,107.95741300000155,0.8285195144163628,0.0
108.18530200000183,0.9453552994799794,0.0,108.21227900000154,0.8245512563820878,0.0
108.43384800000189,1.0845020596609318,0.0,108.45583000000155,0.7999792065611149,0.0
108.69650100000179,1.2024671660159874,0.0,108.7018130000016,0.7645409347564939,0.0
108.9271190000018,1.27688196376609,0.0,108.9432120000016,0.7250002626970207,0.016237113402061878
109.17423600000184,1.3010124127293907,0.0,109.19046000000161,0.6847457094487315,0.08891752577319588
109.42381400000185,1.2822840043924018,0.0,109.4590130000016,0.6457143484504436,0.19089347079037805
109.67119600000187,1.2371969673062806,0.0,109.68292200000168,0.6102227799095862,0.29072164948453605
109.91923500000188,1.183632759901427,0.0,109.93340500000173,0.5807918090340375,0.39415807560137456
110.1701950000019,1.1362029467214654,0.0,110.17988300000172,0.5582613024359064,0.4675257731958763
110.41566800000197,1.1027391573667416,0.0,110.42783400000175,0.5413426387940934,0.5060137457044673
110.65393700000202,1.0848009415295403,0.0,110.67163300000175,0.5278580697959155,0.5493127147766323
110.90492300000204,1.0779504799968558,0.0,110.92520800000175,0.515292303785664,0.6142611683848798
111.15130500000204,1.0726089620016195,0.0,111.17067500000182,0.5010810342714693,0.6731958762886598
111.40500300000208,1.0588355648301175,0.0,111.4151550000018,0.4834345178185695,0.7417525773195877
111.66792900000209,1.0311300638755214,0.0,111.6730410000018,0.46195831799059583,0.8561855670103092
111.89218400000212,0.9914300775210763,0.0,111.91204000000181,0.43768011142662366,0.9242268041237113
112.14211100000209,0.946729602608142,0.0,112.16687500000182,0.4127452410679435,0.9845360824742266
112.39253600000207,0.9042689004791178,0.0,112.40799000000187,0.3897423358558254,0.9999999999999999
112.64245600000214,0.8689539461254308,0.0,112.68474800000183,0.37017589983911803,0.9999999999999999
112.8876110000022,0.8424780237880816,0.0,112.90589300000183,0.35396875755439466,0.9999999999999999
113.1295020000022,0.8240366257196681,0.0,113.15536900000188,0.34047802418868833,0.9999999999999999
113.3744540000023,0.8123053443223781,0.0,113.40530600000183,0.32999069133673997,0.9999999999999999
113.63892200000231,0.8063153357401591,0.0,113.6381120000018,0.3242991795825815,0.9999999999999999
113.89019300000224,0.8046669668039759,0.0,113.88406200000182,0.32591067270314644,0.9999999999999999
114.11892900000221,0.8046295825067626,0.0,114.13562100000183,0.33706953207827833,0.9999999999999999
114.36993700000224,0.8026904050087168,0.0,114.38313000000183,0.3594325618276769,0.9999999999999999
114.61287800000225,0.794954316262432,0.0,114.6338950000019,0.39254763687644584,0.9999999999999999
114.87988400000228,0.7788005452741533,0.0,114.87717900000186,0.4324873460114495,0.9373711340206184
115.10499400000232,0.7551848111592356,0.0,115.12069500000183,0.47204123592746705,0.8018900343642612
115.36280500000231,0.7279615119021549,0.013917525773195908,115.3762860000018,0.5021456719245065,0.6719931271477663
115.6057670000023,0.701873417477027,0.05876288659793818,115.61860200000187,0.5159083240133593,0.6118556701030928
115.84878100000236,0.6813533203194926,0.09355670103092782,115.87408400000183,0.5113273469531736,0.6335051546391753
116.09825500000235,0.6700448704059548,0.12293814432989687,116.11147900000186,0.49103592616336306,0.706872852233677
116.34548300000235,0.6708985696625399,0.12216494845360822,116.35278700000197,0.4606266199671758,0.8615979381443298
116.59351100000237,0.6862807840523248,0.08582474226804125,116.60531600000198,0.4271465602784341,0.952061855670103
116.83461900000239,0.717473228685128,0.03092783505154636,116.856265000002,0.39814111374238914,0.9999999999999999
117.07936000000244,0.7630300178778462,0.0,117.11624000000198,0.3798151266602909,0.9999999999999999
117.33044300000248,0.8181241215220773,0.0,117.34411600000197,0.3739563737342629,0.9999999999999999
117.57783600000252,0.8759339577329679,0.0,117.59052600000197,0.3771799577706665,0.9999999999999999
117.82794800000252,0.9292845694992816,0.0,117.83459500000197,0.3839805781541738,0.9999999999999999
118.07662500000251,0.9711460602936858,0.0,118.08644400000198,0.3906602080560122,0.9999999999999999
118.31914500000252,0.9960440980693825,0.0,118.33039200000198,0.39636628600176205,0.9999999999999999
118.5753640000026,1.0047585012365259,0.0,118.58107400000196,0.4021253301250584,0.9999999999999999
118.81553200000262,1.0043436273005322,0.0,118.82593700000196,0.4098312631374428,0.9938144329896906
119.06289100000268,1.0031896996036682,0.0,119.07634000000203,0.4215463652203736,0.9675257731958763
119.32311100000267,1.006191669152516,0.0,119.32017500000201,0.4383126191209509,0.9219072164948453
119.55734400000267,1.0134942305314354,0.0,119.57366600000204,0.4590243237805125,0.8631443298969071
119.80966200000272,1.0217025110765758,0.0,119.81721700000206,0.48025340225953883,0.7597938144329897
120.05449400000276,1.0261341546093787,0.0,120.064050000002,0.49793816110090605,0.6816151202749141
120.2953500000028,1.022281938851521,0.0,120.3190390000021,0.5090424222436565,0.6443298969072165
120.54632500000285,1.0064921033534406,0.0,120.55692400000208,0.511361482401135,0.6335051546391753
120.79433800000288,0.97717990172872,0.0,120.80550400000207,0.5041645397026089,0.6611683848797251
121.04431500000287,0.9359170803293272,0.0,121.0585440000021,0.48871348470044906,0.7152920962199313
121.29164000000287,0.8873508089293339,0.0,121.30055100000214,0.46805707269474683,0.8259450171821305
121.54456900000285,0.8369880053499148,0.0,121.55402000000214,0.44583052747942997,0.8979381443298968
121.77968200000285,0.7892674607379708,0.0,121.80534600000215,0.42529471034070376,0.956701030927835
122.03501300000288,0.7466444718913916,0.0,122.04718900000216,0.4090808221821088,0.9945876288659793
122.28043400000286,0.7090715307169608,0.047938144329896897,122.28986300000219,0.39922940014608055,0.9999999999999999
122.54092400000283,0.6739581877800079,0.11597938144329896,122.54530600000218,0.3975085979804862,0.9999999999999999
122.78596300000287,0.6379895559244564,0.21134020618556698,122.78785500000221,0.405200255251302,0.9999999999999999
123.01752000000288,0.5996235296738612,0.32319587628865976,123.03675400000223,0.421772858068437,0.9667525773195876
123.26459800000286,0.5603199314695414,0.45790378006872856,123.28170100000223,0.4428044424657191,0.9072164948453607
123.51340500000283,0.5228685976900938,0.5829896907216494,123.53411000000223,0.46050203169177517,0.8615979381443298
123.76562400000282,0.4899665391890489,0.7128865979381444,123.77538900000225,0.4681530027962939,0.8247422680412371
124.00724400000284,0.46381543247100204,0.8463917525773198,124.02338200000224,0.46439760796472984,0.8451890034364263
124.2504370000029,0.4480172483872271,0.8925257731958762,124.27189300000224,0.4519454234491753,0.884020618556701
124.50535000000295,0.448313711246555,0.8925257731958762,124.51993800000224,0.4346487993266025,0.9327319587628865
124.74651800000296,0.47059106684961927,0.8163230240549828,124.78593900000227,0.4156672137973796,0.9798969072164947
124.99441200000301,0.5174090556016228,0.6034364261168386,125.0127620000023,0.39659299931754194,0.9999999999999999
125.25147200000296,0.5858559250095927,0.3737113402061856,125.26140700000235,0.3775615954775763,0.9999999999999999
125.48678200000296,0.6677068194421313,0.1291237113402062,125.50922000000241,0.3583444073710507,0.9999999999999999
125.74097400000294,0.7507786642955643,0.0,125.75959100000244,0.3391369285824427,0.9999999999999999
125.98591300000295,0.8217892174668081,0.0,126.00314900000245,0.32043145207527457,0.9999999999999999
126.22915300000294,0.869552935209397,0.0,126.25558600000247,0.3026633069401951,0.9999999999999999
126.47748800000299,0.890351736464256,0.0,126.50291600000249,0.2861567440561505,0.9999999999999999
126.72549200000299,0.8917386750627518,0.0,126.74771400000247,0.2711959013618715,0.9999999999999999
126.98732000000297,0.8884485789013579,0.0,126.99554000000246,0.2581302394185761,0.9999999999999999
127.21536200000298,0.8930779453999544,0.0,127.24448700000247,0.24737573620931183,0.9999999999999999
127.46696600000298,0.909648888077839,0.0,127.49353700000248,0.23919925733607994,0.9999999999999999
127.71402300000298,0.9339865260872524,0.0,127.7404270000025,0.23368701810588186,0.9999999999999999
127.96895700000303,0.9579884718905706,0.0,127.99916700000249,0.23096231538753326,0.9999999999999999
128.211354000003,0.9744190067346807,0.0,128.2364180000025,0.23128126831395585,0.9999999999999999
128.45217700000308,0.9796149535689509,0.0,128.48620400000257,0.234656043194951,0.9999999999999999
128.7082060000031,0.9739574655257132,0.0,128.72812200000254,0.24011777622700528,0.9999999999999999
128.9545810000031,0.960533348449112,0.0,128.97957700000262,0.24599312984205962,0.9999999999999999
129.2001300000031,0.9429587743167922,0.0,129.2385600000026,0.25134649262672987,0.9999999999999999
129.45158500000306,0.9233677971529842,0.0,129.4748270000026,0.2565862668901938,0.9999999999999999
129.69255100000314,0.9018704918020172,0.0,129.71605800000262,0.26300139251853333,0.9999999999999999
129.93899800000312,0.8773719384156065,0.0,129.96370600000262,0.2720522838190496,0.9999999999999999
130.1974920000032,0.849685352384506,0.0,130.20965200000262,0.2857358241562546,0.9999999999999999
130.4298870000032,0.8212425337589065,0.0,130.4622070000026,0.3063660464425805,0.9999999999999999
130.6833690000032,0.7963378417333508,0.0,130.71682800000264,0.33589806154065044,0.9999999999999999
130.93600300000315,0.7789641294624838,0.0,130.95572100000274,0.37301811852264455,0.9999999999999999
131.17403500000307,0.7706285052986868,0.0,131.20422000000272,0.4094463926548987,0.9945876288659793
131.4245280000032,0.7694287320163375,0.0,131.4482840000027,0.43200870678519276,0.9381443298969071
131.66944900000314,0.771437108397894,0.0,131.70331300000274,0.43362847674274285,0.9342783505154638
131.9194270000031,0.7726400732446552,0.0,131.95271400000271,0.41852210905635645,0.9729381443298969
132.1657880000031,0.7704682271094229,0.0,132.20219500000266,0.3954223533692176,0.9999999999999999
132.41653000000306,0.7650213434041542,0.0,132.46060100000258,0.37169953075016754,0.9999999999999999
132.66389400000313,0.7597859750439078,0.0,132.6954380000026,0.3521647115524093,0.9999999999999999
132.91485600000297,0.7602763814123401,0.0,132.92872000000258,0.3393522694619104,0.9999999999999999
133.15730800000296,0.770603404101597,0.0,133.1772980000026,0.33424182149146575,0.9999999999999999
133.41447500000288,0.7880727008055092,0.0,133.42512600000256,0.3368879718489563,0.9999999999999999
133.65125400000278,0.8011584442008359,0.0,133.67726100000252,0.34681101611282883,0.9999999999999999
133.90514100000283,0.7983090677774357,0.0,133.92272400000252,0.36289869337395697,0.9999999999999999
134.14250600000273,0.7769452679142915,0.0,134.17024000000254,0.3830697771877618,0.9999999999999999
134.3879320000027,0.7421650544183358,0.0,134.41395500000243,0.40406654560767147,0.9999999999999999
134.6585850000027,0.7019444777203244,0.05876288659793818,134.66800200000242,0.42210723579364984,0.9636597938144329
134.8923750000027,0.6645738149419276,0.13840206185567008,134.91864900000238,0.43321082885978024,0.9358247422680411
135.1300140000026,0.6375890960581585,0.21494845360824738,135.15717200000222,0.4349814399596077,0.9311855670103092
135.3824220000026,0.6272971180351495,0.24621993127147765,135.40661900000228,0.4279531596298833,0.9489690721649484
135.63050900000258,0.6376203765507353,0.21494845360824738,135.6670570000022,0.4158397806816837,0.9798969072164947
135.8730840000026,0.6682924780891921,0.1291237113402062,135.89964600000218,0.4039920280565922,0.9999999999999999
136.12310500000257,0.7150910311595478,0.037886597938144355,136.14911700000212,0.39726799071866536,0.9999999999999999
136.37466600000258,0.7714977960916459,0.0,136.40271200000214,0.39829216471837225,0.9999999999999999
136.61972500000257,0.829976238063198,0.0,136.64747900000216,0.4068564251012896,0.9992268041237112
136.8651810000025,0.8829615329621968,0.0,136.9081380000022,0.4201438167727936,0.9713917525773196
137.1125780000026,0.9230858203576826,0.0,137.14442400000212,0.43443280790084277,0.9327319587628865
137.35942800000257,0.9443238081993863,0.0,137.38962900000217,0.4468140266929597,0.8963917525773195
137.60383600000247,0.9443317184494665,0.0,137.63238700000224,0.4563553233529101,0.8716494845360824
137.8657470000024,0.9250557104723622,0.0,137.88247300000222,0.46392203089798206,0.8451890034364263
138.0978530000022,0.8922592809820946,0.0,138.12890600000227,0.4722816909206268,0.8006872852233677
138.3472530000022,0.8517054967830751,0.0,138.37671100000227,0.484281267003859,0.7369415807560138
138.58871700000222,0.8094137654645872,0.0,138.6241860000022,0.5011873829826738,0.6731958762886598
138.8548110000022,0.771534067571377,0.0,138.88670100000226,0.5211502310250731,0.5890034364261167
139.08668300000213,0.7450667034761074,0.0,139.12176600000228,0.5399107208594495,0.5096219931271477
139.33757000000216,0.7368402097275888,0.0,139.36862800000225,0.5525289920527976,0.4783505154639175
139.57812100000214,0.7514156247559791,0.0,139.61906300000217,0.5558154007652021,0.4747422680412371
139.82690300000206,0.7899789851348237,0.0,139.86662200000208,0.5500830000422212,0.481958762886598
140.07630800000223,0.8489302653210818,0.0,140.12852900000206,0.5377329219209501,0.5216494845360824
140.3248880000022,0.9178462200156663,0.0,140.36003600000203,0.5217169534903254,0.5865979381443298
140.57176200000222,0.9809495576445924,0.0,140.61470300000192,0.5041869420160562,0.6611683848797251
140.81920900000216,1.0217884736092953,0.0,140.8499940000019,0.48584533012020376,0.727319587628866
141.0681690000022,1.0307660284002353,0.0,141.09334800000178,0.46698914080587656,0.8295532646048109
141.31426400000217,1.0092064634342093,0.0,141.34643500000172,0.4476971327723426,0.8948453608247422
141.55765300000226,0.965427842363261,0.0,141.59279300000173,0.42798568891124267,0.9489690721649484
141.81071900000228,0.9093160413218433,0.0,141.84027300000164,0.40824924442293536,0.995360824742268
142.05311200000233,0.8493771176036718,0.0,142.09498000000164,0.3888612603385464,0.9999999999999999
142.32412600000228,0.7915538725442368,0.0,142.3364890000016,0.3702296189126959,0.9999999999999999
142.55011800000233,0.7394876243036633,0.0,142.59456100000162,0.3532138282128214,0.9999999999999999
142.79784600000235,0.6944215402387258,0.07113402061855668,142.8264320000016,0.3389500579134762,0.9999999999999999
143.05845700000233,0.6569488407670463,0.15481099656357392,143.07827200000156,0.3283225301002613,0.9999999999999999
143.2897780000022,0.6282459708719276,0.24621993127147765,143.33746500000163,0.321261110014565,0.9999999999999999
143.5422030000021,0.6094984500829085,0.29432989690721645,143.5744780000017,0.3173495206292186,0.9999999999999999
143.79004500000204,0.600203451647368,0.32319587628865976,143.82343600000164,0.3158644033863601,0.9999999999999999
144.03873500000205,0.5973617906163957,0.3243986254295532,144.06634900000168,0.3161361193811788,0.9999999999999999
144.28403700000203,0.5965748554279335,0.3280068728522336,144.31627600000166,0.3180719497097984,0.9999999999999999
144.5274720000021,0.5944629472822132,0.34243986254295533,144.57245000000162,0.32264700804387453,0.9999999999999999
144.7774500000021,0.590014135083142,0.36048109965635733,144.8096820000016,0.33231449020840065,0.9999999999999999
145.02600500000224,0.5848414932440168,0.3785223367697595,145.05155500000163,0.35033407334091604,0.9999999999999999
145.27193700000225,0.5827261174568648,0.3857388316151203,145.30654900000155,0.37859481747795765,0.9999999999999999
145.52881600000217,0.5884171969108788,0.36408934707903773,145.55788600000147,0.41576314210168136,0.9798969072164947
145.76272500000212,0.6055635832150498,0.3063573883161512,145.8061210000014,0.4570036114698137,0.8670103092783504
146.02202500000212,0.6341977709110677,0.23178694158075605,146.04233300000143,0.4961004976908191,0.686426116838488
146.25802200000206,0.6695952981054238,0.12448453608247419,146.29281800000132,0.5275622862908791,0.5493127147766323
146.51761900000213,0.7052194984908206,0.05567010309278347,146.54763300000124,0.547989796068763,0.48797250859106533
146.7560260000021,0.7366301166787146,0.0,146.7967490000013,0.5570026982688022,0.47233676975945016
147.010001000002,0.7611049806891589,0.0,147.0382590000013,0.5565609539484315,0.4735395189003436
147.24740300000207,0.7775564858122486,0.0,147.28475900000115,0.5490628875189028,0.4855670103092784
147.49896400000205,0.7850878432570643,0.0,147.52750400000122,0.5359800873796812,0.5276632302405498
147.73887900000202,0.7829750527670213,0.0,147.80076800000109,0.5179909573881119,0.6010309278350516
147.985348000002,0.7712304209657527,0.0,148.03009500000107,0.4966698801372584,0.6852233676975945
148.235292000002,0.7510764021850306,0.0,148.27397300000112,0.475330465751552,0.7862542955326461
148.479625000002,0.7246552993719012,0.017010309278350535,148.51992600000108,0.45715836309335783,0.8670103092783504
148.74794400000198,0.6944210827986079,0.07113402061855668,148.76388400000113,0.4435305946292041,0.9041237113402061
148.98287600000197,0.6630231118516186,0.14072164948453605,149.02109000000115,0.43335420285042026,0.9350515463917525
149.22847500000194,0.6333980739204846,0.23298969072164952,149.26155100000133,0.42426050996564824,0.956701030927835
149.49260200000205,0.6085641777100057,0.29793814432989685,149.50844800000138,0.4142281064641308,0.9829896907216493
149.72038300000207,0.5909967821475428,0.35446735395189,149.75843300000133,0.4023179312065256,0.9999999999999999
149.98774800000206,0.5821215848560742,0.3881443298969072,150.0114950000014,0.3889275049682995,0.9999999999999999
150.21128800000193,0.582535226845195,0.38694158075601376,150.2559440000014,0.37573363286102085,0.9999999999999999
150.466783000002,0.5921755207353434,0.35326460481099653,150.5059060000014,0.3652105390444465,0.9999999999999999
150.7079160000021,0.6092048110101103,0.2967353951890034,150.75745500000136,0.3595865952112111,0.9999999999999999
150.95892100000214,0.6300864195125521,0.24261168384879725,151.0102860000014,0.3599952821591538,0.9999999999999999
151.20460400000212,0.6494931255989431,0.1764604810996563,151.2417420000015,0.3666386297108649,0.9999999999999999
151.45127500000214,0.6633988015349357,0.1399484536082474,151.49083500000148,0.37880244083998493,0.9999999999999999
151.70377900000219,0.6726418664057271,0.11829896907216493,151.73764600000146,0.39462594516486826,0.9999999999999999
151.94757600000236,0.6824717988044109,0.09201030927835051,151.98635900000156,0.41133665603770075,0.9922680412371133
152.19792100000234,0.6983950524814534,0.06804123711340206,152.2335300000016,0.42658891379765096,0.9536082474226804
152.43992100000224,0.7220193306913038,0.022422680412371134,152.47742400000166,0.43919158498224437,0.9195876288659793
152.69300000000226,0.749644200894747,0.0,152.73044400000157,0.4491851809211569,0.8909793814432989
152.93664700000227,0.7729165879948201,0.0,152.97679800000162,0.4575883663647512,0.8662371134020618
153.19713200000214,0.781067474109655,0.0,153.21869700000167,0.46606068566860426,0.8343642611683848
153.43133700000215,0.766992054326856,0.0,153.46708000000163,0.4752079173553241,0.7874570446735396
153.68073100000217,0.7326088840695199,0.004639175257731941,153.71431300000157,0.4842078663040892,0.7369415807560138
153.9357590000023,0.687157409432411,0.08350515463917528,153.9620170000015,0.4911671745852402,0.706872852233677
154.17695600000218,0.6425545513478204,0.19690721649484538,154.21180400000154,0.49455907142290756,0.6900343642611684
154.42504900000213,0.60959178599618,0.29432989690721645,154.46617100000145,0.49453298660619815,0.6900343642611684
154.66711500000227,0.5961209821703408,0.33041237113402055,154.72263300000148,0.4929821390001618,0.6996563573883162
154.91896300000224,0.6059130817234204,0.3039518900343643,154.94950200000147,0.4921221790157617,0.7008591065292097
155.16942800000226,0.6382880539336238,0.21134020618556698,155.20516100000148,0.49296407283299987,0.6996563573883162
155.4092980000022,0.6885751957707312,0.08273195876288662,155.4701800000014,0.49501192675583494,0.6888316151202749
155.66682800000208,0.7504545469157459,0.0,155.69348600000137,0.4969465283534567,0.684020618556701
155.91387200000213,0.8179529201612782,0.0,155.94103400000137,0.497242758668273,0.6828178694158076
156.15375600000206,0.8859435222273088,0.0,156.19526700000137,0.49456176016879344,0.6900343642611684
156.4033100000022,0.949258378895191,0.0,156.43678200000133,0.4878789574834737,0.7201030927835051
156.66880800000214,1.0007502348061585,0.0,156.69274500000125,0.47703146597200713,0.7778350515463919
156.89168800000206,1.0329864366412596,0.0,156.9328500000013,0.4630747866460668,0.852319587628866
157.14561500000195,1.043536694509298,0.0,157.18024000000128,0.44761337556515324,0.8948453608247422
157.38701400000195,1.0379268115491294,0.0,157.4317070000013,0.4321913840240005,0.9381443298969071
157.6529350000019,1.0262323501537798,0.0,157.6816860000013,0.41846639669109054,0.9729381443298969
157.88640000000188,1.0171979618186382,0.0,157.92567000000133,0.40865940211061236,0.9945876288659793
158.13788000000193,1.0137024875548166,0.0,158.16468900000126,0.40594236252727556,0.9999999999999999
158.38523800000206,1.011362368250153,0.0,158.41458700000138,0.4137066364889077,0.9829896907216493
158.63278400000215,1.000578935574956,0.0,158.6781140000014,0.4338305911518322,0.9335051546391752
158.87315600000213,0.9739267142071104,0.0,158.91618800000137,0.46444236072252937,0.8451890034364263
159.12621800000207,0.9318979103055552,0.0,159.1600150000013,0.4979250957061908,0.6816151202749141
159.36877000000203,0.8807241313179072,0.0,159.4119430000013,0.5233706013321412,0.5781786941580755
159.616132000002,0.8273841787503476,0.0,159.65549800000113,0.5333493752333285,0.5288659793814433
159.86612800000205,0.7765252431269781,0.0,159.90789500000116,0.5279955641311291,0.5493127147766323
160.11398900000214,0.7313448147609835,0.00773195876288657,160.15443500000117,0.5124661594526395,0.627491408934708
160.35675300000207,0.6944603073876088,0.07113402061855668,160.39779300000103,0.49289418183982603,0.6996563573883162
160.61879800000207,0.668957997952881,0.12525773195876283,160.64777700000096,0.47357125735891603,0.7946735395189004
160.877196000002,0.6572030339424386,0.15360824742268034,160.8951540000008,0.45610426824055117,0.8716494845360824
161.09617800000197,0.6591155308262019,0.14999999999999994,161.14870700000077,0.4402287098335201,0.9157216494845359
161.3485720000021,0.6700650959297697,0.12293814432989687,161.3859620000008,0.42591234583804544,0.954381443298969
161.5939350000021,0.6832213098345206,0.09123711340206185,161.63038500000076,0.41464960362093606,0.9798969072164947
161.84142500000206,0.6917541426272069,0.07577319587628863,161.8858770000008,0.4090493276313752,0.9945876288659793
162.08735100000195,0.6919719093404448,0.07577319587628863,162.1258350000008,0.4110815194640495,0.993041237113402
162.3373490000019,0.68496515310568,0.08737113402061857,162.36983200000074,0.42078383136281294,0.9713917525773196
162.58795500000187,0.6765758668895672,0.10902061855670105,162.63869500000064,0.43598674182384506,0.9273195876288659
162.8332570000019,0.6750560048238737,0.11443298969072165,162.8707070000006,0.4523493009911516,0.8824742268041237
163.09503700000195,0.6857747011783788,0.08659793814432991,163.1447020000006,0.4647757246516581,0.8391752577319587
163.3248670000019,0.7060277717896832,0.05489690721649481,163.3701180000005,0.46958494925332167,0.8199312714776632
163.57122300000194,0.7250546958770334,0.016237113402061878,163.6105420000006,0.46685068050364437,0.8295532646048109
163.844756000002,0.7319365989221533,0.00773195876288657,163.86054800000053,0.45936136444599973,0.8623711340206185
164.07472300000197,0.7242072129678424,0.017010309278350535,164.10939200000035,0.4498633538472578,0.8878865979381443
164.31470900000204,0.7071038921462085,0.05180412371134018,164.35651700000034,0.4398320707325395,0.9164948453608246
164.56441100000208,0.6896141085845277,0.08041237113402057,164.59893900000037,0.4297847968408749,0.9420103092783505
164.8108850000021,0.6798744767290421,0.10128865979381439,164.8484200000004,0.4197220232438387,0.9713917525773196
165.0605580000021,0.6834668015713214,0.0904639175257732,165.0978340000004,0.4094473085020048,0.9945876288659793
165.32518800000204,0.7009699003057013,0.06185567010309281,165.34377500000045,0.3984561781613863,0.9999999999999999
165.55940700000193,0.7270640626187552,0.014690721649484565,165.59228700000043,0.38633977971383016,0.9999999999999999
165.80367700000193,0.7526787868586111,0.0,165.83426000000034,0.37334098876433197,0.9999999999999999
166.05043700000195,0.7690530510135338,0.0,166.0874200000003,0.3602907314979353,0.9999999999999999
166.3039750000019,0.7708804247276326,0.0,166.34185900000034,0.3485010228474695,0.9999999999999999
166.54472700000193,0.7573702912796662,0.0,166.5836640000004,0.3394702246998501,0.9999999999999999
166.79132200000205,0.7317113949025891,0.00773195876288657,166.82464400000032,0.3339495026204711,0.9999999999999999
167.04528900000213,0.6992090611411578,0.0672680412371134,167.07514600000025,0.3313526778068631,0.9999999999999999
167.28751700000208,0.6661851177225344,0.13376288659793814,167.32794000000032,0.330052939625582,0.9999999999999999
167.5289310000021,0.6378881612799496,0.21134020618556698,167.5668980000003,0.3277666905914024,0.9999999999999999
167.78889900000203,0.6185885440124248,0.2630584192439863,167.8198830000003,0.32203203983588513,0.9999999999999999
168.031796000002,0.6111504089758079,0.2859106529209622,168.06991700000034,0.31190861396237984,0.9999999999999999
168.27678800000197,0.6152713896858094,0.27268041237113405,168.33192400000036,0.2983064494788713,0.9999999999999999
168.52747600000194,0.6268257863568591,0.24621993127147765,168.55751900000018,0.28317910801927004,0.9999999999999999
168.7641430000019,0.6401571062620414,0.20171821305841925,168.81148100000016,0.2686742715308431,0.9999999999999999
169.02216100000197,0.6506645402872323,0.1728522336769759,169.06665700000016,0.25602878242504434,0.9999999999999999
169.259992000002,0.6564915343241227,0.15721649484536085,169.30258000000006,0.24538394236185349,0.9999999999999999
169.51547500000203,0.6576990483246554,0.15360824742268034,169.5505020000001,0.23691651885140555,0.9999999999999999
169.7639090000021,0.6565749334637963,0.15721649484536085,169.8054420000001,0.2313566608120155,0.9999999999999999
170.00604500000208,0.6559661563501109,0.15841924398625432,170.04501700000006,0.23004396128518226,0.9999999999999999
170.252918000002,0.6578313300832932,0.15240549828178687,170.2844719999999,0.23478955503483348,0.9999999999999999
170.50287600000206,0.662252815151752,0.1414948453608247,170.541617,0.24728238739902336,0.9999999999999999
170.76206200000206,0.668066521581725,0.1291237113402062,170.78300399999998,0.267639759887667,0.9999999999999999
170.99139500000192,0.6744342523610125,0.1152061855670103,171.03088599999998,0.29245144932444944,0.9999999999999999
171.24532200000183,0.682469273040037,0.09201030927835051,171.28153699999993,0.3145787626367009,0.9999999999999999
171.49131900000188,0.6956321299490751,0.07113402061855668,171.52800000000002,0.3273750941512673,0.9999999999999999
171.7414690000018,0.718916643589765,0.027835051546391733,171.77709499999992,0.329038711367563,0.9999999999999999
171.9897850000018,0.756512283959484,0.0,172.02544299999988,0.32236817845427923,0.9999999999999999
172.2421780000019,0.8080611211087251,0.0,172.27258499999996,0.3118205959645891,0.9999999999999999
172.4852560000018,0.8666394925431518,0.0,172.5320120000001,0.3014482541740492,0.9999999999999999
172.72609900000177,0.9196477259132976,0.0,172.77504700000011,0.29470017660641123,0.9999999999999999
172.99275400000178,0.9555611779004602,0.0,173.01634400000015,0.29437702824615986,0.9999999999999999
173.22866600000182,0.9678477833780724,0.0,173.2666000000001,0.3020178773789898,0.9999999999999999
173.47754500000173,0.9564103532379657,0.0,173.50347500000004,0.3171621248560838,0.9999999999999999
173.7136590000019,0.9246126766744094,0.0,173.76820499999997,0.3362452801562135,0.9999999999999999
173.96712600000197,0.8777934595164981,0.0,174.02084199999993,0.3537125487666983,0.9999999999999999
174.20766600000198,0.8225209285136134,0.0,174.25340499999987,0.36478294715688747,0.9999999999999999
174.45762800000196,0.7655890562172594,0.0,174.4982979999999,0.3672071244159463,0.9999999999999999
174.7150720000019,0.7134961904377808,0.03865979381443301,174.7413469999998,0.36160250591473364,0.9999999999999999
174.95438000000183,0.6708481304733704,0.12216494845360822,174.98915699999984,0.35026017304243334,0.9999999999999999
175.20189500000203,0.6399133040542014,0.20412371134020618,175.23632299999983,0.3359715678575993,0.9999999999999999
175.458009000002,0.6205955596911918,0.2558419243986254,175.4846289999998,0.3213232429771739,0.9999999999999999
175.698399000002,0.6111985450225039,0.2859106529209622,175.7281919999998,0.30814116793043855,0.9999999999999999
175.94575900000189,0.6089664594955495,0.29793814432989685,175.98143999999988,0.296996437717123,0.9999999999999999
176.19481400000194,0.6099049698111679,0.29432989690721645,176.22744299999985,0.28708097366838,0.9999999999999999
176.44375500000197,0.6099191470974573,0.29432989690721645,176.47652599999995,0.27713261509335757,0.9999999999999999
176.68830000000193,0.605983847431467,0.3039518900343643,176.72652399999993,0.2664735260953654,0.9999999999999999
176.9407750000018,0.5975114064822271,0.3243986254295532,176.9718269999999,0.2549404161827163,0.9999999999999999
177.18785600000174,0.5860892061361662,0.3737113402061856,177.21432499999983,0.24273466678831104,0.9999999999999999
177.43379000000178,0.5749308488732446,0.41460481099656366,177.4606219999999,0.23060922309842435,0.9999999999999999
177.67472600000193,0.5670520806644662,0.4302405498281787,177.7132889999997,0.21962454945122797,0.9999999999999999
177.92371500000206,0.5644247544752475,0.43986254295532645,177.95962499999965,0.2105723748793281,0.9999999999999999
178.170088000002,0.566696821035401,0.4302405498281787,178.2130859999997,0.20387540501927107,0.9999999999999999
178.40567400000202,0.5715482586016377,0.4194158075601375,178.47362299999966,0.19954471591709524,0.9999999999999999
178.65355500000203,0.5755430351781577,0.4134020618556702,178.70141999999956,0.1974145339637655,0.9999999999999999
178.89906800000202,0.5757831352307213,0.4121993127147767,178.9435939999995,0.19776547818962614,0.9999999999999999
179.14753200000195,0.5711897788692402,0.4194158075601375,179.1884299999995,0.20215195829619584,0.9999999999999999
179.39845500000203,0.5634513176346303,0.44828178694158083,179.43885499999953,0.2136039288156622,0.9999999999999999
179.64631000000216,0.5568812272448544,0.47233676975945016,179.68537999999953,0.2354509261791717,0.9999999999999999
179.90195400000204,0.5571003360457691,0.47233676975945016,179.93687899999955,0.2693298033700898,0.9999999999999999
180.14305200000211,0.568187868966083,0.42542955326460485,180.1787329999995,0.31348967942477746,0.9999999999999999
180.3838410000022,0.5906213242002597,0.35446735395189,180.43177199999943,0.3626545922769377,0.9999999999999999
180.64934600000208,0.6211532871649068,0.2558419243986254,180.67401299999943,0.4103425329964948,0.9938144329896906
180.87982700000202,0.655969226506035,0.15841924398625432,180.9225109999994,0.4518479584576004,0.884020618556701
181.12169400000204,0.6904551913832689,0.07886597938144325,181.16892299999944,0.48513199291261944,0.7321305841924398
181.37525100000207,0.7192949313836895,0.02628865979381442,181.4188599999995,0.5103801426620527,0.6359106529209623
181.619754000002,0.736975813725044,0.0,181.67847399999948,0.5286478135452608,0.5481099656357389
181.86614200000193,0.7408199429848069,0.0,181.90878799999953,0.5406787917563673,0.5096219931271477
182.12221300000198,0.7319854501726857,0.0069587628865979126,182.1568749999996,0.5472349112193816,0.4891752577319588
182.36112300000195,0.7140247070436866,0.03865979381443301,182.4087619999995,0.5491664490994701,0.4855670103092784
182.60492100000198,0.6914492037975632,0.07577319587628863,182.65233199999943,0.5481563322377745,0.48797250859106533
182.85360700000194,0.6688431804892084,0.1260309278350515,182.90524699999958,0.5458325709253229,0.49398625429553267
183.09975700000194,0.6504340191267779,0.1728522336769759,183.14829999999955,0.5426701668701277,0.5048109965635739
183.34955300000192,0.6397553547575223,0.20532646048109965,183.39326299999948,0.5367617548106297,0.5240549828178693
183.59607700000197,0.6393441060762466,0.20773195876288658,183.64675999999935,0.5246480652822241,0.5673539518900343
183.86093000000199,0.648720959143712,0.1812714776632302,183.89025099999932,0.5043138909432855,0.6611683848797251
184.08689900000186,0.6638207434936328,0.13840206185567008,184.13668799999937,0.4764234834418987,0.7802405498281788
184.33893800000183,0.6777086030912174,0.10747422680412373,184.40197899999933,0.44423549404133755,0.9033505154639174
184.58645100000174,0.6857346939490359,0.08659793814432991,184.63915099999934,0.4120588813752066,0.9899484536082473
184.8324240000018,0.6872695137070748,0.08350515463917528,184.8846259999994,0.38378688925245125,0.9999999999999999
185.08379300000178,0.6844704312379846,0.08891752577319588,185.12892299999933,0.3617801954781707,0.9999999999999999
185.32419500000182,0.6803330491464699,0.09819587628865976,185.38093599999937,0.34651599720717374,0.9999999999999999
185.5788070000017,0.677671334375813,0.10747422680412373,185.62483499999928,0.3369128609699456,0.9999999999999999
185.81972500000174,0.6789224186944256,0.10360824742268036,185.87228499999918,0.33128336304030287,0.9999999999999999
186.07295200000172,0.6852872282283321,0.08737113402061857,186.1408279999992,0.32854745691440723,0.9999999999999999
186.31885000000173,0.6965761903196279,0.06881443298969071,186.36721899999912,0.3285397244674573,0.9999999999999999
186.5612330000017,0.7104796978192113,0.0425257731958763,186.61150399999914,0.33187909117055003,0.9999999999999999
186.80611300000157,0.7239145079467308,0.017010309278350535,186.87391499999922,0.3394453437085278,0.9999999999999999
187.0626660000016,0.7351237243671447,0.0007731958762886569,187.11080099999924,0.3515831517118881,0.9999999999999999
187.3173480000016,0.746308189509974,0.0,187.36866799999916,0.3673519258522921,0.9999999999999999
187.55081300000157,0.762335343362861,0.0,187.6033309999991,0.38448753350038495,0.9999999999999999
187.79916500000144,0.7863897797955922,0.0,187.85610299999908,0.3999075817248857,0.9999999999999999
188.04358600000134,0.8153611719825068,0.0,188.102833999999,0.41023585772459625,0.9938144329896906
188.31155900000144,0.8401724337096572,0.0,188.34794799999895,0.4125646841321022,0.9853092783505153
188.54417100000128,0.8524131405413923,0.0,188.59241399999894,0.4058900551610857,0.9999999999999999
188.78766300000126,0.8493686660684411,0.0,188.84634199999897,0.3925445659664118,0.9999999999999999
189.02329800000138,0.8333115718561304,0.0,189.091806999999,0.3765387218918442,0.9999999999999999
189.27523800000142,0.809744906263447,0.0,189.35820499999892,0.3606602354173674,0.9999999999999999
189.5152180000014,0.7849950762560308,0.0,189.59710199999878,0.3457753748868907,0.9999999999999999
189.7713350000013,0.7657675851580176,0.0,189.8256009999988,0.33193517357433083,0.9999999999999999
190.02639600000128,0.7569903719969948,0.0,190.07950199999877,0.31936917851069546,0.9999999999999999
190.26316800000137,0.7609597715750913,0.0,190.32995099999877,0.3091823729875787,0.9999999999999999
190.50431500000153,0.7782473110201211,0.0,190.5718529999988,0.303655835224531,0.9999999999999999
190.7594270000015,0.8112592419494037,0.0,190.81631699999886,0.30542529144616226,0.9999999999999999
191.00479200000132,0.8682984900853518,0.0,191.0618379999989,0.3163239644346253,0.9999999999999999
191.25467700000135,0.9635222511706271,0.0,191.3153889999989,0.33524945208861157,0.9999999999999999
191.50401600000137,1.1058553816866767,0.0,191.5583209999988,0.3579289938733813,0.9999999999999999
191.73739800000138,1.2867628711117458,0.0,191.80940099999876,0.37914305519161756,0.9999999999999999
191.98721900000143,1.481370442966012,0.0,192.0637819999987,0.3947904791513853,0.9999999999999999
192.23271800000137,1.6559963347454756,0.0,192.30767699999862,0.40286676150357603,0.9999999999999999
192.47834800000138,1.778177210811657,0.0,192.55588399999857,0.40311103336577453,0.9999999999999999
192.72262500000127,1.8291508732742878,0.0,192.79375599999858,0.3961892960406612,0.9999999999999999
192.9730940000014,1.8095046837503,0.0,193.04735999999855,0.3832468832864481,0.9999999999999999
193.21460500000137,1.7344598924275105,0.0,193.29875299999864,0.3663901806748304,0.9999999999999999
193.4653870000014,1.6235046809465008,0.0,193.55037399999873,0.34865067784963183,0.9999999999999999
193.71155500000154,1.4963718283260765,0.0,193.8097099999986,0.3333180707389335,0.9999999999999999
193.96230300000155,1.3702871773763843,0.0,194.03566899999856,0.3226088459037152,0.9999999999999999
194.21879900000164,1.2549695524854707,0.0,194.28063199999852,0.3169710908636424,0.9999999999999999
194.45926300000153,1.1517255412828042,0.0,194.53155499999855,0.31520411373961316,0.9999999999999999
194.71585200000143,1.0586858303102045,0.0,194.78626099999852,0.31545405979913865,0.9999999999999999
194.95092900000134,0.9763114879267056,0.0,195.02390199999846,0.3159020661207182,0.9999999999999999
195.20352200000133,0.9077692327062963,0.0,195.27194799999856,0.3151133227245391,0.9999999999999999
195.44491500000126,0.8566285385329176,0.0,195.51708399999845,0.3120222254036001,0.9999999999999999
195.69179100000127,0.8254807727032656,0.0,195.76908399999851,0.3063595954773996,0.9999999999999999
195.96436800000126,0.8154554356119894,0.0,196.03067199999862,0.2990498534858098,0.9999999999999999
196.18710400000123,0.8250004806552895,0.0,196.2605079999986,0.2922851336571705,0.9999999999999999
196.43173500000123,0.8477038226423814,0.0,196.51223099999862,0.2888318506288948,0.9999999999999999
196.69009600000123,0.872092068622497,0.0,196.7549339999986,0.2907257879669362,0.9999999999999999
196.93004500000123,0.8872273773405254,0.0,197.01710799999847,0.29820628509976277,0.9999999999999999
197.17244200000113,0.8895921382679436,0.0,197.25656399999835,0.3098165055023734,0.9999999999999999
197.42771000000113,0.8833243164575327,0.0,197.50106299999837,0.3238807195154332,0.9999999999999999
197.67387300000112,0.8749700999524047,0.0,197.7470059999985,0.3393562379656466,0.9999999999999999
197.92688700000107,0.8696584915682086,0.0,197.99384299999858,0.35537944124741316,0.9999999999999999
198.16493300000104,0.8700702956437145,0.0,198.25244899999845,0.36990158649927474,0.9999999999999999
198.4179050000011,0.8770728454691354,0.0,198.4863159999985,0.37914892625987706,0.9999999999999999
198.66183400000108,0.8903223252717765,0.0,198.73434699999856,0.37906347808669205,0.9999999999999999
198.907832000001,0.9087505316465334,0.0,198.9833419999984,0.36837575052749133,0.9999999999999999
199.1721230000012,0.9318954468240189,0.0,199.22483799999836,0.3492555508418804,0.9999999999999999
199.39867400000114,0.9602769495678137,0.0,199.47876999999832,0.3253281010895876,0.9999999999999999
199.65469700000125,0.9945414198633153,0.0,199.7316589999984,0.3000936889185871,0.9999999999999999
199.8979790000013,1.0333959458958748,0.0,199.97753699999842,0.2764865125498526,0.9999999999999999
200.1420720000013,1.07182719890433,0.0,200.22286599999828,0.2565199468231546,0.9999999999999999
200.39603100000133,1.1019111740868754,0.0,200.46379699999824,0.24132903681764736,0.9999999999999999
200.65990500000132,1.1161946766024229,0.0,200.7127689999983,0.23119435322636514,0.9999999999999999
200.90437000000134,1.1121517028777457,0.0,200.9642169999984,0.22556954713219018,0.9999999999999999
201.1332070000014,1.0923576888451936,0.0,201.20933599999847,0.22355673509861723,0.9999999999999999
201.38635400000132,1.061676896500305,0.0,201.4800099999984,0.2246711337223556,0.9999999999999999
201.63378100000136,1.025382387630965,0.0,201.7028069999984,0.22893087309167953,0.9999999999999999
201.88215300000138,0.9878565289001363,0.0,201.9508469999984,0.23646369529890568,0.9999999999999999
202.12888400000145,0.9524190548488258,0.0,202.19723099999834,0.2470128446111572,0.9999999999999999
202.37992800000146,0.9223243020190408,0.0,202.44626199999828,0.2590131070961943,0.9999999999999999
202.61594500000157,0.8997334949464377,0.0,202.68552199999837,0.26959713903485916,0.9999999999999999
202.87074800000156,0.8843430520206957,0.0,202.94025099999848,0.27636973409740906,0.9999999999999999
203.1186610000016,0.8713577338350681,0.0,203.18879499999835,0.2789182490084587,0.9999999999999999
203.36863000000156,0.8539000561095199,0.0,203.4357109999984,0.27866585018152024,0.9999999999999999
203.62538900000163,0.8281974550731491,0.0,203.6836639999985,0.277729952749876,0.9999999999999999
203.85193500000165,0.7951944360367713,0.0,203.91985699999842,0.2776751345902596,0.9999999999999999
204.1085790000017,0.7592908587964992,0.0,204.1733919999985,0.27887103728340307,0.9999999999999999
204.3549830000016,0.7266243243286141,0.014690721649484565,204.41932799999844,0.2807832235506581,0.9999999999999999
204.5959970000015,0.7042564159711732,0.05567010309278347,204.67923799999846,0.2826222062791537,0.9999999999999999
204.8392890000015,0.6972610407262859,0.06804123711340206,204.91968899999853,0.28382090347326605,0.9999999999999999
205.09257900000148,0.7080392868406196,0.05025773195876287,205.16316099999852,0.2843382868207621,0.9999999999999999
205.34310600000154,0.7356265529637569,0.0007731958762886569,205.41192899999854,0.2843167555638747,0.9999999999999999
205.58871300000143,0.7769480651494153,0.0,205.6616559999985,0.2836673912245379,0.9999999999999999
205.83366000000143,0.8274065834741848,0.0,205.8980219999984,0.2821337618314975,0.9999999999999999
206.07784600000147,0.88121201636797,0.0,206.1448759999984,0.2796092391635589,0.9999999999999999
206.33342600000148,0.9302199912974332,0.0,206.39674599999827,0.2762250710535823,0.9999999999999999
206.58670200000154,0.9641753171031148,0.0,206.64712899999833,0.2719303936305087,0.9999999999999999
206.8366460000016,0.9743269418497214,0.0,206.89345599999837,0.2658094022995604,0.9999999999999999
207.06656900000146,0.9578314714427973,0.0,207.13441899999836,0.25649615426135286,0.9999999999999999
207.32124500000143,0.9209967117477543,0.0,207.38245599999843,0.2436969161782143,0.9999999999999999
207.56150900000142,0.8777541379739685,0.0,207.62755499999844,0.2287816739251692,0.9999999999999999
207.81558000000146,0.8421936714644738,0.0,207.8803369999985,0.2138889967508445,0.9999999999999999
208.06112600000154,0.8228425507169111,0.0,208.1203119999984,0.20101836234368164,0.9999999999999999
208.30911300000147,0.8217905370764833,0.0,208.3694149999984,0.19142325974187607,0.9999999999999999
208.55643300000153,0.8354277224109015,0.0,208.61821699999845,0.18542066936318075,0.9999999999999999
208.80436300000164,0.8554755876763038,0.0,208.86033399999843,0.18240412606409165,0.9999999999999999
209.05240100000177,0.8705327497343862,0.0,209.1302989999985,0.18087515635619913,0.9999999999999999
209.29641200000174,0.8698863379215379,0.0,209.35932699999842,0.1788623789933527,0.9999999999999999
209.54388900000163,0.8481985347614294,0.0,209.60510899999835,0.17505832411544792,0.9999999999999999
209.79326800000166,0.8077412585699971,0.0,209.85763899999836,0.16933440842376646,0.9999999999999999
210.04160400000174,0.7563670652661546,0.0,210.09910599999841,0.16245747497476215,0.9999999999999999
210.2831760000017,0.7035673458629895,0.056443298969072124,210.35143499999845,0.15559873818121964,0.9999999999999999
210.55203100000165,0.6579968452270653,0.15240549828178687,210.60099299999845,0.15002593437678824,0.9999999999999999
210.78599800000168,0.6270769528148054,0.24621993127147765,210.84229599999836,0.1469465613805112,0.9999999999999999
211.0247460000015,0.6172726821970577,0.26907216494845365,211.09175499999827,0.14722170464157688,0.9999999999999999
211.30049300000147,0.6328443884212142,0.23298969072164952,211.33929299999832,0.15088013388129212,0.9999999999999999
211.52311000000145,0.6722547703357493,0.11984536082474224,211.58621699999824,0.1569296506165357,0.9999999999999999
211.77429900000155,0.7274230848480684,0.013917525773195908,211.83607599999826,0.1636789183006133,0.9999999999999999
212.0261760000015,0.7877319080496867,0.0,212.07850499999836,0.16940372290529243,0.9999999999999999
212.2649970000016,0.8445819552977639,0.0,212.33247399999837,0.17301008707414123,0.9999999999999999
212.54313600000162,0.8930986394089089,0.0,212.57170599999836,0.17441576594404617,0.9999999999999999
212.7707750000017,0.9319318126551587,0.0,212.82161499999827,0.17462481100861987,0.9999999999999999
213.00766500000165,0.9613383036974421,0.0,213.0736859999982,0.1754796864461347,0.9999999999999999
213.25517900000162,0.9813644236699437,0.0,213.31322599999822,0.1785881238627298,0.9999999999999999
213.50121500000157,0.9914456191032164,0.0,213.56332199999827,0.184185029337807,0.9999999999999999
213.75509900000156,0.9915989532450793,0.0,213.81292099999837,0.19094649976037573,0.9999999999999999
214.00548300000165,0.9838725471756404,0.0,214.06046399999838,0.19691621627338934,0.9999999999999999
214.24991000000162,0.97212254189045,0.0,214.31852299999838,0.20075076146798254,0.9999999999999999
214.50472600000165,0.9611721386488542,0.0,214.55881599999842,0.20240446667999074,0.9999999999999999
214.7493860000016,0.955455601496461,0.0,214.80303599999831,0.2029264009234565,0.9999999999999999
214.99385300000148,0.9586025978236111,0.0,215.04750599999824,0.20342729600369072,0.9999999999999999
215.23577700000152,0.970204785225335,0.0,215.30234199999825,0.20446299766374443,0.9999999999999999
215.48671800000145,0.9853246362809864,0.0,215.54743899999815,0.205836592081833,0.9999999999999999
215.73171600000143,0.9982296892645317,0.0,215.7954229999982,0.2066583506331107,0.9999999999999999
215.97601800000137,1.0077662809026742,0.0,216.03783999999817,0.20602897817969953,0.9999999999999999
216.22760200000133,1.018639849281366,0.0,216.2902619999981,0.20366578023724716,0.9999999999999999
216.48048800000126,1.0385199298362,0.0,216.54247199999804,0.2000601744755659,0.9999999999999999
216.72034400000118,1.0743066986514906,0.0,216.7784919999979,0.1961644555061986,0.9999999999999999
216.96772400000117,1.1270571417162816,0.0,217.03706799999784,0.1928881177509882,0.9999999999999999
217.22089800000114,1.1875369929791126,0.0,217.28154099999784,0.19057671158812867,0.9999999999999999
217.46116800000112,1.2365220537196193,0.0,217.52393899999797,0.1886443507861608,0.9999999999999999
217.71074800000113,1.2549547155766683,0.0,217.76384699999798,0.18616135901979572,0.9999999999999999
217.95523700000126,1.2341794473067798,0.0,218.01381299999804,0.18279993019007762,0.9999999999999999
218.20828000000137,1.177915219537065,0.0,218.26214799999798,0.17912921641053778,0.9999999999999999
218.4533810000014,1.0975705259580713,0.0,218.507326999998,0.17634813207102032,0.9999999999999999
218.69756900000135,1.0071650700448989,0.0,218.76424999999804,0.17565863529499093,0.9999999999999999
218.96401900000137,0.9199113459796823,0.0,219.0087529999981,0.17754198038234745,0.9999999999999999
219.20555000000132,0.8463205521486092,0.0,219.25326099999808,0.18140811408474938,0.9999999999999999
219.44391300000146,0.7941572133400392,0.0,219.50883599999804,0.18580619511989188,0.9999999999999999
219.68318200000147,0.7688313868956029,0.0,219.74881199999803,0.18959336887731532,0.9999999999999999
219.94321400000146,0.7731937234286788,0.0,220.00825999999796,0.19296023707407975,0.9999999999999999
220.18472200000153,0.8040250702763733,0.0,220.24226999999792,0.19789539833557004,0.9999999999999999
220.4387480000015,0.8507266633903953,0.0,220.48727999999795,0.20713007269349504,0.9999999999999999
220.6841820000015,0.8994103878443792,0.0,220.73904199999797,0.22242766188083618,0.9999999999999999
220.93064700000147,0.9389785989852382,0.0,220.9846969999979,0.2435400029927923,0.9999999999999999
221.1809770000015,0.9657007405185978,0.0,221.22830899999795,0.26833770121201583,0.9999999999999999
221.41944800000152,0.9817087477053148,0.0,221.47503199999798,0.29350811944891375,0.9999999999999999
221.66651600000148,0.9920883894417867,0.0,221.7230249999979,0.3156290564798616,0.9999999999999999
221.9185640000014,1.0009566340645826,0.0,221.98456299999793,0.3320765621468581,0.9999999999999999
222.1744040000015,1.0102595859701762,0.0,222.22009199999792,0.3413463629437381,0.9999999999999999
222.41366900000142,1.0207716038286188,0.0,222.46881699999798,0.3432794415576143,0.9999999999999999
222.65009000000143,1.0335436461571883,0.0,222.72383999999795,0.3392557511292719,0.9999999999999999
222.9063970000014,1.0498066054514168,0.0,222.96223199999798,0.33179512978113024,0.9999999999999999
223.1454700000014,1.0692565105003324,0.0,223.23167799999794,0.3234608090863256,0.9999999999999999
223.39943900000145,1.088108122740214,0.0,223.4570079999979,0.3159279048357618,0.9999999999999999
223.64851800000147,1.0992456864090745,0.0,223.70095599999797,0.3097066307817152,0.9999999999999999
223.8893860000015,1.0982493413080407,0.0,223.9564969999979,0.3044154112573589,0.9999999999999999
224.13924200000145,1.0866771786293317,0.0,224.19644899999795,0.2994312340288101,0.9999999999999999
224.38431600000155,1.0700586605808855,0.0,224.46694099999795,0.29425029893607707,0.9999999999999999
224.6311610000014,1.0530131118440424,0.0,224.693419999998,0.2884955871187783,0.9999999999999999
224.8847320000015,1.0375192759131655,0.0,224.94928999999797,0.28188115199689867,0.9999999999999999
225.13668000000155,1.0223015196851304,0.0,225.19232999999798,0.2745301313343258,0.9999999999999999
225.3857940000016,1.0025500169140993,0.0,225.42996999999806,0.26662592487987913,0.9999999999999999
225.63417600000162,0.9733617250119534,0.0,225.67738699999816,0.25832404815141896,0.9999999999999999
225.87467000000154,0.9332237358331863,0.0,225.9265549999981,0.24962300300696807,0.9999999999999999
226.12373500000146,0.885255368660411,0.0,226.17560199999818,0.24031871270056104,0.9999999999999999
226.3676280000014,0.8344970448538702,0.0,226.43106199999824,0.23039820543675263,0.9999999999999999
226.63440500000135,0.7869277989289609,0.0,226.66556599999822,0.22039574235526663,0.9999999999999999
226.86138500000138,0.7483518078463297,0.0,226.91426399999827,0.2112162044755633,0.9999999999999999
227.10519900000136,0.7226925312036289,0.020103092783505163,227.1663579999983,0.2037592539179516,0.9999999999999999
227.35629500000135,0.7112167765776499,0.0425257731958763,227.41483399999836,0.19879330162653774,0.9999999999999999
227.60867900000147,0.7118380287240558,0.04097938144329898,227.66573499999834,0.1967277999298157,0.9999999999999999
227.8541750000016,0.7195509258404111,0.025515463917525762,227.90889199999833,0.19757399324594932,0.9999999999999999
228.09343100000157,0.7269881650249043,0.014690721649484565,228.1580699999984,0.2014230903876346,0.9999999999999999
228.33533900000157,0.7267593808837887,0.014690721649484565,228.40793599999824,0.20858552268653358,0.9999999999999999
228.58102800000148,0.7140757446739423,0.03865979381443301,228.6530669999982,0.21868004178494063,0.9999999999999999
228.83510200000146,0.6889796039278722,0.08195876288659788,228.90596899999807,0.22995684414421003,0.9999999999999999
229.0809340000015,0.6560624718426302,0.15841924398625432,229.14543399999803,0.23983697626678238,0.9999999999999999
229.32889900000154,0.6224470366176091,0.25463917525773194,229.39539499999808,0.2469138415801977,0.9999999999999999
229.5743320000015,0.5949751640928412,0.3400343642611684,229.63773799999805,0.2520832913230295,0.9999999999999999
229.83675500000132,0.5777640914951978,0.40618556701030917,229.88814299999797,0.2580670271488882,0.9999999999999999
230.06879900000135,0.5710956018240003,0.4194158075601375,230.138774999998,0.2678683581517045,0.9999999999999999
230.3202430000012,0.5719720916792869,0.4194158075601375,230.38290899999797,0.28238213377453664,0.9999999999999999
230.56579700000108,0.5757826485199072,0.4121993127147767,230.63143699999796,0.2991629341316025,0.9999999999999999
230.81323500000113,0.5784478755596691,0.40378006872852223,230.89141099999793,0.3132823977938077,0.9999999999999999
231.06338400000098,0.5793207661687169,0.3989690721649484,231.1211629999978,0.32014767135547345,0.9999999999999999
231.30942300000103,0.5818084669309944,0.3881443298969072,231.3744829999978,0.3185816034836221,0.9999999999999999
231.559284000001,0.5905662900730313,0.35446735395189,231.6219429999977,0.3103249036731657,0.9999999999999999
231.80186600000096,0.6083775134408924,0.2991408934707903,231.87179199999784,0.298410679517262,0.9999999999999999
232.0543610000009,0.6342049504939469,0.23178694158075605,232.13934799999785,0.28567940912312056,0.9999999999999999
232.2967610000009,0.6626553394095323,0.14072164948453605,232.36171499999784,0.2741440472624838,0.9999999999999999
232.5454470000009,0.6855512375232578,0.08659793814432991,232.61662399999784,0.26478218582554014,0.9999999999999999
232.7842210000009,0.695752076406233,0.07113402061855668,232.8585399999978,0.2572411313481163,0.9999999999999999
233.04323100000082,0.6908632630172198,0.07654639175257728,233.10553199999777,0.25060734400389506,0.9999999999999999
233.27979300000084,0.6745510757799656,0.1152061855670103,233.36257799999763,0.24463815979475587,0.9999999999999999
233.5362030000009,0.6542682155127612,0.16202749140893472,233.59998099999754,0.24003146460219993,0.9999999999999999
233.78363000000087,0.6379933017673577,0.21134020618556698,233.84901099999743,0.2377534390966672,0.9999999999999999
234.0250530000008,0.6320688060294646,0.23419243986254298,234.10639599999746,0.2384687926293758,0.9999999999999999
234.29541300000088,0.6393797563600174,0.20773195876288658,234.34224699999731,0.2428107724082027,0.9999999999999999
234.5210010000008,0.6577838592027512,0.15240549828178687,234.59630699999735,0.2515453079164863,0.9999999999999999
234.76497800000084,0.6797660452241241,0.10128865979381439,234.83358699999724,0.2650502862852282,0.9999999999999999
235.02089800000087,0.695776446248706,0.07113402061855668,235.08095899999725,0.2826812961905044,0.9999999999999999
235.26590900000087,0.6996973241287797,0.06572164948453608,235.34026199999724,0.3019406243803576,0.9999999999999999
235.51187800000093,0.6906566495334239,0.07654639175257728,235.57402699999727,0.3183147340958802,0.9999999999999999
235.760446000001,0.6717855479223747,0.12139175257731956,235.8330579999973,0.32786948458202025,0.9999999999999999
236.00526700000086,0.6469260488254331,0.18969072164948447,236.07799699999737,0.32994263088124637,0.9999999999999999
236.25934100000086,0.6190617128770411,0.2594501718213058,236.3298119999974,0.32681760777092217,0.9999999999999999
236.5013630000008,0.5894930055464573,0.36048109965635733,236.57043899999744,0.3212355502047234,0.9999999999999999
236.75314300000082,0.5592204857107205,0.4639175257731959,236.8442109999973,0.314754449910292,0.9999999999999999
236.99159100000082,0.5286121895368983,0.5481099656357389,237.06415699999727,0.30797338841707006,0.9999999999999999
237.25077000000098,0.49846612535422175,0.6816151202749141,237.32420499999722,0.30083700484664344,0.9999999999999999
237.50428500000106,0.4702915095087903,0.8175257731958763,237.5591239999972,0.29329894977066706,0.9999999999999999
237.76015400000102,0.446311980723492,0.8971649484536082,237.80509399999715,0.2854636473583262,0.9999999999999999
237.99364700000106,0.4282045731044524,0.9489690721649484,238.05249299999733,0.2775067942975622,0.9999999999999999
238.22298700000104,0.4171679555581701,0.9775773195876287,238.30549999999724,0.2699324429225725,0.9999999999999999
238.47036400000093,0.41263304322010996,0.9853092783505153,238.56146899999715,0.2635199321083775,0.9999999999999999
238.72289000000092,0.4132772582828458,0.983762886597938,238.79749599999712,0.2590253561264842,0.9999999999999999
238.96981800000097,0.41832496942524333,0.9737113402061855,239.04140799999715,0.25705012217370077,0.9999999999999999
239.21496000000096,0.42757822547443614,0.9489690721649484,239.293362999997,0.2580048601504512,0.9999999999999999
239.461675000001,0.44110748615914963,0.9141752577319586,239.53868599999691,0.262441396026288,0.9999999999999999
239.7148800000009,0.45859676785857706,0.8639175257731958,239.80715199999702,0.27100167962372723,0.9999999999999999
239.95774700000092,0.47907978036525967,0.7658075601374572,240.02745899999704,0.2841882871052592,0.9999999999999999
240.199231000001,0.5012182139570082,0.6731958762886598,240.27901699999703,0.30179389164755194,0.9999999999999999
240.44678600000094,0.5234015272768899,0.5781786941580755,240.52143899999695,0.32210854538264877,0.9999999999999999
240.69986900000094,0.5443738934324992,0.5012027491408935,240.77091899999692,0.34202880161781346,0.9999999999999999
240.94806500000104,0.5640224150790771,0.4422680412371134,241.02696599999695,0.3579145288626543,0.9999999999999999
241.19552100000118,0.5840921092036031,0.3821305841924399,241.26716599999696,0.3668109956836585,0.9999999999999999
241.4345840000012,0.6086231370646177,0.29793814432989685,241.51521499999706,0.36700094468834055,0.9999999999999999
241.6869550000011,0.6438710748440604,0.19570446735395192,241.76597499999704,0.35788365125423227,0.9999999999999999
241.9444780000011,0.6957059761851656,0.07113402061855668,242.00902499999702,0.339864525700237,0.9999999999999999
242.16684700000107,0.7652907682420262,0.0,242.2619749999972,0.31455171427546985,0.9999999999999999
242.41794600000105,0.8459049462601566,0.0,242.50445099999718,0.2850091064293929,0.9999999999999999
242.667230000001,0.9230260820529661,0.0,242.74920099999716,0.2548308067630155,0.9999999999999999
242.91402300000095,0.980312587721293,0.0,243.01654899999718,0.2271797960972695,0.9999999999999999
243.158947000001,1.008036634556599,0.0,243.25172899999706,0.2043405856595555,0.9999999999999999
243.412935000001,1.007400490651866,0.0,243.496696999997,0.18763512648926528,0.9999999999999999
243.65646900000087,0.9877041160598798,0.0,243.739978999997,0.1775793502171266,0.9999999999999999
243.9109440000008,0.9607746768551493,0.0,243.99159499999698,0.17388963303407026,0.9999999999999999
244.14688700000076,0.9361880462802941,0.0,244.24501999999697,0.17545459211528724,0.9999999999999999
244.39860800000082,0.9182130322813125,0.0,244.49052699999683,0.1807894738326598,0.9999999999999999
244.6506280000009,0.9053749897914034,0.0,244.7288369999968,0.18845324644142225,0.9999999999999999
244.89107300000092,0.8944227976196347,0.0,244.99126499999673,0.1978942683414503,0.9999999999999999
245.155547000001,0.8843004237471823,0.0,245.2304829999967,0.20943884109103653,0.9999999999999999
245.397092000001,0.8774843595704482,0.0,245.48251599999662,0.22328357361983334,0.9999999999999999
245.634463000001,0.8777812465068056,0.0,245.71745299999662,0.23835880272075077,0.9999999999999999
245.88239100000098,0.8879417945443313,0.0,245.9724379999966,0.2526695250031684,0.9999999999999999
246.12830400000115,0.9076264380881653,0.0,246.22385099999664,0.2644560283907946,0.9999999999999999
246.3833820000012,0.9309068096808427,0.0,246.4622179999967,0.27317105476718456,0.9999999999999999
246.6236990000011,0.9463969210579357,0.0,246.71137899999673,0.2798188161063502,0.9999999999999999
246.87418300000107,0.9452700715015563,0.0,246.9583669999967,0.28652767361364384,0.9999999999999999
247.1233410000011,0.927122980609163,0.0,247.20335399999675,0.2952786536166587,0.9999999999999999
247.37318100000107,0.8986103691277755,0.0,247.47318699999684,0.3064794019151892,0.9999999999999999
247.61311700000115,0.8690555705755025,0.0,247.6966759999968,0.31825354079437956,0.9999999999999999
247.87013100000112,0.8469152825753131,0.0,247.95304499999688,0.3271587075986535,0.9999999999999999
248.10902700000116,0.8376375555193949,0.0,248.19803499999685,0.33005727243270155,0.9999999999999999
248.3630150000011,0.8426411413395322,0.0,248.44414299999687,0.32598645282975314,0.9999999999999999
248.60702700000098,0.859720102025628,0.0,248.69093699999672,0.316575619519017,0.9999999999999999
248.8627320000009,0.8842949969098091,0.0,248.9337589999968,0.30537706877651255,0.9999999999999999
249.10581800000088,0.9116627643004332,0.0,249.18483799999686,0.2961416304876886,0.9999999999999999
249.35268100000087,0.9368929835476402,0.0,249.43282399999674,0.2914200539575232,0.9999999999999999
249.6216140000009,0.9542442394378781,0.0,249.6857429999968,0.29182983245861605,0.9999999999999999
249.846123000001,0.9588816947783824,0.0,249.93313699999683,0.29559662969232436,0.9999999999999999
250.09610000000097,0.9485211386548942,0.0,250.1764569999969,0.29859154749521705,0.9999999999999999
250.34005900000082,0.9269619515254826,0.0,250.42089099999674,0.29650941161141176,0.9999999999999999
250.58138000000085,0.9016788061003118,0.0,250.6772539999968,0.28813332833521277,0.9999999999999999
250.83429300000066,0.8814557437779645,0.0,250.91877499999669,0.2754806847404145,0.9999999999999999
251.0894480000005,0.8729364136416098,0.0,251.16372199999674,0.26169147524085284,0.9999999999999999
251.33023700000044,0.8784536907992182,0.0,251.40978599999679,0.24951785665205437,0.9999999999999999
251.5877850000004,0.8940663010661688,0.0,251.6603889999967,0.24092796734418312,0.9999999999999999
251.82246100000032,0.9092584931046843,0.0,251.9033159999967,0.2373046153747254,0.9999999999999999
252.06193100000038,0.9123779146376461,0.0,252.1532699999967,0.23937896534849448,0.9999999999999999
252.3049100000004,0.8986283296270297,0.0,252.39776299999676,0.24681615316098238,0.9999999999999999
252.5568950000003,0.8723444400969498,0.0,252.64820799999683,0.25793058665952984,0.9999999999999999
252.81674700000028,0.8428937254141178,0.0,252.8971359999968,0.2704069368287723,0.9999999999999999
253.0509230000003,0.8199878804179572,0.0,253.1425829999968,0.2829133118767847,0.9999999999999999
253.29633700000025,0.8105189356908404,0.0,253.39591799999664,0.2948977254744187,0.9999999999999999
253.54437900000033,0.8176290140454459,0.0,253.63755499999655,0.3053950500026038,0.9999999999999999
253.7943290000002,0.8413250339654574,0.0,253.8930259999965,0.3126218512321395,0.9999999999999999
254.04499600000025,0.8798433883094622,0.0,254.1318559999964,0.3147911374756408,0.9999999999999999
254.28995600000027,0.930786681156131,0.0,254.3876489999964,0.3108554831060449,0.9999999999999999
254.53830900000005,0.9933354417252239,0.0,254.63474199999646,0.30105451036916914,0.9999999999999999
254.78428599999992,1.0676601977196274,0.0,254.88051899999638,0.2870201173098125,0.9999999999999999
255.02891899999986,1.1533746126249054,0.0,255.15733899999637,0.27103616018405413,0.9999999999999999
255.27484599999997,1.2465170198984779,0.0,255.37726299999633,0.25548483874001404,0.9999999999999999
255.525466,1.3347557720634895,0.0,255.63115299999637,0.24254784355671333,0.9999999999999999
255.7687659999999,1.398447397208373,0.0,255.87101699999644,0.23411151104255046,0.9999999999999999
256.0354089999999,1.4194455151757057,0.0,256.1258149999964,0.23147300459067083,0.9999999999999999
256.2661769999999,1.3914017862218127,0.0,256.37109099999634,0.23461467683541204,0.9999999999999999
256.51543899999996,1.3248798938141058,0.0,256.61336299999624,0.24170016675398703,0.9999999999999999
256.7604529999999,1.239397525914062,0.0,256.8643309999962,0.2492264358974272,0.9999999999999999
257.0133430000001,1.1529703514081198,0.0,257.1173669999962,0.25359775103614357,0.9999999999999999
257.2763770000001,1.0768396868042465,0.0,257.3496929999962,0.25321581996645637,0.9999999999999999
257.4975400000001,1.0162389282787259,0.0,257.59516999999624,0.24954617582576788,0.9999999999999999
257.7510610000001,0.9725031122322545,0.0,257.8480319999962,0.24614990960693522,0.9999999999999999
257.99912000000006,0.9444871832790005,0.0,258.09366099999625,0.24722100173318148,0.9999999999999999
258.25054799999987,0.9298680084469415,0.0,258.35396199999616,0.2563952467897539,0.9999999999999999
258.5025939999998,0.9257451846826008,0.0,258.5869039999963,0.27588496168579385,0.9999999999999999
258.7449619999998,0.9289818417111185,0.0,258.8342489999964,0.30544475511298297,0.9999999999999999
258.9835829999998,0.9367331325027421,0.0,259.08603799999645,0.34072736521690444,0.9999999999999999
259.2238539999999,0.947143726435383,0.0,259.34361399999653,0.3743257083872616,0.9999999999999999
259.48095599999994,0.9590798571780327,0.0,259.5835169999965,0.3993842343170992,0.9999999999999999
259.72274499999975,0.972054806053942,0.0,259.8239799999964,0.4121788883895216,0.9868556701030926
259.9701599999998,0.9857876950511982,0.0,260.07802899999643,0.41264217744530013,0.9853092783505153
260.22474099999977,1.0003345105147439,0.0,260.31833299999636,0.4034760338765292,0.9999999999999999
260.47739299999967,1.0152040127631703,0.0,260.5807629999963,0.38832373435070816,0.9999999999999999
260.71855199999965,1.0290872771353503,0.0,260.81401999999633,0.37040780276265733,0.9999999999999999
260.96293199999957,1.042443614639911,0.0,261.0620499999963,0.3519118886369479,0.9999999999999999
261.21645499999966,1.0575849345906436,0.0,261.3196289999963,0.33429183093218356,0.9999999999999999
261.4552219999997,1.0771660684270432,0.0,261.55820399999635,0.3186476892968361,0.9999999999999999
261.70568099999974,1.1031967730002668,0.0,261.8050179999963,0.30591206246514746,0.9999999999999999
261.95639699999987,1.135840888332073,0.0,262.05083699999625,0.2969694256376548,0.9999999999999999
262.19826400000005,1.1754365697739548,0.0,262.3029329999964,0.2926122228244163,0.9999999999999999
262.4563029999999,1.2202509895757436,0.0,262.55627199999634,0.2935180615818656,0.9999999999999999
262.70063800000014,1.263179907365723,0.0,262.82029899999606,0.30004862236386176,0.9999999999999999
262.9497360000002,1.2928361822373153,0.0,263.0421789999961,0.3120046749562597,0.9999999999999999
263.18668600000024,1.2992238542046164,0.0,263.293388999996,0.3286784340418998,0.9999999999999999
263.44394000000034,1.2807969943467907,0.0,263.5385159999959,0.3488852329219096,0.9999999999999999
263.6792750000003,1.2433341617849503,0.0,263.7885079999962,0.37056795994652075,0.9999999999999999
263.9309100000003,1.1943457829475825,0.0,264.0339529999963,0.3904767994470594,0.9999999999999999
264.18923300000057,1.139786062128299,0.0,264.28084399999614,0.4043107185985065,0.9999999999999999
264.42665600000055,1.0834648258191255,0.0,264.52940399999613,0.40784481924816285,0.9969072164948453
264.68798100000055,1.0284897037022236,0.0,264.77494099999626,0.3992916575584597,0.9999999999999999
264.93822400000056,0.9775265994555746,0.0,265.0273649999961,0.3806587901613043,0.9999999999999999
265.16624800000073,0.9318100897276211,0.0,265.26978399999626,0.35616999104945096,0.9999999999999999
265.4176240000008,0.8911161482628971,0.0,265.5142189999962,0.3300845730347956,0.9999999999999999
265.6631000000006,0.8565042144813316,0.0,265.7732889999963,0.3054354067164733,0.9999999999999999
265.9085580000009,0.8308271803517973,0.0,266.02861399999625,0.2837685336112787,0.9999999999999999
266.1624270000007,0.8163993612413281,0.0,266.262821999996,0.26560888626139345,0.9999999999999999
266.4010160000008,0.8126975193001726,0.0,266.5132709999959,0.25105973210349997,0.9999999999999999
266.6450430000011,0.8167015366661582,0.0,266.765654999996,0.23986566164579357,0.9999999999999999
266.9060610000011,0.8242395638061852,0.0,267.0046249999961,0.23139009040043518,0.9999999999999999
267.15305900000106,0.8303653417091257,0.0,267.2536899999961,0.2245634402736151,0.9999999999999999
267.38928900000104,0.8295140272601363,0.0,267.4980459999961,0.2183720252354272,0.9999999999999999
267.6404320000009,0.8175774201606143,0.0,267.74797899999623,0.2123239554069469,0.9999999999999999
267.8921030000011,0.795164886208364,0.0,267.99392699999623,0.20648879765705042,0.9999999999999999
268.13896500000124,0.7675318119800449,0.0,268.2463229999963,0.20138750555187307,0.9999999999999999
268.38341700000115,0.7409634904326269,0.0,268.4963029999963,0.19786491962012348,0.9999999999999999
268.62887700000107,0.7205762075971014,0.023969072164948448,268.73390199999614,0.19672683175037298,0.9999999999999999
268.876358000001,0.7095964899357078,0.04639175257731958,268.9873689999964,0.19816860021553012,0.9999999999999999
269.12671900000095,0.7086498370117499,0.047938144329896897,269.23546799999644,0.20123627456898854,0.9999999999999999
269.36852300000095,0.7154303942611594,0.035567010309278384,269.4754319999964,0.20420616012573345,0.9999999999999999
269.6130430000011,0.724512475879137,0.017010309278350535,269.7268659999964,0.2061285003148247,0.9999999999999999
269.8670610000011,0.7287668696815649,0.01005154639175254,269.96777699999626,0.20787991481860935,0.9999999999999999
270.11812700000115,0.7233033218269855,0.01855670103092785,270.2193889999962,0.21167568048309496,0.9999999999999999
270.36004600000103,0.7080964732490419,0.05025773195876287,270.4863379999962,0.21986970703836997,0.9999999999999999
270.6110310000011,0.6870753276357148,0.08350515463917528,270.7103059999962,0.23345976602088397,0.9999999999999999
270.8510350000011,0.665588323428224,0.13530927835051546,270.96635399999616,0.25103340673602664,0.9999999999999999
271.10459800000115,0.6484836124387484,0.18367697594501714,271.20777999999615,0.2693710883570454,0.9999999999999999
271.35215600000123,0.638556797957818,0.21013745704467351,271.46683499999614,0.2847694528236858,0.9999999999999999
271.59693600000116,0.6357688331761636,0.22336769759450165,271.71526799999606,0.29447967263499564,0.9999999999999999
271.8488410000011,0.6379183481191658,0.21134020618556698,271.94852199999593,0.2975835610095187,0.9999999999999999
272.09306100000117,0.6418559630648909,0.19810996563573885,272.1955989999959,0.2952392795762467,0.9999999999999999
272.33806600000105,0.6450172890276618,0.19450171821305845,272.4446739999957,0.28968184509856953,0.9999999999999999
272.6046530000012,0.645474740167052,0.19089347079037805,272.6905729999956,0.2828941206479324,0.9999999999999999
272.82991800000104,0.6422040003837317,0.19810996563573885,272.93961499999557,0.2759031434372283,0.9999999999999999
273.0755180000012,0.6354696147595227,0.2245704467353951,273.18698299999573,0.26868094111151924,0.9999999999999999
273.32904700000137,0.6264954914205096,0.24621993127147765,273.4365209999959,0.26062987748163113,0.9999999999999999
273.58125500000125,0.618374209948331,0.2666666666666667,273.6945219999958,0.25134108293129753,0.9999999999999999
273.83086500000127,0.6159689270244946,0.2714776632302406,273.9301779999959,0.24108045072091597,0.9999999999999999
274.0651530000011,0.6239062917120467,0.252233676975945,274.1781909999963,0.23083870646653942,0.9999999999999999
274.3161570000011,0.6444932045104685,0.19570446735395192,274.42903899999624,0.22215753462908902,0.9999999999999999
274.5620520000011,0.6759177512530843,0.11288659793814433,274.6796079999959,0.2163557206346076,0.9999999999999999
274.806658000001,0.711310051701646,0.0425257731958763,274.92256399999616,0.21390531562204806,0.9999999999999999
275.0662170000009,0.7412975717389862,0.0,275.16642999999624,0.2143164798454507,0.9999999999999999
275.31146400000097,0.7595152724249021,0.0,275.41581199999615,0.21633224167961135,0.9999999999999999
275.5576200000007,0.7671742738844306,0.0,275.6623449999961,0.21831343013857035,0.9999999999999999
275.8086690000006,0.7728499358185041,0.0,275.90831599999615,0.21907638347620456,0.9999999999999999
276.04490600000037,0.7890321130196765,0.0,276.161367999996,0.21832910705720157,0.9999999999999999
276.28990200000055,0.8276258077001458,0.0,276.40826199999594,0.21634852114817368,0.9999999999999999
276.5336090000004,0.8943255003961523,0.0,276.65027299999616,0.21353990364728495,0.9999999999999999
276.7911500000004,0.9827018948282615,0.0,276.913022999996,0.21020911153192753,0.9999999999999999
277.04161700000043,1.0739825492444302,0.0,277.1442979999958,0.20657272605057508,0.9999999999999999
277.28109200000034,1.1450484123826516,0.0,277.3968519999958,0.20313570383369173,0.9999999999999999
277.53459700000025,1.1793679137665407,0.0,277.64231999999595,0.20095705168834294,0.9999999999999999
277.7759950000001,1.1724915811374585,0.0,277.8927449999961,0.20161243519142397,0.9999999999999999
278.02780300000006,1.130878639137808,0.0,278.1622179999964,0.20676843069701892,0.9999999999999999
278.281751,1.0681040753315558,0.0,278.3844019999965,0.21785355726712619,0.9999999999999999
278.52562500000005,0.9989615959332883,0.0,278.63326399999653,0.23562671780849154,0.9999999999999999
278.767155,0.9362871267666235,0.0,278.8824489999966,0.2588506187426652,0.9999999999999999
279.0170430000002,0.8876432510525502,0.0,279.1365159999964,0.2844655369064928,0.9999999999999999
279.2622330000003,0.8544285755029674,0.0,279.3798739999964,0.3089720903568606,0.9999999999999999
279.5091550000002,0.83351207059605,0.0,279.6203099999965,0.3292372796862328,0.9999999999999999
279.7545820000003,0.8194893142892414,0.0,279.86864699999654,0.34239019391162556,0.9999999999999999
280.00460100000043,0.8079696866290559,0.0,280.11958499999685,0.3466712842380342,0.9999999999999999
280.27208900000034,0.7965786103443298,0.0,280.36599899999675,0.34226851973809264,0.9999999999999999
280.49502600000034,0.7867060622274927,0.0,280.61145599999685,0.3312068971661229,0.9999999999999999
280.7447190000006,0.7822479517816731,0.0,280.8681469999968,0.3163138539187894,0.9999999999999999
280.99188300000077,0.7877688567148025,0.0,281.1094079999967,0.30023057921590474,0.9999999999999999
281.2390610000008,0.8061211856137203,0.0,281.3694239999968,0.28485843146128703,0.9999999999999999
281.4955080000007,0.8369393048838681,0.0,281.60765599999695,0.2712119055264271,0.9999999999999999
281.73101400000076,0.8780881842264565,0.0,281.85337499999673,0.2591700233917115,0.9999999999999999
281.9904990000008,0.9280860433204786,0.0,282.0984669999967,0.24757716020586049,0.9999999999999999
282.2375840000006,0.9850181478063175,0.0,282.3432959999968,0.23523290436601715,0.9999999999999999
282.47447400000055,1.044381485193688,0.0,282.5949079999969,0.22162580395420964,0.9999999999999999
282.7280270000008,1.0989198214362408,0.0,282.8337779999969,0.20707835606548425,0.9999999999999999
282.9692630000008,1.141173452611608,0.0,283.0837849999966,0.19255106439932362,0.9999999999999999
283.2198890000008,1.1668004394404012,0.0,283.33840799999666,0.17939499181964613,0.9999999999999999
283.47337800000065,1.1753214802617094,0.0,283.58630299999663,0.16922482724917362,0.9999999999999999
283.7128160000006,1.1692230828333547,0.0,283.83029999999667,0.1636751038484212,0.9999999999999999
283.96981700000043,1.1530990266521945,0.0,284.07849799999656,0.16366103652651814,0.9999999999999999
284.2102300000004,1.131855686214948,0.0,284.3144349999965,0.16835303728460987,0.9999999999999999
284.4556760000005,1.109112953081548,0.0,284.56440799999643,0.17478310134227934,0.9999999999999999
284.7045110000006,1.0863712999230017,0.0,284.82518699999633,0.17921810979564567,0.9999999999999999
284.9557680000007,1.0627957242314492,0.0,285.0579299999963,0.1794822320986705,0.9999999999999999
285.20395500000063,1.0357140406267744,0.0,285.3099649999963,0.17614702915416872,0.9999999999999999
285.4430930000006,1.0028154930151365,0.0,285.5559079999964,0.1715642487795446,0.9999999999999999
285.7035250000006,0.9645290770782011,0.0,285.8190749999963,0.1683441060775679,0.9999999999999999
285.95510000000075,0.9238556135407053,0.0,286.0449749999962,0.1682768230625576,0.9999999999999999
286.1918330000007,0.8842120091186215,0.0,286.29852899999634,0.17210410206402868,0.9999999999999999
286.44077900000093,0.8487608120036975,0.0,286.5373029999962,0.17966874700857974,0.9999999999999999
286.6981570000009,0.8205346228969221,0.0,286.78890199999614,0.19028026664343312,0.9999999999999999
286.9380910000008,0.8013798145638691,0.0,287.0388479999961,0.20321254599818503,0.9999999999999999
287.1948340000007,0.7898884837023091,0.0,287.283206999996,0.21794385479703215,0.9999999999999999
287.4228720000007,0.7822493079205158,0.0,287.528098999996,0.23390711644882403,0.9999999999999999
287.6879910000007,0.7757831569246002,0.0,287.77706599999607,0.24994106869958477,0.9999999999999999
287.94254000000075,0.771885550014741,0.0,288.0218969999963,0.26460945163792854,0.9999999999999999
288.1652730000005,0.7744676451503395,0.0,288.27043899999614,0.2772288567778438,0.9999999999999999
288.4164490000005,0.7870761380732373,0.0,288.5210979999962,0.2887607214299373,0.9999999999999999
288.66165100000023,0.8109492496945405,0.0,288.77397699999614,0.30119392230154196,0.9999999999999999
288.91631900000027,0.8454794480939849,0.0,289.0234369999963,0.31574937945257064,0.9999999999999999
289.16060800000014,0.8882464724431475,0.0,289.25806199999624,0.33163300280322383,0.9999999999999999
289.413198,0.9333328772353362,0.0,289.5059389999964,0.3455913099747726,0.9999999999999999
289.6547710000001,0.970885375439583,0.0,289.7513539999963,0.3538330583325646,0.9999999999999999
289.9081590000002,0.990065148202117,0.0,289.9986819999964,0.3544613128102134,0.9999999999999999
290.14363000000014,0.9863224986524641,0.0,290.2471329999966,0.34804803726629474,0.9999999999999999
290.4000550000001,0.9647715501259113,0.0,290.49788399999665,0.33662512871261946,0.9999999999999999
290.64999600000016,0.936176983159962,0.0,290.7416239999967,0.32287686825808765,0.9999999999999999
290.90374799999995,0.9107282258849382,0.0,290.9935209999967,0.3091635460520282,0.9999999999999999
291.14569199999994,0.8950403676047076,0.0,291.23996599999674,0.2966713456573577,0.9999999999999999
291.3831950000001,0.891499125513228,0.0,291.4822749999968,0.28563722600566266,0.9999999999999999
291.63624900000013,0.8985111825011364,0.0,291.7308389999966,0.2754163364350332,0.9999999999999999
291.8821940000001,0.9108287261809136,0.0,291.9755129999966,0.2651511313681186,0.9999999999999999
292.12954900000005,0.9218542021197214,0.0,292.2228939999964,0.2541631026471818,0.9999999999999999
292.366858,0.928463667815044,0.0,292.4744979999964,0.24208794731420913,0.9999999999999999
292.61589899999996,0.9335949657770443,0.0,292.71999199999647,0.22915554407436506,0.9999999999999999
292.86273100000005,0.9431139072519547,0.0,292.96604399999666,0.21636303371127424,0.9999999999999999
293.1091359999999,0.9610090753427186,0.0,293.21605299999663,0.20484609036793852,0.9999999999999999
293.3550589999998,0.9862787914689956,0.0,293.4839759999964,0.1953213381890297,0.9999999999999999
293.59901099999985,1.0115453899671145,0.0,293.71083699999645,0.18821005804743465,0.9999999999999999
293.85673899999995,1.0270806746923657,0.0,293.9614609999964,0.1833708058579884,0.9999999999999999
294.0999499999999,1.0283719871727846,0.0,294.2041649999963,0.1792807602437828,0.9999999999999999
294.3478229999997,1.018488901029179,0.0,294.45174799999614,0.17371812281486487,0.9999999999999999
294.6009199999996,1.0045803426669608,0.0,294.698718999996,0.16541875981510729,0.9999999999999999
294.8372979999996,0.9938370543190482,0.0,294.95196899999604,0.1547339578364884,0.9999999999999999
295.08518899999973,0.9907755275704786,0.0,295.193332999996,0.14295014283374735,0.9999999999999999
295.3351829999997,0.9951138703263499,0.0,295.44992599999614,0.13144748171483078,0.9999999999999999
295.5807519999998,1.0012248291821808,0.0,295.7088009999962,0.12135866902821908,0.9999999999999999
295.83664099999993,1.0002967111123322,0.0,295.9361779999961,0.11368109033331616,0.9999999999999999
296.07897700000007,0.9848415711457679,0.0,296.1861969999961,0.10962668226047917,0.9999999999999999
296.324827,0.9525817801404465,0.0,296.44248599999605,0.11093289471535263,0.9999999999999999
296.57431600000024,0.9075101122717592,0.0,296.694357999996,0.11967049078850898,0.9999999999999999
296.82167700000036,0.8581639364501317,0.0,296.92888099999584,0.13650771108091053,0.9999999999999999
297.0613990000003,0.8145076836924948,0.0,297.1807689999961,0.15843160841144244,0.9999999999999999
297.31599000000045,0.7859725793745325,0.0,297.42395999999604,0.17974926531153715,0.9999999999999999
297.5627110000003,0.7787024653580695,0.0,297.6690259999962,0.1960016382896353,0.9999999999999999
297.82867700000037,0.7903921961311057,0.0,297.9158479999963,0.20571459645176787,0.9999999999999999
298.05832100000026,0.8106577008271987,0.0,298.16741699999636,0.20984823184023504,0.9999999999999999
298.30827800000003,0.827779665385797,0.0,298.40792699999633,0.21055950887888394,0.9999999999999999
298.55172799999986,0.8363562013867718,0.0,298.65833999999643,0.21030490140580305,0.9999999999999999
298.81055399999985,0.8373726560738962,0.0,298.91737499999664,0.21114640348118727,0.9999999999999999
299.04376700000006,0.8341889061184672,0.0,299.1556859999965,0.2140905194674228,0.9999999999999999
299.29652600000014,0.8298124515829608,0.0,299.41666999999666,0.2186050955673821,0.9999999999999999
299.53800500000017,0.826425952151957,0.0,299.6548289999966,0.22309463148345104,0.9999999999999999
299.78607800000015,0.8244588139002422,0.0,299.8988559999967,0.2262108322022922,0.9999999999999999
300.0367290000001,0.8218235746006903,0.0,300.1462789999964,0.22793818106797215,0.9999999999999999
300.2849929999999,0.8137904536287961,0.0,300.39082799999653,0.2293970492724707,0.9999999999999999
300.5357409999998,0.7962056189510793,0.0,300.6459799999962,0.2321566182261027,0.9999999999999999
300.77778399999954,0.7682305735037467,0.0,300.8870749999961,0.23734571034313698,0.9999999999999999
301.02825999999965,0.7330952705189843,0.003865979381443285,301.1558679999964,0.24456804842512112,0.9999999999999999
301.2821719999997,0.6961564393218717,0.06958762886597937,301.3763169999965,0.25184032426966996,0.9999999999999999
301.5253739999996,0.6631152328331353,0.14072164948453605,301.62694499999657,0.2568381970535685,0.9999999999999999
301.7669249999996,0.6389756978115391,0.20773195876288658,301.8812189999963,0.2576711935660671,0.9999999999999999
302.01445099999944,0.6264177853326307,0.24621993127147765,302.12280099999646,0.2533057015125417,0.9999999999999999
302.26851299999925,0.6246110665635252,0.25103092783505154,302.3701379999963,0.2439777873519571,0.9999999999999999
302.5159149999991,0.6284948398499042,0.24501718213058418,302.61658199999624,0.23138636384781586,0.9999999999999999
302.75576499999903,0.631193332453615,0.24020618556701032,302.87027299999636,0.2180014343717943,0.9999999999999999
303.0046409999991,0.6273353015366255,0.24621993127147765,303.1115869999966,0.20616619698558006,0.9999999999999999
303.2672769999989,0.6159535480675602,0.2714776632302406,303.3587899999965,0.19749916476031806,0.9999999999999999
303.514263999999,0.5993064515238806,0.32319587628865976,303.6132799999965,0.19261865681305054,0.9999999999999999
303.74147499999896,0.5815269175398845,0.3881443298969072,303.84901799999653,0.19106037304696616,0.9999999999999999
304.0025949999991,0.567299852814348,0.42903780068728525,304.10351699999666,0.1912206093603758,0.9999999999999999
304.239993999999,0.5611643113228508,0.45429553264604816,304.36129699999674,0.19100461980713085,0.9999999999999999
304.4904409999991,0.5673904094358342,0.4266323024054983,304.59491699999677,0.1890707446728753,0.9999999999999999
304.73186099999924,0.589439880930015,0.36048109965635733,304.8451519999969,0.18542622765007072,0.9999999999999999
304.9803159999993,0.6271129379909045,0.24621993127147765,305.10639199999696,0.18091991049361386,0.9999999999999999
305.23067299999923,0.6748355472078501,0.1152061855670103,305.34354799999704,0.17651649528977217,0.9999999999999999
305.47367899999904,0.7232909493173336,0.01855670103092785,305.59640299999705,0.17260493145616493,0.9999999999999999
305.7215859999991,0.7636290590670165,0.0,305.835397999997,0.1690405457133277,0.9999999999999999
305.96520299999895,0.7903550446094643,0.0,306.082748999997,0.1659456635052512,0.9999999999999999
306.21053499999897,0.8023913144779843,0.0,306.32616499999733,0.16474511436393194,0.9999999999999999
306.4755119999992,0.802509730378717,0.0,306.57358999999747,0.16798446766953146,0.9999999999999999
306.71499099999915,0.7951731485650869,0.0,306.8240299999976,0.17737442653818614,0.9999999999999999
306.96251499999914,0.7840469539675936,0.0,307.0685669999977,0.19262039075308332,0.9999999999999999
307.20732399999923,0.7704051890014523,0.0,307.3225759999978,0.21146794129870725,0.9999999999999999
307.4510709999991,0.7542800781468837,0.0,307.56441299999784,0.2304830806765653,0.9999999999999999
307.69330699999915,0.737151749609082,0.0,307.81318199999805,0.24598079075358792,0.9999999999999999
307.9429089999991,0.7223278776300093,0.021649484536082477,308.0592769999983,0.2546820929115354,0.9999999999999999
308.192823999999,0.7137088705249455,0.03865979381443301,308.3021349999985,0.25461701205497594,0.9999999999999999
308.4443059999993,0.714891822119391,0.037886597938144355,308.55352399999845,0.2461246396639173,0.9999999999999999
308.6872919999992,0.7275743338405501,0.013917525773195908,308.82355099999825,0.2320559310658849,0.9999999999999999
308.93275199999925,0.7502535274535327,0.0,309.05044999999814,0.21631888429220797,0.9999999999999999
309.1782179999993,0.7783670981971671,0.0,309.2978519999981,0.20184195891104637,0.9999999999999999
309.43012199999947,0.80542469878008,0.0,309.54978799999816,0.1900230831272868,0.9999999999999999
309.6912329999992,0.8246060123191172,0.0,309.7917009999985,0.18112086574056985,0.9999999999999999
309.9236429999992,0.8317381574877072,0.0,310.0400869999986,0.17489872298385967,0.9999999999999999
310.17109899999923,0.8264185153434439,0.0,310.2926089999988,0.17091718270395825,0.9999999999999999
310.41922099999925,0.8125796665874723,0.0,310.5385789999987,0.16885618342116826,0.9999999999999999
310.6647099999993,0.7962142948161989,0.0,310.77922799999874,0.1684935316554288,0.9999999999999999
310.9327049999994,0.7820222793165186,0.0,311.02758299999886,0.16927445099902919,0.9999999999999999
311.1605819999991,0.7722521264624606,0.0,311.27670999999896,0.16984905372517234,0.9999999999999999
311.4096769999992,0.7658198522350768,0.0,311.517949999999,0.16875627670393073,0.9999999999999999
311.65461299999924,0.7595718622423803,0.0,311.76651299999924,0.16528032699783762,0.9999999999999999
311.8952009999993,0.7500566364740988,0.0,312.02747899999946,0.1592177389348156,0.9999999999999999
312.1486959999994,0.7366137852499622,0.0,312.26505799999967,0.15062939070793618,0.9999999999999999
312.3910519999994,0.7217729070286187,0.022422680412371134,312.5083529999997,0.13988093100476384,0.9999999999999999
312.6410209999995,0.708874303471801,0.047938144329896897,312.7588489999995,0.12794479177065501,0.9999999999999999
312.88727799999947,0.7002464403112842,0.06340206185567011,313.0012149999994,0.11645628221844498,0.9999999999999999
313.1358149999992,0.6971770520118445,0.06881443298969071,313.25068899999934,0.1072759317320192,0.9999999999999999
313.38265499999926,0.7000386140368058,0.06494845360824743,313.49823299999946,0.10206549949517107,0.9999999999999999
313.65020499999935,0.7079595766674862,0.05025773195876287,313.74780899999945,0.10210118073528303,0.9999999999999999
313.8808209999993,0.7197621663466073,0.025515463917525762,313.9932209999995,0.10795592261206141,0.9999999999999999
314.13871899999947,0.7349379027832168,0.0007731958762886569,314.24074399999955,0.11901496000291972,0.9999999999999999
314.3732089999995,0.7523646324483542,0.0,314.4880669999995,0.13282935574279744,0.9999999999999999
314.6227939999995,0.7683638630543218,0.0,314.74051999999966,0.14534564474120285,0.9999999999999999
314.8624259999995,0.7780139598037153,0.0,314.9800409999997,0.15296319871092917,0.9999999999999999
315.1169249999995,0.7787343427190923,0.0,315.22795199999973,0.15506088495436682,0.9999999999999999
315.3568979999993,0.7735743806739503,0.0,315.4794779999998,0.15378373158621159,0.9999999999999999
315.60416999999944,0.7707033469396729,0.0,315.72752599999984,0.15188168906818977,0.9999999999999999
315.8562819999995,0.7794933207183017,0.0,315.97295,0.1512209466584139,0.9999999999999999
316.1066079999996,0.807069570158734,0.0,316.2147419999999,0.15248280602109596,0.9999999999999999
316.3434719999996,0.8571146415006209,0.0,316.49015899999995,0.1554079201737661,0.9999999999999999
316.59222999999974,0.9293551648413041,0.0,316.710978,0.1590320110879878,0.9999999999999999
316.83974299999977,1.0198400209525427,0.0,316.9573450000001,0.16187713915532653,0.9999999999999999
317.08708199999984,1.1220584534749367,0.0,317.20624699999996,0.16260450188871647,0.9999999999999999
317.3455889999998,1.224816174552416,0.0,317.4578329999998,0.1608743689489559,0.9999999999999999
317.5885499999998,1.3122069216699481,0.0,317.70085,0.157353479782448,0.9999999999999999
317.8305359999996,1.3682318887334683,0.0,317.94612199999983,0.15320705022837952,0.9999999999999999
318.0783559999998,1.385854134580292,0.0,318.1927429999998,0.14942563212128135,0.9999999999999999
318.32229399999966,1.3713631934427093,0.0,318.44200399999977,0.1465566018665258,0.9999999999999999
318.59549399999946,1.3391533073431943,0.0,318.6888589999998,0.14483643352427306,0.9999999999999999
318.8328649999995,1.3031366548967425,0.0,318.93683400000003,0.144426271406365,0.9999999999999999
319.0753629999993,1.2749515439101327,0.0,319.18633200000016,0.1453296548451395,0.9999999999999999
319.32174699999933,1.262351048076441,0.0,319.43519500000014,0.1471396918305236,0.9999999999999999
319.55713399999956,1.2675937474056689,0.0,319.69702500000017,0.14906445039537453,0.9999999999999999
319.80759099999983,1.2821911858953574,0.0,319.9295120000001,0.15060797213501453,0.9999999999999999
320.0575609999998,1.287773022920756,0.0,320.17027900000005,0.1518619923954309,0.9999999999999999
320.31255299999987,1.2666558231157583,0.0,320.42486599999995,0.15329866625267946,0.9999999999999999
320.57647299999996,1.2134089198479665,0.0,320.66327099999995,0.15555522380427242,0.9999999999999999
320.79828599999996,1.1348385379910406,0.0,320.91579700000005,0.15930586136623115,0.9999999999999999
321.0477849999999,1.0435918312415955,0.0,321.1631960000001,0.16503963558579857,0.9999999999999999
321.309752,0.9532866071887431,0.0,321.4147920000002,0.17264442291055127,0.9999999999999999
321.541104,0.8749323240113773,0.0,321.6608130000001,0.1810481609794379,0.9999999999999999
321.8065529999999,0.8155993043258236,0.0,321.90553000000006,0.18830231597313993,0.9999999999999999
322.0384939999999,0.7779451509863278,0.0,322.154113,0.1926148410273203,0.9999999999999999
322.29046999999997,0.7604924658256507,0.0,322.3928109999999,0.19347622948765358,0.9999999999999999
322.529874,0.7589823246969385,0.0,322.64701899999994,0.19183008868608548,0.9999999999999999
322.7731870000002,0.769282717121818,0.0,322.8927150000002,0.18929222566887202,0.9999999999999999
323.023176,0.7876990537690559,0.0,323.14069200000034,0.18763287076199528,0.9999999999999999
323.2693079999999,0.8118399555301296,0.0,323.3879180000002,0.18850905933800857,0.9999999999999999
323.5192599999998,0.841432194641516,0.0,323.63147800000024,0.19270295574438456,0.9999999999999999
323.76026199999967,0.8769487404219503,0.0,323.88183600000025,0.19949653431605174,0.9999999999999999
324.01479899999975,0.9191703699692859,0.0,324.1487900000002,0.20676416004651882,0.9999999999999999
324.25951199999963,0.9669047412375491,0.0,324.36963600000036,0.21216379185031864,0.9999999999999999
324.5154229999996,1.01537992052799,0.0,324.6171910000004,0.21439122909862007,0.9999999999999999
324.7519989999997,1.0559815663542491,0.0,324.8674870000005,0.21340047153947259,0.9999999999999999
325.0153419999997,1.0783245614572832,0.0,325.1141910000006,0.2097741907955939,0.9999999999999999
325.25268699999987,1.0742491618498904,0.0,325.36220600000075,0.20425126708269056,0.9999999999999999
325.4957259999999,1.0423909005853926,0.0,325.63215000000054,0.1977827248449721,0.9999999999999999
325.74778299999997,0.9897752189458378,0.0,325.86326300000053,0.1917725683455071,0.9999999999999999
326.0005410000001,0.9276071283625313,0.0,326.1061540000003,0.1875549042192355,0.9999999999999999
326.259693,0.8668127953846475,0.0,326.35013900000047,0.1856613212682916,0.9999999999999999
326.48846100000014,0.8152109950251423,0.0,326.6068860000005,0.18559251668694515,0.9999999999999999
326.732982,0.7775227633809394,0.0,326.84492100000057,0.18598740739481667,0.9999999999999999
326.97890599999994,0.7550688032755288,0.0,327.0979750000005,0.1854578920664182,0.9999999999999999
327.23291599999976,0.7465177540475902,0.0,327.35027600000063,0.18328901702365685,0.9999999999999999
327.47598099999976,0.7495031077952176,0.0,327.5869950000005,0.17943483656880718,0.9999999999999999
327.7273169999997,0.7620325605307514,0.0,327.8416790000003,0.1743343776512873,0.9999999999999999
327.96867999999944,0.7834662676056786,0.0,328.0858110000002,0.16889979488532922,0.9999999999999999
328.22363299999955,0.8140995196192884,0.0,328.3296450000002,0.1645385401126382,0.9999999999999999
328.47055799999976,0.853661025713611,0.0,328.5796540000002,0.1628438620573664,0.9999999999999999
328.7174789999997,0.8997663781232641,0.0,328.8253010000001,0.16472509613290837,0.9999999999999999
328.9618619999996,0.9447927164274081,0.0,329.0727100000003,0.16951704077102797,0.9999999999999999
329.21728899999954,0.9781539569396261,0.0,329.32040300000034,0.17481289773797476,0.9999999999999999
329.5001709999996,0.9919029588134111,0.0,329.56313500000016,0.17790850357123061,0.9999999999999999
329.7037439999995,0.9847668831270402,0.0,329.81240000000025,0.17769201367002035,0.9999999999999999
329.95013799999947,0.9603946957234012,0.0,330.0529600000005,0.17473626939539338,0.9999999999999999
330.21075799999954,0.9243296052217996,0.0,330.3084460000004,0.17058266396742874,0.9999999999999999
330.4455769999996,0.8820728112009619,0.0,330.57183500000025,0.16713581834092134,0.9999999999999999
330.69412399999976,0.8384313999473846,0.0,330.7972180000002,0.16595575721732242,0.9999999999999999
330.94744299999985,0.7967580362693103,0.0,331.0481649999999,0.1676957651091192,0.9999999999999999
331.1885589999998,0.7593864445437428,0.0,331.2901860000001,0.17149525198557797,0.9999999999999999
331.4453739999999,0.7288531829290159,0.01005154639175254,331.535668,0.17503559297819046,0.9999999999999999
331.6888889999999,0.7085054906415433,0.048711340206185554,331.8101899999999,0.17614061216100213,0.9999999999999999
331.92628399999995,0.7000556506447299,0.06494845360824743,332.0357769999999,0.17422605395472826,0.9999999999999999
332.17827999999975,0.7014448872185348,0.06030927835051549,332.278001,0.17067897130080578,0.9999999999999999
332.4361779999998,0.7076004787997523,0.051030927835051525,332.52905100000004,0.16777074476849763,0.9999999999999999
332.6978009999999,0.7119485389705468,0.04097938144329898,332.7755340000003,0.16738481119093684,0.9999999999999999
332.932907,0.7105093034956398,0.0425257731958763,333.0241250000001,0.16995989036267486,0.9999999999999999
333.16689299999996,0.7029971038130676,0.05721649484536078,333.2749869999999,0.17408797847007002,0.9999999999999999
333.4128620000001,0.6917399572917721,0.07577319587628863,333.5183389999999,0.17742108656071565,0.9999999999999999
333.66135600000007,0.6794832981440253,0.10128865979381439,333.7748439999998,0.17870585034744874,0.9999999999999999
333.9349070000001,0.668505675331823,0.12835051546391746,334.01581099999964,0.17902895159429225,0.9999999999999999
334.15422799999993,0.6610843613169943,0.14613402061855665,334.26271999999955,0.18067002136172503,0.9999999999999999
334.40563799999995,0.6592464133385538,0.14999999999999994,334.5083619999996,0.18554078988059666,0.9999999999999999
334.64914199999987,0.6643343262717847,0.13840206185567008,334.7593759999994,0.19439711197370865,0.9999999999999999
334.8996439999998,0.6779318912154318,0.10670103092783507,335.0202289999995,0.2060156898080479,0.9999999999999999
335.1511739999997,0.7024761096050576,0.05798969072164944,335.25902299999944,0.2171452903786898,0.9999999999999999
335.38615099999976,0.7399776238537152,0.0,335.5038249999996,0.2240413479815015,0.9999999999999999
335.6350029999998,0.7898421901341656,0.0,335.7470079999996,0.22484076827694652,0.9999999999999999
335.8927229999997,0.8469785531740133,0.0,335.9948839999997,0.22049567616540047,0.9999999999999999
336.150666,0.9014445462333697,0.0,336.2429529999996,0.21348154298585786,0.9999999999999999
336.3902710000001,0.9415955095415696,0.0,336.49584899999957,0.20616965761442982,0.9999999999999999
336.6269560000001,0.9582455803772784,0.0,336.73317099999963,0.20027222747896417,0.9999999999999999
336.8842550000005,0.9480599873634946,0.0,336.97756799999974,0.19687919535900322,0.9999999999999999
337.16559300000074,0.9157457060158786,0.0,337.2279359999996,0.19672157414971225,0.9999999999999999
337.37474500000087,0.8730892807372849,0.0,337.47388399999977,0.20030295856214342,0.9999999999999999
337.6235210000007,0.8345117430172418,0.0,337.7264259999997,0.20776910562760403,0.9999999999999999
337.8706510000006,0.8107178988011168,0.0,337.9738329999998,0.21875837574110898,0.9999999999999999
338.1265880000004,0.8057094317235424,0.0,338.2277309999999,0.23183378702149726,0.9999999999999999
338.36207900000045,0.8175107450300606,0.0,338.46956699999987,0.24431049577627634,0.9999999999999999
338.6116050000005,0.8412570480089222,0.0,338.72248999999994,0.25320310754218617,0.9999999999999999
338.8470500000004,0.8728605554278008,0.0,338.9610219999999,0.25693047683212056,0.9999999999999999
339.0982030000003,0.9092498159908216,0.0,339.21099399999997,0.2557975518922434,0.9999999999999999
339.34002800000013,0.9468980558414053,0.0,339.4783600000001,0.25113561117030764,0.9999999999999999
339.59697899999986,0.9808737356301646,0.0,339.70298900000023,0.24466936468671607,0.9999999999999999
339.84892400000007,1.0063912942125153,0.0,339.95198900000014,0.23778145407203946,0.9999999999999999
340.08646300000004,1.0218689394187102,0.0,340.1979150000002,0.2310623947693201,0.9999999999999999
340.33243099999993,1.0292128843811628,0.0,340.4507660000003,0.2244315160365291,0.9999999999999999
340.5805159999998,1.0312120489087646,0.0,340.6888610000004,0.21741431685922966,0.9999999999999999
340.83303699999993,1.030018440832216,0.0,340.93691600000045,0.20959698824465256,0.9999999999999999
341.0830010000001,1.0272062600269183,0.0,341.18172400000077,0.20115495589768517,0.9999999999999999
341.33976800000016,1.0246429505324168,0.0,341.4292470000007,0.19324428310270714,0.9999999999999999
341.5674570000003,1.0249585435269757,0.0,341.6793110000006,0.1877069387964807,0.9999999999999999
341.81996900000024,1.0299665215479032,0.0,341.92875500000065,0.1863965371345635,0.9999999999999999
342.0740550000002,1.0382275564956458,0.0,342.1715820000007,0.19093495556033885,0.9999999999999999
342.31489300000027,1.0448394870733573,0.0,342.4272190000008,0.20233793116781407,0.9999999999999999
342.57085200000046,1.0440018321085587,0.0,342.6860040000008,0.22083574788502502,0.9999999999999999
342.8083960000004,1.0333924064001618,0.0,342.9210040000009,0.24547030840988115,0.9999999999999999
343.06499300000036,1.0145865488286356,0.0,343.17261600000097,0.2736389009317416,0.9999999999999999
343.30943300000047,0.9909985912479593,0.0,343.41002000000105,0.3017667579254959,0.9999999999999999
343.5573090000005,0.9646843036898817,0.0,343.6686130000013,0.3269774571935564,0.9999999999999999
343.81723200000016,0.9373716683628942,0.0,343.9084390000013,0.34792782852471416,0.9999999999999999
344.0543570000001,0.9101461226950889,0.0,344.14593800000137,0.36462169266374655,0.9999999999999999
344.2897890000001,0.8838817051760173,0.0,344.40589200000124,0.3774934186550152,0.9999999999999999
344.55216700000017,0.8597940741847323,0.0,344.647011000001,0.38662302668987836,0.9999999999999999
344.8103030000001,0.83970623746853,0.0,344.8928150000013,0.3920386839976623,0.9999999999999999
345.0360859999999,0.8260617236326152,0.0,345.14426200000133,0.3938694329305107,0.9999999999999999
345.29009500000006,0.8225868719740952,0.0,345.40370200000154,0.39177571002900374,0.9999999999999999
345.53814100000017,0.83418452965996,0.0,345.6399210000014,0.3850901195869545,0.9999999999999999
345.78322400000025,0.8636372864209327,0.0,345.89083900000145,0.3733195332180789,0.9999999999999999
346.0231000000002,0.9082647565770527,0.0,346.12786200000147,0.3567325482699009,0.9999999999999999
346.2763060000003,0.9608010426725788,0.0,346.37476500000156,0.33611323320064773,0.9999999999999999
346.51818400000036,1.0114962248041863,0.0,346.61714400000153,0.3124178524346879,0.9999999999999999
346.7791290000004,1.0506411885395073,0.0,346.87119500000153,0.2868840220142079,0.9999999999999999
347.0186530000004,1.072269799821179,0.0,347.1123500000015,0.2610973399949156,0.9999999999999999
347.2661730000005,1.0760950249483578,0.0,347.3654100000015,0.23689773145872223,0.9999999999999999
347.5094920000004,1.066729011478011,0.0,347.61545300000154,0.21601532344201135,0.9999999999999999
347.75445500000035,1.0512943828443282,0.0,347.8608460000014,0.19961219653591222,0.9999999999999999
348.02687000000043,1.036862054131506,0.0,348.10525200000154,0.1881325530433427,0.9999999999999999
348.2524720000004,1.0283283618674495,0.0,348.3673380000017,0.18125400205181758,0.9999999999999999
348.50679100000013,1.027638055516194,0.0,348.6072340000021,0.17808300722184492,0.9999999999999999
348.7833520000002,1.0345459962698966,0.0,348.849664000002,0.17761878135422582,0.9999999999999999
348.991927,1.047812802756144,0.0,349.0968910000022,0.17934492293090365,0.9999999999999999
349.23648099999997,1.065660432278125,0.0,349.34529400000207,0.18355299897494265,0.9999999999999999
349.48644,1.0847667992230812,0.0,349.5962550000021,0.1909029938396022,0.9999999999999999
349.732347,1.1024000367254003,0.0,349.84640400000205,0.2017132645384109,0.9999999999999999
350.0068979999999,1.1187539260212072,0.0,350.09434000000226,0.2148790899410521,0.9999999999999999
350.2296620000001,1.1361840028551042,0.0,350.34761300000224,0.22720599137293784,0.9999999999999999
350.4747789999999,1.157703408491009,0.0,350.5875460000023,0.23452690135506543,0.9999999999999999
350.72020600000013,1.1846803050757704,0.0,350.8388200000024,0.23430971421474006,0.9999999999999999
350.9752179999999,1.213370078792999,0.0,351.08108100000226,0.22737288127004546,0.9999999999999999
351.2350699999999,1.2331674024707764,0.0,351.3205880000024,0.21741473410879036,0.9999999999999999
351.467526,1.2292081771032524,0.0,351.57575800000234,0.20946391241554424,0.9999999999999999
351.71586199999996,1.1914221811807468,0.0,351.8236590000023,0.20896990590828454,0.9999999999999999
351.969895,1.123322289946275,0.0,352.0676080000024,0.22121374111297148,0.9999999999999999
352.207955,1.0384303102290895,0.0,352.31598800000245,0.24974341891029475,0.9999999999999999
352.4736780000001,0.9512988136936422,0.0,352.56497800000255,0.29320076424352065,0.9999999999999999
352.70366199999995,0.8729261761229112,0.0,352.80635600000255,0.3418480935905719,0.9999999999999999
352.9511890000001,0.8117542163504409,0.0,353.0624160000027,0.38010799047660265,0.9999999999999999
353.19079600000026,0.7753143229349583,0.0,353.31431900000274,0.39765577175416394,0.9999999999999999
353.43332600000053,0.7693271576529241,0.0,353.5554700000025,0.3952616630267819,0.9999999999999999
353.6821330000005,0.7935820225444034,0.0,353.7961910000025,0.3800098814313976,0.9999999999999999
353.93873700000063,0.8387879970967295,0.0,354.0468150000025,0.35929628296708727,0.9999999999999999
354.178154000001,0.8892890275891217,0.0,354.29317500000246,0.3382794330198828,0.9999999999999999
354.4352160000008,0.9313580041427498,0.0,354.54266000000257,0.3194725013309141,0.9999999999999999
354.67149300000113,0.958605483774303,0.0,354.8074670000026,0.3036424573895779,0.9999999999999999
354.92504100000093,0.9706314618675983,0.0,355.03690300000244,0.2909545562655197,0.9999999999999999
355.166918000001,0.9695996355912938,0.0,355.2933060000025,0.28140004484057973,0.9999999999999999
355.41687300000086,0.9574036858214978,0.0,355.52988300000254,0.27482713439912554,0.9999999999999999
355.667320000001,0.9345998559513713,0.0,355.7775580000024,0.2705454992204644,0.9999999999999999
355.9233310000008,0.9027157492575039,0.0,356.0199180000024,0.26748648913262674,0.9999999999999999
356.15329200000076,0.8656904001937806,0.0,356.2750020000023,0.26439747556639276,0.9999999999999999
356.4046970000009,0.8288794122009444,0.0,356.51500300000225,0.26021023365930085,0.9999999999999999
356.6542460000009,0.7973380064780173,0.0,356.7664390000022,0.25456614640643577,0.9999999999999999
356.92512100000096,0.7742348237946828,0.0,357.01297100000215,0.24800014913867924,0.9999999999999999
357.1490720000012,0.7606206572177409,0.0,357.2589940000021,0.2415043283074896,0.9999999999999999
357.39453600000127,0.755042041783374,0.0,357.49945500000223,0.2361698655440002,0.9999999999999999
357.64178700000116,0.7545469067035522,0.0,357.7443870000021,0.2331397705541967,0.9999999999999999
357.89656700000114,0.7566567796732055,0.0,358.00246800000195,0.23399122793504487,0.9999999999999999
358.13591200000127,0.7603806991557405,0.0,358.25069400000217,0.24109652363733503,0.9999999999999999
358.38778600000126,0.7665814592814397,0.0,358.4916760000022,0.25739366277669956,0.9999999999999999
358.63172800000115,0.7797631513758889,0.0,358.73463300000213,0.28462567457582405,0.9999999999999999
358.8808650000012,0.8062714061167011,0.0,358.9832070000022,0.32120675772342433,0.9999999999999999
359.1242230000011,0.8508977622997081,0.0,359.2310760000021,0.3609667862451537,0.9999999999999999
359.3696700000012,0.9125980723832441,0.0,359.484637000002,0.3940368575410745,0.9999999999999999
359.62100500000133,0.9822670642411799,0.0,359.7307480000021,0.4109276282490273,0.993041237113402
359.87158100000136,1.0451357524799247,0.0,359.9776490000021,0.407637956055052,0.9969072164948453
360.1279700000012,1.0853264252628252,0.0,360.2190170000021,0.3874437229595091,0.9999999999999999
360.36605200000105,1.0892469423817936,0.0,360.46594200000203,0.35770916855856444,0.9999999999999999
360.618972000001,1.0526846755363992,0.0,360.71472200000187,0.32545692142465066,0.9999999999999999
360.8608940000012,0.9837811812672478,0.0,360.95979800000197,0.29530183177921665,0.9999999999999999
361.1188080000014,0.8990563830408825,0.0,361.2217290000021,0.26906987994521075,0.9999999999999999
361.35435400000165,0.815911841062238,0.0,361.47024300000203,0.24660455624810887,0.9999999999999999
361.60185700000164,0.7469061415701768,0.0,361.7062230000022,0.22693702678067812,0.9999999999999999
361.85426300000165,0.6988048509195948,0.0672680412371134,361.9622950000025,0.2091468264034696,0.9999999999999999
362.0952890000017,0.6741036046805593,0.11597938144329896,362.20837700000277,0.19298511664346812,0.9999999999999999
362.34398500000174,0.6734469804190865,0.11597938144329896,362.4722370000027,0.1790020512446302,0.9999999999999999
362.5891020000017,0.6961715121132941,0.06881443298969071,362.70129400000275,0.16842442865706148,0.9999999999999999
362.8371250000018,0.739521167550849,0.0,362.94765300000273,0.16293338267345506,0.9999999999999999
363.0850420000016,0.7971516912986075,0.0,363.2000950000028,0.1642940143160498,0.9999999999999999
363.34838300000143,0.8584850631416393,0.0,363.4404970000027,0.1735915481203898,0.9999999999999999
363.5805200000013,0.909573421130033,0.0,363.6838120000028,0.19006873628334262,0.9999999999999999
363.8282740000012,0.9372554593771447,0.0,363.9309330000028,0.2106329399392136,0.9999999999999999
364.07491000000124,0.9369673482288343,0.0,364.17722700000274,0.23134587091057984,0.9999999999999999
364.31820000000135,0.9150241468325967,0.0,364.4225530000027,0.24974774387988447,0.9999999999999999
364.5913710000013,0.8814098694284428,0.0,364.6820600000027,0.26560788712478567,0.9999999999999999
364.8230450000011,0.8441251682276342,0.0,364.9196670000026,0.27939281225720397,0.9999999999999999
365.0692040000012,0.8080224539184665,0.0,365.17126600000284,0.290463565380305,0.9999999999999999
365.3134980000013,0.7757372451633964,0.0,365.4228260000026,0.29674710754480893,0.9999999999999999
365.5646440000014,0.7482521587051358,0.0,365.6746850000026,0.2963332807465006,0.9999999999999999
365.8120080000013,0.7251836083105445,0.016237113402061878,365.9130720000024,0.28916786395704797,0.9999999999999999
366.0516670000013,0.7054134081445055,0.05567010309278347,366.1565850000025,0.2774636802739632,0.9999999999999999
366.3071590000013,0.6883174691216135,0.08273195876288662,366.4050110000025,0.26478363092469515,0.9999999999999999
366.55342600000137,0.6749290414731985,0.11443298969072165,366.67431600000253,0.254812108487492,0.9999999999999999
366.79687000000155,0.6672822039446107,0.1306701030927835,366.9041860000025,0.25016949424324386,0.9999999999999999
367.0501520000016,0.6671577197905318,0.1306701030927835,367.15410700000245,0.25160732652380535,0.9999999999999999
367.28963200000146,0.6752189652409273,0.11443298969072165,367.39559900000256,0.2577689988140325,0.9999999999999999
367.53854500000136,0.690576857769073,0.07654639175257728,367.64198100000266,0.2658971318414542,0.9999999999999999
367.7932240000012,0.7109787379662394,0.0425257731958763,367.89463000000256,0.2725217294672556,0.9999999999999999
368.0272390000011,0.7336814491198278,0.003865979381443285,368.1356890000026,0.2746358729663449,0.9999999999999999
368.2772260000011,0.7559983647111619,0.0,368.38618300000263,0.27072321033605173,0.9999999999999999
368.53025900000097,0.7761139347863966,0.0,368.6421350000026,0.26121289239666423,0.9999999999999999
368.76924400000075,0.792024473927434,0.0,368.88640600000275,0.24808647688302518,0.9999999999999999
369.0227850000006,0.8010891743154254,0.0,369.13318100000293,0.23390829608033453,0.9999999999999999
369.2676190000005,0.801699362248575,0.0,369.38993500000294,0.22139397434089936,0.9999999999999999
369.5200340000006,0.7961466781074458,0.0,369.6193440000029,0.21347969939632155,0.9999999999999999
369.7663440000005,0.7886538354730004,0.0,369.86417000000296,0.21257979064668703,0.9999999999999999
370.0082310000005,0.7830545614993919,0.0,370.13837900000294,0.21951196714918125,0.9999999999999999
370.25318000000055,0.7826056052714289,0.0,370.3666920000027,0.2324047546671421,0.9999999999999999
370.50561700000054,0.7888271243608608,0.0,370.6085470000026,0.24720523912061831,0.9999999999999999
370.75154000000026,0.8000344674840278,0.0,370.8554410000025,0.2602349095161439,0.9999999999999999
371.00970300000023,0.8111862571184685,0.0,371.11258300000276,0.2700033476882042,0.9999999999999999
371.2441580000002,0.8160750064429627,0.0,371.344942000003,0.27716549948984753,0.9999999999999999
371.495949,0.8110353806816653,0.0,371.598898000003,0.2835544553604862,0.9999999999999999
371.73961600000007,0.7968324984448967,0.0,371.8457010000032,0.2905349621858161,0.9999999999999999
371.9868600000003,0.77873839075633,0.0,372.0980270000032,0.2976338766555261,0.9999999999999999
372.2317740000005,0.762455632875831,0.0,372.33657400000317,0.30251403224911466,0.9999999999999999
372.47554100000036,0.7508498320195085,0.0,372.5915050000033,0.3019795244442012,0.9999999999999999
372.73744800000054,0.743301199641785,0.0,372.836499000003,0.2943092277308993,0.9999999999999999
372.9883830000008,0.7375259483246596,0.0,373.08343500000313,0.28081203891470524,0.9999999999999999
373.2297770000009,0.731861155494351,0.00773195876288657,373.3421930000032,0.2651285938278249,0.9999999999999999
373.505304000001,0.7259798653404164,0.015463917525773222,373.5791130000033,0.25126939738350124,0.9999999999999999
373.71639300000106,0.7209310643856737,0.02319587628865979,373.8250810000033,0.24220896895902938,0.9999999999999999
373.9680520000009,0.7183704651594169,0.02860824742268039,374.08014900000336,0.2388687359616999,0.9999999999999999
374.2216300000009,0.7202796209204859,0.023969072164948448,374.31896100000336,0.2402247169315393,0.9999999999999999
374.4579830000009,0.7275948504553906,0.013917525773195908,374.56541900000326,0.24431778021201123,0.9999999999999999
374.72302500000114,0.7395032318544716,0.0,374.80995100000314,0.249048844195238,0.9999999999999999
374.96635800000126,0.7540412647137683,0.0,375.0614710000033,0.2527005473456488,0.9999999999999999
375.21634600000147,0.768593847920263,0.0,375.3053930000035,0.2543078062282037,0.9999999999999999
375.4685550000016,0.7828135726419923,0.0,375.5558580000037,0.2536685736245182,0.9999999999999999
375.70102600000143,0.7983024057300805,0.0,375.80993000000365,0.25124690778279646,0.9999999999999999
375.9558140000013,0.8176635525966939,0.0,376.05370200000345,0.24800748940060297,0.9999999999999999
376.1997730000014,0.8420864143205405,0.0,376.2993060000035,0.24482355859964244,0.9999999999999999
376.45568200000145,0.8718873999089916,0.0,376.54924900000367,0.24204342120275854,0.9999999999999999
376.68964800000145,0.9061113883258408,0.0,376.79082800000367,0.23973101060047708,0.9999999999999999
376.94080900000165,0.9421372606739298,0.0,377.04719600000374,0.23736658778299624,0.9999999999999999
377.1788210000016,0.9741688444251448,0.0,377.2894580000039,0.23422414657641072,0.9999999999999999
377.4306940000019,0.994210247750651,0.0,377.5333640000039,0.22978202666304615,0.9999999999999999
377.6843150000018,0.9973751227370924,0.0,377.80194900000384,0.22416719433983784,0.9999999999999999
377.93917100000186,0.9839511981042874,0.0,378.0298540000041,0.21802783909134593,0.9999999999999999
378.17478400000164,0.9578224019646503,0.0,378.2787140000041,0.2124765211797091,0.9999999999999999
378.42645600000156,0.9234913773976484,0.0,378.52432900000395,0.20885140375339056,0.9999999999999999
378.7057760000017,0.8848148029002333,0.0,378.76618400000393,0.20833056258760654,0.9999999999999999
378.9168910000017,0.8441296921996702,0.0,379.0168040000038,0.21159909198296967,0.9999999999999999
379.1667110000019,0.8040569583845032,0.0,379.2679820000038,0.21858306322509186,0.9999999999999999
379.4147270000019,0.767066609385634,0.0,379.51537100000405,0.22817732763883408,0.9999999999999999
379.67013200000184,0.7362360791173914,0.0,379.75926600000395,0.23856602238466007,0.9999999999999999
379.92931100000175,0.7137462710246263,0.03865979381443301,380.0077430000039,0.24764750512405073,0.9999999999999999
380.15284300000184,0.70035895721457,0.06262886597938146,380.2570300000039,0.25386029702043916,0.9999999999999999
380.409239000002,0.6940470265966285,0.07113402061855668,380.4969810000041,0.25628825908566377,0.9999999999999999
380.649171000002,0.6909334028905316,0.07577319587628863,380.74403300000415,0.25423921695057533,0.9999999999999999
380.92108100000195,0.6867411661723372,0.0850515463917526,381.0139990000043,0.24724290660531428,0.9999999999999999
381.1450860000016,0.679703788194301,0.10128865979381439,381.24139100000417,0.2356164919781346,0.9999999999999999
381.40240800000157,0.6711954678194432,0.12139175257731956,381.49035700000445,0.22072974485621635,0.9999999999999999
381.6532630000013,0.6647232314899838,0.13762886597938143,381.73636100000454,0.20441720568252855,0.9999999999999999
381.8961790000012,0.6624926914275021,0.14072164948453605,381.9874280000047,0.1883085173102813,0.9999999999999999
382.1385100000013,0.6628342577790649,0.14072164948453605,382.2332410000044,0.17393537654350696,0.9999999999999999
382.39088900000127,0.6606336912183686,0.1469072164948453,382.4781580000045,0.16290735989265295,0.9999999999999999
382.63154800000115,0.6501635763676374,0.1728522336769759,382.7255510000045,0.15683027865550403,0.9999999999999999
382.8735160000013,0.6295403098597044,0.24261168384879725,382.9802110000045,0.1566997446014623,0.9999999999999999
383.13350700000126,0.6016405426302134,0.3171821305841924,383.22359300000454,0.16189037033141715,0.9999999999999999
383.3755490000014,0.5716913211263722,0.4194158075601375,383.4703070000046,0.1697987034623622,0.9999999999999999
383.62223900000146,0.5449447542898889,0.49879725085910653,383.7227590000046,0.17687089380326682,0.9999999999999999
383.8689030000016,0.52575508460291,0.5625429553264605,383.96386200000455,0.18055150464900283,0.9999999999999999
384.11141300000156,0.5168041693996857,0.6082474226804124,384.2251960000044,0.18003804401366374,0.9999999999999999
384.35932100000156,0.51853092088405,0.5998281786941579,384.4577770000044,0.1757160305804136,0.9999999999999999
384.5992760000018,0.5289732792638269,0.545704467353952,384.70865600000445,0.1684483629476169,0.9999999999999999
384.8552480000018,0.5450694084138881,0.49759450171821307,384.9648270000044,0.15883757835635035,0.9999999999999999
385.0966530000018,0.5646644250240349,0.43986254295532645,385.2041160000044,0.1470542246458648,0.9999999999999999
385.34119500000173,0.5861573218060521,0.3713058419243985,385.4716850000045,0.1336163318325924,0.9999999999999999
385.58757400000167,0.6076738378847614,0.3003436426116839,385.7091660000047,0.11980676092419021,0.9999999999999999
385.8395390000015,0.6264071460410563,0.24621993127147765,385.9484850000048,0.10718981615758291,0.9999999999999999
386.0850920000015,0.6398428399554471,0.20532646048109965,386.1919790000047,0.0970960098406138,0.9999999999999999
386.3389740000014,0.6465550385189905,0.18969072164948447,386.44583600000465,0.09057338775326704,0.9999999999999999
386.57698800000134,0.6456111619638409,0.19089347079037805,386.6857560000047,0.08850281460439138,0.9999999999999999
386.8288640000015,0.6373809361965382,0.21615120274914085,386.93022200000473,0.09147001372078857,0.9999999999999999
387.07128100000153,0.623046221267678,0.2534364261168385,387.18362300000473,0.09918180553588511,0.9999999999999999
387.31671800000134,0.6044607664722619,0.30876288659793816,387.4310260000049,0.1096351560164531,0.9999999999999999
387.5883170000016,0.5831295664107322,0.3845360824742268,387.684370000005,0.11922743015176114,0.9999999999999999
387.81022200000154,0.5608256730940081,0.4567010309278351,387.92330800000485,0.12495891418752754,0.9999999999999999
388.0632650000015,0.5405723791298265,0.5096219931271477,388.1701290000045,0.126819216881247,0.9999999999999999
388.31412200000165,0.5263421283534002,0.5589347079037801,388.4215950000045,0.1271944098183043,0.9999999999999999
388.55920600000195,0.5215503790685722,0.5865979381443298,388.6761000000045,0.12887885636043941,0.9999999999999999
388.80535800000223,0.5276687939930433,0.5493127147766323,388.91107100000437,0.1338837070459048,0.9999999999999999
389.0459890000023,0.5445123597902694,0.5,389.15920300000437,0.1429624512278748,0.9999999999999999
389.29927800000235,0.5696638977398799,0.4242268041237114,389.4108510000043,0.15536870129194683,0.9999999999999999
389.57184600000227,0.5982430861143991,0.32319587628865976,389.65967400000443,0.16873622480406042,0.9999999999999999
389.81140200000215,0.6238653583718254,0.252233676975945,389.8996280000042,0.18013695567954027,0.9999999999999999
390.0434260000022,0.6416535391794546,0.19810996563573885,390.15322000000435,0.18751988225573354,0.9999999999999999
390.28735400000227,0.6501508612189313,0.1728522336769759,390.4012340000042,0.1906047716851927,0.9999999999999999
390.5497450000023,0.6508163172627711,0.1728522336769759,390.64922200000404,0.19094963008424928,0.9999999999999999
390.81070600000226,0.6468520639014234,0.18969072164948447,390.89299700000396,0.1909364766809604,0.9999999999999999
391.03792300000265,0.6407160306498705,0.20171821305841925,391.138940000004,0.19231807949758725,0.9999999999999999
391.27500700000274,0.6333360689896667,0.23298969072164952,391.388442000004,0.19502932225787617,0.9999999999999999
391.5304170000026,0.6246213115692355,0.25103092783505154,391.63953600000417,0.1973302505708398,0.9999999999999999
391.7725340000026,0.6153758250333955,0.27268041237113405,391.8934480000038,0.19761823377030982,0.9999999999999999
392.02598400000267,0.6078887277726952,0.2991408934707903,392.12878300000364,0.1956420529513777,0.9999999999999999
392.26437400000265,0.6043935604678785,0.30876288659793816,392.3717760000034,0.1923576497706041,0.9999999999999999
392.5179490000027,0.6056047741689531,0.3063573883161512,392.62434200000314,0.18952780150368964,0.9999999999999999
392.7589050000027,0.6090974773119993,0.29793814432989685,392.8692690000032,0.1887621875338316,0.9999999999999999
393.01296500000274,0.6094119538190303,0.2967353951890034,393.1392570000029,0.19087438450266073,0.9999999999999999
393.26032300000253,0.6007868794852521,0.3183848797250859,393.3691490000029,0.19534587537999232,0.9999999999999999
393.50480800000247,0.5812116184382695,0.3929553264604811,393.60864600000275,0.2005807460309,0.9999999999999999
393.7562130000025,0.5535754082825306,0.4783505154639175,393.8651120000028,0.20485443856108554,0.9999999999999999
394.0061880000026,0.5234214015164464,0.5781786941580755,394.1070230000027,0.20724797980941528,0.9999999999999999
394.26178900000247,0.49571983033594824,0.686426116838488,394.35118500000283,0.20780513676447276,0.9999999999999999
394.48471400000244,0.4737176357999966,0.7922680412371135,394.61168600000286,0.2071134619569522,0.9999999999999999
394.7397110000025,0.4588932702182478,0.8639175257731958,394.85934400000264,0.20562559522108123,0.9999999999999999
394.9935340000025,0.45142109251768825,0.8847938144329897,395.09956300000283,0.20307491953019746,0.9999999999999999
395.25610300000244,0.4513153528192392,0.8847938144329897,395.3451900000029,0.19882111278981296,0.9999999999999999
395.47894900000216,0.4587730839483207,0.8639175257731958,395.5939670000028,0.19277339282893396,0.9999999999999999
395.72800100000217,0.47455885878739107,0.7898625429553265,395.8443560000029,0.18586158668266115,0.9999999999999999
395.9861330000023,0.498839849127729,0.6804123711340206,396.08574100000294,0.1796652573949426,0.9999999999999999
396.2233990000024,0.5299944963605725,0.5432989690721649,396.3445750000031,0.17580517980791566,0.9999999999999999
396.47267000000244,0.563817141465138,0.4458762886597939,396.585238000003,0.17535037047835544,0.9999999999999999
396.7167510000025,0.5960970632218134,0.33041237113402055,396.83044600000306,0.17817743882009487,0.9999999999999999
396.9722240000024,0.6263059622909347,0.24621993127147765,397.07364200000296,0.18271442158266749,0.9999999999999999
397.22311200000223,0.6582331546874794,0.14999999999999994,397.3219970000029,0.18633979820712795,0.9999999999999999
397.47053700000185,0.6967344970415275,0.06881443298969071,397.56602600000286,0.18649810561912136,0.9999999999999999
397.70584300000206,0.7454505073481925,0.0,397.8159940000029,0.18168933014345306,0.9999999999999999
397.96350400000205,0.8055163312376338,0.0,398.06002000000274,0.17200452092942012,0.9999999999999999
398.20300900000206,0.8737370714750521,0.0,398.31034200000266,0.1588885740157139,0.9999999999999999
398.460902000002,0.9432213548110151,0.0,398.55531200000263,0.1442794029341763,0.9999999999999999
398.6981190000021,1.0062003601531635,0.0,398.8029900000028,0.12982995423192165,0.9999999999999999
398.96109900000215,1.057471846552123,0.0,399.0470460000028,0.11663712373261353,0.9999999999999999
399.187977000002,1.095822618855657,0.0,399.295116000003,0.10537292281727755,0.9999999999999999
399.44040000000206,1.1226688716100535,0.0,399.5500850000031,0.096525018559864,0.9999999999999999
399.6858580000021,1.139858710572912,0.0,399.79507000000297,0.09034912147005485,0.9999999999999999
399.93792600000216,1.148852528636424,0.0,400.04746200000295,0.08684852176075733,0.9999999999999999
400.17906200000226,1.1512682309591193,0.0,400.29145700000294,0.08572188841701363,0.9999999999999999
400.4309630000022,1.1485672232014317,0.0,400.53970700000315,0.08649494803409416,0.9999999999999999
400.67199700000214,1.1429790806383642,0.0,400.80636000000334,0.08865511652864083,0.9999999999999999
400.93436700000234,1.1355355094317585,0.0,401.03779400000354,0.09173218397547131,0.9999999999999999
401.1709040000023,1.1248255156214235,0.0,401.2781840000036,0.09511209903969728,0.9999999999999999
401.41630400000247,1.1103854841809435,0.0,401.52917600000364,0.09822173141780499,0.9999999999999999
401.6804920000024,1.0924987265230564,0.0,401.78923600000354,0.10107894710354748,0.9999999999999999
401.9129060000026,1.0721353980002963,0.0,402.0272630000036,0.10427532465688759,0.9999999999999999
402.1609490000026,1.0510776000671724,0.0,402.27860700000366,0.10861360237158703,0.9999999999999999
402.4080130000025,1.0323725659352883,0.0,402.52090200000373,0.11471867769758076,0.9999999999999999
402.6539960000023,1.017591080259865,0.0,402.7670110000038,0.12284090566649056,0.9999999999999999
402.90283400000226,1.0052872811857596,0.0,403.0129050000039,0.13268830555647615,0.9999999999999999
403.1471170000022,0.9913508806955104,0.0,403.2626350000041,0.1432700221022958,0.9999999999999999
403.39658000000225,0.9720821481625004,0.0,403.510839000004,0.1531092469590181,0.9999999999999999
403.64202100000233,0.9480787793038716,0.0,403.75749100000394,0.16093067192433197,0.9999999999999999
403.8885830000021,0.9236996370644354,0.0,404.01684400000386,0.1663352053445103,0.9999999999999999
404.13531100000193,0.903553928311658,0.0,404.25425500000387,0.16976790495215402,0.9999999999999999
404.383837000002,0.8899163402634089,0.0,404.5006200000039,0.17200718975331,0.9999999999999999
404.6271180000022,0.8831800919638729,0.0,404.74826900000386,0.1737026830795429,0.9999999999999999
404.87760100000213,0.8835669514057672,0.0,404.99666300000393,0.17555931548089826,0.9999999999999999
405.13477000000205,0.8917895472265625,0.0,405.236617000004,0.17947831216730584,0.9999999999999999
405.3710880000024,0.9077666515301186,0.0,405.49095100000415,0.18872664170950745,0.9999999999999999
405.6235140000025,0.9301644217195011,0.0,405.7364910000042,0.20680568733276686,0.9999999999999999
405.86814300000253,0.9552756612131622,0.0,405.9824420000045,0.23595806433357502,0.9999999999999999
406.1215050000027,0.979133251905775,0.0,406.23585500000456,0.2748430855901687,0.9999999999999999
406.3617130000028,0.9986039112038346,0.0,406.48293100000456,0.31609103221639245,0.9999999999999999
406.60848900000275,1.0110268181299795,0.0,406.7254450000046,0.3455872285610083,0.9999999999999999
406.8576340000027,1.0149993260241859,0.0,406.9688870000048,0.35007308162980016,0.9999999999999999
407.10860900000256,1.010682583241207,0.0,407.22922100000494,0.32917620082604315,0.9999999999999999
407.3534700000024,0.9995870423452807,0.0,407.4766960000048,0.2930185152673606,0.9999999999999999
407.6014990000025,0.984931162496052,0.0,407.71051000000494,0.2521555225471682,0.9999999999999999
407.85506500000236,0.9715676756130008,0.0,407.9567340000046,0.21328220688482769,0.9999999999999999
408.0994900000022,0.964794538263582,0.0,408.20445500000477,0.17959664461612587,0.9999999999999999
408.34449200000216,0.9681170736265012,0.0,408.47253400000466,0.1521699532064551,0.9999999999999999
408.585450000002,0.9808841195281481,0.0,408.6958490000046,0.1311113552659187,0.9999999999999999
408.84250700000223,0.9963358509868087,0.0,408.94491800000475,0.11649958035481071,0.9999999999999999
409.08785100000233,1.0028237300599616,0.0,409.1953750000047,0.1087273990707556,0.9999999999999999
409.3352010000026,0.9926530606533766,0.0,409.4478860000046,0.10782639429158056,0.9999999999999999
409.5927410000027,0.9681559893810431,0.0,409.6903920000048,0.11250292177707691,0.9999999999999999
409.8282360000028,0.9392087893016381,0.0,409.94069800000494,0.1204801116120451,0.9999999999999999
410.0749990000026,0.9159688186183945,0.0,410.184637000005,0.1299227079168726,0.9999999999999999
410.3201150000028,0.9031073743276509,0.0,410.44065700000533,0.1398072726292879,0.9999999999999999
410.59495400000276,0.8979524334443193,0.0,410.70544900000533,0.14904044959757,0.9999999999999999
410.8165630000027,0.893692360220369,0.0,410.92590500000534,0.1559658617445677,0.9999999999999999
411.0687100000027,0.884415510248815,0.0,411.18185400000556,0.1590717774325799,0.9999999999999999
411.31868000000287,0.8686697359510652,0.0,411.43593400000543,0.1578368381971293,0.9999999999999999
411.56295900000276,0.8494893421162427,0.0,411.68773500000555,0.15280607028649684,0.9999999999999999
411.81284100000295,0.8331096146976079,0.0,411.92058300000565,0.1452318384347937,0.9999999999999999
412.05781600000296,0.8272697138043478,0.0,412.16901600000557,0.13681153418417707,0.9999999999999999
412.2989430000031,0.8376376521656054,0.0,412.41346400000583,0.12913433745829897,0.9999999999999999
412.5609990000031,0.864276779998115,0.0,412.667906000006,0.1231257382780279,0.9999999999999999
412.79529300000286,0.9019031222348022,0.0,412.91438900000594,0.11903566929196965,0.9999999999999999
413.048273000003,0.9430806706863348,0.0,413.15733200000597,0.11677434999614994,0.9999999999999999
413.29826600000285,0.9812261551195303,0.0,413.4138310000059,0.1163367856248604,0.9999999999999999
413.54423800000274,1.0104487712681598,0.0,413.65283900000605,0.11811191815142821,0.9999999999999999
413.7943970000025,1.0259957134312987,0.0,413.902831000006,0.12264151040380662,0.9999999999999999
414.03308700000235,1.0237486701422682,0.0,414.162434000006,0.13009619243105172,0.9999999999999999
414.2851400000024,1.0023238390992766,0.0,414.39376300000606,0.1397134184807749,0.9999999999999999
414.52574300000236,0.9650249568321823,0.0,414.64632800000635,0.14965190478374002,0.9999999999999999
414.78215600000243,0.9184215727497222,0.0,414.89871300000635,0.15728573202688803,0.9999999999999999
415.02695800000276,0.8690184583433072,0.0,415.1424350000062,0.16055758297229109,0.9999999999999999
415.2741050000028,0.821014139546782,0.0,415.39197200000615,0.1591800129928932,0.9999999999999999
415.51796100000263,0.7767918223105751,0.0,415.63278800000614,0.1544412033859515,0.9999999999999999
415.77358200000265,0.7379002981283491,0.0,415.88531300000625,0.14833960849021635,0.9999999999999999
416.0130610000027,0.7057643465740673,0.05489690721649481,416.1493830000065,0.14270813162873663,0.9999999999999999
416.27113500000274,0.6819311156105323,0.09278350515463916,416.37692600000673,0.13871725280527225,0.9999999999999999
416.5085540000028,0.6679736975899836,0.1291237113402062,416.6264220000068,0.13662405099485786,0.9999999999999999
416.7571990000027,0.6638478004542367,0.13840206185567008,416.8677670000067,0.1359043151195911,0.9999999999999999
417.0159000000028,0.6660249818900231,0.13376288659793814,417.11773700000685,0.1357817469385316,0.9999999999999999
417.25584500000275,0.6699680660435742,0.12293814432989687,417.3602810000069,0.13572370740958448,0.9999999999999999
417.4965120000028,0.6736710292659445,0.11597938144329896,417.614787000007,0.1354887987851835,0.9999999999999999
417.7570850000029,0.6781153627826424,0.10670103092783507,417.86278600000713,0.13501322250702252,0.9999999999999999
417.99175600000314,0.6853186570871155,0.08737113402061857,418.1051770000073,0.13433881151069282,0.9999999999999999
418.2686550000033,0.697564690625631,0.06804123711340206,418.35513800000734,0.13353164618577393,0.9999999999999999
418.48755900000333,0.7171653105238477,0.03092783505154636,418.59966400000746,0.13282321391093754,0.9999999999999999
418.73595300000324,0.7464211905430231,0.0,418.8540140000073,0.13272665408773804,0.9999999999999999
418.9839950000034,0.7870851670586361,0.0,419.0980400000072,0.1339632108302628,0.9999999999999999
419.2349600000034,0.8386615244806624,0.0,419.3599140000073,0.13711183503182606,0.9999999999999999
419.48070000000337,0.8967858788609853,0.0,419.59411900000737,0.14254258173018605,0.9999999999999999
419.7293860000033,0.9533136755577005,0.0,419.8415650000074,0.1501509421400646,0.9999999999999999
419.9741900000032,0.9966375987830521,0.0,420.0895360000073,0.15912962854825952,0.9999999999999999
420.2236260000034,1.0159739397984944,0.0,420.3313800000072,0.16796828026842453,0.9999999999999999
420.4707080000032,1.0086080264571264,0.0,420.5874960000071,0.17516228341491152,0.9999999999999999
420.72164400000304,0.9804555402664843,0.0,420.8312450000071,0.17973292322554413,0.9999999999999999
420.963254000003,0.9422980796032714,0.0,421.07713000000734,0.18113965677772012,0.9999999999999999
421.2171350000032,0.9047153418594011,0.0,421.31892600000725,0.17909333778727912,0.9999999999999999
421.47292900000326,0.8746268194517188,0.0,421.57046700000734,0.173560536036139,0.9999999999999999
421.7059500000033,0.8542846334337222,0.0,421.81546400000747,0.16516614698695825,0.9999999999999999
421.9509510000034,0.8417223966951495,0.0,422.0685090000076,0.15530838614151604,0.9999999999999999
422.20282700000325,0.8318845091896722,0.0,422.3114250000078,0.14573526965685465,0.9999999999999999
422.453318000003,0.8194165786896505,0.0,422.56351800000783,0.13786696943447624,0.9999999999999999
422.69312400000297,0.8020527158581113,0.0,422.8069510000077,0.1322499018480987,0.9999999999999999
422.94870900000313,0.7820290788807632,0.0,423.0515090000076,0.12856808668635436,0.9999999999999999
423.19306500000306,0.7633853793641403,0.0,423.3014960000076,0.12607808866940245,0.9999999999999999
423.43537300000315,0.7496450743518364,0.0,423.5468350000078,0.12388856845097634,0.9999999999999999
423.68952600000324,0.743233428651201,0.0,423.789377000008,0.12118613808135414,0.9999999999999999
423.9375730000034,0.744833074901754,0.0,424.0484730000078,0.11747836423503707,0.9999999999999999
424.17541400000334,0.753913689988265,0.0,424.2878420000078,0.11277487211233628,0.9999999999999999
424.43345300000345,0.7691659028112023,0.0,424.5412650000076,0.10751630027258148,0.9999999999999999
424.6774180000034,0.7874548290991383,0.0,424.78667400000774,0.10228733190325648,0.9999999999999999
424.92419600000346,0.8034104691910668,0.0,425.03927000000795,0.09773949263292879,0.9999999999999999
425.1693570000034,0.8109567902763741,0.0,425.27613800000796,0.09481349985474073,0.9999999999999999
425.4206310000035,0.8073608150390814,0.0,425.52579500000803,0.09446595361323677,0.9999999999999999
425.6665140000033,0.7954255817184692,0.0,425.77874500000803,0.09698479415059649,0.9999999999999999
425.9107280000034,0.7819146106902978,0.0,426.02338100000816,0.10172905704026569,0.9999999999999999
426.1559520000034,0.7749840072479551,0.0,426.26680500000816,0.10760627956207428,0.9999999999999999
426.40887700000326,0.7815231007855707,0.0,426.5121120000082,0.11373648565053926,0.9999999999999999
426.65620400000313,0.8067833213544381,0.0,426.76412700000833,0.11977196516378233,0.9999999999999999
426.9001560000031,0.8539011157893011,0.0,427.0346240000085,0.12572312264002472,0.9999999999999999
427.14771000000326,0.9234107968474661,0.0,427.2568900000085,0.13169786470840206,0.9999999999999999
427.39770400000316,1.0067961324371522,0.0,427.50430000000847,0.13781936126720706,0.9999999999999999
427.64116500000347,1.0833456847874616,0.0,427.7483430000087,0.14407331607930182,0.9999999999999999
427.8916420000034,1.1293343293320643,0.0,427.99819200000877,0.1501658923891677,0.9999999999999999
428.1395120000036,1.1345872619892514,0.0,428.25128200000876,0.15550274686332072,0.9999999999999999
428.38918000000353,1.1041661965067084,0.0,428.50568200000885,0.1593233127842184,0.9999999999999999
428.63562600000364,1.0520465522357192,0.0,428.7411370000089,0.16126987638240048,0.9999999999999999
428.88567000000353,0.9918090458391992,0.0,428.99242600000895,0.16184464144626293,0.9999999999999999
429.1385830000037,0.9345315411132935,0.0,429.2430530000089,0.16288002626164155,0.9999999999999999
429.3792020000038,0.8852537132171286,0.0,429.487903000009,0.1671929045940556,0.9999999999999999
429.61852600000367,0.844019906731405,0.0,429.74049800000904,0.17713110153745962,0.9999999999999999
429.87710600000383,0.8091855031842355,0.0,429.98560900000894,0.1928657879070582,0.9999999999999999
430.11381700000385,0.7798076036846728,0.0,430.2229800000091,0.2113961993983025,0.9999999999999999
430.3687310000039,0.756417555825517,0.0,430.4708720000089,0.22777592494713433,0.9999999999999999
430.6111210000039,0.7403922604229309,0.0,430.72957600000893,0.23818956746717096,0.9999999999999999
430.8617240000037,0.7336992972832674,0.003865979381443285,430.96826800000895,0.24234454961243618,0.9999999999999999
431.1110410000038,0.7371919762557322,0.0,431.21440000000905,0.24209897754126436,0.9999999999999999
431.3549640000038,0.7490433248873728,0.0,431.48747700000905,0.2394481534844472,0.9999999999999999
431.6011280000038,0.7655599634473205,0.0,431.7124510000091,0.23586608795519953,0.9999999999999999
431.841722000004,0.7836729417100408,0.0,431.9653900000089,0.23207373085959104,0.9999999999999999
432.09148500000396,0.8007576956819052,0.0,432.206261000009,0.22811527710383078,0.9999999999999999
432.3389200000042,0.814745842057421,0.0,432.45827700000876,0.2235135348074611,0.9999999999999999
432.58854500000416,0.8230062520797459,0.0,432.7020020000088,0.21764083983313498,0.9999999999999999
432.832861000004,0.8218297237297209,0.0,432.9473090000089,0.2101904016477312,0.9999999999999999
433.07572600000407,0.8101434086382466,0.0,433.20080300000893,0.20138364806476317,0.9999999999999999
433.32683900000404,0.789746155593253,0.0,433.44583100000875,0.19173143600429182,0.9999999999999999
433.60157500000383,0.7651117639611661,0.0,433.6946880000088,0.18163234114704033,0.9999999999999999
433.82370600000377,0.7399668759301262,0.0,433.93986900000874,0.17135632216625468,0.9999999999999999
434.06864600000387,0.7177994496947923,0.029381443298969048,434.1904160000087,0.16122639976898226,0.9999999999999999
434.31743000000404,0.703487865533334,0.056443298969072124,434.4316640000086,0.15158115650506382,0.9999999999999999
434.56044000000395,0.703883308887189,0.05567010309278347,434.69438800000853,0.14268237658012292,0.9999999999999999
434.81648000000393,0.7266865089864715,0.014690721649484565,434.93714100000864,0.13449222074353184,0.9999999999999999
435.0660260000038,0.7762025235877663,0.0,435.17421600000887,0.1267163325181936,0.9999999999999999
435.30327400000385,0.8471994822507245,0.0,435.42276800000883,0.11916754462335968,0.9999999999999999
435.55438500000383,0.9202425270487398,0.0,435.66814200000863,0.11189805672497502,0.9999999999999999
435.8008120000039,0.971973285824995,0.0,435.9180420000087,0.10515282894906822,0.9999999999999999
436.04612400000394,0.9906930750251025,0.0,436.1604250000089,0.0991137942673954,0.9999999999999999
436.2952820000043,0.9832518197595651,0.0,436.41282900000886,0.09377958933111025,0.9999999999999999
436.5422680000043,0.9644549676254932,0.0,436.6620730000087,0.08910482802630958,0.9999999999999999
436.8041330000043,0.9467928216216703,0.0,436.9073530000088,0.08512882714321691,0.9999999999999999
437.0371180000044,0.9368331025259206,0.0,437.1570920000088,0.08190438042413506,0.9999999999999999
437.2836960000043,0.9358933391236655,0.0,437.3989730000089,0.07926213215796236,0.9999999999999999
437.51100500000433,0.9405078929599962,0.0,437.646041000009,0.07670560306607234,0.9999999999999999
437.7604690000041,0.9440655893832524,0.0,437.909438000009,0.07385275580324938,0.9999999999999999
438.0054030000042,0.9387780260078481,0.0,438.14242100000894,0.07081009845178132,0.9999999999999999
438.25436300000393,0.9197000847633088,0.0,438.3939840000091,0.06802356336781235,0.9999999999999999
438.4991800000036,0.886845581604021,0.0,438.6338910000092,0.06598471868859193,0.9999999999999999
438.7505610000035,0.844111975405945,0.0,438.886761000009,0.0650358083288261,0.9999999999999999
439.00177700000324,0.796423326396735,0.0,439.15412000000896,0.06535557476775561,0.9999999999999999
439.2481900000033,0.748324823992199,0.0,439.38010600000894,0.06694442404592704,0.9999999999999999
439.48701700000333,0.7038291246422235,0.056443298969072124,439.63070400000885,0.06958797627069821,0.9999999999999999
439.7376270000034,0.666574908037818,0.13376288659793814,439.87450900000886,0.07270217621811725,0.9999999999999999
439.98454400000344,0.6398333565137119,0.20532646048109965,440.1155220000091,0.0754157034741169,0.9999999999999999
440.23046800000327,0.6252795272549327,0.24982817869415805,440.3668700000092,0.07715999003925061,0.9999999999999999
440.4798020000036,0.6233084771168257,0.2534364261168385,440.61129500000936,0.07825174799588425,0.9999999999999999
440.72231200000357,0.6310563957212081,0.24020618556701032,440.86371800000956,0.07972421506503866,0.9999999999999999
440.96964700000365,0.6438445795844485,0.19570446735395192,441.1127980000098,0.0829632214380651,0.9999999999999999
441.24676100000374,0.6578035147319733,0.15240549828178687,441.3592990000098,0.08963045986661765,0.9999999999999999
441.46970200000385,0.6731064354218917,0.11597938144329896,441.6097440000099,0.1016339753410917,0.9999999999999999
441.7307050000038,0.6934477264602894,0.07190721649484534,441.85532100001,0.12021179480607447,0.9999999999999999
441.95621300000386,0.7224072524963914,0.02087628865979382,442.09481400001005,0.1437924901910392,0.9999999999999999
442.2034620000038,0.760747549628626,0.0,442.35914600001007,0.16732918772686323,0.9999999999999999
442.4514250000039,0.8037784329012327,0.0,442.5958060000099,0.18544272583428084,0.9999999999999999
442.6947040000039,0.8433278430431674,0.0,442.8395410000096,0.19560398877296611,0.9999999999999999
442.9415160000039,0.8701642945012681,0.0,443.0892920000096,0.19813811683442256,0.9999999999999999
443.1930140000039,0.8777538649851261,0.0,443.34003000000973,0.19468359592889417,0.9999999999999999
443.44108300000374,0.8648718630583562,0.0,443.59064900000953,0.18738039497706385,0.9999999999999999
443.685814000004,0.8358864942957929,0.0,443.83398100000966,0.178713364735867,0.9999999999999999
443.93739700000407,0.7991918380549837,0.0,444.0784270000098,0.17086499949919387,0.9999999999999999
444.1843070000042,0.7644802499442044,0.0,444.3300270000099,0.16529178100853825,0.9999999999999999
444.4452660000044,0.7392941090037439,0.0,444.57276600000995,0.16263707194990693,0.9999999999999999
444.6773260000045,0.7260475442380427,0.015463917525773222,444.82031700001005,0.1628361949934049,0.9999999999999999
444.9267760000043,0.7226616417862092,0.020103092783505163,445.06874600001,0.16516930128991875,0.9999999999999999
445.17083600000416,0.7248587395585745,0.016237113402061878,445.3183290000099,0.1682448059173532,0.9999999999999999
445.42089900000394,0.7280354710988539,0.013917525773195908,445.57025700001003,0.17020272811041054,0.9999999999999999
445.67281700000365,0.7300162541396814,0.01005154639175254,445.8167570000101,0.16941968745723618,0.9999999999999999
445.9111200000037,0.7308702978201123,0.008505154639175226,446.0648740000098,0.16521170132899823,0.9999999999999999
446.1727200000038,0.7323375990427203,0.0054123711340205985,446.3200130000099,0.15821368482306208,0.9999999999999999
446.40586100000365,0.7378263283183183,0.0,446.55343400000993,0.1501438592622674,0.9999999999999999
446.6600740000035,0.7495189481710981,0.0,446.82390900001,0.14308324646750836,0.9999999999999999
446.91006500000344,0.7666296908309436,0.0,447.0498390000099,0.1386441069298753,0.9999999999999999
447.15038800000343,0.7835033233925258,0.0,447.29575000000995,0.1375294815927637,0.9999999999999999
447.39939300000356,0.7925556185826352,0.0,447.5440930000099,0.1393648626423727,0.9999999999999999
447.6573400000034,0.7876958750508665,0.0,447.7890480000101,0.14276029301196094,0.9999999999999999
447.8970700000033,0.7664579486793398,0.0,448.03648600001003,0.14559161842188661,0.9999999999999999
448.1442410000034,0.7302490438717111,0.01005154639175254,448.2854130000102,0.14565996908876017,0.9999999999999999
448.38553500000353,0.6844174290688249,0.08891752577319588,448.5364390000103,0.1417528728515334,0.9999999999999999
448.6369760000035,0.6358543251008862,0.22336769759450165,448.78334500001046,0.1338893726969089,0.9999999999999999
448.88013600000335,0.5905840228067661,0.35446735395189,449.02564000001024,0.12323000551056197,0.9999999999999999
449.13022100000336,0.5526863964819504,0.4783505154639175,449.2711160000105,0.11142670731390439,0.9999999999999999
449.3698340000031,0.5257711475846462,0.5625429553264605,449.5285470000106,0.1000009996570458,0.9999999999999999
449.62536600000305,0.5131359401233506,0.6226804123711341,449.76900300001074,0.0901426739119072,0.9999999999999999
449.8652620000031,0.5178551839574588,0.6010309278350516,450.03006500001067,0.08267492819304244,0.9999999999999999
450.12075900000303,0.5413205718787404,0.5060137457044673,450.26961400001056,0.07796679089895972,0.9999999999999999
450.36075600000316,0.5799437213693261,0.3965635738831615,450.5144960000104,0.07593736857765232,0.9999999999999999
450.61210100000335,0.6234549565681755,0.2534364261168385,450.7628300000105,0.07599392348082074,0.9999999999999999
450.86890600000316,0.6600829558954397,0.14768041237113397,451.01445000001024,0.07707078473631276,0.9999999999999999
451.10925300000343,0.6834443450107901,0.0904639175257732,451.2593890000103,0.07800653360046589,0.9999999999999999
451.35775200000336,0.6946182887120422,0.07113402061855668,451.5038430000104,0.07810317590505941,0.9999999999999999
451.59914900000337,0.6992668592926387,0.0672680412371134,451.7522180000103,0.07734985129723772,0.9999999999999999
451.8491490000033,0.7039632513013017,0.05567010309278347,452.00459000001024,0.07631801588413872,0.9999999999999999
452.10444100000336,0.7114767249160536,0.0425257731958763,452.24545800000993,0.07604463163122424,0.9999999999999999
452.3448800000037,0.7213575915481624,0.02319587628865979,452.4930010000099,0.07785987624776072,0.9999999999999999
452.5878130000037,0.7311095852733387,0.00773195876288657,452.74704500000985,0.083016438957922,0.9999999999999999
452.83462600000377,0.7384657435500264,0.0,452.98497300000986,0.09190789944557229,0.9999999999999999
453.0840700000039,0.7417478108408682,0.0,453.2444510000098,0.10344086655155382,0.9999999999999999
453.3304620000039,0.740299470945705,0.0,453.4915130000099,0.11524251988552775,0.9999999999999999
453.5780230000038,0.7349521107029992,0.0007731958762886569,453.73711200000974,0.12461816669855036,0.9999999999999999
453.82044400000393,0.7284733096489611,0.010824742268041197,453.98598400001,0.1295735790293615,0.9999999999999999
454.0723420000039,0.722999739829497,0.020103092783505163,454.23335800001024,0.12978553925860653,0.9999999999999999
454.31927700000386,0.7199265825394379,0.024742268041237105,454.50498600001004,0.12657642992514942,0.9999999999999999
454.57030500000377,0.7191986914705056,0.027061855670103076,454.72320100001,0.1219490591127645,0.9999999999999999
454.8102620000036,0.7209524304857009,0.02319587628865979,454.9724210000101,0.11768138408505395,0.9999999999999999
455.05899800000344,0.7274783806254372,0.013917525773195908,455.2173700000099,0.1149138647450619,0.9999999999999999
455.3034610000038,0.7426401668124964,0.0,455.4662100000099,0.11394133059262077,0.9999999999999999
455.56069500000393,0.7718021640016555,0.0,455.71373300000994,0.11410945418684428,0.9999999999999999
455.80131500000397,0.8169293839919028,0.0,455.9597170000098,0.11398584736845731,0.9999999999999999
456.049886000004,0.8723300816424608,0.0,456.2092970000099,0.11204769818722618,0.9999999999999999
456.30155700000415,0.9233187750023155,0.0,456.4518730000099,0.10770831757222979,0.9999999999999999
456.5667540000044,0.9540701706122182,0.0,456.70328600000994,0.1016028587262795,0.9999999999999999
456.79005000000467,0.9569933715909364,0.0,456.9426320000098,0.09490928603507363,0.9999999999999999
457.03499400000464,0.9357899411354791,0.0,457.19617400000953,0.08875100767096977,0.9999999999999999
457.2856340000046,0.8993561939754416,0.0,457.4458330000096,0.08394614837262787,0.9999999999999999
457.5371130000045,0.8575138591473233,0.0,457.70711900000964,0.0810526487487912,0.9999999999999999
457.78120600000454,0.8178492277378135,0.0,457.9353960000095,0.08041801319643489,0.9999999999999999
458.0262490000045,0.785408902600111,0.0,458.1945030000093,0.08221160042578973,0.9999999999999999
458.2771790000044,0.7614035237002797,0.0,458.43341700000946,0.08632419114800903,0.9999999999999999
458.52070500000445,0.7438113022189458,0.0,458.6729100000094,0.09247903476393378,0.9999999999999999
458.7684700000044,0.7286548779263675,0.010824742268041197,458.9310200000094,0.10037446089816257,0.9999999999999999
459.0163780000044,0.7131659962008519,0.03865979381443301,459.18140100000943,0.10961941465942769,0.9999999999999999
459.2676310000044,0.696604263189089,0.06881443298969071,459.4228080000094,0.11941866006592204,0.9999999999999999
459.50720200000416,0.680434798848489,0.09742268041237111,459.6721930000093,0.12872775467944325,0.9999999999999999
459.7664670000044,0.6665619201479079,0.13376288659793814,459.91276100000937,0.1365195636832881,0.9999999999999999
460.0040110000045,0.6569090181489711,0.15481099656357392,460.16518800000955,0.14202611530180825,0.9999999999999999
460.2520350000045,0.6530488283627043,0.16563573883161511,460.4135250000096,0.14501339189439258,0.9999999999999999
460.50606500000447,0.6561507790595427,0.15721649484536085,460.6656230000095,0.14569664958512546,0.9999999999999999
460.74600400000463,0.666328799379792,0.13376288659793814,460.9159100000095,0.1447354982864766,0.9999999999999999
460.9855770000046,0.6808430937327392,0.09742268041237111,461.15520500000946,0.1430811656901242,0.9999999999999999
461.2365510000046,0.6948100221473322,0.07113402061855668,461.40009900000945,0.14165913212567785,0.9999999999999999
461.4838860000045,0.702609837591377,0.05798969072164944,461.6511360000094,0.14091581083234242,0.9999999999999999
461.7294130000046,0.7008516431840401,0.06185567010309281,461.8990440000093,0.14085307950245599,0.9999999999999999
461.9775080000047,0.6895467835911356,0.08041237113402057,462.16504900000933,0.14164742890316112,0.9999999999999999
462.23441500000484,0.6716393808274976,0.12139175257731956,462.3959460000093,0.1442697937923637,0.9999999999999999
462.4689030000047,0.6513027765822794,0.17164948453608245,462.6413670000092,0.1502691593283331,0.9999999999999999
462.71883200000485,0.6339654075194303,0.23178694158075605,462.88734800000935,0.1606190872847058,0.9999999999999999
462.9742980000051,0.6251810554276331,0.24982817869415805,463.1311870000094,0.17432315849378463,0.9999999999999999
463.2218430000048,0.6304044583940348,0.24140893470790378,463.3768250000097,0.18816947778278223,0.9999999999999999
463.46131700000484,0.651900733038332,0.17044673539518898,463.6311490000099,0.19921269187504126,0.9999999999999999
463.7100900000047,0.6856888802495392,0.08659793814432991,463.87768100000994,0.20678415150219637,0.9999999999999999
463.9568790000047,0.7210416193274676,0.02319587628865979,464.12651700001004,0.21132910850092065,0.9999999999999999
464.2283370000046,0.7458098642400955,0.0,464.37201800001003,0.21308647583004087,0.9999999999999999
464.4549030000048,0.7543946189489996,0.0,464.62103100001,0.21199055784157297,0.9999999999999999
464.697477000005,0.7515986871245782,0.0,464.8744040000099,0.2079362073261979,0.9999999999999999
464.9473010000052,0.7476900031352084,0.0,465.1209890000099,0.20094203350948298,0.9999999999999999
465.1975920000052,0.7529505479479844,0.0,465.3694310000099,0.19120591177425705,0.9999999999999999
465.4413970000052,0.7741188603326395,0.0,465.6082910000099,0.17939734349277295,0.9999999999999999
465.6897550000052,0.8117477932986754,0.0,465.85327200000984,0.16671567748716404,0.9999999999999999
465.9337020000053,0.8587176977614579,0.0,466.10636200000977,0.1545963192083235,0.9999999999999999
466.1961270000055,0.9018811034826484,0.0,466.3537610000099,0.14425470370166313,0.9999999999999999
466.4336240000057,0.9305273685473001,0.0,466.59721900001,0.13634252142490275,0.9999999999999999
466.6865210000057,0.9418879996832723,0.0,466.8497470000097,0.13107736423644276,0.9999999999999999
466.9243330000058,0.9406167242597717,0.0,467.08974700000994,0.1283880999318797,0.9999999999999999
467.1712290000056,0.9342206134476465,0.0,467.34771900001004,0.1279977385214615,0.9999999999999999
467.42862000000554,0.9297581022952813,0.0,467.5880780000101,0.12963588249935737,0.9999999999999999
467.66209400000565,0.92974032879774,0.0,467.84712300000996,0.13321368070328504,0.9999999999999999
467.9201610000056,0.9315134230610503,0.0,468.08157000000995,0.138913209886644,0.9999999999999999
468.1601160000053,0.9300348357492285,0.0,468.3313730000097,0.14697378788316479,0.9999999999999999
468.40304300000514,0.923868132488884,0.0,468.58623400000977,0.15725376001598335,0.9999999999999999
468.6521780000049,0.9171733142068957,0.0,468.8287680000101,0.16894122436754436,0.9999999999999999
468.9005000000049,0.9201231507816778,0.0,469.0797450000101,0.1805814944252424,0.9999999999999999
469.1521260000049,0.9452983458838884,0.0,469.3242170000102,0.1905907346565326,0.9999999999999999
469.39607800000493,0.9995219711103518,0.0,469.5673060000102,0.1978786701633725,0.9999999999999999
469.642837000005,1.0720217300128978,0.0,469.80933400001015,0.2021240968348552,0.9999999999999999
469.8889950000049,1.1363578331377324,0.0,470.05985600001026,0.20379793007489852,0.9999999999999999
470.1382390000048,1.1686323144934432,0.0,470.3048050000101,0.20392280064823104,0.9999999999999999
470.38824300000505,1.1614929826510043,0.0,470.5578760000098,0.20374903820274787,0.9999999999999999
470.64731700000516,1.124096473751351,0.0,470.80118100000993,0.20389233449592403,0.9999999999999999
470.88210300000486,1.072023525983402,0.0,471.04684900001,0.2034382622821338,0.9999999999999999
471.13012500000485,1.0191176897423893,0.0,471.3019270000098,0.20040515652731558,0.9999999999999999
471.372488000005,0.9734141098521538,0.0,471.5467700000098,0.19344755312600975,0.9999999999999999
471.6184860000048,0.9362030212011724,0.0,471.80385700000994,0.18279639764095265,0.9999999999999999
471.86878700000455,0.9041054793487305,0.0,472.0442100000098,0.16995254984824654,0.9999999999999999
472.12473000000466,0.8730126883586653,0.0,472.2922220000098,0.1565880420270375,0.9999999999999999
472.3678460000047,0.8412733703586827,0.0,472.53464400000996,0.14390246753323296,0.9999999999999999
472.61515500000473,0.8104589619853263,0.0,472.78145900001005,0.1326253807081407,0.9999999999999999
472.8568150000048,0.7834445450219181,0.0,473.0473540000101,0.12346701626937341,0.9999999999999999
473.1079410000049,0.7610357924682823,0.0,473.28547300001026,0.11732898816331355,0.9999999999999999
473.3538760000051,0.7415660973164966,0.0,473.5400960000103,0.11525907398676064,0.9999999999999999
473.601466000005,0.7227352693789542,0.020103092783505163,473.77234700001014,0.11816908183766009,0.9999999999999999
473.8447490000049,0.7035982097123462,0.056443298969072124,474.01927600001005,0.12637403160427343,0.9999999999999999
474.10072400000485,0.684061075235971,0.08969072164948454,474.2681400000104,0.13907673864493708,0.9999999999999999
474.34625800000487,0.6648967796494311,0.13762886597938143,474.51359400001036,0.15408038154247894,0.9999999999999999
474.59026600000476,0.6483348544606462,0.1848797250859106,474.7640620000104,0.167645696637607,0.9999999999999999
474.847080000005,0.6375475735245212,0.21494845360824738,475.01564300001036,0.17556420993790517,0.9999999999999999
475.1005790000049,0.6360471084069358,0.2209621993127147,475.2635720000105,0.17599346413085726,0.9999999999999999
475.34107200000494,0.6467467944754244,0.18969072164948447,475.5101950000105,0.17049191925057083,0.9999999999999999
475.5847070000049,0.6718104726731333,0.12139175257731956,475.75453900001054,0.16201701465587043,0.9999999999999999
475.833306000005,0.7127423740698906,0.03865979381443301,475.9966070000102,0.153024877980037,0.9999999999999999
476.0806730000051,0.7686938923932665,0.0,476.2504150000103,0.1449155469869958,0.9999999999999999
476.3217730000054,0.8342325462327704,0.0,476.4929920000103,0.1384644348383805,0.9999999999999999
476.57579200000544,0.8970769946223056,0.0,476.74746200001033,0.1342685317137196,0.9999999999999999
476.82918800000533,0.9406281192080237,0.0,476.9948340000103,0.13291618014915602,0.9999999999999999
477.06341200000537,0.9535472033146771,0.0,477.2333640000104,0.13468242169916728,0.9999999999999999
477.31188100000537,0.9377081202723824,0.0,477.5073850000104,0.13926380640434957,0.9999999999999999
477.55630000000536,0.9054611327319375,0.0,477.7324240000103,0.1463534663726069,0.9999999999999999
477.8063540000055,0.8704982570203998,0.0,477.9854480000101,0.15660501993431947,0.9999999999999999
478.0603310000054,0.8416263966198916,0.0,478.22668700001014,0.17150030556224055,0.9999999999999999
478.3036380000054,0.8216663272714904,0.0,478.48942100001017,0.19188431609545628,0.9999999999999999
478.54653700000546,0.8092983779895546,0.0,478.72115100001014,0.21662150327923063,0.9999999999999999
478.7964900000057,0.8014268429121195,0.0,478.96903000001,0.24218695349056707,0.9999999999999999
479.0404610000058,0.7949354127040593,0.0,479.2138660000096,0.2628010723149896,0.9999999999999999
479.2863860000057,0.787288102682737,0.0,479.4734900000096,0.2723354720300437,0.9999999999999999
479.53197800000584,0.7781635928645835,0.0,479.71638300000956,0.26753791683194406,0.9999999999999999
479.7825000000058,0.7695748385603803,0.0,479.9661940000094,0.25011633454699395,0.9999999999999999
480.03483300000573,0.7650388175624598,0.0,480.21152600000937,0.2256243767133003,0.9999999999999999
480.2773540000057,0.7677988206284767,0.0,480.45747100000943,0.20048773958390437,0.9999999999999999
480.5268040000059,0.7801503193321564,0.0,480.72096600000947,0.1797144513497859,0.9999999999999999
480.7747290000062,0.8029248661280818,0.0,480.9500180000096,0.1661166365809979,0.9999999999999999
481.0216380000061,0.8332193777567385,0.0,481.19653200000965,0.16033609329849477,0.9999999999999999
481.2688710000061,0.8632420607833805,0.0,481.44731800000994,0.1615356216712811,0.9999999999999999
481.51804500000617,0.8825285433002048,0.0,481.6931790000099,0.16792280351590158,0.9999999999999999
481.77107900000624,0.8839757228742366,0.0,481.9463980000099,0.17749906802930351,0.9999999999999999
482.01441900000617,0.8666735226236124,0.0,482.19233600000985,0.18883512916623224,0.9999999999999999
482.260951000006,0.8359280267579146,0.0,482.43627200001004,0.2012448818033582,0.9999999999999999
482.51156400000605,0.7996478745761746,0.0,482.68578400000996,0.21402597180592114,0.9999999999999999
482.7700090000062,0.7640123817802107,0.0,482.93102300001,0.22556113757249,0.9999999999999999
483.00965500000626,0.7316416772879532,0.00773195876288657,483.1894270000099,0.23275503294965275,0.9999999999999999
483.2441090000064,0.7027999253071141,0.05798969072164944,483.4244270000098,0.23254341141404886,0.9999999999999999
483.50020000000643,0.676959241108402,0.10824742268041239,483.6777630000097,0.22423119874800448,0.9999999999999999
483.7469900000063,0.6533492557328119,0.16443298969072165,483.9312990000097,0.20977162943483715,0.9999999999999999
483.9874260000063,0.6319439503168596,0.23539518900343645,484.17791500000976,0.19216127605813405,0.9999999999999999
484.2461810000064,0.6152603670975246,0.27268041237113405,484.4165660000097,0.17398274870737981,0.9999999999999999
484.48696600000613,0.6077238829176774,0.2991408934707903,484.66910000000973,0.15704357728663765,0.9999999999999999
484.7322040000062,0.6146485697421904,0.275085910652921,484.90855400000976,0.14249984671321805,0.9999999999999999
484.9806230000062,0.6411645448189573,0.20051546391752578,485.1834040000098,0.13106759813838034,0.9999999999999999
485.2297360000063,0.6906796922455268,0.07654639175257728,485.40688300000977,0.1231019177462643,0.9999999999999999
485.48170700000645,0.761856569545134,0.0,485.6482750000098,0.1185853483310653,0.9999999999999999
485.7282420000064,0.8466482179064857,0.0,485.8966400000096,0.11708362020908941,0.9999999999999999
485.98380300000633,0.930732040008169,0.0,486.1492330000095,0.11776235322923691,0.9999999999999999
486.2258070000063,0.9985470020172873,0.0,486.39531600000936,0.11974073816555461,0.9999999999999999
486.4681840000061,1.0390449610925225,0.0,486.6541140000093,0.12268062684984186,0.9999999999999999
486.7162240000062,1.0492294811242213,0.0,486.88748200000936,0.12688565815353553,0.9999999999999999
486.9593080000062,1.034276828230781,0.0,487.1474450000093,0.1331666436325685,0.9999999999999999
487.2081190000065,1.0041264726102905,0.0,487.3838800000094,0.142319447574069,0.9999999999999999
487.45603300000624,0.9693488866599623,0.0,487.62834800000917,0.1540953330066353,0.9999999999999999
487.71098500000596,0.9379868740884005,0.0,487.879147000009,0.16680432650229457,0.9999999999999999
487.9504610000061,0.9154427392242631,0.0,488.12717300000907,0.1780995348884798,0.9999999999999999
488.19852700000604,0.9037734341807696,0.0,488.3902130000091,0.18625655272343014,0.9999999999999999
488.4533120000062,0.8997363975281739,0.0,488.62325900000934,0.19107473902957486,0.9999999999999999
488.69383500000595,0.8949930371120433,0.0,488.8677970000095,0.19335114164786313,0.9999999999999999
488.94339900000585,0.8775289527764345,0.0,489.1224890000096,0.19382665620035378,0.9999999999999999
489.1898490000059,0.8400199579479792,0.0,489.36428700000965,0.19284646935822558,0.9999999999999999
489.4316920000058,0.7859974377306003,0.0,489.6192910000096,0.19047544528374133,0.9999999999999999
489.68163300000555,0.7270021398877524,0.014690721649484565,489.8597850000098,0.1868328999112659,0.9999999999999999
489.9308000000056,0.6746330559800419,0.1152061855670103,490.1097460000097,0.18201258015610264,0.9999999999999999
490.18012700000554,0.6360025919259958,0.2209621993127147,490.35443800000974,0.17589644554111283,0.9999999999999999
490.43489300000584,0.6141243246193077,0.2774914089347079,490.6031100000098,0.16812539679864116,0.9999999999999999
490.67733700000576,0.6088338176281507,0.29793814432989685,490.8522860000098,0.1585926941553631,0.9999999999999999
490.9233210000061,0.6174209888601,0.26907216494845365,491.0972910000098,0.1477700633840666,0.9999999999999999
491.1713420000061,0.6338415400318673,0.23298969072164952,491.34413600000966,0.13645144498047498,0.9999999999999999
491.41972800000633,0.6514351953943212,0.17164948453608245,491.5940780000099,0.12550962044437478,0.9999999999999999
491.6704940000063,0.6660715768215508,0.13376288659793814,491.83864200000966,0.11569736913322587,0.9999999999999999
491.9128360000062,0.6778321188397238,0.10747422680412373,492.0893110000097,0.1074896978324302,0.9999999999999999
492.1663840000062,0.6877796701196468,0.08273195876288662,492.3318000000097,0.10111123135800776,0.9999999999999999
492.4093380000061,0.6961643899988921,0.06958762886597937,492.58284700000985,0.09658662693389183,0.9999999999999999
492.65459100000595,0.7016769753466588,0.059536082474226835,492.85282600001,0.09380245102338393,0.9999999999999999
492.905576000006,0.7022192559068946,0.05876288659793818,493.0866340000101,0.09255663648047013,0.9999999999999999
493.1551780000059,0.69617888396178,0.06881443298969071,493.33750400001026,0.09260928589905544,0.9999999999999999
493.39351800000605,0.68345963014924,0.0904639175257732,493.5799390000104,0.09359682081899154,0.9999999999999999
493.662079000006,0.6657684112648122,0.13530927835051546,493.82748200001026,0.09503428420691325,0.9999999999999999
493.905143000006,0.6466069597952782,0.18969072164948447,494.0655140000103,0.0963184696465231,0.9999999999999999
494.14011400000595,0.6311377342756987,0.24020618556701032,494.32334800001007,0.09685869478876366,0.9999999999999999
494.39299500000595,0.6258888256740964,0.24621993127147765,494.56046200001,0.09638741516295096,0.9999999999999999
494.636565000006,0.6371669569535391,0.21615120274914085,494.82014000001,0.09508967892003645,0.9999999999999999
494.880688000006,0.6682710115914595,0.1291237113402062,495.05799000000985,0.09346329377068288,0.9999999999999999
495.14401000000595,0.7173885139448857,0.03092783505154636,495.30638900000986,0.09201508426369916,0.9999999999999999
495.3870710000061,0.7781614768943246,0.0,495.55392200000983,0.09128775867789837,0.9999999999999999
495.62803600000626,0.8438612164332583,0.0,495.8012970000098,0.09190880124339448,0.9999999999999999
495.8744120000061,0.9099397934373366,0.0,496.06137800000977,0.09478270487461256,0.9999999999999999
496.1169630000061,0.9740308722618782,0.0,496.29380700000956,0.10133754136660612,0.9999999999999999
496.36242800000593,1.0337888383752165,0.0,496.54055800000964,0.11351204021652439,0.9999999999999999
496.61947600000605,1.0859213481281367,0.0,496.78912300000974,0.13258099713244087,0.9999999999999999
496.86304500000614,1.1266850099054921,0.0,497.0452260000097,0.1570795466493097,0.9999999999999999
497.1123400000061,1.1541951192922417,0.0,497.28766400000956,0.18209437620376548,0.9999999999999999
497.35278300000607,1.1694712659744755,0.0,497.5300310000096,0.20137508750132643,0.9999999999999999
497.6140580000061,1.1743941485263107,0.0,497.7810550000094,0.21063534419095814,0.9999999999999999
497.8519120000059,1.169487411340723,0.0,498.0308500000095,0.20889585560113277,0.9999999999999999
498.1154720000059,1.152860976480292,0.0,498.2828100000093,0.1977063070523559,0.9999999999999999
498.34991000000616,1.1220110953998825,0.0,498.52230300000934,0.18007280070105447,0.9999999999999999
498.59342700000605,1.076399657918172,0.0,498.77535700000925,0.15954231369554725,0.9999999999999999
498.8501760000059,1.0195283138258926,0.0,499.02081000000936,0.13945597230842932,0.9999999999999999
499.0845630000058,0.9572058537732333,0.0,499.2885670000092,0.12234317274323517,0.9999999999999999
499.33709900000565,0.8968324527486666,0.0,499.5170580000091,0.10969653950422767,0.9999999999999999
499.58198000000544,0.8459761875738019,0.0,499.7584620000091,0.10230420343799285,0.9999999999999999
499.8340910000054,0.8105007304696001,0.0,500.01444700000894,0.10053687187824538,0.9999999999999999
500.07793100000555,0.7927392977772754,0.0,500.26152100000894,0.10448868586595768,0.9999999999999999
500.32591400000547,0.7904041534364855,0.0,500.53049200000885,0.11372262863841404,0.9999999999999999
500.5783880000055,0.7989010025938237,0.0,500.7532440000091,0.12693211673129157,0.9999999999999999
500.82361800000535,0.8131937361699436,0.0,501.0010110000091,0.14164354031020665,0.9999999999999999
501.06858500000527,0.8295854679300987,0.0,501.24836100000925,0.1544853275486968,0.9999999999999999
501.3349930000053,0.846298866248339,0.0,501.49336600000925,0.16235006641927657,0.9999999999999999
501.5609500000054,0.8650106986784487,0.0,501.7418280000092,0.16432410810987644,0.9999999999999999
501.8073350000054,0.8895728417631109,0.0,501.9959000000092,0.16138314218468364,0.9999999999999999
502.0533930000053,0.9221794715302176,0.0,502.2457830000092,0.1549501391442996,0.9999999999999999
502.29961900000546,0.9596738892761106,0.0,502.48512300000925,0.14627745666379072,0.9999999999999999
502.5722260000054,0.9953019721207106,0.0,502.7271860000093,0.13643204173695933,0.9999999999999999
502.7945370000051,1.0196449152098201,0.0,502.9795810000091,0.12650291802575356,0.9999999999999999
503.0386490000052,1.0256097115206533,0.0,503.23019200000886,0.11776886657553945,0.9999999999999999
503.2936120000054,1.0096648548707432,0.0,503.47659500000896,0.11156823583358134,0.9999999999999999
503.53551400000543,0.9729775117698857,0.0,503.7256840000092,0.10866414900928446,0.9999999999999999
503.7822080000057,0.9200294376295609,0.0,503.97297500000917,0.10810936736484338,0.9999999999999999
504.0398500000056,0.8577413255641717,0.0,504.21956000000915,0.10755171086125463,0.9999999999999999
504.28421900000563,0.795020180023307,0.0,504.4669490000089,0.10515538536440121,0.9999999999999999
504.53327900000573,0.741723895891094,0.0,504.70847400000906,0.10057700572966446,0.9999999999999999
504.77931300000574,0.7080815092870754,0.05025773195876287,504.95770400000924,0.09443583626180804,0.9999999999999999
505.01861600000575,0.7035270423088746,0.056443298969072124,505.2069090000092,0.08778507095536556,0.9999999999999999
505.2759890000058,0.7352398424780656,0.0007731958762886569,505.45350300000916,0.08166849862493819,0.9999999999999999
505.51936000000586,0.8055049847505126,0.0,505.70343100000923,0.07708947921782118,0.9999999999999999
505.7757910000059,0.9067765888520453,0.0,505.9528080000095,0.07500008158272078,0.9999999999999999
506.01425700000595,1.0201017224285767,0.0,506.20066300000946,0.07616888555691034,0.9999999999999999
506.2657360000059,1.1219878288167426,0.0,506.44511600000953,0.08083222110504465,0.9999999999999999
506.5117720000058,1.1945172415500822,0.0,506.69004100000933,0.08820529931650246,0.9999999999999999
506.7586040000057,1.2290223637365214,0.0,506.9443570000093,0.0964172966640025,0.9999999999999999
506.9985990000057,1.2272383656462416,0.0,507.17894600000915,0.10349309249919038,0.9999999999999999
507.2565120000056,1.1978315274284321,0.0,507.42687600000903,0.1082804859292759,0.9999999999999999
507.4985230000055,1.1539794544130642,0.0,507.675737000009,0.1104042709293744,0.9999999999999999
507.7453030000058,1.106615791321092,0.0,507.9237830000088,0.11007357953053679,0.9999999999999999
507.99038500000586,1.0634487284728493,0.0,508.1704220000089,0.10790679214124685,0.9999999999999999
508.24074100000576,1.0269458628925103,0.0,508.41691500000877,0.10472893784148252,0.9999999999999999
508.49391600000575,0.9951882539558161,0.0,508.6647460000087,0.10146886492446527,0.9999999999999999
508.73278000000596,0.9653908141751497,0.0,508.9149480000084,0.09891210003721107,0.9999999999999999
508.99318000000585,0.9361215387274544,0.0,509.17194500000846,0.0975511296189205,0.9999999999999999
509.2329380000059,0.9071040319097592,0.0,509.41317400000855,0.09752585910509975,0.9999999999999999
509.4798250000061,0.8791173121230915,0.0,509.66175400000867,0.09847543611971431,0.9999999999999999
509.71927000000625,0.8532448045508711,0.0,509.9141420000086,0.09963550146850288,0.9999999999999999
509.9720300000062,0.8307773099787433,0.0,510.1617110000085,0.10029793234446266,0.9999999999999999
510.2401180000062,0.8137614228137551,0.0,510.40976500000846,0.10023462963067564,0.9999999999999999
510.4652200000064,0.8041137543460288,0.0,510.6491870000083,0.099821589192357,0.9999999999999999
510.71920100000614,0.803911606546639,0.0,510.89148300000846,0.09975901855666347,0.9999999999999999
510.9671200000063,0.8150449860494817,0.0,511.14431500000836,0.10064762563737982,0.9999999999999999
511.2055270000064,0.8383699440557004,0.0,511.39054400000833,0.10295433150619082,0.9999999999999999
511.45393300000626,0.8699062492871406,0.0,511.6481350000082,0.10721615389966005,0.9999999999999999
511.7063770000063,0.8986596980266399,0.0,511.8794420000082,0.11427874079910601,0.9999999999999999
511.95198200000607,0.9101101991288756,0.0,512.1248860000084,0.12514751454605902,0.9999999999999999
512.193569000006,0.8942056696273697,0.0,512.377466000008,0.14090759028070077,0.9999999999999999
512.4431870000062,0.8509639365595315,0.0,512.623588000008,0.1617396593564483,0.9999999999999999
512.6891370000063,0.7890958118193512,0.0,512.8675840000082,0.18590918130204137,0.9999999999999999
512.9391200000064,0.7220528340588652,0.022422680412371134,513.1179420000078,0.21001456011083916,0.9999999999999999
513.1816290000064,0.66343294431754,0.1399484536082474,513.3679670000079,0.23053063064610096,0.9999999999999999
513.4409730000064,0.6236676753177346,0.252233676975945,513.6108670000077,0.2446381289623944,0.9999999999999999
513.6768190000064,0.6073815561794345,0.3027491408934708,513.8615140000077,0.2504567376714823,0.9999999999999999
513.9305590000064,0.6124049804312053,0.2810996563573883,514.1026760000077,0.24757775356739126,0.9999999999999999
514.1737450000065,0.6320717169013709,0.23419243986254298,514.3439450000077,0.23752064730172914,0.9999999999999999
514.4256720000064,0.6588738437612647,0.14999999999999994,514.5953280000076,0.22336750752423085,0.9999999999999999
514.6707050000064,0.6870815087839577,0.08350515463917528,514.8433740000077,0.20840779104736976,0.9999999999999999
514.9125880000065,0.7127809975659136,0.03865979381443301,515.0912840000077,0.1950000222898166,0.9999999999999999
515.1643240000066,0.7339653556436381,0.0015463917525773139,515.3418410000079,0.18437099095599419,0.9999999999999999
515.4131450000066,0.7495996969808898,0.0,515.585898000008,0.17710253225150696,0.9999999999999999
515.6687700000067,0.7598456626838561,0.0,515.8299360000082,0.17329861685879347,0.9999999999999999
515.9076040000069,0.7650096106050343,0.0,516.0794040000079,0.17282867301974464,0.9999999999999999
516.1535670000069,0.7649720815586539,0.0,516.3306320000081,0.17534127375060368,0.9999999999999999
516.4016150000069,0.7584604319221991,0.0,516.5741470000078,0.18033112152109956,0.9999999999999999
516.656560000007,0.7440804294832809,0.0,516.8277370000077,0.18705178780500398,0.9999999999999999
516.900711000007,0.7214803131298915,0.02319587628865979,517.0701840000077,0.19430588914036,0.9999999999999999
517.1385060000072,0.6921576070413142,0.07577319587628863,517.316151000008,0.1998795097174586,0.9999999999999999
517.3873330000072,0.6605059764017253,0.1469072164948453,517.562273000008,0.20066041211122493,0.9999999999999999
517.6384430000074,0.6327747536458761,0.23298969072164952,517.8196850000081,0.19415541397873043,0.9999999999999999
517.8829130000076,0.6162022515446494,0.2702749140893471,518.0708070000082,0.18028232618165457,0.9999999999999999
518.1288320000078,0.6171714234826282,0.2702749140893471,518.3072480000084,0.16155595319826502,0.9999999999999999
518.3734300000079,0.6407143445130403,0.20171821305841925,518.5597390000083,0.14139766807867762,0.9999999999999999
518.6187480000079,0.6878030822584725,0.08273195876288662,518.8097060000084,0.12243036894313812,0.9999999999999999
518.882750000008,0.7537188803157745,0.0,519.0677500000086,0.10609131157223871,0.9999999999999999
519.1207510000079,0.8292148653940065,0.0,519.3036980000085,0.0930435631811811,0.9999999999999999
519.369807000008,0.9042496237900273,0.0,519.5487810000084,0.08352439291589882,0.9999999999999999
519.6177590000082,0.971347649924938,0.0,519.7971910000085,0.07748346437575886,0.9999999999999999
519.862731000008,1.0252818395953913,0.0,520.0436220000083,0.07466893969366295,0.9999999999999999
520.114147000008,1.0626383973710292,0.0,520.2906630000082,0.07440722433129089,0.9999999999999999
520.3570150000079,1.0804102977188021,0.0,520.5369260000082,0.07553269468585111,0.9999999999999999
520.600087000008,1.0764087731994538,0.0,520.8086820000082,0.07668001236417232,0.9999999999999999
520.847634000008,1.0515705801373911,0.0,521.0309170000081,0.0771292660300724,0.9999999999999999
521.113942000008,1.0121866641508266,0.0,521.2773410000078,0.07718554150838261,0.9999999999999999
521.3500330000084,0.9682187722758198,0.0,521.528084000008,0.07782192783492266,0.9999999999999999
521.592467000008,0.9295962773484507,0.0,521.7754950000077,0.08038979184446021,0.9999999999999999
521.836785000008,0.9046271262652107,0.0,522.0235430000077,0.0867271188763495,0.9999999999999999
522.0901260000081,0.8983560235172796,0.0,522.2858350000076,0.09810722073660533,0.9999999999999999
522.3420590000081,0.9106276512218134,0.0,522.5243440000075,0.11410124770622708,0.9999999999999999
522.5812520000082,0.9356473757309058,0.0,522.7678530000076,0.13232915792586053,0.9999999999999999
522.8323720000085,0.9636923210327797,0.0,523.0210910000075,0.1491391816673244,0.9999999999999999
523.0783710000085,0.9838044609154446,0.0,523.2670510000073,0.16119467490755968,0.9999999999999999
523.3266600000085,0.9872936785453947,0.0,523.5311100000074,0.1667974635878723,0.9999999999999999
523.5722800000087,0.9706412798211413,0.0,523.7509330000073,0.16604948561321636,0.9999999999999999
523.8205760000087,0.9369591856898822,0.0,524.0039970000073,0.1603548854751877,0.9999999999999999
524.0664560000089,0.8945993928516726,0.0,524.2540070000072,0.15172093287533023,0.9999999999999999
524.3258980000088,0.8532144784619778,0.0,524.501731000007,0.14219240749196846,0.9999999999999999
524.5699500000087,0.8201478010456892,0.0,524.7474390000076,0.1335579163209379,0.9999999999999999
524.8220160000085,0.7980690637564513,0.0,524.9949000000081,0.12736839887048662,0.9999999999999999
525.0618130000083,0.7851132725149522,0.0,525.254511000008,0.12482276108991261,0.9999999999999999
525.3246530000084,0.775060270263801,0.0,525.4963660000078,0.12633169503460023,0.9999999999999999
525.5789330000083,0.7620347429660091,0.0,525.7351940000079,0.13148064332422696,0.9999999999999999
525.799871000008,0.7437753511297515,0.0,525.9814490000081,0.13924920579769584,0.9999999999999999
526.0524140000082,0.7231676880749431,0.019329896907216506,526.2338500000078,0.14865755273778666,0.9999999999999999
526.2992940000081,0.7065819294697447,0.05412371134020615,526.4838070000077,0.15899932206358577,0.9999999999999999
526.5442820000081,0.7007228994683385,0.06185567010309281,526.7372800000077,0.1697465864461441,0.9999999999999999
526.7937960000083,0.7097188966712653,0.04639175257731958,526.970659000008,0.18024035582250922,0.9999999999999999
527.0437470000086,0.7353969340805129,0.0007731958762886569,527.2227340000081,0.18964263162623235,0.9999999999999999
527.2863190000089,0.7755455891125036,0.0,527.4670630000077,0.1974177528805921,0.9999999999999999
527.5322710000091,0.8230808596287746,0.0,527.7121830000079,0.20362380239628536,0.9999999999999999
527.7862250000089,0.867744386711812,0.0,527.9604800000083,0.20850093972041708,0.9999999999999999
528.0390500000088,0.9010155449320423,0.0,528.205923000008,0.21215703746719752,0.9999999999999999
528.2720920000093,0.9205325054845157,0.0,528.4578490000079,0.21454249397295722,0.9999999999999999
528.5333930000089,0.9298370001659183,0.0,528.7094010000079,0.2155998143165157,0.9999999999999999
528.781522000009,0.9354252661183773,0.0,528.9512240000079,0.21499555849615212,0.9999999999999999
529.0207560000086,0.9426142080336936,0.0,529.1987780000075,0.21190800737846746,0.9999999999999999
529.2682390000084,0.9540363949181362,0.0,529.4556970000073,0.20557287154119178,0.9999999999999999
529.5191850000087,0.967950999499638,0.0,529.696782000007,0.19674924340914327,0.9999999999999999
529.7701890000084,0.979406584665315,0.0,529.9421330000068,0.18829186944832832,0.9999999999999999
530.0149550000086,0.9829592856199421,0.0,530.1937780000069,0.18388088183397347,0.9999999999999999
530.2568290000087,0.9773105089753458,0.0,530.4382060000073,0.18604328720425525,0.9999999999999999
530.5076560000091,0.9652105083041608,0.0,530.6850710000075,0.1947499140081854,0.9999999999999999
530.7582910000091,0.9525259524174542,0.0,530.9365850000077,0.20705024728951385,0.9999999999999999
531.0032720000088,0.9427958181922066,0.0,531.1780890000077,0.21816650779744293,0.9999999999999999
531.2499630000084,0.9371944602225274,0.0,531.4356260000076,0.22339672747335002,0.9999999999999999
531.4918610000084,0.9356595747293841,0.0,531.6756510000073,0.2199691579492226,0.9999999999999999
531.7449020000084,0.93804001831909,0.0,531.9241690000073,0.2080794081031202,0.9999999999999999
531.9978230000082,0.9445986134787246,0.0,532.169134000007,0.1906202279047401,0.9999999999999999
532.2347510000084,0.9560866156743923,0.0,532.4242960000065,0.17159799057070252,0.9999999999999999
532.4826460000086,0.9727108665757526,0.0,532.6615340000068,0.15447502352478185,0.9999999999999999
532.7270760000084,0.9931944214982568,0.0,532.9147230000065,0.14106053810958552,0.9999999999999999
532.9851700000081,1.0137433948864647,0.0,533.1702550000066,0.1311925722923268,0.9999999999999999
533.2501600000077,1.0287469809730467,0.0,533.4110930000063,0.12352324082761836,0.9999999999999999
533.490704000008,1.0337151537775005,0.0,533.6536400000064,0.11660689990694036,0.9999999999999999
533.7194190000084,1.0279275000751795,0.0,533.9046190000067,0.1097855107853036,0.9999999999999999
533.9645790000084,1.0140663979310078,0.0,534.155255000007,0.10331026356001126,0.9999999999999999
534.2077790000087,0.9961088894874118,0.0,534.4094920000072,0.0978048354697128,0.9999999999999999
534.4577590000089,0.977340177304222,0.0,534.6539190000066,0.09389913644437306,0.9999999999999999
534.703735000009,0.9589330670677142,0.0,534.8962860000066,0.09199066657716615,0.9999999999999999
534.9563140000092,0.9405612130195308,0.0,535.1479380000065,0.09252382168481757,0.9999999999999999
535.2007830000089,0.9213697428314648,0.0,535.3893750000067,0.09705082911665247,0.9999999999999999
535.4491720000086,0.9015932217424649,0.0,535.6366220000064,0.10803900655427331,0.9999999999999999
535.6950800000087,0.883186210867829,0.0,535.892760000006,0.12695275656263358,0.9999999999999999
535.9435720000088,0.8708326489441863,0.0,536.1332930000057,0.15234432470858933,0.9999999999999999
536.1916000000085,0.8700098023427157,0.0,536.3852770000055,0.18001567342021682,0.9999999999999999
536.4544020000085,0.8844329159685511,0.0,536.6261640000056,0.20515177545788127,0.9999999999999999
536.6900350000088,0.9159601644383002,0.0,536.8776690000055,0.22434014962671106,0.9999999999999999
536.9333850000091,0.9631340199268323,0.0,537.1235380000057,0.23650442328978902,0.9999999999999999
537.1817710000086,1.0180938173489023,0.0,537.3711430000062,0.24271397548851628,0.9999999999999999
537.4286870000083,1.0666088846843615,0.0,537.6189380000064,0.24540800285250722,0.9999999999999999
537.6797850000082,1.094129486494507,0.0,537.8748830000065,0.24722162095122885,0.9999999999999999
537.9305480000082,1.0936417680053645,0.0,538.1232800000063,0.24974243277627373,0.9999999999999999
538.1737950000081,1.0677048238163063,0.0,538.3558060000064,0.25272414661995957,0.9999999999999999
538.4231250000082,1.0247610278537567,0.0,538.6117760000062,0.2546742349838749,0.9999999999999999
538.6705580000084,0.974382453731216,0.0,538.8787100000058,0.25457351255025934,0.9999999999999999
538.919529000008,0.9250567216190559,0.0,539.1126800000054,0.2526296656666649,0.9999999999999999
539.1648490000077,0.8828831270404301,0.0,539.3517030000053,0.24958494905474948,0.9999999999999999
539.4179150000076,0.8504924266042687,0.0,539.5911780000049,0.2463463500479008,0.9999999999999999
539.6733710000078,0.8266386064128473,0.0,539.8435630000048,0.2434084644818772,0.9999999999999999
539.9073460000076,0.8073400823919636,0.0,540.0951240000046,0.23958127569833096,0.9999999999999999
540.1552540000076,0.7881592255200865,0.0,540.3385580000041,0.23177182944116126,0.9999999999999999
540.405153000008,0.7662376594783858,0.0,540.5874520000042,0.21809564255009015,0.9999999999999999
540.656891000008,0.7415773729875373,0.0,540.8330690000045,0.20005911189879722,0.9999999999999999
540.922854000008,0.7176301828627625,0.030154639175257705,541.0768910000044,0.18050513590725167,0.9999999999999999
541.1472820000079,0.6996839465806892,0.06572164948453608,541.3254390000043,0.16162538521623887,0.9999999999999999
541.3938560000074,0.6918221836468795,0.07577319587628863,541.5668140000039,0.1448202520836622,0.9999999999999999
541.6497720000071,0.6943147976461883,0.07113402061855668,541.8198590000035,0.13103917243226842,0.9999999999999999
541.8922050000073,0.7036433402161261,0.056443298969072124,542.0837340000036,0.12097272525589599,0.9999999999999999
542.1325580000075,0.7138650143398428,0.03865979381443301,542.3148290000039,0.11506538089357263,0.9999999999999999
542.3880410000077,0.718546027975166,0.027835051546391733,542.5572110000039,0.11338355476230724,0.9999999999999999
542.6319920000083,0.7129483045870078,0.03865979381443301,542.8088250000039,0.11529395862245218,0.9999999999999999
542.8900600000088,0.6956849763728075,0.07113402061855668,543.060899000004,0.11944092679162052,0.9999999999999999
543.123611000009,0.6698761376755208,0.12293814432989687,543.3047480000039,0.1246032522850512,0.9999999999999999
543.381170000009,0.6427741780994423,0.19690721649484538,543.5499110000039,0.13018631145934245,0.9999999999999999
543.6352000000095,0.6223773946631941,0.25463917525773194,543.8004240000037,0.13557372680724483,0.9999999999999999
543.8731360000093,0.6136239318369449,0.2786941580756014,544.0450140000036,0.13951567420542738,0.9999999999999999
544.1310410000093,0.6168351950934835,0.2702749140893471,544.2898330000033,0.14088190343340268,0.9999999999999999
544.3661200000097,0.6289103551139612,0.24261168384879725,544.5409980000035,0.13974487861068668,0.9999999999999999
544.61883900001,0.6453349732871015,0.19089347079037805,544.7851820000034,0.1375515934862106,0.9999999999999999
544.8628380000098,0.6599236036102718,0.14768041237113397,545.0381660000036,0.1366203855697489,0.9999999999999999
545.1072350000098,0.6650736481109544,0.13762886597938143,545.3007150000032,0.1395869825842677,0.9999999999999999
545.3658900000096,0.655029836574339,0.16202749140893472,545.5334560000028,0.14922655267453216,0.9999999999999999
545.6111970000095,0.6295955555826422,0.24261168384879725,545.7859960000033,0.1682496603453973,0.9999999999999999
545.8517760000095,0.5956580700194674,0.33402061855670095,546.0259870000034,0.19752063033605394,0.9999999999999999
546.0973410000097,0.5637125897623313,0.4458762886597939,546.2806250000035,0.23256602793424785,0.9999999999999999
546.3430180000098,0.5434368830936721,0.5036082474226804,546.5181760000033,0.2620950398418028,0.9999999999999999
546.5899830000097,0.5421163361093437,0.5048109965635739,546.7691720000031,0.27660576515940394,0.9999999999999999
546.8382920000101,0.5644105697610047,0.43986254295532645,547.0191280000031,0.27569708243016183,0.9999999999999999
547.0857420000103,0.6121025245343922,0.2810996563573883,547.2605160000031,0.2648584962556542,0.9999999999999999
547.3416640000104,0.6813472477375715,0.09432989690721648,547.5124420000024,0.25016962654291475,0.9999999999999999
547.5827610000107,0.7599923649835346,0.0,547.7691050000029,0.23600759290849824,0.9999999999999999
547.8271360000105,0.8304187286074504,0.0,548.0102450000029,0.22479250942908918,0.9999999999999999
548.0815470000098,0.8794952305264451,0.0,548.2574220000023,0.21684139670298275,0.9999999999999999
548.33198700001,0.9067038736528977,0.0,548.5112690000019,0.21078109117071847,0.9999999999999999
548.5719520000098,0.9225532977194253,0.0,548.7572900000021,0.204785800817459,0.9999999999999999
548.8173420000101,0.9407071457368895,0.0,548.9955620000022,0.1976585736264948,0.9999999999999999
549.0636500000097,0.9708751507349044,0.0,549.2391060000024,0.1889713607923933,0.9999999999999999
549.3160650000096,1.0151047234529766,0.0,549.4970320000019,0.17870601362899985,0.9999999999999999
549.5736920000095,1.0672387903812417,0.0,549.7563780000021,0.16730548336721865,0.9999999999999999
549.8100110000098,1.1147740126659351,0.0,549.9910170000021,0.1555978042748405,0.9999999999999999
550.0580430000099,1.1446802149905724,0.0,550.2348570000022,0.14460573211131464,0.9999999999999999
550.3071530000097,1.1522546633952302,0.0,550.4848190000018,0.13544812334282738,0.9999999999999999
550.5520120000099,1.1427404482199266,0.0,550.7269550000018,0.12900350065961427,0.9999999999999999
550.7984750000106,1.126063736144166,0.0,550.9685170000023,0.12575266544693636,0.9999999999999999
551.0452090000109,1.1106429918917304,0.0,551.2228480000027,0.1257883606168795,0.9999999999999999
551.2989220000111,1.099089004262788,0.0,551.476053000003,0.12895156843886882,0.9999999999999999
551.5450550000112,1.0870765393835202,0.0,551.7160640000031,0.13487946105715026,0.9999999999999999
551.8050060000111,1.0685910434221313,0.0,551.9608580000036,0.14277594622752365,0.9999999999999999
552.0441940000112,1.0435443857951998,0.0,552.2089730000044,0.15143834435194917,0.9999999999999999
552.2848150000113,1.0158415425334766,0.0,552.4605400000041,0.1595283944894555,0.9999999999999999
552.5311790000113,0.9898609043966042,0.0,552.700604000004,0.16613700905294423,0.9999999999999999
552.7840450000115,0.9684671515412576,0.0,552.9599140000041,0.17142080699303303,0.9999999999999999
553.0263920000112,0.9541865878579108,0.0,553.2013020000041,0.1764651338931512,0.9999999999999999
553.2735530000118,0.9506292131721021,0.0,553.4437270000035,0.18277492548877655,0.9999999999999999
553.526484000012,0.9622552834777046,0.0,553.6986790000036,0.19140376558244507,0.9999999999999999
553.777774000012,0.9908828791115631,0.0,553.9417500000037,0.20231107224803357,0.9999999999999999
554.022937000012,1.0304354532622948,0.0,554.2138290000033,0.214358441106893,0.9999999999999999
554.2699040000118,1.069025592163251,0.0,554.4405490000028,0.22583886415412802,0.9999999999999999
554.5228590000119,1.099025255187579,0.0,554.6841340000033,0.2349386905009184,0.9999999999999999
554.770756000012,1.1234220836199302,0.0,554.9290570000024,0.24008397771062537,0.9999999999999999
555.0163400000118,1.1511379201030798,0.0,555.1761770000026,0.23983896263069912,0.9999999999999999
555.2551770000119,1.1879877089048878,0.0,555.4304520000023,0.23327115432715717,0.9999999999999999
555.5087410000115,1.2327414682057394,0.0,555.672152000003,0.2209474980318421,0.9999999999999999
555.7603060000113,1.2793053869181341,0.0,555.9233930000034,0.20508278884775694,0.9999999999999999
555.9991930000111,1.3197906501604577,0.0,556.1696750000038,0.18828651132744903,0.9999999999999999
556.2727370000111,1.3450059716814131,0.0,556.4241790000045,0.17250983354086638,0.9999999999999999
556.5024420000111,1.347350492232665,0.0,556.6623730000041,0.1590215215129091,0.9999999999999999
556.7397270000109,1.3226642254811651,0.0,556.9138390000039,0.14870286731965618,0.9999999999999999
557.002414000011,1.2711647492094231,0.0,557.1537850000037,0.14217654288236717,0.9999999999999999
557.2370960000106,1.1976830831363112,0.0,557.4277070000037,0.13982322132650488,0.9999999999999999
557.4906870000104,1.1111371032926787,0.0,557.6591810000039,0.14145323846672975,0.9999999999999999
557.74055900001,1.02147104198773,0.0,557.9020240000034,0.14584997831847707,0.9999999999999999
557.9784940000098,0.9374397467722052,0.0,558.1510130000032,0.1506784470812704,0.9999999999999999
558.22593800001,0.8661273992942181,0.0,558.400622000003,0.15334225314536098,0.9999999999999999
558.4697240000099,0.8138268257509115,0.0,558.6460360000026,0.15216317365988152,0.9999999999999999
558.7217130000099,0.7855819694897589,0.0,558.8985510000026,0.1469934534231672,0.9999999999999999
558.9706360000094,0.7833463608617655,0.0,559.1474840000028,0.13884319195327724,0.9999999999999999
559.2111130000092,0.8026727444815005,0.0,559.3919460000022,0.1291348389122149,0.9999999999999999
559.4762010000092,0.8307982805811357,0.0,559.6369010000024,0.11927185123262993,0.9999999999999999
559.7127450000095,0.852281308371529,0.0,559.8924210000022,0.11034840367064212,0.9999999999999999
559.9648300000091,0.8593856854286978,0.0,560.1302510000025,0.10288964548296615,0.9999999999999999
560.2036450000094,0.854570791938154,0.0,560.3767690000026,0.097001292666794,0.9999999999999999
560.4551740000093,0.8462758404998509,0.0,560.6402940000027,0.09267845400323262,0.9999999999999999
560.7185370000094,0.841993491859744,0.0,560.8772050000027,0.08985567396540342,0.9999999999999999
560.9443230000091,0.8436560139298517,0.0,561.1380490000024,0.08842695569226727,0.9999999999999999
561.1957640000091,0.8464495894796075,0.0,561.3754420000024,0.0883343382716684,0.9999999999999999
561.4386030000089,0.843856440448065,0.0,561.6167510000024,0.0897074722467382,0.9999999999999999
561.6890340000089,0.83299708214304,0.0,561.8577720000025,0.09284708159891686,0.9999999999999999
561.9329380000094,0.8158311935830926,0.0,562.1142100000027,0.09807278495999253,0.9999999999999999
562.1808600000095,0.7969287182322944,0.0,562.3581590000026,0.10560513721672109,0.9999999999999999
562.43246000001,0.7809012335687985,0.0,562.6024890000026,0.11530731149422753,0.9999999999999999
562.6834620000105,0.7723383084823645,0.0,562.8545690000029,0.12613708479054064,0.9999999999999999
562.9323770000107,0.7772950548297526,0.0,563.1029810000034,0.1362303314424927,0.9999999999999999
563.1751730000105,0.8035387149266777,0.0,563.3479390000036,0.1436663846018969,0.9999999999999999
563.4240860000103,0.8584845128496138,0.0,563.5995290000039,0.1473269231453458,0.9999999999999999
563.6714730000105,0.9451628624674906,0.0,563.8406550000044,0.14737956683639164,0.9999999999999999
563.9107970000105,1.0597634962871278,0.0,564.0925310000041,0.14506223454470268,0.9999999999999999
564.1622940000109,1.1936619275936886,0.0,564.3375410000042,0.14206058925602494,0.9999999999999999
564.4153660000113,1.3349071887562152,0.0,564.5851770000039,0.13967590630594345,0.9999999999999999
564.653322000011,1.4682464200166172,0.0,564.833133000004,0.1384090575337317,0.9999999999999999
564.9073410000107,1.5753661722390875,0.0,565.0959590000039,0.13792405204086472,0.9999999999999999
565.1813610000107,1.6380112674632492,0.0,565.3271830000039,0.1373722125122327,0.9999999999999999
565.3989970000107,1.6458983510837142,0.0,565.5796280000036,0.13611800846109057,0.9999999999999999
565.6509720000103,1.6025851003658356,0.0,565.830277000004,0.13418923787539613,0.9999999999999999
565.8954290000108,1.5236151346718223,0.0,566.073188000004,0.13226380933723267,0.9999999999999999
566.147795000011,1.4270850764754752,0.0,566.3182800000039,0.13135447145749582,0.9999999999999999
566.3988500000108,1.3255713078219002,0.0,566.5646380000038,0.1326219772474969,0.9999999999999999
566.6402030000106,1.2260769145468382,0.0,566.8097230000039,0.13779050663388856,0.9999999999999999
566.8869620000102,1.1329952921463953,0.0,567.064104000004,0.14899084233960214,0.9999999999999999
567.1450220000103,1.0501843804175235,0.0,567.3092060000039,0.16733118645469086,0.9999999999999999
567.3890810000103,0.9814852006862854,0.0,567.5602350000038,0.19176532110509145,0.9999999999999999
567.6365960000104,0.9309846667121578,0.0,567.807611000004,0.21907936479619905,0.9999999999999999
567.8740260000104,0.903638999374075,0.0,568.0491340000038,0.2450861432000055,0.9999999999999999
568.1305300000104,0.901439659976837,0.0,568.3098650000035,0.26556097722033073,0.9999999999999999
568.37953500001,0.9203872769417057,0.0,568.5467820000033,0.2769233186464463,0.9999999999999999
568.61457100001,0.9520431157551275,0.0,568.7948190000029,0.27750393318778643,0.9999999999999999
568.8653310000099,0.988154103132892,0.0,569.0378730000028,0.26933263912294897,0.9999999999999999
569.1163110000098,1.021783771828349,0.0,569.2961970000034,0.25819579714597846,0.9999999999999999
569.3623190000097,1.0464484483317016,0.0,569.5623050000033,0.2509597576798178,0.9999999999999999
569.6143560000099,1.0553677853814927,0.0,569.7931600000031,0.2520783959255932,0.9999999999999999
569.8555970000101,1.0439901567035355,0.0,570.030019000003,0.2620192227806799,0.9999999999999999
570.1055760000099,1.0147643688168553,0.0,570.2820530000026,0.27765339540915346,0.9999999999999999
570.34937600001,0.9778383724339323,0.0,570.5248740000028,0.2946206298976457,0.9999999999999999
570.59868700001,0.9470910127783885,0.0,570.7784480000031,0.3092143037566005,0.9999999999999999
570.8422250000101,0.9329230100942415,0.0,571.0189620000031,0.3193033566464125,0.9999999999999999
571.0892570000096,0.9361687398788735,0.0,571.2741960000029,0.3243429912570431,0.9999999999999999
571.3341630000095,0.946600324254768,0.0,571.5253330000027,0.32456749241397576,0.9999999999999999
571.5815620000094,0.9493964752844002,0.0,571.7657050000026,0.3207341565521953,0.9999999999999999
571.8365090000095,0.9343596969108567,0.0,572.0144210000029,0.31387395218986613,0.9999999999999999
572.0815140000096,0.899227919802365,0.0,572.258078000003,0.3050521013718814,0.9999999999999999
572.3389270000092,0.84967217157966,0.0,572.5096170000031,0.29543211072553915,0.9999999999999999
572.5809210000091,0.7951106597073991,0.0,572.7678610000032,0.2860375012269961,0.9999999999999999
572.8289580000089,0.7449312951790454,0.0,573.0034270000031,0.2774630911830818,0.9999999999999999
573.0849550000092,0.7078767250564889,0.05025773195876287,573.2520090000028,0.2695723725387536,0.9999999999999999
573.3182370000092,0.6909363818195985,0.07577319587628863,573.5002600000026,0.26179156656043856,0.9999999999999999
573.575317000009,0.697266251309553,0.06804123711340206,573.749216000003,0.25363389366378686,0.9999999999999999
573.8138560000087,0.7251012520808013,0.016237113402061878,573.9977480000032,0.24515241610598654,0.9999999999999999
574.0587330000086,0.768032908564513,0.0,574.2383660000032,0.23722569942447505,0.9999999999999999
574.3086870000085,0.817771057279705,0.0,574.4832120000029,0.23130673986451247,0.9999999999999999
574.5560670000084,0.8674111219731269,0.0,574.7432920000032,0.22902466495953405,0.9999999999999999
574.8196150000084,0.9139951852597974,0.0,574.9832000000031,0.23144449134419257,0.9999999999999999
575.0534260000084,0.9582523365085774,0.0,575.2403570000031,0.2387788680000662,0.9999999999999999
575.2961140000083,0.9990348248686782,0.0,575.4812410000034,0.25035144415600924,0.9999999999999999
575.5471420000086,1.0322455905883512,0.0,575.7197030000038,0.26458923150708413,0.9999999999999999
575.7945470000084,1.053413392737573,0.0,575.9811060000044,0.2791812319719217,0.9999999999999999
576.0461990000081,1.061324693085999,0.0,576.2186400000044,0.2915591839616052,0.9999999999999999
576.2905260000078,1.0595175966172152,0.0,576.4777050000043,0.2994479561454773,0.9999999999999999
576.5310760000077,1.054226780325806,0.0,576.7209610000046,0.3017141359100754,0.9999999999999999
576.7996050000078,1.0520552796566185,0.0,576.9615830000046,0.2989138800388047,0.9999999999999999
577.0300810000077,1.0570133831244697,0.0,577.2330160000046,0.29286153346720656,0.9999999999999999
577.2774750000076,1.0667291514552217,0.0,577.4576470000046,0.2852249847200622,0.9999999999999999
577.5246710000075,1.07021301576216,0.0,577.7007180000045,0.2768932535544266,0.9999999999999999
577.7746530000072,1.0513167039607048,0.0,577.9666370000047,0.2680618409932596,0.9999999999999999
578.0299730000069,1.0020613838980026,0.0,578.1950880000051,0.25868553102389047,0.9999999999999999
578.2699220000069,0.930824045675952,0.0,578.452670000005,0.2488567677832061,0.9999999999999999
578.5163160000066,0.8537189993601786,0.0,578.6900100000055,0.23856880868142272,0.9999999999999999
578.7637100000068,0.7846090646537192,0.0,578.948076000005,0.22761006026312924,0.9999999999999999
579.0168940000063,0.7308307283226064,0.008505154639175226,579.1949770000051,0.2156353068301563,0.9999999999999999
579.2548240000064,0.6944621703248021,0.07113402061855668,579.4374130000049,0.20247193587642343,0.9999999999999999
579.5107270000062,0.6762547615475097,0.11134020618556702,579.6844430000045,0.18846271978023663,0.9999999999999999
579.7514210000062,0.6774586956646519,0.10747422680412373,579.9283550000042,0.17464080403649007,0.9999999999999999
580.0046050000069,0.7002716485124172,0.06262886597938146,580.173490000004,0.16248499413553644,0.9999999999999999
580.2494690000066,0.7469430133131839,0.0,580.4478750000036,0.15353746046784653,0.9999999999999999
580.4969740000059,0.8143582993298332,0.0,580.6702290000036,0.1494273212863462,0.9999999999999999
580.744880000006,0.891238123019648,0.0,580.9191940000035,0.15182514410534778,0.9999999999999999
580.9948500000062,0.9635370842190023,0.0,581.1657940000034,0.16226358334648178,0.9999999999999999
581.2455450000061,1.023546897075441,0.0,581.4218090000031,0.18156531512895766,0.9999999999999999
581.4946560000061,1.0723669736336143,0.0,581.6599180000036,0.2088147331563251,0.9999999999999999
581.7326840000061,1.1160425075458156,0.0,581.9083060000036,0.24029293974167407,0.9999999999999999
581.9795600000056,1.1618449922946432,0.0,582.1649600000037,0.2698650988698005,0.9999999999999999
582.2395230000051,1.2125282655484546,0.0,582.4028780000037,0.29094063209088905,0.9999999999999999
582.4919300000047,1.261524051173371,0.0,582.6599340000039,0.29831175741223664,0.9999999999999999
582.7214220000051,1.2963760310676777,0.0,582.8996930000035,0.2905614889757094,0.9999999999999999
582.9700240000052,1.3082860840781296,0.0,583.1511100000037,0.2710990151198268,0.9999999999999999
583.2228430000052,1.295883981450122,0.0,583.4035150000037,0.24555288080901086,0.9999999999999999
583.4620070000055,1.2628203144048136,0.0,583.6500570000037,0.2186629886441029,0.9999999999999999
583.7113150000051,1.2150885437930026,0.0,583.885007000004,0.19365508544986007,0.9999999999999999
583.962964000005,1.1592830327315053,0.0,584.1349850000033,0.1725823966674913,0.9999999999999999
584.206637000005,1.102995782057082,0.0,584.3859450000034,0.15678692257235674,0.9999999999999999
584.4569860000049,1.055532774240337,0.0,584.6312090000034,0.14744501374313157,0.9999999999999999
584.6958900000052,1.026627212759328,0.0,584.8768360000032,0.1457206308446156,0.9999999999999999
584.9574150000049,1.0228139214600138,0.0,585.1407590000036,0.15244891581712025,0.9999999999999999
585.1932400000044,1.0419730757838397,0.0,585.3838810000033,0.16688856616947428,0.9999999999999999
585.4367530000037,1.071959340746817,0.0,585.6216870000035,0.1856653774012189,0.9999999999999999
585.7057930000038,1.0978925366204526,0.0,585.872197000004,0.20471594831096832,0.9999999999999999
585.9341830000035,1.10890138428429,0.0,586.125308000004,0.22183906058146466,0.9999999999999999
586.1772440000034,1.0999196363369728,0.0,586.3627300000039,0.2360693394945508,0.9999999999999999
586.4517140000031,1.0708936106584268,0.0,586.6207190000044,0.2464021098111624,0.9999999999999999
586.6802530000031,1.0259072022106004,0.0,586.8742300000046,0.25241438806252914,0.9999999999999999
586.9276430000031,0.9713503596206351,0.0,587.1026210000049,0.2544698347378833,0.9999999999999999
587.174340000003,0.9135024255276069,0.0,587.355695000005,0.25309942215521736,0.9999999999999999
587.4203070000026,0.8577220029820329,0.0,587.6058870000049,0.24911095308907588,0.9999999999999999
587.6661970000029,0.8072163097064593,0.0,587.8484320000052,0.24330124441827694,0.9999999999999999
587.9153750000024,0.763054598554556,0.0,588.120437000005,0.23627753130824442,0.9999999999999999
588.1606980000025,0.7253489547525738,0.016237113402061878,588.3446620000049,0.2284793474233131,0.9999999999999999
588.4153400000026,0.6937747466766605,0.07113402061855668,588.5962750000049,0.21997208386268235,0.9999999999999999
588.6606410000024,0.668469111878466,0.12835051546391746,588.8502710000049,0.21079463644118368,0.9999999999999999
588.9157110000021,0.6497409552910912,0.17405498281786938,589.0950930000051,0.20103432232827345,0.9999999999999999
589.1521450000022,0.6382725810604407,0.21134020618556698,589.346575000005,0.19067146993279474,0.9999999999999999
589.4020800000019,0.6339163347364745,0.23298969072164952,589.5865030000048,0.17952441296945948,0.9999999999999999
589.6571030000019,0.6356009277132224,0.2245704467353951,589.836478000005,0.1675405159550219,0.9999999999999999
589.8970490000016,0.6417687903294171,0.19810996563573885,590.080978000005,0.15506899619734754,0.9999999999999999
590.1534910000013,0.6510312669432585,0.17164948453608245,590.3375270000047,0.14281365494553183,0.9999999999999999
590.3924640000016,0.663724853088166,0.1399484536082474,590.5741890000049,0.1317021675526694,0.9999999999999999
590.6365130000015,0.6810178816578472,0.09587628865979379,590.827169000005,0.12251876914940274,0.9999999999999999
590.8975970000014,0.7016641962124597,0.059536082474226835,591.0698580000048,0.11589793461605723,0.9999999999999999
591.1334240000008,0.7208185712249902,0.02319587628865979,591.3124220000045,0.11245435398383952,0.9999999999999999
591.3829060000005,0.7319754966948329,0.0069587628865979126,591.5649220000048,0.11290577389513862,0.9999999999999999
591.6270360000002,0.731530639566713,0.00773195876288657,591.8183420000049,0.11802910554903412,0.9999999999999999
591.8767910000004,0.7199361886100855,0.024742268041237105,592.0678220000048,0.12821798774692073,0.9999999999999999
592.1177580000008,0.7007121223652768,0.06185567010309281,592.3062630000044,0.14307814018971612,0.9999999999999999
592.3683290000007,0.6779221937983361,0.10670103092783507,592.554319000004,0.16147294214401153,0.9999999999999999
592.6191120000007,0.6547991165460542,0.16202749140893472,592.8058400000044,0.18166959500189894,0.9999999999999999
592.8671439999999,0.6333082388652163,0.23298969072164952,593.0552910000043,0.20150430643837544,0.9999999999999999
593.1117649999994,0.6139388280266233,0.2774914089347079,593.3059760000043,0.2184190779078576,0.9999999999999999
593.3609969999995,0.5967156736254698,0.32680412371134016,593.543416000004,0.23022526143395056,0.9999999999999999
593.60357,0.5819605101519318,0.3881443298969072,593.7925690000042,0.23665523827146384,0.9999999999999999
593.8536469999999,0.5707221889767581,0.4194158075601375,594.0393540000042,0.23939360939558724,0.9999999999999999
594.107888,0.5647179238826338,0.43986254295532645,594.2849330000041,0.24053552853449395,0.9999999999999999
594.3575529999999,0.5659404735719562,0.4314432989690722,594.5449800000041,0.24133633289566866,0.9999999999999999
594.5932780000004,0.5760221596075814,0.41099656357388326,594.7818230000041,0.24212373854561078,0.9999999999999999
594.84532,0.5955641992730729,0.3352233676975944,595.0328280000039,0.24270265498055277,0.9999999999999999
595.0952539999997,0.6228040769260128,0.2534364261168385,595.2799000000032,0.2429955606640843,0.9999999999999999
595.3295159999997,0.6535417415856248,0.16443298969072165,595.5343780000034,0.243212135523773,0.9999999999999999
595.5901609999997,0.6828531007556824,0.09201030927835051,595.7858630000038,0.2435191044891125,0.9999999999999999
595.8271080000002,0.7062940252272265,0.05489690721649481,596.0203200000036,0.2435535616854497,0.9999999999999999
596.0724710000006,0.7210860270492016,0.02319587628865979,596.2698520000038,0.2421769981638341,0.9999999999999999
596.3176020000009,0.726418148681711,0.014690721649484565,596.5151790000039,0.23787655882345213,0.9999999999999999
596.569517000001,0.7235502918340632,0.017010309278350535,596.7700300000038,0.2299505582525701,0.9999999999999999
596.8154800000004,0.715391603229122,0.03634020618556704,597.0132210000043,0.21922133131801871,0.9999999999999999
597.0619730000005,0.7058459278087799,0.05489690721649481,597.2596100000044,0.20750976834195933,0.9999999999999999
597.3184340000007,0.6977897313640683,0.06804123711340206,597.5075180000044,0.19667125653831274,0.9999999999999999
597.559323000001,0.6917970153741491,0.07577319587628863,597.7580170000044,0.18827656196692488,0.9999999999999999
597.8217190000017,0.6855813461301022,0.08659793814432991,598.0023400000042,0.183756888563346,0.9999999999999999
598.0520280000011,0.676782548132685,0.10902061855670105,598.2476950000042,0.1843231825405996,0.9999999999999999
598.3025110000008,0.6652875236139572,0.13685567010309277,598.4933470000045,0.1904058901356162,0.9999999999999999
598.5551710000005,0.6536421561994679,0.16443298969072165,598.7422760000045,0.20071815115205704,0.9999999999999999
598.8029500000007,0.646470243684127,0.18969072164948447,598.9890640000044,0.21138572381063137,0.9999999999999999
599.0406880000011,0.6480610872494572,0.1848797250859106,,,
599.2946120000009,0.6604619000341928,0.1469072164948453,,,
599.546114000001,0.6821557333998374,0.09201030927835051,,,
