condition 1 time (s),condition 1 tbr,condition 1 nai,condition 2 time (s),condition 2 tbr,condition 2 nai
4.271928999999996,57.61114579423977,0.0,4.400350000000002,18.085446144114883,0.0
4.512725999999997,52.53931526085794,0.0,4.585798000000002,16.361311283779674,0.0
4.735753000000002,45.22707348171454,0.0,4.839845000000004,14.142702798298304,0.0
4.9563440000000005,37.754493841990254,0.0,5.077640000000005,11.900792652249695,0.0
5.211568000000004,31.096318756569072,0.0,5.334587000000007,9.86615264651801,0.0
5.4388890000000005,25.549508679373854,0.0,5.581048000000005,8.134723666084694,0.0
5.685777000000002,21.108959404109722,0.0,5.817000000000006,6.730354497486074,0.0
5.928992000000003,17.65308884992058,0.0,6.075392000000004,5.649309946291804,0.0
6.200979000000002,15.036093769860503,0.0,6.351958000000005,4.871215097053147,0.0
6.4141270000000015,13.112281568012172,0.0,6.562695000000005,4.356597860617139,0.0
6.653942000000001,11.744467582044912,0.0,6.814205000000006,4.0485042827611775,0.0
6.9038780000000015,10.754267213904992,0.0,7.064179000000004,3.8785372142556205,0.008470225872689916
7.142595000000002,9.928818149144075,0.0,7.308211000000003,3.7773276823896804,0.0485112936344969
7.383115,9.118251072473816,0.0,7.581450000000004,3.693203956047463,0.09394250513347023
7.6352839999999995,8.275622850941318,0.0,7.799898000000006,3.603606548040108,0.13167351129363444
7.824577000000004,7.434329925071644,0.0,8.088212000000004,3.4999761107018,0.20414099931553728
8.081583000000007,6.645609538636239,0.0,8.295861000000007,3.3739763627797057,0.32511978097193706
8.303636000000003,5.937668425187975,0.0,8.54058200000001,3.223101414360423,0.47963723477070497
8.546403000000016,5.3293590754137465,0.0,8.813178000000017,3.058343537783806,0.6185831622176591
8.767389000000014,4.8339304539014,0.0,9.037955000000016,2.884920070005628,0.7575290896646135
9.004513000000015,4.4425608565961765,0.0,9.29050600000002,2.7029799479751975,0.8921971252566734
9.252906000000014,4.1221432400018205,0.0,9.535066000000016,2.514157312485356,0.9999999999999999
9.478789000000022,3.8283731057332835,0.025410677618069834,9.779765000000015,2.3188423550117157,0.9999999999999999
9.708219000000021,3.532130539778969,0.1741957563312799,10.029963000000018,2.1174423909873576,0.9999999999999999
9.94194000000002,3.22986013075787,0.47484599589322385,10.276218000000021,1.9171879483388623,0.9999999999999999
10.189214000000012,2.936437430581842,0.7096167008898016,10.518594000000027,1.72970618125809,0.9999999999999999
10.442291000000012,2.673718180931338,0.9122176591375769,10.782155000000026,1.5650636111719005,0.9999999999999999
10.686629000000021,2.460647947393822,0.9999999999999999,11.025239000000031,1.4303109777807055,0.9999999999999999
10.926364000000019,2.307014877886908,0.9999999999999999,11.262099000000028,1.3298400280609344,0.9999999999999999
11.130851000000021,2.2149640904013648,0.9999999999999999,11.520920000000023,1.2656528160957383,0.9999999999999999
11.357117000000022,2.1799343938748255,0.9999999999999999,11.760079000000028,1.2360480733562298,0.9999999999999999
11.603509000000024,2.1871037315343496,0.9999999999999999,12.02151700000002,1.237816569460192,0.9999999999999999
11.847148000000027,2.2113022749933937,0.9999999999999999,12.257038000000017,1.2663509113635025,0.9999999999999999
12.075490000000029,2.2329139707743204,0.9999999999999999,12.512951000000012,1.316257109685253,0.9999999999999999
12.335747000000024,2.249399198972268,0.9999999999999999,12.75679400000002,1.3814952732889272,0.9999999999999999
12.558928000000034,2.266739849862427,0.9999999999999999,12.997265000000016,1.4558870629358711,0.9999999999999999
12.780868000000039,2.2934629047638837,0.9999999999999999,13.246594000000016,1.533517718874954,0.9999999999999999
13.037345000000048,2.3291616055422226,0.9999999999999999,13.490872000000019,1.6104437926571793,0.9999999999999999
13.272423000000053,2.363798381417322,0.9999999999999999,13.739989000000019,1.6839116697316676,0.9999999999999999
13.53456300000006,2.3894662863586986,0.9999999999999999,13.988365000000021,1.7523250436397875,0.9999999999999999
13.760618000000052,2.4069926243726796,0.9999999999999999,14.233957000000029,1.8138235536411453,0.9999999999999999
13.997568000000056,2.4256337028838315,0.9999999999999999,14.48660900000003,1.8636523703383614,0.9999999999999999
14.237150000000057,2.455406036342877,0.9999999999999999,14.730907000000041,1.891701365747037,0.9999999999999999
14.480811000000063,2.505481247448472,0.9999999999999999,14.972898000000047,1.8897806125892298,0.9999999999999999
14.727719000000068,2.580847058247998,0.975359342915811,15.234777000000047,1.8630147222774152,0.9999999999999999
14.960028000000072,2.6770277482670126,0.911447638603696,15.471737000000047,1.8290093519142578,0.9999999999999999
15.204611000000083,2.7765003871917546,0.8513860369609856,15.714620000000044,1.8087271554848456,0.9999999999999999
15.454718000000078,2.8536346623092537,0.792265571526352,15.965409000000049,1.8185949943271331,0.9999999999999999
15.675932000000076,2.8861755774477142,0.7563312799452431,16.21253400000005,1.866832666465311,0.9999999999999999
15.923644000000074,2.86086200933055,0.7862765229295005,16.480546000000043,1.9545849154294788,0.9999999999999999
16.169620000000073,2.779570236553138,0.8485626283367558,16.729337000000037,2.072555432393793,0.9999999999999999
16.41849000000008,2.6606304909130767,0.9199178644763859,16.964058000000037,2.19718354887154,0.9999999999999999
16.680279000000066,2.5265166647980886,0.9999999999999999,17.21145200000003,2.278258429581613,0.9999999999999999
16.91334200000005,2.39548809049287,0.9999999999999999,17.45446700000001,2.255089267832433,0.9999999999999999
17.159337000000036,2.280337766652472,0.9999999999999999,17.708316999999997,2.118230579810321,0.9999999999999999
17.41432700000003,2.1880121359408538,0.9999999999999999,17.943372999999998,1.9265100753270599,0.9999999999999999
17.661709000000016,2.1176586438844462,0.9999999999999999,18.19906199999999,1.7418821416220331,0.9999999999999999
17.904041000000024,2.0626907391607574,0.9999999999999999,18.454184999999985,1.5960474620237652,0.9999999999999999
18.14840800000003,2.019114683488783,0.9999999999999999,18.696280999999974,1.495679605137287,0.9999999999999999
18.396817000000034,1.9857351936544303,0.9999999999999999,18.973191999999965,1.4336228366025077,0.9999999999999999
18.645770000000034,1.9590081178483711,0.9999999999999999,19.214207999999957,1.3993347457444325,0.9999999999999999
18.898338000000027,1.934913902389701,0.9999999999999999,19.433141999999954,1.3838869249581485,0.9999999999999999
19.141709000000013,1.9131169620639645,0.9999999999999999,19.70117699999994,1.3803359546169847,0.9999999999999999
19.395373999999997,1.8993257706208824,0.9999999999999999,19.932684999999932,1.3827638045719342,0.9999999999999999
19.642887999999978,1.9033259491094796,0.9999999999999999,20.17961899999993,1.3840083157875025,0.9999999999999999
19.891765999999965,1.9312311675894533,0.9999999999999999,20.430391999999923,1.3778059491236823,0.9999999999999999
20.143987999999954,1.9789828038044401,0.9999999999999999,20.674775999999927,1.3644747119462322,0.9999999999999999
20.379401999999942,2.029370990283933,0.9999999999999999,20.960720999999918,1.3518268260852258,0.9999999999999999
20.616407999999954,2.0603833798761433,0.9999999999999999,21.17467599999991,1.3531735913394023,0.9999999999999999
20.86481299999994,2.055692155974733,0.9999999999999999,21.4056079999999,1.3813110648960625,0.9999999999999999
21.153129999999926,2.0095853331898246,0.9999999999999999,21.66321499999989,1.4413887278105006,0.9999999999999999
21.357585999999905,1.9262464934330228,0.9999999999999999,21.901994999999893,1.5252305801317958,0.9999999999999999
21.6148399999999,1.8208708729822891,0.9999999999999999,22.15396099999988,1.6109721890060047,0.9999999999999999
21.8521759999999,1.7148591529017168,0.9999999999999999,22.394773999999867,1.6728315068834163,0.9999999999999999
22.09700999999989,1.6269941352034971,0.9999999999999999,22.64635099999986,1.69496038931841,0.9999999999999999
22.354075999999864,1.569160379313887,0.9999999999999999,22.89986899999984,1.6777847426076087,0.9999999999999999
22.598518999999854,1.5463253680858728,0.9999999999999999,23.150707999999828,1.6360272491564565,0.9999999999999999
22.85006099999985,1.5562627381568626,0.9999999999999999,23.391284999999822,1.589842883156198,0.9999999999999999
23.102222999999857,1.5892677418210377,0.9999999999999999,23.630903999999823,1.5573045454422072,0.9999999999999999
23.34579899999985,1.6292823103250929,0.9999999999999999,23.87596899999982,1.5488477396537244,0.9999999999999999
23.59872799999985,1.6571185887335123,0.9999999999999999,24.15077299999981,1.5688802348869588,0.9999999999999999
23.836045999999836,1.6569703446870858,0.9999999999999999,24.38481599999979,1.6294351301098071,0.9999999999999999
24.08356199999982,1.6233242396332703,0.9999999999999999,24.630267999999788,1.7524999818942106,0.9999999999999999
24.341215999999825,1.56367098035309,0.9999999999999999,24.874134999999782,1.9427956817663512,0.9999999999999999
24.583009999999838,1.4958670373293592,0.9999999999999999,25.11003099999977,2.176591769910651,0.9999999999999999
24.83153299999982,1.4525321377492377,0.9999999999999999,25.359990999999763,2.419890562591824,0.9999999999999999
25.070855999999807,1.4633305930135103,0.9999999999999999,25.59678799999975,2.6417533322595195,0.9306981519507186
25.331975999999795,1.5229112572584165,0.9999999999999999,25.844191999999737,2.8218136444979427,0.821013004791239
25.565809999999793,1.6133521666798423,0.9999999999999999,26.095494999999723,2.9537897989420845,0.6916495550992471
25.818491999999786,1.7219356362112892,0.9999999999999999,26.33642699999972,3.040136572907177,0.6329568788501028
26.06508399999978,1.8398746037067888,0.9999999999999999,26.595366999999726,3.0834276639651064,0.5922313483915127
26.315047999999766,1.9617720641495102,0.9999999999999999,26.8343389999997,3.079728186438225,0.5970225872689938
26.561023999999758,2.0863062134740904,0.9999999999999999,27.077695999999698,3.0207092232513366,0.6461327857631759
26.801746999999743,2.2130032874477448,0.9999999999999999,27.344566999999678,2.9058699593859156,0.7383641341546887
27.057275999999735,2.338932339952986,0.9999999999999999,27.58505399999967,2.7485055214105403,0.8683264887063654
27.305449999999727,2.4542264055243384,0.9999999999999999,27.818225999999687,2.566280305022554,0.9876796714579055
27.55493199999971,2.5401432133383555,0.9999999999999999,28.065629999999683,2.375053606402108,0.9999999999999999
27.82246399999969,2.573619845229676,0.9799794661190964,28.325546999999652,2.1881781568285925,0.9999999999999999
28.047277999999682,2.5564231395812973,0.9953798767967145,28.570552999999634,2.0221279624857,0.9999999999999999
28.303026999999684,2.5082125382267435,0.9999999999999999,28.809105999999623,1.8951566763827268,0.9999999999999999
28.557803999999685,2.4305411693234236,0.9999999999999999,29.06333699999962,1.821011917280993,0.9999999999999999
28.810920999999677,2.321983851517246,0.9999999999999999,29.3223579999996,1.8043443704996553,0.9999999999999999
29.041344999999666,2.18865159890421,0.9999999999999999,29.5571459999996,1.8374464921860945,0.9999999999999999
29.294704999999638,2.0426916417424392,0.9999999999999999,29.816760999999588,1.8970866179319525,0.9999999999999999
29.529170999999643,1.8985211261076047,0.9999999999999999,30.052162999999574,1.9474888582938517,0.9999999999999999
29.774645999999635,1.770982298938148,0.9999999999999999,30.29095299999956,1.9567737011930064,0.9999999999999999
30.02579399999962,1.6730322514804772,0.9999999999999999,30.554145999999555,1.9155693224883443,0.9999999999999999
30.275667999999605,1.612468050147881,0.9999999999999999,30.783834999999534,1.8390286826425533,0.9999999999999999
30.530497999999604,1.5889616771777868,0.9999999999999999,31.03978599999952,1.752367558707997,0.9999999999999999
30.778282999999583,1.5952653304975093,0.9999999999999999,31.292793999999517,1.6905835705499905,0.9999999999999999
31.019657999999566,1.6202243445665085,0.9999999999999999,31.538158999999514,1.6873163993420148,0.9999999999999999
31.26563699999955,1.6520957096250464,0.9999999999999999,31.81557399999952,1.7476824880792505,0.9999999999999999
31.515622999999543,1.6803729668456762,0.9999999999999999,32.02600799999951,1.8484748395490644,0.9999999999999999
31.771498999999523,1.700685248229603,0.9999999999999999,32.2774629999995,1.9592214193415864,0.9999999999999999
32.01033299999952,1.7144588436554642,0.9999999999999999,32.519367999999474,2.0597200475913384,0.9999999999999999
32.2407189999995,1.7274789862990938,0.9999999999999999,32.772746999999455,2.14177733893443,0.9999999999999999
32.487013999999476,1.7465096920231535,0.9999999999999999,33.039481999999445,2.2038811223721235,0.9999999999999999
32.74148299999946,1.7714343575667133,0.9999999999999999,33.26497299999945,2.245489145081965,0.9999999999999999
32.985981999999474,1.7973330869600956,0.9999999999999999,33.50939799999945,2.2637290315667227,0.9999999999999999
33.227425999999454,1.8167045261721477,0.9999999999999999,33.80034499999946,2.2575910336495664,0.9999999999999999
33.481137999999426,1.82039084013912,0.9999999999999999,34.063907999999465,2.237742027806596,0.9999999999999999
33.72959299999941,1.8008407830812487,0.9999999999999999,34.27990499999945,2.234456624150483,0.9999999999999999
33.97350599999941,1.756590282941588,0.9999999999999999,34.52353799999946,2.2742584078836003,0.9999999999999999
34.22027399999943,1.6946039097022907,0.9999999999999999,34.74849599999947,2.343289401199721,0.9999999999999999
34.46476299999944,1.6286015473996989,0.9999999999999999,35.00487699999945,2.4033327359150247,0.9999999999999999
34.71372999999943,1.5754490052847738,0.9999999999999999,35.24152699999942,2.428320113995341,0.9999999999999999
34.95831399999946,1.5521197009370096,0.9999999999999999,35.493815999999434,2.407033271450463,0.9999999999999999
35.205371999999485,1.5685786112678333,0.9999999999999999,35.73967499999945,2.3380739088262366,0.9999999999999999
35.45619799999948,1.6160591614747244,0.9999999999999999,35.98669799999946,2.2259494380267815,0.9999999999999999
35.69765799999952,1.6656933144513342,0.9999999999999999,36.230763999999446,2.0808176449665825,0.9999999999999999
35.9637739999995,1.6874606050834777,0.9999999999999999,36.47763399999946,1.9168691242185638,0.9999999999999999
36.19524799999951,1.6736757986515785,0.9999999999999999,36.73424899999946,1.7513505058104266,0.9999999999999999
36.46702599999953,1.6456733735412592,0.9999999999999999,36.976131999999474,1.6001167088349486,0.9999999999999999
36.684422999999555,1.6429729561328479,0.9999999999999999,37.21839899999946,1.4723464130157857,0.9999999999999999
36.93505099999956,1.7102967122368722,0.9999999999999999,37.47391699999945,1.3682313314983356,0.9999999999999999
37.184387999999586,1.8876700214978988,0.9999999999999999,37.71464099999949,1.2813312238690755,0.9999999999999999
37.4409549999996,2.191349760348774,0.9999999999999999,37.964618999999495,1.2041643716180694,0.9999999999999999
37.6754439999996,2.588337350862415,0.9707392197125256,38.22304999999949,1.1318986612729278,0.9999999999999999
37.9294699999996,2.9989251769331418,0.6605065023956195,38.45959399999946,1.0667191238333813,0.9999999999999999
38.17880599999961,3.3347663490365163,0.365845311430527,38.714651999999475,1.0158586820331013,0.9999999999999999
38.42472899999962,3.5331973243389143,0.17299794661190962,38.95765399999947,0.9873649007365287,0.9999999999999999
38.67389399999963,3.571963007087402,0.1455338809034907,39.211575999999475,0.986826177979014,0.9999999999999999
38.91682599999964,3.469573260275925,0.24127310061601648,39.46542599999946,1.0151558978310353,0.9999999999999999
39.16859799999964,3.271927673463975,0.4353182751540041,39.69939599999948,1.0707212379446236,0.9999999999999999
39.41532799999967,3.0268943133297492,0.642539356605065,39.94858399999949,1.1533131549255975,0.9999999999999999
39.67158799999971,2.7693458191714555,0.856006160164271,40.19336599999949,1.2637765282269475,0.9999999999999999
39.911122999999726,2.5196982656334024,0.9999999999999999,40.43954499999951,1.3991097573733262,0.9999999999999999
40.15956799999973,2.290391703670167,0.9999999999999999,40.687541999999524,1.548940397053629,0.9999999999999999
40.400010999999715,2.093584336235833,0.9999999999999999,40.93267899999954,1.6967692436525244,0.9999999999999999
40.65062799999975,1.9446722290990404,0.9999999999999999,41.18092899999954,1.8276211446894866,0.9999999999999999
40.89369299999974,1.8657378704726268,0.9999999999999999,41.431405999999555,1.9333741512947287,0.9999999999999999
41.146122999999754,1.8915652433269936,0.9999999999999999,41.676499999999564,2.0134385932418213,0.9999999999999999
41.401799999999746,2.0572110476842758,0.9999999999999999,41.918775999999546,2.0725055902696568,0.9999999999999999
41.636041999999755,2.361034340252633,0.9999999999999999,42.17561999999957,2.11781363531218,0.9999999999999999
41.890497999999766,2.735301559499313,0.8729466119096508,42.42059399999957,2.1523562281135424,0.9999999999999999
42.13687599999978,3.0764686579308846,0.5982203969883643,42.68553999999958,2.1687043839760487,0.9999999999999999
42.378766999999776,3.31004047925072,0.3850102669404517,42.923092999999604,2.1504062413980964,0.9999999999999999
42.62759499999977,3.4158423590526485,0.2808008213552361,43.16352899999958,2.087654796704914,0.9999999999999999
42.8911589999998,3.4125469872735508,0.28319644079397677,43.412561999999596,1.992626759439924,0.9999999999999999
43.12364299999984,3.3371020349730607,0.3622518822724161,43.659012999999604,1.8966362301192807,0.9999999999999999
43.375492999999835,3.22911928839734,0.4760438056125942,43.93693899999961,1.8382019747663492,0.9999999999999999
43.613812999999816,3.118993857262419,0.5622861054072553,44.14982299999963,1.8416273993825683,0.9999999999999999
43.862884999999835,3.0231964931952664,0.6461327857631759,44.41535199999963,1.9052452193595786,0.9999999999999999
44.134325999999845,2.9385738146576688,0.7084188911704313,44.649683999999645,2.010342025421837,0.9999999999999999
44.35876599999986,2.8447089530734817,0.8018480492813143,44.89918199999962,2.133953622885422,0.9999999999999999
44.61166399999986,2.7258743451473504,0.8814168377823407,45.147168999999614,2.2538423768909346,0.9999999999999999
44.86326599999989,2.5864075489008695,0.9715092402464065,45.387453999999636,2.3516518290078126,0.9999999999999999
45.10504199999987,2.4382222662511346,0.9999999999999999,45.635490999999654,2.4179937266559555,0.9999999999999999
45.34571899999989,2.2923881333244562,0.9999999999999999,45.887827999999644,2.45539566554641,0.9999999999999999
45.59507999999987,2.15701969408265,0.9999999999999999,46.137815999999674,2.4781442344960958,0.9999999999999999
45.8445889999999,2.037164866035926,0.9999999999999999,46.38161099999967,2.505692108140562,0.9999999999999999
46.092173999999915,1.9350099786816939,0.9999999999999999,46.62533099999967,2.557029929522396,0.9946098562628336
46.338903999999914,1.8511827474025404,0.9999999999999999,46.876974999999696,2.6371052811152493,0.936088295687885
46.58695999999993,1.785398889285287,0.9999999999999999,47.1366819999997,2.7291602789512774,0.879876796714579
46.83681199999993,1.734996911405917,0.9999999999999999,47.367784999999714,2.8043077131663416,0.8341889117043122
47.08172599999997,1.695061610304645,0.9999999999999999,47.6186949999997,2.8351337287716354,0.8102327173169063
47.34268599999995,1.6619549942644067,0.9999999999999999,47.8595599999997,2.8061021980756,0.832991101984942
47.57668799999996,1.6345127879293186,0.9999999999999999,48.10300199999969,2.7189353057758847,0.8860369609856262
47.82764599999996,1.6166536819769166,0.9999999999999999,48.349412999999714,2.586056342560835,0.9715092402464065
48.07164299999995,1.614235885497974,0.9999999999999999,48.5988589999997,2.4260156499005836,0.9999999999999999
48.32191699999995,1.6293675525119506,0.9999999999999999,48.83887299999972,2.258879256212293,0.9999999999999999
48.57191099999998,1.6598704957077792,0.9999999999999999,49.09769499999974,2.1011623851249404,0.9999999999999999
48.81588099999996,1.692908528401006,0.9999999999999999,49.337186999999766,1.9622643403293476,0.9999999999999999
49.06429299999996,1.7082063548057944,0.9999999999999999,49.58890799999975,1.8429356793571676,0.9999999999999999
49.314720999999956,1.6932921261487692,0.9999999999999999,49.84553299999974,1.7390790684756523,0.9999999999999999
49.566147999999984,1.6550815120207898,0.9999999999999999,50.093351999999776,1.6459887506999284,0.9999999999999999
49.808610000000016,1.6147027523702508,0.9999999999999999,50.343324999999766,1.5597209200735977,0.9999999999999999
50.06217900000005,1.5960786340609858,0.9999999999999999,50.57379399999977,1.4767468787371383,0.9999999999999999
50.30062300000006,1.6176456116308513,0.9999999999999999,50.83027499999979,1.3950024635650053,0.9999999999999999
50.54803000000006,1.6838970874767405,0.9999999999999999,51.07411599999977,1.315590880250982,0.9999999999999999
50.80142100000006,1.7837818706790225,0.9999999999999999,51.31707099999978,1.2436019303782795,0.9999999999999999
51.045915000000065,1.9047264950175522,0.9999999999999999,51.56192799999977,1.190078136284892,0.9999999999999999
51.28969800000008,2.04429601886232,0.9999999999999999,51.813811999999764,1.1699003946264097,0.9999999999999999
51.54317900000008,2.2051196720774144,0.9999999999999999,52.065071999999795,1.1985129923718505,0.9999999999999999
51.80475900000007,2.3867750571255506,0.9999999999999999,52.31103499999979,1.2877976251706373,0.9999999999999999
52.03665800000006,2.579167566929087,0.9761293634496919,52.55711299999981,1.4396220922890168,0.9999999999999999
52.31200300000009,2.7566665115498505,0.8644763860369609,52.80726899999983,1.6376074196818404,0.9999999999999999
52.5250150000001,2.884840127869437,0.7575290896646135,53.04618199999985,1.844662512170799,0.9999999999999999
52.77437000000011,2.937539243958349,0.7084188911704313,53.290035999999866,2.0214793425598154,0.9999999999999999
53.01836200000012,2.90645800181614,0.7383641341546887,53.54942899999987,2.145245751681715,0.9999999999999999
53.27189900000012,2.8018081652355873,0.8353867214236825,53.79298099999987,2.2114939482191023,0.9999999999999999
53.52352500000013,2.6480942336402133,0.9253080082135523,54.04423099999988,2.228888613270711,0.9999999999999999
53.766682000000124,2.4777872116089488,0.9999999999999999,54.284354999999884,2.2168445779380708,0.9999999999999999
54.01375200000014,2.3247810835086247,0.9999999999999999,54.535774999999916,2.198843836170324,0.9999999999999999
54.25887600000013,2.216025906695621,0.9999999999999999,54.79464499999993,2.1939666922464176,0.9999999999999999
54.507094000000144,2.1680814717265244,0.9999999999999999,55.03057599999992,2.211999894627368,0.9999999999999999
54.75817700000017,2.186831312824253,0.9999999999999999,55.2807329999999,2.2507736167363777,0.9999999999999999
55.01654200000016,2.2659024709556332,0.9999999999999999,55.52563399999991,2.301022322242437,0.9999999999999999
55.25618200000015,2.381520718301242,0.9999999999999999,55.77216799999993,2.346200533892489,0.9999999999999999
55.49892400000015,2.498964905692482,0.9999999999999999,56.013739999999935,2.366923544664141,0.9999999999999999
55.73999700000017,2.5882069129724576,0.9707392197125256,56.263056999999904,2.353921210015843,0.9999999999999999
55.9886270000002,2.633920441162273,0.9391683778234086,56.516100999999914,2.3138812401329054,0.9999999999999999
56.241480000000166,2.6372765282004496,0.936088295687885,56.766044999999906,2.2610940637213,0.9999999999999999
56.48549100000015,2.6104242822671617,0.9545687885010266,57.00951399999989,2.2093633762037133,0.9999999999999999
56.733395000000144,2.5681408880372887,0.9869096509240245,57.25304199999991,2.1669925697978,0.9999999999999999
56.98254700000016,2.52121601255846,0.9999999999999999,57.50593199999989,2.135774353444207,0.9999999999999999
57.22899700000016,2.4729668014530226,0.9999999999999999,57.7413939999999,2.1166174276736,0.9999999999999999
57.4746710000002,2.4199915262857634,0.9999999999999999,58.00582299999991,2.1100246322917307,0.9999999999999999
57.72570000000018,2.3574012035220653,0.9999999999999999,58.24294499999991,2.1132323641715858,0.9999999999999999
57.979610000000186,2.286062629142246,0.9999999999999999,58.495925999999926,2.1210116237447316,0.9999999999999999
58.222928000000174,2.2184953910445273,0.9999999999999999,58.74608999999991,2.129986523096723,0.9999999999999999
58.46503300000017,2.181232588256994,0.9999999999999999,58.98622899999991,2.1384655562014427,0.9999999999999999
58.71196600000016,2.2077255108285985,0.9999999999999999,59.228583999999906,2.1450985008473826,0.9999999999999999
58.95917200000016,2.3186055606426583,0.9999999999999999,59.4795539999999,2.146678896557214,0.9999999999999999
59.203666000000204,2.4996965915118894,0.9999999999999999,59.736546999999916,2.1416728231758517,0.9999999999999999
59.472216000000195,2.7007740372952123,0.8921971252566734,59.98842899999994,2.1301219105955984,0.9999999999999999
59.70041400000021,2.861422210258586,0.7862765229295005,60.22886999999995,2.1104588221860556,0.9999999999999999
59.948858000000236,2.939909714211922,0.7072210814510609,60.48088999999995,2.0793274500907244,0.9999999999999999
60.19349400000024,2.9226468935294307,0.723990417522245,60.72266099999995,2.033965468692559,0.9999999999999999
60.43949000000027,2.818188358526558,0.821013004791239,60.96456199999997,1.9738549971099353,0.9999999999999999
60.692049000000246,2.648938244631954,0.9253080082135523,61.220979999999976,1.901721123236745,0.9999999999999999
60.93803000000026,2.448744132167977,0.9999999999999999,61.46016999999995,1.8235018936118395,0.9999999999999999
61.18199800000029,2.2595179098503926,0.9999999999999999,61.70948499999995,1.7480122362184005,0.9999999999999999
61.445341000000276,2.1196554503397596,0.9999999999999999,61.95319299999998,1.683339723035799,0.9999999999999999
61.67790900000027,2.051089459379306,0.9999999999999999,62.20399899999998,1.6334896243441621,0.9999999999999999
61.92039700000027,2.053442078217892,0.9999999999999999,62.474229,1.5969754579115234,0.9999999999999999
62.16820600000029,2.11151109046567,0.9999999999999999,62.70314600000003,1.5687979354039896,0.9999999999999999
62.41629500000028,2.206260768163143,0.9999999999999999,62.94722600000004,1.5433506567117858,0.9999999999999999
62.676697000000296,2.3183850950676805,0.9999999999999999,63.20410600000007,1.5173224867961208,0.9999999999999999
62.906158000000296,2.4257506659609054,0.9999999999999999,63.44983300000006,1.4888499702718718,0.9999999999999999
63.17009700000031,2.504323614801629,0.9999999999999999,63.68969100000011,1.4558460813733964,0.9999999999999999
63.409458000000306,2.536283291680001,0.9999999999999999,63.9462660000001,1.4162525150925267,0.9999999999999999
63.6527770000003,2.5210663204752697,0.9999999999999999,64.18445500000014,1.3714125534321986,0.9999999999999999
63.902412000000275,2.475744868587955,0.9999999999999999,64.43084700000014,1.3252690181965932,0.9999999999999999
64.14834700000027,2.422226514855388,0.9999999999999999,64.67707900000015,1.2812623963680463,0.9999999999999999
64.39673000000026,2.3761401289082746,0.9999999999999999,64.92169900000019,1.2422078739179343,0.9999999999999999
64.64174100000024,2.3441506594374113,0.9999999999999999,65.18478300000017,1.2114383986318757,0.9999999999999999
64.88958000000024,2.331729887723253,0.9999999999999999,65.42021700000018,1.1935214771556009,0.9999999999999999
65.13958600000026,2.3480597031440302,0.9999999999999999,65.68020800000018,1.193996989412869,0.9999999999999999
65.39419700000025,2.4044305859161814,0.9999999999999999,65.91921100000016,1.2180008863131622,0.9999999999999999
65.63789900000023,2.507508556138372,0.9999999999999999,66.17158000000018,1.2668853200982189,0.9999999999999999
65.89704700000024,2.6480357638654377,0.9253080082135523,66.42982400000021,1.3347463358535756,0.9999999999999999
66.1364250000002,2.8020631822335305,0.8353867214236825,66.65125500000026,1.410892918433935,0.9999999999999999
66.37730000000023,2.9457581044427847,0.7036276522929501,66.89840800000026,1.485484621648341,0.9999999999999999
66.6246290000002,3.0635472628503084,0.613791923340178,67.16217400000022,1.5538409044136379,0.9999999999999999
66.88118200000024,3.1455633640899725,0.5407255304585901,67.39681500000022,1.6160000773724643,0.9999999999999999
67.14213400000024,3.1881342109226134,0.5047912388774811,67.64758500000019,1.674109965708162,0.9999999999999999
67.37704600000028,3.19656792198219,0.5,67.8982300000002,1.7301677847104286,0.9999999999999999
67.6216320000003,3.18156625442524,0.5083846680355921,68.1398020000002,1.7844274707157761,0.9999999999999999
67.86647300000031,3.1538503320229876,0.5347364818617385,68.38221200000022,1.8364433091243995,0.9999999999999999
68.11272700000033,3.1203625775859454,0.5622861054072553,68.63458700000028,1.8867020709851785,0.9999999999999999
68.37795000000031,3.08473930348539,0.5910335386721423,68.90612500000024,1.9344398944887087,0.9999999999999999
68.60772400000035,3.045460716841019,0.6293634496919918,69.12657900000028,1.9806191468927001,0.9999999999999999
68.8557600000004,3.0004883378899017,0.6569130732375086,69.37056200000029,2.0266693960720885,0.9999999999999999
69.1142430000004,2.9483615195643402,0.7000342231348392,69.61942100000032,2.0740182599232004,0.9999999999999999
69.35763800000043,2.886521177364415,0.7563312799452431,69.87901700000033,2.1215217382380858,0.9999999999999999
69.59108700000046,2.8115952106305846,0.8258042436687201,70.14881700000038,2.1655635272512583,0.9999999999999999
69.8440580000005,2.7244067511312164,0.8821868583162217,70.36276100000036,2.2031878255092057,0.9999999999999999
70.08481200000044,2.632452601856818,0.9407084188911703,70.6185920000004,2.2312999838840684,0.9999999999999999
70.35540200000044,2.54451249450911,0.9999999999999999,70.87178000000047,2.2460663850508467,0.9999999999999999
70.58791400000047,2.463290328676004,0.9999999999999999,71.10515500000045,2.2456026409363643,0.9999999999999999
70.84788900000052,2.3899310991508793,0.9999999999999999,71.35008600000043,2.230327129609137,0.9999999999999999
71.07503800000059,2.327334388547146,0.9999999999999999,71.59057200000045,2.2018513186307875,0.9999999999999999
71.33259900000066,2.282101028608075,0.9999999999999999,71.84158100000049,2.164099585455164,0.9999999999999999
71.5673810000007,2.2663611130213166,0.9999999999999999,72.10095400000047,2.123564539340756,0.9999999999999999
71.81801800000075,2.291829587666683,0.9999999999999999,72.33360300000044,2.090306155437105,0.9999999999999999
72.07458600000076,2.357054259566271,0.9999999999999999,72.58351200000047,2.0781279159353736,0.9999999999999999
72.30988200000073,2.441463729118601,0.9999999999999999,72.8244700000004,2.099147244752184,0.9999999999999999
72.55830300000076,2.521277405098286,0.9999999999999999,73.07329300000043,2.15781344742937,0.9999999999999999
72.81523700000072,2.5830883934699953,0.9715092402464065,73.34174700000041,2.2481810954562427,0.9999999999999999
73.06182900000069,2.6225649051424083,0.9460985626283367,73.58173000000035,2.352010428546401,0.9999999999999999
73.3182260000007,2.6411034756193024,0.9322381930184804,73.82449600000037,2.4470541327107305,0.9999999999999999
73.56016800000066,2.645629191627971,0.9283880903490759,74.0660410000005,2.5275157647190234,0.9999999999999999
73.80322500000072,2.64679760433975,0.9253080082135523,74.31395400000055,2.6053525496317036,0.9553388090349075
74.04276700000074,2.6567291948345173,0.9206878850102669,74.58634400000055,2.6971449336425373,0.8937371663244352
74.28917400000073,2.6843423181086,0.9045174537987679,74.80127600000054,2.807933637804515,0.8305954825462012
74.54203300000076,2.727073504016711,0.88064681724846,75.0542170000005,2.9275409487240514,0.7215947980835045
74.80358800000076,2.767175105418995,0.8575462012320327,75.30199100000051,3.037887830691319,0.6353524982888433
75.03699300000078,2.7854536976544795,0.8413757700205339,75.54496500000045,3.1242002953450703,0.5610882956878851
75.28249600000079,2.7800212139213683,0.8473648186173853,75.79658200000047,3.1868264476715016,0.5047912388774811
75.5239910000008,2.7645886800991346,0.8583162217659137,76.0400240000005,3.2393223218293703,0.4640657084188913
75.77606300000087,2.75658941386624,0.8652464065708418,76.28706200000052,3.3007213572340843,0.39938398357289534
76.0224660000009,2.7616786339504733,0.8613963039014373,76.55048500000058,3.3831546115938282,0.316735112936345
76.26688000000097,2.765478155432556,0.8575462012320327,76.78679200000056,3.4808744964102547,0.22689938398357284
76.51391600000095,2.7412707938284266,0.8698665297741273,77.03417300000054,3.5686317118092363,0.14784394250513347
76.7679880000009,2.668762688036554,0.9137577002053388,77.2810460000005,3.613311613816367,0.12936344969199176
77.01129300000092,2.5460309024929026,0.9999999999999999,77.53133200000056,3.588808161156515,0.13937371663244347
77.26805600000094,2.3908852351846037,0.9999999999999999,77.79341800000053,3.4891814268474435,0.21851471594798078
77.50854800000093,2.2293122060193316,0.9999999999999999,78.02119800000052,3.338087743111111,0.3622518822724161
77.75931100000096,2.0844348481033026,0.9999999999999999,78.27061300000052,3.177871730163103,0.5107802874743327
78.01109500000096,1.9744585258065177,0.9999999999999999,78.52213900000051,3.046616881236729,0.6293634496919918
78.25417300000092,1.9175355951383009,0.9999999999999999,78.76332300000051,2.9609115664973693,0.6892539356605065
78.49611100000091,1.9352038776266043,0.9999999999999999,79.01324000000054,2.910773744054378,0.7323750855578371
78.76112300000094,2.0524303730655338,0.9999999999999999,79.25712700000055,2.873489903667134,0.7695071868583163
78.98737900000097,2.285945796619718,0.9999999999999999,79.50310400000056,2.8306341457683706,0.8150239561943874
79.23835800000099,2.6218497185758,0.9460985626283367,79.75386900000056,2.7703584028879114,0.856006160164271
79.491376000001,3.0015854951794947,0.6569130732375086,80.00024900000054,2.6845942584827176,0.9045174537987679
79.7497000000011,3.340144327723841,0.3610540725530459,80.24726500000055,2.570842052145643,0.9822895277207391
79.98522900000104,3.564203643184022,0.1514373716632443,80.49530900000056,2.431743346299281,0.9999999999999999
80.22713300000105,3.6392464313477157,0.12089322381930186,80.74562800000056,2.276081739316333,0.9999999999999999
80.47428100000107,3.5786792324692733,0.14168377823408623,81.00555500000058,2.1153731854766633,0.9999999999999999
80.72195800000111,3.4311575954899918,0.2652292950034223,81.23643000000062,1.9613470751452249,0.9999999999999999
80.96246300000108,3.2547345192063757,0.447296372347707,81.49126500000057,1.8229033853162044,0.9999999999999999
81.21556500000106,3.086909103637282,0.5874401095140315,81.7333190000006,1.7062775758122306,0.9999999999999999
81.45741900000107,2.934845775231132,0.7108145106091719,81.98526000000064,1.6135830112137615,0.9999999999999999
81.70577300000109,2.7863406648294524,0.8401779603011637,82.23276500000063,1.541956816238312,0.9999999999999999
81.96959200000113,2.6268076445081494,0.9453285420944558,82.49227200000067,1.48627478277029,0.9999999999999999
82.20879800000111,2.454583075900034,0.9999999999999999,82.72904600000066,1.4401745022950772,0.9999999999999999
82.4587100000011,2.2837760454117397,0.9999999999999999,82.97285900000067,1.3996557009832622,0.9999999999999999
82.6854750000011,2.1353163631231693,0.9999999999999999,83.22930800000069,1.3655449742246666,0.9999999999999999
82.93742200000115,2.026641058149416,0.9999999999999999,83.46276900000073,1.3379299444975739,0.9999999999999999
83.18399400000116,1.9625646294625771,0.9999999999999999,83.71305500000072,1.3133938695925786,0.9999999999999999
83.43397500000115,1.9336365247525553,0.9999999999999999,83.9577800000007,1.286154950145661,0.9999999999999999
83.67896200000119,1.9234640604576252,0.9999999999999999,84.22062000000068,1.2522429371174288,0.9999999999999999
83.92942100000123,1.9209570028930567,0.9999999999999999,84.45019400000074,1.213317728388353,0.9999999999999999
84.17430800000126,1.9296090646347202,0.9999999999999999,84.69810800000074,1.177327267814371,0.9999999999999999
84.42223000000125,1.9653497437390666,0.9999999999999999,84.95289900000073,1.1552990729213453,0.9999999999999999
84.66782600000126,2.0477800471148924,0.9999999999999999,85.20542900000076,1.156980696331799,0.9999999999999999
84.92379700000124,2.1869492974122444,0.9999999999999999,85.4586100000008,1.18687904112121,0.9999999999999999
85.17271600000122,2.366230494131219,0.9999999999999999,85.68701600000085,1.2439885837201008,0.9999999999999999
85.42191800000126,2.5398864774071774,0.9999999999999999,85.93499800000079,1.3197008958347687,0.9999999999999999
85.67755800000124,2.6536036608077938,0.9229979466119096,86.18643600000084,1.3997872281809045,0.9999999999999999
85.91071900000127,2.6759978030153784,0.911447638603696,86.43141800000087,1.4713160632721314,0.9999999999999999
86.16005400000132,2.6135084108978432,0.952258726899384,86.67881800000086,1.531181198492259,0.9999999999999999
86.40169000000134,2.5014474810085683,0.9999999999999999,86.93305700000086,1.586780732371749,0.9999999999999999
86.65063300000133,2.3851757525376205,0.9999999999999999,87.17132800000091,1.6511204223937825,0.9999999999999999
86.90929400000141,2.302995340784203,0.9999999999999999,87.42029200000093,1.7374934177669787,0.9999999999999999
87.1449770000014,2.2746586401112,0.9999999999999999,87.66676500000094,1.8548628918284367,0.9999999999999999
87.39759100000137,2.3005424985993876,0.9999999999999999,87.91272500000093,2.003010904166384,0.9999999999999999
87.64254000000138,2.3672918989436105,0.9999999999999999,88.16201800000096,2.1656345922871227,0.9999999999999999
87.89040400000133,2.453545224210094,0.9999999999999999,88.41399500000101,2.313481393805183,0.9999999999999999
88.15342200000134,2.5314815761448046,0.9999999999999999,88.67340100000101,2.4147271300987554,0.9999999999999999
88.38251800000137,2.570630060607445,0.9822895277207391,88.90874400000102,2.45045341794946,0.9999999999999999
88.63764400000137,2.5501275858118984,0.9999999999999999,89.15922100000105,2.420701926538306,0.9999999999999999
88.89849100000141,2.47403437564583,0.9999999999999999,89.4092110000011,2.339105283646803,0.9999999999999999
89.13298100000146,2.3703508928671915,0.9999999999999999,89.66958400000112,2.2260590189051994,0.9999999999999999
89.37392300000148,2.2699382139498527,0.9999999999999999,89.91757600000113,2.100763017160017,0.9999999999999999
89.62627800000146,2.1895825850046644,0.9999999999999999,90.14425700000109,1.9794946323569347,0.9999999999999999
89.86821100000147,2.1295094728851947,0.9999999999999999,90.38332200000104,1.8752310871407911,0.9999999999999999
90.13163500000152,2.0801029903437116,0.9999999999999999,90.63967000000108,1.7942102417225259,0.9999999999999999
90.36766100000158,2.028183134095632,0.9999999999999999,90.88064400000118,1.7345175563502306,0.9999999999999999
90.62191300000156,1.9641775904340526,0.9999999999999999,91.1306880000012,1.690226559309696,0.9999999999999999
90.8587600000016,1.8873741123924557,0.9999999999999999,91.37600600000113,1.6574272344993157,0.9999999999999999
91.11231800000161,1.8080400251271609,0.9999999999999999,91.61982300000106,1.6388962278304704,0.9999999999999999
91.36619300000169,1.7434385652355775,0.9999999999999999,91.89263000000108,1.6456359181790703,0.9999999999999999
91.6017270000017,1.7146905475425118,0.9999999999999999,92.1167840000011,1.6927543300379342,0.9999999999999999
91.84978800000174,1.7454673343874922,0.9999999999999999,92.36022900000114,1.7888331746358066,0.9999999999999999
92.10543400000174,1.8584410673144922,0.9999999999999999,92.6211490000011,1.9255401289972733,0.9999999999999999
92.34350100000177,2.068387858660167,0.9999999999999999,92.8467220000011,2.077541462541904,0.9999999999999999
92.58978700000176,2.37639335481881,0.9999999999999999,93.11792100000109,2.2126029222154084,0.9999999999999999
92.84274300000178,2.765562082280928,0.8575462012320327,93.35336500000106,2.3044372636479373,0.9999999999999999
93.0809950000018,3.201596936613595,0.49760438056125944,93.58880500000106,2.3417933671491746,0.9999999999999999
93.34530000000186,3.642031557813998,0.1178131416837782,93.83840200000101,2.332002334631853,0.9999999999999999
93.57524700000187,4.0423211142324735,0.0,94.0811590000011,2.296564442334109,0.9999999999999999
93.82422900000186,4.35722606383855,0.0,94.33220500000114,2.2644639619076834,0.9999999999999999
94.07667300000186,4.545826810800794,0.0,94.57350900000112,2.2579589201830483,0.9999999999999999
94.31810000000186,4.587911272474424,0.0,94.8237460000012,2.2843896096555873,0.9999999999999999
94.57597500000188,4.492350969586059,0.0,95.07081100000121,2.3354773355567255,0.9999999999999999
94.8169510000019,4.293316268745189,0.0,95.32557000000126,2.39311528219611,0.9999999999999999
95.0649820000019,4.038879108752447,0.0,95.56224900000119,2.4390523711471443,0.9999999999999999
95.31337900000192,3.7800018057954925,0.0485112936344969,95.81206300000119,2.4618198972590943,0.9999999999999999
95.55900900000192,3.5618707137552557,0.1514373716632443,96.05775700000122,2.4630854433508222,0.9999999999999999
95.81697600000194,3.4153384767135475,0.2808008213552361,96.31956700000121,2.4540871482516553,0.9999999999999999
96.05647500000191,3.347214090730988,0.3550650239561943,96.5508320000012,2.4518024702055823,0.9999999999999999
96.30602800000192,3.3354278351722675,0.365845311430527,96.80244100000121,2.46889845631726,0.9999999999999999
96.5505140000019,3.337580562963188,0.3622518822724161,97.05997900000132,2.5037771765756673,0.9999999999999999
96.7993820000019,3.3137968795194492,0.3802190280629706,97.29792400000137,2.541735875918522,0.9999999999999999
97.0444980000019,3.254905283790298,0.447296372347707,97.56605500000143,2.5647598018365048,0.9876796714579055
97.3009420000019,3.186804291052074,0.5047912388774811,97.78819900000147,2.5609343656340955,0.9930698151950718
97.54736200000194,3.1531912228581005,0.535934291581109,98.03593700000148,2.5324508658208646,0.9999999999999999
97.80585900000197,3.188638592452799,0.5047912388774811,98.2805190000015,2.4936195737373548,0.9999999999999999
98.049819000002,3.302479380546959,0.3921971252566735,98.5292070000015,2.4608364040123876,0.9999999999999999
98.28821100000195,3.4688138875377144,0.24127310061601648,98.7782390000015,2.4416996392141583,0.9999999999999999
98.57169700000193,3.6296911204381765,0.12397330595482543,99.02609500000146,2.4296270422012234,0.9999999999999999
98.77806800000198,3.71259470132387,0.08393223819301844,99.26776100000143,2.409953952492099,0.9999999999999999
99.02556100000196,3.6681282852156425,0.1070328542094456,99.53170600000144,2.3733223394729968,0.9999999999999999
99.2805920000019,3.4941493153725895,0.20893223819301854,99.77306800000144,2.31950154400699,0.9999999999999999
99.52153700000193,3.2268340635993717,0.47843942505133474,100.01115100000142,2.2571236719030483,0.9999999999999999
99.77862700000189,2.914661240413341,0.7287816563997261,100.25935300000145,2.200560134360722,0.9999999999999999
100.01503700000188,2.600174119501302,0.9607289527720738,100.50635900000147,2.1577045599923217,0.9999999999999999
100.26360300000194,2.31205635174608,0.9999999999999999,100.77999600000149,2.1245943627587716,0.9999999999999999
100.51549400000201,2.0666357691630557,0.9999999999999999,101.0020190000015,2.0886835920342457,0.9999999999999999
100.76615900000199,1.8758158960165985,0.9999999999999999,101.24944800000151,2.0409253322090493,0.9999999999999999
101.00689600000204,1.7459589805966065,0.9999999999999999,101.50296600000152,1.9835088827323681,0.9999999999999999
101.24900400000205,1.6661549311625912,0.9999999999999999,101.74792000000151,1.9248569643858437,0.9999999999999999
101.49796800000206,1.6238740310892719,0.9999999999999999,102.00033600000155,1.871370577996706,0.9999999999999999
101.74963300000209,1.6189840687460062,0.9999999999999999,102.24122700000154,1.8232923475402887,0.9999999999999999
101.98900300000209,1.658275057337249,0.9999999999999999,102.48224700000158,1.7771849529628674,0.9999999999999999
102.23895500000204,1.7468520239763443,0.9999999999999999,102.73307100000162,1.7310471715523366,0.9999999999999999
102.48893100000205,1.8823797392800934,0.9999999999999999,102.98726100000155,1.6863263284775702,0.9999999999999999
102.74148100000207,2.05244286995064,0.9999999999999999,103.22723100000162,1.6489727218575176,0.9999999999999999
102.98823100000212,2.2343946441383005,0.9999999999999999,103.4757920000016,1.6284658844026134,0.9999999999999999
103.22908400000215,2.4013193592603432,0.9999999999999999,103.72776900000159,1.6351689349684209,0.9999999999999999
103.47653300000215,2.5311895328773053,0.9999999999999999,103.98809900000155,1.6771863736559172,0.9999999999999999
103.72456600000217,2.6163398202823243,0.9507186858316221,104.21872000000157,1.7595217761706645,0.9999999999999999
103.98213800000218,2.6690552294943495,0.9137577002053388,104.46763800000157,1.8825520144332135,0.9999999999999999
104.2276210000022,2.7039660696191756,0.8914271047227925,104.7140890000016,2.038478392099704,0.9999999999999999
104.47003200000219,2.718052948698786,0.8868069815195071,104.96177400000161,2.208905579957007,0.9999999999999999
104.72105400000223,2.7029997346715273,0.8921971252566734,105.20423600000164,2.3675554002354473,0.9999999999999999
104.96530100000219,2.654225895003891,0.9222279260780287,105.46425200000166,2.490214845673651,0.9999999999999999
105.21385600000217,2.575266028504699,0.9799794661190964,105.70607600000172,2.565899722025919,0.9876796714579055
105.47732500000217,2.4782558265178047,0.9999999999999999,105.96163600000169,2.5995643953211274,0.9607289527720738
105.70437000000216,2.3826619342800774,0.9999999999999999,106.19892500000165,2.6048015129437525,0.9553388090349075
105.95430600000218,2.3080829530345497,0.9999999999999999,106.44920000000167,2.599910341030488,0.9607289527720738
106.20062100000222,2.262579649075547,0.9999999999999999,106.69407000000166,2.6027465366644202,0.9576488706365502
106.4478380000022,2.2444083082293984,0.9999999999999999,106.9445730000017,2.6225841980347337,0.9460985626283367
106.69489100000223,2.2564394766049976,0.9999999999999999,107.19910500000175,2.6578511772893165,0.9199178644763859
106.95036100000223,2.318526164997478,0.9999999999999999,107.43757300000179,2.69953353494816,0.8921971252566734
107.19029700000225,2.4622983271013075,0.9999999999999999,107.68963400000176,2.7305935937536208,0.8791067761806981
107.44434900000228,2.708427042280809,0.8891170431211498,107.92640600000179,2.732186430677622,0.8752566735112935
107.6896570000023,3.040257680769672,0.6329568788501028,108.17566900000182,2.6929378535987922,0.9006673511293634
107.95796300000232,3.391750065047996,0.31194387405886376,108.44290900000179,2.608809938072793,0.9553388090349075
108.18569600000235,3.6724155205894684,0.1062628336755647,108.68117900000178,2.4836466400639727,0.9999999999999999
108.42955400000234,3.813662744670716,0.03234086242299796,108.92061400000173,2.3274640896786623,0.9999999999999999
108.7143880000024,3.794030548778843,0.04158110882956877,109.16904900000175,2.1558718478904906,0.9999999999999999
108.93242300000243,3.638468380245426,0.12089322381930186,109.41284500000174,1.987569236872325,0.9999999999999999
109.17330200000242,3.4014861036491606,0.30116358658453113,109.65920100000172,1.8412891080477345,0.9999999999999999
109.43571600000247,3.1433769487247356,0.5455167693360712,109.90573500000173,1.7320873982443485,0.9999999999999999
109.66801400000247,2.9104778431068383,0.7323750855578371,110.14905800000174,1.6673061628713743,0.9999999999999999
109.91457700000251,2.7276305521508175,0.88064681724846,110.4125810000018,1.6462590439170062,0.9999999999999999
110.16106100000248,2.603916592744715,0.9576488706365502,110.6625170000018,1.6640036749618354,0.9999999999999999
110.40937400000252,2.5372187211959036,0.9999999999999999,110.89572000000184,1.7164350125717838,0.9999999999999999
110.66941900000253,2.5135446876805796,0.9999999999999999,111.1522020000019,1.8054966298252428,0.9999999999999999
110.90488200000257,2.5089476251512184,0.9999999999999999,111.39701800000192,1.9350825177943678,0.9999999999999999
111.15782300000257,2.49829093830394,0.9999999999999999,111.651077000002,2.103676769293151,0.9999999999999999
111.4022230000026,2.4649653995653447,0.9999999999999999,111.89361700000201,2.3006024437803525,0.9999999999999999
111.65527700000266,2.403283652946708,0.9999999999999999,112.132682000002,2.5024080764613923,0.9999999999999999
111.90925300000269,2.3161770786504148,0.9999999999999999,112.38053500000201,2.6691626444691163,0.9129876796714578
112.14037200000267,2.2121441317562405,0.9999999999999999,112.63046100000197,2.7556549281207734,0.8652464065708418
112.3951290000027,2.1049388863004705,0.9999999999999999,112.89852500000202,2.73645367624636,0.87217659137577
112.64158400000271,2.010062711748377,0.9999999999999999,113.13040700000205,2.6218640859603726,0.9460985626283367
112.88561700000272,1.9375452638887403,0.9999999999999999,113.36699300000203,2.447569227706518,0.9999999999999999
113.14869100000274,1.887800990787201,0.9999999999999999,113.619513000002,2.258193966300367,0.9999999999999999
113.37809500000279,1.8544416034773568,0.9999999999999999,113.86267000000197,2.0942604494339765,0.9999999999999999
113.62547900000278,1.8303924698002376,0.9999999999999999,114.12505800000191,1.982226963411128,0.9999999999999999
113.88907300000278,1.8155625949516268,0.9999999999999999,114.35845000000188,1.9298825438254186,0.9999999999999999
114.12323600000275,1.8170322139368866,0.9999999999999999,114.62280800000188,1.9291201617133253,0.9999999999999999
114.37313200000278,1.8471413582624534,0.9999999999999999,114.86188800000195,1.9645929055455853,0.9999999999999999
114.61374400000273,1.9197427807500786,0.9999999999999999,115.10064200000194,2.022307318453276,0.9999999999999999
114.86310400000269,2.0436162173958863,0.9999999999999999,115.34918000000197,2.0973666164870455,0.9999999999999999
115.1248160000027,2.2125750846232646,0.9999999999999999,115.60902800000197,2.1936158203436493,0.9999999999999999
115.35891700000275,2.3981514475281873,0.9999999999999999,115.84233300000197,2.313404503210795,0.9999999999999999
115.61003500000271,2.5652767747093437,0.9876796714579055,116.10729900000207,2.4512584466644753,0.9999999999999999
115.85404500000273,2.697440461189753,0.8929671457905544,116.36137200000208,2.592044919503435,0.967659137577002
116.11549900000274,2.8009314829406113,0.8353867214236825,116.58525800000211,2.7154958373043785,0.8868069815195071
116.36403300000279,2.8842171174289337,0.7575290896646135,116.8394400000021,2.806942947979548,0.832991101984942
116.59637000000272,2.945203759162849,0.7036276522929501,117.0794340000021,2.8673475491474427,0.7790896646132788
116.85050600000272,2.9791915349076854,0.6760780287474334,117.33730700000214,2.911492005856907,0.7323750855578371
117.10199300000271,2.9896522413831152,0.6652977412731007,117.58278100000214,2.9513624508444187,0.6976386036960986
117.33549400000275,2.9870548957225562,0.6676933607118413,117.8289100000021,2.986571160491639,0.6676933607118413
117.5868510000028,2.9825331221590536,0.6724845995893224,118.0778940000021,3.0049287856010474,0.6569130732375086
117.85232800000279,2.9819178735648553,0.6748802190280629,118.33020600000212,2.989632456006822,0.6652977412731007
118.10278700000278,2.9824369507512287,0.6724845995893224,118.56686700000216,2.931034101980682,0.715605749486653
118.32740000000275,2.9732684417634014,0.6808692676249145,118.81646800000222,2.834053167516099,0.8114305270362765
118.56783900000276,2.9407182875878415,0.7072210814510609,119.06039100000223,2.718793854635264,0.8860369609856262
118.8159210000028,2.877809974189258,0.7635181382614648,119.32678000000223,2.6123869715508157,0.952258726899384
119.07141400000285,2.791051076091871,0.8377823408624231,119.55982000000232,2.5356517243929857,0.9999999999999999
119.31434500000283,2.6975073604574575,0.8929671457905544,119.80733500000231,2.4934757909684335,0.9999999999999999
119.58429100000288,2.6178879399733437,0.9491786447638603,120.05556600000226,2.4752357439616888,0.9999999999999999
119.81282800000291,2.5720025378918994,0.9815195071868582,120.29863000000228,2.462889368176624,0.9999999999999999
120.05778800000287,2.5722396434030577,0.9815195071868582,120.56792900000231,2.4422236163627646,0.9999999999999999
120.31613300000284,2.619905880237904,0.9468685831622176,120.79643600000232,2.4119898660171963,0.9999999999999999
120.55467500000289,2.7066992507581658,0.8898870636550308,121.04499300000232,2.3862132837093974,0.9999999999999999
120.81338700000282,2.815862359666267,0.8222108145106094,121.28848800000235,2.3847672497861043,0.9999999999999999
121.04447800000285,2.926314353993146,0.7227926078028748,121.54049400000237,2.4224964387690764,0.9999999999999999
121.2937190000029,3.0155247767768447,0.6509240246406571,121.80484300000235,2.4991524073503664,0.9999999999999999
121.54556200000289,3.066810405071081,0.6113963039014374,122.03175100000236,2.602407615271287,0.9576488706365502
121.78550400000292,3.0740088268368733,0.6018138261464749,122.29086500000238,2.715173435112329,0.8868069815195071
122.03975100000287,3.0407414320760426,0.6329568788501028,122.5364810000024,2.8203135388075737,0.821013004791239
122.27864600000287,2.9748226934130266,0.6796714579055442,122.77168200000244,2.9004308380496253,0.7419575633127995
122.52706400000287,2.8844708975396114,0.7575290896646135,123.01873400000241,2.937437916576037,0.7084188911704313
122.78775000000289,2.780423394816688,0.8473648186173853,123.26709600000243,2.916879235109073,0.7263860369609856
123.03218600000291,2.6772370323839265,0.911447638603696,123.51457300000244,2.84481741170159,0.8018480492813143
123.26766200000291,2.593976621975695,0.9638090349075975,123.76858700000243,2.751992385080924,0.8652464065708418
123.52471600000294,2.555131778053905,0.9969199178644763,124.00692700000246,2.677546767240001,0.911447638603696
123.77315900000296,2.582022064402521,0.9730492813141683,124.26126500000244,2.637305922521032,0.936088295687885
124.02061000000302,2.6825633230538184,0.9060574948665296,124.50060300000241,2.620609769703413,0.9468685831622176
124.25692000000298,2.842841462946612,0.8018480492813143,124.75302000000241,2.6079631995120875,0.9553388090349075
124.51279600000296,3.026618095872272,0.642539356605065,125.00256200000244,2.5809394334424356,0.9745893223819301
124.76524000000293,3.187712953459468,0.5047912388774811,125.24945200000244,2.5245355385909516,0.9999999999999999
125.00118400000291,3.2878743051472377,0.4149555099247091,125.49281600000242,2.434383375836061,0.9999999999999999
125.2901730000029,3.3097708923684745,0.3850102669404517,125.74300900000242,2.3158429311362623,0.9999999999999999
125.49609800000295,3.257163916151871,0.447296372347707,125.99793700000244,2.177762772588073,0.9999999999999999
125.75850300000295,3.1463281673898935,0.5407255304585901,126.23756400000241,2.0281380055735725,0.9999999999999999
125.99710500000296,3.002133597785861,0.6569130732375086,126.4880750000024,1.8732846842420146,0.9999999999999999
126.23627200000297,2.8544619037728505,0.792265571526352,126.73643400000239,1.723512150773619,0.9999999999999999
126.48781200000299,2.7314421286516075,0.8775667351129363,126.99562700000244,1.5950119549424282,0.9999999999999999
126.74914000000304,2.651866205838622,0.9237679671457905,127.21078800000242,1.5041240380387906,0.9999999999999999
126.98570500000301,2.6234755225136883,0.9460985626283367,127.45990300000246,1.4607686775676871,0.9999999999999999
127.23987500000304,2.641830615412213,0.9306981519507186,127.70779400000245,1.465329084352592,0.9999999999999999
127.48050400000307,2.6825873618752936,0.9060574948665296,127.9602030000025,1.5108554281799524,0.9999999999999999
127.74124000000302,2.706422738940354,0.8898870636550308,128.22614100000249,1.586534089046712,0.9999999999999999
128.034905000003,2.6894345809375673,0.9022073921971252,128.45364100000242,1.6790062317273557,0.9999999999999999
128.22574700000297,2.6577985983229504,0.9199178644763859,128.6949330000024,1.7729291029302146,0.9999999999999999
128.48718700000302,2.67452809582694,0.911447638603696,128.97248700000242,1.8509998829179914,0.9999999999999999
128.71462000000304,2.7896992176965503,0.8389801505817933,129.19862400000244,1.8973006730308166,0.9999999999999999
128.96871600000298,3.0129169412464876,0.6509240246406571,129.44732600000242,1.9021419324294777,0.9999999999999999
129.21957500000303,3.3145712880809315,0.37902121834360036,129.69125500000246,1.864983570727082,0.9999999999999999
129.48107500000302,3.6422586354260655,0.1178131416837782,129.93980200000246,1.79666630461915,0.9999999999999999
129.70682600000308,3.9437178063530904,0.0,130.20372900000243,1.7223036675578505,0.9999999999999999
129.9539230000031,4.179874905971113,0.0,130.43261200000242,1.6773707280493604,0.9999999999999999
130.20024700000315,4.330684779069838,0.0,130.6851150000024,1.691506512626813,0.9999999999999999
130.4577390000032,4.3941108326564216,0.0,130.92556500000236,1.774059171158426,0.9999999999999999
130.7138620000032,4.386349756676434,0.0,131.17432000000233,1.914427227769843,0.9999999999999999
130.9866950000032,4.3339863661668225,0.0,131.44340700000228,2.0899347286010075,0.9999999999999999
131.19717400000323,4.257968143024447,0.0,131.66231400000225,2.266938999572327,0.9999999999999999
131.46620400000313,4.162877945691969,0.0,131.9168430000024,2.4013683647059816,0.9999999999999999
131.69597000000317,4.040050464615158,0.0,132.1627520000024,2.4520345088376496,0.9999999999999999
131.93996300000308,3.8774810792753875,0.00924024640657081,132.4127170000024,2.40578514188217,0.9999999999999999
132.18077300000297,3.6726226714409775,0.10549281314168373,132.69942100000242,2.283090123719022,0.9999999999999999
132.42502600000296,3.430215715165352,0.26642710472279263,132.91557600000243,2.119434507628757,0.9999999999999999
132.68327900000287,3.1633126582943967,0.5299452429842574,133.14676600000234,1.949073261565963,0.9999999999999999
132.9212930000029,2.9017243630911063,0.7395619438740589,133.39976300000214,1.799167768763384,0.9999999999999999
133.17163300000297,2.684212425071327,0.9052874743326488,133.6421870000021,1.6917549035984363,0.9999999999999999
133.43749200000303,2.5327356519260387,0.9999999999999999,133.8921510000021,1.6466087216900216,0.9999999999999999
133.66310400000305,2.444675823603987,0.9999999999999999,134.14508500000207,1.673336552657897,0.9999999999999999
133.90591400000315,2.4055552164801632,0.9999999999999999,134.38259600000205,1.7629127836259222,0.9999999999999999
134.1565810000031,2.402640414195215,0.9999999999999999,134.64888700000213,1.891139289589585,0.9999999999999999
134.413856000003,2.4283228169132567,0.9999999999999999,134.8964370000021,2.030329108777916,0.9999999999999999
134.63511700000302,2.4764016140446063,0.9999999999999999,135.1288070000021,2.163129430134788,0.9999999999999999
134.88924900000305,2.5361844165813237,0.9999999999999999,135.37990700000202,2.2862721417828116,0.9999999999999999
135.13824400000306,2.587088899850682,0.9707392197125256,135.61988700000202,2.404099928605072,0.9999999999999999
135.37662600000291,2.6025592197007352,0.9576488706365502,135.89319900000203,2.515097718743881,0.9999999999999999
135.63562300000294,2.559626727997124,0.9930698151950718,136.12007700000217,2.6056143152594675,0.9553388090349075
135.876073000003,2.451521293858701,0.9999999999999999,136.36307200000212,2.6528204034508636,0.9237679671457905
136.15798200000296,2.292571871958561,0.9999999999999999,136.6110590000021,2.631784743957384,0.9414784394250513
136.36804100000307,2.1121109129597113,0.9999999999999999,136.8644970000022,2.5309308193840647,0.9999999999999999
136.62291400000305,1.9404662518432167,0.9999999999999999,137.11868500000224,2.3662802952742257,0.9999999999999999
136.87123200000298,1.7945209532204587,0.9999999999999999,137.39720200000218,2.177881959618155,0.9999999999999999
137.12169100000287,1.6772802481774363,0.9999999999999999,137.6080590000023,2.0100356010107534,0.9999999999999999
137.37862700000275,1.5832020371055866,0.9999999999999999,137.86710700000225,1.8932087210124882,0.9999999999999999
137.6117650000027,1.5065080347752524,0.9999999999999999,138.11234400000228,1.8369857755101089,0.9999999999999999
137.86964800000277,1.4453565677326863,0.9999999999999999,138.3662390000023,1.8352792123603812,0.9999999999999999
138.09847600000285,1.4031028532116625,0.9999999999999999,138.5932090000024,1.8744650380419199,0.9999999999999999
138.34697900000282,1.384294337719652,0.9999999999999999,138.83913600000244,1.9395822389921868,0.9999999999999999
138.59695500000282,1.3870814798823217,0.9999999999999999,139.10694100000254,2.0165035269534872,0.9999999999999999
138.8575720000028,1.4001329904193291,0.9999999999999999,139.3485410000023,2.090972503156649,0.9999999999999999
139.08801900000273,1.4062745204608604,0.9999999999999999,139.58431200000234,2.147857318439626,0.9999999999999999
139.36045500000276,1.391891978980529,0.9999999999999999,139.83734600000227,2.1698577534324412,0.9999999999999999
139.5904330000028,1.3558115097399355,0.9999999999999999,140.0819500000022,2.139658819393774,0.9999999999999999
139.83941400000285,1.3081831415559133,0.9999999999999999,140.33525500000223,2.050959588413096,0.9999999999999999
140.08730200000286,1.265733897054604,0.9999999999999999,140.57498300000236,1.9176863370422539,0.9999999999999999
140.34214000000287,1.2457415605335453,0.9999999999999999,140.83340300000225,1.7733034888211572,0.9999999999999999
140.6062880000029,1.2602360286944978,0.9999999999999999,141.1033000000021,1.6514286534322733,0.9999999999999999
140.82001300000283,1.3126266179993618,0.9999999999999999,141.3241450000021,1.5760012689710363,0.9999999999999999
141.08589600000278,1.3971914893694048,0.9999999999999999,141.565084000002,1.5618199295564315,0.9999999999999999
141.31648700000275,1.5015958182778106,0.9999999999999999,141.81171300000202,1.6156398413920414,0.9999999999999999
141.58580800000274,1.6093935461097437,0.9999999999999999,142.05551300000198,1.73283834249592,0.9999999999999999
141.81576800000278,1.7055408527248859,0.9999999999999999,142.31934700000207,1.8939950811079895,0.9999999999999999
142.07224800000273,1.7839302828943613,0.9999999999999999,142.54969500000226,2.06895962364969,0.9999999999999999
142.3186590000026,1.8544515984929764,0.9999999999999999,142.80728400000223,2.228410972356215,0.9999999999999999
142.56653900000256,1.9332101698554198,0.9999999999999999,143.04657800000214,2.3550747421642586,0.9999999999999999
142.80358500000244,2.023171538533358,0.9999999999999999,143.29693500000215,2.4454565560269232,0.9999999999999999
143.06086600000245,2.108334382715163,0.9999999999999999,143.5602760000021,2.502373715685767,0.9999999999999999
143.2947830000025,2.1658316756629765,0.9999999999999999,143.78644300000212,2.529329315592737,0.9999999999999999
143.54162700000253,2.1831846067986156,0.9999999999999999,144.03398200000214,2.528157001115956,0.9999999999999999
143.80158200000255,2.164665884431974,0.9999999999999999,144.31946300000217,2.4999866971057703,0.9999999999999999
144.04063300000254,2.128172265729696,0.9999999999999999,144.55267600000218,2.4485409775917213,0.9999999999999999
144.2829900000025,2.096829395957087,0.9999999999999999,144.89597900000217,2.3835118506196906,0.9999999999999999
144.55402100000262,2.08747950633611,0.9999999999999999,145.14323800000213,2.318683127094798,0.9999999999999999
144.78341400000255,2.0997200561271385,0.9999999999999999,145.34476700000212,2.266823123113368,0.9999999999999999
145.02351500000248,2.1170080810120613,0.9999999999999999,145.53200800000207,2.2316440354328906,0.9999999999999999
145.28390400000254,2.1159240010500815,0.9999999999999999,145.7811210000021,2.203873308581807,0.9999999999999999
145.51983200000257,2.080475289052061,0.9999999999999999,146.02144800000207,2.1730673331929067,0.9999999999999999
145.77268100000256,2.0085471258518317,0.9999999999999999,146.3043080000021,2.1395135617285104,0.9999999999999999
146.0299110000026,1.9114993969113623,0.9999999999999999,146.50666200000205,2.1160353883023872,0.9999999999999999
146.2620480000026,1.808650111384574,0.9999999999999999,146.7671390000021,2.120733765290388,0.9999999999999999
146.50879200000273,1.7210496504727517,0.9999999999999999,147.02210900000213,2.168675669757861,0.9999999999999999
146.76481600000272,1.6694978782788885,0.9999999999999999,147.26849200000223,2.261773076962408,0.9999999999999999
147.01377900000276,1.6730934080706912,0.9999999999999999,147.5234750000022,2.378828485793492,0.9999999999999999
147.25182700000275,1.7441654169437706,0.9999999999999999,147.75251900000222,2.4872284886427094,0.9999999999999999
147.49634000000273,1.8831908523979703,0.9999999999999999,148.03543800000222,2.567296647331175,0.9869096509240245
147.76820400000267,2.0782747502555017,0.9999999999999999,148.24299000000227,2.62723213455508,0.9453285420944558
147.99370300000257,2.309837607295113,0.9999999999999999,148.4919090000023,2.688336310663126,0.9022073921971252
148.26959100000266,2.549813077166027,0.9999999999999999,148.77593500000233,2.76304632933803,0.8613963039014373
148.49674800000264,2.7648161412007206,0.8583162217659137,148.99178000000242,2.8437355304810366,0.8018480492813143
148.7347010000026,2.9245430553307266,0.7227926078028748,149.22788300000252,2.9041368716010023,0.7383641341546887
149.04970500000263,3.0094211884918387,0.6521218343600275,149.53541000000257,2.908759884203866,0.7335728952772074
149.36325600000262,3.0142763968745268,0.6509240246406571,149.76437600000256,2.8321398985850488,0.8126283367556468
149.55977400000265,2.9480460470471135,0.7012320328542095,149.9958210000026,2.6765823690991364,0.911447638603696
149.77503300000265,2.832498367247843,0.8126283367556468,150.22687800000267,2.4729451161803793,0.9999999999999999
149.99953100000255,2.6982158546364223,0.8929671457905544,150.46970300000274,2.2655877885068767,0.9999999999999999
150.2743060000025,2.5781929499706893,0.9768993839835729,150.73741800000278,2.0941384986105374,0.9999999999999999
150.4754400000024,2.498020091919765,0.9999999999999999,150.9846620000028,1.9810003850900115,0.9999999999999999
150.7131540000024,2.4702127694376648,0.9999999999999999,151.23686900000277,1.9272468037827792,0.9999999999999999
150.95907800000236,2.496173108953824,0.9999999999999999,151.46800400000274,1.9175777526951046,0.9999999999999999
151.23654500000228,2.56097311508966,0.9922997946611909,151.72935900000277,1.9279568464688717,0.9999999999999999
151.46994900000223,2.6356261558015763,0.9383983572895277,151.95489200000281,1.9350342784439578,0.9999999999999999
151.72757100000226,2.696787186247725,0.8937371663244352,152.20585700000282,1.923652485639758,0.9999999999999999
151.9625300000022,2.7453385752859476,0.8683264887063654,152.51178900000272,1.8891537558289784,0.9999999999999999
152.20687100000225,2.801856790445464,0.8353867214236825,152.74232700000272,1.8354328257187467,0.9999999999999999
152.46744900000226,2.8892792646505105,0.7563312799452431,152.95213700000272,1.7749512516014296,0.9999999999999999
152.69416400000242,3.0146415359397194,0.6509240246406571,153.21446700000268,1.731244090443818,0.9999999999999999
152.9371540000024,3.16017947831368,0.5335386721423683,153.45202100000276,1.7362629801171467,0.9999999999999999
153.2011050000024,3.2887096342451634,0.41375770020533886,153.69205500000274,1.818102860489382,0.9999999999999999
153.46052100000236,3.365026773422401,0.3347022587268993,153.9764760000027,1.9796809160385798,0.9999999999999999
153.68281400000242,3.372691446837464,0.3263175906913074,154.1997760000027,2.187292943941638,0.9999999999999999
153.92971300000235,3.3170985031119584,0.37902121834360036,154.46056800000278,2.3811050223173806,0.9999999999999999
154.18668900000225,3.2161084794550714,0.48682409308692676,154.70255700000283,2.511451104056387,0.9999999999999999
154.4257010000023,3.0915873977854704,0.5862422997946611,154.93790700000284,2.5632850158267075,0.9899897330595482
154.68557000000223,2.9656159834879854,0.6832648870636551,155.1850060000029,2.5538935336826016,0.9976899383983573
154.92408300000216,2.856398207693039,0.7898699520876115,155.41989100000285,2.5181669004884792,0.9999999999999999
155.17511600000225,2.7691289445221714,0.8567761806981519,155.66744800000288,2.491697478159296,0.9999999999999999
155.4212930000022,2.701324536244658,0.8921971252566734,155.92741900000289,2.4973578447565483,0.9999999999999999
155.66809600000224,2.6507715823636744,0.9245379876796714,156.15978200000288,2.54184565905946,0.9999999999999999
155.90950600000218,2.6160457655329585,0.9507186858316221,156.40888500000293,2.622684030276221,0.9460985626283367
156.16325000000217,2.5908828841570335,0.9684291581108828,156.66106900000284,2.740879365368898,0.8698665297741273
156.41003300000213,2.564570784638212,0.9884496919917863,156.9028870000028,2.908275182750789,0.7359685147159479
156.652927000002,2.5234697799161303,0.9999999999999999,157.15529000000282,3.138076937410135,0.5515058179329226
156.90930400000198,2.454233814737251,0.9999999999999999,157.4002380000028,3.4244140870451645,0.2748117727583847
157.14887100000192,2.3486531134068604,0.9999999999999999,157.6608530000028,3.7330104818870735,0.07315195071868584
157.39241200000194,2.2082189489006976,0.9999999999999999,157.9042660000027,4.0003944492591295,0.0
157.65196800000192,2.0433925213961976,0.9999999999999999,158.16320100000283,4.1510003028379465,0.0
157.88969100000185,1.873202802574333,0.9999999999999999,158.4092290000028,4.135886141088799,0.0
158.13241100000192,1.7224992630311884,0.9999999999999999,158.63867600000296,3.955599390842729,0.0
158.39473500000187,1.615179485246021,0.9999999999999999,158.90062800000305,3.6535767094196694,0.11165297741273096
158.62972000000184,1.5641754791111562,0.9999999999999999,159.1354670000029,3.2922715336280723,0.4113620807665983
158.88468200000173,1.569038863184217,0.9999999999999999,159.37803100000278,2.934542124530853,0.7108145106091719
159.13720700000172,1.6194601204925694,0.9999999999999999,159.63273700000278,2.6223483719945153,0.9460985626283367
159.37619300000168,1.7014931658028454,0.9999999999999999,159.87363000000272,2.371792394060679,0.9999999999999999
159.6196010000017,1.8048241656126385,0.9999999999999999,160.1181360000027,2.1816516080748665,0.9999999999999999
159.86408800000174,1.927544100623814,0.9999999999999999,160.37564800000283,2.044604719013719,0.9999999999999999
160.1150960000017,2.0753472322509054,0.9999999999999999,160.61712100000278,1.9511135819439243,0.9999999999999999
160.36352500000163,2.2506737402600505,0.9999999999999999,160.8905940000028,1.8907436448751915,0.9999999999999999
160.61155800000162,2.443467575381797,0.9999999999999999,161.10928400000293,1.853750103828593,0.9999999999999999
160.8574110000017,2.6379180577332737,0.936088295687885,161.36191800000285,1.8354905377420343,0.9999999999999999
161.12832200000167,2.8263336541935837,0.817419575633128,161.60751500000282,1.8340806909890852,0.9999999999999999
161.3564220000017,3.0107357656734828,0.6521218343600275,161.87026600000277,1.8455503092330308,0.9999999999999999
161.5945840000016,3.193227908494984,0.5011978097193703,162.12829100000278,1.8657856959881185,0.9999999999999999
161.8400980000017,3.367860299196532,0.33350444900752907,162.3527660000027,1.8922816370500066,0.9999999999999999
162.09199000000174,3.5165985387748435,0.18737166324435323,162.59749600000262,1.923613536130874,0.9999999999999999
162.35781200000167,3.611982826920816,0.13013347022587266,162.84544600000257,1.9597788939995564,0.9999999999999999
162.5826750000016,3.630069497569175,0.12320328542094454,163.1062780000025,2.000836567189015,0.9999999999999999
162.84612400000154,3.562800161353818,0.1514373716632443,163.33731400000252,2.0466361051696933,0.9999999999999999
163.0886430000015,3.424255610965938,0.2748117727583847,163.59130100000257,2.0963217114235864,0.9999999999999999
163.3289290000015,3.2500849308771707,0.4508898015058179,163.83165600000254,2.1457139557532283,0.9999999999999999
163.60815000000153,3.08814445680711,0.5862422997946611,164.09199100000257,2.1840892279494084,0.9999999999999999
163.82004300000142,2.9715583664731327,0.6808692676249145,164.32942400000263,2.1967499822805787,0.9999999999999999
164.06861700000147,2.901526973537434,0.7395619438740589,164.57662600000262,2.171113542675217,0.9999999999999999
164.31251200000133,2.8570417914410164,0.7898699520876115,164.81445600000262,2.1049371054929904,0.9999999999999999
164.56380700000128,2.8172875854680246,0.821013004791239,165.06534500000274,2.010022888613383,0.9999999999999999
164.80970700000128,2.7723812019414455,0.856006160164271,165.33522200000274,1.9073316365520212,0.9999999999999999
165.06482000000128,2.7309702509392153,0.8791067761806981,165.55989600000288,1.8161905888977632,0.9999999999999999
165.29972200000137,2.7524188037490207,0.8652464065708418,165.8365930000028,1.7452444973150403,0.9999999999999999
165.56003700000133,2.863597353375931,0.7862765229295005,166.0640770000028,1.6898463203672462,0.9999999999999999
165.7965320000013,3.013118893827281,0.6509240246406571,166.30303200000282,1.6394464905466575,0.9999999999999999
166.04483500000143,3.1555477324057586,0.5347364818617385,166.56988300000282,1.5905706480200867,0.9999999999999999
166.3047710000014,3.27296994651878,0.4341204654346338,166.79844000000278,1.549266628844109,0.9999999999999999
166.5388640000015,3.3643987126626147,0.33590006844626974,167.0523120000027,1.525654811382091,0.9999999999999999
166.8068600000014,3.4344022956885416,0.26283367556468173,167.31017700000274,1.5292960890201115,0.9999999999999999
167.0318510000014,3.4852369780338495,0.22210814510609173,167.5386020000027,1.5671365253487186,0.9999999999999999
167.28069200000138,3.5158468297534693,0.1885694729637235,167.8009850000026,1.6408713913049766,0.9999999999999999
167.5542940000013,3.5239916451087807,0.18138261464750172,168.0415870000027,1.7437727410607387,0.9999999999999999
167.7808250000014,3.5036264317617167,0.19934976043805616,168.28318300000265,1.857776935566374,0.9999999999999999
168.0225840000013,3.437474266760047,0.2616358658453115,168.5314520000026,1.9578290633508584,0.9999999999999999
168.2699790000013,3.301045589264754,0.39938398357289534,168.7834090000028,2.021451967410582,0.9999999999999999
168.5209410000014,3.1287624460804953,0.5574948665297742,169.02507900000276,2.0428907503697684,0.9999999999999999
168.76553500000128,3.0059964468265274,0.6557152635181382,169.2725230000028,2.041849180697423,0.9999999999999999
169.0127840000011,2.9421027326282925,0.7072210814510609,169.5184100000027,2.0538222638430117,0.9999999999999999
169.26632800000112,2.90969800298998,0.7323750855578371,169.77384300000276,2.110037025663912,0.9999999999999999
169.51668100000103,2.879429958613624,0.7623203285420946,170.01942300000275,2.222747109778123,0.9999999999999999
169.75311800000102,2.831151949872286,0.8126283367556468,170.26071400000268,2.379681931188992,0.9999999999999999
170.01756800000106,2.761077763873365,0.8613963039014373,170.52371600000262,2.5470834063322765,0.9999999999999999
170.25420800000109,2.6822454062873207,0.9060574948665296,170.75916400000258,2.686366263439496,0.9022073921971252
170.49849400000096,2.6161723887285966,0.9507186858316221,171.02915600000264,2.774493686753547,0.8529260780287474
170.749924000001,2.5777307569364574,0.9768993839835729,171.24911100000264,2.8113820599880226,0.8270020533880905
170.9905950000009,2.56399960934512,0.9884496919917863,171.49941200000274,2.813492507683204,0.8258042436687201
171.26604000000086,2.558395177566889,0.9938398357289526,171.74081700000275,2.7990867409674767,0.8365845311430528
171.48404900000082,2.5522195018511726,0.999229979466119,171.98177000000277,2.7767727230235617,0.8506160164271046
171.75007200000078,2.554661066460508,0.9969199178644763,172.2393440000027,2.7412656740514607,0.8698665297741273
171.98202700000093,2.5806875953080373,0.975359342915811,172.4852280000028,2.6794555859599525,0.9106776180698152
172.233061000001,2.6350329414732716,0.9383983572895277,172.72928600000276,2.581804752539179,0.9730492813141683
172.47802500000105,2.7059994878442044,0.8898870636550308,172.98143500000268,2.4469649656834425,0.9999999999999999
172.72958300000096,2.774051775169915,0.8536960985626282,173.23091800000267,2.28323241058685,0.9999999999999999
172.97718900000098,2.821376681016159,0.821013004791239,173.47991500000276,2.1068446884815533,0.9999999999999999
173.219970000001,2.837498496688129,0.8090349075975359,173.73078100000282,1.936954439881598,0.9999999999999999
173.46552400000112,2.819144295634768,0.821013004791239,173.96665900000275,1.7904727655890122,0.9999999999999999
173.71857800000097,2.7679162772085055,0.8567761806981519,174.24162600000275,1.6797980587096901,0.9999999999999999
173.96306200000106,2.687151698553322,0.9022073921971252,174.46263500000265,1.612439020063401,0.9999999999999999
174.21145700000105,2.580887225217926,0.9745893223819301,174.71009100000262,1.5930176753797867,0.9999999999999999
174.48640700000118,2.4574315984512696,0.9999999999999999,174.9596670000027,1.6241242658182753,0.9999999999999999
174.70696200000128,2.332838727990735,0.9999999999999999,175.2080780000026,1.7027319731467485,0.9999999999999999
174.95232300000146,2.231334602977222,0.9999999999999999,175.46205100000262,1.8178461574943494,0.9999999999999999
175.20038400000146,2.181804535300696,0.9999999999999999,175.70253400000266,1.9523048036917223,0.9999999999999999
175.45429600000134,2.2110774728397944,0.9999999999999999,175.95521300000274,2.0877434145973677,0.9999999999999999
175.69220800000147,2.3317261656346195,0.9999999999999999,176.22622600000278,2.2067764458154913,0.9999999999999999
175.9447490000014,2.537436369812098,0.9999999999999999,176.4445610000028,2.2973923825533604,0.9999999999999999
176.19671900000134,2.803089689120963,0.8341889117043122,176.69500300000283,2.3530322865009277,0.9999999999999999
176.4352800000013,3.08903563839725,0.5862422997946611,176.94051100000283,2.3702612674574475,0.9999999999999999
176.68973700000126,3.3581350446953397,0.34188911704312114,177.19999300000282,2.347642020521757,0.9999999999999999
176.93258800000126,3.586034781721054,0.14014373716632444,177.43992000000267,2.289134742714631,0.9999999999999999
177.17893200000117,3.757964585761424,0.05621149897330593,177.68876900000274,2.2082433057844773,0.9999999999999999
177.4268500000012,3.867884995252941,0.01232032854209447,177.9339060000027,2.124834356077419,0.9999999999999999
177.69903200000118,3.914860240466829,0.0,178.17826200000263,2.064521214621973,0.9999999999999999
177.92443400000113,3.898838927650701,0.002310061601642682,178.42624900000268,2.0528880383015453,0.9999999999999999
178.17357300000103,3.819081999906535,0.0300308008213552,178.69513300000278,2.1023131404093904,0.9999999999999999
178.42249600000116,3.6832926286125667,0.10087268993839836,178.9197620000028,2.1983371399399454,0.9999999999999999
178.6673980000011,3.516451902339356,0.18737166324435323,179.16620900000282,2.3000804713734846,0.9999999999999999
178.9358700000011,3.3555152995741335,0.34668035592060237,179.4170830000028,2.357568717487024,0.9999999999999999
179.1636320000011,3.234933907457818,0.47125256673511295,179.66108400000277,2.3378749529781886,0.9999999999999999
179.40614000000113,3.1784002700640666,0.5107802874743327,179.9075280000028,2.24045657583411,0.9999999999999999
179.66174000000117,3.192453125138806,0.5023956194387406,180.16842700000277,2.0917836108238914,0.9999999999999999
179.90342700000113,3.261169562266509,0.44370294318959624,180.40801500000273,1.929970893319998,0.9999999999999999
180.1480850000011,3.349261186849843,0.35386721423682405,180.66382900000266,1.7908018965501409,0.9999999999999999
180.40386900000112,3.4088372365633504,0.28918548939082817,180.90619100000265,1.7001339633230588,0.9999999999999999
180.64304000000106,3.4040194622089595,0.2951745379876797,181.14009400000268,1.6719748397464687,0.9999999999999999
180.9113270000011,3.3226476909266687,0.37542778918548936,181.3917040000027,1.7084494233975684,0.9999999999999999
181.13711600000113,3.1771712726182284,0.5131759069130732,181.63756200000267,1.8008597488158031,0.9999999999999999
181.39554700000107,2.9921638202322987,0.6640999315537303,181.89452000000273,1.9365381405331006,0.9999999999999999
181.6390400000011,2.791813677037544,0.8377823408624231,182.13160800000264,2.10356036368587,0.9999999999999999
181.88044000000107,2.5960310226264776,0.9622689938398357,182.37589200000266,2.2928965810984394,0.9999999999999999
182.15616700000112,2.4172680655421166,0.9999999999999999,182.63393900000264,2.4962454058164427,0.9999999999999999
182.37982800000103,2.2623856407433105,0.9999999999999999,182.8754540000026,2.7000266714813304,0.8921971252566734
182.62613700000097,2.1315521567288878,0.9999999999999999,183.1112660000025,2.877866054639311,0.7635181382614648
182.87764200000103,2.0211918208144386,0.9999999999999999,183.36186300000256,2.9891849955295706,0.6664955509924708
183.11969200000104,1.9274449201145034,0.9999999999999999,183.6094260000024,2.995806454599209,0.6617043121149897
183.36995400000097,1.8510029261981478,0.9999999999999999,183.86385800000235,2.8903568438381906,0.7563312799452431
183.61555600000094,1.7978161964874408,0.9999999999999999,184.10440300000238,2.7091741688084037,0.8891170431211498
183.87398800000096,1.7787373350823437,0.9999999999999999,184.35228500000233,2.5104308228063505,0.9999999999999999
184.11349400000097,1.8063937798421672,0.9999999999999999,184.62939200000235,2.3452244763029593,0.9999999999999999
184.36188300000094,1.8877578646243969,0.9999999999999999,184.85983300000237,2.2412319912726275,0.9999999999999999
184.611008000001,2.017510533374441,0.9999999999999999,185.10429100000226,2.199507413070597,0.9999999999999999
184.86141500000096,2.1763802448934957,0.9999999999999999,185.3590930000024,2.197026242819471,0.9999999999999999
185.1038650000009,2.333719820218585,0.9999999999999999,185.59367400000244,2.2005672579198476,0.9999999999999999
185.3573700000009,2.4517963731771153,0.9999999999999999,185.83899500000246,2.182263370261362,0.9999999999999999
185.60676500000085,2.5004178910310046,0.9999999999999999,186.08895600000238,2.1267978663877196,0.9999999999999999
185.8427390000009,2.4729136677739607,0.9999999999999999,186.32958500000245,2.0320680345528723,0.9999999999999999
186.09267700000103,2.3915305196740486,0.9999999999999999,186.57856900000243,1.9112712757185748,0.9999999999999999
186.33927200000107,2.291660835599968,0.9999999999999999,186.82938200000234,1.7862691849907923,0.9999999999999999
186.61256100000102,2.2022264915423335,0.9999999999999999,187.07651400000245,1.677447992891385,0.9999999999999999
186.837034000001,2.1373359949419215,0.9999999999999999,187.33086700000237,1.5983891327601816,0.9999999999999999
187.09365900000103,2.0968018214904247,0.9999999999999999,187.56382100000235,1.5553722332134852,0.9999999999999999
187.32727200000102,2.0708466674275483,0.9999999999999999,187.81800900000235,1.5481204092032632,0.9999999999999999
187.57728000000102,2.045436699141827,0.9999999999999999,188.0594920000024,1.5738579893728488,0.9999999999999999
187.824378000001,2.0092890549043054,0.9999999999999999,188.30637000000243,1.6281546290627618,0.9999999999999999
188.07057000000106,1.9601796894832266,0.9999999999999999,188.56077800000233,1.703336039470841,0.9999999999999999
188.32570400000108,1.9096106155266503,0.9999999999999999,188.79862800000222,1.7887254995449597,0.9999999999999999
188.56713700000105,1.8812690811074053,0.9999999999999999,189.04765900000223,1.8730081341185243,0.9999999999999999
188.8171330000011,1.8999924371424441,0.9999999999999999,189.2890120000023,1.9465997206813326,0.9999999999999999
189.06062300000104,1.9838380853330835,0.9999999999999999,189.55808600000222,2.000409948723373,0.9999999999999999
189.311930000001,2.1388621314449874,0.9999999999999999,189.78446000000218,2.024996432821807,0.9999999999999999
189.54464100000098,2.359388410541345,0.9999999999999999,190.03794200000218,2.0135423356796913,0.9999999999999999
189.810225000001,2.6294730332932374,0.943788501026694,190.27881400000211,1.9643703727390194,0.9999999999999999
190.05170100000097,2.9191690788442775,0.7263860369609856,190.52926400000217,1.8812092604319826,0.9999999999999999
190.29198800000094,3.1869585043119972,0.5047912388774811,190.77473700000226,1.7749555507236567,0.9999999999999999
190.5515700000009,3.396788971508757,0.3047570157426421,191.02566600000227,1.6607706227047836,0.9999999999999999
190.78743500000093,3.532718066336517,0.17299794661190962,191.28162300000236,1.553212297817001,0.9999999999999999
191.03671000000094,3.598130839458457,0.1339835728952772,191.52623000000239,1.4618974682793968,0.9999999999999999
191.28225500000096,3.6067060485543854,0.13167351129363444,191.77216900000244,1.3893508555393073,0.9999999999999999
191.537105000001,3.5711409659276505,0.1463039014373716,192.01691800000236,1.332323548966159,0.9999999999999999
191.78898000000106,3.499554973108067,0.20414099931553728,192.26289500000232,1.2864134990720584,0.9999999999999999
192.0280520000011,3.3950256152427567,0.30595482546201236,192.50395000000225,1.2488897789821864,0.9999999999999999
192.28401300000104,3.2616404072335916,0.44370294318959624,192.76729600000226,1.2191206641907604,0.9999999999999999
192.5171360000009,3.1063669456299308,0.5718685831622177,193.00258400000223,1.1977888787988802,0.9999999999999999
192.76452000000089,2.9423833294653345,0.7072210814510609,193.25410400000226,1.1861614056358112,0.9999999999999999
193.0136960000009,2.790566533249124,0.8389801505817933,193.5199580000022,1.1838528824872514,0.9999999999999999
193.27369800000088,2.6750261630778205,0.911447638603696,193.7434280000021,1.18497841044109,0.9999999999999999
193.50795900000094,2.608228610493712,0.9553388090349075,194.02139100000213,1.179104986559504,0.9999999999999999
193.75796700000086,2.589661990063323,0.9699691991786448,194.24647200000211,1.1586866457309972,0.9999999999999999
193.99146600000086,2.617900120304132,0.9491786447638603,194.50229900000207,1.1271388899545833,0.9999999999999999
194.26469600000087,2.6959011877144183,0.8968172484599589,194.74218600000202,1.0978677894801112,0.9999999999999999
194.49411200000088,2.8180239388584267,0.821013004791239,194.98303900000207,1.0860169911074153,0.9999999999999999
194.7401110000008,2.958841119201845,0.6904517453798769,195.22977800000203,1.1024415389162188,0.9999999999999999
194.99316400000086,3.0717097578502344,0.605407255304586,195.47543400000208,1.1480819145607726,0.9999999999999999
195.23196500000083,3.104854586360651,0.5742642026009582,195.73975200000217,1.2124538722850113,0.9999999999999999
195.49161900000087,3.0307426307094247,0.6389459274469541,195.98826000000216,1.2765017014825868,0.9999999999999999
195.74039200000087,2.8594571309539223,0.788672142368241,196.22635700000208,1.3216658221713447,0.9999999999999999
195.98002000000093,2.6296707328210385,0.943788501026694,196.46571600000223,1.3404857012249383,0.9999999999999999
196.22588400000078,2.3884602417532976,0.9999999999999999,196.7196560000022,1.3382969811081395,0.9999999999999999
196.46784500000072,2.1732931004392437,0.9999999999999999,196.96702900000227,1.3287455435679718,0.9999999999999999
196.72477800000073,2.0059127321899894,0.9999999999999999,197.22362300000216,1.3271537540105127,0.9999999999999999
196.96522300000075,1.890970314017945,0.9999999999999999,197.45693800000217,1.3464573268305635,0.9999999999999999
197.21715200000077,1.8175929400628057,0.9999999999999999,197.71157100000224,1.3959622982350823,0.9999999999999999
197.48233700000085,1.7632561371848068,0.9999999999999999,197.94667200000222,1.4833451965588151,0.9999999999999999
197.7129920000009,1.7079695814504638,0.9999999999999999,198.19468800000212,1.6146137627133879,0.9999999999999999
197.95988700000106,1.6467027647384738,0.9999999999999999,198.45569000000205,1.7900974292995233,0.9999999999999999
198.201433000001,1.5895406908650778,0.9999999999999999,198.71056400000202,2.0024330594257416,0.9999999999999999
198.459506000001,1.5513169998594978,0.9999999999999999,198.94699400000195,2.236011667150911,0.9999999999999999
198.69748400000105,1.541360114158834,0.9999999999999999,199.18885300000193,2.4660907028875103,0.9999999999999999
198.95291900000103,1.560874865121035,0.9999999999999999,199.43455600000186,2.6598086524548483,0.9199178644763859
199.18792300000104,1.6041109262467592,0.9999999999999999,199.6785260000019,2.785175918415339,0.8425735797399042
199.43669300000107,1.6618522494479089,0.9999999999999999,199.92261000000175,2.829050291013262,0.8162217659137578
199.6852230000011,1.7260051569122328,0.9999999999999999,200.17445700000175,2.807533802407348,0.8317932922655716
199.92976800000105,1.790227323754885,0.9999999999999999,200.4235920000019,2.7592578771345346,0.8621663244353183
200.17896600000105,1.8503079646803413,0.9999999999999999,200.66544800000193,2.7297948714980134,0.879876796714579
200.42487000000108,1.9036759748241634,0.9999999999999999,200.906028000002,2.750740071839213,0.8675564681724844
200.66677800000113,1.9480932516594431,0.9999999999999999,201.16675700000184,2.823364126281906,0.8198151950718685
200.92882100000116,1.9812774849843595,0.9999999999999999,201.40154500000176,2.9196114639844883,0.7251882272416154
201.16987800000115,2.0011381478705927,0.9999999999999999,201.67261500000174,3.0043449691939776,0.6569130732375086
201.4197100000012,2.010178955473096,0.9999999999999999,201.90293100000173,3.0605528895670027,0.6161875427789185
201.66201600000124,2.017730839112545,0.9999999999999999,202.14526800000175,3.091277474295884,0.5862422997946611
201.93394800000138,2.039004203739426,0.9999999999999999,202.3962980000017,3.1058264636771415,0.573066392881588
202.15712400000137,2.0891809998911786,0.9999999999999999,202.63970000000174,3.1077981604022904,0.5718685831622177
202.40747000000138,2.173758173968374,0.9999999999999999,202.8897170000018,3.0940409484442917,0.5826488706365504
202.65550400000134,2.279891380121575,0.9999999999999999,203.13547200000178,3.0614096646023636,0.6149897330595483
202.9101300000014,2.3834011167844054,0.9999999999999999,203.37852000000186,3.0130778269480656,0.6509240246406571
203.1437060000015,2.467513142702331,0.9999999999999999,203.63539900000185,2.9592089925596645,0.6904517453798769
203.3844600000014,2.5271276109286696,0.9999999999999999,203.88516400000194,2.9153731109069416,0.727583846680356
203.63035800000145,2.564555495605325,0.9884496919917863,204.12292900000193,2.8975105835091304,0.7455509924709104
203.8894810000014,2.585226916536762,0.9715092402464065,204.38901800000193,2.918686668728481,0.7263860369609856
204.13542600000147,2.594020434278127,0.9638090349075975,204.61973500000198,2.984619805998673,0.6712867898699522
204.3808280000014,2.5927475037312515,0.9668891170431211,204.880756000002,3.0827382725632453,0.5922313483915127
204.62645800000135,2.5783158473318126,0.9768993839835729,205.10968200000204,3.1744884206930997,0.5167693360711841
204.8752870000013,2.547389594784658,0.9999999999999999,205.36470800000205,3.206130581991985,0.4952087611225189
205.13426400000134,2.4995108338149055,0.9999999999999999,205.6006200000021,3.13757267752517,0.5515058179329226
205.36711200000127,2.436598613937831,0.9999999999999999,205.86212000000214,2.9685663352025644,0.6820670773442847
205.6170750000013,2.3626091077125615,0.9999999999999999,206.10298700000212,2.7371379503101476,0.87217659137577
205.8604500000013,2.2828258885338495,0.9999999999999999,206.342048000002,2.4936436008319363,0.9999999999999999
206.1128370000013,2.2006051479523046,0.9999999999999999,206.59601400000193,2.2832547788879256,0.9999999999999999
206.3613700000012,2.1182198437143858,0.9999999999999999,206.8519710000019,2.138625051164708,0.9999999999999999
206.6143810000012,2.0403929269096013,0.9999999999999999,207.0879680000019,2.0778501576884665,0.9999999999999999
206.86225000000118,1.976616497116794,0.9999999999999999,207.33306900000184,2.099167460790844,0.9999999999999999
207.10725100000116,1.9366349291672758,0.9999999999999999,207.58115300000185,2.170927776438368,0.9999999999999999
207.34030300000117,1.9236693930642352,0.9999999999999999,207.82593500000198,2.238803049059074,0.9999999999999999
207.58885000000106,1.9280787974765676,0.9999999999999999,208.08899800000202,2.255869987462405,0.9999999999999999
207.84122300000098,1.928192131179747,0.9999999999999999,208.33997300000192,2.207247288639428,0.9999999999999999
208.08122300000096,1.9045828422970665,0.9999999999999999,208.60027100000187,2.1104630286896815,0.9999999999999999
208.34355800000102,1.8537081902804453,0.9999999999999999,208.83503200000195,2.004674060139582,0.9999999999999999
208.57755400000102,1.7901571859992536,0.9999999999999999,209.06098800000197,1.9378425337003564,0.9999999999999999
208.836741000001,1.7373605193317252,0.9999999999999999,209.31042700000208,1.9509605280097555,0.9999999999999999
209.075645000001,1.7176362640410348,0.9999999999999999,209.56138800000213,2.058448917372057,0.9999999999999999
209.32652700000085,1.74323769598337,0.9999999999999999,209.8111930000021,2.2357817899041206,0.9999999999999999
209.59458200000097,1.8104874838246123,0.9999999999999999,210.06356900000213,2.4226206258632113,0.9999999999999999
209.82747700000098,1.8961871303177307,0.9999999999999999,210.30751700000218,2.553838783297454,0.9976899383983573
210.06393300000104,1.9614709855377457,0.9999999999999999,210.57543300000214,2.592711911522462,0.967659137577002
210.31798000000109,1.9801768627993888,0.9999999999999999,210.80784400000212,2.5375072611365077,0.9999999999999999
210.55543700000112,1.9572295475304704,0.9999999999999999,211.0453780000021,2.4088556374239762,0.9999999999999999
210.7983170000011,1.9159689686796146,0.9999999999999999,211.32487400000207,2.2386423232624963,0.9999999999999999
211.0487940000011,1.8748520554242285,0.9999999999999999,211.55463900000208,2.0602772649458334,0.9999999999999999
211.30794100000116,1.838914959769073,0.9999999999999999,211.8008130000021,1.9005773121771414,0.9999999999999999
211.5506470000012,1.8039598635373753,0.9999999999999999,212.06477600000218,1.7778952531962786,0.9999999999999999
211.79485600000126,1.7655331572718331,0.9999999999999999,212.28388900000232,1.701663051415586,0.9999999999999999
212.07153800000137,1.722101584031757,0.9999999999999999,212.5764830000022,1.6680310461045533,0.9999999999999999
212.28568400000134,1.6772771599477543,0.9999999999999999,212.77695600000226,1.6620570411083238,0.9999999999999999
212.53975500000138,1.6448062450730396,0.9999999999999999,213.0680880000022,1.6678007724527688,0.9999999999999999
212.81662300000133,1.6865923747519154,0.9999999999999999,213.31283400000208,1.6756503054565366,0.9999999999999999
213.0272000000013,1.920366639468226,0.9999999999999999,213.52601800000213,1.6831058174881761,0.9999999999999999
213.28556900000135,2.3410574111415263,0.9999999999999999,213.7679950000022,1.69034191072828,0.9999999999999999
213.5857600000014,2.8392978670942464,0.8042436687200548,214.01873500000218,1.697357619728414,0.9999999999999999
213.77686300000133,3.3234526915972378,0.37542778918548936,214.2713020000022,1.7015869547317948,0.9999999999999999
214.02277000000134,3.7437027688600697,0.06622176591375771,214.50285300000206,1.6976125289703508,0.9999999999999999
214.27108300000134,4.084582240405668,0.0,214.76400900000215,1.680684692625455,0.9999999999999999
214.51867000000126,4.35442077343222,0.0,215.0052400000021,1.653288112989749,0.9999999999999999
214.77011700000128,4.569108308222061,0.0,215.26239600000213,1.6251844539802256,0.9999999999999999
215.01554300000143,4.7306378976661465,0.0,215.506819000002,1.6074012972799412,0.9999999999999999
215.25803300000135,4.806637683198698,0.0,215.74854500000217,1.6068170393406185,0.9999999999999999
215.50350900000126,4.72959398010978,0.0,216.00910700000216,1.6250101394614338,0.9999999999999999
215.75651300000123,4.448453151584784,0.0,216.2683910000022,1.655868633625917,0.9999999999999999
216.02082500000125,4.019633990928332,0.0,216.6533680000022,1.6863724910447038,0.9999999999999999
216.2523760000012,3.5676211689387505,0.14784394250513347,216.87088600000214,1.7013041043460446,0.9999999999999999
216.50268500000112,3.150269145148831,0.5371321013004791,217.21709500000208,1.687638680024738,0.9999999999999999
216.74074400000103,2.778310882483662,0.8485626283367558,217.48793600000187,1.6406289581818838,0.9999999999999999
216.98915600000106,2.4623168859499485,0.9999999999999999,217.8769540000017,1.5704767109859257,0.9999999999999999
217.25430800000112,2.2136817555219017,0.9999999999999999,218.03649500000193,1.5372697056427134,0.9999999999999999
217.49155400000112,2.041305611450677,0.9999999999999999,218.1925590000019,1.8523486140795788,0.9999999999999999
217.73767900000104,1.9481006978697923,0.9999999999999999,218.47940800000194,2.3051792636949013,0.9999999999999999
217.97568200000117,1.927222735254336,0.9999999999999999,218.7103480000018,2.6682633467755013,0.9137577002053388
218.22429400000118,1.9631401062007368,0.9999999999999999,218.93435600000163,2.9017893766160925,0.7395619438740589
218.48411200000112,2.03485541479979,0.9999999999999999,219.1991840000016,3.020144258447458,0.6461327857631759
218.72599500000123,2.1197370810051206,0.9999999999999999,219.50862800000135,3.0496591840601006,0.6245722108145106
218.97403900000117,2.201444961137556,0.9999999999999999,219.70823500000154,3.0141758073709433,0.6509240246406571
219.2150630000011,2.2778732589464936,0.9999999999999999,220.01916500000135,2.9337851838235847,0.7132101300479124
219.45793700000112,2.3601475909510783,0.9999999999999999,220.23365900000127,2.824469123532771,0.8198151950718685
219.7179990000011,2.462581847355176,0.9999999999999999,220.6256400000011,2.699968071135546,0.8921971252566734
219.94728900000095,2.592134443232035,0.967659137577002,220.88206900000108,2.5742239235725743,0.9799794661190964
220.19841000000102,2.7406392428134794,0.8698665297741273,221.08705400000105,2.4614837334721162,0.9999999999999999
220.465801000001,2.887777617034895,0.7563312799452431,221.31307400000117,2.375025607811308,0.9999999999999999
220.69475100000088,3.0106692514855293,0.6521218343600275,221.53209100000117,2.319397914208549,0.9999999999999999
220.93912200000088,3.092568467141406,0.5850444900752909,221.775454000001,2.282681213489293,0.9999999999999999
221.19697000000073,3.125268386436159,0.5598904859685148,222.03221900000096,2.2563184593953127,0.9999999999999999
221.43263800000076,3.1055999347362593,0.573066392881588,222.22457500000095,2.2503124141330613,0.9999999999999999
221.68079800000083,3.0337291890160274,0.6353524982888433,222.58161600000093,2.279725189563287,0.9999999999999999
221.92741200000083,2.9156063340609806,0.727583846680356,222.848962000001,2.3517286945044997,0.9999999999999999
222.1717450000008,2.7639417016691765,0.8590862422997946,223.026893000001,2.45919039239266,0.9999999999999999
222.4267350000008,2.5924595373915,0.967659137577002,223.1349640000011,2.575514397260422,0.9799794661190964
222.66671600000078,2.4117414059768363,0.9999999999999999,223.39736700000103,2.6589428415605734,0.9199178644763859
222.91750200000075,2.229817812489144,0.9999999999999999,223.61066500000092,2.6754988990893867,0.911447638603696
223.18194200000073,2.0569937140009906,0.9999999999999999,223.972433000001,2.6263392868582325,0.9453285420944558
223.41044000000082,1.9056432660794047,0.9999999999999999,224.24733300000085,2.5475277760153467,0.9999999999999999
223.68838300000078,1.7889972699873171,0.9999999999999999,224.41597600000074,2.4801981166368288,0.9999999999999999
223.9167640000008,1.7182117320476462,0.9999999999999999,224.6878210000007,2.4492531483195608,0.9999999999999999
224.15671300000082,1.7022738159584447,0.9999999999999999,224.9384810000006,2.4591734963582645,0.9999999999999999
224.3990220000008,1.7459438827939402,0.9999999999999999,225.1999630000005,2.489038553339163,0.9999999999999999
224.64967100000084,1.8436776424919723,0.9999999999999999,225.51256000000043,2.491746409625299,0.9999999999999999
224.9262210000008,1.9769044094857247,0.9999999999999999,225.7867400000005,2.4196627285429515,0.9999999999999999
225.14493900000082,2.1150889918979727,0.9999999999999999,226.04742600000048,2.267179031537671,0.9999999999999999
225.39086600000078,2.227156376431555,0.9999999999999999,226.17259500000029,2.0713355235726216,0.9999999999999999
225.63718200000082,2.296842234643753,0.9999999999999999,226.4474410000004,1.8784192308314853,0.9999999999999999
225.8843320000008,2.325699279688715,0.9999999999999999,226.78021500000034,1.7267943484965618,0.9999999999999999
226.13314200000093,2.3261724244318223,0.9999999999999999,227.01710900000052,1.646901161004339,0.9999999999999999
226.39316000000085,2.3100497836509706,0.9999999999999999,227.22159800000057,1.664119668681731,0.9999999999999999
226.63376400000084,2.2815094713187634,0.9999999999999999,227.47875200000053,1.7940685501192544,0.9999999999999999
226.87695900000082,2.2363032946205865,0.9999999999999999,227.67669700000047,2.0197774176778482,0.9999999999999999
227.1222680000007,2.1684119955133108,0.9999999999999999,227.91430500000052,2.2762008128250657,0.9999999999999999
227.36630600000066,2.080060009225802,0.9999999999999999,228.38980200000037,2.4840452151502515,0.9999999999999999
227.6148300000006,1.982381235163982,0.9999999999999999,228.63580300000015,2.601375889229298,0.9584188911704311
227.86667300000065,1.8949522225981779,0.9999999999999999,228.7517130000003,2.6355075905713643,0.9383983572895277
228.1206610000007,1.8405031047199374,0.9999999999999999,229.04285100000047,2.6224985223859694,0.9460985626283367
228.3565340000008,1.8350943677269689,0.9999999999999999,229.47531300000026,2.6047663826612637,0.9553388090349075
228.60698800000083,1.8828906422034397,0.9999999999999999,229.63775500000054,2.6154254269166497,0.9507186858316221
228.8590600000008,1.9729581599369896,0.9999999999999999,229.8346680000007,2.6693029190027886,0.9129876796714578
229.10097200000075,2.0764456886082585,0.9999999999999999,229.89403900000062,2.7592059160220965,0.8621663244353183
229.34605000000076,2.1559600390776534,0.9999999999999999,230.17333100000053,2.8596140242695305,0.788672142368241
229.5944490000007,2.182802971232246,0.9999999999999999,230.5912980000006,2.9390445105295115,0.7072210814510609
229.8475130000008,2.1543860755101396,0.9999999999999999,230.7739020000005,2.971720427460238,0.6808692676249145
230.0863200000007,2.0900440295546527,0.9999999999999999,230.94967500000084,2.9457603086624533,0.7036276522929501
230.33167100000063,2.0166238246147943,0.9999999999999999,231.26554100000078,2.867150809388877,0.7790896646132788
230.58734600000065,1.9557189777422797,0.9999999999999999,231.3759840000008,2.7538254317910864,0.8652464065708418
230.83104300000068,1.9182993815723817,0.9999999999999999,231.52933000000095,2.6232309247051218,0.9460985626283367
231.0852640000007,1.9087756170536578,0.9999999999999999,231.9312120000009,2.4849217595338655,0.9999999999999999
231.3404000000007,1.9336926106731467,0.9999999999999999,232.11630600000092,2.3436488694737077,0.9999999999999999
231.56766800000074,2.0038947854204996,0.9999999999999999,232.36935000000094,2.2058374907232032,0.9999999999999999
231.81519900000083,2.129571273925202,0.9999999999999999,232.54033900000087,2.0816235950158033,0.9999999999999999
232.05801400000084,2.3118340416293535,0.9999999999999999,232.89628300000078,1.982044276838244,0.9999999999999999
232.30643200000083,2.5281854046761634,0.9999999999999999,233.12625600000075,1.9138843682145248,0.9999999999999999
232.57037500000087,2.7250186145618103,0.8821868583162217,233.32627900000088,1.876050571554916,0.9999999999999999
232.8070520000009,2.8395105718355467,0.8042436687200548,233.62106400000093,1.857745961333244,0.9999999999999999
233.0523060000009,2.842240601411405,0.8018480492813143,234.0556520000007,1.8360026895291408,0.9999999999999999
233.30034600000093,2.7555865940572435,0.8652464065708418,234.51489200000077,1.7841703488266274,0.9999999999999999
233.5640270000009,2.6269874779731377,0.9453285420944558,234.74057400000095,1.6959096934971143,0.9999999999999999
233.78675800000096,2.5029705762618804,0.9999999999999999,234.80809600000123,1.5932922134620104,0.9999999999999999
234.04821200000094,2.4226923140750687,0.9999999999999999,235.04939900000124,1.5053609175840055,0.9999999999999999
234.29485600000086,2.41434660887131,0.9999999999999999,235.3590150000012,1.4509034641386525,0.9999999999999999
234.53460500000085,2.490147891381834,0.9999999999999999,235.54800000000122,1.4333173438974551,0.9999999999999999
234.77946600000092,2.642451942291784,0.9306981519507186,235.6300640000012,1.4449727920113138,0.9999999999999999
235.03609800000086,2.845626058498614,0.8006502395619438,235.80604000000108,1.4753469520812228,0.9999999999999999
235.28534000000087,3.0629407518116514,0.613791923340178,236.05639100000104,1.5122648921049313,0.9999999999999999
235.52738300000078,3.2596512452101347,0.44490075290896647,236.2961950000009,1.547976822299429,0.9999999999999999
235.76726500000086,3.4189371595304427,0.27840520191649554,236.5102430000008,1.5789083612324528,0.9999999999999999
236.01285800000088,3.551432901104023,0.15742642026009585,236.89278500000066,1.6047377340885287,0.9999999999999999
236.2663890000008,3.6907281921917194,0.09471252566735112,237.13629400000056,1.6260422580732758,0.9999999999999999
236.5013720000009,3.8679303265782776,0.01232032854209447,237.3033950000007,1.6438193253286981,0.9999999999999999
236.7518300000009,4.077673668658253,0.0,237.58069000000057,1.6589968957500434,0.9999999999999999
237.00422700000075,4.263967830674622,0.0,237.7922360000004,1.6738456147133218,0.9999999999999999
237.2510060000008,4.357095468143083,0.0,238.02262700000037,1.6937553748800496,0.9999999999999999
237.51090600000077,4.3279808104493105,0.0,238.34619700000025,1.7259693225392254,0.9999999999999999
237.7455730000008,4.197137638280848,0.0,238.6349230000001,1.7683830915754766,0.9999999999999999
237.99070000000074,4.005436101089377,0.0,239.06079799999998,1.8003189254571828,0.9999999999999999
238.24106800000078,3.791634609984468,0.04158110882956877,239.18815400000014,1.8047962387156724,0.9999999999999999
238.4877620000008,3.5813686865777266,0.14091375770020534,239.36877500000026,1.7919403715556752,0.9999999999999999
238.7251690000009,3.382539216643909,0.31793292265571527,239.5075420000003,1.7860469607583778,0.9999999999999999
238.9777360000009,3.186478681859604,0.5047912388774811,239.70758700000013,1.8035773409242681,0.9999999999999999
239.22768300000092,2.978567813576891,0.6772758384668035,240.0043100000001,1.846020335475683,0.9999999999999999
239.47314500000084,2.755639024403684,0.8652464065708418,240.245244,1.9021965071525169,0.9999999999999999
239.730211000001,2.532982680638719,0.9999999999999999,240.479345,1.958873211223469,0.9999999999999999
239.970640000001,2.334181625053258,0.9999999999999999,240.82939599999978,2.0063955306633745,0.9999999999999999
240.23043300000106,2.17437290121675,0.9999999999999999,241.08102199999965,2.0396682246876736,0.9999999999999999
240.461746000001,2.05218779458194,0.9999999999999999,241.2485589999996,2.0574387541560397,0.9999999999999999
240.71119400000114,1.9543213108469895,0.9999999999999999,241.46589699999961,2.0620417651476384,0.9999999999999999
240.96873600000123,1.8668448876954842,0.9999999999999999,241.71999499999941,2.0560333432600166,0.9999999999999999
241.20809000000125,1.7828331321449307,0.9999999999999999,242.06176199999913,2.0404610528697438,0.9999999999999999
241.45680500000128,1.7017922264889465,0.9999999999999999,242.17996799999912,2.014837719504273,0.9999999999999999
241.70027400000134,1.6258264660214419,0.9999999999999999,242.34790099999913,1.9845255686423116,0.9999999999999999
241.9463180000013,1.558039348103835,0.9999999999999999,242.51113699999917,1.971767154443633,0.9999999999999999
242.2018870000014,1.5019555356265177,0.9999999999999999,242.7414319999993,1.996947243480602,0.9999999999999999
242.44349200000133,1.4605329897646908,0.9999999999999999,242.98383299999935,2.062716586104401,0.9999999999999999
242.6842430000013,1.4361002590712657,0.9999999999999999,243.31138999999928,2.1661163594516557,0.9999999999999999
242.9397210000013,1.4316778600166984,0.9999999999999999,243.56939599999924,2.2985650077533912,0.9999999999999999
243.1811960000013,1.4497053056751714,0.9999999999999999,243.7999049999992,2.451273376064356,0.9999999999999999
243.4400090000015,1.4875848444953406,0.9999999999999999,244.0995479999992,2.615526698172063,0.9507186858316221
243.6761500000015,1.536644054612341,0.9999999999999999,244.36695999999915,2.7827496387079873,0.8437713894592747
243.9304320000015,1.5883587224391231,0.9999999999999999,244.6043979999991,2.9431846674328526,0.7060232717316908
244.16750700000145,1.6381843797914035,0.9999999999999999,244.879221999999,3.086193558165701,0.5898357289527721
244.41756700000136,1.6894436058989575,0.9999999999999999,245.11831999999882,3.2005888946166503,0.49760438056125944
244.6644050000013,1.7481716516497896,0.9999999999999999,245.3697809999987,3.268917917044257,0.4389117043121149
244.91685800000133,1.8187078231527483,0.9999999999999999,245.58027099999867,3.250799202789501,0.4508898015058179
245.16618900000137,1.8986090879876438,0.9999999999999999,245.81198599999863,3.0292754384825353,0.6401437371663244
245.4105740000013,1.9800641801544838,0.9999999999999999,245.9923679999984,2.656916163010833,0.9206878850102669
245.65776500000143,2.0518491153671525,0.9999999999999999,246.22826499999834,2.314738102067817,0.9999999999999999
245.9030310000015,2.101492496844904,0.9999999999999999,246.4923299999983,2.01805146661913,0.9999999999999999
246.15005500000154,2.1226325750376835,0.9999999999999999,246.71225799999834,1.783515945256549,0.9999999999999999
246.3950170000014,2.1200844607743874,0.9999999999999999,246.94649199999827,1.62455818336335,0.9999999999999999
246.64633900000132,2.1064758447393848,0.9999999999999999,247.20623699999834,1.5482943586694429,0.9999999999999999
246.93305400000136,2.0921823299026077,0.9999999999999999,247.43021999999837,1.5541888039468466,0.9999999999999999
247.13771400000135,2.0813489072097453,0.9999999999999999,247.67926199999846,1.6293875420406119,0.9999999999999999
247.38685900000127,2.0741481724005997,0.9999999999999999,247.98126799999844,1.747160149130894,0.9999999999999999
247.62920600000126,2.0711800668170883,0.9999999999999999,248.2132479999984,1.8767600716920279,0.9999999999999999
247.90056800000116,2.0775396251126512,0.9999999999999999,248.57635999999835,1.9959688896956234,0.9999999999999999
248.12267200000113,2.10117953063679,0.9999999999999999,248.8552519999983,2.0913508512208905,0.9999999999999999
248.3826670000012,2.145640528320016,0.9999999999999999,249.0532829999983,2.1561528357744977,0.9999999999999999
248.64820600000118,2.202626055867439,0.9999999999999999,249.2581699999982,2.189639210743236,0.9999999999999999
248.86679500000122,2.2520758978242457,0.9999999999999999,249.5174879999981,2.1957300648247693,0.9999999999999999
249.12250500000127,2.2716456657436095,0.9999999999999999,249.78804499999816,2.1787714107521916,0.9999999999999999
249.37178700000135,2.2481085449546407,0.9999999999999999,249.9989779999982,2.1423045608358264,0.9999999999999999
249.61172400000137,2.1862132380619546,0.9999999999999999,250.30753899999806,2.0917753736254125,0.9999999999999999
249.85987100000145,2.107283867352306,0.9999999999999999,250.54252999999792,2.0362462889029365,0.9999999999999999
250.10233100000144,2.0372813802293055,0.9999999999999999,250.89999699999774,1.984365806942908,0.9999999999999999
250.3502150000015,1.9926716641210693,0.9999999999999999,251.1671479999976,1.93835424483563,0.9999999999999999
250.59826200000148,1.9755597964758924,0.9999999999999999,251.44504099999753,1.8912463138561222,0.9999999999999999
250.85043500000143,1.977436284337763,0.9999999999999999,251.5955319999975,1.9347967034363844,0.9999999999999999
251.1106690000014,1.9882582511790559,0.9999999999999999,251.9630659999974,2.0745760043841854,0.9999999999999999
251.34970500000145,2.0035052244131406,0.9999999999999999,252.2340099999972,2.183266229378093,0.9999999999999999
251.59303700000137,2.022701037885139,0.9999999999999999,252.46155099999712,2.263390946692442,0.9999999999999999
251.84808600000133,2.047065758020987,0.9999999999999999,252.79867199999714,2.329845737058869,0.9999999999999999
252.09100600000127,2.078028827624113,0.9999999999999999,252.95576399999717,2.3894166055999175,0.9999999999999999
252.33271400000132,2.120108293597248,0.9999999999999999,253.1885709999971,2.4432257769689167,0.9999999999999999
252.5810720000014,2.181326649958638,0.9999999999999999,253.32874299999693,2.4923074870393003,0.9999999999999999
252.82750600000142,2.2682471627687937,0.9999999999999999,253.65858499999678,2.5347493742470397,0.9999999999999999
253.08041900000137,2.3780389085397267,0.9999999999999999,253.76856699999678,2.5652191527371957,0.9876796714579055
253.32254600000135,2.494000634767843,0.9999999999999999,253.99465099999668,2.5753966850109524,0.9799794661190964
253.5763140000014,2.591385983338715,0.9684291581108828,254.29253799999657,2.557241839370514,0.9946098562628336
253.81644500000152,2.6504751958647343,0.9245379876796714,254.50446199999638,2.5066029042202445,0.9999999999999999
254.06640300000151,2.6680365062812834,0.9145277207392196,254.88135599999617,2.425057423393469,0.9999999999999999
254.31228600000148,2.6615652074083904,0.9199178644763859,254.99944299999598,2.31955096461461,0.9999999999999999
254.5643160000015,2.659867666764916,0.9199178644763859,255.30148899999588,2.2002473675520786,0.9999999999999999
254.80626100000146,2.683126343198265,0.9060574948665296,255.6361649999958,2.0782735377362678,0.9999999999999999
255.0614020000014,2.7247335329607787,0.8821868583162217,255.80441199999558,1.9671284345079547,0.9999999999999999
255.3009820000015,2.755220798338528,0.8652464065708418,256.04738499999553,1.8825044477575161,0.9999999999999999
255.56885100000156,2.74819962816533,0.8683264887063654,256.33393899999544,1.8262864600433524,0.9999999999999999
255.79676000000154,2.7016602369255427,0.8921971252566734,256.5134749999954,1.7792733796477027,0.9999999999999999
256.0436050000016,2.638848847884913,0.9345482546201231,256.7258499999952,1.7266031265245354,0.9999999999999999
256.2935840000015,2.5926441454292046,0.967659137577002,256.9578869999952,1.6673901034578638,0.9999999999999999
256.54598900000144,2.588330975190391,0.9707392197125256,257.17783599999507,1.605325405529745,0.9999999999999999
256.7864490000014,2.628074339113177,0.9453285420944558,257.398236999995,1.5425921255569641,0.9999999999999999
257.0321290000013,2.6851175133959067,0.9045174537987679,257.6526709999949,1.4782441702311842,0.9999999999999999
257.2957920000013,2.7158190680894103,0.8868069815195071,257.8559889999948,1.4106565853601771,0.9999999999999999
257.5311770000013,2.687461198991732,0.9022073921971252,258.11198499999483,1.340197089912752,0.9999999999999999
257.77566900000136,2.5959073416042266,0.9622689938398357,258.3155099999948,1.2685472321674178,0.9999999999999999
258.0222190000013,2.463418131601462,0.9999999999999999,258.6241329999947,1.1970898175482445,0.9999999999999999
258.2751960000013,2.324911008572724,0.9999999999999999,258.8922649999946,1.1240855708819564,0.9999999999999999
258.51746200000133,2.2146654784165536,0.9999999999999999,259.1961979999946,1.0430803983629873,0.9999999999999999
258.7672300000014,2.151772620987101,0.9999999999999999,259.4101329999946,0.951497507376318,0.9999999999999999
259.0228320000013,2.129656944452698,0.9999999999999999,259.6124069999946,0.8772184276097389,0.9999999999999999
259.2651870000013,2.12010100091785,0.9999999999999999,259.83134599999454,0.8785202092806963,0.9999999999999999
259.50211400000114,2.093731803054826,0.9999999999999999,260.04880299999456,0.9582132894726112,0.9999999999999999
259.74658900000117,2.0356084948881827,0.9999999999999999,260.2862089999946,1.0664537171301545,0.9999999999999999
260.0032810000011,1.9466921015146847,0.9999999999999999,260.5712869999946,1.1885026155386273,0.9999999999999999
260.2464970000012,1.8397472101465069,0.9999999999999999,260.7897219999945,1.3173778453473615,0.9999999999999999
260.49889800000125,1.7360338392206849,0.9999999999999999,261.03061399999444,1.4432263742597402,0.9999999999999999
260.7638850000013,1.6584033684457258,0.9999999999999999,261.3120439999945,1.557638767895938,0.9999999999999999
260.99301600000126,1.625010044931627,0.9999999999999999,261.51796099999444,1.654435666957791,0.9999999999999999
261.2360760000014,1.6477898617967317,0.9999999999999999,261.81290899999453,1.727742838495956,0.9999999999999999
261.48694700000135,1.7339607419894536,0.9999999999999999,262.01221599999457,1.7712206593512592,0.9999999999999999
261.7324380000013,1.8867299099912689,0.9999999999999999,262.27232999999444,1.7809376058138189,0.9999999999999999
261.99149400000135,2.1031882903028047,0.9999999999999999,262.52814899999413,1.7594263502455985,0.9999999999999999
262.23222300000117,2.3676838129646733,0.9999999999999999,262.75658499999406,1.7148388457081931,0.9999999999999999
262.4620140000012,2.6444425737730364,0.9299281314168377,263.041308999994,1.6584430523178395,0.9999999999999999
262.71536000000145,2.8791850268472845,0.7623203285420946,263.28317599999394,1.6022391960228226,0.9999999999999999
262.9556750000016,3.0246350787915555,0.6437371663244353,263.5329699999939,1.5551955472480745,0.9999999999999999
263.2270500000015,3.084151466021278,0.5922313483915127,263.77142099999395,1.5204042981601442,0.9999999999999999
263.45803700000147,3.1034257562488774,0.5754620123203286,263.9994219999937,1.4991707762125945,0.9999999999999999
263.71203900000154,3.1296957040966094,0.5562970568104038,264.2477179999938,1.495124101566497,0.9999999999999999
263.94778700000137,3.1979162234843703,0.4988021902806298,264.509612999994,1.515534672621894,0.9999999999999999
264.2033900000013,3.3254905236959753,0.37063655030800824,264.75467699999393,1.5680162524004704,0.9999999999999999
264.4442940000014,3.5084537638321356,0.19695414099931546,265.03658299999387,1.6561625775615012,0.9999999999999999
264.69774300000154,3.7202466790015927,0.08239219712525665,265.30293299999414,1.7742949204987273,0.9999999999999999
264.9402730000015,3.9150269733060665,0.0,265.5383999999941,1.8989987821643546,0.9999999999999999
265.1886040000016,4.035759595080409,0.0,265.78284799999403,1.9877313417006952,0.9999999999999999
265.43260900000166,4.036573913809193,0.0,266.005372999994,2.0014523217960405,0.9999999999999999
265.68545800000186,3.917806836700817,0.0,266.23081899999414,1.9323823122120671,0.9999999999999999
265.93398300000183,3.724111804300837,0.08008213552361397,266.4870929999944,1.805046541203199,0.9999999999999999
266.1795690000017,3.5059913663400453,0.19815195071868588,266.71840299999434,1.6568889094741692,0.9999999999999999
266.4247880000018,3.299478624411834,0.4005817932922656,266.96693999999434,1.5232433678821042,0.9999999999999999
266.68799200000177,3.1219849000861726,0.5622861054072553,267.21365299999457,1.4336767413502178,0.9999999999999999
266.9187690000019,2.9748942022467797,0.6796714579055442,267.4857439999947,1.4126742399144216,0.9999999999999999
267.17838300000204,2.851879906342819,0.7946611909650926,267.7036259999947,1.478173661721724,0.9999999999999999
267.413194000002,2.746845890841803,0.8683264887063654,267.9660259999948,1.6291138839105832,0.9999999999999999
267.65917500000216,2.6576560600610755,0.9199178644763859,268.2094869999949,1.8316731446034635,0.9999999999999999
267.9097190000022,2.586415932474022,0.9715092402464065,268.4585059999951,2.0270273650206674,0.9999999999999999
268.1602960000023,2.540605777543281,0.9999999999999999,268.7033949999953,2.16705725764548,0.9999999999999999
268.3993030000023,2.530991135781457,0.9999999999999999,268.95835499999544,2.232530346445575,0.9999999999999999
268.64977400000237,2.568369965821533,0.9861396303901436,269.2052189999956,2.22551053936658,0.9999999999999999
268.90261400000253,2.658472373342121,0.9199178644763859,269.4657149999956,2.1620203550507355,0.9999999999999999
269.1492250000027,2.795299769642847,0.8365845311430528,269.6851769999956,2.0655477305872854,0.9999999999999999
269.3977270000028,2.956284858822597,0.6904517453798769,269.9723579999956,1.9619203344237446,0.9999999999999999
269.65194500000274,3.109200978538598,0.5706707734428474,270.18287899999547,1.8748835340221768,0.9999999999999999
269.9022930000027,3.2207112206778117,0.48323066392881586,270.4304349999955,1.8192073257161965,0.9999999999999999
270.1435110000027,3.264147334887158,0.4425051334702259,270.6952809999955,1.7960002044003345,0.9999999999999999
270.39008000000297,3.2279121551794976,0.47843942505133474,270.9603599999954,1.7948332342322857,0.9999999999999999
270.62836000000283,3.1254908352712913,0.5598904859685148,271.1851329999952,1.8007578366684205,0.9999999999999999
270.8978690000029,2.9964865516288723,0.6617043121149897,271.42864599999524,1.8014174982735325,0.9999999999999999
271.1215690000028,2.8898646368601413,0.7563312799452431,271.72095899999556,1.7920565674588143,0.9999999999999999
271.38394800000276,2.846082224572061,0.7994524298425737,271.9420319999956,1.7758987696875108,0.9999999999999999
271.62657100000246,2.8855577844196496,0.7563312799452431,272.1819829999955,1.761034870962502,0.9999999999999999
271.86447600000236,3.0044616408436724,0.6569130732375086,272.4268259999955,1.7559331052509168,0.9999999999999999
272.11346900000257,3.175502435959829,0.5155715263518138,272.7068479999959,1.76601444160225,0.9999999999999999
272.3577020000025,3.3560883476737273,0.345482546201232,272.9109859999958,1.7955049638694378,0.9999999999999999
272.60510700000265,3.49836181260319,0.20533880903490756,273.1620369999959,1.8509163261643877,0.9999999999999999
272.85267000000255,3.5626427518220187,0.1514373716632443,273.41647999999583,1.9399688249813773,0.9999999999999999
273.1000840000026,3.528000121322156,0.17778918548939085,273.6606369999961,2.074893488229094,0.9999999999999999
273.35173200000236,3.3957942096323928,0.30595482546201236,273.92148599999626,2.2669436043804683,0.9999999999999999
273.6000470000026,3.1865592174659505,0.5047912388774811,274.14951799999614,2.509141014788982,0.9999999999999999
273.8506110000026,2.9325460788946756,0.7144079397672827,274.39263699999634,2.767152242574852,0.8575462012320327
274.0924340000028,2.6671595100930787,0.9152977412731006,274.67141699999627,2.986320316012756,0.6676933607118413
274.36645300000265,2.4177376732309184,0.9999999999999999,274.9225399999962,3.1114218698870593,0.5682751540041069
274.5844260000026,2.1998347446055635,0.9999999999999999,275.17390799999606,3.1100755437215586,0.5706707734428474
274.8510320000027,2.0190538778647245,0.9999999999999999,275.4155159999961,2.9878713265249006,0.6664955509924708
275.0822380000028,1.8771027917791065,0.9999999999999999,275.62982799999605,2.779790210329723,0.8473648186173853
275.3597850000029,1.7759561222526548,0.9999999999999999,275.9139359999961,2.53080617181017,0.9999999999999999
275.57546600000285,1.721847635086992,0.9999999999999999,276.15704699999634,2.2837519083056987,0.9999999999999999
275.8239690000027,1.7560214658493976,0.9999999999999999,276.3687249999963,2.076869944282271,0.9999999999999999
276.07563300000277,1.9276081820608497,0.9999999999999999,276.6300509999962,1.9416832520821243,0.9999999999999999
276.32136600000274,2.1885386453662377,0.9999999999999999,276.8759479999962,1.8963465151303456,0.9999999999999999
276.56888800000263,2.469341077586723,0.9999999999999999,277.15137299999617,1.9423003137254016,0.9999999999999999
276.81487400000276,2.736835983309142,0.87217659137577,277.36014499999607,2.0637787745184424,0.9999999999999999
277.0604910000027,2.9785283332217762,0.6772758384668035,277.6371739999959,2.2327198733865017,0.9999999999999999
277.31897100000276,3.1877421292918466,0.5047912388774811,277.8855469999958,2.4127059005961504,0.9999999999999999
277.5555040000026,3.3557164575692124,0.34668035592060237,278.10115299999575,2.565234025280926,0.9876796714579055
277.8066490000026,3.4710804307959062,0.24127310061601648,278.4056259999956,2.657339736311166,0.9199178644763859
278.0626820000026,3.5236908285193196,0.18138261464750172,278.6225999999955,2.6735000802815203,0.9122176591375769
278.3020890000027,3.503691938805568,0.19934976043805616,278.8876719999955,2.6231064617659583,0.9460985626283367
278.5626460000028,3.3932270986796187,0.3095482546201232,279.1468109999955,2.5337045119540806,0.9999999999999999
278.7965740000027,3.1821629781144094,0.5083846680355921,279.3447079999956,2.4387696792512648,0.9999999999999999
279.04688300000277,2.9310658649759795,0.715605749486653,279.66906499999544,2.3611127017490117,0.9999999999999999
279.2932150000027,2.72974149089854,0.879876796714579,279.89899899999534,2.307617439409096,0.9999999999999999
279.54121600000275,2.5978069537941915,0.9622689938398357,280.13135299999516,2.2761832805384836,0.9999999999999999
279.77910200000275,2.5190524593682326,0.9999999999999999,280.43135899999504,2.2630445622144664,0.9999999999999999
280.03182300000253,2.4730605681859363,0.9999999999999999,280.7316759999954,2.2662087981699726,0.9999999999999999
280.2771650000025,2.442182871345403,0.9999999999999999,280.99340699999556,2.2821908681928176,0.9999999999999999
280.52668000000244,2.418745813564515,0.9999999999999999,281.2140189999958,2.3071801080849554,0.9999999999999999
280.7801980000024,2.4093784920944965,0.9999999999999999,281.3932029999959,2.34037502689306,0.9999999999999999
281.0220950000025,2.4271817532514985,0.9999999999999999,281.642520999996,2.3878695532112744,0.9999999999999999
281.2726070000022,2.480564489312563,0.9999999999999999,281.8599339999959,2.4611820619286453,0.9999999999999999
281.51468900000225,2.567431770694403,0.9869096509240245,282.077233999996,2.570237605602009,0.9822895277207391
281.77052400000247,2.677939213288301,0.911447638603696,282.42328399999593,2.7100524193633477,0.8883470225872688
282.02116100000245,2.7978884433433633,0.8365845311430528,282.76331699999577,2.8547234022194035,0.792265571526352
282.2631070000026,2.914828163615394,0.7287816563997261,283.01041699999604,2.9607440222777672,0.6892539356605065
282.51760400000273,3.0226654293651887,0.6461327857631759,283.2721589999965,2.983579513126699,0.6712867898699522
282.75385500000255,3.119353515835877,0.5622861054072553,283.51454199999677,2.8994442563950455,0.7431553730321698
283.00318900000275,3.205533277930729,0.4964065708418892,283.79099099999684,2.7176556442263498,0.8868069815195071
283.2516600000027,3.2832359770964015,0.42094455852156065,284.0489239999975,2.4764308746620545,0.9999999999999999
283.4990810000027,3.3525042398018488,0.3490759753593429,284.39998599999797,2.216433191761943,0.9999999999999999
283.74672600000264,3.4095613209376934,0.2879876796714579,284.6129649999977,1.9514344410970068,0.9999999999999999
283.9970550000027,3.4470594726527715,0.2568446269678302,284.873503999998,1.8861052259759779,0.9999999999999999
284.24220100000247,3.458342164443428,0.24845995893223816,285.0003279999978,2.0022946687552423,0.9999999999999999
284.4982040000026,3.4383871215953885,0.2616358658453115,285.2659979999984,2.2016433364628467,0.9999999999999999
284.7387240000027,3.3825567500510814,0.31793292265571527,285.5828119999986,2.4339831739063196,0.9999999999999999
284.9851620000028,3.2909348459577674,0.4113620807665983,285.89387399999885,2.671695689384876,0.9122176591375769
285.2422180000028,3.1700238645077774,0.5227583846680356,286.1228059999989,2.8973453339074755,0.747946611909651
285.4826830000028,3.0349664901485793,0.6353524982888433,286.301380999999,3.1016268456331324,0.5754620123203286
285.73215500000276,2.907729185402451,0.7383641341546887,286.4539229999987,3.281238719365269,0.42453798767967144
285.9791270000027,2.803763335681413,0.8341889117043122,286.7781449999988,3.4301080999281837,0.26642710472279263
286.2365560000028,2.7212759685786336,0.8852669404517453,286.9601909999992,3.539389758532902,0.16940451745379878
286.46391700000277,2.64459994645056,0.9291581108829569,287.17931199999964,3.598823349714552,0.1339835728952772
286.7189190000029,2.5605534349213888,0.9930698151950718,287.4292939999999,3.6033955491238823,0.13167351129363444
286.96647600000284,2.4728648125150667,0.9999999999999999,287.6304159999999,3.560255680777154,0.1514373716632443
287.2112710000028,2.3983975133931796,0.9999999999999999,287.851372,3.4870406729979453,0.21851471594798078
287.4612810000029,2.356435223098837,0.9999999999999999,288.201208,3.402037554765042,0.2999657768651608
287.71605700000276,2.3588084271824505,0.9999999999999999,288.5064630000003,3.316051874508243,0.37902121834360036
287.9575310000026,2.402366861047211,0.9999999999999999,288.75925000000086,3.2329559820824105,0.4724503764544832
288.20548900000233,2.4687997310587524,0.9999999999999999,288.94518400000095,3.1520406207188216,0.5371321013004791
288.44842100000244,2.5290647089942615,0.9999999999999999,289.14576500000095,3.0696273531799374,0.6090006844626968
288.6974730000025,2.556443225613619,0.9953798767967145,289.31580700000114,2.9722928612412827,0.6808692676249145
288.94990700000267,2.534087737123945,0.9999999999999999,289.57569100000126,2.781652222255417,0.8473648186173853
289.1929180000026,2.4545466074653333,0.9999999999999999,289.88255000000134,2.4637200279338223,0.9999999999999999
289.4463470000025,2.3223230116012443,0.9999999999999999,290.17662100000126,2.165665062298245,0.9999999999999999
289.6868400000024,2.15268440413111,0.9999999999999999,290.42479800000154,1.9280235936597807,0.9999999999999999
289.9403370000024,1.9692733197797847,0.9999999999999999,290.6813140000019,1.7417531381311004,0.9999999999999999
290.18679900000245,1.7983639066030475,0.9999999999999999,290.9230270000026,1.5971561716308302,0.9999999999999999
290.43536000000245,1.6651189520693834,0.9999999999999999,291.26611200000264,1.4867197517301987,0.9999999999999999
290.7017630000026,1.5879883836419855,0.9999999999999999,291.52818600000285,1.404988976198035,0.9999999999999999
290.9275160000026,1.5742720385379854,0.9999999999999999,291.65942200000256,1.3493666918621816,0.9999999999999999
291.1800520000028,1.6143918796856562,0.9999999999999999,291.8879330000029,1.3584172260387817,0.9999999999999999
291.42434800000285,1.6825376932251828,0.9999999999999999,292.18837500000313,1.583927334706039,0.9999999999999999
291.67398200000275,1.748716078859952,0.9999999999999999,292.4785410000039,1.8900609436681695,0.9999999999999999
291.9129600000027,1.7912663594498641,0.9999999999999999,292.59544400000453,2.1635968514529598,0.9999999999999999
292.1720010000031,1.8054977924075943,0.9999999999999999,292.86895200000464,2.3934183972977188,0.9999999999999999
292.4156740000031,1.8007592537235544,0.9999999999999999,293.11727400000484,2.580370796194186,0.975359342915811
292.6600470000031,1.7932154573061336,0.9999999999999999,293.309896000005,2.718426884948455,0.8860369609856262
292.90901500000297,1.803273583223278,0.9999999999999999,293.5768160000047,2.796345021065431,0.8365845311430528
293.1550210000029,1.8534665625456568,0.9999999999999999,293.80678900000464,2.800426133708816,0.8353867214236825
293.4030880000031,1.9623917090935412,0.9999999999999999,293.9845970000049,2.718534678750833,0.8860369609856262
293.6472710000029,2.1366011161660783,0.9999999999999999,294.20540800000487,2.546286681156288,0.9999999999999999
293.90976300000295,2.370124090796904,0.9999999999999999,294.4364860000049,2.294344701080684,0.9999999999999999
294.1542780000029,2.649139886862135,0.9253080082135523,294.69154300000497,1.9924189878769667,0.9999999999999999
294.391734000003,2.953301124543706,0.6928473648186174,294.9532230000049,1.6835297433501604,0.9999999999999999
294.6437400000032,3.252016152467122,0.4496919917864476,295.1928680000046,1.4072185637780024,0.9999999999999999
294.8872200000032,3.501173420571632,0.202943189596167,295.4596710000047,1.1823307455039218,0.9999999999999999
295.13223100000323,3.643414886406652,0.1178131416837782,295.7300790000044,1.0087931697907804,0.9999999999999999
295.3822470000032,3.6323171850524245,0.12320328542094454,295.92607400000463,0.8965789697430494,0.9999999999999999
295.6328610000031,3.4771519056947606,0.23049281314168382,296.1771070000047,0.9039263279077626,0.9999999999999999
295.88367600000316,3.2351766201255034,0.4700547570157426,296.42618700000475,1.021431623810842,0.9999999999999999
296.1231490000033,2.9656053807166023,0.6832648870636551,296.67967700000474,1.1594876151503062,0.9999999999999999
296.3887990000031,2.7070014072280597,0.8898870636550308,296.96292600000476,1.3113196641294698,0.9999999999999999
296.6250930000029,2.4782913839007796,0.9999999999999999,297.1864750000047,1.469366710624104,0.9999999999999999
296.86120400000306,2.286305156853283,0.9999999999999999,297.41350800000464,1.6231735329025632,0.9999999999999999
297.1262870000031,2.1359623782594914,0.9999999999999999,297.66241200000474,1.7609341057355967,0.9999999999999999
297.362572000003,2.0384255216970466,0.9999999999999999,297.9118810000044,1.8703697117235258,0.9999999999999999
297.61248200000307,2.0096492032605497,0.9999999999999999,298.1794590000045,1.939632629073379,0.9999999999999999
297.858968000003,2.0574003683852817,0.9999999999999999,298.4171660000045,1.9614544222176775,0.9999999999999999
298.108963000003,2.165708954707994,0.9999999999999999,298.65523400000455,1.9363893866033328,0.9999999999999999
298.3493790000031,2.296999881075234,0.9999999999999999,298.9340370000045,1.8759978073444596,0.9999999999999999
298.601405000003,2.408699544494965,0.9999999999999999,299.1539890000044,1.7979348714960057,0.9999999999999999
298.84677000000283,2.4707238480239084,0.9999999999999999,299.41343100000455,1.7162913757335592,0.9999999999999999
299.0948340000026,2.4718708248972585,0.9999999999999999,299.64387000000454,1.6375440925308222,0.9999999999999999
299.3434140000027,2.423541023783033,0.9999999999999999,299.89583000000437,1.5655977742220186,0.9999999999999999
299.58743700000264,2.354497879988987,0.9999999999999999,300.14730000000446,1.5054528145097303,0.9999999999999999
299.83240300000267,2.296925761947348,0.9999999999999999,300.38031200000455,1.4648592358651338,0.9999999999999999
300.0815000000027,2.26977387194841,0.9999999999999999,300.6310740000045,1.4541883335835608,0.9999999999999999
300.33652500000267,2.267751578436728,0.9999999999999999,300.8761930000045,1.4812133420527216,0.9999999999999999
300.58192400000263,2.269248953868435,0.9999999999999999,301.1321600000047,1.5443572792109714,0.9999999999999999
300.82835500000266,2.251995035349445,0.9999999999999999,301.39161100000473,1.6310710273176898,0.9999999999999999
301.0702360000026,2.2060964022195817,0.9999999999999999,301.6365930000049,1.7219080663971318,0.9999999999999999
301.3292210000027,2.134625184417953,0.9999999999999999,301.8784820000049,1.7948568801992633,0.9999999999999999
301.57384700000296,2.0489536509504136,0.9999999999999999,302.1403960000048,1.836620428227606,0.9999999999999999
301.8125920000029,1.9655789439680087,0.9999999999999999,302.36640000000466,1.858593119296535,0.9999999999999999
302.0636100000029,1.9009026268293525,0.9999999999999999,302.61490600000485,1.8998084093301155,0.9999999999999999
302.3155780000032,1.8657905272572302,0.9999999999999999,302.85961000000486,2.0095457698468535,0.9999999999999999
302.55600300000316,1.859240606886418,0.9999999999999999,303.1095270000047,2.2155602569340145,0.9999999999999999
302.8075470000033,1.8661167408063832,0.9999999999999999,303.3751720000049,2.4988510416573932,0.9999999999999999
303.0510000000034,1.8632750677738241,0.9999999999999999,303.6234830000049,2.791686239040787,0.8377823408624231
303.3003310000032,1.8364822415431847,0.9999999999999999,303.85442600000454,3.0023026050981296,0.6569130732375086
303.54886000000306,1.7908940724990354,0.9999999999999999,304.1038680000046,3.061589108546115,0.6149897330595483
303.7989350000033,1.743728709829726,0.9999999999999999,304.3474630000046,2.955547201317963,0.6904517453798769
304.03484500000326,1.7114479785033254,0.9999999999999999,304.6054460000047,2.720635809319741,0.8860369609856262
304.28632700000315,1.7021360542663337,0.9999999999999999,304.85783400000474,2.41851364935124,0.9999999999999999
304.53721300000325,1.7142078110884333,0.9999999999999999,305.09245600000486,2.1117909475361576,0.9999999999999999
304.79128500000314,1.7380541581409241,0.9999999999999999,305.3409100000049,1.8485262542997565,0.9999999999999999
305.0302770000031,1.7598906601465634,0.9999999999999999,305.584345000005,1.654940451595921,0.9999999999999999
305.278702000003,1.767211003479745,0.9999999999999999,305.85277300000485,1.5354834698607722,0.9999999999999999
305.536019000003,1.7514933254772096,0.9999999999999999,306.0761580000049,1.4790577054893612,0.9999999999999999
305.784080000003,1.709754638806697,0.9999999999999999,306.32824100000477,1.4677644885209304,0.9999999999999999
306.014985000003,1.6460359873202417,0.9999999999999999,306.5849780000045,1.4842372116262936,0.9999999999999999
306.26328300000296,1.573050646768231,0.9999999999999999,306.82604800000445,1.5168558992072492,0.9999999999999999
306.5139320000031,1.5106666787428944,0.9999999999999999,307.0729690000047,1.5605567701026954,0.9999999999999999
306.7649070000029,1.4814035217398356,0.9999999999999999,307.31803400000484,1.611712169810789,0.9999999999999999
307.0205150000028,1.5064090258734408,0.9999999999999999,307.5671450000048,1.6601875934615207,0.9999999999999999
307.2619140000028,1.5999604314589428,0.9999999999999999,307.81572300000494,1.6875120544028992,0.9999999999999999
307.5052360000028,1.7556874593198475,0.9999999999999999,308.07185500000503,1.6796843554430434,0.9999999999999999
307.7542750000028,1.9350544735555633,0.9999999999999999,308.314765000005,1.6369676842008685,0.9999999999999999
307.9976180000029,2.0801720960704597,0.9999999999999999,308.558593000005,1.5716868330276315,0.9999999999999999
308.246159000003,2.1518047838008285,0.9999999999999999,308.8111160000051,1.5008069073772887,0.9999999999999999
308.49113700000294,2.1455982294552625,0.9999999999999999,309.05907000000514,1.441287065362083,0.9999999999999999
308.743466000003,2.080493496638271,0.9999999999999999,309.3001690000051,1.4078506841483311,0.9999999999999999
308.989066000003,1.9824030266582253,0.9999999999999999,309.54462500000506,1.4122326383017958,0.9999999999999999
309.25196000000295,1.8734372887191697,0.9999999999999999,309.80220200000525,1.4678754205623774,0.9999999999999999
309.48447500000293,1.7669831946426535,0.9999999999999999,310.04457100000513,1.595643454320475,0.9999999999999999
309.73847500000306,1.666460292724285,0.9999999999999999,310.2912090000049,1.81912060628237,0.9999999999999999
309.98443200000304,1.5704707239323066,0.9999999999999999,310.54629600000504,2.14573001979083,0.9999999999999999
310.22644300000314,1.4799489945346096,0.9999999999999999,310.78274100000533,2.547917174388274,0.9999999999999999
310.4700020000032,1.4000337101371738,0.9999999999999999,311.0371820000052,2.968938195589208,0.6820670773442847
310.71989400000314,1.3381730781806893,0.9999999999999999,311.27605700000504,3.344036620448332,0.357460643394935
310.9798750000029,1.3014076433283117,0.9999999999999999,311.52460000000497,3.611793877110496,0.13013347022587266
311.222296000003,1.2948911816715696,0.9999999999999999,311.772441000005,3.728668126216771,0.07700205338809031
311.46729800000287,1.3200604006427024,0.9999999999999999,312.0304650000048,3.6790902600499917,0.10241273100616015
311.7108380000029,1.3704605715108056,0.9999999999999999,312.28172200000466,3.487049664866513,0.21851471594798078
311.9583860000029,1.4277261531667396,0.9999999999999999,312.5192610000048,3.208415242217697,0.4928131416837782
312.2057890000028,1.4674213461759646,0.9999999999999999,312.767168000005,2.9030193957830757,0.7395619438740589
312.46039600000273,1.4737291293003896,0.9999999999999999,313.0247720000048,2.6094311657856903,0.9553388090349075
312.70119000000267,1.4486747893492253,0.9999999999999999,313.26734200000465,2.3423366396506493,0.9999999999999999
312.9564370000028,1.4068895644997286,0.9999999999999999,313.5329890000046,2.1075916821961393,0.9999999999999999
313.1968030000029,1.3666653011854606,0.9999999999999999,313.7612950000045,1.9084467809558514,0.9999999999999999
313.4467830000028,1.3448804186307057,0.9999999999999999,313.9998150000045,1.7462507284943394,0.9999999999999999
313.7137480000029,1.3539403056902644,0.9999999999999999,314.24930600000437,1.6233748428607016,0.9999999999999999
313.940338000003,1.3975575982913622,0.9999999999999999,314.50184000000434,1.5434128635362454,0.9999999999999999
314.19111600000326,1.4664928812079574,0.9999999999999999,314.7462490000042,1.5084896140326032,0.9999999999999999
314.43267700000337,1.538262145465752,0.9999999999999999,314.99748400000425,1.509492162052571,0.9999999999999999
314.69860300000346,1.5894074071119344,0.9999999999999999,315.24308600000415,1.5210308029800663,0.9999999999999999
314.9436920000033,1.611564196641146,0.9999999999999999,315.49051900000416,1.5181528413825962,0.9999999999999999
315.1906860000034,1.6161769401726727,0.9999999999999999,315.7454680000043,1.4922892614630432,0.9999999999999999
315.42757400000346,1.6247898351837682,0.9999999999999999,315.9898660000044,1.4496743777164272,0.9999999999999999
315.6725470000035,1.6552951507140548,0.9999999999999999,316.24962400000464,1.4023586621852921,0.9999999999999999
315.9296130000033,1.7167978161240316,0.9999999999999999,316.4886580000047,1.361764381318761,0.9999999999999999
316.1683980000032,1.8092225517465512,0.9999999999999999,316.74216500000455,1.3342450230578302,0.9999999999999999
316.40836000000314,1.922583424429655,0.9999999999999999,316.9750170000046,1.3229498236957107,0.9999999999999999
316.65835800000326,2.045201722141477,0.9999999999999999,317.2226410000047,1.3357412049168251,0.9999999999999999
316.92025500000307,2.170474069923793,0.9999999999999999,317.48291100000466,1.3873870259015115,0.9999999999999999
317.1616720000029,2.2997108618980535,0.9999999999999999,317.72883600000466,1.4932107019612826,0.9999999999999999
317.4052320000031,2.441164741021921,0.9999999999999999,317.97237900000465,1.6599441423165266,0.9999999999999999
317.65379400000296,2.6070503944018792,0.9553388090349075,318.2113080000047,1.8777409055352727,0.9999999999999999
317.897226000003,2.804589770925291,0.8341889117043122,318.47483200000465,2.115103057945831,0.9999999999999999
318.1450890000028,3.0259930206052554,0.6437371663244353,318.7158290000047,2.3246242286587644,0.9999999999999999
318.3931420000027,3.2443212790245783,0.46047227926078027,318.96386500000466,2.4588627067234103,0.9999999999999999
318.6456300000025,3.4245623390944733,0.2736139630390144,319.2077600000049,2.4933524999769587,0.9999999999999999
318.8935240000026,3.5389851047221748,0.16940451745379878,319.4558230000048,2.441536130635688,0.9999999999999999
319.1452010000028,3.5783292276128313,0.14245379876796713,319.70546400000495,2.349121971470514,0.9999999999999999
319.38795100000283,3.5556974532872037,0.15503080082135515,319.947350000005,2.273620514320303,0.9999999999999999
319.6338960000028,3.5015259061025477,0.202943189596167,320.194771000005,2.260673658358069,0.9999999999999999
319.88294500000274,3.4536456816425067,0.2520533880903491,320.46120500000535,2.3276612654549274,0.9999999999999999
320.1242910000028,3.446794501020304,0.2568446269678302,320.68916800000545,2.460023274974749,0.9999999999999999
320.37978500000287,3.4925282006303684,0.21013004791238882,320.9424010000056,2.6194598613501117,0.9468685831622176
320.621102000003,3.5712841355854494,0.1463039014373716,321.2133760000056,2.75713375553496,0.8644763860369609
320.86625800000326,3.6424171762323256,0.1178131416837782,321.4378790000056,2.826774662383014,0.817419575633128
321.10964300000313,3.662267262005362,0.10934291581108828,321.69234300000574,2.8029944695393825,0.8353867214236825
321.38913100000326,3.603869533367579,0.13167351129363444,321.9348510000057,2.6928365913708063,0.9006673511293634
321.6045910000033,3.464937007671024,0.24486652977412732,322.1831030000058,2.52862208785297,0.9999999999999999
321.8556180000034,3.265874739842208,0.44130732375085546,322.42986400000586,2.3525342697328764,0.9999999999999999
322.11141600000343,3.0400030055605667,0.6329568788501028,322.67134600000566,2.2101820337838793,0.9999999999999999
322.35533300000355,2.8162860459153065,0.821013004791239,322.9232510000057,2.1439552076250123,0.9999999999999999
322.60021600000357,2.612631278460907,0.952258726899384,323.16575700000556,2.178190020993956,0.9999999999999999
322.86878900000346,2.43690875103154,0.9999999999999999,323.42433000000545,2.3030410954018192,0.9999999999999999
323.09425800000326,2.2931072036222164,0.9999999999999999,323.6745650000057,2.473821545737513,0.9999999999999999
323.3525480000033,2.1837940730141434,0.9999999999999999,323.91057400000574,2.63228711992119,0.9407084188911703
323.60239900000335,2.11074424001394,0.9999999999999999,324.15852500000557,2.730599810412363,0.8791067761806981
323.83350900000335,2.0724764794495165,0.9999999999999999,324.4230020000055,2.7419013794663947,0.8698665297741273
324.0839960000033,2.0660102758549312,0.9999999999999999,324.6524630000053,2.664112924773782,0.9183778234086242
324.33199500000364,2.084781027792976,0.9999999999999999,324.8994890000053,2.515641254145151,0.9999999999999999
324.5944270000037,2.122100782073864,0.9999999999999999,325.1544190000053,2.329973336753254,0.9999999999999999
324.8226560000037,2.1734089806931967,0.9999999999999999,325.39271900000523,2.1418410994910144,0.9999999999999999
325.07218200000347,2.2387128480865326,0.9999999999999999,325.6457270000053,1.9746492315959774,0.9999999999999999
325.3231860000036,2.32224411998271,0.9999999999999999,325.8987520000054,1.8344910345481793,0.9999999999999999
325.57170000000366,2.4259550703453563,0.9999999999999999,326.1392360000053,1.7166070423751605,0.9999999999999999
325.81755800000354,2.5361882267848093,0.9999999999999999,326.3880270000054,1.613885819504144,0.9999999999999999
326.06353200000353,2.629762737412392,0.943788501026694,326.63694600000554,1.5205401886207233,0.9999999999999999
326.3152620000037,2.689777216995791,0.9022073921971252,326.8840530000056,1.434255452054896,0.9999999999999999
326.5581890000037,2.713593322522813,0.8875770020533881,327.14043100000583,1.3587451467018201,0.9999999999999999
326.80709500000364,2.7078264828665994,0.8891170431211498,327.38899300000577,1.302249042254326,0.9999999999999999
327.0553820000037,2.6778402426362335,0.911447638603696,327.6357780000057,1.274294339410548,0.9999999999999999
327.31200200000376,2.623174625261698,0.9460985626283367,327.8707530000056,1.281599467020861,0.9999999999999999
327.5485460000039,2.5382383541956886,0.9999999999999999,328.12106800000566,1.321129959238648,0.9999999999999999
327.79648100000395,2.417101107646193,0.9999999999999999,328.36693400000553,1.3771906750938219,0.9999999999999999
328.0573840000041,2.263533337290758,0.9999999999999999,328.6229080000057,1.4258073674591663,0.9999999999999999
328.29382300000407,2.0937090421702518,0.9999999999999999,328.88102500000537,1.4475614966706412,0.9999999999999999
328.53782800000397,1.9313053562389926,0.9999999999999999,329.1103160000054,1.4383488285909922,0.9999999999999999
328.8033000000039,1.800253193783349,0.9999999999999999,329.3602630000056,1.4077051187769651,0.9999999999999999
329.0592940000037,1.7185937654170236,0.9999999999999999,329.60368600000555,1.3697558722127934,0.9999999999999999
329.27983300000363,1.6904572246661904,0.9999999999999999,329.8481650000055,1.335165960293298,0.9999999999999999
329.5370340000037,1.7014244785010675,0.9999999999999999,330.0974920000056,1.3070248901201165,0.9999999999999999
329.77489900000376,1.7223703087251234,0.9999999999999999,330.35107600000566,1.2847746273362515,0.9999999999999999
330.0248080000037,1.7219158748238224,0.9999999999999999,330.5984950000058,1.2708541008509466,0.9999999999999999
330.27086100000366,1.681330821840035,0.9999999999999999,330.84221500000575,1.2712539714735918,0.9999999999999999
330.5177150000039,1.6022928528337783,0.9999999999999999,331.09107000000563,1.2927313353334668,0.9999999999999999
330.76748500000394,1.5024156665496229,0.9999999999999999,331.3470110000058,1.3355505681541908,0.9999999999999999
331.013402000004,1.4063842378686524,0.9999999999999999,331.58506000000574,1.3896195519383143,0.9999999999999999
331.26487700000393,1.3372380691724333,0.9999999999999999,331.83214000000595,1.4373338501827702,0.9999999999999999
331.5048480000041,1.3077793919212808,0.9999999999999999,332.09144300000605,1.4617695273076792,0.9999999999999999
331.76173100000403,1.3180557040139824,0.9999999999999999,332.324759000006,1.4548555170425115,0.9999999999999999
332.0053100000042,1.3569393275921053,0.9999999999999999,332.57539500000604,1.419988702879182,0.9999999999999999
332.25919800000435,1.408141789949482,0.9999999999999999,332.85377500000584,1.3684485373378479,0.9999999999999999
332.5020380000044,1.4594565365328878,0.9999999999999999,333.075708000006,1.3137892888885823,0.9999999999999999
332.74458300000447,1.5063337298954451,0.9999999999999999,333.32068400000605,1.2675184071379235,0.9999999999999999
332.9974650000047,1.5455657670843064,0.9999999999999999,333.5742390000061,1.2364321932673108,0.9999999999999999
333.2465910000044,1.5696179348220223,0.9999999999999999,333.81912600000624,1.221587901593637,0.9999999999999999
333.4933290000046,1.5699528935918743,0.9999999999999999,334.0679660000063,1.2225871443179273,0.9999999999999999
333.73989600000476,1.5441471874325783,0.9999999999999999,334.3115060000064,1.24094010881741,0.9999999999999999
333.9870390000046,1.5017028207856942,0.9999999999999999,334.5595380000062,1.275697846847065,0.9999999999999999
334.23634600000435,1.4597409806433592,0.9999999999999999,334.80589600000627,1.3189018290722392,0.9999999999999999
334.48439700000444,1.4378925849304394,0.9999999999999999,335.0629610000062,1.3573840073674959,0.9999999999999999
334.7277390000043,1.4573521547484063,0.9999999999999999,335.31070800000646,1.3776144707518478,0.9999999999999999
334.97367900000427,1.5381342509842835,0.9999999999999999,335.55656300000663,1.3708025594173816,0.9999999999999999
335.21899200000433,1.6952561042749945,0.9999999999999999,335.80808800000676,1.334506954152857,0.9999999999999999
335.47000200000423,1.9321375182578837,0.9999999999999999,336.04853800000683,1.2723980761763105,0.9999999999999999
335.7175470000041,2.2285120939388907,0.9999999999999999,336.30416500000666,1.192735299546609,0.9999999999999999
335.96555000000416,2.532608675234135,0.9999999999999999,336.5560770000064,1.1052206125201538,0.9999999999999999
336.2123210000041,2.777058226575229,0.8485626283367558,336.79134200000624,1.0176130385055737,0.9999999999999999
336.4622940000041,2.911745329131736,0.7323750855578371,337.03322800000615,0.9356132631301334,0.9999999999999999
336.72756600000434,2.9221591233122686,0.723990417522245,337.2777010000062,0.8643073897342353,0.9999999999999999
336.95853800000424,2.8255346068109004,0.817419575633128,337.5248530000061,0.8101091912264373,0.9999999999999999
337.2018140000043,2.661760213371807,0.9199178644763859,337.77412200000606,0.7803868983945776,0.9999999999999999
337.4534350000042,2.47821624573562,0.9999999999999999,338.029078000006,0.7824683900017442,0.9999999999999999
337.70344100000415,2.3120036638486625,0.9999999999999999,338.27742400000614,0.8236408333020432,0.9999999999999999
337.94890400000423,2.1782449071478833,0.9999999999999999,338.5140550000062,0.9088592686841948,0.9999999999999999
338.2012670000042,2.0740119979219687,0.9999999999999999,338.7623720000063,1.0349036926763338,0.9999999999999999
338.4467900000044,1.9892858239824422,0.9999999999999999,339.01396400000635,1.1846671907798834,0.9999999999999999
338.6910920000044,1.914145995147719,0.9999999999999999,339.2627930000066,1.3299783425799787,0.9999999999999999
338.9486500000043,1.8428317541063706,0.9999999999999999,339.51586300000656,1.4422151613089012,0.9999999999999999
339.1886240000043,1.7741523366980876,0.9999999999999999,339.76324700000674,1.5026147491493222,0.9999999999999999
339.4366480000045,1.7132565244235975,0.9999999999999999,340.0268320000067,1.510083679477022,0.9999999999999999
339.6908120000044,1.6719733911229762,0.9999999999999999,340.24821200000673,1.4789384275630244,0.9999999999999999
339.9492460000045,1.6601582511601636,0.9999999999999999,340.4967540000067,1.4318947443805556,0.9999999999999999
340.17378100000457,1.6779043528294117,0.9999999999999999,340.77396700000673,1.3935969661861836,0.9999999999999999
340.4222660000047,1.718072291122323,0.9999999999999999,341.00055500000667,1.3836921633645367,0.9999999999999999
340.66815400000473,1.7747634599974906,0.9999999999999999,341.2439330000066,1.4092362219086605,0.9999999999999999
340.91557400000465,1.8435378429242468,0.9999999999999999,341.4951290000066,1.4590146458254982,0.9999999999999999
341.16391100000476,1.9156710579912595,0.9999999999999999,341.7688690000065,1.5088181309397797,0.9999999999999999
341.40785300000476,1.9779528083051583,0.9999999999999999,341.9838370000064,1.5373829805341588,0.9999999999999999
341.6625050000049,2.0183097106260366,0.9999999999999999,342.23242500000634,1.5380489140945917,0.9999999999999999
341.9038110000047,2.034978865957098,0.9999999999999999,342.4813770000063,1.5195574131149645,0.9999999999999999
342.15698500000485,2.042789138264589,0.9999999999999999,342.7266430000062,1.498092178511977,0.9999999999999999
342.39875500000517,2.066474072647834,0.9999999999999999,342.98849600000614,1.4918453697501057,0.9999999999999999
342.6570210000053,2.1288628843292763,0.9999999999999999,343.2160060000063,1.5151434114044315,0.9999999999999999
342.89187600000525,2.2447332663065156,0.9999999999999999,343.48246200000625,1.5713117153902951,0.9999999999999999
343.1493110000053,2.417979215598801,0.9999999999999999,343.7195290000062,1.6473892736741518,0.9999999999999999
343.39075200000536,2.6417949729271766,0.9306981519507186,343.97092100000634,1.7201933096728905,0.9999999999999999
343.63718100000557,2.899652805106338,0.7431553730321698,344.2506160000062,1.7669730363400908,0.9999999999999999
343.88362800000573,3.164869103840511,0.5287474332648869,344.4631190000062,1.7765856363653376,0.9999999999999999
344.13811300000555,3.4029745114578906,0.29876796714579057,344.7083640000062,1.7501333215000545,0.9999999999999999
344.4009270000056,3.579712068806817,0.14168377823408623,344.95092500000624,1.69625727423962,0.9999999999999999
344.63448200000585,3.663077372458673,0.10857289527720738,345.20635400000623,1.6315922578292303,0.9999999999999999
344.87683500000577,3.6294950565734108,0.12397330595482543,345.4568990000062,1.579441421247116,0.9999999999999999
345.1324820000058,3.481998802551217,0.22570157426420256,345.6989020000061,1.5609249332151784,0.9999999999999999
345.3701330000059,3.2518826750728977,0.4496919917864476,345.9431340000062,1.590635030314914,0.9999999999999999
345.6262790000061,2.980616762458394,0.6748802190280629,346.1975840000063,1.6785967789694527,0.9999999999999999
345.8629010000061,2.7050627526940647,0.8906570841889117,346.4380220000062,1.833111678655285,0.9999999999999999
346.1160810000061,2.451896433356093,0.9999999999999999,346.69247500000614,2.0626615497307035,0.9999999999999999
346.365409000006,2.240904660192349,0.9999999999999999,346.92993300000614,2.377213230110468,0.9999999999999999
346.61200400000587,2.0841825906129574,0.9999999999999999,347.1800750000063,2.77884238021804,0.8485626283367558
346.8567050000058,1.9807915251094614,0.9999999999999999,347.4539030000063,3.253060371928298,0.44849418206707736
347.10497800000576,1.9160331509839337,0.9999999999999999,347.6829360000064,3.770290326063825,0.05313141683778235
347.35994100000556,1.8692947406321199,0.9999999999999999,347.92048400000647,4.284561720689971,0.0
347.6235100000054,1.8235986381670224,0.9999999999999999,348.1784310000062,4.733016189997831,0.0
347.84346400000555,1.76914571139035,0.9999999999999999,348.4298210000063,5.047252762883572,0.0
348.1015110000057,1.7018814629278387,0.9999999999999999,348.70153400000635,5.174476608531021,0.0
348.3422710000056,1.6226467047449513,0.9999999999999999,348.9150790000065,5.099564951814265,0.0
348.5897990000059,1.5385841511748435,0.9999999999999999,349.1629890000064,4.8487529043792605,0.0
348.83578800000635,1.458962027299739,0.9999999999999999,349.42207500000643,4.476230572514306,0.0
349.0840420000065,1.3900541923682417,0.9999999999999999,349.66044600000623,4.043382366640077,0.0
349.32755500000656,1.336422975727066,0.9999999999999999,349.90088200000633,3.601706890838055,0.13321355236139631
349.5789620000065,1.3020703798320665,0.9999999999999999,350.15410300000633,3.1849511287239864,0.5059890485968516
349.8227180000066,1.2888030309924048,0.9999999999999999,350.3956880000064,2.809449611319739,0.8281998631074606
350.0711700000066,1.2942153845882611,0.9999999999999999,350.6646720000063,2.47951878471664,0.9999999999999999
350.3192220000065,1.311455050470001,0.9999999999999999,350.8901000000062,2.190715453219277,0.9999999999999999
350.56357400000655,1.3312066158038702,0.9999999999999999,351.1445660000062,1.937124175794175,0.9999999999999999
350.8316110000064,1.3491621635033684,0.9999999999999999,351.3860550000059,1.717141285348692,0.9999999999999999
351.06501700000626,1.371188109335954,0.9999999999999999,351.63477200000625,1.5378372472614519,0.9999999999999999
351.31176200000635,1.4090753241219875,0.9999999999999999,351.92475800000614,1.4120685633338113,0.9999999999999999
351.5577480000064,1.4724486981114047,0.9999999999999999,352.14283900000623,1.3512189083292943,0.9999999999999999
351.79863300000625,1.5625036071915046,0.9999999999999999,352.3928220000062,1.3577092702547437,0.9999999999999999
352.07348500000643,1.6723949792637363,0.9999999999999999,352.6271220000061,1.420015053367245,0.9999999999999999
352.30605500000644,1.785763196917224,0.9999999999999999,352.8735490000062,1.517904300206948,0.9999999999999999
352.54759700000653,1.880848504792809,0.9999999999999999,353.14809100000616,1.6307852925033295,0.9999999999999999
352.79709600000643,1.9406221337755272,0.9999999999999999,353.5865260000064,1.7433678159625647,0.9999999999999999
353.0409070000063,1.9612260619700672,0.9999999999999999,353.95147300000673,1.844022536624441,0.9999999999999999
353.3080560000063,1.9513876391396439,0.9999999999999999,354.0232050000065,1.9153485725025985,0.9999999999999999
353.5408060000063,1.921471639060764,0.9999999999999999,354.14806500000657,1.8875443097060274,0.9999999999999999
353.7812660000064,1.8771231867755964,0.9999999999999999,354.3612160000066,1.8109676092230031,0.9999999999999999
354.0358700000061,1.8202135393399894,0.9999999999999999,354.6112120000065,1.7555288859759686,0.9999999999999999
354.27850100000603,1.7516918651650564,0.9999999999999999,354.8714630000065,1.7258700950625774,0.9999999999999999
354.5304280000062,1.672790360016465,0.9999999999999999,355.1554530000068,1.7146151853000946,0.9999999999999999
354.77041300000633,1.5867398259335381,0.9999999999999999,355.36296700000673,1.715584688164084,0.9999999999999999
355.02154700000636,1.4989862473080113,0.9999999999999999,355.5994590000067,1.7248853384081322,0.9999999999999999
355.28751800000646,1.417033289401324,0.9999999999999999,355.84843400000653,1.7401066124915465,0.9999999999999999
355.5149170000066,1.349839761545204,0.9999999999999999,356.0957980000066,1.759993032848557,0.9999999999999999
355.76309600000656,1.3059624249603516,0.9999999999999999,356.3425720000065,1.7840805048591772,0.9999999999999999
356.0155030000067,1.2914992051871428,0.9999999999999999,356.61092700000654,1.812588110836297,0.9999999999999999
356.2610750000067,1.3108072081787154,0.9999999999999999,356.8339910000064,1.8462599867953808,0.9999999999999999
356.5218510000068,1.3633361601833707,0.9999999999999999,357.1033160000062,1.8858181360339805,0.9999999999999999
356.75143500000695,1.4417836703151028,0.9999999999999999,357.3392810000063,1.9259248162834393,0.9999999999999999
356.9999290000068,1.5311408719424089,0.9999999999999999,357.5832310000063,1.9162458011436472,0.9999999999999999
357.24803200000673,1.6111610781319161,0.9999999999999999,357.83655000000624,1.843590705194659,0.9999999999999999
357.50136200000674,1.6629103601622373,0.9999999999999999,358.0809250000063,1.771883165132242,0.9999999999999999
357.74819100000667,1.6752888767160556,0.9999999999999999,358.32882600000625,1.7176365816262402,0.9999999999999999
357.99416200000667,1.6502577729362906,0.9999999999999999,358.5687510000064,1.6930690355864728,0.9999999999999999
358.2430910000068,1.6019995548152655,0.9999999999999999,358.82082700000643,1.6931830183364196,0.9999999999999999
358.4958780000066,1.5458566580494923,0.9999999999999999,359.0646900000066,1.7033864560786691,0.9999999999999999
358.73587200000674,1.4932917265909955,0.9999999999999999,359.30817100000667,1.7102447290000913,0.9999999999999999
358.9786990000069,1.4494573506427786,0.9999999999999999,359.58915700000676,1.7056453189573375,0.9999999999999999
359.230279000007,1.4151858705907796,0.9999999999999999,359.80673800000676,1.6849394918749176,0.9999999999999999
359.4793130000072,1.3887065156287504,0.9999999999999999,360.0527030000066,1.6494699063844604,0.9999999999999999
359.7436170000071,1.3686185038186243,0.9999999999999999,360.3066560000066,1.6062855121028383,0.9999999999999999
359.9710320000071,1.3562716316935932,0.9999999999999999,360.54663800000657,1.5663232516486696,0.9999999999999999
360.2185710000071,1.3548064120015118,0.9999999999999999,360.7992240000064,1.5383030231723682,0.9999999999999999
360.4652540000071,1.3682188289084345,0.9999999999999999,361.0417050000062,1.524438810928869,0.9999999999999999
360.7167970000072,1.4012865701255575,0.9999999999999999,361.295682000006,1.5231563494088085,0.9999999999999999
360.9695490000073,1.4624333206743831,0.9999999999999999,361.53650700000594,1.5317180339739727,0.9999999999999999
361.2127120000073,1.5635549803686253,0.9999999999999999,361.78969000000586,1.5477660035507113,0.9999999999999999
361.4630100000074,1.7162460962442974,0.9999999999999999,362.03446600000615,1.5680134711941465,0.9999999999999999
361.70737100000736,1.9245100989620298,0.9999999999999999,362.28372800000625,1.5884718510425586,0.9999999999999999
361.9517730000073,2.178222354229657,0.9999999999999999,362.5313070000062,1.6038989932736922,0.9999999999999999
362.2038030000074,2.449190696987644,0.9999999999999999,362.7851460000061,1.6080981846925864,0.9999999999999999
362.4644480000075,2.697891712412236,0.8929671457905544,363.0277020000061,1.5991334886754012,0.9999999999999999
362.7032630000076,2.893963185722059,0.7539356605065025,363.27176400000604,1.585322777873065,0.9999999999999999
362.9488690000075,3.0331523515054193,0.6353524982888433,363.5410800000061,1.5852620531049069,0.9999999999999999
363.19115200000743,3.1359888683690578,0.5515058179329226,363.77194500000604,1.6183646181234919,0.9999999999999999
363.4369400000074,3.2308916017131737,0.47484599589322385,364.017090000006,1.6978400872766415,0.9999999999999999
363.7008930000074,3.336024653860239,0.36344969199178645,364.257905000006,1.8258311417489215,0.9999999999999999
363.93138400000737,3.4449281402772147,0.2568446269678302,364.510980000006,1.9895088225181785,0.9999999999999999
364.1892610000075,3.5271044585640725,0.17778918548939085,364.76382300000597,2.1576563201430075,0.9999999999999999
364.4413240000075,3.5564492416179716,0.15383299110198487,365.02332100000586,2.2831070744625572,0.9999999999999999
364.68038200000746,3.5330248325151032,0.17299794661190962,365.25580400000575,2.320976017382166,0.9999999999999999
364.9244710000075,3.484433350768537,0.22450376454483228,365.51096700000573,2.2562685339299624,0.9999999999999999
365.1689240000075,3.4393781626921553,0.26043805612594106,365.76688000000576,2.111709278331893,0.9999999999999999
365.41535200000754,3.410757572497468,0.2855920602327173,365.9967970000059,1.931427070395947,0.9999999999999999
365.66905200000747,3.3892515428528944,0.31314168377823404,366.2498500000059,1.7574386479813164,0.9999999999999999
365.91433600000727,3.3460480639408696,0.3562628336755646,366.4902830000059,1.617812390957423,0.9999999999999999
366.15932500000747,3.2436631980717867,0.46047227926078027,366.735112000006,1.523129034310482,0.9999999999999999
366.40761900000734,3.0594573836337258,0.6185831622176591,366.98794700000593,1.4727682231537016,0.9999999999999999
366.6535820000074,2.809721486921898,0.8281998631074606,367.2522670000061,1.4607305095945122,0.9999999999999999
366.9050320000074,2.5379370646261283,0.9999999999999999,367.4788600000062,1.478808519060312,0.9999999999999999
367.14824300000765,2.286041767640516,0.9999999999999999,367.72961500000594,1.5180376796060893,0.9999999999999999
367.42227300000803,2.083601746051332,0.9999999999999999,367.98329500000614,1.572153584162108,0.9999999999999999
367.64632100000796,1.9451123813007718,0.9999999999999999,368.23022000000634,1.640284613155053,0.9999999999999999
367.8934360000083,1.868202494555916,0.9999999999999999,368.51837200000637,1.726347853436095,0.9999999999999999
368.1348190000084,1.8383805616420457,0.9999999999999999,368.7554130000064,1.8349119354387577,0.9999999999999999
368.38669400000845,1.8362098702903022,0.9999999999999999,368.96946200000644,1.9638410169765679,0.9999999999999999
368.6407590000086,1.853117191654623,0.9999999999999999,369.22544900000656,2.0988784848705135,0.9999999999999999
368.8850660000086,1.9003806994129095,0.9999999999999999,369.4602430000065,2.2155463650591463,0.9999999999999999
369.1390110000088,2.0038084009033486,0.9999999999999999,369.73499700000644,2.2898970693407144,0.9999999999999999
369.41170500000896,2.184813362366393,0.9999999999999999,369.9673770000064,2.3075107815228924,0.9999999999999999
369.62136600000906,2.4352871791256074,0.9999999999999999,370.2063820000065,2.272201759787194,0.9999999999999999
369.87574800000897,2.7090262784327113,0.8891170431211498,370.4627960000067,2.2062933477736926,0.9999999999999999
370.1232480000089,2.943684331154304,0.7048254620123203,370.7016320000066,2.1406438491615107,0.9999999999999999
370.3665170000092,3.0954275892354377,0.58145106091718,370.94554800000657,2.096739471368074,0.9999999999999999
370.62748700000947,3.153338035926887,0.535934291581109,371.1928650000068,2.0779794908620755,0.9999999999999999
370.8659570000093,3.13232000688968,0.5562970568104038,371.43932300000665,2.0726146980373343,0.9999999999999999
371.1040170000095,3.0575562700873995,0.6209787816563996,371.7268000000066,2.063474967466658,0.9999999999999999
371.35450500000945,2.9569197450190945,0.6904517453798769,371.9627930000065,2.0348897691340557,0.9999999999999999
371.6039790000095,2.8617030514525585,0.7862765229295005,372.19833000000654,1.9782642470061407,0.9999999999999999
371.8508720000097,2.802425528856728,0.8353867214236825,372.45136200000655,1.8944057995179564,0.9999999999999999
372.0982790000097,2.8041951119076782,0.8341889117043122,372.7265610000066,1.7942821500403863,0.9999999999999999
372.36571800000974,2.881830264493007,0.7599247091033541,372.92601800000654,1.695419797035988,0.9999999999999999
372.59976100000966,3.02967537888599,0.6389459274469541,373.1719420000065,1.6180137412787508,0.9999999999999999
372.8406370000097,3.218238325526552,0.4844284736481862,373.4191330000066,1.5808870357341265,0.9999999999999999
373.0920840000097,3.3847290787216795,0.316735112936345,373.68494600000656,1.5959269166515362,0.9999999999999999
373.3371160000097,3.4537493318425687,0.2520533880903491,373.9210810000068,1.661496587347271,0.9999999999999999
373.59105600000936,3.401727570975941,0.2999657768651608,374.1752880000067,1.756308238307613,0.9999999999999999
373.83651300000946,3.268246647231508,0.4389117043121149,374.41447400000646,1.840440145386292,0.9999999999999999
374.07805800000943,3.1056192738044643,0.573066392881588,374.65777500000644,1.8734278848081374,0.9999999999999999
374.3304780000094,2.952616726800487,0.6940451745379876,374.9281750000063,1.8412843308557532,0.9999999999999999
374.58359800000954,2.831787472059977,0.8126283367556468,375.1550510000063,1.7640999886114606,0.9999999999999999
374.8214280000094,2.757060209969077,0.8644763860369609,375.4026340000064,1.6802399555710428,0.9999999999999999
375.0888560000095,2.737847928513529,0.871406570841889,375.65646300000645,1.6242639637924063,0.9999999999999999
375.3280640000094,2.7776128160348117,0.8485626283367558,375.8945000000067,1.614066176548008,0.9999999999999999
375.5610320000094,2.8572576318774323,0.7898699520876115,376.14202300000653,1.653021089578444,0.9999999999999999
375.8153180000094,2.9382822775166533,0.7084188911704313,376.3923740000065,1.7355189594794267,0.9999999999999999
376.0572800000092,2.9856848325746244,0.6712867898699522,376.65846600000646,1.8522971199407159,0.9999999999999999
376.3122420000091,2.992244859670178,0.6640999315537303,376.8953700000064,1.9906347983094457,0.9999999999999999
376.55573400000935,2.9738274942741825,0.6808692676249145,377.13610500000607,2.137186122931745,0.9999999999999999
376.80648500000956,2.9500270354182594,0.6988364134154688,377.3785240000064,2.279749290921673,0.9999999999999999
377.0544420000097,2.931260788325493,0.715605749486653,377.6359680000064,2.4012907593522153,0.9999999999999999
377.3008730000097,2.9157804496897164,0.727583846680356,377.87741200000636,2.4814263409564057,0.9999999999999999
377.54441500000956,2.892116760232166,0.7539356605065025,378.1393450000063,2.5035559682626443,0.9999999999999999
377.79436800000974,2.8405714957283146,0.8030458590006846,378.40052200000633,2.4646113446864035,0.9999999999999999
378.0473100000097,2.741210986692335,0.8698665297741273,378.62048900000633,2.373051798286964,0.9999999999999999
378.3043980000097,2.5877973758258888,0.9707392197125256,378.8769570000062,2.242646129344,0.9999999999999999
378.5408190000097,2.3941659395420816,0.9999999999999999,379.11485500000623,2.0874979894676207,0.9999999999999999
378.78432600000946,2.187115506410466,0.9999999999999999,379.356824000006,1.9201623265079082,0.9999999999999999
379.0319270000094,1.9945723787950134,0.9999999999999999,379.6177340000061,1.7523039424389713,0.9999999999999999
379.2799850000096,1.8385288077385897,0.9999999999999999,379.8562680000063,1.5960193096369006,0.9999999999999999
379.5325150000097,1.7333074389953291,0.9999999999999999,380.09885500000644,1.464799175052483,0.9999999999999999
379.7720430000098,1.6867787649992585,0.9999999999999999,380.34883100000627,1.3711277436756049,0.9999999999999999
380.03511200000986,1.7035321756549613,0.9999999999999999,380.6003390000062,1.3221828462310525,0.9999999999999999
380.26790300001,1.784046556303366,0.9999999999999999,380.8483560000062,1.316151448179204,0.9999999999999999
380.52093600000995,1.9229926943434354,0.9999999999999999,381.09025400000615,1.3425072180800037,0.9999999999999999
380.7723480000099,2.1080131747966173,0.9999999999999999,381.34722100000636,1.3858659646045304,0.9999999999999999
381.01678800000997,2.316467149066857,0.9999999999999999,381.6025830000064,1.4301733950596776,0.9999999999999999
381.2535800000101,2.5123919959241547,0.9999999999999999,381.8346370000065,1.4617014601064546,0.9999999999999999
381.5057050000101,2.653124823396725,0.9237679671457905,382.07813500000657,1.4723652660898146,0.9999999999999999
381.7551710000101,2.704982498927624,0.8906570841889117,382.33807600000665,1.4626880315934092,0.9999999999999999
381.99949000001016,2.657707049268924,0.9199178644763859,382.6011580000067,1.4404894761108755,0.9999999999999999
382.24506300000996,2.530612504878244,0.9999999999999999,382.8248340000066,1.4158402902720841,0.9999999999999999
382.4954250000103,2.3630339899011004,0.9999999999999999,383.0765620000066,1.3961267243872515,0.9999999999999999
382.76042400001006,2.19337600628674,0.9999999999999999,383.32865400000657,1.3828118480156648,0.9999999999999999
382.9972320000101,2.047085404434896,0.9999999999999999,383.5750740000066,1.3715679553550932,0.9999999999999999
383.24175000001014,1.93505907890153,0.9999999999999999,383.8149810000063,1.3574818648843405,0.9999999999999999
383.49647800001037,1.8559662879768895,0.9999999999999999,384.06596800000665,1.3397417849984017,0.9999999999999999
383.7412800000102,1.8002402086782776,0.9999999999999999,384.3121680000067,1.3221377244306085,0.9999999999999999
383.9793540000101,1.7570675922933496,0.9999999999999999,384.56048200000674,1.3105484454703582,0.9999999999999999
384.24114100001,1.720139468522469,0.9999999999999999,384.81155900000687,1.311132132933569,0.9999999999999999
384.47895700000987,1.6883527358209347,0.9999999999999999,385.0625450000067,1.3283719860254597,0.9999999999999999
384.7273410000099,1.6647020688063017,0.9999999999999999,385.3095980000068,1.364592119881212,0.9999999999999999
384.97972200001,1.6556362483984337,0.9999999999999999,385.5614740000066,1.4175587040931,0.9999999999999999
385.2249490000099,1.6677203810465864,0.9999999999999999,385.80113400000675,1.4804072865595734,0.9999999999999999
385.46771500000966,1.7037387822341716,0.9999999999999999,386.04188700000674,1.5431139334856665,0.9999999999999999
385.71765400001,1.7611984264686151,0.9999999999999999,386.3010000000065,1.5967953830623438,0.9999999999999999
385.97338300000985,1.8328778676176507,0.9999999999999999,386.5463310000063,1.6360129632787948,0.9999999999999999
386.21049500000976,1.906574265502752,0.9999999999999999,386.7917640000063,1.6600895447486268,0.9999999999999999
386.4528540000098,1.965353321182271,0.9999999999999999,387.05677200000616,1.6714477641519667,0.9999999999999999
386.7099220000099,1.9942768170693386,0.9999999999999999,387.29806900000625,1.6702717405847962,0.9999999999999999
386.95440400000973,1.9878879409461063,0.9999999999999999,387.5280590000062,1.6521595887375096,0.9999999999999999
387.1971220000097,1.95326952751945,0.9999999999999999,387.7885120000062,1.6123068008302985,0.9999999999999999
387.4474580000096,1.9060859169890099,0.9999999999999999,388.0337000000061,1.5521454075562546,0.9999999999999999
387.69906000000987,1.859036549095371,0.9999999999999999,388.281050000006,1.4797849193935502,0.9999999999999999
387.93982300001,1.8170235608395842,0.9999999999999999,388.518896000006,1.4058992689264374,0.9999999999999999
388.1877900000097,1.7790024872104735,0.9999999999999999,388.78789300000585,1.338828533960909,0.9999999999999999
388.4402450000095,1.742945696981637,0.9999999999999999,389.03282500000597,1.2819633616833088,0.9999999999999999
388.6801720000095,1.7114119160354884,0.9999999999999999,389.27504900000616,1.23440367326212,0.9999999999999999
388.9269020000095,1.6927660116048269,0.9999999999999999,389.5141400000062,1.194136202964948,0.9999999999999999
389.1828710000097,1.6994055964257797,0.9999999999999999,389.75566800000615,1.1610591998376723,0.9999999999999999
389.4243970000098,1.73745938205847,0.9999999999999999,390.044948000006,1.1373801279197526,0.9999999999999999
389.6828150000098,1.8058223266284,0.9999999999999999,390.26899700000604,1.1262304423610823,0.9999999999999999
389.92086100000955,1.8973138430195147,0.9999999999999999,390.4972830000062,1.1307829543508665,0.9999999999999999
390.16735900000964,1.9983227764803497,0.9999999999999999,390.758752000006,1.1545549923967426,0.9999999999999999
390.43364300000974,2.098581190396272,0.9999999999999999,391.0028120000061,1.201657400272643,0.9999999999999999
390.66117500000996,2.1956747300544657,0.9999999999999999,391.24277000000603,1.276737416591366,0.9999999999999999
390.9096030000099,2.296774738387657,0.9999999999999999,391.49563600000596,1.383891786520639,0.9999999999999999
391.15523800000983,2.4133639939635207,0.9999999999999999,391.7414490000059,1.5209012594713287,0.9999999999999999
391.40163100001007,2.55375007747284,0.9976899383983573,391.979429000006,1.6755324524460047,0.9999999999999999
391.6519610000102,2.7215002010063927,0.8852669404517453,392.227710000006,1.8292004607707864,0.9999999999999999
391.8993710000104,2.912090322697419,0.7311772758384669,392.47479700000594,1.9637165397489846,0.9999999999999999
392.1525370000101,3.1128038596874106,0.5682751540041069,392.73210700000584,2.0654508639238394,0.9999999999999999
392.40254100001005,3.328084191784754,0.36943874058863796,392.9756430000057,2.1272686787414026,0.9999999999999999
392.6504370000102,3.5927401579368365,0.13706365503080079,393.2200020000056,2.155435466593133,0.9999999999999999
392.89497800001004,3.9362956745881883,0.0,393.4879420000057,2.1714629198106703,0.9999999999999999
393.16078300001,4.326333532391939,0.0,393.71086900000586,2.200134343379494,0.9999999999999999
393.3818320000102,4.674040044700317,0.0,393.9679890000061,2.2563609242833653,0.9999999999999999
393.6481430000102,4.891061721299967,0.0,394.2073850000061,2.3430296654695333,0.9999999999999999
393.8836440000101,4.93900074107721,0.0,394.46017200000625,2.453576349205563,0.9999999999999999
394.13022600001005,4.835657257776942,0.0,394.72115400000627,2.5700348647590165,0.98305954825462
394.3800370000101,4.6289076805606895,0.0,394.94655200000653,2.667528900964189,0.9152977412731006
394.62466500001,4.366303343694812,0.0,395.1941330000067,2.726621581872568,0.8814168377823407
394.86882100000986,4.080158417758012,0.0,395.4450780000067,2.740110422475287,0.8698665297741273
395.11932700001,3.7792796429658093,0.0485112936344969,395.7009310000067,2.7118454186535703,0.8875770020533881
395.37236300001,3.456408593067872,0.24965776865160844,395.93279600000665,2.6511660008242317,0.9237679671457905
395.61377400001015,3.120563941866962,0.5622861054072553,396.1864860000067,2.5680342618687995,0.9869096509240245
395.86717200001016,2.8092057066638554,0.8281998631074606,396.45710900000705,2.4696138714970206,0.9999999999999999
396.11718300001013,2.542416216459167,0.9999999999999999,396.72379200000694,2.3631072632976995,0.9999999999999999
396.3552160000102,2.3182705594318493,0.9999999999999999,397.00026900000694,2.2553396409927555,0.9999999999999999
396.6051670000103,2.1395477116847674,0.9999999999999999,397.2336100000072,2.1499741502170187,0.9999999999999999
396.86103600001,2.0159032758682063,0.9999999999999999,397.4459180000072,2.045801226655897,0.9999999999999999
397.0969980000099,1.9559410079038717,0.9999999999999999,397.68496000000744,1.9382697651847316,0.9999999999999999
397.34585000001,1.957142866009195,0.9999999999999999,397.92473900000743,1.8249299604965263,0.9999999999999999
397.59076100001005,1.9983446807333283,0.9999999999999999,398.16933700000743,1.708597638869855,0.9999999999999999
397.8381300000099,2.045481632651159,0.9999999999999999,398.41275200000734,1.5987032494857696,0.9999999999999999
398.1086130000098,2.0689373769097474,0.9999999999999999,398.6572340000073,1.5124322678079745,0.9999999999999999
398.33509400001003,2.0536261691048274,0.9999999999999999,398.90531000000726,1.4698040740210332,0.9999999999999999
398.58296200001007,2.001459119839149,0.9999999999999999,399.15668100000744,1.4861222547184134,0.9999999999999999
398.82894300001004,1.9295510701189118,0.9999999999999999,399.4021620000075,1.5636881768420983,0.9999999999999999
399.07888900001,1.859667516644561,0.9999999999999999,399.65007000000753,1.6880774818158488,0.9999999999999999
399.3286940000099,1.806004939987889,0.9999999999999999,399.90145400000773,1.8297343541638158,0.9999999999999999
399.5712660000098,1.769831113627045,0.9999999999999999,400.1514120000079,1.9489969778496752,0.9999999999999999
399.82620600001013,1.7401134324028669,0.9999999999999999,400.389917000008,2.0102612478035744,0.9999999999999999
400.0717100000103,1.7003102782817503,0.9999999999999999,400.63797300000795,2.0006899238791833,0.9999999999999999
400.3121410000103,1.6381738418180662,0.9999999999999999,400.885516000008,1.9375779028620466,0.9999999999999999
400.57268900001037,1.5546610686774995,0.9999999999999999,401.1580700000082,1.8531630427219654,0.9999999999999999
400.8115410000104,1.4638755258376277,0.9999999999999999,401.3835960000082,1.7732483494761313,0.9999999999999999
401.0579090000103,1.3853798276946878,0.9999999999999999,401.63687600000816,1.7075654715621247,0.9999999999999999
401.3228320000104,1.3368524871056264,0.9999999999999999,401.87676600000816,1.6504127153229193,0.9999999999999999
401.55655400001064,1.3286549608542586,0.9999999999999999,402.1379020000081,1.590154738495579,0.9999999999999999
401.80634000001106,1.3626719738324493,0.9999999999999999,402.390489000008,1.5203386236283147,0.9999999999999999
402.05243100001115,1.432567678784536,0.9999999999999999,402.61836300000806,1.4469941803702184,0.9999999999999999
402.3082070000111,1.5254531852520765,0.9999999999999999,402.8678040000077,1.385733837951454,0.9999999999999999
402.5509370000113,1.6254370358797126,0.9999999999999999,403.12687000000767,1.352582439193252,0.9999999999999999
402.8001400000113,1.7209918131565403,0.9999999999999999,403.3704120000078,1.3571407035745326,0.9999999999999999
403.0415760000114,1.8085304783209153,0.9999999999999999,403.61249000000754,1.4003950726240948,0.9999999999999999
403.28895200001165,1.8885760137404874,0.9999999999999999,403.85250200000775,1.475677167198715,0.9999999999999999
403.5469590000116,1.9591299473048231,0.9999999999999999,404.10433900000777,1.5703847950820082,0.9999999999999999
403.7838170000116,2.0122559628750105,0.9999999999999999,404.3754800000078,1.6688635999910055,0.9999999999999999
404.0383630000117,2.0409373279031535,0.9999999999999999,404.59989400000785,1.7555612186410476,0.9999999999999999
404.2753570000116,2.04645657284547,0.9999999999999999,404.8435120000077,1.8189933081084564,0.9999999999999999
404.54719900001135,2.0386049752742452,0.9999999999999999,405.0958550000079,1.854866781706864,0.9999999999999999
404.77602200001127,2.0266135793653,0.9999999999999999,405.35912600000796,1.8641437443650481,0.9999999999999999
405.03349300001133,2.0103799624073946,0.9999999999999999,405.6164810000081,1.8487528335878458,0.9999999999999999
405.2744480000113,1.9820788130745475,0.9999999999999999,405.858046000008,1.8115394891626955,0.9999999999999999
405.5270060000112,1.931411480278907,0.9999999999999999,406.0870190000082,1.7570050893908455,0.9999999999999999
405.7791200000113,1.8532853333179813,0.9999999999999999,406.34046800000806,1.6912443349282682,0.9999999999999999
406.01902500001125,1.754952464096501,0.9999999999999999,406.5853770000084,1.621043418509138,0.9999999999999999
406.26286300001124,1.662047159460272,0.9999999999999999,406.82966400000845,1.5503471731686385,0.9999999999999999
406.50465400001116,1.6116995513132044,0.9999999999999999,407.08849100000856,1.479349614641622,0.9999999999999999
406.75348700001126,1.635881226108682,0.9999999999999999,407.3340440000086,1.4066992372450837,0.9999999999999999
406.99747600001126,1.7428887281640975,0.9999999999999999,407.5750700000086,1.3324957411916443,0.9999999999999999
407.2636340000112,1.9118023169136324,0.9999999999999999,407.8469220000087,1.2614011034731074,0.9999999999999999
407.50182700001125,2.1041647835801265,0.9999999999999999,408.08637900000855,1.201978562103208,0.9999999999999999
407.7460060000112,2.2852695419400124,0.9999999999999999,408.3218050000086,1.1634201822455272,0.9999999999999999
407.989959000011,2.4357748632330596,0.9999999999999999,408.56125100000855,1.153079139261808,0.9999999999999999
408.246326000011,2.5487459875611913,0.9999999999999999,408.8290980000084,1.1769125904969824,0.9999999999999999
408.49113100001114,2.6194974066287124,0.9468685831622176,409.06306800000846,1.2369758691980863,0.9999999999999999
408.7367580000111,2.642566579351721,0.9306981519507186,409.3130120000083,1.3305001111448467,0.9999999999999999
409.0110640000109,2.6207816011910303,0.9468685831622176,409.60798100000835,1.4542013056177001,0.9999999999999999
409.22964200001127,2.569957457551165,0.9845995893223819,409.8420250000082,1.6070392367236879,0.9999999999999999
409.46874500001115,2.513872570462108,0.9999999999999999,410.08067000000824,1.789148167482661,0.9999999999999999
409.7240000000112,2.4754253976392167,0.9999999999999999,410.29264200000813,1.9963594275090708,0.9999999999999999
409.9713130000113,2.4734515395421246,0.9999999999999999,410.53959700000803,2.2150910507231796,0.9999999999999999
410.2213100000115,2.5164872267371416,0.9999999999999999,410.786500000008,2.4187383299621144,0.9999999999999999
410.4661910000116,2.6000856990617307,0.9607289527720738,411.0459910000078,2.5705877011551843,0.9822895277207391
410.7121860000117,2.7079945502348797,0.8891170431211498,411.28627100000773,2.635675685034254,0.9383983572895277
410.9601210000117,2.8171974122589694,0.821013004791239,411.533835000008,2.606375505217209,0.9553388090349075
411.20427600001176,2.9029667003142428,0.7395619438740589,411.7781500000079,2.5089361815903453,0.9999999999999999
411.45424500001167,2.947039538950889,0.7012320328542095,412.0281270000079,2.382089991652235,0.9999999999999999
411.70729300001176,2.9419383476035215,0.7072210814510609,412.2781350000078,2.2571971189725795,0.9999999999999999
411.95175700001164,2.8898586318758084,0.7563312799452431,412.5256500000079,2.1534092672544114,0.9999999999999999
412.2022200000115,2.8004479934148385,0.8353867214236825,412.7676580000078,2.0783977874951702,0.9999999999999999
412.4467120000114,2.688979541921083,0.9022073921971252,413.04858300000797,2.031873897111815,0.9999999999999999
412.7047480000114,2.5742414154039763,0.9799794661190964,413.272522000008,2.0118671791788745,0.9999999999999999
412.9412780000116,2.4776447632294687,0.9999999999999999,413.5099310000078,2.018494272478473,0.9999999999999999
413.1877060000117,2.4197074441595405,0.9999999999999999,413.76048300000787,2.054737866914586,0.9999999999999999
413.449758000012,2.4151144535657583,0.9999999999999999,414.0158420000078,2.1241724952537044,0.9999999999999999
413.68412100001206,2.4668148464093482,0.9999999999999999,414.2631100000078,2.2231494114667973,0.9999999999999999
413.9232780000117,2.565484085145164,0.9876796714579055,414.5400650000079,2.3329286445005417,0.9999999999999999
414.17755400001164,2.690318902375965,0.9022073921971252,414.74904900000786,2.4218031390862524,0.9999999999999999
414.4225070000117,2.8111632121079575,0.8281998631074606,415.0000180000079,2.4574009153866805,0.9999999999999999
414.66735000001154,2.8940227068096367,0.7539356605065025,415.26376600000765,2.4255095378405085,0.9999999999999999
414.9193170000116,2.9132594207424893,0.7311772758384669,415.49630200000774,2.336974547044126,0.9999999999999999
415.16890700001153,2.8654571035267624,0.7838809034907599,415.7416340000079,2.218351008543686,0.9999999999999999
415.41435300001143,2.770820331143825,0.856006160164271,415.9861010000076,2.0942570701789194,0.9999999999999999
415.6611450000114,2.659364269401002,0.9199178644763859,416.3182410000076,1.976001126327374,0.9999999999999999
415.9111310000112,2.557115020871298,0.9946098562628336,416.6034830000077,1.8613391974836644,0.9999999999999999
416.1591520000113,2.479056520024569,0.9999999999999999,416.87148200000775,1.7428566074752905,0.9999999999999999
416.4062420000114,2.4250564872170473,0.9999999999999999,417.0986320000078,1.6199373136553694,0.9999999999999999
416.65218000001136,2.38074600887761,0.9999999999999999,417.2546650000078,1.5033531835227998,0.9999999999999999
416.9023980000113,2.324129654507368,0.9999999999999999,417.4686290000077,1.4069512790465004,0.9999999999999999
417.15543900001137,2.23998808472642,0.9999999999999999,417.74208600000776,1.3395758875066588,0.9999999999999999
417.40687100001117,2.1347879258059796,0.9999999999999999,417.9626820000078,1.3027660104310665,0.9999999999999999
417.6373240000112,2.0448521720929547,0.9999999999999999,418.22816500000795,1.2912026389328728,0.9999999999999999
417.9197880000113,2.01787224979392,0.9999999999999999,418.469530000008,1.293574412837022,0.9999999999999999
418.1378180000113,2.0880154518279936,0.9999999999999999,418.7131590000081,1.2957367991840854,0.9999999999999999
418.3807580000114,2.2605161770419855,0.9999999999999999,418.9691200000084,1.2870517678079918,0.9999999999999999
418.63030800001155,2.514675466615625,0.9999999999999999,419.20770000000863,1.264831466199804,0.9999999999999999
418.8731880000114,2.8192757396230306,0.821013004791239,419.46880900000866,1.2344815585308901,0.9999999999999999
419.12483800001155,3.139068407934435,0.5503080082135523,419.76504400000846,1.2054580773041605,0.9999999999999999
419.3667450000115,3.434396847087019,0.26283367556468173,420.0036880000083,1.1877460093064163,0.9999999999999999
419.61915000001176,3.6655042561982443,0.1070328542094456,420.1888260000083,1.1891237665159053,0.9999999999999999
419.86307100001187,3.801115803531985,0.0377310061601643,420.4358460000084,1.2146378167484984,0.9999999999999999
420.11305100001186,3.8223723656517077,0.02849075975359341,420.7198610000084,1.2649185633053182,0.9999999999999999
420.359939000012,3.732019799111639,0.07546201232032852,420.99978100000857,1.3314489334645931,0.9999999999999999
420.6067650000119,3.558141441401487,0.1526351813826146,421.1776480000086,1.4001254557952043,0.9999999999999999
420.85632100001186,3.3431055382665056,0.357460643394935,421.4409990000085,1.4542409617672705,0.9999999999999999
421.1184750000118,3.1234567176854857,0.5610882956878851,421.6732700000085,1.480653551213018,0.9999999999999999
421.35693400001196,2.923345398363807,0.7227926078028748,421.92463800000843,1.476089877236664,0.9999999999999999
421.60485000001194,2.7497517308764876,0.8675564681724844,422.1746050000083,1.4494023862582281,0.9999999999999999
421.8473740000119,2.594788873650606,0.9638090349075975,422.4380310000085,1.4227041574882395,0.9999999999999999
422.0949160000118,2.4462887994091655,0.9999999999999999,422.6741020000087,1.4244080824665963,0.9999999999999999
422.3407180000122,2.2974936904830203,0.9999999999999999,422.9170790000089,1.4741121366059373,0.9999999999999999
422.5887520000121,2.150731877269906,0.9999999999999999,423.17092700000904,1.5774132087461297,0.9999999999999999
422.83935200001207,2.0114660621486022,0.9999999999999999,423.4089810000087,1.7282391604613916,0.9999999999999999
423.0888840000119,1.8832856838121739,0.9999999999999999,423.6792920000089,1.9173332137913637,0.9999999999999999
423.333671000012,1.768636681688029,0.9999999999999999,423.90974200000886,2.1340204600035846,0.9999999999999999
423.5816870000119,1.6691447121632144,0.9999999999999999,424.1781610000089,2.361786160688725,0.9999999999999999
423.83218900001197,1.5849833467269894,0.9999999999999999,424.427199000009,2.573315512800587,0.9799794661190964
424.075183000012,1.5132932791211349,0.9999999999999999,424.6455080000093,2.73556913532275,0.8729466119096508
424.332075000012,1.4498749050846815,0.9999999999999999,424.91904500000913,2.821153482274134,0.821013004791239
424.570492000012,1.3910046051872451,0.9999999999999999,425.13708100000935,2.819281998916107,0.821013004791239
424.8244840000119,1.3347086753010515,0.9999999999999999,425.4150050000093,2.737047877186055,0.87217659137577
425.0639590000117,1.2817525782009895,0.9999999999999999,425.6339590000091,2.5921392443395113,0.967659137577002
425.31479900001165,1.2351124420897788,0.9999999999999999,425.8880380000091,2.4057295732517074,0.9999999999999999
425.5880030000117,1.1971020720162056,0.9999999999999999,426.1410230000093,2.1986956860988,0.9999999999999999
425.8089880000117,1.1711622955501757,0.9999999999999999,426.3787350000092,1.9900098680806233,0.9999999999999999
426.0697000000119,1.1650646104945492,0.9999999999999999,426.62811500000913,1.7960043444369815,0.9999999999999999
426.29566000001194,1.1891635990636902,0.9999999999999999,426.8730830000091,1.6301631704748267,0.9999999999999999
426.56074800001204,1.2493487584802376,0.9999999999999999,427.12309400000896,1.5025825212600004,0.9999999999999999
426.792159000012,1.3403369191419592,0.9999999999999999,427.3842140000089,1.4202926176938295,0.9999999999999999
427.04763600001206,1.4463115631260939,0.9999999999999999,427.61321800000894,1.3869956708144788,0.9999999999999999
427.29364700001213,1.5465364995426285,0.9999999999999999,427.869345000009,1.401753408856643,0.9999999999999999
427.5430490000121,1.6206524817514614,0.9999999999999999,428.12571700000893,1.4585994221656424,0.9999999999999999
427.78108900001206,1.6533488129084501,0.9999999999999999,428.36855700000893,1.546166458039362,0.9999999999999999
428.02929600001215,1.6409888358196907,0.9999999999999999,428.6161090000091,1.6543811325945605,0.9999999999999999
428.2792560000122,1.5908347832607799,0.9999999999999999,428.8509640000094,1.7797119149424532,0.9999999999999999
428.5273320000121,1.5178831910053612,0.9999999999999999,429.10078300000936,1.922767809103989,0.9999999999999999
428.7877480000122,1.4406886551405258,0.9999999999999999,429.35721100000956,2.082393450027323,0.9999999999999999
429.0260340000122,1.3785692360225674,0.9999999999999999,429.6038250000095,2.2476301456634196,0.9999999999999999
429.26564600001234,1.345850326981399,0.9999999999999999,429.8933260000097,2.397326240995583,0.9999999999999999
429.51564200001246,1.3512217686033605,0.9999999999999999,430.09210900000966,2.5084435556022613,0.9999999999999999
429.7600100000123,1.398757410653186,0.9999999999999999,430.34275000000963,2.5660363065646825,0.9876796714579055
430.01761900001225,1.4873491564466261,0.9999999999999999,430.5891450000094,2.570461318031753,0.9822895277207391
430.2574560000121,1.609461298592679,0.9999999999999999,430.84028000000944,2.535967423701867,0.9999999999999999
430.5122470000119,1.754302755863239,0.9999999999999999,431.0928080000095,2.485150687251244,0.9999999999999999
430.7537730000119,1.909538495807952,0.9999999999999999,431.3312150000095,2.440828655454289,0.9999999999999999
430.99876400001165,2.0613106789566475,0.9999999999999999,431.57859800000966,2.416007427705392,0.9999999999999999
431.24975400001154,2.192740132686683,0.9999999999999999,431.8216950000096,2.40768353957983,0.9999999999999999
431.4928360000114,2.2848093748859637,0.9999999999999999,432.0721820000097,2.399011610078874,0.9999999999999999
431.74531600001126,2.3201236007276007,0.9999999999999999,432.3216700000097,2.3732560033954395,0.9999999999999999
431.9915400000114,2.288417400028526,0.9999999999999999,432.5756420000097,2.326404270494016,0.9999999999999999
432.2487130000111,2.1951881271301423,0.9999999999999999,432.81151800000964,2.2677775408971677,0.9999999999999999
432.48671500001115,2.0669358501826918,0.9999999999999999,433.0897690000098,2.2175713214518047,0.9999999999999999
432.7454060000112,1.9421810503831183,0.9999999999999999,433.3088430000097,2.1978315655622116,0.9999999999999999
432.9824750000113,1.852515600584118,0.9999999999999999,433.56282500000975,2.220495395128193,0.9999999999999999
433.224855000011,1.8145530438734085,0.9999999999999999,433.8047450000095,2.279290606194734,0.9999999999999999
433.478458000011,1.8297434714014176,0.9999999999999999,434.04802700000954,2.350248633194024,0.9999999999999999
433.744844000011,1.8904876627842597,0.9999999999999999,434.29866100000964,2.403075752843492,0.9999999999999999
433.9734320000111,1.982466178609722,0.9999999999999999,434.5399290000097,2.4114148624158385,0.9999999999999999
434.22629200001114,2.0846957384102205,0.9999999999999999,434.7997210000098,2.361739419330736,0.9999999999999999
434.4739840000114,2.1698179660749837,0.9999999999999999,435.0622680000099,2.2564244925181454,0.9999999999999999
434.7153000000113,2.211984697958433,0.9999999999999999,435.2936730000102,2.111134940403465,0.9999999999999999
434.97380900001116,2.1981101642631837,0.9999999999999999,435.53510900001004,1.9462388282364276,0.9999999999999999
435.204804000011,2.1342471100060507,0.9999999999999999,435.7936210000101,1.7786516851449006,0.9999999999999999
435.4603260000112,2.0402634142514207,0.9999999999999999,436.0270690000102,1.6210384553098331,0.9999999999999999
435.7017690000114,1.9412639877093851,0.9999999999999999,436.2939430000101,1.4825358676268203,0.9999999999999999
435.94176500001134,1.8643135017928014,0.9999999999999999,436.55654700001026,1.368353464247539,0.9999999999999999
436.1948050000113,1.831387636154839,0.9999999999999999,436.77649600001024,1.2806763943922213,0.9999999999999999
436.45827400001144,1.846570103338508,0.9999999999999999,437.0273930000102,1.219092355868945,0.9999999999999999
436.68668900001137,1.8921932832310198,0.9999999999999999,437.27524500001016,1.1818819064997605,0.9999999999999999
436.9310640000112,1.9429962255422786,0.9999999999999999,437.52076500001016,1.167846585619237,0.9999999999999999
437.1845850000114,1.9771248587475638,0.9999999999999999,437.77553700001033,1.1787722156764753,0.9999999999999999
437.4295560000116,1.9842438316566922,0.9999999999999999,438.0099880000102,1.2178972658868115,0.9999999999999999
437.6759330000117,1.9653664092612901,0.9999999999999999,438.29097300001024,1.2832248434927456,0.9999999999999999
437.9358070000116,1.9287004892159303,0.9999999999999999,438.52494600001023,1.3611014833130484,0.9999999999999999
438.17674700001174,1.8865946602257369,0.9999999999999999,438.76001200001036,1.429016360413188,0.9999999999999999
438.42362300001156,1.8516635173718718,0.9999999999999999,439.0019650000104,1.4685676473800402,0.9999999999999999
438.6635700000114,1.8313214364444685,0.9999999999999999,439.2445540000104,1.474391005782954,0.9999999999999999
438.91906900001146,1.8249084454936477,0.9999999999999999,439.5014130000105,1.4523874466127655,0.9999999999999999
439.16339900001145,1.8232342407809612,0.9999999999999999,439.7404930000104,1.4135823475235545,0.9999999999999999
439.42044000001175,1.8129859671902189,0.9999999999999999,439.98544100001055,1.3700390428630331,0.9999999999999999
439.6833520000116,1.784248370066366,0.9999999999999999,440.23662600001046,1.3303224447075068,0.9999999999999999
439.9064530000116,1.7357988371273732,0.9999999999999999,440.4794370000104,1.2975327660718254,0.9999999999999999
440.15349700001167,1.6741979574932857,0.9999999999999999,440.7519580000104,1.2737688401886715,0.9999999999999999
440.3977910000117,1.6082367686326482,0.9999999999999999,440.97242400001073,1.2651614284982389,0.9999999999999999
440.6507040000116,1.5467229519674106,0.9999999999999999,441.2167060000108,1.282601872568273,0.9999999999999999
440.92449000001153,1.4964478339696445,0.9999999999999999,441.4783140000106,1.338788194594311,0.9999999999999999
441.14928100001146,1.4607664210884426,0.9999999999999999,441.73655200001053,1.4419468264832576,0.9999999999999999
441.39235200001133,1.4429079029277951,0.9999999999999999,441.9676600000105,1.588955947978078,0.9999999999999999
441.6428140000113,1.450606865775319,0.9999999999999999,442.22365300001076,1.7611337747869487,0.9999999999999999
441.8892640000114,1.5024569575698417,0.9999999999999999,442.4600070000109,1.928811660042674,0.9999999999999999
442.1303580000115,1.6259335796350667,0.9999999999999999,442.7163890000109,2.060379033086254,0.9999999999999999
442.38115400001135,1.8418397054418416,0.9999999999999999,442.97832000001114,2.137241402421844,0.9999999999999999
442.6357020000113,2.147197898347255,0.9999999999999999,443.20900200001097,2.1566810255589126,0.9999999999999999
442.87756600001154,2.506443277371723,0.9999999999999999,443.4644960000109,2.1304910947820286,0.9999999999999999
443.12964800001174,2.859914078492686,0.7874743326488706,443.69611300001094,2.0820996528374778,0.9999999999999999
443.36804800001164,3.1443262679398423,0.5407255304585901,443.9489080000109,2.039461488596836,0.9999999999999999
443.62346000001173,3.3146022008967364,0.37902121834360036,444.197947000011,2.027538189588851,0.9999999999999999
443.87325800001196,3.349972161515499,0.3514715947980835,444.4393800000111,2.062693459416754,0.9999999999999999
444.132063000012,3.2565772213483815,0.447296372347707,444.68482500001113,2.1491316891552392,0.9999999999999999
444.3581640000118,3.0719473599186085,0.605407255304586,444.9347830000112,2.276032181347817,0.9999999999999999
444.6111900000119,2.8558239667134817,0.7910677618069816,445.182181000011,2.4153621213180827,0.9999999999999999
444.860036000012,2.6570452682703483,0.9206878850102669,445.4312900000109,2.5263352687383493,0.9999999999999999
445.11118600001214,2.4973285760050974,0.9999999999999999,445.70726600001075,2.5720870119779025,0.9815195071868582
445.3534140000118,2.3791832685977146,0.9999999999999999,445.9296710000108,2.5363005970506833,0.9999999999999999
445.5944110000119,2.2938621793869114,0.9999999999999999,446.1739910000108,2.4275211692945766,0.9999999999999999
445.8459960000122,2.2282202642496136,0.9999999999999999,446.41949200001096,2.2712618571600283,0.9999999999999999
446.1010120000122,2.1694332361417925,0.9999999999999999,446.6629610000109,2.0985574319198625,0.9999999999999999
446.34593400001194,2.1104276655542824,0.9999999999999999,446.9158830000108,1.934538543538414,0.9999999999999999
446.5909400000118,2.0526454276386,0.9999999999999999,447.164444000011,1.7925645012610452,0.9999999999999999
446.8365720000118,2.002621571532861,0.9999999999999999,447.40930200001117,1.6731838819325453,0.9999999999999999
447.09412800001166,1.9691324760271642,0.9999999999999999,447.6607550000113,1.5682681961420157,0.9999999999999999
447.3440900000118,1.9601378383327361,0.9999999999999999,447.89928400001133,1.4670818794749871,0.9999999999999999
447.58318600001206,1.9801309945716707,0.9999999999999999,448.1487810000113,1.363757025892199,0.9999999999999999
447.82714900001224,2.0272198092577867,0.9999999999999999,448.41311700001125,1.25924947746497,0.9999999999999999
448.07495700001226,2.090714595045987,0.9999999999999999,448.6487230000112,1.1582642771028895,0.9999999999999999
448.3237870000123,2.150995735875691,0.9999999999999999,448.89416000001097,1.0662986960902723,0.9999999999999999
448.5673180000122,2.1927200548233956,0.9999999999999999,449.1432180000111,0.9909371150436643,0.9999999999999999
448.816797000012,2.2143468210871604,0.9999999999999999,449.38560300001103,0.9429906460501449,0.9999999999999999
449.06485800001195,2.2208390744980475,0.9999999999999999,449.62596800001114,0.9331703146893093,0.9999999999999999
449.32077600001185,2.216074041067761,0.9999999999999999,449.88393900001114,0.9652465534935688,0.9999999999999999
449.55961500001183,2.200916958636979,0.9999999999999999,450.1264900000113,1.0286055662659845,0.9999999999999999
449.80636800001156,2.1753524612252786,0.9999999999999999,450.36790400001144,1.1012456553204948,0.9999999999999999
450.06096000001145,2.1413674609336604,0.9999999999999999,450.6309500000117,1.1621996988353176,0.9999999999999999
450.3019730000114,2.1028177480603656,0.9999999999999999,450.8693510000115,1.1994972106715713,0.9999999999999999
450.5579240000113,2.064347014686406,0.9999999999999999,451.1208730000118,1.2117745236639677,0.9999999999999999
450.7939440000115,2.0303810745236595,0.9999999999999999,451.3647790000118,1.2057239710016392,0.9999999999999999
451.04154300001136,2.0044663563042957,0.9999999999999999,451.62168800001166,1.191354890182058,0.9999999999999999
451.28996500001125,1.9871982244955952,0.9999999999999999,451.85117400001144,1.1788307486894274,0.9999999999999999
451.5767390000112,1.9752246022387778,0.9999999999999999,452.0972910000113,1.175807110288607,0.9999999999999999
451.7966970000112,1.964752365888396,0.9999999999999999,452.3450330000115,1.1850172066039473,0.9999999999999999
452.0363210000115,1.9557426379287246,0.9999999999999999,452.58995500001123,1.203936798174071,0.9999999999999999
452.2766230000117,1.9510991898018613,0.9999999999999999,452.8450980000111,1.227031375373857,0.9999999999999999
452.5279330000116,1.9547321775717297,0.9999999999999999,453.0903960000113,1.2489132113304133,0.9999999999999999
452.7759500000118,1.9688817755409787,0.9999999999999999,453.35599100001133,1.2682119481237124,0.9999999999999999
453.02617800001195,1.9915491554505014,0.9999999999999999,453.5976640000111,1.2880618591128106,0.9999999999999999
453.26680000001187,2.0164565849334983,0.9999999999999999,453.83667900001126,1.3144330110295337,0.9999999999999999
453.5174550000118,2.0332059386265424,0.9999999999999999,454.0911570000114,1.3573515559455234,0.9999999999999999
453.765019000012,2.0276661068367376,0.9999999999999999,454.3291550000116,1.4308860500830516,0.9999999999999999
454.0189780000118,1.9958146983980463,0.9999999999999999,454.5830530000116,1.5558222733519103,0.9999999999999999
454.2598670000121,1.9485404434132245,0.9999999999999999,454.83055800001154,1.7566915292614125,0.9999999999999999
454.5083850000121,1.9021249757882712,0.9999999999999999,455.0674070000111,2.042050302631672,0.9999999999999999
454.7553300000121,1.8700121088952304,0.9999999999999999,455.32855200001114,2.3917976106404506,0.9999999999999999
455.0112030000123,1.8580821851370966,0.9999999999999999,455.5813480000113,2.7570680692072327,0.8644763860369609
455.24834900001207,1.8653935424013062,0.9999999999999999,455.8315000000115,3.078371358494053,0.5970225872689938
455.5153050000119,1.887916853548882,0.9999999999999999,456.0864970000115,3.3037834957818664,0.39099931553730327
455.7425410000119,1.9198135689298024,0.9999999999999999,456.31235800001156,3.400203835004077,0.30116358658453113
455.9864960000119,1.9541332629038815,0.9999999999999999,456.55648300001167,3.359496135052662,0.34069130732375086
456.27862400001175,1.980728125574389,0.9999999999999999,456.88832400001166,3.201198400065351,0.49760438056125944
456.48566500001186,1.9854982196044881,0.9999999999999999,457.0829610000118,2.9672093479153516,0.6820670773442847
456.7330560000119,1.9563542912236225,0.9999999999999999,457.4113360000116,2.7090512024723696,0.8891170431211498
456.98497200001185,1.8911835553394325,0.9999999999999999,457.57823300001183,2.4727712230354397,0.9999999999999999
457.2250940000118,1.7991684968069428,0.9999999999999999,457.8012700000117,2.2841690643698342,0.9999999999999999
457.4750640000117,1.6939752876182368,0.9999999999999999,458.0389880000115,2.143841579336825,0.9999999999999999
457.7295990000119,1.5895184570742757,0.9999999999999999,458.2846700000112,2.035631405283914,0.9999999999999999
457.9690500000118,1.5006721936892378,0.9999999999999999,458.5479490000113,1.9431286500936076,0.9999999999999999
458.2395890000119,1.4411757484887562,0.9999999999999999,458.81629400001134,1.8602020941381023,0.9999999999999999
458.46357900001203,1.42221213306154,0.9999999999999999,459.10169100001133,1.789564017595835,0.9999999999999999
458.7198450000122,1.4532489670508564,0.9999999999999999,459.365682000011,1.7381407851184978,0.9999999999999999
458.95907700001226,1.538022564381036,0.9999999999999999,459.54904600001106,1.712182279341414,0.9999999999999999
459.2111870000123,1.6658200958554652,0.9999999999999999,459.77998400001104,1.7126772946908893,0.9999999999999999
459.4730400000124,1.8030138713259882,0.9999999999999999,460.03707800001104,1.730648435224251,0.9999999999999999
459.69663100001236,1.9045353207667812,0.9999999999999999,460.2770430000111,1.7495584983673251,0.9999999999999999
459.9454450000122,1.9474052223660654,0.9999999999999999,460.56343500001094,1.7564229054448564,0.9999999999999999
460.21312300001216,1.9429571731667967,0.9999999999999999,460.7769730000112,1.7509455888960908,0.9999999999999999
460.4383870000122,1.9203668301777541,0.9999999999999999,461.0157210000111,1.7413567601871422,0.9999999999999999
460.69759900001213,1.9035610993797314,0.9999999999999999,461.2834340000111,1.7395036621855176,0.9999999999999999
460.9339750000123,1.903171560102384,0.9999999999999999,461.523733000011,1.755428444716947,0.9999999999999999
461.1844200000123,1.9167701942970803,0.9999999999999999,461.78456600001107,1.7931262717569367,0.9999999999999999
461.4358300000124,1.9362970189091404,0.9999999999999999,462.02898200001124,1.845385950690345,0.9999999999999999
461.6766740000124,1.9560110476154529,0.9999999999999999,462.24548300001135,1.8913360320201515,0.9999999999999999
461.9280660000122,1.9783483593953206,0.9999999999999999,462.6243540000112,1.9050773209024408,0.9999999999999999
462.1708510000121,2.0133024874628176,0.9999999999999999,462.83383000001123,1.869334183038798,0.9999999999999999
462.4258720000122,2.071062267377409,0.9999999999999999,463.13669300001135,1.787537552858338,0.9999999999999999
462.69435300001214,2.150002146155491,0.9999999999999999,463.3673450000115,1.6823397517299712,0.9999999999999999
462.91375900001225,2.2339074504651992,0.9999999999999999,463.6526820000119,1.5825325339400749,0.9999999999999999
463.1658440000123,2.301910434158219,0.9999999999999999,463.89926600001206,1.5103665192902256,0.9999999999999999
463.4103310000122,2.343425007743079,0.9999999999999999,464.04063300001206,1.47533312333078,0.9999999999999999
463.6774930000123,2.366538111188987,0.9999999999999999,464.22727700001207,1.4746686268396876,0.9999999999999999
463.93384800001223,2.395897598769136,0.9999999999999999,464.4871580000118,1.4976530991456936,0.9999999999999999
464.1683280000123,2.4659833784335183,0.9999999999999999,464.7305440000116,1.5307173514093113,0.9999999999999999
464.4038020000123,2.601401190795478,0.9584188911704311,464.9735280000115,1.561636265038224,0.9999999999999999
464.65216900001235,2.7942479472650836,0.8377823408624231,465.22046200001165,1.5848066111632468,0.9999999999999999
464.89530900001256,2.9970861866680885,0.6617043121149897,465.471316000012,1.605351141272544,0.9999999999999999
465.1509000000125,3.1462230999606464,0.5407255304585901,465.7328010000117,1.6385271327177258,0.9999999999999999
465.3932920000124,3.200767550834575,0.49760438056125944,465.96358000001163,1.70190449607158,0.9999999999999999
465.63683500001235,3.1648448872702803,0.5287474332648869,466.2146770000116,1.8042011167121612,0.9999999999999999
465.88994500001223,3.07366790253951,0.6018138261464749,466.4767720000118,1.936774344399736,0.9999999999999999
466.141228000012,2.970210334251972,0.6808692676249145,466.71107700001215,2.0734056297635863,0.9999999999999999
466.38571500001206,2.889058546760391,0.7563312799452431,466.98633600001216,2.1768322569906218,0.9999999999999999
466.636803000012,2.851525640858607,0.7946611909650926,467.22534400001206,2.210877730589919,0.9999999999999999
466.878761000012,2.8592300037630856,0.788672142368241,467.4407920000119,2.157155338879297,0.9999999999999999
467.1437920000123,2.89647389234881,0.7503422313483915,467.6978340000119,2.0274193791039226,0.9999999999999999
467.37660400001226,2.9412574208728675,0.7072210814510609,467.9466050000118,1.8574098770482483,0.9999999999999999
467.6183620000124,2.9778884028945933,0.678473648186174,468.2085630000119,1.6869124902374322,0.9999999999999999
467.86731900001234,3.0022447887828356,0.6569130732375086,468.42914300001183,1.5443236754562968,0.9999999999999999
468.11918200001276,3.0185127211748837,0.6473305954825462,468.680325000012,1.4429058645729969,0.9999999999999999
468.36512200001255,3.036085831708762,0.6353524982888433,468.9453120000121,1.3836805226435847,0.9999999999999999
468.6167160000125,3.0687431307518223,0.6113963039014374,469.20127700001217,1.361550275710521,0.9999999999999999
468.8601160000125,3.122222669171589,0.5622861054072553,469.43335900001216,1.371206239040562,0.9999999999999999
469.1094810000124,3.1848317802095876,0.5059890485968516,469.6937430000123,1.4113907136334518,0.9999999999999999
469.3593410000125,3.2295251660982833,0.4760438056125942,469.91704400001225,1.4835680153042698,0.9999999999999999
469.5998150000122,3.2285604034909055,0.4772416153319644,470.1748420000122,1.5879919599651424,0.9999999999999999
469.84528700001226,3.165945539447017,0.5287474332648869,470.4103070000122,1.719381876373511,0.9999999999999999
470.09575600001216,3.040203360172998,0.6329568788501028,470.66784900001215,1.865386201964851,0.9999999999999999
470.3516790000122,2.8639494030692916,0.7862765229295005,470.92025600001205,2.006146447746892,0.9999999999999999
470.5901070000123,2.661631309998698,0.9199178644763859,471.18735100001203,2.1166192977853386,0.9999999999999999
470.8441620000123,2.4675294955210463,0.9999999999999999,471.48594800001206,2.1730063759364113,0.9999999999999999
471.0885380000124,2.3180110202662387,0.9999999999999999,471.66811700001205,2.161538412074517,0.9999999999999999
471.33273100001236,2.2385938085954225,0.9999999999999999,471.926519000012,2.0836899967875517,0.9999999999999999
471.6065310000121,2.237795963546151,0.9999999999999999,472.1471620000119,1.9554229265565874,0.9999999999999999
471.8320090000121,2.3084521299830305,0.9999999999999999,472.4085630000119,1.8003062979056148,0.9999999999999999
472.0755540000123,2.4340039176544526,0.9999999999999999,472.686455000012,1.6417695729649462,0.9999999999999999
472.32052900001224,2.588708069511459,0.9707392197125256,472.903406000012,1.4983179923581058,0.9999999999999999
472.56955000001204,2.734061671463858,0.8737166324435318,473.1453450000119,1.3822678256542382,0.9999999999999999
472.8170180000121,2.8236857645787383,0.8198151950718685,473.41764000001194,1.3026466319508252,0.9999999999999999
473.0638420000122,2.8234492446949355,0.8198151950718685,473.63528900001194,1.2664323901510408,0.9999999999999999
473.3099390000121,2.732399071834093,0.8752566735112935,473.923616000012,1.2764995849605525,0.9999999999999999
473.5713750000122,2.577921743667513,0.9768993839835729,474.1635800000119,1.3306511218171742,0.9999999999999999
473.8125000000123,2.3962888028627694,0.9999999999999999,474.377175000012,1.4194077322381766,0.9999999999999999
474.06453200001226,2.217013167947845,0.9999999999999999,474.6226440000122,1.5246497136589479,0.9999999999999999
474.3048540000123,2.0576537165198174,0.9999999999999999,474.87575000001226,1.6244192445885193,0.9999999999999999
474.55384200001237,1.9272478199265777,0.9999999999999999,475.12467300001225,1.705801797955992,0.9999999999999999
474.8103340000121,1.8257181795055808,0.9999999999999999,475.46202100001227,1.7792020175196526,0.9999999999999999
475.04597400001194,1.7439007630954038,0.9999999999999999,475.62056600001233,1.8803110664637253,0.9999999999999999
475.29676500001204,1.670403361631353,0.9999999999999999,475.88947300001223,2.049839418868402,0.9999999999999999
475.546754000012,1.5997246372913099,0.9999999999999999,476.1050550000124,2.311490105627346,0.9999999999999999
475.789786000012,1.5381700193277248,0.9999999999999999,476.3865300000124,2.657091557250955,0.9206878850102669
476.03617300001173,1.5023587890708225,0.9999999999999999,476.6934690000124,3.0441530736697717,0.6293634496919918
476.28283800001157,1.510992783760986,0.9999999999999999,476.91737700001227,3.4055255336143246,0.2951745379876797
476.52889500001163,1.5804056724786084,0.9999999999999999,477.21037500001233,3.669265823876591,0.1070328542094456
476.7884090000113,1.7215590004702384,0.9999999999999999,477.43857900001234,3.7885191632000588,0.043891170431211456
477.03336600001137,1.9362069501300558,0.9999999999999999,477.72253400001233,3.752769060030883,0.05929158110882959
477.2757380000115,2.205648458051945,0.9999999999999999,478.0075080000125,3.5878348436303047,0.13937371663244347
477.52638000001133,2.488043089730267,0.9999999999999999,478.1734710000126,3.3426018361514207,0.357460643394935
477.7778630000116,2.7289548578747334,0.879876796714579,478.50968300001267,3.06732446323719,0.6113963039014374
478.0358530000114,2.883428906893484,0.7587268993839836,478.8180610000127,2.799726155320765,0.8365845311430528
478.2658670000112,2.9310636052756216,0.715605749486653,478.997301000013,2.557020564577759,0.9946098562628336
478.51772000001097,2.8791718973863603,0.7623203285420946,479.23764600001317,2.340755984125548,0.9999999999999999
478.76110100001074,2.756533043954437,0.8652464065708418,479.45420400001314,2.150101311201912,0.9999999999999999
479.01565500001044,2.6048293466048977,0.9553388090349075,479.6725460000133,1.9850557817980208,0.9999999999999999
479.28098700001027,2.4684691866144046,0.9999999999999999,479.9081510000134,1.8475185008111497,0.9999999999999999
479.5021390000104,2.379082641358351,0.9999999999999999,480.1240440000134,1.7383827792140363,0.9999999999999999
479.75555300001037,2.3377454512364095,0.9999999999999999,480.32838000001334,1.6554222156289573,0.9999999999999999
480.0161570000103,2.3168003653359177,0.9999999999999999,480.5830780000132,1.5939206865439102,0.9999999999999999
480.2650770000104,2.283908582847234,0.9999999999999999,480.8409550000128,1.548555266771334,0.9999999999999999
480.4960840000102,2.220883765078526,0.9999999999999999,481.1034660000127,1.5142369006723895,0.9999999999999999
480.7428660000103,2.123078677218089,0.9999999999999999,481.3541160000125,1.4858300550773633,0.9999999999999999
480.98259000001036,1.9939703539908722,0.9999999999999999,481.55843500001276,1.4582249607625364,0.9999999999999999
481.2315030000103,1.8429788515440553,0.9999999999999999,481.80877200001277,1.4280453289186392,0.9999999999999999
481.4829880000105,1.686461861333629,0.9999999999999999,482.05272400001274,1.403682173133773,0.9999999999999999
481.72798300001057,1.546115778605057,0.9999999999999999,482.3526800000129,1.412101507291477,0.9999999999999999
481.9748260000105,1.4442933102452882,0.9999999999999999,482.56631700001316,1.472584916583711,0.9999999999999999
482.22180200001026,1.3973847526338705,0.9999999999999999,482.8036160000132,1.5768650642802091,0.9999999999999999
482.4826360000102,1.4083801062321128,0.9999999999999999,483.06518300001306,1.7073003759914518,0.9999999999999999
482.7152130000101,1.4646492690216737,0.9999999999999999,483.3004020000132,1.8512241475586177,0.9999999999999999
482.96875000001035,1.545565603889162,0.9999999999999999,483.56832300001327,1.9999610129319942,0.9999999999999999
483.21349900001036,1.6334743557498999,0.9999999999999999,483.7798520000133,2.1467907357584846,0.9999999999999999
483.4534900000105,1.7184487075601207,0.9999999999999999,484.04891100001345,2.284155457109038,0.9999999999999999
483.7055810000104,1.7989556919643728,0.9999999999999999,484.3152770000135,2.4009903061370155,0.9999999999999999
483.9564960000105,1.8761011096567946,0.9999999999999999,484.5371520000135,2.4821425480793913,0.9999999999999999
484.2015930000105,1.9504652268935156,0.9999999999999999,484.77160100001356,2.5139605262551377,0.9999999999999999
484.44843800001064,2.023604405966648,0.9999999999999999,485.03015700001373,2.4919228072026325,0.9999999999999999
484.6959990000103,2.100544267016491,0.9999999999999999,485.2721960000139,2.4279250025927093,0.9999999999999999
484.94840900001066,2.186353594695472,0.9999999999999999,485.51253800001405,2.3459710111945298,0.9999999999999999
485.2024670000108,2.27914807168749,0.9999999999999999,485.7800860000142,2.270666168077361,0.9999999999999999
485.4386810000108,2.366519577540039,0.9999999999999999,486.0100540000141,2.217805957538486,0.9999999999999999
485.6920870000106,2.425715729622776,0.9999999999999999,486.2536620000143,2.1910531996189606,0.9999999999999999
485.9332070000107,2.434244963892745,0.9999999999999999,486.4915560000144,2.1855594215111527,0.9999999999999999
486.17647100001074,2.3845028574527114,0.9999999999999999,486.7715590000147,2.192901101451879,0.9999999999999999
486.43151400001074,2.292782584981519,0.9999999999999999,487.0103750000147,2.2114352688878984,0.9999999999999999
486.67641700001104,2.196566434525635,0.9999999999999999,487.26953200001464,2.2557886319365164,0.9999999999999999
486.95191400001113,2.140878314356812,0.9999999999999999,487.49108700001455,2.3556013471122856,0.9999999999999999
487.17032400001114,2.1568691471900303,0.9999999999999999,487.74077400001477,2.5363121778664426,0.9999999999999999
487.41721400001126,2.2418143355740705,0.9999999999999999,487.9792090000148,2.789482511294697,0.8389801505817933
487.6802920000113,2.357176398619028,0.9999999999999999,488.24912600001494,3.0709403172758503,0.6066050650239562
487.91349200001133,2.4523529419727046,0.9999999999999999,488.474779000015,3.324936647884389,0.3742299794661191
488.1594470000114,2.489280111945403,0.9999999999999999,488.7561640000149,3.5069434664944303,0.19815195071868588
488.4058730000113,2.456068302089382,0.9999999999999999,488.96975700001514,3.589772137739871,0.13860369609856257
488.66636600001146,2.366950459629277,0.9999999999999999,489.2337340000154,3.5652942846312707,0.14938398357289526
488.91491100001144,2.2588424395672693,0.9999999999999999,489.46394800001525,3.4430110573265944,0.2568446269678302
489.1582600000113,2.1791405887637167,0.9999999999999999,489.72774800001525,3.251260811093773,0.4508898015058179
489.3998750000113,2.1678589137057713,0.9999999999999999,489.98079400001524,3.0287188350210124,0.6401437371663244
489.6579200000113,2.2432626886109728,0.9999999999999999,490.2089240000153,2.810851780608223,0.8281998631074606
489.88978800001115,2.397601887906475,0.9999999999999999,490.4545250000153,2.62144638889518,0.9468685831622176
490.15307400001103,2.6000028531135686,0.9607289527720738,490.7045160000153,2.4742260825044857,0.9999999999999999
490.3976950000109,2.805966414119008,0.832991101984942,490.9520520000154,2.3780206796527255,0.9999999999999999
490.6355710000109,2.97326630011527,0.6808692676249145,491.2370400000153,2.336935560226685,0.9999999999999999
490.8879790000109,3.080728946844025,0.5958247775496236,491.4569780000153,2.34388129971838,0.9999999999999999
491.134885000011,3.129628451238503,0.5562970568104038,491.6929810000152,2.377075312423365,0.9999999999999999
491.3741400000112,3.135716121189214,0.5515058179329226,491.940228000015,2.4089777127906276,0.9999999999999999
491.6213240000113,3.120447326723827,0.5622861054072553,492.18969700001503,2.421130844827785,0.9999999999999999
491.8682740000114,3.102545305814226,0.5754620123203286,492.44163200001486,2.4096874651079503,0.9999999999999999
492.11929200001146,3.089300326777273,0.5862422997946611,492.6851350000149,2.38009021898848,0.9999999999999999
492.3747170000116,3.0721129078024223,0.6042094455852156,492.93109800001486,2.3358847860013836,0.9999999999999999
492.61206500001157,3.0326137389846606,0.6353524982888433,493.18606200001494,2.2742959055919685,0.9999999999999999
492.86082700001145,2.9525186300200774,0.6952429842573581,493.43594800001495,2.1885525000574337,0.9999999999999999
493.10382900001144,2.82264553892431,0.8198151950718685,493.70091400001485,2.0754395675694375,0.9999999999999999
493.35331100001144,2.648442579732668,0.9253080082135523,493.9378360000149,1.9384171545100775,0.9999999999999999
493.6027710000115,2.447052291226424,0.9999999999999999,494.177187000015,1.7881450455602375,0.9999999999999999
493.8491980000115,2.239633625774288,0.9999999999999999,494.433139000015,1.6399636749309547,0.9999999999999999
494.1119270000112,2.0447823899940274,0.9999999999999999,494.66755700001494,1.5096114750029972,0.9999999999999999
494.34400000001114,1.8757310350718226,0.9999999999999999,494.92353000001486,1.4141067970916932,0.9999999999999999
494.6143280000111,1.739106729265076,0.9999999999999999,495.1825850000149,1.375302059151292,0.9999999999999999
494.847369000011,1.6447446972520765,0.9999999999999999,495.43705300001477,1.4124634083345584,0.9999999999999999
495.08735600001125,1.6147351473742926,0.9999999999999999,495.6530120000149,1.534344471234093,0.9999999999999999
495.34661400001124,1.6748249713287078,0.9999999999999999,495.8979460000147,1.738913882104033,0.9999999999999999
495.58171600001134,1.837729607241262,0.9999999999999999,496.1534410000147,2.013179924146083,0.9999999999999999
495.82589900001125,2.0881180985868015,0.9999999999999999,496.4337850000148,2.330123271440067,0.9999999999999999
496.08180700001105,2.3784498113774153,0.9999999999999999,496.69095600001464,2.647029158950473,0.9253080082135523
496.33084900001097,2.6413017757695174,0.9322381930184804,496.9893240000148,2.9052705830432273,0.7383641341546887
496.5803860000111,2.8118033417329302,0.8258042436687201,497.2412010000148,3.043517444499577,0.6317590691307323
496.8262960000111,2.851781840863401,0.7946611909650926,497.4307830000147,3.023182371393234,0.6461327857631759
497.06962800001105,2.7618165569602033,0.8613963039014373,497.66265600001486,2.8515423310413013,0.7946611909650926
497.315607000011,2.5760153147004274,0.9799794661190964,497.8822960000147,2.580684068468066,0.975359342915811
497.56339500001127,2.3456411844730916,0.9999999999999999,498.1228880000146,2.2785082847106883,0.9999999999999999
497.82786400001123,2.123229375479017,0.9999999999999999,498.3964240000145,2.000182366905607,0.9999999999999999
498.05533400001144,1.9459763066999913,0.9999999999999999,498.61814400001447,1.7767297646899358,0.9999999999999999
498.30040700001143,1.8269916934193966,0.9999999999999999,498.8946440000144,1.6171888175142293,0.9999999999999999
498.5513270000114,1.7639760742013002,0.9999999999999999,499.1928130000145,1.5201931412560645,0.9999999999999999
498.8007210000114,1.7505295233643863,0.9999999999999999,499.3877010000146,1.4767406395914158,0.9999999999999999
499.0399600000115,1.7821669288945994,0.9999999999999999,499.6264860000146,1.474610484163066,0.9999999999999999
499.2928400000115,1.8585588244186968,0.9999999999999999,499.8583780000146,1.5013903340570645,0.9999999999999999
499.5324480000117,1.98387739573206,0.9999999999999999,500.1397570000148,1.5471689991029385,0.9999999999999999
499.78034100001184,2.1614640955653597,0.9999999999999999,500.44831600001504,1.604657163003958,0.9999999999999999
500.03239200001184,2.384622952978486,0.9999999999999999,500.67058800001513,1.6680668116482964,0.9999999999999999
500.2806200000118,2.6305371544369662,0.943788501026694,500.92040300001526,1.7295298692306713,0.9999999999999999
500.52770400001174,2.8624342203084083,0.7862765229295005,501.13442000001515,1.7800452689371236,0.9999999999999999
500.8076890000118,3.0389646098809013,0.6353524982888433,501.363254000015,1.809494966392356,0.9999999999999999
501.0236960000117,3.1227028860676858,0.5622861054072553,501.61230300001495,1.8077104339757188,0.9999999999999999
501.2650810000117,3.095547990809195,0.5802532511978097,501.8388340000151,1.7692088331596636,0.9999999999999999
501.51763500001164,2.9655621624857007,0.6832648870636551,502.1131200000152,1.6973017402661528,0.9999999999999999
501.7683000000117,2.7613824217821854,0.8613963039014373,502.36114600001497,1.605960939312858,0.9999999999999999
502.01327100001197,2.5210155462650388,0.9999999999999999,502.60612200001515,1.5135349188290874,0.9999999999999999
502.25675900001187,2.2805922078942857,0.9999999999999999,502.8341680000153,1.43440061653628,0.9999999999999999
502.50815800001186,2.066945561494027,0.9999999999999999,503.08010800001546,1.3776295261745863,0.9999999999999999
502.7536590000118,1.8954937597251649,0.9999999999999999,503.32684800001533,1.3471851728153925,0.9999999999999999
503.01558500001215,1.7713029510338472,0.9999999999999999,503.637735000015,1.342329027567369,0.9999999999999999
503.24994600001224,1.6903833762699425,0.9999999999999999,503.8505030000153,1.3550623670748208,0.9999999999999999
503.5054470000122,1.6431931850190589,0.9999999999999999,504.07211000001547,1.3724653799129956,0.9999999999999999
503.7447150000123,1.6203684542987722,0.9999999999999999,504.3245080000154,1.3828864947997443,0.9999999999999999
503.9866240000122,1.6151802000341018,0.9999999999999999,504.56246700001526,1.3819144940760517,0.9999999999999999
504.24318400001226,1.622800177794135,0.9999999999999999,504.81000900001544,1.3743484101753995,0.9999999999999999
504.4831790000123,1.639652517081374,0.9999999999999999,505.0858250000155,1.370517310395972,0.9999999999999999
504.7381830000124,1.6629551069305872,0.9999999999999999,505.35742500001544,1.3791742016374893,0.9999999999999999
504.98103200001236,1.6892699345468671,0.9999999999999999,505.5709170000155,1.4035975326595196,0.9999999999999999
505.2316780000126,1.7148499710288827,0.9999999999999999,505.87791500001543,1.4391328222060533,0.9999999999999999
505.49841200001254,1.7368620489517528,0.9999999999999999,506.1778480000156,1.4744751257967743,0.9999999999999999
505.72750800001256,1.7549743865080931,0.9999999999999999,506.45895800001534,1.497870030280853,0.9999999999999999
505.9690400000126,1.770154116187033,0.9999999999999999,506.7165550000154,1.5045554364839289,0.9999999999999999
506.2255970000126,1.784251284047424,0.9999999999999999,506.87371800001563,1.497961116886735,0.9999999999999999
506.4686840000126,1.7982836504593076,0.9999999999999999,507.10871400001565,1.481127748548789,0.9999999999999999
506.7131170000123,1.8117462764584413,0.9999999999999999,507.43064000001556,1.4503176206825024,0.9999999999999999
506.96649900001233,1.8228365440266168,0.9999999999999999,507.6161560000155,1.4004227067027963,0.9999999999999999
507.2138580000122,1.8292239915745934,0.9999999999999999,507.8662340000155,1.3319590827810521,0.9999999999999999
507.4658530000122,1.8286362872245618,0.9999999999999999,508.0552590000154,1.2511532788654633,0.9999999999999999
507.70529800001214,1.8185617441875026,0.9999999999999999,508.28681400001517,1.1676352007505602,0.9999999999999999
507.94684700001204,1.798139896289027,0.9999999999999999,508.6128230000152,1.0917445910603687,0.9999999999999999
508.1968050000122,1.7693540155888603,0.9999999999999999,508.84179400001534,1.032391701354755,0.9999999999999999
508.4452300000123,1.7370424864644811,0.9999999999999999,509.0677400000154,0.9961517824279653,0.9999999999999999
508.7127990000122,1.7060447465079598,0.9999999999999999,509.3797850000152,0.9859979680051406,0.9999999999999999
508.9448460000125,1.6788903405912896,0.9999999999999999,509.6222780000153,0.9993992587145757,0.9999999999999999
509.18284300001244,1.6583128077390636,0.9999999999999999,509.8614290000153,1.0258919446122972,0.9999999999999999
509.4302370000122,1.6485291258731067,0.9999999999999999,510.07545700001526,1.0502960726291373,0.9999999999999999
509.68420500001247,1.6531596333173815,0.9999999999999999,510.3197240000151,1.0604086948372127,0.9999999999999999
509.9276820000124,1.6754747173433588,0.9999999999999999,510.5363430000151,1.0548196510768109,0.9999999999999999
510.1736030000121,1.7163150043385833,0.9999999999999999,510.77066300001496,1.0425627683682215,0.9999999999999999
510.42242200001215,1.7682704323329983,0.9999999999999999,511.04875100001505,1.0373001652722005,0.9999999999999999
510.67271400001204,1.8122031517043113,0.9999999999999999,511.3123000000152,1.051097505479768,0.9999999999999999
510.91504500001173,1.8231376351689277,0.9999999999999999,511.54535600001543,1.0883673209611964,0.9999999999999999
511.16662000001185,1.7814677180810894,0.9999999999999999,511.8132310000156,1.1414014648325401,0.9999999999999999
511.41754300001185,1.6875645520710074,0.9999999999999999,512.0986330000155,1.1939426583809014,0.9999999999999999
511.6625560000118,1.561872865578127,0.9999999999999999,512.3775970000155,1.2311007518621562,0.9999999999999999
511.92498200001194,1.43651173212141,0.9999999999999999,512.6175090000155,1.246601303395983,0.9999999999999999
512.1706450000121,1.3405739564061743,0.9999999999999999,512.8264420000156,1.2446310978640875,0.9999999999999999
512.407976000012,1.2951262841825633,0.9999999999999999,513.1138550000157,1.2371009087488858,0.9999999999999999
512.6524230000119,1.3251295574304558,0.9999999999999999,513.3394940000157,1.2414536362839572,0.9999999999999999
512.9034100000117,1.454433326359598,0.9999999999999999,513.6194540000158,1.2781744180208405,0.9999999999999999
513.1589860000116,1.687383149619412,0.9999999999999999,513.8189710000162,1.3625323672983425,0.9999999999999999
513.3928630000116,2.0008132021842187,0.9999999999999999,514.0634700000164,1.4971286611582513,0.9999999999999999
513.6403730000117,2.35149059569651,0.9999999999999999,514.3073680000164,1.6718501047690615,0.9999999999999999
513.8893290000115,2.6911719771771163,0.9022073921971252,514.5073340000164,1.8697023731347688,0.9999999999999999
514.1381950000117,2.97478323088669,0.6796714579055442,514.724242000016,2.0725550266476307,0.9999999999999999
514.3867050000116,3.162500656017155,0.5311430527036277,514.957948000016,2.2597899002601265,0.9999999999999999
514.6426280000118,3.226233407038581,0.47843942505133474,515.212179000016,2.4049232230868496,0.9999999999999999
514.887586000012,3.1607084478459333,0.5335386721423683,515.4588150000161,2.4773589535404485,0.9999999999999999
515.1418730000119,2.9917518109504555,0.6652977412731007,515.7546820000161,2.456133863761859,0.9999999999999999
515.3697160000121,2.7673871167712876,0.8567761806981519,515.9807080000163,2.3483536575907777,0.9999999999999999
515.619135000012,2.5349648364772626,0.9999999999999999,516.2360360000164,2.186455863449017,0.9999999999999999
515.8678830000121,2.318373662954076,0.9999999999999999,516.5545830000164,2.008563269039103,0.9999999999999999
516.1190600000122,2.119352762667009,0.9999999999999999,516.9379210000166,1.8450313002266914,0.9999999999999999
516.3649770000122,1.9336624044890778,0.9999999999999999,517.1574940000166,1.7124882322841823,0.9999999999999999
516.6101750000124,1.759007185313533,0.9999999999999999,517.4430340000171,1.6156838465483288,0.9999999999999999
516.8520790000123,1.5961624214158665,0.9999999999999999,517.6350920000176,1.5524912379040505,0.9999999999999999
517.1051790000122,1.447975828336547,0.9999999999999999,517.9120550000177,1.5128414006756457,0.9999999999999999
517.359478000012,1.317860859656512,0.9999999999999999,518.1553270000182,1.442660934428433,0.9999999999999999
517.6284410000121,1.2089076589149084,0.9999999999999999,518.3350470000186,1.3163704993226766,0.9999999999999999
517.8560280000121,1.1245044205672248,0.9999999999999999,518.5712430000186,1.1735152052710087,0.9999999999999999
518.0892430000122,1.0701156934506773,0.9999999999999999,518.8257580000186,1.039814593422916,0.9999999999999999
518.3442030000122,1.0536058092952603,0.9999999999999999,519.1023040000188,0.9237166757564639,0.9999999999999999
518.596728000012,1.0817061589022365,0.9999999999999999,519.294668000019,0.8263300435028728,0.9999999999999999
518.8458180000121,1.1554481847722484,0.9999999999999999,519.5427030000191,0.7462445899829426,0.9999999999999999
519.0817520000118,1.2656378421978949,0.9999999999999999,519.734639000019,0.6813525602276685,0.9999999999999999
519.3291570000118,1.3911915557514825,0.9999999999999999,520.0528790000191,0.6299168268418787,0.9999999999999999
519.5782560000122,1.5025514694330566,0.9999999999999999,520.2668340000191,0.5910379067071355,0.9999999999999999
519.8310000000121,1.5721570219515533,0.9999999999999999,520.5460450000189,0.5651814437845539,0.9999999999999999
520.0716200000124,1.5884068652611603,0.9999999999999999,520.8035290000187,0.5562068017360539,0.9999999999999999
520.3181510000123,1.562413526745459,0.9999999999999999,521.008880000019,0.5744760147530373,0.9999999999999999
520.5785820000125,1.5208833550132177,0.9999999999999999,521.2212500000189,0.6284285626204775,0.9999999999999999
520.8305530000123,1.4932975829239405,0.9999999999999999,521.4936950000189,0.6992772461843001,0.9999999999999999
521.0640040000121,1.50180669595836,0.9999999999999999,521.6992210000188,0.7628538619239458,0.9999999999999999
521.313138000012,1.5553499637588548,0.9999999999999999,521.996725000019,0.8092575191449194,0.9999999999999999
521.560998000012,1.6473373455548508,0.9999999999999999,522.220275000019,0.8421670390695618,0.9999999999999999
521.8049450000123,1.7596844402644123,0.9999999999999999,522.4695360000193,0.8699952962276113,0.9999999999999999
522.0540190000123,1.8674410439618303,0.9999999999999999,522.7420890000191,0.8984492522424793,0.9999999999999999
522.303287000012,1.9432543479418616,0.9999999999999999,523.0190460000189,0.9285093185918403,0.9999999999999999
522.5537800000121,1.966549644780118,0.9999999999999999,523.323980000019,0.9589157336675467,0.9999999999999999
522.7960780000122,1.9345787127423995,0.9999999999999999,523.5739830000194,0.9890472969588953,0.9999999999999999
523.0454130000123,1.8628057698419616,0.9999999999999999,523.7544470000201,1.0188334640953434,0.9999999999999999
523.2946040000123,1.7726850631047766,0.9999999999999999,524.0455140000201,1.0471657191525514,0.9999999999999999
523.5479200000124,1.6831707256499475,0.9999999999999999,524.2599320000205,1.0722044078224398,0.9999999999999999
523.7859870000124,1.6083907182050412,0.9999999999999999,524.5035140000207,1.0915487911006267,0.9999999999999999
524.0538860000123,1.5560394900432555,0.9999999999999999,524.7627060000209,1.1043811213110333,0.9999999999999999
524.2908370000123,1.527855228148731,0.9999999999999999,525.0031440000212,1.1127660407687738,0.9999999999999999
524.5364370000125,1.522817949591173,0.9999999999999999,525.2699970000214,1.1219045115328776,0.9999999999999999
524.7833650000125,1.5389626127389724,0.9999999999999999,525.4779620000211,1.1415587565402614,0.9999999999999999
525.0233140000123,1.5729453431927265,0.9999999999999999,525.7500560000216,1.1848471441606976,0.9999999999999999
525.2763700000123,1.6211939748646413,0.9999999999999999,526.044364000022,1.2634444973504886,0.9999999999999999
525.5249750000124,1.6783135715114532,0.9999999999999999,526.2524390000218,1.3793300891437288,0.9999999999999999
525.7715670000124,1.7354925791494287,0.9999999999999999,526.5765050000218,1.5173242404423082,0.9999999999999999
526.0204030000127,1.7800427219183113,0.9999999999999999,526.8019580000216,1.64431094616392,0.9999999999999999
526.2735790000127,1.8001234747204042,0.9999999999999999,527.1385280000217,1.722803174130162,0.9999999999999999
526.5138840000136,1.7900292119172887,0.9999999999999999,527.3712770000219,1.7336812933233279,0.9999999999999999
526.7588360000135,1.7552885623252572,0.9999999999999999,527.5692170000218,1.7408871545613362,0.9999999999999999
527.0053820000136,1.708856682226409,0.9999999999999999,527.823201000022,1.8741869116883196,0.9999999999999999
527.2597580000139,1.665072820331587,0.9999999999999999,528.0381430000218,1.9998697041449804,0.9999999999999999
527.5026450000142,1.6375147299223494,0.9999999999999999,528.2709020000215,2.063786751705951,0.9999999999999999
527.7539880000145,1.6369391232259543,0.9999999999999999,528.5426360000213,2.0745455277722287,0.9999999999999999
527.996070000014,1.672286982330425,0.9999999999999999,528.7391060000213,2.0477634685461275,0.9999999999999999
528.2535370000134,1.7512959908180061,0.9999999999999999,529.0329670000214,1.9953820228045165,0.9999999999999999
528.5065220000138,1.8747130418957336,0.9999999999999999,529.2974940000214,1.9253960567901092,0.9999999999999999
528.7377760000134,2.035659497508046,0.9999999999999999,529.5805100000208,1.8425499040592037,0.9999999999999999
528.9905330000131,2.222119646472808,0.9999999999999999,529.7544000000207,1.7490915603722912,0.9999999999999999
529.2330760000134,2.418659818443382,0.9999999999999999,529.9547340000211,1.6453117120171066,0.9999999999999999
529.4856310000135,2.6032460870264567,0.9576488706365502,530.1672680000207,1.529376685908245,0.9999999999999999
529.7320910000137,2.748358220687966,0.8683264887063654,530.3847410000209,1.3966863314155993,0.9999999999999999
529.9771530000139,2.8244834947505852,0.8198151950718685,530.5905920000209,1.2408065841271914,0.9999999999999999
530.2283130000134,2.813581684869985,0.8258042436687201,530.8937540000207,1.073907727579382,0.9999999999999999
530.4729090000131,2.725242415818076,0.8821868583162217,531.1231660000209,0.9361193222042397,0.9999999999999999
530.720021000013,2.5917986179507193,0.9684291581108828,531.4135540000206,0.8200289360086029,0.9999999999999999
530.9777240000127,2.451878194397239,0.9999999999999999,531.74920100002,0.7214068931137219,0.9999999999999999
531.2167320000124,2.3351928059133034,0.9999999999999999,531.9691860000198,0.640216588645426,0.9999999999999999
531.4707210000123,2.2527367211709097,0.9999999999999999,532.2614720000198,0.576343164429197,0.9999999999999999
531.7256690000123,2.200635230609243,0.9999999999999999,532.52392400002,0.531267395493456,0.9999999999999999
531.9587440000123,2.1624383538638225,0.9999999999999999,532.7434100000193,0.5104335885454698,0.9999999999999999
532.2036890000119,2.1162490399697926,0.9999999999999999,532.9869360000193,0.5268414150910712,0.9999999999999999
532.4544940000125,2.0419611572250256,0.9999999999999999,533.1824060000192,0.6017196216056708,0.9999999999999999
532.6995940000128,1.929604693690779,0.9999999999999999,533.4329050000197,0.7384840583652854,0.9999999999999999
532.9701250000126,1.7858500531876105,0.9999999999999999,533.6619390000195,0.884071338089468,0.9999999999999999
533.1932160000132,1.6324279735167178,0.9999999999999999,533.9648540000196,1.008040154181176,0.9999999999999999
533.4390700000131,1.4983113225265416,0.9999999999999999,534.2158410000195,1.1127096780906716,0.9999999999999999
533.7009950000129,1.408307953785851,0.9999999999999999,534.4272230000196,1.1994008199780632,0.9999999999999999
533.9441650000134,1.3748353085243754,0.9999999999999999,534.7193520000196,1.268522507178839,0.9999999999999999
534.1880560000133,1.3975394981887104,0.9999999999999999,534.9064120000196,1.3228489084630928,0.9999999999999999
534.4292660000127,1.4662954710386666,0.9999999999999999,535.1871800000197,1.3681698665490285,0.9999999999999999
534.6817300000127,1.5665074512427628,0.9999999999999999,535.5033150000193,1.4117315296040602,0.9999999999999999
534.9256740000127,1.679531131965201,0.9999999999999999,535.726844000019,1.4578714137338662,0.9999999999999999
535.1808110000125,1.7846666699343672,0.9999999999999999,535.9181220000189,1.5002352097043308,0.9999999999999999
535.417302000012,1.8701252848407213,0.9999999999999999,536.1654450000192,1.4336769105649272,0.9999999999999999
535.667778000012,1.9398750508527614,0.9999999999999999,536.3727860000189,1.2659294110295733,0.9999999999999999
535.9188760000111,2.0069880336100248,0.9999999999999999,536.582772000019,1.0928730445229815,0.9999999999999999
536.1801940000113,2.0864466351367676,0.9999999999999999,536.8327400000188,0.9423450328808475,0.9999999999999999
536.4143850000114,2.188905024913637,0.9999999999999999,537.0338660000187,0.8176461776832635,0.9999999999999999
536.656756000012,2.317842963654689,0.9999999999999999,537.268791000019,0.7163488350066617,0.9999999999999999
536.9057050000122,2.468433924871584,0.9999999999999999,537.4850380000189,0.6349790751428758,0.9999999999999999
537.1556890000124,2.6283719512652537,0.943788501026694,537.7386280000192,0.5703163031306767,0.9999999999999999
537.4052520000128,2.7813982388174225,0.8473648186173853,537.9880660000193,0.5197706322668597,0.9999999999999999
537.6648190000127,2.907830949019817,0.7371663244353184,538.2509640000194,0.4815799910746317,0.9999999999999999
537.9003600000129,2.985678744366983,0.6712867898699522,538.5480250000192,0.45538786555163857,0.9999999999999999
538.1396870000133,2.9971663015409864,0.6617043121149897,538.7727400000188,0.44377680108292894,0.9999999999999999
538.3920560000133,2.939142256859267,0.7072210814510609,538.9726760000187,0.4576196006449228,0.9999999999999999
538.6365480000132,2.82698726510077,0.817419575633128,539.2405210000184,0.5288740736910047,0.9999999999999999
538.9006480000131,2.6915349756317655,0.9022073921971252,539.4664640000186,0.666979461269601,0.9999999999999999
539.1396100000131,2.563449785815088,0.9899897330595482,539.7237490000183,0.7674462068978931,0.9999999999999999
539.3914650000133,2.460877604578725,0.9999999999999999,539.974990000018,0.8416778507674934,0.9999999999999999
539.6319790000133,2.3860025711916815,0.9999999999999999,540.2086870000185,0.9145506006542464,0.9999999999999999
539.8725830000133,2.3307376098265338,0.9999999999999999,540.4786190000184,1.0056899140664604,0.9999999999999999
540.126012000013,2.277282252845429,0.9999999999999999,540.7160650000185,1.1281551343650023,0.9999999999999999
540.3755630000129,2.2082657871418716,0.9999999999999999,540.9540830000185,1.2859789425963992,0.9999999999999999
540.6149680000132,2.1181655251093723,0.9999999999999999,541.1992110000185,1.470639964645739,0.9999999999999999
540.8723530000133,2.0157053526793116,0.9999999999999999,541.445191000019,1.659321713818152,0.9999999999999999
541.1147460000134,1.915950906415879,0.9999999999999999,541.6907660000188,1.8212348328900068,0.9999999999999999
541.3626230000134,1.8338857846106418,0.9999999999999999,541.9471210000187,1.9319575426429705,0.9999999999999999
541.6089220000134,1.7763054071291156,0.9999999999999999,542.1875030000186,1.9834721187261393,0.9999999999999999
541.8620740000136,1.738426758222067,0.9999999999999999,542.4446890000188,1.983938424175122,0.9999999999999999
542.103381000014,1.705933162676967,0.9999999999999999,542.6906790000183,1.9498783261172228,0.9999999999999999
542.3467940000141,1.6653340039094755,0.9999999999999999,542.9354560000188,1.9031548216384997,0.9999999999999999
542.6048380000144,1.6102576339511196,0.9999999999999999,543.1840840000185,1.8668526402775258,0.9999999999999999
542.8447400000142,1.5417479749076666,0.9999999999999999,543.4300560000188,1.8590141054395106,0.9999999999999999
543.1011200000141,1.4672340219093938,0.9999999999999999,543.6903080000185,1.8827998361035274,0.9999999999999999
543.3406090000148,1.3981941036920373,0.9999999999999999,543.9328930000183,1.920933331756421,0.9999999999999999
543.5978110000145,1.3468390960866015,0.9999999999999999,544.1792830000182,1.9443983952317194,0.9999999999999999
543.8536570000146,1.3234637689323587,0.9999999999999999,544.417815000018,1.9304862562699274,0.9999999999999999
544.0846260000147,1.3327192054533292,0.9999999999999999,544.6589600000182,1.8739386582907849,0.9999999999999999
544.333611000015,1.3759699448623393,0.9999999999999999,544.9673890000181,1.7819495156948786,0.9999999999999999
544.5821440000148,1.454016319710083,0.9999999999999999,545.153765000018,1.6673385597582662,0.9999999999999999
544.826994000015,1.5622797042697925,0.9999999999999999,545.4033410000178,1.5438251422995743,0.9999999999999999
545.0809960000146,1.6866660436541359,0.9999999999999999,545.6661350000181,1.4234430211149351,0.9999999999999999
545.3420590000147,1.806210505235942,0.9999999999999999,545.901211000018,1.3151854737642628,0.9999999999999999
545.5789950000145,1.9007854414777199,0.9999999999999999,546.156290000018,1.226594119576093,0.9999999999999999
545.8214580000144,1.9576342904039508,0.9999999999999999,546.3957000000181,1.1661078225746249,0.9999999999999999
546.0648720000146,1.9753165924768499,0.9999999999999999,546.6425530000182,1.1423985520632423,0.9999999999999999
546.3127460000146,1.9627701293242268,0.9999999999999999,546.8945040000182,1.160657359157545,0.9999999999999999
546.5617800000147,1.9347845155309755,0.9999999999999999,547.1365490000179,1.2177419037250088,0.9999999999999999
546.8079560000148,1.9057320231291182,0.9999999999999999,547.3869930000177,1.299426937411964,0.9999999999999999
547.0592990000149,1.8841362332956173,0.9999999999999999,547.639196000018,1.3825031096817306,0.9999999999999999
547.304444000015,1.868718880149584,0.9999999999999999,547.8863730000182,1.4431842897843328,0.9999999999999999
547.5504300000148,1.850153790012535,0.9999999999999999,548.1302670000181,1.466286038170566,0.9999999999999999
547.7992940000149,1.8183238497055474,0.9999999999999999,548.382681000018,1.4491012503874594,0.9999999999999999
548.0504030000151,1.7666164289171924,0.9999999999999999,548.6302650000183,1.3974589029288014,0.9999999999999999
548.2899820000152,1.6934966531365077,0.9999999999999999,548.8849840000187,1.320531796866325,0.9999999999999999
548.5440360000154,1.6029050748026763,0.9999999999999999,549.1240490000184,1.2291200437181815,0.9999999999999999
548.789500000016,1.5050074890805285,0.9999999999999999,549.3940460000189,1.1366057283466162,0.9999999999999999
549.0339440000158,1.416257154978771,0.9999999999999999,549.6128690000193,1.0619561220373828,0.9999999999999999
549.2793910000156,1.3568669917568563,0.9999999999999999,549.860937000019,1.0294559735837714,0.9999999999999999
549.5314270000159,1.3454928942642665,0.9999999999999999,550.1133240000191,1.0608175235050772,0.9999999999999999
549.7805290000157,1.389655559394056,0.9999999999999999,550.3522930000191,1.1605968371716,0.9999999999999999
550.0276310000157,1.4768005466688725,0.9999999999999999,550.6046180000191,1.305241771084889,0.9999999999999999
550.2746250000159,1.5772295641782779,0.9999999999999999,550.8555330000191,1.451987903098062,0.9999999999999999
550.5203750000157,1.6585521705475355,0.9999999999999999,551.0960800000194,1.5638050536539503,0.9999999999999999
550.7704500000161,1.7027349539280554,0.9999999999999999,551.3628510000198,1.6251341842024476,0.9999999999999999
551.0183820000162,1.7147969318075886,0.9999999999999999,551.6339340000198,1.6396406492804467,0.9999999999999999
551.2606810000166,1.7188853619302296,0.9999999999999999,551.9097430000201,1.623712437748352,0.9999999999999999
551.5246760000167,1.7476234520441294,0.9999999999999999,552.1277720000205,1.5993210270461908,0.9999999999999999
551.7668240000168,1.8297803681502172,0.9999999999999999,552.3597030000205,1.5847173208865868,0.9999999999999999
552.0030540000173,1.9748944152587302,0.9999999999999999,552.6270700000201,1.5847601697263967,0.9999999999999999
552.2535460000169,2.1551845923203983,0.9999999999999999,552.8344770000206,1.5898945564510731,0.9999999999999999
552.5006000000169,2.3121130753577273,0.9999999999999999,553.0968500000208,1.587407155265631,0.9999999999999999
552.745899000017,2.4010683236296892,0.9999999999999999,553.3381360000203,1.5719042551689546,0.9999999999999999
552.9903930000175,2.419411136541057,0.9999999999999999,553.5828450000204,1.5436480673383324,0.9999999999999999
553.235746000017,2.392763433638964,0.9999999999999999,553.8261850000204,1.505550789162624,0.9999999999999999
553.4847450000166,2.35288190846099,0.9999999999999999,554.0696080000209,1.4608509970076395,0.9999999999999999
553.7423200000164,2.325792289406563,0.9999999999999999,554.3451250000213,1.4108291329003357,0.9999999999999999
553.9861440000169,2.32836295132648,0.9999999999999999,554.6070670000212,1.3564252880251957,0.9999999999999999
554.2266240000166,2.363442337353078,0.9999999999999999,554.8090420000215,1.300991918449085,0.9999999999999999
554.4736610000167,2.4156241198459325,0.9999999999999999,555.1100850000219,1.250362594712415,0.9999999999999999
554.7287530000166,2.4556868211808154,0.9999999999999999,555.3594880000217,1.2100379180832703,0.9999999999999999
554.9761270000171,2.456347771689735,0.9999999999999999,555.6104370000219,1.1835138344123197,0.9999999999999999
555.2236460000173,2.4077527578701003,0.9999999999999999,555.8832900000219,1.1718660854583076,0.9999999999999999
555.4680970000177,2.3161710520130643,0.9999999999999999,556.072757000022,1.1737641554189537,0.9999999999999999
555.7090460000181,2.195511377941741,0.9999999999999999,556.3108000000221,1.1866611994218499,0.9999999999999999
555.984438000018,2.0649754573104286,0.9999999999999999,556.5879470000225,1.2105450175266543,0.9999999999999999
556.2073330000183,1.9513655044194718,0.9999999999999999,556.7900900000225,1.2492574504331395,0.9999999999999999
556.4597460000184,1.884132027398092,0.9999999999999999,557.0607570000222,1.3083395049594535,0.9999999999999999
556.7077510000184,1.8827205983927446,0.9999999999999999,557.2934780000222,1.3910160681528179,0.9999999999999999
556.9529270000189,1.9439111438561931,0.9999999999999999,557.5328320000217,1.491837576102316,0.9999999999999999
557.204830000019,2.0407463928731264,0.9999999999999999,557.7912970000216,1.5934355428837468,0.9999999999999999
557.4522010000194,2.136254174097195,0.9999999999999999,558.0303400000216,1.6772363299309174,0.9999999999999999
557.6957520000195,2.20046320817901,0.9999999999999999,558.2772830000214,1.7382584529935081,0.9999999999999999
557.9413110000196,2.2166855215537327,0.9999999999999999,558.5262330000215,1.787026580691713,0.9999999999999999
558.1901120000196,2.179987126952538,0.9999999999999999,558.7831330000213,1.841717969502693,0.9999999999999999
558.4359730000191,2.097236280505905,0.9999999999999999,559.0236620000212,1.9209669175559392,0.9999999999999999
558.6837260000185,1.985519531092233,0.9999999999999999,559.2824520000215,2.0372994931202077,0.9999999999999999
558.9441850000183,1.867111259469467,0.9999999999999999,559.5240680000215,2.1911526588652745,0.9999999999999999
559.1916070000183,1.7643713414880553,0.9999999999999999,559.7724340000219,2.368260962685088,0.9999999999999999
559.4285150000183,1.6934519034257591,0.9999999999999999,560.0140050000223,2.5411857076562354,0.9999999999999999
559.6730150000186,1.6639097899315085,0.9999999999999999,560.2720460000222,2.6800086194180315,0.9099075975359342
559.9170420000188,1.683041567540993,0.9999999999999999,560.5142970000227,2.765963307208395,0.8575462012320327
560.1656280000184,1.7565207150520339,0.9999999999999999,560.7523910000224,2.7951059240012555,0.8365845311430528
560.4140940000176,1.8852724806107706,0.9999999999999999,561.0220990000222,2.7733255371609373,0.8544661190965092
560.6591780000182,2.062693147173481,0.9999999999999999,561.2536790000221,2.706123465686949,0.8898870636550308
560.9205730000183,2.2723298623261434,0.9999999999999999,561.5072350000225,2.594720695910497,0.9638090349075975
561.1581110000183,2.494756488874023,0.9999999999999999,561.7838730000229,2.442265567286257,0.9999999999999999
561.4004930000182,2.713477395382461,0.8875770020533881,561.9992890000229,2.2605767068892475,0.9999999999999999
561.6605870000183,2.9150305957022145,0.727583846680356,562.2437560000227,2.0686280379863042,0.9999999999999999
561.8989120000184,3.089188753564118,0.5862422997946611,562.4910780000225,1.8860068197367985,0.9999999999999999
562.1712300000185,3.2288707629427407,0.4772416153319644,562.7401090000229,1.7298094361814207,0.9999999999999999
562.4071410000186,3.331605076205924,0.3682409308692677,562.9946540000226,1.6117633804833507,0.9999999999999999
562.6420940000185,3.3979110610644634,0.3047570157426421,563.2464600000222,1.5351486638910306,0.9999999999999999
562.8828710000188,3.4240455404632026,0.2748117727583847,563.4838850000223,1.4915044991798223,0.9999999999999999
563.1317150000187,3.4002836772244054,0.30116358658453113,563.738699000022,1.4635673177666402,0.9999999999999999
563.3792770000183,3.319741005724087,0.3778234086242299,563.986245000022,1.4347273082315752,0.9999999999999999
563.647792000018,3.186661648417034,0.5047912388774811,564.2347940000224,1.3991952132341634,0.9999999999999999
563.8791140000178,3.0163812139361617,0.6509240246406571,564.472907000022,1.3634012539932598,0.9999999999999999
564.1206180000177,2.8296442335365826,0.8150239561943874,564.7398370000219,1.3411554087698476,0.9999999999999999
564.3655790000174,2.643035075892998,0.9299281314168377,564.9654690000216,1.3427422659918746,0.9999999999999999
564.6236420000175,2.4650117973690167,0.9999999999999999,565.2121710000218,1.3692631062280776,0.9999999999999999
564.8626020000178,2.2976634573123658,0.9999999999999999,565.4642200000214,1.4156931202834762,0.9999999999999999
565.1115800000176,2.138529673399011,0.9999999999999999,565.7132740000217,1.4762759030600272,0.9999999999999999
565.3615030000176,1.9849705083925095,0.9999999999999999,565.9582110000222,1.5458667537065411,0.9999999999999999
565.6089630000173,1.8407670401681695,0.9999999999999999,566.2045030000219,1.6186793102913575,0.9999999999999999
565.8523370000171,1.7172026438434793,0.9999999999999999,566.4489220000218,1.6857418775589887,0.9999999999999999
566.1049600000171,1.6296209832875332,0.9999999999999999,566.7222770000216,1.7361375196273205,0.9999999999999999
566.3498650000174,1.5920542413428354,0.9999999999999999,566.9501440000216,1.7603658181286228,0.9999999999999999
566.5932420000172,1.613009255394826,0.9999999999999999,567.1981740000214,1.753300474302903,0.9999999999999999
566.8577230000172,1.6904820708609787,0.9999999999999999,567.4490410000212,1.7167843767446846,0.9999999999999999
567.0900970000172,1.8050952988963322,0.9999999999999999,567.6919420000214,1.6590241211315138,0.9999999999999999
567.3436860000174,1.918746872430742,0.9999999999999999,567.9510070000217,1.5897310123438129,0.9999999999999999
567.5876520000169,1.9892459473480464,0.9999999999999999,568.189410000022,1.5168953727962475,0.9999999999999999
567.8345640000169,1.9936491489266879,0.9999999999999999,568.436306000022,1.4465381469108225,0.9999999999999999
568.0873130000169,1.9393315740181436,0.9999999999999999,568.6898500000216,1.3831614872317557,0.9999999999999999
568.337578000017,1.8530575033387415,0.9999999999999999,568.9298150000216,1.3304820280571625,0.9999999999999999
568.5886190000166,1.7625921328254284,0.9999999999999999,569.1748940000215,1.2908583475217053,0.9999999999999999
568.8317360000165,1.6857954985681345,0.9999999999999999,569.4304150000214,1.2646131089319943,0.9999999999999999
569.0721700000167,1.6280762924093086,0.9999999999999999,569.6716360000215,1.2504691400177517,0.9999999999999999
569.3192320000163,1.5856548795323728,0.9999999999999999,569.9216210000216,1.2451807295877644,0.9999999999999999
569.5646530000164,1.5508574000240694,0.9999999999999999,570.1622360000221,1.2433622269447782,0.9999999999999999
569.8156620000165,1.515931167734715,0.9999999999999999,570.4141400000221,1.2403394802580574,0.9999999999999999
570.0715050000161,1.4783621513429983,0.9999999999999999,570.6596760000222,1.235627845641892,0.9999999999999999
570.3134580000165,1.4418822376092215,0.9999999999999999,570.916523000022,1.2316417243843418,0.9999999999999999
570.5534750000164,1.4148263898567939,0.9999999999999999,571.1606960000221,1.2287012272685236,0.9999999999999999
570.8036490000164,1.407678657792921,0.9999999999999999,571.4181090000227,1.2231618999506817,0.9999999999999999
571.0520090000161,1.4295328111667767,0.9999999999999999,571.6536950000225,1.209885041681021,0.9999999999999999
571.3179920000159,1.4833116399195172,0.9999999999999999,571.8949400000224,1.187318331235082,0.9999999999999999
571.5445280000158,1.561176629260606,0.9999999999999999,572.1460840000223,1.1604761183471908,0.9999999999999999
571.7902300000162,1.646834248278975,0.9999999999999999,572.4102340000223,1.140423433630644,0.9999999999999999
572.0415710000158,1.7221279893144066,0.9999999999999999,572.6352610000224,1.1416432390571978,0.9999999999999999
572.2851500000162,1.775877742064217,0.9999999999999999,572.902161000022,1.1753589752856664,0.9999999999999999
572.5315680000163,1.8073902425347352,0.9999999999999999,573.1395600000216,1.2420930430740937,0.9999999999999999
572.7811120000165,1.8228782335792904,0.9999999999999999,573.3895040000217,1.3305926842623848,0.9999999999999999
573.0295150000164,1.8283823742123277,0.9999999999999999,573.6431790000214,1.4221635087279703,0.9999999999999999
573.2848830000165,1.82809469884522,0.9999999999999999,573.8763260000218,1.500472351332157,0.9999999999999999
573.5210610000164,1.8257975716963273,0.9999999999999999,574.127316000022,1.555830684748778,0.9999999999999999
573.7721810000161,1.8266677794903488,0.9999999999999999,574.3741790000217,1.5859754293332973,0.9999999999999999
574.0190970000159,1.8362555527837383,0.9999999999999999,574.620578000022,1.59257592946012,0.9999999999999999
574.2685840000154,1.8524519832817095,0.9999999999999999,574.8765170000214,1.5794945740537925,0.9999999999999999
574.5255160000153,1.8610251612619064,0.9999999999999999,575.1132120000211,1.5504928572875871,0.9999999999999999
574.7568800000157,1.8441481991936124,0.9999999999999999,575.3561810000215,1.5082305089475256,0.9999999999999999
575.0054300000156,1.7900012691052358,0.9999999999999999,575.6166440000214,1.4528049122512319,0.9999999999999999
575.2574620000156,1.69906679802718,0.9999999999999999,575.8540320000214,1.3851569578729648,0.9999999999999999
575.4997070000156,1.58440407658366,0.9999999999999999,576.1014270000215,1.3131384907248334,0.9999999999999999
575.7533870000157,1.4661835339976328,0.9999999999999999,576.3505710000215,1.2510883280511127,0.9999999999999999
575.994210000016,1.3642873838078284,0.9999999999999999,576.610082000021,1.215939254006923,0.9999999999999999
576.2452160000158,1.2926515463824464,0.9999999999999999,576.8424490000209,1.220407922727331,0.9999999999999999
576.4972160000159,1.2556244834970662,0.9999999999999999,577.0968850000204,1.2636172060545794,0.9999999999999999
576.7565240000147,1.2471865021294375,0.9999999999999999,577.3492810000208,1.3282953832237603,0.9999999999999999
576.9894550000149,1.252859689505708,0.9999999999999999,577.5879140000208,1.3926637147273857,0.9999999999999999
577.2510400000152,1.2562802725429285,0.9999999999999999,577.841882000021,1.4459058195712007,0.9999999999999999
577.4860300000153,1.2469070565277187,0.9999999999999999,578.0826380000206,1.4916442257321385,0.9999999999999999
577.7393130000153,1.2234064274336593,0.9999999999999999,578.3353400000206,1.540169387980969,0.9999999999999999
577.9866180000155,1.1927563412482316,0.9999999999999999,578.5797660000208,1.5997198917983466,0.9999999999999999
578.2270360000158,1.1665570175509088,0.9999999999999999,578.8297270000206,1.6719562914571664,0.9999999999999999
578.4891080000156,1.1563624358146063,0.9999999999999999,579.0852070000204,1.7501371715045875,0.9999999999999999
578.7248260000156,1.1686479534892655,0.9999999999999999,579.3345600000208,1.819042599308541,0.9999999999999999
578.994956000016,1.2034944047878766,0.9999999999999999,579.584536000021,1.8617781075116757,0.9999999999999999
579.2183780000161,1.2563790037622118,0.9999999999999999,579.8177620000212,1.8693511554261748,0.9999999999999999
579.4809550000164,1.3202867020843194,0.9999999999999999,580.0862210000212,1.8440174733311205,0.9999999999999999
579.7155120000165,1.3900169776401987,0.9999999999999999,580.329086000021,1.7955999864206014,0.9999999999999999
579.9561200000165,1.4651008778223602,0.9999999999999999,580.5671490000207,1.7350337781106526,0.9999999999999999
580.2094340000165,1.5509854034591595,0.9999999999999999,580.8082200000206,1.6668632803908017,0.9999999999999999
580.4553990000162,1.6529426973724746,0.9999999999999999,581.0596080000207,1.5923864159024903,0.9999999999999999
580.7048940000163,1.7682430989626645,0.9999999999999999,581.3248600000212,1.5137481923863128,0.9999999999999999
580.9544640000164,1.884271846562918,0.9999999999999999,581.5582870000208,1.4340955273201035,0.9999999999999999
581.1984900000165,1.9833897993431897,0.9999999999999999,581.7978420000206,1.3549859600418994,0.9999999999999999
581.4495270000161,2.0526948611888987,0.9999999999999999,582.0713350000206,1.2772956069714123,0.9999999999999999
581.6995330000161,2.090838029231407,0.9999999999999999,582.2913050000203,1.2016151317498116,0.9999999999999999
581.9454950000161,2.1058225939140267,0.9999999999999999,582.5457840000203,1.1293906892154575,0.9999999999999999
582.1975790000155,2.1126088312244335,0.9999999999999999,582.8126880000204,1.0638297681087656,0.9999999999999999
582.4388690000156,2.1274361470032357,0.9999999999999999,583.0370120000204,1.010322441739916,0.9999999999999999
582.6925100000146,2.162712486074674,0.9999999999999999,583.30348800002,0.9709823052458536,0.9999999999999999
582.9333500000149,2.2200174144470415,0.9999999999999999,583.5373380000203,0.9429698404274021,0.9999999999999999
583.176835000015,2.2836635118609245,0.9999999999999999,583.7840090000204,0.9216766793103722,0.9999999999999999
583.4371600000151,2.32456833776613,0.9999999999999999,584.0298890000199,0.9037521441696597,0.9999999999999999
583.6791820000151,2.3165065729311425,0.9999999999999999,584.2837030000196,0.892402012990843,0.9999999999999999
583.9206760000151,2.250184454035416,0.9999999999999999,584.5611170000195,0.9067593377912836,0.9999999999999999
584.181179000015,2.1352163451666084,0.9999999999999999,584.7703690000194,0.9675747476546743,0.9999999999999999
584.4149570000145,1.9921197789677536,0.9999999999999999,585.0203460000195,1.0699355693611838,0.9999999999999999
584.6654480000144,1.8449580610904213,0.9999999999999999,585.2709500000198,1.1924634397934741,0.9999999999999999
584.913457000014,1.716409877406826,0.9999999999999999,585.5183110000197,1.3189549023755782,0.9999999999999999
585.1599820000137,1.6271777927322175,0.9999999999999999,585.7679090000198,1.4439886836617717,0.9999999999999999
585.4283170000137,1.5941025502875197,0.9999999999999999,586.0171310000194,1.5683669073740967,0.9999999999999999
585.6566140000136,1.6261992624053065,0.9999999999999999,586.2901580000196,1.692417428086422,0.9999999999999999
585.9045660000136,1.7144341985973492,0.9999999999999999,586.5095680000197,1.8113737155177225,0.9999999999999999
586.1598520000134,1.8299672396234756,0.9999999999999999,586.7595950000198,1.914906750979203,0.9999999999999999
586.3998410000139,1.936286089395344,0.9999999999999999,587.00401800002,1.989667569193203,0.9999999999999999
586.6633110000139,2.006152471079463,0.9999999999999999,587.25142200002,2.030013590404532,0.9999999999999999
586.8963690000136,2.0272246647021634,0.9999999999999999,587.5050000000206,2.045406281525257,0.9999999999999999
587.1331390000138,2.0034393517780673,0.9999999999999999,587.7698170000208,2.0443143073733188,0.9999999999999999
587.3812540000135,1.9499641104947327,0.9999999999999999,587.9879910000204,2.0224087514739884,0.9999999999999999
587.6277060000137,1.8889235053697875,0.9999999999999999,588.2423370000206,1.9731553798070915,0.9999999999999999
587.8726470000141,1.8477364383166957,0.9999999999999999,588.519705000021,1.9043968676833207,0.9999999999999999
588.1307940000148,1.850785590503618,0.9999999999999999,588.733599000021,1.836876818637043,0.9999999999999999
588.3670930000145,1.907996778152339,0.9999999999999999,588.9895730000209,1.7916853078423385,0.9999999999999999
588.6216260000145,2.0130455455177017,0.9999999999999999,589.2745500000208,1.77595067893906,0.9999999999999999
588.8645050000148,2.150621073632239,0.9999999999999999,589.5036120000209,1.784729807960789,0.9999999999999999
589.1151290000147,2.3017760897299056,0.9999999999999999,589.7568580000209,1.8093472973906821,0.9999999999999999
589.3590990000146,2.4435030113303213,0.9999999999999999,589.9725220000212,1.8437746201258611,0.9999999999999999
589.6070050000145,2.547645299642724,0.9999999999999999,590.216485000021,1.8918407322288113,0.9999999999999999
589.8869850000143,2.5821375640915134,0.9722792607802874,590.4647980000207,1.969047169756712,0.9999999999999999
590.1152960000143,2.5252039844351692,0.9999999999999999,590.725875000021,2.0949604020449866,0.9999999999999999
590.3589780000143,2.3834047981714397,0.9999999999999999,590.990719000021,2.2780198829679446,0.9999999999999999
590.6020420000143,2.1933426534726252,0.9999999999999999,591.2222250000209,2.504650730180729,0.9999999999999999
590.8440920000143,1.9984174523088027,0.9999999999999999,591.4669480000209,2.743640348662604,0.8690965092402464
591.0940640000141,1.8219685782050445,0.9999999999999999,591.7087070000206,2.9586570382259634,0.6904517453798769
591.344015000014,1.6676086283941582,0.9999999999999999,591.95057300002,3.117734501467136,0.5634839151266257
591.5874320000144,1.5363409322240849,0.9999999999999999,592.26455600002,3.1994339313812783,0.4988021902806298
591.8333780000148,1.4276145170752064,0.9999999999999999,592.5019320000201,3.197786224412736,0.5
592.0814400000149,1.3386430752631233,0.9999999999999999,592.6975450000202,3.125574314948877,0.5598904859685148
592.3273900000153,1.2655929461227453,0.9999999999999999,592.9969470000203,3.0147731808186573,0.6509240246406571
592.581369000015,1.2058463341910066,0.9999999999999999,593.2439220000201,2.90866628100785,0.7335728952772074
592.8248700000148,1.1590506646196457,0.9999999999999999,593.4368550000204,2.8451017047885383,0.8018480492813143
593.0756680000147,1.1254411222954355,0.9999999999999999,593.6983140000207,2.8440769682591873,0.8018480492813143
593.321709000015,1.1041269931709536,0.9999999999999999,593.9612220000204,2.9053835089370885,0.7383641341546887
593.5710310000143,1.0920340743491863,0.9999999999999999,594.21680200002,3.012578564623897,0.6521218343600275
593.817941000015,1.084956034920595,0.9999999999999999,594.4326870000203,3.1259582492540243,0.5598904859685148
594.061482000015,1.0810693612394442,0.9999999999999999,594.6752190000208,3.1929597048851956,0.5011978097193703
594.3303310000156,1.0822531412665182,0.9999999999999999,594.9246420000206,3.172811932091398,0.520362765229295
594.5544630000153,1.0908512185637533,0.9999999999999999,595.1816510000205,3.056908089650625,0.6209787816563996
594.8054120000158,1.106001599036528,0.9999999999999999,595.4377110000206,2.8712551383237734,0.7731006160164272
595.056471000016,1.1200867857100374,0.9999999999999999,595.6749210000207,2.662352017667674,0.9199178644763859
595.3033500000155,1.1232767129952412,0.9999999999999999,595.9105790000209,2.4749490390952555,0.9999999999999999
595.5569280000155,1.1107559710593766,0.9999999999999999,596.1731400000206,2.3370430117551595,0.9999999999999999
595.7957330000155,1.0874577785873598,0.9999999999999999,596.4085760000205,2.252296474368681,0.9999999999999999
596.0475890000151,1.0648860141788627,0.9999999999999999,596.6639040000208,2.205817209985072,0.9999999999999999
596.2905790000149,1.054724377861142,0.9999999999999999,596.9034500000212,2.176650057432923,0.9999999999999999
596.5423790000146,1.0627833135474556,0.9999999999999999,597.1584590000214,2.1480349589044896,0.9999999999999999
596.7858810000149,1.0853052235068261,0.9999999999999999,597.4277170000214,2.1102028919198945,0.9999999999999999
,,,597.6461580000212,2.059583760808517,0.9999999999999999
,,,597.900193000021,1.9984621961110398,0.9999999999999999
,,,598.1880940000215,1.9327420374264481,0.9999999999999999
,,,598.4364800000217,1.869656389388356,0.9999999999999999
,,,598.7625550000216,1.8169343091956398,0.9999999999999999
,,,598.9657920000215,1.7809589822565834,0.9999999999999999
,,,599.2227880000218,1.762387812201147,0.9999999999999999
,,,599.4622560000214,1.7559057623514875,0.9999999999999999
,,,599.6870750000213,1.7502106995540752,0.9999999999999999
,,,599.9422990000214,1.7320285161371256,0.9999999999999999
,,,600.1455830000214,1.6932473395210843,0.9999999999999999
,,,600.3695080000217,1.638245882050264,0.9999999999999999
,,,600.6241710000213,1.5830540003762243,0.9999999999999999
,,,600.8726920000211,1.5445373795163935,0.9999999999999999
,,,601.1840990000209,1.529557061327156,0.9999999999999999
,,,601.4576140000213,1.536127992419538,0.9999999999999999
,,,601.8467190000217,1.5595679751073415,0.9999999999999999
,,,602.0390200000217,1.5965942787506948,0.9999999999999999
,,,602.2890870000214,1.6466989036802058,0.9999999999999999
