condition 1 time (s),condition 1 tbr,condition 1 nai,condition 2 time (s),condition 2 tbr,condition 2 nai
4.341962000000001,39.937191826741326,0.0,4.582498000000004,5.189701086430972,0.0
4.595167000000004,36.85046194851394,0.0,4.789359999999999,5.095444681857289,0.0
4.841921000000005,32.416889759465754,0.0,5.034879,4.919851531410392,0.0
5.085947000000003,27.293556090495166,0.0,5.301957000000002,4.639106484887622,0.0
5.3414640000000055,22.416963075889146,0.0,5.487893999999997,4.228541358612351,0.0
5.589505000000007,18.19664968092596,0.0,5.7244599999999926,3.6919793778898824,0.0
5.833054000000008,14.765103532963435,0.0,5.951101999999994,3.1148036063023334,0.0
6.084522000000007,12.109974038992455,0.0,6.2686609999999945,2.60695285299875,0.0
6.343916000000007,10.133240976094918,0.0,6.474313999999992,2.1970187761029156,0.0
6.575171000000013,8.697180832084705,0.0,6.663102999999995,1.8661538907801822,0.0
6.819205000000015,7.666361687642192,0.0,6.919569999999996,1.59766474623956,0.21697310180456253
7.0762800000000174,6.9229862809611635,0.0,7.202587999999994,1.3782351268293234,0.8009022812393599
7.341096000000021,6.37270940552863,0.0,7.437230999999992,1.1988263766739995,0.9992339121552604
7.566565000000023,5.918806320674873,0.0,7.7601409999999875,1.0533557748954645,0.9992339121552604
7.813653000000022,5.496927053709165,0.0,8.037759999999984,0.9404617692635893,0.9992339121552604
8.062563000000022,5.0752007230219185,0.0,8.22512099999999,0.8649391740092004,0.9992339121552604
8.310541000000024,4.638891342224404,0.0,8.449104000000004,0.840778950671046,0.9992339121552604
8.58054300000002,4.190014383078259,0.0,8.649788000000017,0.8845641008434749,0.9992339121552604
8.815675000000022,3.737992040585993,0.0,8.874262000000016,0.9531697658523154,0.9992339121552604
9.050262000000027,3.297000893680287,0.0,9.092515000000024,0.9805142895149856,0.9992339121552604
9.30879800000003,2.885550607888426,0.0,9.32847600000003,0.9747747394204002,0.9992339121552604
9.544768000000028,2.5204467744259786,0.0,9.590378000000033,0.9547170319961381,0.9992339121552604
9.794761000000033,2.2132213207898226,0.0,9.824343000000033,0.931258725419146,0.9992339121552604
10.044243000000037,1.9671725868478254,0.0,10.019880000000029,0.9101275193723959,0.9992339121552604
10.301014000000041,1.779718668535492,0.0,10.313007000000027,0.8948505374814759,0.9992339121552604
10.537521000000044,1.6449041711523866,0.13406537282941772,10.562564000000027,0.8895429046995647,0.9992339121552604
10.785522000000048,1.5520965544305787,0.3206503234593122,10.800446000000026,0.902311591565719,0.9992339121552604
11.036010000000054,1.4835146049725125,0.4886789240721825,11.116431000000027,0.9514191905003297,0.9992339121552604
11.278971000000064,1.4145057466505337,0.688883214164113,11.368811000000033,1.074499725016139,0.9992339121552604
11.52149300000006,1.3242417544728085,0.9325842696629213,11.644834000000042,1.3364084856711063,0.9103677221654749
11.78513000000006,1.210138292074232,0.9992339121552604,11.910213000000038,1.7458678074199652,0.02298263534218589
12.031577000000071,1.0861545222467102,0.9992339121552604,12.232166000000037,2.075191857399775,0.0
12.26503900000007,0.9731569167065928,0.9992339121552604,12.462315000000052,2.2401440384170437,0.0
12.517942000000069,0.8884427342549106,0.9992339121552604,12.657106000000068,2.2534475051385265,0.0
12.759092000000068,0.8417504769298485,0.9992339121552604,12.949702000000071,2.1438660556778277,0.0
13.010973000000078,0.8349062729394844,0.9992339121552604,13.24311400000006,1.9524120446671025,0.0
13.260440000000077,0.8644566041772419,0.9992339121552604,13.43218400000007,1.7453981396411955,0.023748723186925443
13.51594800000008,0.9261120151406269,0.9992339121552604,13.749420000000086,1.5686324360412331,0.281324480762683
13.755440000000082,1.0151185107819392,0.9992339121552604,13.928199000000092,1.432854404795905,0.6304902962206332
14.000912000000088,1.124904854840683,0.9992339121552604,14.171325000000097,1.3249278952913197,0.9310520939734422
14.255429000000094,1.248159072057159,0.9992339121552604,14.3901440000001,1.2270857679549876,0.9992339121552604
14.499867000000094,1.3782009056075013,0.8009022812393599,14.592126000000103,1.1325649018967185,0.9992339121552604
14.738496000000094,1.5053348219414038,0.4267109295199183,14.918652000000117,1.0433656249220071,0.9992339121552604
14.9900000000001,1.6147235389685803,0.19433094994892744,15.159376000000124,0.9642675193298939,0.9992339121552604
15.248416000000105,1.688684490923436,0.0812053115423902,15.39859400000013,0.9006186563809631,0.9992339121552604
15.48280000000011,1.7121862290400023,0.05209397344228805,15.632337000000144,0.8594171894013861,0.9992339121552604
15.73678400000011,1.6820253039615916,0.08963227783452497,15.919493000000156,0.8525939695480809,0.9992339121552604
15.976758000000112,1.6075620864480984,0.20386448757235276,16.187844000000158,0.898066754187902,0.9992339121552604
16.243872000000113,1.505755910851268,0.4267109295199183,16.36786700000017,1.015738361744241,0.9992339121552604
16.471079000000106,1.395912000323502,0.7401259788900239,16.62095600000017,1.1968677239432512,0.9992339121552604
16.720372000000097,1.2953162931484634,0.9961695607763023,16.920172000000164,1.294135446720887,0.9992339121552604
16.96892400000009,1.2153065207272444,0.9992339121552604,17.186309000000183,1.2429024578187846,0.9992339121552604
17.22183000000009,1.1581258938471142,0.9992339121552604,17.446897000000195,1.1218112074142534,0.9992339121552604
17.518660000000075,1.1167529100216682,0.9992339121552604,17.616276000000198,0.9846807015160226,0.9992339121552604
17.70957000000007,1.0793051854300952,0.9992339121552604,17.92771200000019,0.8550203380448935,0.9992339121552604
17.961018000000063,1.0372719277624092,0.9992339121552604,18.12546800000021,0.7421005460451482,0.9992339121552604
18.214050000000057,0.9891505173236894,0.9992339121552604,18.345374000000223,0.6497463529678248,0.9992339121552604
18.45657300000006,0.9380336743674343,0.9992339121552604,18.58800100000023,0.5802291059948036,0.9992339121552604
18.709463000000053,0.8883694350774596,0.9992339121552604,18.810609000000238,0.5356773291531219,0.9992339121552604
18.948115000000055,0.8427503264633964,0.9992339121552604,19.04351000000023,0.5191615911985805,0.9992339121552604
19.201026000000038,0.8018358293200675,0.9992339121552604,19.241515000000216,0.5359675053107592,0.9992339121552604
19.476464000000043,0.7659459156366665,0.9992339121552604,19.42688100000022,0.5945024612204075,0.9992339121552604
19.69212500000004,0.737559820805701,0.9992339121552604,19.72829600000023,0.6982364402549176,0.9992339121552604
19.934495000000023,0.7207702642161674,0.9992339121552604,19.995020000000213,0.8186320522296848,0.9992339121552604
20.20262700000002,0.7179836995651997,0.9992339121552604,20.204262000000213,0.922995578539493,0.9992339121552604
20.43058200000002,0.7297371013962307,0.9992339121552604,20.432931000000217,1.0153965534962173,0.9992339121552604
20.689181000000012,0.7547082286892726,0.9992339121552604,20.672252000000196,1.1076113027503813,0.9992339121552604
20.93362,0.7887973954144867,0.9992339121552604,20.91415000000018,1.2085806204332687,0.9992339121552604
21.173095,0.8253041932997549,0.9992339121552604,21.18556600000015,1.3238463841926589,0.9325842696629213
21.433943999999983,0.857139022454472,0.9992339121552604,21.437966000000145,1.4568710705987717,0.5542219952332312
21.67115599999997,0.8811100752320599,0.9992339121552604,21.667905000000125,1.6001895907956696,0.21578140960163433
21.91964499999995,0.9012281036021885,0.9992339121552604,22.057987000000125,1.7354600937464038,0.035240040858018344
22.170707999999937,0.9290013938961993,0.9992339121552604,22.430828000000133,1.8419424003483194,0.0
22.43002799999994,0.9803736686291202,0.9992339121552604,22.628233000000165,1.9088443311408612,0.0
22.678569999999933,1.0688942417103457,0.9992339121552604,22.793248000000183,1.9382769209217274,0.0
22.905871999999924,1.1935658832188305,0.9992339121552604,23.027310000000192,1.9288746174454838,0.0
23.161012999999915,1.3333238349958116,0.9149642492339121,23.256904000000183,1.8689876158786058,0.0
23.409589999999902,1.4544881464538613,0.5625638406537283,23.565279000000185,1.7788485485212384,0.0
23.65501099999989,1.5300180481407213,0.35759278175008513,23.79036500000019,1.6853644147258053,0.08810010214504595
23.921406999999874,1.5523109301882967,0.3206503234593122,24.05868600000019,1.6014260941861052,0.21220633299284986
24.14749499999985,1.532204930270855,0.3516343207354443,24.225260000000183,1.5315622590175975,0.3516343207354443
24.39733599999984,1.4913164730034332,0.4636533878106912,24.544657000000182,1.4768310997680276,0.5041709227102487
24.653458999999835,1.4518996012457492,0.5732890704800817,24.767020000000183,1.4369366341554999,0.6173816819884235
24.889900999999846,1.4296111175918074,0.6376404494382022,24.98427500000018,1.4112927751459574,0.6996084439904665
25.14581499999984,1.4302464260101992,0.6364487572352742,25.17422400000018,1.3992851300460056,0.7294007490636704
25.388845999999827,1.453364282283141,0.5661389172625128,25.50781500000019,1.4010308909430949,0.7258256724548859
25.632295999999812,1.4957216114984104,0.4517364657814096,25.742686000000198,1.4212448469813463,0.6686244467143343
25.8841699999998,1.5543802614347069,0.319458631256384,25.943808000000192,1.4736251782365613,0.5125127681307456
26.131770999999787,1.6267859607803297,0.1716887980932925,26.139703000000182,1.5686411251211638,0.281324480762683
26.38321199999977,1.708306755598396,0.05669050051072521,26.37582000000019,1.6754959341427151,0.09576098059244124
26.636847999999762,1.7902248607626796,0.0,26.613668000000178,1.7677329150266914,0.0007660878447395546
26.876676999999756,1.857687303551145,0.0,26.875737000000164,1.854091038326766,0.0
27.11917999999976,1.8931276448093786,0.0,27.096962000000147,1.9461211719419695,0.0
27.364062999999756,1.8857427911746412,0.0,27.349042000000132,2.0493831597625167,0.0
27.61642399999974,1.8370771134101203,0.0,27.607457000000124,2.1554901048617725,0.0
27.86400499999974,1.7598352566951663,0.009193054136874322,27.83955600000012,2.2462346963945565,0.0
28.11800499999971,1.6734152201431631,0.09959141981613893,28.13696600000012,2.3032314643983254,0.0
28.352995999999692,1.597047998338104,0.22173987061627504,28.344936000000118,2.321050573011424,0.0
28.60297999999966,1.5411551639726595,0.33733401430030646,28.588953000000114,2.309560714880848,0.0
28.852351999999666,1.5062398597363675,0.4267109295199183,28.84248100000011,2.289364559936985,0.0
29.101327999999658,1.4862373681000847,0.47676200204290087,29.08600600000011,2.2808799838338905,0.0
29.34321299999965,1.471759167048073,0.5172795369424583,29.330988000000097,2.2923948755853187,0.0
29.598088999999632,1.4541686663951239,0.5649472250595847,29.580956000000082,2.315198951115183,0.0
29.842082999999626,1.4273313452453678,0.6447906026557712,29.882668000000084,2.3308173389959244,0.0
30.08915099999962,1.3886564144394595,0.763959822948587,30.080921000000064,2.326026562248783,0.0
30.34309499999961,1.34038078078472,0.9027068437180795,30.314339000000057,2.297953764961359,0.0
30.592292999999597,1.2899881056000397,0.9992339121552604,30.605991000000056,2.2522837186091533,0.0
30.83871199999959,1.2486534877054396,0.9992339121552604,30.995111000000048,2.1987555592997112,0.0
31.08367599999957,1.2246204294334366,0.9992339121552604,31.27263100000006,2.145958081787599,0.0
31.33057499999956,1.2190063771769875,0.9992339121552604,31.48705800000007,2.0995160913597375,0.0
31.591764999999544,1.2256299831102795,0.9992339121552604,31.70794000000007,2.0609011839677733,0.0
31.840098999999533,1.2338585586801865,0.9992339121552604,31.973054000000076,2.028839119798569,0.0
32.074997999999525,1.2330831756181115,0.9992339121552604,32.26148700000009,2.003083486540491,0.0
32.3180499999995,1.2171287729294233,0.9992339121552604,32.620161000000095,1.9872647164910584,0.0
32.57444699999948,1.1872673462727124,0.9992339121552604,32.78703000000011,1.9842845494080814,0.0
32.815433999999485,1.1528198789829807,0.9992339121552604,32.93495000000009,1.9934190715369382,0.0
33.05990899999951,1.128519576869331,0.9992339121552604,33.15947000000006,2.0266614969870043,0.0
33.30619199999949,1.1301775420512747,0.9992339121552604,33.40696800000003,2.117893985783817,0.0
33.5602729999995,1.1708442242317743,0.9992339121552604,33.68491000000003,2.2867674366220005,0.0
33.802649999999495,1.2556676989435847,0.9992339121552604,33.926366000000016,2.5097472090801984,0.0
34.05373799999947,1.3773227802697225,0.8020939734422882,34.27268599999999,2.7469865316758773,0.0
34.312644999999485,1.5157283209694514,0.40049370105549875,34.61233099999997,2.9671630899833885,0.0
34.547126999999485,1.6443412107636743,0.13483146067415727,34.923847999999936,3.1515692113944116,0.0
34.810938999999514,1.7365808443965232,0.03447395301327887,35.0723199999999,3.287334195721018,0.0
35.03653699999948,1.7744545831265781,0.0,35.25779299999984,3.3406734524915254,0.0
35.2993519999995,1.7562705603542255,0.010725229826353431,35.42785499999982,3.2688873073320828,0.0
35.53845399999954,1.6927877783282794,0.07431052093973438,35.65330799999981,3.0979274704138122,0.0
35.78444099999956,1.5997698819960595,0.21578140960163433,35.9526719999998,2.8987910613062513,0.0
36.02733599999956,1.492784432386122,0.4600783112019067,36.17879499999978,2.7173029578032777,0.0
36.286808999999586,1.3854200004871093,0.7758767449778686,36.51221999999975,2.5681873530318726,0.0
36.53512199999962,1.2893496675744172,0.9992339121552604,36.72129499999972,2.4495646909421276,0.0
36.76960499999962,1.2142961000942893,0.9992339121552604,36.935342999999726,2.3540941746557555,0.0
37.021795999999625,1.165608162905025,0.9992339121552604,37.2056429999997,2.273517595656319,0.0
37.271073999999636,1.1425301842949875,0.9992339121552604,37.36860599999967,2.1996797262550305,0.0
37.52539699999964,1.1377974094471375,0.9992339121552604,37.54788399999966,2.123777518410437,0.0
37.76532799999968,1.1408550236020427,0.9992339121552604,37.78350699999967,2.0358366419140452,0.0
38.01081199999966,1.1418070620822236,0.9992339121552604,38.045417999999664,1.9245367879148547,0.0
38.25789799999967,1.133437728047686,0.9992339121552604,38.2863339999997,1.7833217296990065,0.0
38.50595299999969,1.1152172085134162,0.9992339121552604,38.57518099999968,1.6370121498627501,0.14479060265577115
38.7549549999997,1.0959054756722642,0.9992339121552604,38.9179199999997,1.5379826396283467,0.34329247531494717
39.00321299999966,1.0886741949302983,0.9992339121552604,39.18674699999968,1.5028872843843148,0.43386108273748725
39.267181999999664,1.1046774286828407,0.9992339121552604,39.416054999999666,1.5113069313859562,0.4100272386789241
39.49764699999965,1.1498377901771581,0.9992339121552604,39.685957999999665,1.5338448940062677,0.34805924412665984
39.75120499999964,1.2254625956495357,0.9992339121552604,39.92645199999961,1.5457770217269702,0.33018386108273756
39.996011999999666,1.3255036052010314,0.9287538304392235,40.17082099999957,1.536358971215987,0.34686755192373164
40.243546999999644,1.435670024771274,0.6197650663942799,40.411846999999554,1.5064151333336557,0.42551923731699015
40.48391399999962,1.5367985058225717,0.34686755192373164,40.665543999999514,1.4617408265765748,0.5434967654068776
40.73533399999962,1.6102862305787375,0.20028941096356828,41.0006609999995,1.4068615278424412,0.7139087504256044
40.9849429999996,1.6458142660687027,0.13329928498467825,41.217608999999456,1.3441894484632066,0.8927477017364657
41.23386599999962,1.6445300572631123,0.13406537282941772,41.389339999999464,1.282481881057395,0.9992339121552604
41.47197499999965,1.6179771430320526,0.1871807967313585,41.60854599999946,1.2422928901470365,0.9992339121552604
41.728346999999665,1.5826062201369473,0.24795709908069458,41.892032999999415,1.242287620764754,0.9992339121552604
41.971540999999675,1.5558528051407574,0.31826693905345593,42.11202199999939,1.2760065962514804,0.9992339121552604
42.21666699999968,1.5504164266879097,0.3218420156622404,42.42121999999944,1.3221902952246871,0.9364147088866189
42.47952699999969,1.5695501398676737,0.2789410963568266,42.63077699999938,1.3661256327558644,0.8485699693564862
42.711409999999674,1.6055053574202465,0.206247871978209,42.892750999999336,1.4022695221020438,0.7234422880490297
42.961878999999676,1.6414371503686762,0.1378958120531154,43.110419999999316,1.4301608693937684,0.6376404494382022
43.20546899999968,1.656622184112754,0.12257405515832483,43.33368899999928,1.4514518042178617,0.5756724548859381
43.45180599999972,1.6356379878808454,0.14632277834525026,43.6787239999993,1.4690413134910134,0.5244296901600273
43.70085399999975,1.575758263420997,0.25868232890704795,43.89503499999925,1.4876252652312631,0.47318692543411645
43.95245299999976,1.486201424784413,0.47676200204290087,44.15507199999923,1.5154878295912748,0.40049370105549875
44.205857999999765,1.381145321647755,0.7949438202247193,44.42106199999918,1.5691566193301418,0.281324480762683
44.443943999999775,1.2747945570077621,0.9992339121552604,44.566705999999144,1.6776500602666988,0.09422880490296222
44.69234599999977,1.1783480930667947,0.9992339121552604,44.769544999999134,1.868635785451815,0.0
44.93848299999976,1.0996982733485352,0.9992339121552604,45.04109799999912,2.1119709344323025,0.0
45.18424699999977,1.041166402302509,0.9992339121552604,45.28417199999912,2.372870322580035,0.0
45.435365999999746,1.0002408056291803,0.9992339121552604,45.53949299999911,2.6295753078073743,0.0
45.68844599999977,0.9729919333558108,0.9992339121552604,45.77442199999915,2.861552966521307,0.0
45.938648999999764,0.9551455444219673,0.9992339121552604,46.004016999999116,3.056950370990081,0.0
46.18415399999977,0.9426654083977856,0.9992339121552604,46.241913999999106,3.2094847982218373,0.0
46.428121999999796,0.9314753383339252,0.9992339121552604,46.447791999999104,3.314460379663204,0.0
46.67816699999982,0.9177491860895383,0.9992339121552604,46.68269799999911,3.366533151674043,0.0
46.94504599999982,0.8997378907166567,0.9992339121552604,46.92737599999913,3.3574382047415527,0.0
47.16503599999982,0.8805929514303601,0.9992339121552604,47.25943299999913,3.2730842552246457,0.0
47.41240599999982,0.8673329470108904,0.9992339121552604,47.51019999999913,3.096776011682684,0.0
47.66433399999982,0.8686596629985379,0.9992339121552604,47.759339999999135,2.8419559744433966,0.0
47.90978099999981,0.8927520290074212,0.9992339121552604,48.048220999999145,2.5889132297468396,0.0
48.159282999999824,0.9459473659030888,0.9992339121552604,48.3496749999991,2.424235176616873,0.0
48.40124899999984,1.0320564475460485,0.9992339121552604,48.56023999999902,2.3483402227463994,0.0
48.64925799999982,1.1459269559684158,0.9992339121552604,48.79118899999899,2.324528313548555,0.0
48.90567099999986,1.2663795727716896,0.9992339121552604,48.989510999998934,2.317910580487706,0.0
49.14777199999988,1.365418183540896,0.8506128702757915,49.26365099999896,2.3016300473674263,0.0
49.39371099999991,1.425738798699624,0.6519407558733402,49.509441999998934,2.25662824150319,0.0
49.63957599999991,1.4463597086022246,0.5887810691181479,49.72911099999895,2.1713369090867505,0.0
49.893617999999904,1.4372487909040268,0.6173816819884235,49.965301999998935,2.0471455666982044,0.0
50.155639999999885,1.4120039668248665,0.6960333673816821,50.15525599999893,1.9026146284248664,0.0
50.38673599999989,1.3836332694021003,0.7818352059925096,50.42169099999894,1.7669523870006996,0.001532175689479026
50.6401319999999,1.360627822678905,0.8621041879468845,50.643758999998944,1.6664066093115009,0.10878447395301326
50.87731799999989,1.3454054830581816,0.8912155260469866,50.87075199999894,1.6132311966783173,0.19552264215185564
51.14265299999989,1.3334649002114594,0.9149642492339121,51.18978899999897,1.6036061219574709,0.2074395641811372
51.383323999999895,1.3167760570140734,0.9548008171603676,51.466406999998945,1.6216829502931638,0.18241402791964587
51.6253619999999,1.2896576906784247,0.9992339121552604,51.67880899999896,1.6477914939787415,0.13176710929519914
51.875314999999915,1.2552892820150308,0.9992339121552604,52.08190299999894,1.664019705043352,0.11338100102145042
52.12379999999993,1.2262357064041138,0.9992339121552604,52.34525599999889,1.6581134121879062,0.12027579162410625
52.373712999999945,1.2154462443024125,0.9992339121552604,52.5843449999989,1.6302886197046575,0.16334695267279536
52.615679999999934,1.2285774465055286,0.9992339121552604,52.807582999998864,1.5917418752662098,0.2288900238338441
52.868244999999945,1.2643099289543696,0.9992339121552604,53.13998899999885,1.5566845632889978,0.31588355464759954
53.11560299999994,1.3151477823219722,0.9563329928498467,53.46812099999879,1.5350727476217085,0.34805924412665984
53.36560999999995,1.3705559156611227,0.8318862785154919,53.58568399999876,1.5310612650850752,0.3540177051413007
53.602756999999954,1.418644357335635,0.6721995233231189,53.81754999999877,1.542159517038864,0.33495062989445007
53.86477999999993,1.4465880270870555,0.5887810691181479,54.0455449999987,1.5554814744871872,0.31826693905345593
54.10665999999994,1.446744929729215,0.5875893769152196,54.253480999998615,1.56255116904996,0.30158324821246174
54.35114999999995,1.4214850521791256,0.6674327545114063,54.4983439999986,1.5606033800236814,0.30754170922710244
54.61466199999994,1.3801215068074033,0.7961355124276474,54.732595999998594,1.5518650463687045,0.3206503234593122
54.861906999999945,1.33324725049847,0.9157303370786516,54.95001099999863,1.5402391484077618,0.33852570650323455
55.098341999999924,1.2894665860290744,0.9992339121552604,55.30276399999863,1.528355333802855,0.3587844739530132
55.34030799999993,1.2548164109575008,0.9992339121552604,55.48111499999858,1.516608143674424,0.39691862444671433
55.587187999999905,1.2305811617147202,0.9992339121552604,55.738539999998544,1.504179003410282,0.43147769833163085
55.83617799999992,1.2161333326188017,0.9992339121552604,55.98336199999857,1.4890305017936862,0.4719952332311882
56.082140999999936,1.2088648698572448,0.9992339121552604,56.276200999998565,1.467885125309077,0.5256213823629554
56.33385199999994,1.2051126774664065,0.9992339121552604,56.48731999999853,1.4359195387722496,0.6197650663942799
56.58585799999993,1.2025979462172625,0.9992339121552604,56.72220399999851,1.388396952732618,0.763959822948587
56.82278599999996,1.2000803365543904,0.9992339121552604,56.9933299999985,1.3284396760118256,0.9241573033707864
57.07020799999995,1.1974224710051304,0.9992339121552604,57.26549699999851,1.2760014902740364,0.9992339121552604
57.32233499999997,1.195896741602122,0.9992339121552604,57.563838999998495,1.2471820535555138,0.9992339121552604
57.57339299999993,1.196702611307743,0.9992339121552604,57.776870999998415,1.2426010264325758,0.9992339121552604
57.826039999999935,1.200190738238279,0.9992339121552604,57.982879999998396,1.2643517169221965,0.9992339121552604
58.05923799999992,1.2047664786903978,0.9992339121552604,58.26657699999838,1.324780661786496,0.9310520939734422
58.31009199999991,1.2084066116363636,0.9992339121552604,58.44641799999836,1.432836530541839,0.6304902962206332
58.559560999999924,1.2094274681977983,0.9992339121552604,58.62133699999836,1.5767057206410398,0.25749063670411987
58.81002299999995,1.2058267384297623,0.9992339121552604,58.79132799999837,1.7263232689611967,0.04060265577119506
59.06258099999996,1.1947218172021712,0.9992339121552604,59.06516799999837,1.851475762501831,0.0
59.30082499999994,1.1739479936289516,0.9992339121552604,59.362188999998374,1.9376615715067524,0.0
59.54719099999994,1.143308915565365,0.9992339121552604,59.6231289999984,1.9862943063253566,0.0
59.79510199999995,1.105519161150784,0.9992339121552604,59.90117199999842,2.008174837686339,0.0
60.04907699999996,1.0659739473378191,0.9992339121552604,60.188086999998426,2.014719903036871,0.0
60.298772999999954,1.03028588574779,0.9992339121552604,60.40451499999839,2.0140650375736513,0.0
60.54503699999996,1.0021031051163976,0.9992339121552604,60.63923399999837,2.010310429905166,0.0
60.78219099999996,0.9839235049672244,0.9992339121552604,60.907974999998345,2.00533218837014,0.0
61.03212199999998,0.978997079097554,0.9992339121552604,61.14628299999835,1.997385359220124,0.0
61.28161999999996,0.9922807599458285,0.9992339121552604,61.40828499999834,1.979544159846085,0.0
61.545605999999985,1.0273297400055812,0.9992339121552604,61.68568499999831,1.9440547767561591,0.0
61.778498,1.0826692071545063,0.9992339121552604,61.99018299999831,1.8882316998265227,0.0
62.02498600000003,1.1522578725857127,0.9992339121552604,62.1725299999983,1.8109573735147317,0.0
62.28932500000003,1.2265305444805399,0.9992339121552604,62.40785099999825,1.711992316722375,0.0528600612870276
62.51820800000005,1.2960227266564186,0.9938712972420837,62.60581199999823,1.5948634201566327,0.2276983316309159
62.76962600000005,1.3528373893145471,0.8751276813074566,62.83219399999828,1.4690221444781977,0.5244296901600273
63.01361900000006,1.3932771103407355,0.7472761321075927,63.09143499999828,1.3494236294190975,0.8797242083758937
63.25780600000006,1.4176674516166066,0.6745829077289751,63.36817499999828,1.251180368271484,0.9992339121552604
63.506801000000074,1.4269989823484932,0.6471739870616275,63.63525699999829,1.1888073619080193,0.9992339121552604
63.75866700000007,1.4242202272133337,0.6578992168879809,63.897873999998296,1.1804332518426897,0.9992339121552604
64.00161700000007,1.416899254424636,0.6769662921348315,64.14431899999829,1.2386388886114916,0.9992339121552604
64.25207900000005,1.4132993332600443,0.6936499829758258,64.35466799999826,1.3580496947909309,0.8667007150153216
64.49968500000006,1.4174890272096121,0.6757745999319034,64.53180799999826,1.5195312047423024,0.3909601634320736
64.7434270000001,1.4260142572103134,0.6519407558733402,64.81281599999824,1.7014575174095312,0.06358529111338095
64.9960190000001,1.4311347259408804,0.6352570650323459,65.01740099999826,1.88470186496993,0.0
65.23837700000013,1.427214157514411,0.6471739870616275,65.25777199999828,2.054139518827637,0.0
65.49326600000013,1.4122164394734504,0.6948416751787538,65.53514999999828,2.198405578158479,0.0
65.72979900000013,1.3875039594570318,0.7663432073544434,65.90461699999831,2.3093231444503064,0.0
65.98823500000016,1.3569015361528778,0.8682328907048008,66.09815199999832,2.3829106372424342,0.0
66.22917700000019,1.327127120929021,0.924923391215526,66.30365799999832,2.4193718025852755,0.0
66.4805060000002,1.3061667654762028,0.9685903983656792,66.52207399999836,2.4192575524169433,0.0
66.72304900000024,1.2977391734939556,0.9885086823289069,66.76440999999838,2.3796106596844893,0.0
66.97498600000027,1.295695673945356,0.9938712972420837,67.05378999999837,2.2964291292712664,0.0
67.21647900000033,1.287303601276421,0.9992339121552604,67.33129699999837,2.17091614086062,0.0
67.46542300000031,1.262703034100237,0.9992339121552604,67.53544099999834,2.0136244643588372,0.0
67.72703600000035,1.219650888607765,0.9992339121552604,67.71485999999838,1.8423814042048643,0.0
67.9607770000004,1.1618432779326744,0.9992339121552604,67.99968799999839,1.6760278272658418,0.09576098059244124
68.2164310000004,1.0975584409202164,0.9992339121552604,68.2369369999984,1.5284771733234694,0.35759278175008513
68.45674200000042,1.0382079878854817,0.9992339121552604,68.53255099999839,1.405496720560489,0.717483827034389
68.70316100000043,0.994744308452735,0.9992339121552604,68.82137999999841,1.3076244025040025,0.9678243105209396
68.95848300000044,0.9742221551742284,0.9992339121552604,69.02250299999841,1.2340076084309959,0.9992339121552604
69.19913600000044,0.9797157380384379,0.9992339121552604,69.27677999999841,1.1814303073552685,0.9992339121552604
69.44780600000045,1.009942866337467,0.9992339121552604,69.52181099999845,1.1445939972130523,0.9992339121552604
69.69478000000045,1.057706013635174,0.9992339121552604,69.77038599999845,1.119515151121694,0.9992339121552604
69.9637350000004,1.110594725391465,0.9992339121552604,69.98986099999854,1.1032118915182407,0.9992339121552604
70.18664300000042,1.156605285497029,0.9992339121552604,70.25625999999856,1.092983184671888,0.9992339121552604
70.44176200000042,1.190964852679543,0.9992339121552604,70.51382899999852,1.086682315077992,0.9992339121552604
70.68017200000038,1.216852342704711,0.9992339121552604,70.77126399999854,1.0783527476040586,0.9992339121552604
70.93708100000038,1.2393979138687752,0.9992339121552604,71.03079699999856,1.0648827456193766,0.9992339121552604
71.1790530000004,1.2592218145763463,0.9992339121552604,71.21541499999856,1.0574235487304968,0.9992339121552604
71.42339700000038,1.2709141423953099,0.9992339121552604,71.43054999999856,1.0576943324838979,0.9992339121552604
71.6689990000004,1.2672630199785586,0.9992339121552604,71.68944599999851,1.0630401232879418,0.9992339121552604
71.91900400000038,1.2443106970729174,0.9992339121552604,71.92584499999853,1.0716182781185049,0.9992339121552604
72.17336200000041,1.204668650811433,0.9992339121552604,72.17329899999856,1.0823557932773977,0.9992339121552604
72.41413100000038,1.1558866055301606,0.9992339121552604,72.47083199999852,1.0948434169442516,0.9992339121552604
72.66001800000038,1.1072468894650105,0.9992339121552604,72.70663099999854,1.10905670957623,0.9992339121552604
72.91707000000038,1.068121131129458,0.9992339121552604,72.94903999999855,1.1254470563763082,0.9992339121552604
73.16660000000037,1.04602149376851,0.9992339121552604,73.15514399999849,1.1444824067578732,0.9992339121552604
73.40250900000039,1.0439524792294959,0.9992339121552604,73.40813599999842,1.1667367978797754,0.9992339121552604
73.65201600000039,1.0583920277012626,0.9992339121552604,73.65319699999843,1.193173978805703,0.9992339121552604
73.89649000000037,1.0817949169553704,0.9992339121552604,73.91404299999844,1.226071947488533,0.9992339121552604
74.15045000000039,1.1066515676939406,0.9992339121552604,74.20507299999846,1.271462312936554,0.9992339121552604
74.4016710000004,1.130293815861804,0.9992339121552604,74.43758199999846,1.3540364431160348,0.8735955056179775
74.64201100000042,1.1536473496370991,0.9992339121552604,74.6906359999985,1.501080722758386,0.43743615934627167
74.89443400000043,1.177964833615531,0.9992339121552604,74.92751399999851,1.7152788132043242,0.04902962206332991
75.13632200000049,1.203425869133617,0.9992339121552604,75.14198599999855,1.9813074667232582,0.0
75.37365200000049,1.2268756310095457,0.9992339121552604,75.40593399999854,2.2601542146712092,0.0
75.62669800000053,1.2425448304295408,0.9992339121552604,75.63454099999855,2.4952336418536847,0.0
75.87909500000055,1.2462062362866206,0.9992339121552604,75.91896999999852,2.643904983399627,0.0
76.12963000000056,1.2374649739545391,0.9992339121552604,76.14736399999853,2.696817018577298,0.0
76.37957500000053,1.2210901498354108,0.9992339121552604,76.38298499999848,2.669033798649642,0.0
76.62217200000053,1.202642176118188,0.9992339121552604,76.6213279999985,2.5843584599851606,0.0
76.86555300000052,1.186689351475127,0.9992339121552604,76.8777749999985,2.467930243795185,0.0
77.10714800000054,1.1792968615793256,0.9992339121552604,77.12474399999849,2.343776776517621,0.0
77.36305100000051,1.1864977662350435,0.9992339121552604,77.40037399999851,2.235854408620224,0.0
77.63603500000055,1.2106672061934511,0.9992339121552604,77.61637099999847,2.1657938672336976,0.0
77.86105500000059,1.247853965849912,0.9992339121552604,77.86469499999845,2.1484967508653243,0.0
78.0986390000006,1.2890146775051416,0.9992339121552604,78.11826899999846,2.189200585998562,0.0
78.34882600000061,1.324194788085063,0.9325842696629213,78.3530829999984,2.2798834598238216,0.0
78.59684500000064,1.3437871474576786,0.8942798774259448,78.60409699999842,2.397722188879686,0.0
78.84387600000068,1.3410558769645515,0.8996424923391215,78.87960299999843,2.5106165406818723,0.0
79.09065000000068,1.3126794417677938,0.9632277834525025,79.0931249999985,2.5879309621257884,0.0
79.34389200000066,1.2612985998592843,0.9992339121552604,79.35195899999853,2.6079246530201656,0.0
79.5844520000007,1.1953628909487775,0.9992339121552604,79.59951499999855,2.5614305398214503,0.0
79.83568300000076,1.1265667460556572,0.9992339121552604,79.84756599999854,2.451201116682253,0.0
80.09091000000082,1.0653686984834077,0.9992339121552604,80.08190499999847,2.293483316347121,0.0
80.3318170000008,1.0149832647396226,0.9992339121552604,80.32932799999851,2.1137399590751706,0.0
80.57173600000077,0.9727724997743783,0.9992339121552604,80.58371699999853,1.937853008334253,0.0
80.83317300000076,0.9363649585879179,0.9992339121552604,80.82168299999853,1.7833330329087345,0.0
81.07313200000074,0.9084945242923136,0.9992339121552604,81.08331399999857,1.6601563732348188,0.11644535240040856
81.33496100000075,0.8950690049460381,0.9992339121552604,81.32118999999858,1.572382469174911,0.2705992509363295
81.57522700000068,0.9007490405326598,0.9992339121552604,81.59730799999862,1.5215548354083601,0.38619339462036095
81.81771800000074,0.925863347625286,0.9992339121552604,81.8198089999987,1.5068265250497865,0.42313585291113387
82.06165700000078,0.965852421877853,0.9992339121552604,82.06978699999871,1.5224642891167728,0.38261831801157653
82.30448500000077,1.0120686677368556,0.9992339121552604,82.3178309999987,1.5532275650559422,0.3206503234593122
82.5559000000008,1.054001210119568,0.9992339121552604,82.56872599999869,1.5758657925186872,0.25868232890704795
82.80394200000083,1.083498576088813,0.9992339121552604,82.81709399999866,1.5701874856251223,0.2765577119509704
83.06337200000081,1.0992472657231125,0.9992339121552604,83.05609699999872,1.530324328750239,0.35520939734422874
83.30481500000074,1.1104208283472372,0.9992339121552604,83.32840799999879,1.4676317633496545,0.5256213823629554
83.55331600000079,1.1317770349916423,0.9992339121552604,83.56834299999878,1.403467726074153,0.7222505958461014
83.79479600000083,1.1743664073708753,0.9992339121552604,83.79994799999878,1.3579509600364146,0.8667007150153216
84.04893100000083,1.235864912896313,0.9992339121552604,84.05446299999879,1.3456094254030484,0.8912155260469866
84.30002000000087,1.3016171361800546,0.9800817160367722,84.30070899999878,1.3728665724395561,0.8247361252979231
84.53547500000083,1.3551991611036178,0.8705311542390194,84.55327799999881,1.4303442180766117,0.6364487572352742
84.78736400000086,1.389554147143326,0.7603847463398025,84.78588399999877,1.4929681033233864,0.4576949267960504
85.03334500000086,1.4083047316396466,0.7079502894109636,85.05280099999875,1.5310073035734306,0.3540177051413007
85.2990400000009,1.4203563782628867,0.6698161389172627,85.28870499999877,1.52629477747967,0.3659346271705822
85.53232200000089,1.4294473278081372,0.6388321416411304,85.52725699999871,1.4782387573344455,0.499404153898536
85.78183700000093,1.4283061071795746,0.6424072182499149,85.78120799999878,1.3977110860441408,0.7341675178753833
86.02549900000096,1.4018100674277931,0.7234422880490297,86.04695899999885,1.2996496452204718,0.9854443309499489
86.27439100000096,1.3389650834270739,0.9065372829417773,86.28142699999887,1.1994886228563315,0.9992339121552604
86.52033900000099,1.2444383909179457,0.9992339121552604,86.52088399999884,1.1112158627482667,0.9992339121552604
86.76061300000102,1.1365878744814455,0.9992339121552604,86.7793949999989,1.044110179109793,0.9992339121552604
87.02061800000098,1.0352124909785272,0.9992339121552604,87.02494799999889,1.0005116881526899,0.9992339121552604
87.262620000001,0.9520484248252772,0.9992339121552604,87.27331299999888,0.9746121647991945,0.9992339121552604
87.505028000001,0.8913303935435608,0.9992339121552604,87.5091939999989,0.9571918278069239,0.9992339121552604
87.75452800000102,0.8543018351653325,0.9992339121552604,87.76230199999885,0.9412565936260222,0.9992339121552604
88.01101500000101,0.842594878491984,0.9992339121552604,88.02673399999887,0.9240425492070641,0.9992339121552604
88.24732400000106,0.8571982539809915,0.9992339121552604,88.28363599999886,0.9073488984506202,0.9992339121552604
88.5068120000011,0.8964834336282299,0.9992339121552604,88.50620799999886,0.8971740264205064,0.9992339121552604
88.74164000000114,0.9547285909631044,0.9992339121552604,88.74907699999889,0.9023771540137805,0.9992339121552604
88.99165000000121,1.0227249110762286,0.9992339121552604,89.00573399999894,0.9327430725064181,0.9992339121552604
89.23223900000124,1.0905774026175985,0.9992339121552604,89.24571499999898,0.9936254560290141,0.9992339121552604
89.48674400000128,1.1512325963389407,0.9992339121552604,89.49371999999903,1.0771640688398068,0.9992339121552604
89.73100000000134,1.2017129224880576,0.9992339121552604,89.73716499999905,1.158225241101352,0.9992339121552604
89.98242100000138,1.2389719593589321,0.9992339121552604,89.9826249999991,1.2099278194125103,0.9992339121552604
90.23006000000142,1.2574790804642089,0.9992339121552604,90.27711999999919,1.2214887482215269,0.9992339121552604
90.47388100000144,1.2521414104318378,0.9992339121552604,90.48708499999918,1.2005296654257036,0.9992339121552604
90.7289720000015,1.2221402892107407,0.9992339121552604,90.73391299999923,1.164168260833644,0.9992339121552604
90.98298700000142,1.1719909078958657,0.9992339121552604,90.98906999999923,1.130394760123463,0.9992339121552604
91.21441300000143,1.1089403411089387,0.9992339121552604,91.22581899999926,1.1122557544774336,0.9992339121552604
91.46954400000145,1.0404412763495003,0.9992339121552604,91.49580399999924,1.1151757741883335,0.9992339121552604
91.72104600000152,0.9735706416965806,0.9992339121552604,91.73138999999922,1.1376922666579041,0.9992339121552604
91.95951500000155,0.9149143793814896,0.9992339121552604,91.96549299999919,1.1751656024862018,0.9992339121552604
92.21037300000161,0.870874588719339,0.9992339121552604,92.21648999999921,1.2220504899863838,0.9992339121552604
92.46652500000164,0.8462106637273965,0.9992339121552604,92.4613249999992,1.2704142443672337,0.9992339121552604
92.72356200000166,0.8421605313554967,0.9992339121552604,92.7405259999992,1.305998647604096,0.9685903983656792
92.96939300000165,0.8551038523015116,0.9992339121552604,92.98127699999918,1.313346507146595,0.962461695607763
93.20352400000168,0.8776014060019595,0.9992339121552604,93.20736799999922,1.2888901153742678,0.9992339121552604
93.44370700000171,0.9004387748993641,0.9992339121552604,93.46478199999926,1.2445421749941914,0.9992339121552604
93.69526000000174,0.9147774429549937,0.9992339121552604,93.7006839999993,1.1958781780238543,0.9992339121552604
93.95176300000176,0.9153518818302315,0.9992339121552604,93.94663499999932,1.1544794245044412,0.9992339121552604
94.19421300000178,0.9046997061324691,0.9992339121552604,94.19932599999926,1.1279459133851082,0.9992339121552604
94.43917200000178,0.8954079910737165,0.9992339121552604,94.44580099999932,1.1206813535631452,0.9992339121552604
94.68969800000183,0.9071893450596471,0.9992339121552604,94.73015099999934,1.1338193259898972,0.9992339121552604
94.93257900000187,0.9588685539016241,0.9992339121552604,94.93804899999934,1.1663100876966561,0.9992339121552604
95.17704600000192,1.0576205588153087,0.9992339121552604,95.19208899999934,1.2134208292897644,0.9992339121552604
95.42304100000199,1.1938786960541576,0.9992339121552604,95.43658699999938,1.2653099154384568,0.9992339121552604
95.675401000002,1.3457825675848263,0.8904494382022471,95.6835069999994,1.3099436184557,0.9647599591419815
95.92297200000198,1.4876486165540854,0.47318692543411645,95.95541099999942,1.3371618010528197,0.9096016343207354
96.18376500000194,1.594905264197208,0.2276983316309159,96.17859399999942,1.343191655291221,0.8950459652706844
96.4269800000019,1.6504170295232754,0.12946884576098056,96.44019299999948,1.3298536072955873,0.9226251276813074
96.66585900000196,1.6528638208418622,0.12717058222676197,96.67656399999944,1.3031353829362693,0.9754851889683349
96.905318000002,1.6182052798168096,0.1871807967313585,96.93456499999951,1.2725655276258627,0.9992339121552604
97.15358800000193,1.5664805241878332,0.28847463398025197,97.2075419999995,1.2471930587659839,0.9992339121552604
97.4455200000019,1.5117516702341378,0.4100272386789241,97.42598199999955,1.2328613610900436,0.9992339121552604
97.65735300000195,1.461682166245031,0.5434967654068776,97.67835099999958,1.2303976911838832,0.9992339121552604
97.90928100000197,1.4237584841085775,0.6578992168879809,97.9107729999996,1.2349191827278392,0.9992339121552604
98.15250100000195,1.4078445253744267,0.7091419816138916,98.16875699999966,1.2373216584197044,0.9992339121552604
98.39801200000197,1.423455765095789,0.6578992168879809,98.41229199999964,1.2280998647930372,0.9992339121552604
98.64483600000194,1.473200080445355,0.5137044603336738,98.66485799999958,1.2038510937848708,0.9992339121552604
98.888772000002,1.5462104392268154,0.3289921688798093,98.90531399999959,1.1712108964636483,0.9992339121552604
99.13619000000205,1.620628458061685,0.18360572012257406,99.15965899999962,1.1412836103779824,0.9992339121552604
99.39283300000207,1.6709875152660554,0.10265577119509699,99.4032749999996,1.1254877993892987,0.9992339121552604
99.63976000000207,1.680233014355557,0.09193054136874364,99.64380999999958,1.1316343763572312,0.9992339121552604
99.88369900000208,1.64453326267855,0.13406537282941772,99.91923899999959,1.160334824466973,0.9992339121552604
100.12689700000206,1.5731867269163395,0.2705992509363295,100.1403649999996,1.2027370735585254,0.9992339121552604
100.37851800000203,1.4807033271061016,0.49582907728975156,100.41727799999965,1.2438108372889294,0.9992339121552604
100.64997500000206,1.3837948400577178,0.7806435137895812,100.6408489999997,1.2706158557753895,0.9992339121552604
100.87297300000209,1.299570787140722,0.9854443309499489,100.89122099999975,1.2772062437831422,0.9992339121552604
101.12488300000214,1.2415563993193497,0.9992339121552604,101.13670099999972,1.2646602421764719,0.9992339121552604
101.36727900000214,1.219003144177915,0.9992339121552604,101.38166099999971,1.2388566918498496,0.9992339121552604
101.61164800000213,1.2352895702994957,0.9992339121552604,101.64114899999979,1.2073267329383581,0.9992339121552604
101.87580700000217,1.28531983087978,0.9992339121552604,101.92256199999984,1.179050903056946,0.9992339121552604
102.10658600000217,1.347155192705124,0.888917262512768,102.16204899999988,1.1641936559979926,0.9992339121552604
102.36468800000219,1.388353876377198,0.763959822948587,102.40459299999992,1.1738796636446491,0.9992339121552604
102.61258900000216,1.3886067227679373,0.763959822948587,102.6329959999999,1.218869742463705,0.9992339121552604
102.85817300000218,1.3520753084308867,0.8758937691521961,102.90207799999996,1.3044449303443366,0.9724208375893769
103.10918500000213,1.2976089801427422,0.9885086823289069,103.13652699999992,1.4250105374961808,0.6567075246850529
103.35007800000213,1.2463785091188986,0.9992339121552604,103.37602199999996,1.5652853126573694,0.2920497105890364
103.60213900000214,1.2131054830222634,0.9992339121552604,103.61581899999997,1.7019868049453621,0.06358529111338095
103.86106100000212,1.2038110550675436,0.9992339121552604,103.855285,1.8104115134297796,0.0
104.09292300000213,1.2144720919986056,0.9992339121552604,104.11432799999997,1.8734548019807873,0.0
104.33784000000217,1.2321259032205842,0.9992339121552604,104.39579999999997,1.8883483072140006,0.0
104.5873600000022,1.2432160227010278,0.9992339121552604,104.62785499999997,1.864915050324533,0.0
104.84301300000217,1.243634830966374,0.9992339121552604,104.84168799999996,1.8191840618660282,0.0
105.08040500000222,1.2401912480395463,0.9992339121552604,105.102119,1.7652755745611892,0.00383043922369769
105.32536100000219,1.2422276828975973,0.9992339121552604,105.34747299999997,1.7108025256543582,0.053626149131767074
105.58890700000218,1.2540168428387697,0.9992339121552604,105.59144099999999,1.6582471213912346,0.12027579162410625
105.82620900000222,1.2728623705430955,0.9992339121552604,105.85211600000001,1.607744656723389,0.20386448757235276
106.08363700000226,1.2944192166943869,0.9977017364657813,106.08808900000005,1.5625051244324308,0.30158324821246174
106.32536200000233,1.315818293394037,0.9563329928498467,106.36207800000005,1.5302738462572152,0.35520939734422874
106.56602000000238,1.3314848968605022,0.9195607763023492,106.58280000000003,1.5191442337104124,0.39215185563500166
106.8109850000023,1.3312756633806475,0.9195607763023492,106.90226500000001,1.5323720432879666,0.3516343207354443
107.0633880000023,1.3049030684674359,0.9724208375893769,107.17080800000005,1.5664317686231004,0.28847463398025197
107.30986500000232,1.2490413086723127,0.9992339121552604,107.39465700000005,1.6094310271662045,0.20028941096356828
107.5539240000023,1.1706961326647143,0.9992339121552604,107.59126700000004,1.6407534016726257,0.13866189989785496
107.80828800000232,1.0830209878604573,0.9992339121552604,107.81577400000003,1.6426317276531852,0.1378958120531154
108.06722900000227,1.0004131732258275,0.9992339121552604,108.09471300000004,1.6119312777978754,0.19909771876064009
108.3327580000023,0.9352431015700373,0.9992339121552604,108.30946300000006,1.563451882408027,0.29919986380660535
108.54915700000234,0.8941474836721787,0.9992339121552604,108.56285200000006,1.521745351567766,0.38619339462036095
108.80755500000232,0.875967246161465,0.9992339121552604,108.816389,1.505424637749068,0.4267109295199183
109.04462900000233,0.8715406894374157,0.9992339121552604,109.05635899999999,1.5152323404747172,0.40049370105549875
109.28854200000232,0.868268861239446,0.9992339121552604,109.31878799999998,1.533743327275971,0.34805924412665984
109.54054300000229,0.8568122946848147,0.9992339121552604,109.546775,1.5367340355027381,0.34686755192373164
109.78550500000242,0.8359690276525567,0.9992339121552604,109.82523100000003,1.5090001656186178,0.4159856996935648
110.03445700000239,0.8109153467133712,0.9992339121552604,110.05724000000005,1.4508757835663966,0.5768641470888661
110.28727100000239,0.7894556286889249,0.9992339121552604,110.30632600000006,1.376815774967622,0.8032856656452163
110.53545200000235,0.7795736721894512,0.9992339121552604,110.54837300000005,1.3051647374490116,0.9716547497446373
110.77379500000237,0.7881520089458812,0.9992339121552604,110.78431400000005,1.2480063693621912,0.9992339121552604
111.0222000000024,0.8196761743281866,0.9992339121552604,111.07187700000009,1.20706182713167,0.9992339121552604
111.26920100000247,0.8749029875934163,0.9992339121552604,111.29043500000009,1.1764495943387263,0.9992339121552604
111.53565800000251,0.9524165765189432,0.9992339121552604,111.5298740000001,1.1481816939164216,0.9992339121552604
111.76063600000252,1.0468179478255097,0.9992339121552604,111.79237300000011,1.116386437830268,0.9992339121552604
112.01061600000251,1.1467704025347492,0.9992339121552604,112.03176500000019,1.0787105350666208,0.9992339121552604
112.26010400000258,1.232256788975174,0.9992339121552604,112.3092510000002,1.0364225849747424,0.9992339121552604
112.50957500000258,1.280140379137363,0.9992339121552604,112.54985300000021,0.9946898832985719,0.9992339121552604
112.75784900000255,1.2782610384192679,0.9992339121552604,112.80629800000024,0.9604204611354872,0.9992339121552604
113.00123000000254,1.2339514620296161,0.9992339121552604,113.01378700000022,0.9383290365786849,0.9992339121552604
113.2611740000025,1.167099927304016,0.9992339121552604,113.2692600000002,0.9302664981711439,0.9992339121552604
113.50110600000255,1.0972996972359081,0.9992339121552604,113.52374600000022,0.9351913687062007,0.9992339121552604
113.7510460000026,1.0386641568058472,0.9992339121552604,113.76202500000024,0.9484890389550726,0.9992339121552604
113.98956700000267,1.0017045976374725,0.9992339121552604,114.03757900000025,0.9634203567437167,0.9992339121552604
114.24238300000263,0.996427070338869,0.9992339121552604,114.25156900000019,0.974818716331886,0.9992339121552604
114.48673800000265,1.0327517966443969,0.9992339121552604,114.51751100000027,0.9835652009293502,0.9992339121552604
114.75415300000263,1.1135872156930104,0.9992339121552604,114.77264100000028,0.9956588880507024,0.9992339121552604
114.98875400000269,1.226701246763733,0.9992339121552604,114.99459600000026,1.0198316661731957,0.9992339121552604
115.23174900000267,1.3448008647488925,0.8919816138917261,115.25662800000025,1.0674389216575004,0.9992339121552604
115.47806000000267,1.4409326401843792,0.6006979911474293,115.49196100000027,1.149093232985964,0.9992339121552604
115.72421800000271,1.5038273362085766,0.432669390534559,115.75786700000026,1.2687887052005145,0.9992339121552604
115.99823200000274,1.5378053193476706,0.34329247531494717,115.9867860000003,1.419974250379283,0.6710078311201907
116.22372900000273,1.5536125067836095,0.3206503234593122,116.23618800000033,1.583494082260605,0.24557371467483832
116.47621600000278,1.561121252054585,0.30515832482124616,116.48175900000038,1.7315584951925906,0.03753830439223701
116.73467800000276,1.5629563768791606,0.29919986380660535,116.73144600000035,1.8397967040704937,0.0
116.96319900000276,1.556491004476877,0.31588355464759954,116.9779960000003,1.893544067719292,0.0
117.20891900000284,1.536557122771109,0.34686755192373164,117.22657100000028,1.8886458645769524,0.0
117.46339100000282,1.5017523078749435,0.43743615934627167,117.47086000000029,1.832006884515061,0.0
117.70577600000286,1.4582654890377584,0.5506469186244467,117.79730100000029,1.7384248024674722,0.03370786516853932
117.95540100000287,1.4168285864490702,0.6769662921348315,118.01483200000021,1.6244919386560643,0.1788389513108614
118.19674900000288,1.3851392781455791,0.7758767449778686,118.21746500000013,1.5048819407481928,0.4267109295199183
118.44925000000285,1.364296290526086,0.8536772216547497,118.4743550000001,1.3903453515986735,0.7591930541368744
118.70679500000288,1.350113465735216,0.8789581205311542,118.70641700000004,1.2895668394324182,0.9992339121552604
118.94764300000296,1.3386595060592885,0.9065372829417773,118.97787800000005,1.2134240797201712,0.9992339121552604
119.21360600000298,1.3274748020887939,0.924923391215526,119.32531500000007,1.173727248880234,0.9992339121552604
119.43808300000299,1.3159433610796176,0.9563329928498467,119.52686700000012,1.1797375968609412,0.9992339121552604
119.68804100000295,1.304779168121599,0.9724208375893769,119.77338500000013,1.2341683175434006,0.9992339121552604
119.93543600000287,1.2953054969630005,0.9961695607763023,119.98679600000013,1.3296740541080303,0.9226251276813074
120.18143300000287,1.2905320795374484,0.9992339121552604,120.22439200000017,1.449782348583618,0.5792475314947225
120.42395800000283,1.294367301602351,0.9977017364657813,120.45493400000016,1.574239674249306,0.265832482124617
120.68254700000284,1.3088413315395704,0.9670582226762001,120.69075200000019,1.6863962626727376,0.08733401430030639
120.92802400000288,1.3317932976552234,0.9195607763023492,120.94737800000023,1.7785208461146915,0.0
121.1719500000029,1.35718554206974,0.8674668028600612,121.1831520000002,1.849811534009673,0.0
121.42643800000293,1.375431127736796,0.8152025876744979,121.44621800000017,1.903353094786779,0.0
121.66341900000295,1.3772600643790374,0.8020939734422882,121.67978600000018,1.9450193281476489,0.0
121.91313800000297,1.360639047045036,0.8621041879468845,121.92906100000022,1.9826874385847744,0.0
122.159286000003,1.3348307638641612,0.9103677221654749,122.18406400000026,2.02474550529983,0.0
122.41924700000298,1.3102652352695103,0.9647599591419815,122.4477420000003,2.0759698564218922,0.0
122.65264500000299,1.2898225748907213,0.9992339121552604,122.7137280000003,2.1346285871506026,0.0
122.90161800000304,1.2692280657559083,0.9992339121552604,122.98227100000028,2.190213548326308,0.0
123.16133400000307,1.2418645108824622,0.9992339121552604,123.18042800000029,2.226359070706317,0.0
123.40058000000306,1.2049204011207602,0.9992339121552604,123.44676700000028,2.230035080017129,0.0
123.66467700000307,1.1596184307154904,0.9992339121552604,123.70462900000028,2.20075487686972,0.0
123.89318900000306,1.1095263818291972,0.9992339121552604,123.90208400000027,2.1516907768295948,0.0
124.14268500000307,1.059493091485812,0.9992339121552604,124.19707700000023,2.108042428195059,0.0
124.3869580000031,1.0152291672530902,0.9992339121552604,124.42461900000029,2.1038575737846985,0.0
124.63640200000307,0.9826722098264242,0.9992339121552604,124.66012800000031,2.167501233106611,0.0
124.88904100000312,0.966246217648993,0.9992339121552604,124.93159100000035,2.3017373714917566,0.0
125.13771000000312,0.9674563635079527,0.9992339121552604,125.15530500000031,2.4752376063232777,0.0
125.37372400000315,0.9846503589489901,0.9992339121552604,125.40908200000034,2.6389585306185754,0.0
125.63483100000313,1.0131257190886849,0.9992339121552604,125.66226300000037,2.755046671230178,0.0
125.87123200000315,1.048407432948308,0.9992339121552604,125.88820700000039,2.8040684902043203,0.0
126.11812000000317,1.0901496754418198,0.9992339121552604,126.13352600000043,2.7772036977976553,0.0
126.36767800000315,1.1411141967624772,0.9992339121552604,126.38163000000047,2.6697131165489045,0.0
126.61014000000317,1.201819473862341,0.9992339121552604,126.65069900000049,2.4891985513708317,0.0
126.87404800000316,1.2677382905416816,0.9992339121552604,126.88581900000048,2.265507648192006,0.0
127.10955200000313,1.3300654292517118,0.9226251276813074,127.15175000000053,2.040064357214123,0.0
127.35692400000309,1.377628391737915,0.8020939734422882,127.39569200000051,1.8456371465315577,0.0
127.61486600000309,1.4038680622038362,0.7222505958461014,127.67165400000049,1.6977410907742232,0.06971399387129722
127.85769100000311,1.4098470597804755,0.7067585972080356,127.9456380000005,1.5967706206575374,0.22531494722505963
128.10355000000308,1.402363670220557,0.7234422880490297,128.3021720000005,1.5338661062863557,0.34805924412665984
128.35154400000312,1.3912000607762303,0.7591930541368744,128.56774700000054,1.4930079369179468,0.4576949267960504
128.60392700000315,1.3851796260275016,0.7758767449778686,128.73482700000048,1.4552102814610515,0.5613721484508002
128.8449060000032,1.3889725508033246,0.7627681307456589,128.9217090000005,1.40855129498085,0.7067585972080356
129.09794300000317,1.4011838304021726,0.7246339802519578,129.19155600000053,1.3543851359021097,0.8735955056179775
129.33998300000314,1.4141458896828956,0.6912665985699694,129.38601000000057,1.3034919141376993,0.9754851889683349
129.58994800000315,1.416488267179594,0.6769662921348315,129.61265000000054,1.2671002399391953,0.9992339121552604
129.83076900000316,1.398832340762154,0.7305924412665987,129.91502500000047,1.2516810047410936,0.9992339121552604
130.0858940000032,1.3573266573224305,0.8674668028600612,130.10044200000047,1.2569891109690372,0.9992339121552604
130.32300900000322,1.2947248087709347,0.9977017364657813,130.36162600000043,1.2780780231780127,0.9992339121552604
130.5724980000032,1.2202553776778975,0.9992339121552604,130.58953800000043,1.3076069099355778,0.9678243105209396
130.81745400000324,1.1441132702647987,0.9992339121552604,130.84842200000043,1.3405965162666447,0.9019407558733401
131.07183900000325,1.0738182584212816,0.9992339121552604,131.10993500000046,1.3756534121916328,0.8128192032686415
131.33611800000324,1.0142129051045852,0.9992339121552604,131.33915900000045,1.4130370498349425,0.6936499829758258
131.56172200000324,0.9695217335397843,0.9992339121552604,131.58515900000046,1.4535363849477754,0.5661389172625128
131.8154810000034,0.9441730103762331,0.9992339121552604,131.8650810000004,1.4967244003772644,0.45054477357848144
132.06140500000345,0.9407205698168661,0.9992339121552604,132.07706200000032,1.5389525285472994,0.3397173987061627
132.32267500000333,0.9568585797384244,0.9992339121552604,132.38537800000026,1.5738801656719583,0.2670241743275451
132.55494200000336,0.9842537247170768,0.9992339121552604,132.61034900000013,1.595779271887514,0.22531494722505963
132.8025470000032,1.012805843977975,0.9992339121552604,132.81138100000004,1.6006637791819822,0.21578140960163433
133.05461100000323,1.035902558323621,0.9992339121552604,133.08136600000006,1.5872244846685195,0.2372318692543412
133.3112710000033,1.0527960742686457,0.9992339121552604,133.3059190000001,1.5598936735944162,0.30873340143003064
133.55457800000337,1.0651850367321793,0.9992339121552604,133.558906,1.5302775310913928,0.35520939734422874
133.79378600000342,1.0752170335599363,0.9992339121552604,133.81331400000002,1.5139269868976148,0.40287708546135514
134.04233000000346,1.0839935527562232,0.9992339121552604,134.06489499999998,1.5236207065429381,0.37546816479400746
134.29077000000333,1.092393463758765,0.9992339121552604,134.308393,1.5636101129887603,0.29919986380660535
134.55229000000324,1.1012161131187634,0.9992339121552604,134.55033299999997,1.630908799625257,0.16096356826693897
134.7845260000032,1.112762005453508,0.9992339121552604,134.8042709999999,1.7137276715608907,0.05056179775280902
135.02945900000316,1.134064685428886,0.9992339121552604,135.05561599999987,1.7934346764396805,0.0
135.2782820000032,1.1769495198997704,0.9992339121552604,135.28501299999988,1.852606631058834,0.0
135.5253510000033,1.2541056449303745,0.9992339121552604,135.54251199999987,1.8935488622724677,0.0
135.77684300000337,1.372993372897418,0.8235444330949949,135.7869459999998,1.9351786373276287,0.0
136.02281900000338,1.5261979241271528,0.3671263193735103,136.03858999999974,2.000041241421338,0.0
136.2699300000034,1.6871087778256324,0.08733401430030639,136.28291799999965,2.1056870714304683,0.0
136.5150340000033,1.8124013911474828,0.0,136.5418339999995,2.2562671141963646,0.0
136.7714650000033,1.8602701659900043,0.0,136.78551899999957,2.438010542517097,0.0
137.00904900000344,1.8155678212776398,0.0,137.07267699999966,2.6158859878158216,0.0
137.25901900000335,1.6954466735567855,0.07277834525025535,137.27760099999958,2.739674233630089,0.0
137.50376000000344,1.535067966576555,0.34805924412665984,137.52208399999952,2.76861720615477,0.0
137.75881400000338,1.3716695151138716,0.8283112019067075,137.76617699999946,2.699657771096129,0.0
138.00074800000343,1.2342618275837214,0.9992339121552604,138.03155599999945,2.5686559855805693,0.0
138.24828000000338,1.141352113523861,0.9992339121552604,138.27060599999956,2.4232517507264077,0.0
138.49476700000343,1.0997996883827432,0.9992339121552604,138.5169029999995,2.2970231333234317,0.0
138.74717600000344,1.1038572604771129,0.9992339121552604,138.80636499999954,2.2024148500992506,0.0
139.01312600000327,1.1339740144060317,0.9992339121552604,139.0213299999995,2.138335551519703,0.0
139.2425790000032,1.163941496397631,0.9992339121552604,139.2634969999994,2.098321463404775,0.0
139.48351100000315,1.1741318207363651,0.9992339121552604,139.50193499999946,2.0696464339522587,0.0
139.73414600000308,1.1590639989264486,0.9992339121552604,139.75193199999939,2.0359798451352327,0.0
139.98252100000315,1.1246796052269137,0.9992339121552604,140.04869699999944,1.9829934064559789,0.0
140.22685900000315,1.081888679970525,0.9992339121552604,140.27507599999944,1.9054280388755105,0.0
140.4746550000031,1.0433428727623535,0.9992339121552604,140.54460099999952,1.8077699243387961,0.0
140.72304200000306,1.02038596861986,0.9992339121552604,140.83712199999943,1.7015325849075265,0.06358529111338095
140.98114200000305,1.0242182741949613,0.9992339121552604,141.08990199999937,1.5989973630476384,0.21578140960163433
141.21800700000298,1.0665663859113597,0.9992339121552604,141.2830809999994,1.5116399023837082,0.4100272386789241
141.46708900000294,1.1579473060740377,0.9992339121552604,141.52740899999952,1.4534803585706855,0.5661389172625128
141.72398700000292,1.3014420588665563,0.9800817160367722,141.7672859999994,1.4400194870700556,0.6030813755532857
141.96034700000288,1.4883186052290052,0.4719952332311882,142.02584099999933,1.4811086548344978,0.4946373850868233
142.2164050000028,1.698102386201854,0.06971399387129722,142.2748199999994,1.5784767493887977,0.2551072522982635
142.45939300000285,1.9017211273385812,0.0,142.49170099999938,1.7197137043060469,0.04443309499489275
142.7073420000028,2.065758747793793,0.0,142.81716999999932,1.874957987821684,0.0
142.95244000000272,2.163754526398022,0.0,142.9762519999993,2.00456673907028,0.0
143.20020300000274,2.188821014940216,0.0,143.26223699999932,2.0786933177746167,0.0
143.4454760000028,2.154553732446673,0.0,143.54612799999936,2.088691183481828,0.0
143.68736600000273,2.08064569666712,0.0,143.79498799999942,2.047652660629634,0.0
143.9365610000028,1.9805599404547651,0.0,144.07873699999942,1.978785127216697,0.0
144.1953940000028,1.8614748984096785,0.0,144.30346799999927,1.905983094762585,0.0
144.4353490000028,1.7276245515095185,0.04060265577119506,144.58775499999916,1.8492009431751226,0.0
144.6829370000027,1.585502752954324,0.24080694586312568,144.76572399999912,1.8167550530767795,0.0
144.93143600000275,1.4463060490640596,0.5887810691181479,145.02339899999896,1.804109716571519,0.0
145.18084100000286,1.3251675243573338,0.9287538304392235,145.27338499999902,1.8015317431815256,0.0
145.43274200000286,1.2373673575228323,0.9992339121552604,145.51449199999905,1.7965081692592655,0.0
145.67873200000275,1.1903633230066715,0.9992339121552604,145.698497999999,1.7813543731717492,0.0
145.92187400000276,1.1755014534670458,0.9992339121552604,145.95683999999898,1.75890563750595,0.009193054136874322
146.17072600000273,1.1751561508345292,0.9992339121552604,146.2270489999989,1.7391232317168557,0.03370786516853932
146.4172640000028,1.1762629709018826,0.9992339121552604,146.49176899999892,1.7346168926160104,0.0360061287027579
146.6837480000028,1.1733725972608062,0.9992339121552604,146.7335569999989,1.7540764003881697,0.013789581205311567
146.91724700000282,1.1665708535220474,0.9992339121552604,146.9409669999988,1.7962641424793437,0.0
147.15919500000288,1.1590857285998248,0.9992339121552604,147.18497999999886,1.8474231495098972,0.0
147.40416300000288,1.1549797868569738,0.9992339121552604,147.42581899999885,1.8832877199394809,0.0
147.6586830000029,1.1573179123616895,0.9992339121552604,147.6748789999987,1.8775679682371682,0.0
147.9025130000029,1.1632124201382064,0.9992339121552604,147.93623499999882,1.8211695570589486,0.0
148.15295800000288,1.1644013959673685,0.9992339121552604,148.22623299999867,1.7279377771534845,0.04060265577119506
148.39582100000294,1.1564825093661413,0.9992339121552604,148.45790399999876,1.6234269791347238,0.18122233571671767
148.65238900000293,1.1434017417735014,0.9992339121552604,148.66876099999874,1.5326656451601062,0.3516343207354443
148.89129200000295,1.134589864068474,0.9992339121552604,148.90958999999873,1.4714134439060287,0.5184712291453865
149.1404190000029,1.1406626317809274,0.9992339121552604,149.20467899999872,1.4463945067202741,0.5887810691181479
149.3850220000029,1.1701575345145432,0.9992339121552604,149.43940999999873,1.4577686513058243,0.5506469186244467
149.63503400000295,1.2271179092166211,0.9992339121552604,149.6845499999987,1.4898650330676864,0.469611848825332
149.89030200000286,1.308542602813444,0.9670582226762001,149.91935399999875,1.5143827841643014,0.40287708546135514
150.1277450000029,1.4022607277287482,0.7234422880490297,150.16686099999885,1.5157018237591848,0.40049370105549875
150.37427900000296,1.4877357224408048,0.47318692543411645,150.47645699999887,1.4974462367424648,0.4493530813755533
150.624916000003,1.5427818649371692,0.33495062989445007,150.6539739999988,1.4697970261467106,0.523237997957099
150.876672000003,1.5539056906666797,0.3206503234593122,150.91804999999877,1.440336452544028,0.6018896833503576
151.12626300000306,1.5217943593556567,0.38500170241743276,151.14687699999882,1.4137453042563068,0.6924582907728976
151.36977300000316,1.4593548927111244,0.5506469186244467,151.38682899999878,1.3933369786491259,0.7472761321075927
151.6231200000031,1.384419536569831,0.7806435137895812,151.64196799999883,1.3814832473652718,0.7925604358188629
151.86258000000316,1.3147987379921537,0.9570990806945862,151.90123599999885,1.3778829981714273,0.8020939734422882
152.11751200000325,1.2657502006788566,0.9992339121552604,152.13929999999888,1.375919100687276,0.8116275110657133
152.3558100000032,1.2472197369228715,0.9992339121552604,152.37571099999874,1.3643888090886587,0.8536772216547497
152.6038890000032,1.2597288056578244,0.9992339121552604,152.65650699999867,1.3356616095941956,0.9103677221654749
152.8663690000032,1.2948188373241858,0.9977017364657813,152.88326299999864,1.2924069122241764,0.9992339121552604
153.10498300000327,1.3418979734103562,0.8965781409601634,153.12377199999864,1.2428746498031724,0.9992339121552604
153.3549530000033,1.394018424763307,0.7472761321075927,153.3799939999987,1.1940604409753135,0.9992339121552604
153.59366600000334,1.4479987860418322,0.5840143003064351,153.6275689999986,1.1516268599122599,0.9992339121552604
153.84302400000334,1.5015907340262191,0.43743615934627167,153.88042899999843,1.121413097308941,0.9992339121552604
154.0864360000033,1.5496152116544941,0.3242254000680967,154.15949599999837,1.1120477345463722,0.9992339121552604
154.3604450000032,1.5833623571048057,0.24557371467483832,154.39232799999843,1.1345356182440678,0.9992339121552604
154.5870300000032,1.5921393312818122,0.2288900238338441,154.61815299999856,1.1931683887001987,0.9992339121552604
154.8390960000032,1.5663239139641596,0.28847463398025197,154.89797799999855,1.2713653258321975,0.9992339121552604
155.0833360000032,1.5045023510511548,0.43147769833163085,155.15409699999856,1.3254301505255452,0.9287538304392235
155.32891000000336,1.4188173205767405,0.6710078311201907,155.39791899999855,1.3242238545296106,0.9325842696629213
155.5732310000034,1.329551470559123,0.9226251276813074,155.6259059999986,1.2792970543207212,0.9992339121552604
155.8228760000033,1.2554716662128083,0.9992339121552604,155.84893299999862,1.2208157605710859,0.9992339121552604
156.07122100000316,1.2088072542784336,0.9992339121552604,156.11632899999873,1.1757387488524185,0.9992339121552604
156.3141610000032,1.1951032177148817,0.9992339121552604,156.34180999999884,1.1619473374535714,0.9992339121552604
156.57203400000319,1.2150183842585343,0.9992339121552604,156.5902539999988,1.1875356637866745,0.9992339121552604
156.80989400000308,1.2652448858653713,0.9992339121552604,156.88985299999882,1.2484177480537428,0.9992339121552604
157.05827600000316,1.3392318313973395,0.9050051072522981,157.26620299999888,1.3240981188857597,0.9325842696629213
157.31681100000324,1.4241441918547806,0.6578992168879809,157.54438599999872,1.3774778449338505,0.8020939734422882
157.56821400000325,1.4992232719822938,0.4445863125638406,157.71375399999857,1.3764633846786092,0.8080524344569288
157.8062780000032,1.5397223848541925,0.3397173987061627,157.92068899999853,1.3224266314533124,0.9348825331971399
158.05535100000316,1.5324797066906244,0.3516343207354443,158.15273499999842,1.2456745820596218,0.9992339121552604
158.2951990000033,1.4841980404013042,0.4827204630575418,158.33419699999828,1.1819298694486453,0.9992339121552604
158.56729100000325,1.4126554633748503,0.6936499829758258,158.59228699999815,1.1580061854658312,0.9992339121552604
158.7925510000032,1.3357872941449247,0.9103677221654749,158.84054399999815,1.1882214602792587,0.9992339121552604
159.03998200000316,1.2669935683503573,0.9992339121552604,159.05748399999817,1.2691669433107196,0.9992339121552604
159.29596800000314,1.2138991383474904,0.9992339121552604,159.31636699999822,1.3769419450119595,0.8032856656452163
159.5399860000031,1.1785845213246688,0.9992339121552604,159.57746199999826,1.4784550490193833,0.499404153898536
159.79041800000306,1.1579123373082738,0.9992339121552604,159.80744499999832,1.5527196547588697,0.3206503234593122
160.02539700000295,1.1445383450452535,0.9992339121552604,160.04950899999824,1.5995242662012708,0.21578140960163433
160.27635700000297,1.1321901138654076,0.9992339121552604,160.31629999999825,1.6320369134281096,0.15738849165815452
160.5263520000031,1.121962157373777,0.9992339121552604,160.54387899999816,1.6652998721454582,0.11108273748723184
160.780360000003,1.121923523449854,0.9992339121552604,160.80937599999828,1.7075583975954851,0.05669050051072521
161.01737100000298,1.140236974359043,0.9992339121552604,161.04291799999805,1.7554347396368242,0.012257405515832457
161.2650890000029,1.1747314392774155,0.9992339121552604,161.300331999998,1.798949492089195,0.0
161.5123210000028,1.2117953334384937,0.9992339121552604,161.5542759999981,1.8351115914837157,0.0
161.7597460000027,1.2354437346716114,0.9992339121552604,161.80524999999795,1.8745470809406333,0.0
162.03296300000267,1.2354921072823044,0.9992339121552604,162.04732399999796,1.9387805715484505,0.0
162.26343300000272,1.20942455801479,0.9992339121552604,162.27691599999798,2.0487198380558027,0.0
162.50698700000285,1.1606765916078758,0.9992339121552604,162.530471999998,2.2043532990043255,0.0
162.75212700000276,1.0973170637415237,0.9992339121552604,162.780460999998,2.3734636951192862,0.0
163.0157040000028,1.030997566561782,0.9992339121552604,163.03245199999793,2.507648660567509,0.0
163.24445100000278,0.975608284383734,0.9992339121552604,163.28430799999796,2.567423203805644,0.0
163.49393000000273,0.9436603282486519,0.9992339121552604,163.52632099999792,2.540221760296941,0.0
163.7453880000028,0.9423275465636684,0.9992339121552604,163.78593399999787,2.4405530155140256,0.0
163.9927650000028,0.9729065084149642,0.9992339121552604,164.01846599999791,2.2973652835459903,0.0
164.23817300000286,1.0347498344295452,0.9992339121552604,164.25906999999785,2.143554195162676,0.0
164.490614000003,1.1274945921541435,0.9992339121552604,164.50583199999787,2.004921519955315,0.0
164.736184000003,1.249531862504127,0.9992339121552604,164.7750619999978,1.8917719957527661,0.0
164.98212100000293,1.3919815334029635,0.7580013619339464,165.02169699999786,1.7997031342399086,0.0
165.24590500000303,1.5385708042516333,0.34090909090909094,165.25924899999788,1.7148138968511766,0.04902962206332991
165.49207000000305,1.673786654381846,0.09805924412665983,165.50083299999793,1.627055537035763,0.1716887980932925
165.72657100000305,1.787750321636019,0.0,165.76760999999803,1.540690202637696,0.33733401430030646
165.96840900000313,1.8748212125934995,0.0,166.00012599999806,1.472633642569492,0.514896152536602
166.22181400000295,1.9305511055162825,0.0,166.268237999998,1.4450428916032803,0.5887810691181479
166.4658950000029,1.9520465844958892,0.0,166.49712699999804,1.4787143603760986,0.49821246169560773
166.71375900000285,1.9402676519371365,0.0,166.76622399999803,1.5830871611296844,0.24557371467483832
166.96167000000273,1.9004211323807774,0.0,167.02073699999798,1.745606029951778,0.023748723186925443
167.20562200000268,1.8421136285573483,0.0,167.29021099999787,1.9321473680744319,0.0
167.4596900000026,1.7773177291626316,0.0,167.48953899999782,2.102909175911998,0.0
167.70016500000267,1.7192241955661844,0.04596527068437178,167.76055199999783,2.2255774148948033,0.0
167.94913900000273,1.6805203544268066,0.09193054136874364,167.97866399999774,2.2883354965547076,0.0
168.19626500000282,1.6669104590247708,0.1080183861082737,168.23144299999765,2.3043715221683447,0.0
168.45610400000294,1.677382260557264,0.09422880490296222,168.4825689999976,2.3070372577738523,0.0
168.6937800000029,1.70436249602239,0.0605209397344229,168.7325689999976,2.332934733871684,0.0
168.9417250000028,1.7370088178982543,0.03447395301327887,169.00944899999763,2.4028732613357127,0.0
169.1885140000027,1.7650511890277145,0.00383043922369769,169.28429799999768,2.5085886646967275,0.0
169.42972900000282,1.778956710963195,0.0,169.5218089999977,2.6280856708647873,0.0
169.70347600000275,1.7750337642180818,0.0,169.74907099999766,2.7484704352135263,0.0
169.93230800000262,1.7567394698459173,0.009959141981613876,169.96353199999763,2.876251707604346,0.0
170.1753730000026,1.7339463929367427,0.0360061287027579,170.24160699999763,3.0234514896005065,0.0
170.42933800000256,1.719886932318883,0.04443309499489275,170.45605199999767,3.1936239748526924,0.0
170.67038500000257,1.723364034881952,0.04213483146067417,170.70769299999765,3.3734504180092273,0.0
170.9181350000026,1.7438937974179334,0.026046986721144024,170.94984099999772,3.5322608557669133,0.0
171.17344800000242,1.7711203332972025,0.0,171.19694499999778,3.6294527141162782,0.0
171.4140510000025,1.7893005346121456,0.0,171.44298999999782,3.634932121155559,0.0
171.66808100000256,1.78694681044144,0.0,171.7083159999978,3.5433829663510057,0.0
171.90646400000264,1.7634031857414294,0.006894790602655742,171.95133799999783,3.373937734258804,0.0
172.15799300000268,1.726284465827913,0.041368743615934615,172.20219199999784,3.163021733893179,0.0
172.40232200000264,1.6865509080593184,0.08733401430030639,172.4856709999979,2.945593918875348,0.0
172.65562200000267,1.6544202979953098,0.12640449438202242,172.75102899999789,2.738489276723045,0.0
172.91598200000257,1.6415943304766292,0.1378958120531154,172.99015599999785,2.5398925027084216,0.0
173.14661500000258,1.6620279874994845,0.115679264555669,173.20014399999792,2.345972279810421,0.0
173.4016040000026,1.7276140519516312,0.04060265577119506,173.48162099999794,2.1638819701283016,0.0
173.6455300000026,1.8378841062380342,0.0,173.7790629999979,2.0119209123097654,0.0
173.88513100000256,1.975217525564572,0.0,174.01805899999786,1.9151946953458416,0.0
174.14125900000255,2.1098200366115702,0.0,174.21646399999784,1.8975402633343474,0.0
174.3930420000026,2.2105371415257586,0.0,174.41157399999787,1.9687342219636594,0.0
174.6291740000026,2.2605199870009223,0.0,174.66202499999787,2.1081707765835778,0.0
174.87848600000257,2.2648960077068043,0.0,174.91444999999786,2.259937044161582,0.0
175.1291370000025,2.2422611413640405,0.0,175.1594599999979,2.3630336337572397,0.0
175.37854600000256,2.2124786426915506,0.0,175.4152299999979,2.391040073740225,0.0
175.6236820000024,2.18683050144909,0.0,175.66439799999785,2.353397337169848,0.0
175.8695660000024,2.162655389732044,0.0,175.92277699999784,2.2739606992590153,0.0
176.12359900000243,2.1255600660978526,0.0,176.15324099999785,2.17688589536803,0.0
176.36604000000236,2.0583577887209303,0.0,176.3938559999979,2.081535711262939,0.0
176.61408100000241,1.9532225848016056,0.0,176.66572999999786,2.001741254615465,0.0
176.8567860000024,1.8180198752821806,0.0,176.9078159999979,1.945768373035909,0.0
177.10611000000236,1.6688424922076552,0.10495403472931565,177.1867819999978,1.9145338857023846,0.0
177.37885600000232,1.5232856151358916,0.3766598569969356,177.41054199999778,1.9004483545867124,0.0
177.60329000000223,1.3958291367243616,0.7413176710929521,177.6416719999979,1.892806317067223,0.0
177.86332600000213,1.296691333652024,0.9923391215526046,177.89503799999787,1.8810685590632563,0.0
178.10362200000213,1.2311873756768468,0.9992339121552604,178.1252919999979,1.857454677982441,0.0
178.34861800000212,1.2024884094864425,0.9992339121552604,178.37927299999788,1.8197889431727416,0.0
178.59457300000219,1.2088793835803617,0.9992339121552604,178.65681299999784,1.771394476153159,0.0
178.84387900000226,1.2380461153548,0.9992339121552604,178.88281499999783,1.7198567093533517,0.04443309499489275
179.08884100000233,1.2711536192333823,0.9992339121552604,179.14133199999787,1.6699655417955275,0.10265577119509699
179.3368850000022,1.2921497357758405,0.9992339121552604,179.39475299999785,1.6238224079178853,0.18003064351378958
179.58528200000225,1.296537861664855,0.9923391215526046,179.65457999999782,1.5849587492874955,0.24080694586312568
179.84829100000232,1.2923792893589,0.9992339121552604,179.86583699999784,1.5611811035227416,0.303966632618318
180.08337100000222,1.2922880530107224,0.9992339121552604,180.11811999999784,1.5627409858988979,0.30158324821246174
180.32931000000224,1.3075839450684903,0.9678243105209396,180.3631039999978,1.5985536183220277,0.21697310180456253
180.60769900000216,1.3437647587696753,0.8950459652706844,180.60451799999774,1.6749564475494085,0.0965270684371808
180.82535100000214,1.3982433171747397,0.7341675178753833,180.84748699999767,1.7866534302141501,0.0
181.07524500000204,1.4587523424795692,0.5506469186244467,181.12556499999772,1.9100815438426284,0.0
181.31878400000195,1.5067628132084454,0.4243275451140619,181.37334399999767,2.0114058002734083,0.0
181.56712700000196,1.5260199670582824,0.3683180115764385,181.71788899999785,2.0662097445755836,0.0
181.80757500000192,1.5141230623171986,0.40287708546135514,181.9244699999977,2.0728899316761806,0.0
182.0546420000019,1.480683059366105,0.49582907728975156,182.13927799999772,2.052534174861602,0.0
182.31464800000202,1.439239241049553,0.6078481443649983,182.38439799999782,2.0404612928001984,0.0
182.58595600000206,1.400206393004821,0.7270173646578142,182.62127799999786,2.0775571812938924,0.0
182.805943000002,1.3662599792061683,0.8485699693564862,182.85563199999777,2.1918854613034573,0.0
183.05244100000203,1.331844803526534,0.9195607763023492,183.08162399999773,2.377042916335257,0.0
183.30176300000207,1.2872064087338533,0.9992339121552604,183.32772899999773,2.586078457127172,0.0
183.545204000002,1.2270381100952839,0.9992339121552604,183.5765769999976,2.750939437218154,0.0
183.800269000002,1.156437591747743,0.9992339121552604,183.82465799999758,2.813822727783053,0.0
184.03969200000196,1.0863468570833579,0.9992339121552604,184.07415999999756,2.7506122261370307,0.0
184.28309100000197,1.027158355764564,0.9992339121552604,184.33461499999748,2.579506268477158,0.0
184.5356830000019,0.9845313316028997,0.9992339121552604,184.5650799999975,2.344960275484486,0.0
184.77808900000193,0.9568940646533137,0.9992339121552604,184.82570999999754,2.1015680881921526,0.0
185.05372400000206,0.9368651653372597,0.9992339121552604,185.06696399999768,1.8997375986235734,0.0
185.28163200000196,0.9171229901587561,0.9992339121552604,185.3096789999977,1.7742419181342248,0.0
185.5293880000019,0.8958668936719458,0.9992339121552604,185.56301599999762,1.7372524454466785,0.03370786516853932
185.7758110000019,0.8786087773578862,0.9992339121552604,185.8061549999976,1.7814452029651686,0.0
186.02126900000184,0.8765556806423715,0.9992339121552604,186.0500279999975,1.8882820694111735,0.0
186.2707410000017,0.9029418598108566,0.9992339121552604,186.2988599999975,2.0334789240143505,0.0
186.51677600000153,0.9675902838225487,0.9992339121552604,186.55045699999752,2.1922572130015165,0.0
186.75820100000155,1.0712263858368531,0.9992339121552604,186.80861099999746,2.3396873610324156,0.0
187.01077900000146,1.1997878255644767,0.9992339121552604,187.03971199999734,2.4523020739334562,0.0
187.25819100000146,1.3252016276336547,0.9287538304392235,187.30853799999736,2.512095126380829,0.0
187.50670000000142,1.415939439672071,0.6793496765406878,187.53965199999723,2.5128606332390766,0.0
187.7514290000015,1.4508510002929378,0.5768641470888661,187.7965709999971,2.4693255830517393,0.0
188.00046700000163,1.4289392835446644,0.6388321416411304,188.0405929999971,2.4092609616730543,0.0
188.26385900000164,1.3702427730326023,0.8342696629213483,188.28108099999707,2.3605975396016494,0.0
188.49743900000163,1.307496847711736,0.9678243105209396,188.53039699999704,2.341964711434654,0.0
188.7554770000018,1.2670062758772263,0.9992339121552604,188.7699869999971,2.3583577764083,0.0
188.99191400000183,1.2569269929021485,0.9992339121552604,189.02793599999708,2.400157895835073,0.0
189.24347900000183,1.2735144715879123,0.9992339121552604,189.29595399999712,2.44396022594602,0.0
189.48445600000184,1.3102759218286382,0.9647599591419815,189.51745599999714,2.462842922405413,0.0
189.73250800000173,1.358513739832776,0.8651685393258426,189.7639489999972,2.4392194052481444,0.0
189.98600100000175,1.4083009250501015,0.7079502894109636,190.0131579999972,2.3729364853292516,0.0
190.23085000000162,1.4516638779726394,0.5744807626830098,190.2824749999971,2.282181440454195,0.0
190.47489200000157,1.4824612573313989,0.4946373850868233,190.51798099999715,2.1885974111081694,0.0
190.73912700000156,1.4944585871336555,0.4529281579843377,190.7738829999972,2.1050828325526836,0.0
190.9703300000015,1.4850723305235984,0.4803370786516854,191.0034889999972,2.033407065269283,0.0
191.22886200000147,1.4627146331875747,0.5399216887980932,191.27741099999713,1.9733312792586795,0.0
191.47388400000142,1.4446074547757581,0.5911644535240042,191.49729199999715,1.9273529577668047,0.0
191.71880000000155,1.447843396401286,0.5852059925093633,191.7577979999971,1.8978929224544596,0.0
191.96492100000145,1.480944730414584,0.4946373850868233,192.0058449999971,1.885546594933507,0.0
192.2109560000015,1.5403245541209554,0.33852570650323455,192.23721399999712,1.8893359578051263,0.0
192.46293700000146,1.6118220996520884,0.19909771876064009,192.52005399999715,1.9054813187292374,0.0
192.70644000000146,1.6778332807907144,0.09422880490296222,192.7408989999972,1.9286045783131593,0.0
192.95897900000145,1.7214083804435671,0.04443309499489275,192.99001999999726,1.9518746173183366,0.0
193.20029400000132,1.7323947125216717,0.036772216547497454,193.24246399999734,1.9675419308394793,0.0
193.45030000000133,1.7102338049238344,0.05439223697650663,193.48198999999738,1.970384259097927,0.0
193.69927300000128,1.6662703178795395,0.10878447395301326,193.7333619999974,1.954852078418926,0.0
193.95343300000133,1.619839806484555,0.18479741232550226,194.04993099999734,1.9164956888586229,0.0
194.19078400000123,1.583263198804752,0.24557371467483832,194.23630999999733,1.8635490463310929,0.0
194.43580400000116,1.5566834279735338,0.31588355464759954,194.5217909999973,1.8252384290661385,0.0
194.69765100000106,1.534284865563867,0.34805924412665984,194.7592259999973,1.844522333661366,0.0
194.93577300000106,1.513722388413334,0.4052604698672114,194.97663499999732,1.9586926169193444,0.0
195.1840180000011,1.4961987102902932,0.4517364657814096,195.24619899999723,2.1747838572749165,0.0
195.42888800000105,1.4837719225041102,0.4862955396663262,195.53611299999721,2.4538511446788673,0.0
195.67189100000098,1.4812695251412873,0.4946373850868233,195.73045099999715,2.7192393513891564,0.0
195.93978800000093,1.493940332174905,0.4529281579843377,195.95972099999724,2.8995198882160884,0.0
196.16622800000093,1.5212274599812283,0.38619339462036095,196.21485499999733,2.963567690454105,0.0
196.41971800000093,1.5559498779184802,0.31826693905345593,196.45548799999725,2.922432002609793,0.0
196.66707900000094,1.587779857234617,0.236040177051413,196.7003459999973,2.8121867895027464,0.0
196.91496200000094,1.609872350653353,0.20028941096356828,196.9436499999973,2.676911344411532,0.0
197.16236800000084,1.6232960223879598,0.18122233571671767,197.19924999999733,2.5543828510587296,0.0
197.4073340000008,1.6347403215302763,0.1493871297242083,197.44318599999733,2.465326902648656,0.0
197.65489400000084,1.648961301123142,0.1302349336057201,197.68709699999732,2.4103079553979736,0.0
197.91781200000082,1.6604317412414928,0.11644535240040856,197.94195499999725,2.372592184019258,0.0
198.14658500000095,1.65424377088747,0.12640449438202242,198.1860839999972,2.3284733610375996,0.0
198.39704200000097,1.6191629305230355,0.18479741232550226,198.44503999999725,2.2629554606603937,0.0
198.6433650000009,1.5594470049362363,0.3111167858358869,198.68741099999733,2.1755951525299957,0.0
198.89089600000096,1.4901686928601472,0.46842015662240377,198.93697099999733,2.0758986746782777,0.0
199.16689200000096,1.428349146148519,0.6424072182499149,199.17689899999732,1.9801648889077583,0.0
199.39025700000101,1.3884466878932238,0.763959822948587,199.42838599999718,1.91097383286142,0.0
199.63541500000096,1.380740407699874,0.7961355124276474,199.6741229999971,1.8895004900538233,0.0
199.8782940000009,1.4082464848576528,0.7079502894109636,199.91961399999707,1.9222243371564047,0.0
200.1302290000008,1.4637137777482574,0.5375383043922369,200.1847899999971,1.9910277974196238,0.0
200.4068330000008,1.525720832177616,0.3683180115764385,200.41361899999717,2.0581886953343145,0.0
200.6353250000007,1.561442174348612,0.303966632618318,200.66504099999727,2.08607527015718,0.0
200.87042800000074,1.5481755542642066,0.3266087844739529,200.91070799999727,2.055868089506968,0.0
201.11942600000063,1.493107667223082,0.45650323459312225,201.16801599999727,1.9711146776102633,0.0
201.3658540000007,1.4247060908949265,0.6567075246850529,201.40198899999734,1.8505445137960206,0.0
201.6108420000007,1.3670020283516067,0.8473782771535581,201.66604299999733,1.7184916949810152,0.04673135852911133
201.8608300000006,1.3289823042566307,0.923391215526047,201.8989259999973,1.5981355786046902,0.21697310180456253
202.1131880000006,1.3070157098935824,0.9685903983656792,202.16391899999735,1.509341947866729,0.4147940074906368
202.3650710000004,1.292418887305085,0.9992339121552604,202.39837099999733,1.467797006819503,0.5256213823629554
202.6066400000004,1.2763246243054833,0.9992339121552604,202.64411099999728,1.4801215435358435,0.4970207694926796
202.86050600000038,1.2521571938013538,0.9992339121552604,202.89265899999725,1.5431191557900812,0.33495062989445007
203.10094900000036,1.2179517664006907,0.9992339121552604,203.13663799999722,1.6447138411920612,0.13406537282941772
203.3534880000004,1.1760861057363061,0.9992339121552604,203.44811299999722,1.762539959662454,0.006894790602655742
203.60779700000032,1.129196449709753,0.9992339121552604,203.6450129999971,1.8722026752550314,0.0
203.83736400000024,1.078957406132107,0.9992339121552604,203.88143899999707,1.9613222642846462,0.0
204.09440300000014,1.0265344489355028,0.9992339121552604,204.1762379999971,2.0320039560384195,0.0
204.336797,0.9725513780511954,0.9992339121552604,204.387767999997,2.0949545663031586,0.0
204.57940199999993,0.9173872355929752,0.9992339121552604,204.6770229999969,2.1563395045059637,0.0
204.83471899999992,0.8627053794435323,0.9992339121552604,204.9070009999969,2.2101706114007564,0.0
205.08238699999993,0.8124561132809675,0.9992339121552604,205.12054399999693,2.2474609944532364,0.0
205.32717299999993,0.7705906590366858,0.9992339121552604,205.41017999999687,2.2654494918299006,0.0
205.57661699999986,0.7389047907719569,0.9992339121552604,205.61575599999682,2.2677313869495856,0.0
205.8428729999998,0.7160036149868595,0.9992339121552604,205.86134799999667,2.2604505929844287,0.0
206.0708559999998,0.699183098346484,0.9992339121552604,206.13278999999656,2.249040129849362,0.0
206.3163599999998,0.6895353087662995,0.9992339121552604,206.39558899999665,2.234227237394471,0.0
206.5676749999998,0.6934861403346587,0.9992339121552604,206.64011599999665,2.209654095547342,0.0
206.8226799999998,0.7194504134115423,0.9992339121552604,206.88906799999643,2.1646045032901724,0.0
207.06057699999968,0.7735776246777969,0.9992339121552604,207.0977849999964,2.091741996984106,0.0
207.31117099999966,0.8565679954223081,0.9992339121552604,207.36326799999637,1.9912854756675162,0.0
207.55221499999965,0.9609357434712483,0.9992339121552604,207.61173699999645,1.8718081329335345,0.0
207.81149999999957,1.0701157972478403,0.9992339121552604,207.92095899999637,1.7472496906654365,0.020684371807967308
208.0734199999996,1.1613094763016325,0.9992339121552604,208.12719399999642,1.6300678871974124,0.16334695267279536
208.30096699999964,1.2138665334932157,0.9992339121552604,208.42824199999637,1.5278962659967426,0.3587844739530132
208.54588499999969,1.2191456392357753,0.9992339121552604,208.66496499999627,1.4429995571622556,0.5947395301327886
208.7982949999997,1.1858553988699405,0.9992339121552604,208.85592299999627,1.3738576430654694,0.8199693564862105
209.04038499999976,1.1334937948511057,0.9992339121552604,209.11588199999625,1.3176784828643722,0.949438202247191
209.28827399999983,1.0803783761537151,0.9992339121552604,209.3314739999964,1.2723527622201052,0.9992339121552604
209.5328379999998,1.036309048792324,0.9992339121552604,209.59982199999638,1.2343283222286385,0.9992339121552604
209.78594599999977,1.0020348669478778,0.9992339121552604,209.84335899999633,1.1981795142210954,0.9992339121552604
210.03784199999976,0.9736510327606025,0.9992339121552604,210.12591299999622,1.159141359121062,0.9992339121552604
210.28165199999984,0.9469198796455471,0.9992339121552604,210.34502799999626,1.116050628243558,0.9992339121552604
210.5216489999997,0.9193614616782336,0.9992339121552604,210.5689289999962,1.0718235571730201,0.9992339121552604
210.77275999999966,0.8923517395834353,0.9992339121552604,210.8163189999963,1.0313946354571741,0.9992339121552604
211.0188619999998,0.8731083327393581,0.9992339121552604,211.09385399999627,0.9998829490884291,0.9992339121552604
211.2864249999997,0.8745287514838338,0.9992339121552604,211.30716699999618,0.981524238843562,0.9992339121552604
211.5152589999997,0.9110342088503738,0.9992339121552604,211.54876199999626,0.978349041248303,0.9992339121552604
211.76335399999968,0.9902450199989405,0.9992339121552604,211.80566799999616,0.9900374231177389,0.9992339121552604
212.01835399999965,1.1064232198813118,0.9992339121552604,212.04563899999613,1.0138046827451985,0.9992339121552604
212.25848899999963,1.2406474131047778,0.9992339121552604,212.35419599999614,1.0466526239615577,0.9992339121552604
212.5038759999996,1.3701658116730722,0.8342696629213483,212.5891209999962,1.0902355720380794,0.9992339121552604
212.7546799999996,1.4812244757322595,0.4946373850868233,212.8192139999962,1.1516405451184049,0.9992339121552604
213.00657499999951,1.5691714251075817,0.281324480762683,213.06516199999618,1.2414122887978507,0.9992339121552604
213.25059999999945,1.6338380941332606,0.152621722846442,213.3595039999962,1.367417871671229,0.8473782771535581
213.50211099999945,1.6753788982957913,0.09576098059244124,213.62759399999604,1.5251919237172347,0.3707013959822949
213.74692099999953,1.6933024773371605,0.07354443309499491,213.934473999996,1.692814852561425,0.07431052093973438
213.98738699999947,1.6852829364438167,0.08810010214504595,214.18091099999583,1.8417965501020352,0.0
214.2417209999995,1.6514947995849103,0.12946884576098056,214.42544899999572,1.9531239036778973,0.0
214.49168599999956,1.5994354382741567,0.21578140960163433,214.63797199999556,2.0230716220953067,0.0
214.73588499999948,1.5441381406992996,0.333758937691522,214.87453299999558,2.0620747569303752,0.0
214.97677499999944,1.501399837564278,0.43743615934627167,215.05241599999547,2.0893479639322443,0.0
215.22735999999946,1.4798518378356906,0.4970207694926796,215.26834099999542,2.1250838274394592,0.0
215.47452499999937,1.4737422231620536,0.5125127681307456,215.53089899999554,2.185610098434663,0.0
215.74541299999936,1.4681910161823035,0.5256213823629554,215.7642999999955,2.27876569014935,0.0
215.98451899999935,1.4510984607404258,0.5768641470888661,216.02298099999555,2.3976489552231848,0.0
216.21844599999943,1.418300084461059,0.6733912155260471,216.26714699999567,2.5181474385903333,0.0
216.46730299999953,1.3713331977502277,0.8283112019067075,216.51227999999554,2.6126487875171285,0.0
216.72256399999958,1.3140752385219883,0.9601634320735444,216.7567989999955,2.666804889191635,0.0
216.96818899999954,1.251361228525958,0.9992339121552604,217.0121019999955,2.682558125281041,0.0
217.2265119999996,1.1879022490767759,0.9992339121552604,217.24841599999553,2.6678747253804893,0.0
217.4571379999995,1.1274963946325274,0.9992339121552604,217.5002809999955,2.6276230463541794,0.0
217.70361299999962,1.073065986840385,0.9992339121552604,217.74270999999564,2.5625408644763237,0.0
217.9537059999996,1.0260542393661019,0.9992339121552604,218.01160599999557,2.4757249305111255,0.0
218.19437299999967,0.9865035403458204,0.9992339121552604,218.24154299999552,2.3807818325698418,0.0
218.44906299999948,0.9539444812773746,0.9992339121552604,218.50832899999546,2.3031183911126445,0.0
218.69846399999935,0.9311596745919113,0.9992339121552604,218.75990899999545,2.274710923697085,0.0
218.95930499999923,0.9286340742624482,0.9992339121552604,218.9778169999955,2.3221870912103295,0.0
219.19096299999924,0.9582308528442667,0.9992339121552604,219.23941499999552,2.4465353159194683,0.0
219.43945699999932,1.0237641429158684,0.9992339121552604,219.53229399999557,2.617210422496865,0.0
219.6853479999993,1.1151748108280386,0.9992339121552604,219.74638299999566,2.7840489672073008,0.0
219.93485499999935,1.2112628969778463,0.9992339121552604,219.99879899999553,2.8942142965095696,0.0
220.17726499999932,1.290357847229873,0.9992339121552604,220.21787299999536,2.9056428220698907,0.0
220.42725899999925,1.3393811786899819,0.9050051072522981,220.4838089999954,2.8048972915072468,0.0
220.67337099999924,1.3542295949748069,0.8735955056179775,220.7118689999954,2.6151320216401155,0.0
220.92980999999924,1.338520740148847,0.9065372829417773,220.97114899999536,2.379418292631007,0.0
221.16982099999933,1.3009985089132008,0.9800817160367722,221.2267439999953,2.136398667685563,0.0
221.41822099999925,1.2516592091657286,0.9992339121552604,221.48064499999526,1.9092129226542673,0.0
221.6637189999992,1.1993358941609846,0.9992339121552604,221.71131599999532,1.7079181424218404,0.05669050051072521
221.91461499999926,1.1490106665955422,0.9992339121552604,221.9740489999954,1.535300466904739,0.34805924412665984
222.17167599999928,1.1016314514211225,0.9992339121552604,222.23369299999544,1.3939151618101748,0.7472761321075927
222.41362099999927,1.0564558871992478,0.9992339121552604,222.50828599999554,1.2887356840440887,0.9992339121552604
222.65802399999913,1.0154554438405117,0.9992339121552604,222.7478009999957,1.2254286150218303,0.9992339121552604
222.9059509999991,0.9830597963494556,0.9992339121552604,222.99130299999572,1.2087110226986495,0.9992339121552604
223.1630609999991,0.9632733168868821,0.9992339121552604,223.19772599999584,1.2378629234912564,0.9992339121552604
223.42292399999906,0.9588195322217263,0.9992339121552604,223.45768299999582,1.3035323324555237,0.9739530132788559
223.6538919999991,0.9726265577065699,0.9992339121552604,223.7076759999958,1.3889095227552177,0.7627681307456589
223.89557699999898,1.0054130384585747,0.9992339121552604,223.9312259999958,1.4739420092303266,0.5125127681307456
224.147152999999,1.0519250338542656,0.9992339121552604,224.21259699999578,1.5405297949182823,0.33852570650323455
224.39924699999898,1.1014020564651488,0.9992339121552604,224.4366609999958,1.5788811875292066,0.25391556009533534
224.6386019999989,1.1444680673474847,0.9992339121552604,224.69929999999596,1.591947067742948,0.2288900238338441
224.90049599999887,1.1758780468553252,0.9992339121552604,224.92344999999605,1.5918983643405158,0.2288900238338441
225.1390869999988,1.194118291795423,0.9992339121552604,225.211512999996,1.5949484399748919,0.2276983316309159
225.39084899999875,1.2016189387894,0.9992339121552604,225.4262569999961,1.6148352413941742,0.19313925774599938
225.63485799999876,1.2022777968296587,0.9992339121552604,225.66933999999605,1.6576909869098202,0.12180796731358527
225.8779529999987,1.2031222944448714,0.9992339121552604,225.90630999999598,1.7215601064255472,0.04443309499489275
226.13132899999863,1.2145956549211108,0.9992339121552604,226.1736169999959,1.7970548288306962,0.0
226.3772359999987,1.2525953531084506,0.9992339121552604,226.4275859999959,1.8714404307984296,0.0
226.62931399999871,1.3377566742092786,0.9080694586312563,226.69717599999598,1.931888401276821,0.0
226.8710159999987,1.4852865226142964,0.47914538644875726,226.90746399999597,1.9676747077674355,0.0
227.12009899999862,1.6904691824724276,0.07890704800817162,227.19542999999587,1.9783236856282185,0.0
227.3661499999987,1.9208591561175026,0.0,227.4344309999959,1.9751598195253612,0.0
227.60854099999855,2.125076173771994,0.0,227.72421299999593,1.976574725625119,0.0
227.85923699999853,2.252910598762152,0.0,227.9733939999958,1.9993145088100057,0.0
228.1050309999985,2.273280780510325,0.0,228.22114799999585,2.0576128778723435,0.0
228.34927999999843,2.1901008936074087,0.0,228.44318799999584,2.1619570825298746,0.0
228.60182599999848,2.0363075221243703,0.0,228.64559899999594,2.3170470847364455,0.0
228.85063699999841,1.8557933682624732,0.0,228.889881999996,2.5141610456752006,0.0
229.09523999999846,1.68782185807922,0.08273748723186923,229.158428999996,2.7266006813629104,0.0
229.35018199999848,1.5600724133650397,0.30754170922710244,229.39441799999602,2.908072507846561,0.0
229.59203399999842,1.485917397933267,0.47676200204290087,229.68153899999612,3.005284483954396,0.0
229.8436159999985,1.4615108787610809,0.5434967654068776,229.9045679999961,2.9857602655022557,0.0
230.0869579999983,1.4672390627768732,0.5256213823629554,230.123874999996,2.8522355283027347,0.0
230.33955199999838,1.4758893892191676,0.5065543071161049,230.38386499999598,2.639359126709815,0.0
230.58599399999827,1.465139923960541,0.5315798433775962,230.61129899999594,2.3932234355617514,0.0
230.82949499999825,1.4261305017486503,0.6519407558733402,230.894635999996,2.15647290069323,0.0
231.10144099999826,1.3649679554331096,0.8513789581205311,231.11996999999607,1.959472464164793,0.0
231.31802799999824,1.295557881130753,0.9946373850868232,231.41292799999613,1.8171564425491948,0.0
231.57091399999825,1.232848432190437,0.9992339121552604,231.71697199999605,1.7297856919316468,0.039070480081716034
231.81636199999832,1.1879112764395179,0.9992339121552604,231.94144599999603,1.685982906689219,0.08810010214504595
232.07086099999827,1.1661577248910586,0.9992339121552604,232.228326999996,1.6687019822593387,0.10495403472931565
232.3168279999983,1.168441129037863,0.9992339121552604,232.44121399999608,1.6609622336124255,0.115679264555669
232.56395199999835,1.189948512401064,0.9992339121552604,232.65802899999596,1.6518116585577831,0.128702757916241
232.8170289999983,1.2227440180509288,0.9992339121552604,232.91641999999607,1.6389414516199898,0.14172625127681301
233.07253599999828,1.2596575488308965,0.9992339121552604,233.140372999996,1.6270712864721142,0.1716887980932925
233.31342099999824,1.29789890447826,0.9885086823289069,233.35748299999597,1.6235067198293103,0.18003064351378958
233.5574749999982,1.3381403416937012,0.9073033707865168,233.59054999999597,1.6292611744546224,0.16692202928157981
233.8063009999982,1.3831898040736754,0.7830268981954376,233.82821899999598,1.6366413674928157,0.1455566905005107
234.0481679999982,1.4373708916886263,0.6173816819884235,234.09061699999592,1.6342493238238645,0.1514300306435138
234.30088499999812,1.5006134729135436,0.43981954375212795,234.33459999999593,1.6138162569769223,0.19552264215185564
234.54616599999818,1.5650331400734172,0.2944330949948927,234.57212699999596,1.5741677507588157,0.265832482124617
234.79285299999808,1.6147822429472256,0.19313925774599938,234.83822699999592,1.5208699402481438,0.38619339462036095
235.056686999998,1.6305157702324025,0.16334695267279536,235.08166799999597,1.4653345456134346,0.5315798433775962
235.28467199999795,1.6010159449141068,0.21578140960163433,235.3395129999961,1.4212369979873578,0.6686244467143343
235.54894399999802,1.531579656384357,0.3516343207354443,235.57644899999605,1.399009190301514,0.7305924412665987
235.78236199999805,1.4393294729272044,0.6078481443649983,235.82141499999608,1.400259301664925,0.7258256724548859
236.029767999998,1.3437428350406824,0.8950459652706844,236.11879699999608,1.4183956883891986,0.6733912155260471
236.279392999998,1.2615273996814749,0.9992339121552604,236.3718379999961,1.4439587399137268,0.5935478379298603
236.527316999998,1.204281995871982,0.9992339121552604,236.56080499999607,1.4698482599109353,0.523237997957099
236.78887099999798,1.1768749246668215,0.9992339121552604,236.83004799999608,1.4923559451809285,0.4612700034048348
237.02735599999792,1.1789294929223275,0.9992339121552604,237.05357399999608,1.507281676121034,0.4207524685052775
237.2692389999979,1.2077490104265285,0.9992339121552604,237.33663599999602,1.509280287577222,0.4159856996935648
237.51435699999783,1.2585704233514656,0.9992339121552604,237.57596399999602,1.4944887503990265,0.4529281579843377
237.7677419999978,1.3253131831278713,0.9287538304392235,237.79824299999606,1.4631551508475447,0.5387299965951652
238.0132469999978,1.4001010313345377,0.7270173646578142,238.06107399999607,1.4171955783312364,0.6757745999319034
238.2598219999979,1.4719906550920434,0.5160878447395301,238.30235199999603,1.3586533029756345,0.8651685393258426
238.5028199999979,1.5273208960577391,0.3587844739530132,238.56082699999598,1.2921853899809073,0.9992339121552604
238.75088299999783,1.5534378523529813,0.3206503234593122,238.78163899999595,1.227860261080251,0.9992339121552604
238.9953809999977,1.5471171950038767,0.3289921688798093,239.03675999999598,1.1779682585339155,0.9992339121552604
239.24584699999764,1.518523900934642,0.39453524004085805,239.3056259999961,1.1510747465630766,0.9992339121552604
239.4938899999977,1.4849441512192079,0.4803370786516854,239.535856999996,1.1465408310844765,0.9992339121552604
239.74030299999757,1.4616252407085402,0.5434967654068776,239.7840659999961,1.1543492183231103,0.9992339121552604
239.9920079999975,1.451803749323143,0.5732890704800817,240.0581589999962,1.160988045021451,0.9992339121552604
240.2436149999975,1.446839537677866,0.5875893769152196,240.28713399999612,1.1544557980307395,0.9992339121552604
240.4897409999975,1.433185718594494,0.6304902962206332,240.54398499999616,1.1306050580137423,0.9992339121552604
240.7410659999975,1.4035113651700888,0.7222505958461014,240.78139599999616,1.0957274141129396,0.9992339121552604
240.97843099999747,1.3595090062612794,0.8636363636363635,241.03054199999613,1.0626935639031765,0.9992339121552604
241.22842399999752,1.3105332841145771,0.9647599591419815,241.3155209999963,1.0463302862333725,0.9992339121552604
241.4777789999975,1.2679297232975413,0.9992339121552604,241.5800279999962,1.0584058315680052,0.9992339121552604
241.72941599999734,1.2409715337234521,0.9992339121552604,241.79992399999603,1.1028338378541518,0.9992339121552604
241.98532299999732,1.2306715513275863,0.9992339121552604,242.01245899999603,1.173332345752329,0.9992339121552604
242.2187369999974,1.2306790522657953,0.9992339121552604,242.25691899999603,1.2557078232339653,0.9992339121552604
242.4713349999973,1.2314091416937547,0.9992339121552604,242.500702999996,1.3342190436699253,0.911899897854954
242.71527699999723,1.2233825057369074,0.9992339121552604,242.75546599999603,1.3971528285284962,0.7341675178753833
242.96409599999723,1.1995940116241945,0.9992339121552604,243.06209299999597,1.4397194752859583,0.6054647599591421
243.20924899999721,1.1579607556085136,0.9992339121552604,243.2834669999959,1.4611826787914963,0.544688457609806
243.45527299999736,1.1019885853763267,0.9992339121552604,243.49897499999574,1.4601954289553827,0.5482635342185904
243.71671299999744,1.0382176691171896,0.9992339121552604,243.78892199999572,1.433773917243367,0.6292986040177052
243.94955899999735,0.9739766734068289,0.9992339121552604,244.06396099999583,1.3820658600805822,0.7889853592100784
244.19954299999733,0.9151124141375284,0.9992339121552604,244.28886399999587,1.3143224501957251,0.9593973442288048
244.4469369999973,0.8667168174756997,0.9992339121552604,244.49328799999589,1.2438112501508485,0.9992339121552604
244.70048399999737,0.8333382749226722,0.9992339121552604,244.72678699999582,1.1843707233784566,0.9992339121552604
244.94099599999743,0.8166335385914641,0.9992339121552604,244.99734499999585,1.1488411967580854,0.9992339121552604
245.20147999999745,0.8173035577066337,0.9992339121552604,245.2257529999957,1.1464612708660415,0.9992339121552604
245.4403859999975,0.8360354517638345,0.9992339121552604,245.4711119999957,1.181095994799843,0.9992339121552604
245.68187499999743,0.8723311406613894,0.9992339121552604,245.72754599999578,1.246803807474359,0.9992339121552604
245.9303359999973,0.9209096547925189,0.9992339121552604,245.97490999999584,1.3260965642188418,0.9287538304392235
246.17787899999735,0.9702554775774033,0.9992339121552604,246.24809999999582,1.3979468790401592,0.7341675178753833
246.42717299999728,1.0091846892773262,0.9992339121552604,246.46191699999585,1.448324511392065,0.5840143003064351
246.67718599999725,1.0321301196177268,0.9992339121552604,246.7180949999958,1.4741129130623767,0.5125127681307456
246.91769899999733,1.040604805728969,0.9992339121552604,246.96843799999587,1.4856117624099512,0.4779536942458291
247.17840799999735,1.0415737029621357,0.9992339121552604,247.2035109999958,1.5012329057299132,0.43743615934627167
247.41840399999734,1.0455574250408641,0.9992339121552604,247.44784899999573,1.5407923635000513,0.33733401430030646
247.66739699999727,1.063003926732106,0.9992339121552604,247.70235399999578,1.6180806469602387,0.1871807967313585
247.9201309999972,1.0978866293892953,0.9992339121552604,247.94486499999556,1.7337597239993907,0.0360061287027579
248.15732899999722,1.1451588132414794,0.9992339121552604,248.22519299999547,1.8704410861172036,0.0
248.41009499999717,1.1943587421281288,0.9992339121552604,248.44434599999548,1.996183956697976,0.0
248.65678899999725,1.2364943103164259,0.9992339121552604,248.70308399999544,2.0768951834402114,0.0
248.89710599999722,1.2665827131996463,0.9992339121552604,248.93735499999534,2.0872857494755515,0.0
249.14708999999704,1.2857584942877094,0.9992339121552604,249.1882879999954,2.0248400459546354,0.0
249.393501999997,1.2988336888469703,0.9854443309499489,249.45580899999538,1.9138457364305799,0.0
249.65879599999695,1.3102312336799848,0.9647599591419815,249.6804559999954,1.7914777721158412,0.0
249.910790999997,1.3197020159269537,0.9410112359550561,249.95155399999553,1.6950436269487537,0.07277834525025535
250.13864899999706,1.3224027775784317,0.9348825331971399,250.16960399999562,1.6525131305142182,0.12717058222676197
250.41327099999694,1.3148103794642796,0.9570990806945862,250.43152199999562,1.6765548258515415,0.09422880490296222
250.6374669999969,1.2990481607310316,0.9854443309499489,250.6896349999956,1.7613131331748997,0.00842696629213485
250.90114399999698,1.282099922554537,0.9992339121552604,250.9219739999956,1.8827483413283161,0.0
251.13341499999697,1.2689865897491515,0.9992339121552604,251.16675199999557,2.005293863444516,0.0
251.39150999999694,1.2594044575681251,0.9992339121552604,251.4096169999955,2.0931196704701036,0.0
251.6271349999972,1.2489186714016787,0.9992339121552604,251.65903999999554,2.1239847679086754,0.0
251.89125099999723,1.2320666415777968,0.9992339121552604,251.9001669999956,2.097207682943945,0.0
252.12424499999742,1.205437363709029,0.9992339121552604,252.1510679999956,2.028609925156886,0.0
252.37423599999732,1.1706913819278586,0.9992339121552604,252.39946599999556,1.9415309919967896,0.0
252.62257899999736,1.134012301845769,0.9992339121552604,252.6496109999955,1.8592190271465485,0.0
252.86899199999732,1.102022493178772,0.9992339121552604,252.8920999999954,1.7928026803054864,0.0
253.1070299999972,1.0789705239610654,0.9992339121552604,253.14357999999535,1.7388617299365372,0.03370786516853932
253.36293399999713,1.0653433648168749,0.9992339121552604,253.41062499999538,1.6811602877782694,0.09116445352400408
253.61006199999707,1.0601005358857851,0.9992339121552604,253.6380179999953,1.607499684905676,0.20386448757235276
253.85597299999708,1.0629812710402513,0.9992339121552604,253.89105599999536,1.5162747843231985,0.3981103166496425
254.09890099999703,1.073053714712864,0.9992339121552604,254.13961299999534,1.4154725102040686,0.6817330609465441
254.35637899999708,1.0882007767767101,0.9992339121552604,254.38058399999534,1.3177363531031638,0.949438202247191
254.60138399999707,1.1045418680270713,0.9992339121552604,254.6295849999953,1.231936462428136,0.9992339121552604
254.84389899999707,1.115985437682134,0.9992339121552604,254.87476499999528,1.16375492395162,0.9992339121552604
255.09067999999712,1.1158410428051184,0.9992339121552604,255.12191999999516,1.114936807088228,0.9992339121552604
255.34385599999712,1.0998652072876531,0.9992339121552604,255.38452399999514,1.085857960417046,0.9992339121552604
255.5872919999972,1.0669903308095154,0.9992339121552604,255.62179599999504,1.076946944143379,0.9992339121552604
255.8422899999972,1.0203907101077179,0.9992339121552604,255.87227099999518,1.0880615866491699,0.9992339121552604
256.08336399999706,0.9663643132148056,0.9992339121552604,256.1177309999952,1.118288507472505,0.9992339121552604
256.335371999997,0.9124681702350255,0.9992339121552604,256.36219199999516,1.166055082386411,0.9992339121552604
256.58127499999694,0.866406692323814,0.9992339121552604,256.60715899999514,1.229714566345433,0.9992339121552604
256.8301539999969,0.8350924852980196,0.9992339121552604,256.86217499999515,1.3066151877440948,0.9685903983656792
257.07863599999683,0.8228084915035506,0.9992339121552604,257.1084839999952,1.3906739121021596,0.7591930541368744
257.3410819999968,0.8285853919906847,0.9992339121552604,257.3568129999951,1.4680294842996342,0.5256213823629554
257.57922899999676,0.8457439526559347,0.9992339121552604,257.6152649999951,1.522462773922308,0.38261831801157653
257.81950199999665,0.864955329732115,0.9992339121552604,257.8524209999951,1.55054413823229,0.3218420156622404
258.06987399999656,0.879131201966338,0.9992339121552604,258.10080399999504,1.5664797956433112,0.28847463398025197
258.32602899999654,0.8855225814085392,0.9992339121552604,258.36028799999514,1.5874215123757562,0.2372318692543412
258.56032599999656,0.8848708089051455,0.9992339121552604,258.59077899999505,1.6198725052693,0.18479741232550226
258.8096709999965,0.881639356123823,0.9992339121552604,258.837837999995,1.6563192265572302,0.12257405515832483
259.0643199999966,0.8831486928684242,0.9992339121552604,259.087794999995,1.6815475277751304,0.09116445352400408
259.3096489999967,0.8974326380365617,0.9992339121552604,259.32672199999496,1.678928785878832,0.09269662921348311
259.55768999999674,0.9297447075437197,0.9992339121552604,259.59136499999494,1.6393758622330445,0.14096016343207354
259.79958799999656,0.9796896449928564,0.9992339121552604,259.82293199999475,1.5691954849998602,0.281324480762683
260.05555299999656,1.0400519778562127,0.9992339121552604,260.0724559999948,1.490990218581999,0.46722846441947574
260.2924549999965,1.0987516679787483,0.9992339121552604,260.32773899999484,1.4326440682673092,0.6304902962206332
260.54682499999643,1.1422592628069608,0.9992339121552604,260.5683719999948,1.4133104385513344,0.6936499829758258
260.7903269999963,1.1621549128734454,0.9992339121552604,260.81433599999485,1.437756018245671,0.6149982975825673
261.0327409999963,1.1603200260680533,0.9992339121552604,261.06881299999486,1.4991632859722022,0.4445863125638406
261.2802899999963,1.1496320935564326,0.9992339121552604,261.3161659999949,1.5819814812265016,0.24914879128362277
261.5472749999962,1.1474720840804444,0.9992339121552604,261.5744209999949,1.667148580520391,0.10648621041879468
261.8098219999961,1.1648301665720178,0.9992339121552604,261.80741999999486,1.738032210431874,0.03370786516853932
262.038683999996,1.2004216624912791,0.9992339121552604,262.05693299999484,1.784581840356667,0.0
262.2857019999961,1.2415496340795493,0.9992339121552604,262.32096999999493,1.8054003360120396,0.0
262.531062999996,1.2720891722458736,0.9992339121552604,262.54737599999476,1.8078126998258686,0.0
262.7730959999961,1.2809591818717618,0.9992339121552604,262.79717899999474,1.802600090787523,0.0
263.0214909999963,1.267811794469536,0.9992339121552604,263.05263599999483,1.7933812910800078,0.0
263.26941799999634,1.2401465370403506,0.9992339121552604,263.30214999999504,1.7732093130965985,0.0
263.51391199999625,1.2061342761829383,0.9992339121552604,263.536957999995,1.7318411467847097,0.03753830439223701
263.77739399999626,1.1710089583033263,0.9992339121552604,263.7895359999951,1.6668437968173004,0.1080183861082737
264.0114619999963,1.1359832014785984,0.9992339121552604,264.0368499999949,1.5890454801055027,0.2348484848484848
264.2658519999962,1.0988998776694592,0.9992339121552604,264.2815889999949,1.5162740015739191,0.3981103166496425
264.5064779999963,1.0583372270199973,0.9992339121552604,264.5320899999949,1.4646207347838047,0.5315798433775962
264.7509059999964,1.0153214307332772,0.9992339121552604,264.7815699999949,1.4453010734203962,0.5887810691181479
265.0108709999964,0.9725026413051485,0.9992339121552604,265.0270869999948,1.4620713624484198,0.5423050732039496
265.2473519999964,0.9320272212859123,0.9992339121552604,265.2719089999948,1.5086900337623477,0.4159856996935648
265.4963759999963,0.8946348654954792,0.9992339121552604,265.51993799999485,1.5686501500170678,0.281324480762683
265.74555499999616,0.8593611690430333,0.9992339121552604,265.766005999995,1.6206403823417723,0.18360572012257406
265.98469999999605,0.8253121696478942,0.9992339121552604,266.0370039999948,1.6492916575036918,0.12946884576098056
266.2499749999962,0.7945338274138678,0.9992339121552604,266.26387799999463,1.6499190188071662,0.12946884576098056
266.49000699999647,0.771209940322521,0.9992339121552604,266.50886699999444,1.6253140486642779,0.1776472591079332
266.7369929999964,0.7599716505485586,0.9992339121552604,266.7564069999943,1.5843114608485949,0.24319033026898193
266.9869699999965,0.7638885505686429,0.9992339121552604,267.00481399999427,1.54140042817431,0.33614232209737827
267.2269139999962,0.7828157244004219,0.9992339121552604,267.2553139999942,1.51130169651972,0.4100272386789241
267.47536499999643,0.8140659951256388,0.9992339121552604,267.50401299999436,1.5060022232283738,0.4267109295199183
267.72341399999635,0.854473011347181,0.9992339121552604,267.7533089999945,1.5326857710780109,0.3516343207354443
267.96787499999635,0.9025538874728382,0.9992339121552604,267.9932699999945,1.5912827472568787,0.23246510044262855
268.24045899999624,0.9591471709843387,0.9992339121552604,268.24632499999444,1.674004201652943,0.09729315628192035
268.4657259999963,1.0247995614385363,0.9992339121552604,268.4883979999943,1.7692370397535173,0.0
268.7196329999961,1.0993144478928805,0.9992339121552604,268.73698699999403,1.865875259322662,0.0
268.9626499999963,1.1792399573447494,0.9992339121552604,268.99003699999383,1.9565258587968182,0.0
269.2095859999965,1.2559683139433542,0.9992339121552604,269.2429589999937,2.033806073712208,0.0
269.45458899999653,1.3159255277443842,0.9563329928498467,269.49758099999366,2.088763268613093,0.0
269.7076619999967,1.3474968702455965,0.888917262512768,269.75404699999376,2.11370157871592,0.0
269.9541289999968,1.3479282465189206,0.8858529111338099,269.9890009999937,2.104871251743653,0.0
270.2102579999966,1.323563002806506,0.9325842696629213,270.22099599999365,2.0631310564649743,0.0
270.4426799999963,1.2852643183182813,0.9992339121552604,270.46807299999364,1.9912216282645216,0.0
270.6933359999964,1.2438100609458775,0.9992339121552604,270.7180529999937,1.8956870767492005,0.0
270.9377899999963,1.2089001840236808,0.9992339121552604,270.9661329999939,1.7880812695226573,0.0
271.1933099999962,1.1885727192026556,0.9992339121552604,271.211473999994,1.6812982657280693,0.09116445352400408
271.4594609999961,1.1868085581342696,0.9992339121552604,271.4688239999941,1.5865317262139809,0.23842356145726928
271.68419299999596,1.1975113740625902,0.9992339121552604,271.708728999994,1.512368624803918,0.40883554647599585
271.9337229999957,1.206647369864775,0.9992339121552604,271.96214299999417,1.4649439658995713,0.5315798433775962
272.18157799999574,1.1999403277792628,0.9992339121552604,272.20607899999425,1.4450647965142198,0.5887810691181479
272.42885199999574,1.169444987451042,0.9992339121552604,272.45318899999444,1.4452621993098305,0.5887810691181479
272.6887219999959,1.1176608733394773,0.9992339121552604,272.6992769999945,1.4521818596723461,0.5709056860742254
272.917531999996,1.0539431041551868,0.9992339121552604,272.9678809999944,1.455480524090186,0.5613721484508002
273.1735339999959,0.9911419148263756,0.9992339121552604,273.21269999999436,1.4537027742029551,0.5661389172625128
273.41539399999584,0.9417066185971334,0.9992339121552604,273.4652639999944,1.452060007161033,0.5709056860742254
273.66846799999587,0.914300252232283,0.9992339121552604,273.70521199999445,1.4545757198725837,0.5625638406537283
273.91087599999605,0.9130855415905973,0.9992339121552604,273.9377899999944,1.4615076506336666,0.5434967654068776
274.15791399999597,0.9397052157477606,0.9992339121552604,274.1926389999945,1.4683568838702221,0.5244296901600273
274.4168889999959,0.9941577785027872,0.9992339121552604,274.47284099999473,1.4710927874787834,0.5184712291453865
274.65067099999567,1.074595671231584,0.9992339121552604,274.6847399999949,1.4704340137849319,0.5184712291453865
274.9194459999958,1.1770193254824146,0.9992339121552604,274.9303619999947,1.4749461553985952,0.5077459993190331
275.15327499999586,1.2926137299265619,0.9992339121552604,275.1730959999948,1.497969974592686,0.446969696969697
275.4117939999958,1.4062499986199246,0.7151004426285326,275.44462999999485,1.5516818864816915,0.3206503234593122
275.6480589999959,1.5007297148982741,0.4386278515491999,275.6967809999947,1.6375893692136336,0.14402451481103168
275.9395059999959,1.5619432383481113,0.30277494041538977,275.93737299999486,1.735855618717471,0.03447395301327887
276.1423089999959,1.5823267618311654,0.24795709908069458,276.162666999995,1.806657126883345,0.0
276.3919569999959,1.5621908785028273,0.30277494041538977,276.4078119999949,1.817783478810609,0.0
276.63181799999614,1.5073890542828383,0.4195607763023492,276.677266999995,1.7662233171828572,0.0022982635342185804
276.88681299999627,1.4261580811898085,0.6519407558733402,276.93511399999517,1.6728607505044202,0.1003575076608784
277.15980699999625,1.3291930942598362,0.923391215526047,277.152740999995,1.5659329081947597,0.29085801838610825
277.3761929999963,1.2298050478392253,0.9992339121552604,277.39658199999496,1.4689379916271708,0.5244296901600273
277.62875499999643,1.1401129714363538,0.9992339121552604,277.6430129999948,1.3961561639545579,0.7377425944841677
277.87524299999643,1.068356260894154,0.9992339121552604,277.8994109999947,1.3515071222875896,0.8766598569969355
278.12611499999633,1.0177775336401396,0.9992339121552604,278.1524849999947,1.3289122489221765,0.923391215526047
278.36830899999615,0.9864993945522128,0.9992339121552604,278.38801199999483,1.3168851255826992,0.9540347293156282
278.62471399999595,0.9695280640267501,0.9992339121552604,278.6507149999952,1.3027090846082274,0.977017364657814
278.8671839999961,0.959198657069816,0.9992339121552604,278.9125499999953,1.2780150376798474,0.9992339121552604
279.1191089999961,0.9478226281751488,0.9992339121552604,279.12952299999523,1.2409734279288327,0.9992339121552604
279.35854699999607,0.9312628221066339,0.9992339121552604,279.378504999995,1.1956470942893525,0.9992339121552604
279.6009709999961,0.9125939906184115,0.9992339121552604,279.62255399999503,1.1488374308853455,0.9992339121552604
279.851588999996,0.9040244229122456,0.9992339121552604,279.86999699999495,1.1091237730032453,0.9992339121552604
280.10626299999626,0.9216159616715436,0.9992339121552604,280.1330849999949,1.0865799392328719,0.9992339121552604
280.3617399999963,0.973871763367438,0.9992339121552604,280.3865559999949,1.0951684906668984,0.9992339121552604
280.60087599999633,1.0540982353948913,0.9992339121552604,280.6158889999949,1.1528538325856186,0.9992339121552604
280.8522239999964,1.141598104856786,0.9992339121552604,280.86254299999496,1.2773750817873688,0.9992339121552604
281.09217799999635,1.2129576430291888,0.9992339121552604,281.1174629999949,1.479474617152035,0.4970207694926796
281.33933999999647,1.253110790710095,0.9992339121552604,281.3817009999947,1.7519791593920693,0.016087844739530146
281.58693899999645,1.2594893481149914,0.9992339121552604,281.6055169999945,2.064007156299043,0.0
281.83942699999625,1.2404472711747343,0.9992339121552604,281.85906499999453,2.3681387863612593,0.0
282.08495399999634,1.2110411507547472,0.9992339121552604,282.11299999999454,2.6150492612073633,0.0
282.32892199999634,1.1860132952031157,0.9992339121552604,282.35402499999486,2.777772481288987,0.0
282.57570099999646,1.1755343001786143,0.9992339121552604,282.5973149999948,2.86526878385107,0.0
282.8275599999963,1.1831411250251405,0.9992339121552604,282.85261099999474,2.9195019059648284,0.0
283.07727999999634,1.2038748828324826,0.9992339121552604,283.0977689999948,2.9898522469680064,0.0
283.3299569999966,1.2262913337991448,0.9992339121552604,283.35679799999485,3.1065807871482267,0.0
283.57656199999656,1.238780143639761,0.9992339121552604,283.5886629999947,3.2675228651258794,0.0
283.8158869999964,1.2383742470328711,0.9992339121552604,283.8381629999949,3.4405862189932304,0.0
284.07056099999625,1.2319769704052754,0.9992339121552604,284.08619399999475,3.5827405069640044,0.0
284.31369499999636,1.227322772998701,0.9992339121552604,284.3308759999947,3.662838649453109,0.0
284.55967199999634,1.2284559821039676,0.9992339121552604,284.5876009999946,3.6678225236831716,0.0
284.82886599999637,1.2340648794754951,0.9992339121552604,284.8316069999946,3.5977247134142294,0.0
285.0547959999964,1.2390646678908037,0.9992339121552604,285.0767329999946,3.460730444840845,0.0
285.2991359999964,1.2373342689709377,0.9992339121552604,285.34153899999444,3.269413363987362,0.0
285.5497819999965,1.2247847708724848,0.9992339121552604,285.56224299999434,3.0411750318588933,0.0
285.7979429999964,1.2011761282476072,0.9992339121552604,285.8222219999942,2.8031155699152848,0.0
286.0422949999966,1.1739568126492865,0.9992339121552604,286.06833399999414,2.5875625385300465,0.0
286.28873499999656,1.1597665671238646,0.9992339121552604,286.3076149999943,2.41461388427064,0.0
286.53822699999665,1.1790988446715716,0.9992339121552604,286.56205199999437,2.2853986851823245,0.0
286.78579099999666,1.2445507101649023,0.9992339121552604,286.8050129999944,2.1883423814331646,0.0
287.0443609999966,1.3547254439378245,0.8712972420837589,287.0579099999945,2.1056688763007823,0.0
287.27603499999674,1.4983712572376515,0.4445863125638406,287.29842899999454,2.022688958017275,0.0
287.5383979999967,1.656976605996988,0.12257405515832483,287.5562999999945,1.9342309535320807,0.0
287.77388699999653,1.8067035858935019,0.0,287.8093279999945,1.8445232740512834,0.0
288.0362849999965,1.925036126651978,0.0,288.0533479999947,1.765662896379185,0.003064351378958135
288.2662649999963,2.0032118699248596,0.0,288.2952169999945,1.7078631464207792,0.05669050051072521
288.51588699999616,2.045426273345406,0.0,288.53597699999455,1.6757302077965646,0.09576098059244124
288.76589499999625,2.061521583633367,0.0,288.78649099999456,1.6682833652528655,0.10495403472931565
289.0115069999963,2.062648854087533,0.0,289.0624239999945,1.6787444038775194,0.09346271705822266
289.25841299999666,2.0619474981479526,0.0,289.2783739999946,1.6959323769046444,0.07277834525025535
289.51340199999674,2.072497139874699,0.0,289.53045699999484,1.7078923341975654,0.05669050051072521
289.7733749999967,2.103421066976284,0.0,289.78947299999476,1.7032010267865163,0.062053115423901926
290.0002419999966,2.1491389456214574,0.0,290.0272319999945,1.6723497188305991,0.1003575076608784
290.2543169999967,2.185860232132351,0.0,290.26915899999426,1.6118383030043677,0.19909771876064009
290.4962309999967,2.1880473481676654,0.0,290.52655799999434,1.5255000006329347,0.36950970377936676
290.74620699999656,2.149987957155863,0.0,290.76858099999436,1.423342209242261,0.6578992168879809
290.9931339999966,2.079596980668369,0.0,291.0314069999943,1.3220541307113671,0.9364147088866189
291.24908999999667,1.9880841303557872,0.0,291.2579519999941,1.239857663032253,0.9992339121552604
291.48955599999647,1.886159055513368,0.0,291.5084369999941,1.19019327923457,0.9992339121552604
291.7581309999966,1.784238500499582,0.0,291.774332999994,1.1792785297333634,0.9992339121552604
291.98351499999666,1.6905932687523908,0.07890704800817162,292.0029369999939,1.2059029784266704,0.9992339121552604
292.2360849999967,1.6080562519373043,0.20386448757235276,292.2782519999937,1.2615172958291838,0.9992339121552604
292.4825409999967,1.5321135897603577,0.3516343207354443,292.49658299999373,1.3304079187275826,0.9218590398365678
292.7375909999966,1.454720346397482,0.5625638406537283,292.743329999994,1.3927259932307983,0.7508512087163774
292.9859039999967,1.3700752805901677,0.8354613551242767,292.991708999994,1.4326581556565765,0.6304902962206332
293.22595199999677,1.2774818460743873,0.9992339121552604,293.2368159999942,1.449650681670174,0.5816309159005789
293.47285899999684,1.1803427434188551,0.9992339121552604,293.485389999994,1.4632777901478038,0.5387299965951652
293.72426999999647,1.0844991060866,0.9992339121552604,293.7501559999941,1.4974844196761175,0.4493530813755533
293.9666509999966,0.9975633596919173,0.9992339121552604,293.98602799999406,1.5631941586912625,0.29919986380660535
294.2123089999967,0.9275954934736536,0.9992339121552604,294.2322139999938,1.6566176864912698,0.12257405515832483
294.46466399999673,0.8824765468287366,0.9992339121552604,294.4840759999937,1.7636213106316028,0.00612870275791627
294.70777699999684,0.8690996395976136,0.9992339121552604,294.7258649999936,1.8654044776079726,0.0
294.98772999999676,0.8911018870722371,0.9992339121552604,294.9712329999936,1.9433684884302045,0.0
295.201767999997,0.9428704079541292,0.9992339121552604,295.2170969999936,1.9858184201315754,0.0
295.44976799999694,1.0069194999671094,0.9992339121552604,295.4818899999938,1.9909713687296118,0.0
295.7210269999969,1.0617316206109777,0.9992339121552604,295.7096259999936,1.9617308291578304,0.0
295.94904299999706,1.0940850291645154,0.9992339121552604,295.9598549999938,1.9024396931274885,0.0
296.19561899999735,1.1033119564038962,0.9992339121552604,296.20813399999383,1.8205175465204202,0.0
296.4455789999973,1.0983235990621891,0.9992339121552604,296.45798999999374,1.7255360730178047,0.041368743615934615
296.69159399999734,1.093414449044315,0.9992339121552604,296.7209889999936,1.6297448915776325,0.16334695267279536
296.9344259999973,1.1046842081523487,0.9992339121552604,296.9614609999936,1.5503633127661247,0.3218420156622404
297.1889979999972,1.1472938198134688,0.9992339121552604,297.19478299999355,1.5052239220325667,0.4267109295199183
297.4414319999974,1.2347742245570386,0.9992339121552604,297.4399689999935,1.50661424832634,0.4243275451140619
297.6813809999973,1.377157262438528,0.8020939734422882,297.6958819999934,1.5570938630929485,0.3146918624446714
297.93206099999736,1.5773999398412257,0.25629894450119173,297.93991299999345,1.649583395607185,0.12946884576098056
298.1803509999975,1.8296325026751863,0.0,298.1849519999935,1.763744152248245,0.005362614913176716
298.42186599999735,2.112719472818971,0.0,298.43991399999345,1.8703603837727512,0.0
298.6724829999975,2.3872012282794275,0.0,298.70329099999327,1.9391830868264,0.0
298.93143899999757,2.6025791955670163,0.0,298.92226599999333,1.9487462124019754,0.0
299.1709119999974,2.7186103709964127,0.0,299.1766259999934,1.8983621270787518,0.0
299.4143109999973,2.7252314967602427,0.0,299.42660499999346,1.8093182207030445,0.0
299.66493699999734,2.6392900340991505,0.0,299.66975199999376,1.7106804186969045,0.05439223697650663
299.9083239999973,2.491691029549898,0.0,299.9413109999938,1.622989806281297,0.18122233571671767
300.18292399999746,2.313749980575903,0.0,300.1613779999937,1.5515625294578905,0.3206503234593122
300.41190999999753,2.131341258066672,0.0,300.4127669999937,1.4901089947344752,0.46842015662240377
300.6493019999976,1.9604149470954944,0.0,300.66129899999373,1.4331804305781641,0.6304902962206332
300.90288699999763,1.806371508955283,0.0,300.9105879999936,1.3853290912805476,0.7758767449778686
301.1514929999975,1.6685474005238217,0.10495403472931565,301.1660919999935,1.3599408105150788,0.8621041879468845
301.3923399999974,1.5444580751976114,0.3325672454885938,301.4041049999934,1.3760239159142718,0.8104358188627852
301.6571619999974,1.4333848780726313,0.6304902962206332,301.65100799999357,1.4505062742705455,0.5780558392917944
301.8947499999975,1.3367678642455953,0.9103677221654749,301.91957599999336,1.5853131873827293,0.24080694586312568
302.14735999999766,1.2576330774684523,0.9992339121552604,302.1602189999933,1.7550062572271048,0.012257405515832457
302.3883389999976,1.1980892314221332,0.9992339121552604,302.3926119999932,1.9094884357782667,0.0
302.6347179999979,1.1571714240844422,0.9992339121552604,302.6368919999931,1.99867247771229,0.0
302.8832819999978,1.1302722702285513,0.9992339121552604,302.89268899999325,1.9993156457102121,0.0
303.13719099999764,1.1113264117548385,0.9992339121552604,303.1387369999934,1.9206466797366508,0.0
303.3884969999977,1.0966871789209593,0.9992339121552604,303.3882539999935,1.7906160627390026,0.0
303.6255719999975,1.0870695078854937,0.9992339121552604,303.64579299999343,1.639535277067712,0.14096016343207354
303.8708689999972,1.086012548234724,0.9992339121552604,303.87679099999326,1.4887456935515835,0.4719952332311882
304.1155189999971,1.0953052336951339,0.9992339121552604,304.1312919999934,1.3493085319541145,0.8804902962206332
304.3684579999971,1.111908982672184,0.9992339121552604,304.3951909999935,1.2267282809280464,0.9992339121552604
304.619218999997,1.1269302422414686,0.9992339121552604,304.63326699999357,1.1242113266936746,0.9992339121552604
304.85651599999693,1.1297641416456883,0.9992339121552604,304.87224599999354,1.0424614741733593,0.9992339121552604
305.10687599999693,1.1175763231652027,0.9992339121552604,305.1305779999938,0.9830656244780783,0.9992339121552604
305.3560659999971,1.095740784676166,0.9992339121552604,305.3749499999938,0.9480787514535615,0.9992339121552604
305.6149889999974,1.0747861059630464,0.9992339121552604,305.6105799999938,0.9378569160375252,0.9992339121552604
305.85297499999734,1.066086388025707,0.9992339121552604,305.87150099999354,0.9497630239474812,0.9992339121552604
306.1035419999972,1.0772389692338709,0.9992339121552604,306.11140799999333,0.9783265282643689,0.9992339121552604
306.3478309999973,1.105828983236435,0.9992339121552604,306.3592549999933,1.0155264102304489,0.9992339121552604
306.6089549999974,1.1384641350065206,0.9992339121552604,306.59761699999325,1.0530766322297362,0.9992339121552604
306.8451979999974,1.157267802957451,0.9992339121552604,306.85003899999333,1.0838063273159186,0.9992339121552604
307.1007049999973,1.1501738682816993,0.9992339121552604,307.10752599999347,1.1031149771148232,0.9992339121552604
307.33724599999755,1.1155898152986952,0.9992339121552604,307.3427179999937,1.1099609736281257,0.9992339121552604
307.6030579999975,1.0599406961466549,0.9992339121552604,307.61987099999357,1.1074051235753504,0.9992339121552604
307.8574479999975,0.993320064537925,0.9992339121552604,307.8419079999935,1.1025792180952627,0.9992339121552604
308.07579299999736,0.9296933446806732,0.9992339121552604,308.08265399999345,1.1070943923396004,0.9992339121552604
308.3323609999975,0.8862966341942097,0.9992339121552604,308.34379399999375,1.1379122884058552,0.9992339121552604
308.5873549999976,0.8815149853490536,0.9992339121552604,308.5879579999937,1.2139571756996368,0.9992339121552604
308.82735399999734,0.9328124221758249,0.9992339121552604,308.8285669999938,1.345190471434244,0.8912155260469866
309.0688119999976,1.0509257445970368,0.9992339121552604,309.0704419999937,1.5197431749443122,0.38857677902621723
309.31831099999755,1.2295644522336469,0.9992339121552604,309.3264249999937,1.7067391561403475,0.057456588355464765
309.56972799999755,1.439753846330805,0.6054647599591421,309.5803829999938,1.8671623817483805,0.0
309.82117499999765,1.6369920940595626,0.14479060265577115,309.8218849999936,1.9660053426813662,0.0
310.0682739999977,1.778047837291488,0.0,310.0661039999936,1.9915761256848485,0.0
310.3067829999977,1.838859891142901,0.0,310.3170049999937,1.95888963967136,0.0
310.5573609999978,1.822486306111643,0.0,310.5578809999936,1.897554405251957,0.0
310.7994459999978,1.7554081928828977,0.012257405515832457,310.8219169999936,1.8406130951121562,0.0
311.06229799999795,1.67440096672451,0.09729315628192035,311.05125199999367,1.814518236119167,0.0
311.29832999999786,1.6087478347597108,0.20267279536942456,311.30623199999366,1.830278277054595,0.0
311.54327599999795,1.572244416678517,0.2717909431392577,311.5442259999936,1.8764130972413464,0.0
311.79359799999804,1.566232142422207,0.28847463398025197,311.7968579999936,1.927758407018933,0.0
312.04462699999823,1.5830010044753804,0.24557371467483832,312.06036799999345,1.9600380409129574,0.0
312.283016999998,1.6055174460161683,0.206247871978209,312.3008359999933,1.9625711525308709,0.0
312.53456799999805,1.6099105372231413,0.20028941096356828,312.5418209999936,1.938722287549886,0.0
312.792528999998,1.5759988811298917,0.25868232890704795,312.7941939999935,1.8960595220027978,0.0
313.034527999998,1.5025182408661164,0.43386108273748725,313.0368709999935,1.8407793331432183,0.0
313.27924399999796,1.4096236421848318,0.7067585972080356,313.2887449999933,1.7769394780770562,0.0
313.5287079999981,1.3244414511839089,0.9325842696629213,313.5403269999934,1.7067131376838502,0.057456588355464765
313.77727799999826,1.2687083989762178,0.9992339121552604,313.78924299999335,1.6316408098598842,0.15977187606401091
314.0217349999982,1.2550775715843054,0.9992339121552604,314.0291769999932,1.5535445833665462,0.3206503234593122
314.2901359999983,1.2907513726453042,0.9992339121552604,314.2730199999931,1.4756376547504335,0.5065543071161049
314.5151169999984,1.382110688071093,0.7889853592100784,314.5298359999933,1.4037258169143803,0.7222505958461014
314.7679409999986,1.527288170325205,0.3587844739530132,314.7687529999933,1.3439302692155155,0.8927477017364657
315.0148539999987,1.7078220502711576,0.05669050051072521,315.0192179999934,1.3004395332514027,0.9808478038815116
315.26292799999874,1.8906680394624753,0.0,315.2877019999934,1.2738082701387776,0.9992339121552604
315.53142999999875,2.0380481919166034,0.0,315.5191999999934,1.2600322090228222,0.9992339121552604
315.76545999999894,2.123500598521608,0.0,315.7591619999934,1.255755772447867,0.9992339121552604
316.003953999999,2.1390837823838957,0.0,316.02014199999354,1.2616401213110777,0.9992339121552604
316.248885999999,2.09594986199674,0.0,316.26327499999354,1.2819076572460542,0.9992339121552604
316.495794999999,2.017525675529671,0.0,316.50555499999354,1.3224519202182525,0.9348825331971399
316.740333999999,1.9286326423779772,0.0,316.7555299999938,1.388256776183598,0.763959822948587
316.9947709999992,1.8486136345397985,0.0,317.0006589999937,1.4786688066276632,0.49821246169560773
317.2336449999992,1.7841334352286171,0.0,317.2506089999938,1.58200940169139,0.24914879128362277
317.49915799999906,1.734889886763285,0.0360061287027579,317.4942569999938,1.6748763367769137,0.0965270684371808
317.737228999999,1.7023816300663384,0.06358529111338095,317.75831499999373,1.73512824222191,0.0360061287027579
317.9779919999988,1.6969987214983602,0.06971399387129722,317.9866289999936,1.7559382386831137,0.011491317671092986
318.23204499999866,1.7340531721590038,0.0360061287027579,318.2447059999935,1.7416902011689968,0.02987742594484163
318.4896179999988,1.8216771003515086,0.0,318.4932379999935,1.6997114867643568,0.06818181818181819
318.7362359999988,1.9517598572171166,0.0,318.73484299999325,1.6372951240259683,0.14479060265577115
318.9687999999988,2.0987940651097197,0.0,318.9731239999931,1.5628850098457983,0.29919986380660535
319.22137099999884,2.2275869403065798,0.0,319.2351639999931,1.4883413825379053,0.4719952332311882
319.4677589999986,2.3082645214446162,0.0,319.481191999993,1.4273988674382472,0.6447906026557712
319.7091939999984,2.3299245263394495,0.0,319.74307799999286,1.3910741151271748,0.7591930541368744
319.9591739999985,2.3026605054712483,0.0,319.97307599999266,1.38308008561573,0.7830268981954376
320.20717699999847,2.249092259029069,0.0,320.22999599999264,1.406028727782584,0.7162921348314607
320.4501899999984,2.1955916844903247,0.0,320.46245199999265,1.465674023053409,0.5303881511746681
320.70258899999857,2.162929641585053,0.0,320.7134349999925,1.571302468642799,0.2753660197480422
320.95397399999854,2.1578714161522146,0.0,320.96239999999256,1.72934694579251,0.039070480081716034
321.2015969999985,2.1648519909054786,0.0,321.2183399999926,1.9328694147327923,0.0
321.44189199999846,2.1583571805691086,0.0,321.45876299999253,2.1535305204812065,0.0
321.6950989999985,2.1196296045489658,0.0,321.7129449999924,2.344368539348455,0.0
321.95189699999867,2.0457422567289267,0.0,321.95286599999224,2.4598304261374073,0.0
322.18135899999885,1.9473884912159973,0.0,322.20826799999236,2.477786087573282,0.0
322.4342999999989,1.8423899889057005,0.0,322.4527869999925,2.4101412295937137,0.0
322.68392199999874,1.7488197449284053,0.01915219611848828,322.7076539999924,2.297050225407498,0.0
322.9332709999987,1.680028837400975,0.09193054136874364,322.95200899999253,2.1880498091754452,0.0
323.1762849999987,1.6415174781373876,0.1378958120531154,323.19673899999253,2.1258609599476763,0.0
323.42580899999854,1.6275404694347206,0.1716887980932925,323.4402639999926,2.1370793897667477,0.0
323.6741879999988,1.6241164087674298,0.1788389513108614,323.68617399999243,2.2261510546992738,0.0
323.91823599999884,1.6181373288537384,0.1871807967313585,323.9390819999925,2.3780692499012814,0.0
324.169350999999,1.6030548956437185,0.2086312563840654,324.17766399999255,2.5636989200189015,0.0
324.41867799999903,1.5715383677965973,0.274174327545114,324.4290399999926,2.7482732206660385,0.0
324.66294399999913,1.5190412329488174,0.39215185563500166,324.69421999999247,2.8925879200694444,0.0
324.915396999999,1.4484080015895164,0.5840143003064351,324.91898899999234,2.9593752990933693,0.0
325.1669949999991,1.3671122475853874,0.8473782771535581,325.17963699999245,2.927364638170275,0.0
325.4078449999991,1.2838936961661955,0.9992339121552604,325.4263659999923,2.802220511556821,0.0
325.6604029999992,1.2062732659610091,0.9992339121552604,325.66297899999245,2.6156628668915465,0.0
325.9044679999992,1.1422393021575814,0.9992339121552604,325.9098239999922,2.4127212630577377,0.0
326.1535819999992,1.1025125778433476,0.9992339121552604,326.1778639999925,2.239782095275519,0.0
326.4070949999992,1.1015553041908845,0.9992339121552604,326.40668799999247,2.1365240439607875,0.0
326.6482419999992,1.1516166521096312,0.9992339121552604,326.6566719999924,2.131858636951516,0.0
326.888965999999,1.2460683753815547,0.9992339121552604,326.90351299999253,2.2370374184379402,0.0
327.14515699999896,1.3482802296452037,0.8843207354443309,327.14902099999244,2.4387874011614494,0.0
327.392023999999,1.4142302918200582,0.6912665985699694,327.4306509999923,2.694464013053923,0.0
327.636847999999,1.4307322410010912,0.6352570650323459,327.6470449999921,2.9418982120269552,0.0
327.8796359999989,1.4078738233511352,0.7091419816138916,327.8928309999919,3.1184236617244783,0.0
328.12881199999896,1.3591509664951273,0.8644024514811031,328.14455399999173,3.1835813698868742,0.0
328.3862189999992,1.2952899691590016,0.9961695607763023,328.38766899999183,3.1339936454271555,0.0
328.63557899999915,1.2255173750534922,0.9992339121552604,328.6376619999918,2.9995551525972672,0.0
328.8766849999993,1.1598564926156054,0.9992339121552604,328.8825639999917,2.8208509452803527,0.0
329.12218399999955,1.1080986555827086,0.9992339121552604,329.1407329999914,2.6304066709153924,0.0
329.36639099999985,1.0774963206836983,0.9992339121552604,329.38690199999127,2.451569171164413,0.0
329.616346,1.07037861108634,0.9992339121552604,329.62679099999133,2.302647066973693,0.0
329.86635400000023,1.0868322486459419,0.9992339121552604,329.87362599999136,2.196352364697426,0.0
330.11031600000047,1.1266814340946971,0.9992339121552604,330.12909999999147,2.1381678714749888,0.0
330.35836700000044,1.1903573994147318,0.9992339121552604,330.37476699999144,2.125026856612173,0.0
330.6062520000003,1.2776689285571208,0.9992339121552604,330.63365799999127,2.1460495804892235,0.0
330.8767340000004,1.3864297601499762,0.7711099761661562,330.86308799999114,2.1831282338297964,0.0
331.1042490000004,1.5117352889560545,0.4100272386789241,331.1161719999911,2.2141844600693372,0.0
331.3493140000003,1.6474104130010745,0.1325331971399387,331.36456499999105,2.217560011591468,0.0
331.60069600000037,1.780655488013581,0.0,331.60766299999096,2.176442284071653,0.0
331.84323500000056,1.8936260168830312,0.0,331.8569849999909,2.0879891353223607,0.0
332.08986300000043,1.9669679174273136,0.0,332.1220849999913,1.968178389533401,0.0
332.3392000000005,1.9924890228788055,0.0,332.34554399999155,1.8439077875893009,0.0
332.58021500000075,1.9774501460836076,0.0,332.60410699999136,1.7393350698648635,0.03294177732379976
332.83619100000067,1.9395275654042254,0.0,332.8406189999912,1.667982552142466,0.10572012257405512
333.0846570000009,1.8975242153820067,0.0,333.0964439999911,1.6300400586798198,0.16334695267279536
333.3270620000008,1.862630837172484,0.0,333.34699399999135,1.6128858516584752,0.19671433435478383
333.57187500000066,1.8380858605560946,0.0,333.58988299999123,1.5965050434150263,0.22531494722505963
333.8225130000005,1.818381386017945,0.0,333.83916299999134,1.5673951384520781,0.2860912495743956
334.0779930000006,1.7919120112955984,0.0,334.0815749999913,1.5275510269788939,0.3587844739530132
334.3213690000006,1.7532123756482059,0.014555669050051038,334.3406879999912,1.4928452820183282,0.45888661899897865
334.5650480000008,1.704121532522109,0.0605209397344229,334.583582999991,1.4832661507541913,0.4910623084780389
334.8189190000008,1.6479234013196404,0.13100102145045966,334.83408299999115,1.5127127572000925,0.4076438542730677
335.06246400000066,1.5826197893842608,0.24795709908069458,335.1049869999911,1.5819682864382352,0.24914879128362277
335.3098710000006,1.5036775650814724,0.432669390534559,335.31948799999105,1.67600318270398,0.09576098059244124
335.55790300000075,1.4109156534618172,0.7019918283963228,335.5749789999913,1.7666151289890337,0.001532175689479026
335.80425600000063,1.313604579496916,0.962461695607763,335.81234299999124,1.8241011169783026,0.0
336.0617660000008,1.2290239079450243,0.9992339121552604,336.06687699999134,1.8319410631624635,0.0
336.3002320000007,1.175584380046739,0.9992339121552604,336.3154239999912,1.7926969527221857,0.0
336.5461380000007,1.1689584097273593,0.9992339121552604,336.55952899999113,1.7238290360752937,0.041368743615934615
336.79455900000096,1.2219654191846638,0.9992339121552604,336.8189999999911,1.6455327799355193,0.13329928498467825
337.04262900000066,1.3409417155346948,0.9011746680286006,337.0675439999909,1.5678408541223974,0.2837078651685393
337.30097200000074,1.5131188474754962,0.4052604698672114,337.333462999991,1.49416960153657,0.4529281579843377
337.54111300000073,1.69585969083591,0.07277834525025535,337.56180799999106,1.4261922708149348,0.6519407558733402
337.78333800000036,1.840096776713033,0.0,337.8004199999909,1.3643233749671781,0.8536772216547497
338.03985900000026,1.925479050288131,0.0,338.068866999991,1.3110907748108975,0.963993871297242
338.2828670000003,1.9589881130830686,0.0,338.34122999999096,1.2722206549211799,0.9992339121552604
338.5502920000004,1.9563606480048643,0.0,338.5417339999911,1.2575575575508144,0.9992339121552604
338.78025000000025,1.9329545900838245,0.0,338.7874849999914,1.2794656205612864,0.9992339121552604
339.02616900000027,1.8995591706939376,0.0,339.0388859999915,1.3488245859381511,0.8827885597548518
339.27766400000024,1.8581613859107795,0.0,339.29297499999166,1.4705378666279214,0.5184712291453865
339.5270650000001,1.8040776735364992,0.0,339.5349649999918,1.6369420178459844,0.14479060265577115
339.7690100000002,1.732348302166879,0.036772216547497454,339.77433199999194,1.8233253979037967,0.0
340.0201350000003,1.6426177288730655,0.1378958120531154,340.025843999992,1.9924416057594683,0.0
340.2620380000005,1.5416490146542148,0.33614232209737827,340.2964989999922,2.105536959675959,0.0
340.5100910000006,1.4427316598435613,0.5947395301327886,340.52254099999215,2.1415637394171694,0.0
340.7624870000007,1.3607058150424338,0.8621041879468845,340.77516199999206,2.1035840731462305,0.0
341.0110940000008,1.3071249565099077,0.9685903983656792,341.01964899999194,2.009825990615107,0.0
341.25038000000075,1.2894595824416055,0.9992339121552604,341.2599609999919,1.8843128166416598,0.0
341.49931500000076,1.312145557690557,0.9632277834525025,341.51131099999185,1.75185815285167,0.016087844739530146
341.76430700000077,1.3788404687468232,0.7997105890364318,341.7506539999918,1.6369922337763896,0.14479060265577115
342.0027600000009,1.4871808752386806,0.47318692543411645,342.00491099999186,1.5634975413819578,0.29919986380660535
342.2418340000009,1.6248332138351818,0.1776472591079332,342.2559919999919,1.5440925496801312,0.333758937691522
342.489371000001,1.7739130426164291,0.0,342.508851999992,1.571410427835319,0.2753660197480422
342.7466910000011,1.9130626121808036,0.0,342.7884139999918,1.6216610916350422,0.18241402791964587
342.99582500000116,2.0189079366461153,0.0,343.0172399999918,1.6688875240514043,0.10495403472931565
343.2398320000011,2.0737071228135715,0.0,343.2514399999918,1.6958732099725609,0.07277834525025535
343.4811050000007,2.069699844215798,0.0,343.5312249999917,1.6970465992954478,0.06971399387129722
343.7356910000007,2.008853204284421,0.0,343.77476199999154,1.6767574366089797,0.09422880490296222
343.9831130000007,1.9026360104966114,0.0,344.0357549999916,1.645587046097385,0.13329928498467825
344.22839000000073,1.768214671017014,0.0007660878447395546,344.30227999999164,1.6151535521159115,0.19313925774599938
344.47328900000076,1.6234553744353433,0.18003064351378958,344.5206949999917,1.597955760173891,0.21697310180456253
344.7201710000008,1.4839533456814153,0.4839121552604698,344.82510099999143,1.606792475330557,0.20505617977528096
344.9716150000008,1.3610406718564152,0.8621041879468845,345.0351629999915,1.6487831548273872,0.13100102145045966
345.211830000001,1.2625656181410798,0.9992339121552604,345.2330929999916,1.7270043637113999,0.04060265577119506
345.4636950000011,1.1938597999303937,0.9992339121552604,345.4704759999918,1.8412137738867005,0.0
345.71266800000114,1.1565141232284248,0.9992339121552604,345.72846499999173,1.9854293535133938,0.0
345.96813700000104,1.1492745231508656,0.9992339121552604,345.9857199999919,2.1480653014328817,0.0
346.22806800000114,1.1684455210032079,0.9992339121552604,346.22487099999194,2.3170266489382634,0.0
346.45310300000114,1.2103771452396768,0.9992339121552604,346.4571309999919,2.4807684777972616,0.0
346.70158200000105,1.27249628594011,0.9992339121552604,346.7102829999921,2.6292899368463676,0.0
346.9556100000011,1.35142628357631,0.8766598569969355,346.95267999999214,2.7580329094057783,0.0
347.19120400000116,1.4409187888755024,0.6006979911474293,347.23705599999215,2.874818927535838,0.0
347.47152500000107,1.5294202773246401,0.35759278175008513,347.44859999999215,2.9935898908994285,0.0
347.68809700000116,1.6011692037569998,0.21458971739870614,347.6989229999922,3.13038864537354,0.0
347.9451090000009,1.6399822912980135,0.14096016343207354,347.950499999992,3.300643044427949,0.0
348.18546200000117,1.634588019916472,0.1502383384405856,348.19405099999204,3.5126482941742654,0.0
348.4334830000013,1.5859342785691213,0.24080694586312568,348.4504149999922,3.7558868690917815,0.0
348.6851540000012,1.5093513405259804,0.4147940074906368,348.68774199999217,3.988208207955226,0.0
348.9326600000013,1.427866284450696,0.643598910452843,348.947049999992,4.139624550768614,0.0
349.18766400000135,1.3615710666558354,0.8598059244126659,349.19302299999197,4.148962336686817,0.0
349.4345530000013,1.321584271836891,0.9364147088866189,349.432478999992,4.017416787438174,0.0
349.67761000000155,1.3101050767502476,0.9647599591419815,349.67853899999176,3.8049190213789683,0.0
349.91807600000146,1.323244376850324,0.9333503575076608,349.9315239999918,3.57774004718664,0.0
350.16489500000137,1.3547692358148242,0.8712972420837589,350.1752689999919,3.371194937418606,0.0
350.41081900000137,1.397953848302676,0.7341675178753833,350.43866599999205,3.1850643066472126,0.0
350.66390900000147,1.4477908411398817,0.5863976847122915,350.6726649999919,3.0064719596437692,0.0
350.91236400000156,1.5037701820009217,0.432669390534559,350.9151699999921,2.8298944178316114,0.0
351.1619080000017,1.5688413754471633,0.281324480762683,351.1675689999919,2.659261176413726,0.0
351.4047650000016,1.6436554017212732,0.1363636363636363,351.40855799999196,2.501620615234856,0.0
351.6520690000016,1.718888768731335,0.04673135852911133,351.65567799999195,2.3623120570586775,0.0
351.8996200000017,1.7774786391281183,0.0,351.9296669999919,2.2420551450850246,0.0
352.1522860000016,1.8078125117944313,0.0,352.1661419999919,2.1369233481876293,0.0
352.39264500000155,1.8074092467510836,0.0,352.399614999992,2.0402462889825688,0.0
352.65056800000144,1.7813369936201018,0.0,352.6496069999921,1.9488418752075252,0.0
352.8929880000016,1.7403545655205972,0.03217568947906029,352.91371999999205,1.8664453932794554,0.0
353.1390540000016,1.7013666286847349,0.06358529111338095,353.1517709999922,1.7984026178696009,0.0
353.3869770000015,1.6875041743828227,0.08580183861082737,353.3962169999923,1.7432735470420662,0.026046986721144024
353.6352770000013,1.720355106362244,0.04443309499489275,353.66411599999236,1.6934689226167998,0.07354443309499491
353.88091600000115,1.8032667036796362,0.0,353.8829969999922,1.6403908956234772,0.140194075587334
354.1369340000012,1.9151918005247421,0.0,354.14008099999245,1.577056306674467,0.25629894450119173
354.3799420000012,2.021430348647229,0.0,354.3765029999924,1.500476604164552,0.43981954375212795
354.63291600000116,2.0906137168457404,0.0,354.63051099999217,1.4136664824088976,0.6924582907728976
354.8843520000012,2.1048865286410106,0.0,354.92048299999215,1.326568644215211,0.9256894790602656
355.134469000001,2.061999280538573,0.0,355.13113199999214,1.2519544643052147,0.9992339121552604
355.36717000000107,1.9730578439844166,0.0,355.3730039999922,1.2005669078936538,0.9992339121552604
355.6216870000013,1.8579883054486985,0.0,355.63299799999214,1.1747479800304343,0.9992339121552604
355.8651790000014,1.742644435778001,0.02757916241062305,355.86650799999205,1.16887466214566,0.9992339121552604
356.1120100000014,1.6553811206101798,0.12487231869254341,356.1167089999919,1.1732865062351152,0.9992339121552604
356.3619970000013,1.6189009664156462,0.18598910452843032,356.3685719999918,1.1789493140519975,0.9992339121552604
356.6068330000011,1.6370344444731417,0.14479060265577115,356.6075389999916,1.1829591637517713,0.9992339121552604
356.85341000000125,1.6973437276171774,0.06971399387129722,356.86494899999155,1.191452343452969,0.9992339121552604
357.1108020000013,1.7840453701923569,0.0,357.1037989999915,1.2168188804037046,0.9992339121552604
357.34787000000125,1.8792094111277728,0.0,357.3508709999916,1.2722077293918868,0.9992339121552604
357.60113700000124,1.9621258000414354,0.0,357.5937509999914,1.3634698328147368,0.8552093973442287
357.85174900000123,2.017838577251161,0.0,357.84874499999154,1.4828546193156094,0.4922540006809669
358.09109500000125,2.039140348298477,0.0,358.1175809999915,1.6102459042116979,0.20028941096356828
358.33967100000126,2.0271740596755494,0.0,358.3407759999914,1.7212803350382555,0.04443309499489275
358.5877220000013,1.993430535053069,0.0,358.59258699999157,1.7958907104180275,0.0
358.8344700000014,1.9508322882844338,0.0,358.85010599999157,1.8245136681874596,0.0
359.07975500000134,1.910250200106826,0.0,359.0804629999914,1.8114488657160355,0.0
359.3292860000014,1.8787947127922042,0.0,359.33203199999156,1.772504806475141,0.0
359.5762320000015,1.8586477266344532,0.0,359.5928399999917,1.731842269516947,0.03753830439223701
359.8292730000016,1.8492776005818012,0.0,359.8339069999918,1.7122664771226013,0.05209397344228805
360.0736210000013,1.8457875264366428,0.0,360.0815789999916,1.7237079239526507,0.041368743615934615
360.32115100000135,1.8443481540435243,0.0,360.32847599999167,1.7569505330033939,0.009959141981613876
360.5687880000012,1.842749977327396,0.0,360.5803189999916,1.7888156559522632,0.0
360.821477000001,1.839936328985569,0.0,360.8178409999916,1.7976196907352535,0.0
361.0614440000011,1.832693673220768,0.0,361.0682279999916,1.772830664024323,0.0
361.31352000000123,1.8178826658083442,0.0,361.3347219999916,1.7163387646121069,0.047497446373850886
361.5809240000012,1.7957514107715922,0.0,361.5678089999915,1.6380540073579726,0.14325842696629212
361.8160590000011,1.7704440409905748,0.0,361.8118049999913,1.552300031063059,0.3206503234593122
362.0560060000008,1.746503611934753,0.021450459652706862,362.0608819999912,1.473975439120991,0.5125127681307456
362.29646800000074,1.727541042145815,0.04060265577119506,362.31728999999115,1.4158655448982993,0.680541368743616
362.5483850000008,1.7175622952539555,0.04673135852911133,362.5946759999911,1.3853373942330096,0.7758767449778686
362.7959250000009,1.7197187226539596,0.04443309499489275,362.7972539999911,1.384588443428068,0.7794518215866532
363.041891000001,1.7332437077223324,0.0360061287027579,363.0473449999912,1.4108440432332505,0.7019918283963228
363.29303900000116,1.7506219869618118,0.0168539325842697,363.2968089999913,1.4555948624424966,0.5601804562478719
363.5375150000012,1.7583208605281877,0.009193054136874322,363.5412919999912,1.5052556360813145,0.4267109295199183
363.7868820000013,1.7453058808027595,0.023748723186925443,363.7841599999911,1.5446785173751194,0.3313755532856656
364.04344500000144,1.7080929580542688,0.05669050051072521,364.03721399999114,1.562968884737769,0.29919986380660535
364.28229100000146,1.6518330015814602,0.128702757916241,364.2852419999912,1.5573269474212112,0.3146918624446714
364.5277670000016,1.5913620717988137,0.23127340823970036,364.5416429999912,1.5305394208498562,0.35520939734422874
364.8042100000013,1.5491224913624064,0.3254170922710249,364.7752039999913,1.4877285017765418,0.47318692543411645
365.0267380000014,1.53934161850429,0.3397173987061627,365.0235449999913,1.4342515485933034,0.6269152196118488
365.27182500000146,1.5497272732416085,0.3242254000680967,365.27494899999124,1.3773085030423742,0.8020939734422882
365.5183850000014,1.546474467404078,0.3289921688798093,365.5234379999913,1.3263833710667472,0.926455566905005
365.7712820000015,1.5045406107285713,0.4302860061287028,365.78438399999123,1.2895481636253927,0.9992339121552604
366.0153760000016,1.4246244807189972,0.6567075246850529,366.01146899999117,1.268221881944874,0.9992339121552604
366.26531500000175,1.3224128881988146,0.9348825331971399,366.26484599999145,1.2566233713689794,0.9992339121552604
366.5165200000018,1.2138919225311977,0.9992339121552604,366.51988099999136,1.2477743145226208,0.9992339121552604
366.7700710000016,1.1095472225800025,0.9992339121552604,366.7581849999915,1.2380224364794874,0.9992339121552604
367.0169990000016,1.0152291081590405,0.9992339121552604,367.00415499999133,1.224191028186894,0.9992339121552604
367.2555540000014,0.9334871055005738,0.9992339121552604,367.2515619999915,1.2033577782366125,0.9992339121552604
367.5020740000013,0.8647467321691794,0.9992339121552604,367.50413799999137,1.1747865461612004,0.9992339121552604
367.7505150000015,0.8092245362937175,0.9992339121552604,367.7525349999915,1.1405620979371607,0.9992339121552604
367.9968980000016,0.7678103171517467,0.9992339121552604,368.00010399999167,1.1067497695135775,0.9992339121552604
368.24479200000167,0.7435215752758495,0.9992339121552604,368.2755699999914,1.080220335250525,0.9992339121552604
368.4928510000017,0.7412209121495115,0.9992339121552604,368.49796199999116,1.066141070120599,0.9992339121552604
368.74281900000165,0.7628713342439832,0.9992339121552604,368.7389389999911,1.071873071801749,0.9992339121552604
368.99136100000175,0.8060254366887275,0.9992339121552604,368.985501999991,1.1066362820900744,0.9992339121552604
369.25689400000164,0.866789530584646,0.9992339121552604,369.2295489999911,1.1722685658172616,0.9992339121552604
369.4888670000016,0.939803176815661,0.9992339121552604,369.47788999999113,1.2594571242971606,0.9992339121552604
369.7287760000017,1.0193061008261486,0.9992339121552604,369.73492299999117,1.3500628225165188,0.8797242083758937
369.9768140000017,1.0995743683846975,0.9992339121552604,369.98136199999124,1.4223463525321354,0.6638576779026217
370.22596300000174,1.1729702107325717,0.9992339121552604,370.26328399999136,1.4585631336279705,0.5506469186244467
370.4693290000018,1.2316429856000306,0.9992339121552604,370.48181299999146,1.4572060230859738,0.553030303030303
370.72593100000165,1.27011336149818,0.9992339121552604,370.71772499999156,1.4387615267645373,0.6114232209737828
370.9683410000016,1.2882566816439631,0.9992339121552604,370.99823999999154,1.4346289435460102,0.6269152196118488
371.21431700000153,1.2913505742334863,0.9992339121552604,371.2488559999916,1.4724594625601617,0.514896152536602
371.46635800000166,1.2887352022307716,0.9992339121552604,371.46622999999164,1.5680356119361272,0.281324480762683
371.7114920000019,1.2900081857699492,0.9992339121552604,371.71376599999155,1.723463037911101,0.04213483146067417
371.96203100000207,1.305102205229969,0.9716547497446373,371.9570839999914,1.9267309577788412,0.0
372.199633000002,1.3450663305592396,0.8912155260469866,372.20962199999155,2.1502026506460226,0.0
372.46123300000204,1.4174360949487035,0.6757745999319034,372.4611549999914,2.354375671739875,0.0
372.697539000002,1.5224739645858085,0.38261831801157653,372.6975699999915,2.4975616612261047,0.0
372.95653900000195,1.6519291627046861,0.128702757916241,372.95419699999167,2.549491878439984,0.0
373.1931430000019,1.7895762105990807,0.0,373.2035059999917,2.504096115023898,0.0
373.446282000002,1.9138474522967825,0.0,373.45848799999186,2.3841476735538745,0.0
373.690200000002,2.0045886782426487,0.0,373.6859229999921,2.224405294453577,0.0
373.944658000002,2.0528647722042246,0.0,373.9377659999921,2.0534001936637925,0.0
374.18318600000214,2.06326164459919,0.0,374.18586499999213,1.8914455677801425,0.0
374.4381360000023,2.0482069917430636,0.0,374.444405999992,1.753197997487302,0.014555669050051038
374.68248000000233,2.0210127420369313,0.0,374.6832229999919,1.6477416916482948,0.13176710929519914
374.93406400000225,1.9895080105723428,0.0,374.92577999999173,1.58193820170685,0.24914879128362277
375.17486100000184,1.9519513497693655,0.0,375.1818539999916,1.5601596130448265,0.30754170922710244
375.4239850000017,1.9053562636108234,0.0,375.4371029999915,1.582988981893274,0.24557371467483832
375.6813370000021,1.8520810636086553,0.0,375.6683079999915,1.646362595378086,0.13329928498467825
375.9223580000019,1.8013583067925085,0.0,375.91751299999135,1.7370509839132193,0.03447395301327887
376.16389100000185,1.7657177067138004,0.0022982635342185804,376.16180299999104,1.8291205070500811,0.0
376.41545900000193,1.7537433976445822,0.013789581205311567,376.413450999991,1.8992515775591663,0.0
376.6619610000022,1.7650439246887535,0.00383043922369769,376.67409899999103,1.9397379415538152,0.0
376.9295620000021,1.7883965277850926,0.0,376.91303499999105,1.9590555465797859,0.0
377.1603970000021,1.8059621046809446,0.0,377.1514429999911,1.967971945817761,0.0
377.4079410000021,1.8005521294668951,0.0,377.40640999999135,1.9730112334855956,0.0
377.6543540000023,1.762472512705958,0.006894790602655742,377.64605099999125,1.9772758229333827,0.0
377.90356200000247,1.6922154137501608,0.07507660878447393,377.9403869999911,1.982115125435105,0.0
378.1494290000023,1.5985449401825005,0.21697310180456253,378.15342299999134,1.985261669690015,0.0
378.39423400000254,1.4955720084813964,0.4517364657814096,378.3908489999916,1.981343535975181,0.0
378.6502770000025,1.3990556397309617,0.7305924412665987,378.6492429999916,1.9635567082306296,0.0
378.9101780000025,1.3218960627222538,0.9364147088866189,378.8871439999915,1.926451608552648,0.0
379.14018300000225,1.2721333886022042,0.9992339121552604,379.1461079999915,1.8686517196516246,0.0
379.3851400000023,1.254040939501697,0.9992339121552604,379.38414699999146,1.793769281229281,0.0
379.62996800000235,1.2680971622826347,0.9992339121552604,379.64851399999156,1.7087793109210778,0.05669050051072521
379.8799550000022,1.308777765014297,0.9670582226762001,379.91442899999146,1.6219323149137357,0.18241402791964587
380.14207500000254,1.3622252051848724,0.8590398365679264,380.12406399999145,1.5420441471787525,0.33495062989445007
380.37915200000265,1.4059256215944282,0.7162921348314607,380.3670519999915,1.4799707848389998,0.4970207694926796
380.64165700000285,1.4185351901924554,0.6721995233231189,380.6243569999914,1.4465581718203568,0.5887810691181479
380.87463000000287,1.3893698026500059,0.7603847463398025,380.8775109999914,1.444393770274783,0.5923561457269323
381.12139400000285,1.323349332303155,0.9333503575076608,381.1394479999914,1.4607246468755068,0.5470718420156623
381.37341600000303,1.2369048654347279,0.9992339121552604,381.3616149999913,1.4739916210351909,0.5125127681307456
381.61744600000316,1.1494899565029075,0.9992339121552604,381.60597699999136,1.4684738389001202,0.5244296901600273
381.87452600000336,1.0750889676618152,0.9992339121552604,381.86502299999137,1.4410978298601387,0.5995062989445012
382.1127400000035,1.0189315343389866,0.9992339121552604,382.10091299999124,1.3992500057122768,0.7294007490636704
382.36131300000375,0.98008227221888,0.9992339121552604,382.3565999999912,1.3540960540609448,0.8735955056179775
382.6068120000039,0.9562990057426692,0.9992339121552604,382.6133219999911,1.3167784563392206,0.9548008171603676
382.85490800000406,0.9481046733208722,0.9992339121552604,382.85294199999106,1.2981400250223918,0.9877425944841675
383.10322100000405,0.9567849499844003,0.9992339121552604,383.09295699999103,1.3046579642982672,0.9724208375893769
383.35574300000405,0.9807474391293892,0.9992339121552604,383.3469439999912,1.3352757668662572,0.9103677221654749
383.5987920000041,1.0141673533473807,0.9992339121552604,383.5899859999911,1.3804834180841818,0.7961355124276474
383.8435340000042,1.0475011864460038,0.9992339121552604,383.84804299999104,1.4240619611496221,0.6578992168879809
384.08865300000423,1.0704878870490795,0.9992339121552604,384.0973669999909,1.451780170830637,0.5732890704800817
384.3426220000044,1.0760219714247579,0.9992339121552604,384.3590319999911,1.4608944604415184,0.545880149812734
384.6086620000044,1.0632013331974874,0.9992339121552604,384.5959099999914,1.4591145157293128,0.5506469186244467
384.8339620000043,1.0379792272416397,0.9992339121552604,384.83303799999135,1.4556527217648179,0.5601804562478719
385.0817590000044,1.0108673978003968,0.9992339121552604,385.07499599999124,1.4538771757132847,0.5661389172625128
385.32837300000443,0.9902875488453345,0.9992339121552604,385.32444599999116,1.4517882544538803,0.5732890704800817
385.57576200000426,0.9756447611164764,0.9992339121552604,385.5986029999913,1.4471280348573923,0.5863976847122915
385.82731800000414,0.9598816431902604,0.9992339121552604,385.8781309999912,1.4386946216355168,0.6114232209737828
386.06919500000413,0.9390852282836856,0.9992339121552604,386.0815229999914,1.4285360954534667,0.6412155260469866
386.31726500000417,0.9160759837664453,0.9992339121552604,386.3545769999914,1.420650865647425,0.6698161389172627
386.58519100000416,0.898967759980407,0.9992339121552604,386.57210899999126,1.418190484019431,0.6733912155260471
386.8161880000041,0.8974315221370979,0.9992339121552604,386.8145099999913,1.4198423419653237,0.6710078311201907
387.0559490000039,0.9186886593912152,0.9992339121552604,387.0637749999912,1.4187331627252342,0.6721995233231189
387.3159930000038,0.9642258535528836,0.9992339121552604,387.3092379999911,1.4085425698141991,0.7067585972080356
387.5565880000036,1.0313768153726346,0.9992339121552604,387.56370399999093,1.3920005122065484,0.7580013619339464
387.8174780000035,1.1155787987027952,0.9992339121552604,387.7992029999909,1.38303755163381,0.7842185903983656
388.0491730000035,1.2123439816854007,0.9992339121552604,388.0644859999912,1.4035024358231576,0.7222505958461014
388.3047890000032,1.3174898611880992,0.9502042900919304,388.29101999999114,1.4730751942658749,0.5137044603336738
388.5552390000033,1.4255326670172586,0.6519407558733402,388.548280999991,1.5989344588402425,0.21578140960163433
388.7951090000035,1.5285948959224536,0.35759278175008513,388.81182799999107,1.7714790012062742,0.0
389.04366000000346,1.615510059743859,0.19194756554307119,389.0399069999911,1.963679255649484,0.0
389.2962200000037,1.6765682239069122,0.09422880490296222,389.28278999999094,2.1404308943988695,0.0
389.5415600000035,1.7092242109983726,0.055158324821246184,389.54036799999074,2.271802800071898,0.0
389.7860250000035,1.7224255008963727,0.04213483146067417,389.78935399999074,2.340552108952309,0.0
390.03240200000363,1.7358930777034534,0.03447395301327887,390.03397399999056,2.3452735236570907,0.0
390.27838000000384,1.7652415692870438,0.00383043922369769,390.29149199999074,2.2998269941590994,0.0
390.5308570000038,1.8068305469876569,0.0,390.5279879999909,2.226046496264787,0.0
390.78692900000397,1.8391191259001676,0.0,390.77709199999117,2.143754936547798,0.0
391.034491000004,1.8406056222043334,0.0,391.0219269999911,2.065647512541112,0.0
391.2763970000041,1.8017087031373085,0.0,391.26497999999066,1.9972214441836256,0.0
391.52154100000416,1.7276831065562328,0.04060265577119506,391.5125119999906,1.9379671821812634,0.0
391.7702330000043,1.632678713113118,0.15619679945522644,391.7623079999904,1.8821895948438514,0.0
392.0153590000044,1.5316897578860387,0.3516343207354443,392.02338899999023,1.8209965205936618,0.0
392.2843060000043,1.4349106424887559,0.6245318352059924,392.26228699999035,1.747852759948714,0.019918283963227753
392.50721200000424,1.3457977688871186,0.8904494382022471,392.5078729999902,1.665100615006684,0.11108273748723184
392.7541300000044,1.2649359684228387,0.9992339121552604,392.75673699999027,1.5877641015325377,0.236040177051413
393.0080920000044,1.1950733258189334,0.9992339121552604,393.0073149999904,1.5410865659990125,0.33733401430030646
393.25603400000443,1.1432484951263069,0.9992339121552604,393.2747479999905,1.5492919585585594,0.3254170922710249
393.5016350000045,1.117419003737403,0.9992339121552604,393.4973459999905,1.6199887852410153,0.18479741232550226
393.74713400000456,1.1237706782506538,0.9992339121552604,393.7525709999903,1.7388658728411481,0.03370786516853932
393.9901670000046,1.1654732270491261,0.9992339121552604,393.9925519999904,1.8799799660510588,0.0
394.25257600000447,1.2442520503368775,0.9992339121552604,394.24686899999034,2.0187514785145044,0.0
394.4901170000043,1.3621942498813866,0.8590398365679264,394.4892429999903,2.139770595717138,0.0
394.73961800000427,1.5227058705090355,0.38261831801157653,394.73162599999034,2.2397685891977677,0.0
394.98315400000433,1.7240487652946106,0.041368743615934615,394.98712999999054,2.32319809797185,0.0
395.2304290000045,1.947031497936895,0.0,395.23472699999036,2.3948673626568553,0.0
395.4928660000045,2.1508347443249782,0.0,395.4785829999903,2.454965875649359,0.0
395.7309590000044,2.2824124049616668,0.0,395.7310849999904,2.4977419506218324,0.0
395.97381800000426,2.316225148995991,0.0,395.9744799999904,2.516804833079184,0.0
396.22380700000446,2.271711390415039,0.0,396.2584499999905,2.5080229573476354,0.0
396.4742970000045,2.185126517403445,0.0,396.4970039999904,2.469381809489577,0.0
396.7158380000044,2.085742368933529,0.0,396.7150449999904,2.4100462489385954,0.0
396.9774620000044,1.9880306868511786,0.0,396.97958799999066,2.351646569782345,0.0
397.21422000000433,1.8938091812457194,0.0,397.20421799999065,2.324140260992702,0.0
397.4612580000043,1.7999318978547028,0.0,397.47609499999066,2.3553733466924935,0.0
397.7146420000041,1.7061146920268655,0.05822267620020432,397.7067199999907,2.4591131524068315,0.0
397.962101000004,1.6154253260087104,0.19194756554307119,397.9622209999906,2.6244121286240976,0.0
398.2096430000038,1.531942260968315,0.3516343207354443,398.1970459999908,2.814723504535648,0.0
398.45302700000383,1.4593304458927028,0.5506469186244467,398.45556699999065,2.980137254310987,0.0
398.71146300000396,1.4005766692985075,0.7258256724548859,398.7021809999906,3.0799907471126886,0.0
398.94659300000427,1.3544233416000213,0.8735955056179775,398.9465039999906,3.0999363148918615,0.0
399.19704800000426,1.3160196078100306,0.9555669050051072,399.1950839999905,3.0465712219612686,0.0
399.45062900000454,1.279611505302051,0.9992339121552604,399.4414359999907,2.9376983458943884,0.0
399.69138000000424,1.2405824303059216,0.9992339121552604,399.71145199999074,2.791604772402251,0.0
399.9618320000042,1.197790696150714,0.9992339121552604,399.94866799999096,2.6221493173402752,0.0
400.1853380000042,1.1547345578451855,0.9992339121552604,400.18398999999073,2.440321414988105,0.0
400.43419100000415,1.1191095417599524,0.9992339121552604,400.43716799999095,2.2547317404971183,0.0
400.6857850000038,1.0985946448146464,0.9992339121552604,400.681910999991,2.0763221976909567,0.0
400.93128200000353,1.096337950142595,0.9992339121552604,400.94897799999086,1.9167499423686607,0.0
401.18007200000346,1.1079916791461333,0.9992339121552604,401.1718659999911,1.7825941747470502,0.0
401.42923200000365,1.1238184248612388,0.9992339121552604,401.41694099999125,1.6737585257874736,0.09882533197139938
401.68024400000337,1.1338125343947905,0.9992339121552604,401.6774949999911,1.5847028072700067,0.24319033026898193
401.92955200000347,1.1341382152017268,0.9992339121552604,401.911779999991,1.5082577596384763,0.4183690840994212
402.16596300000333,1.1286583009688178,0.9992339121552604,402.15746299999097,1.4414096938565544,0.5995062989445012
402.4451530000034,1.124495663155273,0.9992339121552604,402.41883099999126,1.3876610156698106,0.7663432073544434
402.66479600000355,1.1267115883898065,0.9992339121552604,402.66572599999137,1.3523282543254673,0.8758937691521961
402.90413900000345,1.13542922630474,0.9992339121552604,402.91599899999113,1.339098543968952,0.9057711950970377
403.17674800000367,1.145693347487962,0.9992339121552604,403.1790639999912,1.3454830109264726,0.8912155260469866
403.4107800000036,1.1509087219756524,0.9992339121552604,403.4123859999913,1.3659800182425565,0.8485699693564862
403.6607570000037,1.1469560479169558,0.9992339121552604,403.68252399999136,1.4014390309983398,0.7246339802519578
403.9072600000039,1.134235180307863,0.9992339121552604,403.90749899999133,1.459065963721787,0.5506469186244467
404.163904000004,1.1166541724500159,0.9992339121552604,404.1616219999913,1.5470277255532168,0.3289921688798093
404.391304000004,1.0978313160635376,0.9992339121552604,404.4089999999914,1.6685023878632121,0.10495403472931565
404.64837400000414,1.0802479159405682,0.9992339121552604,404.6534469999913,1.8186911386332558,0.0
404.88572800000435,1.0669943312766748,0.9992339121552604,404.8863469999915,1.9813133891939414,0.0
405.1341310000044,1.0632611179756115,0.9992339121552604,405.13491299999146,2.127218832248019,0.0
405.38554200000436,1.0751315957580343,0.9992339121552604,405.3837469999915,2.218406404886808,0.0
405.6343590000042,1.1071537929279747,0.9992339121552604,405.6393539999914,2.2255825909220066,0.0
405.88142700000407,1.1588623785908374,0.9992339121552604,405.87057499999156,2.1503119461957745,0.0
406.1314170000039,1.2228706830341096,0.9992339121552604,406.12189799999163,2.023483498759688,0.0
406.38690100000395,1.2853773563697477,0.9992339121552604,406.3693199999916,1.8825057306511332,0.0
406.62229000000417,1.3300917766418368,0.9226251276813074,406.6225309999915,1.754553437301957,0.013023493360572012
406.8768720000042,1.3443314728214144,0.8927477017364657,406.8632639999915,1.6526789568939064,0.12717058222676197
407.11532800000407,1.323586155252114,0.9325842696629213,407.1164499999917,1.5781643779701413,0.25629894450119173
407.36634500000434,1.2710157469584327,0.9992339121552604,407.36616899999154,1.5273514668503352,0.3587844739530132
407.63569000000433,1.1945781609359052,0.9992339121552604,407.62476899999143,1.4982558849182694,0.446969696969697
407.8646510000044,1.1044989402660785,0.9992339121552604,407.8728209999916,1.485664076333097,0.4779536942458291
408.1096120000046,1.0137319125368771,0.9992339121552604,408.1036779999915,1.4796989529258273,0.4970207694926796
408.35316800000464,0.9395873422079846,0.9992339121552604,408.3491839999915,1.4706860691459016,0.5184712291453865
408.6056780000047,0.9040659626527046,0.9992339121552604,408.62391099999155,1.455564480822864,0.5613721484508002
408.8499970000045,0.9299394964773027,0.9992339121552604,408.86017999999154,1.4378370243620264,0.6149982975825673
409.0999570000047,1.0294879416138536,0.9992339121552604,409.0959039999915,1.422182724350719,0.6650493701055499
409.3572290000046,1.194272108542142,0.9992339121552604,409.3419039999916,1.4101511797347586,0.7067585972080356
409.5965350000046,1.3963827664827326,0.7377425944841677,409.5884969999916,1.3995387309081941,0.7282090568607423
409.84021700000466,1.6022371498869672,0.21101464078992166,409.8463789999917,1.383004239421962,0.7842185903983656
410.08963900000475,1.7815819876434789,0.0,410.09668899999156,1.3553651485895715,0.8705311542390194
410.33155300000493,1.9042008005912074,0.0,410.34146099999157,1.3164454269561179,0.9548008171603676
410.58153300000487,1.951155893315901,0.0,410.59467599999147,1.2698881652241636,0.9992339121552604
410.84468100000487,1.9256269766078697,0.0,410.8314529999915,1.222223979772668,0.9992339121552604
411.0769680000048,1.849759635831942,0.0,411.08397999999175,1.1823146409312648,0.9992339121552604
411.32373000000473,1.7491498901482112,0.018386108273748727,411.32392699999184,1.1606980601656158,0.9992339121552604
411.57419100000476,1.6415729478965488,0.1378958120531154,411.57164299999175,1.168171966732668,0.9992339121552604
411.82068500000514,1.5360766998403241,0.34686755192373164,411.8316019999918,1.2130156397096536,0.9992339121552604
412.0646650000051,1.4374819578573619,0.6161899897854954,412.0782409999917,1.2991921558832868,0.9854443309499489
412.3185220000053,1.349067586515636,0.8812563840653728,412.31462899999144,1.42547022425074,0.6519407558733402
412.5710040000053,1.2751478143461992,0.9992339121552604,412.5677229999913,1.5847034544071747,0.24319033026898193
412.8151420000053,1.2215123506813979,0.9992339121552604,412.8075259999913,1.7635111697817236,0.00612870275791627
413.05776600000524,1.193095776544665,0.9992339121552604,413.0581149999913,1.9406566865005472,0.0
413.30691900000517,1.1893015558645472,0.9992339121552604,413.3094869999913,2.0891523671087926,0.0
413.5557610000052,1.2014973683895518,0.9992339121552604,413.55209299999126,2.179734487241691,0.0
413.8028130000051,1.21597863193085,0.9992339121552604,413.804971999991,2.194075684298949,0.0
414.0528610000053,1.222454600270689,0.9992339121552604,414.04399199999096,2.1370811548162316,0.0
414.2975010000053,1.2197594766135482,0.9992339121552604,414.29603699999086,2.0343825769400365,0.0
414.5443750000053,1.2147405415852592,0.9992339121552604,414.5411239999908,1.9169820264305701,0.0
414.79321600000526,1.217102475588189,0.9992339121552604,414.78680099999076,1.805501056736121,0.0
415.0407750000051,1.2350587791159602,0.9992339121552604,415.0460719999909,1.7065908970182604,0.057456588355464765
415.31433000000544,1.2712191593276907,0.9992339121552604,415.2836609999909,1.6200501716129967,0.18360572012257406
415.5364120000053,1.3191476687877337,0.9456077630234933,415.5357039999907,1.5431038809425353,0.33495062989445007
415.78641100000533,1.3633315587827606,0.8552093973442287,415.7795669999908,1.473895712540572,0.5125127681307456
416.03636100000546,1.3842547479028846,0.7806435137895812,416.02611899999084,1.4140768190588104,0.6912665985699694
416.2804210000056,1.3667644248229176,0.8485699693564862,416.2935669999908,1.3711266170155099,0.8295028941096358
416.5268140000055,1.3100971754035333,0.9647599591419815,416.52352399999086,1.3555209351131694,0.8705311542390194
416.7713060000057,1.2335910515341475,0.9992339121552604,416.7835349999907,1.3768403242992688,0.8032856656452163
417.0212120000055,1.167994024014469,0.9992339121552604,417.0146499999909,1.43596656346569,0.6197650663942799
417.2888010000056,1.1375388560515645,0.9992339121552604,417.2613879999911,1.5218417938364182,0.38500170241743276
417.5192620000058,1.1464341660494741,0.9992339121552604,417.51173699999094,1.6172453091940013,0.190755873340143
417.76974900000596,1.1805639790466644,0.9992339121552604,417.76130799999095,1.7067198118756137,0.057456588355464765
418.010824000006,1.2189821902321911,0.9992339121552604,418.0062739999908,1.7840953935734036,0.0
418.2607580000059,1.2428105856230744,0.9992339121552604,418.2592449999907,1.8543796567826265,0.0
418.51483000000576,1.241870540256568,0.9992339121552604,418.5062499999908,1.9273365696152986,0.0
418.7588950000059,1.217029201548938,0.9992339121552604,418.7540909999909,2.0096538168938736,0.0
418.995793000006,1.1770352127488726,0.9992339121552604,419.0321369999909,2.09975785305443,0.0
419.25142800000623,1.132482625551022,0.9992339121552604,419.245048999991,2.1835627980475456,0.0
419.4944090000062,1.0936429958701137,0.9992339121552604,419.50255499999093,2.2368355762355017,0.0
419.74073200000623,1.0698462764961587,0.9992339121552604,419.75098199999087,2.237106289197955,0.0
419.99177500000616,1.0681248893939588,0.9992339121552604,419.9888209999908,2.1794857497755675,0.0
420.24727800000636,1.0909415683819026,0.9992339121552604,420.2514139999907,2.079434498283047,0.0
420.4891740000063,1.1358453210580897,0.9992339121552604,420.51608999999064,1.9641987931483063,0.0
420.7315670000063,1.1988851310867368,0.9992339121552604,420.72994799999054,1.8605659905938046,0.0
420.98657500000644,1.2780500257675156,0.9992339121552604,420.98741199999057,1.7881302146545413,0.0
421.2315310000064,1.3748729811980724,0.8152025876744979,421.22532599999073,1.7564895009229535,0.009959141981613876
421.47603100000634,1.4936683080237403,0.4553115423901941,421.46896199999077,1.7680217943302767,0.0007660878447395546
421.7455180000064,1.6384291079126823,0.14249233912155257,421.7195379999909,1.8204889824948616,0.0
421.9755400000062,1.8041740414827716,0.0,421.9640169999908,1.9088904185168944,0.0
422.2209590000063,1.9772817453931046,0.0,422.2164429999908,2.0193645818879373,0.0
422.4676190000062,2.137200838170301,0.0,422.46450899999064,2.1270239304195657,0.0
422.7140570000062,2.2560125934431583,0.0,422.72495199999054,2.2019300843218654,0.0
422.9844930000064,2.3034748148724447,0.0,422.95538399999054,2.226189769136689,0.0
423.21327900000654,2.259943440379741,0.0,423.2224329999904,2.197717168629786,0.0
423.4589230000066,2.131279749735946,0.0,423.4898089999902,2.1278873498397095,0.0
423.7064350000067,1.9480006003709371,0.0,423.75040499999017,2.0321814645896463,0.0
423.95846700000635,1.7476818274962902,0.020684371807967308,424.0107509999901,1.9243126810605578,0.0
424.1958920000063,1.5605961103000001,0.30754170922710244,424.2848819999901,1.815685180908264,0.0
424.4582950000064,1.4087806435267267,0.7067585972080356,424.54181899999014,1.7187280394473627,0.04673135852911133
424.6999060000064,1.306178501559091,0.9685903983656792,424.8426929999904,1.6457708159439601,0.13329928498467825
424.9474600000064,1.261583258110391,0.9992339121552604,425.09390799999073,1.6048691282208931,0.2074395641811372
425.1899080000066,1.2779482872236376,0.9992339121552604,425.3437489999909,1.59660374883013,0.22531494722505963
425.4357790000066,1.348999994043155,0.8820224719101123,425.493871999991,1.6138259901945151,0.19552264215185564
425.6955040000064,1.457858833787963,0.5506469186244467,425.68511399999113,1.6428121362422317,0.1378958120531154
425.94148400000654,1.5796813875923423,0.25153217568947905,425.93358299999124,1.6675648400831729,0.10572012257405512
426.19530700000644,1.6855818328863041,0.08810010214504595,426.17601199999126,1.6676464783394847,0.10572012257405512
426.4248270000066,1.746188580501561,0.022216547497446334,426.42545399999125,1.6286894610192515,0.168113721484508
426.6797760000067,1.7431581258976347,0.026046986721144024,426.6759079999913,1.5509351240135707,0.3206503234593122
426.9212940000063,1.682286148239387,0.08963227783452497,426.92103299999127,1.4509286082637005,0.5768641470888661
427.1700500000063,1.5897972859680118,0.2336567926455566,427.1782479999913,1.3506846595816073,0.8781920326864147
427.42004800000643,1.4932527152515158,0.4553115423901941,427.42077199999136,1.266543189716252,0.9992339121552604
427.6655530000063,1.4114002889356936,0.6996084439904665,427.6597919999913,1.2078587469848954,0.9992339121552604
427.9126120000061,1.3544822636731237,0.8735955056179775,427.90976299999113,1.1801967235168078,0.9992339121552604
428.1704820000063,1.3275966873288003,0.924923391215526,428.1586749999911,1.1871432020483756,0.9992339121552604
428.41485600000635,1.3316993530933199,0.9195607763023492,428.403685999991,1.2286066756100233,0.9992339121552604
428.6561990000063,1.3624997934573204,0.8582737487231868,428.6538929999911,1.2972886669195347,0.9908069458631256
428.90274000000613,1.4069139129702068,0.7127170582226763,428.90646399999116,1.3783113637820963,0.8009022812393599
429.1501400000059,1.443589542570181,0.5935478379298603,429.14885699999115,1.4552631065623203,0.5613721484508002
429.4150680000058,1.4546712888949314,0.5625638406537283,429.39783099999084,1.5165792628452135,0.39691862444671433
429.6433040000058,1.4399430712284995,0.6042730677562137,429.651874999991,1.5638514680537396,0.29919986380660535
429.89080700000596,1.4158076029600217,0.6817330609465441,429.88730499999104,1.610773410508218,0.19909771876064009
430.135349000006,1.4026876429104673,0.7222505958461014,430.137489999991,1.6740760360006781,0.09729315628192035
430.39163600000614,1.4153383066938032,0.6829247531494723,430.423434999991,1.762321640072316,0.0076608784473952965
430.6327620000062,1.4603344727513257,0.5482635342185904,430.63779599999083,1.86904399063652,0.0
430.88587900000635,1.5325720001856586,0.3516343207354443,430.876918999991,1.9771871162307284,0.0
431.12716800000646,1.6176101214507121,0.1895641811372148,431.130223999991,2.0681938675575333,0.0
431.38438700000654,1.6980437506012183,0.06971399387129722,431.3751839999909,2.1270202141903223,0.0
431.6286850000064,1.760414363872109,0.00842696629213485,431.6443939999909,2.1457026798186587,0.0
431.88177700000637,1.7972496647418341,0.0,431.87231199999087,2.126545046311001,0.0
432.1296520000064,1.8051202288842203,0.0,432.1292079999909,2.0778722548198383,0.0
432.37630200000666,1.7851858001952918,0.0,432.3688219999909,2.004251098134186,0.0
432.6142950000066,1.7446126244403624,0.024514811031664998,432.61779799999096,1.9046432604650172,0.0
432.86338000000677,1.6920136175468174,0.07507660878447393,432.86232099999086,1.777043693070837,0.0
433.1193160000069,1.634404579350104,0.1502383384405856,433.10468499999064,1.629465516188413,0.16573033707865162
433.3623090000069,1.577486691478874,0.25629894450119173,433.36466099999063,1.4804907393259457,0.49582907728975156
433.60826600000695,1.5192092153116359,0.39215185563500166,433.60706299999055,1.3488238114770195,0.8827885597548518
433.8701720000069,1.4507753828227083,0.5780558392917944,433.8895809999905,1.2457382880479704,0.9992339121552604
434.1166880000068,1.368042756882522,0.8449948927477017,434.1295369999905,1.1749159152166162,0.9992339121552604
434.36676100000693,1.2774984948639425,0.9992339121552604,434.3524729999904,1.136846229750007,0.9992339121552604
434.59649000000707,1.1911666677197088,0.9992339121552604,434.60318899999044,1.1316540707827276,0.9992339121552604
434.8460440000071,1.1185330927707307,0.9992339121552604,434.9001409999903,1.1592072858980216,0.9992339121552604
435.09911400000715,1.0649853898846207,0.9992339121552604,435.10717099999033,1.2165306710973314,0.9992339121552604
435.34306500000724,1.033199718140776,0.9992339121552604,435.3375259999905,1.2932856495675082,0.9992339121552604
435.5960110000072,1.0247366079532603,0.9992339121552604,435.6274449999905,1.3692473993142538,0.8390364317330611
435.8356060000071,1.0408664539529102,0.9992339121552604,435.8483619999904,1.4227237045063221,0.6626659856996936
436.094525000007,1.0814663360262122,0.9992339121552604,436.1518969999905,1.4439911136180599,0.5935478379298603
436.3374990000068,1.1423870083069827,0.9992339121552604,436.3538209999905,1.4387706672472595,0.6114232209737828
436.5860610000071,1.213830862788809,0.9992339121552604,436.66026999999053,1.4220796107872822,0.6650493701055499
436.8307860000069,1.282830399545121,0.9992339121552604,436.90630899999036,1.4123348157779576,0.6948416751787538
437.07436000000695,1.3401957530455424,0.9042390194075587,437.1202149999903,1.4251383508323576,0.6567075246850529
437.3355060000069,1.3889458845767597,0.7627681307456589,437.43730499999026,1.4671945924005174,0.5256213823629554
437.57075000000697,1.4458891451508298,0.5887810691181479,437.6787429999902,1.5307683365337013,0.35520939734422874
437.82224000000724,1.5329902118569059,0.3516343207354443,438.0038749999902,1.5950978420796227,0.2276983316309159
438.06485600000707,1.6693321223877031,0.10495403472931565,438.21624999999045,1.6393623693906658,0.14096016343207354
438.33576400000686,1.8600457378424387,0.0,438.3986409999907,1.653244796263135,0.12640449438202242
438.5628190000069,2.0815243591069432,0.0,438.5822059999905,1.6378045227077607,0.14325842696629212
438.81423700000727,2.2854368404934213,0.0,438.8514219999905,1.6006271066596003,0.21578140960163433
439.05213400000736,2.4275836172154492,0.0,439.10704699999036,1.5491650607617549,0.3254170922710249
439.30614200000747,2.496076495418836,0.0,439.34589399999044,1.4884705110152465,0.4719952332311882
439.5491740000076,2.507643459117279,0.0,439.5460659999906,1.4212357716666482,0.6686244467143343
439.79749700000764,2.488034789519135,0.0,439.7897189999905,1.3508761367804447,0.8781920326864147
440.0466360000077,2.4557414232042625,0.0,440.0637889999906,1.2865469809727257,0.9992339121552604
440.31455700000765,2.420021388337218,0.0,440.34089699999066,1.243145777624037,0.9992339121552604
440.5420850000077,2.3816547104119588,0.0,440.61427999999074,1.2377497322562423,0.9992339121552604
440.7905130000077,2.3353497391641023,0.0,440.8192599999906,1.281637360094728,0.9992339121552604
441.0398840000076,2.2771297136833017,0.0,441.0312699999906,1.3726676222754652,0.8247361252979231
441.29085000000754,2.2070541954679346,0.0,441.2806059999908,1.4924599658328204,0.4612700034048348
441.5492290000076,2.125602642628826,0.0,441.517088999991,1.611459603829747,0.19909771876064009
441.77983500000755,2.0300331047408564,0.0,441.7720569999908,1.6985423496668677,0.06971399387129722
442.03583800000746,1.914852333506016,0.0,442.01699999999107,1.734705304540118,0.0360061287027579
442.27518100000736,1.7774416827190476,0.0,442.2688889999912,1.7273828754727065,0.04060265577119506
442.5247300000072,1.6246198896573971,0.1776472591079332,442.53229999999127,1.6988941439604162,0.06971399387129722
442.77391000000705,1.4708155953893312,0.5184712291453865,442.7673799999913,1.6679710779029047,0.10572012257405512
443.02275600000706,1.3302095049624092,0.9218590398365678,443.01141499999153,1.6385293147133426,0.14249233912155257
443.27020000000687,1.2115934798106047,0.9992339121552604,443.2633049999914,1.6052675311894606,0.206247871978209
443.51378400000675,1.1189174765267091,0.9992339121552604,443.5028099999913,1.5650096284504493,0.2944330949948927
443.7630810000067,1.054242073364624,0.9992339121552604,443.75213399999126,1.520175542864593,0.38857677902621723
444.0362440000066,1.0201198568254863,0.9992339121552604,444.0072739999912,1.4768708758604057,0.5041709227102487
444.25606400000646,1.0190809434554602,0.9992339121552604,444.2478159999912,1.4431178030640714,0.5935478379298603
444.5029950000065,1.0517552935775738,0.9992339121552604,444.49563199999125,1.4273832134902837,0.6447906026557712
444.7529840000064,1.1154538057184995,0.9992339121552604,444.74561499999123,1.4372232439151786,0.6173816819884235
445.0195230000066,1.201497889365803,0.9992339121552604,444.9996449999914,1.4769652716102484,0.5041709227102487
445.2510630000066,1.293459710500555,0.9992339121552604,445.2390039999913,1.5464387314327332,0.3289921688798093
445.49127500000657,1.3712605793940238,0.8295028941096358,445.48196999999124,1.6421552517648856,0.1378958120531154
445.74127500000645,1.425174073329305,0.6567075246850529,445.7488989999914,1.7610287898918688,0.00842696629213485
445.9861030000064,1.456682313540715,0.5542219952332312,445.97770999999125,1.9030647396243945,0.0
446.2481840000066,1.4578925535203253,0.5506469186244467,446.2286199999913,2.068153180681691,0.0
446.48172700000674,1.4058834472458028,0.7162921348314607,446.5046099999915,2.245012528779868,0.0
446.73410600000676,1.2988785884839888,0.9854443309499489,446.7216529999916,2.411453992816319,0.0
446.9832530000068,1.1615108025918621,0.9992339121552604,446.9876709999916,2.5400382093059117,0.0
447.22602700000687,1.0183014708250833,0.9992339121552604,447.2240109999918,2.6073036478640965,0.0
447.47923200000673,0.8843874115729995,0.9992339121552604,447.4809909999918,2.603038327969411,0.0
447.7251780000066,0.7674899701701114,0.9992339121552604,447.7330069999919,2.5366595102047866,0.0
447.96854800000693,0.672230946018063,0.9992339121552604,447.9569409999919,2.433930245590601,0.0
448.222370000007,0.6030889871011147,0.9992339121552604,448.21412899999183,2.3247964999431057,0.0
448.4778670000068,0.5678845797259111,0.9992339121552604,448.4589399999917,2.225564542859459,0.0
448.71491000000685,0.5815340876969289,0.9992339121552604,448.7160069999919,2.1353707123490793,0.0
448.9678310000071,0.6605614611824197,0.9992339121552604,448.97038799999194,2.044008771873833,0.0
449.2241940000071,0.7877296774569613,0.9992339121552604,449.19546699999205,1.9398446186667135,0.0
449.4596680000071,0.9056219748245213,0.9992339121552604,449.441419999992,1.81688554686131,0.0
449.7083720000072,0.9848210695188042,0.9992339121552604,449.70737299999206,1.6810410670547296,0.09116445352400408
449.9493390000071,1.0325587141437291,0.9992339121552604,449.9418109999921,1.5533179147438965,0.3206503234593122
450.2040080000071,1.061578189893839,0.9992339121552604,450.19274499999216,1.465016795417468,0.5315798433775962
450.4519030000072,1.0790490700369342,0.9992339121552604,450.4454579999923,1.4409289908358214,0.6006979911474293
450.69238200000706,1.085428580612105,0.9992339121552604,450.6820249999921,1.4819407227787402,0.4946373850868233
450.9378490000069,1.0765848943965695,0.9992339121552604,450.93648199999194,1.5641054664625558,0.29800817160367726
451.194047000007,1.0484993868154797,0.9992339121552604,451.1924419999921,1.6538496531168667,0.12640449438202242
451.44017700000705,1.0031802147393734,0.9992339121552604,451.436942999992,1.7199226870615216,0.04443309499489275
451.6875880000067,0.9504351655019125,0.9992339121552604,451.6733859999922,1.7420611146231342,0.028345250255362605
451.9326020000067,0.90500996979592,0.9992339121552604,451.9308129999922,1.7196665779709916,0.04443309499489275
452.17656600000663,0.8835476971429728,0.9992339121552604,452.16821499999213,1.6666729159853158,0.1080183861082737
452.43994700000655,0.8993103565688305,0.9992339121552604,452.4193439999921,1.6000363453000952,0.21578140960163433
452.67909100000645,0.9536073026209646,0.9992339121552604,452.6607569999921,1.5322784509375649,0.3516343207354443
452.92149700000647,1.0318585871840522,0.9992339121552604,452.91521299999215,1.47021721107114,0.5196629213483145
453.1714610000065,1.1126874417422392,0.9992339121552604,453.1639929999919,1.4183162659078938,0.6733912155260471
453.4140210000066,1.1817728201737503,0.9992339121552604,453.42790499999177,1.3819264047624569,0.7901770514130065
453.68838200000687,1.2373210630786575,0.9992339121552604,453.6510189999916,1.365193036875058,0.8506128702757915
453.9163850000069,1.290000327420601,0.9992339121552604,453.8983989999914,1.3663310785676317,0.8485699693564862
454.16145200000705,1.3597151125786853,0.862870275791624,454.1483949999917,1.3731658784128757,0.8235444330949949
454.41388000000717,1.4697715872958126,0.523237997957099,454.3964179999919,1.3653898309310095,0.8506128702757915
454.6519230000074,1.640026654548038,0.14096016343207354,454.6817089999919,1.3290321329692283,0.923391215526047
454.90026400000767,1.8722042738857732,0.0,454.89317399999203,1.269043629637567,0.9992339121552604
455.15380800000776,2.13903016911983,0.0,455.1412569999921,1.198603889357069,0.9992339121552604
455.4023500000079,2.3907436287660255,0.0,455.38721199999213,1.1291564583972478,0.9992339121552604
455.6662590000079,2.5845796875345455,0.0,455.63955499999213,1.0696253647207683,0.9992339121552604
455.8968250000079,2.7059211054765555,0.0,455.89629799999227,1.0297725106259952,0.9992339121552604
456.1409310000076,2.7634867841344235,0.0,456.13181499999234,1.0217202357921842,0.9992339121552604
456.3907540000076,2.766296430109477,0.0,456.38868299999245,1.058294565439453,0.9992339121552604
456.6331300000074,2.717303775058109,0.0,456.6396609999924,1.1454934133129655,0.9992339121552604
456.89589500000744,2.6186201575219266,0.0,456.87221199999243,1.271696854955879,0.9992339121552604
457.13063800000765,2.4778106357912604,0.0,457.12172299999247,1.4041789731984793,0.7222505958461014
457.38213400000774,2.3118911240615794,0.0,457.3756049999923,1.5059733363322636,0.4267109295199183
457.63065200000773,2.143021955404227,0.0,457.6174979999923,1.555344211699773,0.31826693905345593
457.87381900000764,1.989642042004443,0.0,457.87889099999256,1.5503262440050922,0.3218420156622404
458.1225490000078,1.8603856384523227,0.0,458.1324159999925,1.505249019894002,0.4267109295199183
458.3725300000079,1.7550375355034977,0.012257405515832457,458.37549499999267,1.4416275383376704,0.598314606741573
458.61686000000793,1.6674622370494854,0.10572012257405512,458.60467999999264,1.3796735191597151,0.7985188968335037
458.86120300000783,1.5893776500178558,0.2348484848484848,458.8786609999928,1.340034580628612,0.9050051072522981
459.11476900000804,1.5126865962736296,0.4076438542730677,459.10609699999276,1.34355041503877,0.8950459652706844
459.36230700000783,1.4332497430822642,0.6304902962206332,459.35457799999284,1.4097666464539191,0.7067585972080356
459.610359000008,1.3527135719531365,0.8751276813074566,459.59762899999254,1.5468284223414834,0.3289921688798093
459.8545020000081,1.2760552106683356,0.9992339121552604,459.85196999999266,1.7323292770731464,0.036772216547497454
460.10540900000825,1.2085063711368722,0.9992339121552604,460.09710599999244,1.9113924966849196,0.0
460.34535600000834,1.1529963399814191,0.9992339121552604,460.34108899999256,2.031450565979735,0.0
460.6024140000083,1.1093730193051503,0.9992339121552604,460.58773599999256,2.075089258517476,0.0
460.8528870000081,1.0755299538428662,0.9992339121552604,460.8553819999926,2.059444499997463,0.0
461.098389000008,1.0469225909920312,0.9992339121552604,461.1288019999927,2.0163390142375293,0.0
461.33582200000836,1.018106655209244,0.9992339121552604,461.3277359999927,1.974780687213972,0.0
461.5902100000085,0.9853971800172373,0.9992339121552604,461.5807979999928,1.9528063313363737,0.0
461.8418050000085,0.9480592237959109,0.9992339121552604,461.8337269999928,1.9546389251209488,0.0
462.08255800000853,0.9079975921867259,0.9992339121552604,462.0807009999927,1.9742373750417779,0.0
462.32920100000854,0.8688393451596462,0.9992339121552604,462.34500299999274,2.0024223438707054,0.0
462.5836990000085,0.8360310028916873,0.9992339121552604,462.5770759999925,2.036395449690713,0.0
462.8244270000087,0.8168905391671624,0.9992339121552604,462.8226939999924,2.077825970049167,0.0
463.07503500000865,0.8197764868189448,0.9992339121552604,463.0945719999924,2.1232515450477303,0.0
463.343930000009,0.8534105708714002,0.9992339121552604,463.3151759999924,2.1532199624166295,0.0
463.5677630000093,0.9259061405659206,0.9992339121552604,463.5595009999924,2.1388746578326083,0.0
463.82498000000953,1.043075045328452,0.9992339121552604,463.82613499999235,2.062001313918195,0.0
464.0657590000096,1.2033916558584385,0.9992339121552604,464.06060799999227,1.9278246890768407,0.0
464.3198390000097,1.3899665775588983,0.7603847463398025,464.3049909999921,1.7608020668734445,0.00842696629213485
464.5698030000097,1.5744713033255167,0.2646407899216888,464.549814999992,1.5921294424034609,0.2288900238338441
464.8097790000096,1.7300397847947424,0.039070480081716034,464.8064939999922,1.44708929866298,0.5863976847122915
465.05011800000983,1.8380560438428144,0.0,465.04529499999217,1.3412479177933079,0.8996424923391215
465.30976900000974,1.8891785963727576,0.0,465.29734399999194,1.281333341540035,0.9992339121552604
465.55460700000975,1.8835045828005774,0.0,465.555530999992,1.2644594604860917,0.9992339121552604
465.80340400000983,1.8278924087820543,0.0,465.7829969999922,1.2799809260044128,0.9992339121552604
466.05649400000976,1.7394398792039614,0.03294177732379976,466.05350899999206,1.3121478485679725,0.9632277834525025
466.29288300001,1.6424731248964033,0.1378958120531154,466.2884539999922,1.3470959197759742,0.888917262512768
466.5428270000098,1.5592153294696245,0.3111167858358869,466.5308569999922,1.3765423078058718,0.8068607422540007
466.78822700000984,1.4994004013837787,0.4433946203609126,466.7907749999921,1.397845948824186,0.7341675178753833
467.0468570000098,1.4621115305128836,0.5423050732039496,467.02537899999214,1.4137506692970694,0.6924582907728976
467.2912430000098,1.445984882131511,0.5887810691181479,467.27033499999203,1.4290342552843986,0.6388321416411304
467.5331470000099,1.4528207075023791,0.5697139938712972,467.54679799999207,1.4477245461568868,0.5863976847122915
467.79055000000966,1.4851852826787293,0.47914538644875726,467.80029899999204,1.4728033485908387,0.5137044603336738
468.03000800000956,1.5458615954337633,0.33018386108273756,468.0618339999923,1.505739403267817,0.4267109295199183
468.2815250000096,1.6367709880968162,0.14479060265577115,468.32728799999234,1.5439749368680948,0.333758937691522
468.5235460000097,1.7550231700575267,0.012257405515832457,468.5432279999923,1.5791933284296962,0.25272386789240725
468.76706200000973,1.8885890979906743,0.0,468.76380799999225,1.6012267008394556,0.21339802519577794
469.04028600000964,2.0110136000731984,0.0,469.01469599999217,1.6049833291421602,0.2074395641811372
469.2702560000096,2.097110942769958,0.0,469.26065099999215,1.5924279189141521,0.2276983316309159
469.5166990000098,2.1374291597030735,0.0,469.50669299999237,1.569216350485826,0.281324480762683
469.75861000001,2.1341179204581504,0.0,469.7645779999922,1.5443211168001247,0.3325672454885938
470.0029670000101,2.0947010172021012,0.0,470.02797799999206,1.5288362498419503,0.35759278175008513
470.2550510000099,2.0300299670560684,0.0,470.2557679999922,1.5340236745519769,0.34805924412665984
470.5017140000101,1.9540028884466782,0.0,470.4961839999925,1.5692870592716341,0.281324480762683
470.75358000001034,1.8819583250867278,0.0,470.76474399999256,1.6311972760463085,0.15977187606401091
471.00908200001015,1.8270617464758667,0.0,470.99160899999254,1.700665156506125,0.06588355464759961
471.24800300001016,1.7943950958044639,0.0,471.2340939999927,1.7537136745826878,0.013789581205311567
471.48836200001017,1.7769613882784054,0.0,471.4866509999926,1.7758474994216629,0.0
471.74918100001,1.7588672277136492,0.009193054136874322,471.7323689999927,1.7633580074083046,0.006894790602655742
471.9911900000103,1.7274438568642263,0.04060265577119506,472.0016849999926,1.716996550296838,0.047497446373850886
472.2486010000103,1.6810759169497875,0.09116445352400408,472.2383639999926,1.6379992423853045,0.14325842696629212
472.48050400001034,1.6311820471321437,0.15977187606401091,472.47525899999266,1.531535415049543,0.3516343207354443
472.7264980000102,1.5989404247492376,0.21578140960163433,472.77166199999255,1.412343141083068,0.6948416751787538
473.0035800000099,1.608750201139767,0.20267279536942456,473.0039519999923,1.2991925295401852,0.9854443309499489
473.23139100000975,1.6781063032372265,0.09422880490296222,473.24305499999224,1.2050507954563798,0.9992339121552604
473.4723510000098,1.8064026655141043,0.0,473.4574439999923,1.134597511570146,0.9992339121552604
473.7269620000099,1.9738294826127303,0.0,473.7145679999924,1.0871987762632573,0.9992339121552604
473.9677630000097,2.153614179125618,0.0,473.99384299999224,1.0610435399050326,0.9992339121552604
474.22098100000966,2.3200872805058173,0.0,474.2149489999922,1.0534420209229778,0.9992339121552604
474.47486400000963,2.4520728255369417,0.0,474.45764399999223,1.0602048349456963,0.9992339121552604
474.71287500000966,2.5355716292373303,0.0,474.71353399999214,1.0770063499292288,0.9992339121552604
474.95878300000953,2.565457750053842,0.0,474.94797999999207,1.1016147254999562,0.9992339121552604
475.2136080000096,2.542926911835533,0.0,475.23747199999207,1.1342372216354522,0.9992339121552604
475.45117000000965,2.4747826360963554,0.0,475.4374359999921,1.1743912245036146,0.9992339121552604
475.7047350000095,2.3724468935617042,0.0,475.6845849999922,1.218430463866169,0.9992339121552604
475.9647030000097,2.2500477695229497,0.0,475.946136999992,1.2615273781240932,0.9992339121552604
476.20197000000957,2.1219514240737034,0.0,476.1831149999921,1.2979328095334663,0.9877425944841675
476.44611800000973,2.0015686303936406,0.0,476.45706899999203,1.3216736208626672,0.9364147088866189
476.69109200000963,1.9013904262750456,0.0,476.67592999999215,1.3300737312706863,0.9226251276813074
476.94453700000975,1.8291726838847588,0.0,476.9263399999923,1.3233689859869804,0.9333503575076608
477.1917270000097,1.7829734701709419,0.0,477.1730829999922,1.304725317390928,0.9724208375893769
477.43850500000974,1.7551418080450027,0.012257405515832457,477.43000499999215,1.2790174208667058,0.9992339121552604
477.68911100001014,1.7382967759678916,0.03370786516853932,477.720951999992,1.2534751768293324,0.9992339121552604
477.9318600000101,1.7299102008125764,0.039070480081716034,477.9594889999922,1.237190399046793,0.9992339121552604
478.1803910000103,1.7338768714347954,0.0360061287027579,478.1873289999922,1.2387114319315915,0.9992339121552604
478.42740800001013,1.7564847542078283,0.009959141981613876,478.42331499999216,1.2631832756125214,0.9992339121552604
478.6853600000099,1.8036861596929419,0.0,478.6777609999924,1.3074244336299856,0.9685903983656792
478.9227240000099,1.8762710278603327,0.0,478.90500099999247,1.3611416624957597,0.861338100102145
479.16482500000984,1.965543430137247,0.0,479.16358199999263,1.4132126784737038,0.6936499829758258
479.41920900000974,2.049766907669596,0.0,479.4123899999926,1.4558241654251205,0.5601804562478719
479.66015900000997,2.0970709853116394,0.0,479.6539819999928,1.4859073335326578,0.4779536942458291
479.92519200000993,2.0800678192628728,0.0,479.89314999999283,1.505208146133695,0.4267109295199183
480.15757600001,1.999080381762394,0.0,480.14596399999294,1.5163345089249223,0.3981103166496425
480.40614400001,1.8885705556325787,0.0,480.38670699999267,1.5176702087123204,0.39453524004085805
480.6550170000101,1.7908244149156862,0.0,480.648326999993,1.5025528741905319,0.43386108273748725
480.90325100001036,1.7322329210986387,0.036772216547497454,480.9026499999932,1.4660595220138308,0.5303881511746681
481.16219600001034,1.7212899943945286,0.04443309499489275,481.1551749999934,1.4073514183376685,0.711525366019748
481.40317100001016,1.7515962907605753,0.016087844739530146,481.46786699999336,1.3322606158796308,0.9180286006128703
481.6468180000103,1.8049195036254126,0.0,481.6881929999937,1.2535053745875113,0.9992339121552604
481.89120500001036,1.8567205924486874,0.0,481.8858289999935,1.1856974362598771,0.9992339121552604
482.1415680000103,1.8855581932804404,0.0,482.1192539999936,1.1393922348667382,0.9992339121552604
482.38941500001,1.8810087001275024,0.0,482.37128799999385,1.1192997788244226,0.9992339121552604
482.63960900001007,1.845589052949848,0.0,482.63373999999374,1.1278207138652916,0.9992339121552604
482.8870070000101,1.7905957805869397,0.0,482.86797099999376,1.1670210560400465,0.9992339121552604
483.1395560000102,1.7306433166207882,0.03830439223697648,483.1271789999934,1.238630231744546,0.9992339121552604
483.3804830000102,1.6757886714669703,0.09576098059244124,483.3595889999935,1.3390093961467087,0.9057711950970377
483.62687800001015,1.6295753387813339,0.16334695267279536,483.6121609999934,1.4569971701097848,0.5542219952332312
483.8795190000102,1.5898927034902028,0.2336567926455566,483.8630569999936,1.576561080747194,0.25749063670411987
484.1213840000104,1.5523155794339636,0.3206503234593122,484.12711099999365,1.681781282916922,0.09039836567926453
484.3963990000104,1.5148283393697013,0.40287708546135514,484.3560429999936,1.7604431430288914,0.00842696629213485
484.61427500001037,1.4816668937338244,0.4946373850868233,484.6030959999932,1.805126729410873,0.0
484.8658290000104,1.462208588327299,0.5423050732039496,484.84616399999317,1.813114385123762,0.0
485.1252580000104,1.466123713944286,0.5303881511746681,485.1269779999933,1.7920595913993873,0.0
485.3612420000105,1.4960298799163434,0.4517364657814096,485.3617739999931,1.7580620986537066,0.009193054136874322
485.6086150000104,1.5456636428910715,0.33018386108273756,485.58558999999303,1.7246606445833605,0.041368743615934615
485.85603800001047,1.6046609640913805,0.2074395641811372,485.8439309999931,1.6986231105391711,0.06971399387129722
486.1005110000102,1.6655889172904133,0.11031664964249228,486.0794069999933,1.6802879060856863,0.09193054136874364
486.3660360000105,1.7285407619017719,0.04060265577119506,486.3409749999934,1.6649226455280446,0.11108273748723184
486.59792600001055,1.805023167580802,0.0,486.5787979999933,1.6456850812995616,0.13329928498467825
486.8514540000105,1.9118586195094212,0.0,486.8297609999933,1.6174862454623233,0.1895641811372148
487.08849600001054,2.05992624114589,0.0,487.07232599999355,1.5827027406349268,0.24676540687776638
487.34502700001065,2.2336085728695645,0.0,487.32477899999355,1.5543133234217346,0.319458631256384
487.6084630000109,2.3933944545635413,0.0,487.57121399999346,1.5508632786918712,0.3206503234593122
487.84049100001084,2.506795129565233,0.0,487.81428099999357,1.5927629245460313,0.2276983316309159
488.081982000011,2.568824741794408,0.0,488.06359699999354,1.6959396667439475,0.07277834525025535
488.33289100001116,2.593597049031553,0.0,488.3092159999935,1.8658165887438032,0.0
488.57999100001103,2.6002229701971755,0.0,488.56877599999314,2.0886916499433807,0.0
488.83810500001107,2.602859194487563,0.0,488.8063349999933,2.331929720398987,0.0
489.07910700001094,2.604994578140739,0.0,489.0512959999933,2.558169724260525,0.0
489.32163100001117,2.5916868549201224,0.0,489.30729599999313,2.745037962045953,0.0
489.5690390000113,2.5369180987581825,0.0,489.5467139999931,2.895630605398151,0.0
489.8130050000113,2.4275329774724326,0.0,489.79665899999316,3.0287079783066044,0.0
490.06904400001144,2.283042527925225,0.0,490.0493239999931,3.1562320742227827,0.0
490.30662000001143,2.148551298791266,0.0,490.31946599999327,3.2543401093298527,0.0
490.5645260000114,2.071299023296786,0.0,490.53931999999315,3.260959949332144,0.0
490.8264710000114,2.0817016625093347,0.0,490.8034479999933,3.136070087015529,0.0
491.0514070000117,2.178662491220564,0.0,491.0433349999934,2.901517877483863,0.0
491.3033280000118,2.3250888419756324,0.0,491.2792109999936,2.608830648367638,0.0
491.55934500001166,2.4675208625120586,0.0,491.5288709999935,2.3017989401361114,0.0
491.79848400001174,2.562589961651733,0.0,491.7808699999935,2.0095524164327627,0.0
492.06510000001174,2.596644596531837,0.0,492.0293679999936,1.7496512637740609,0.0168539325842697
492.29107300001175,2.581034547800288,0.0,492.2722609999937,1.5354287357495107,0.34805924412665984
492.5650040000116,2.5334133700720516,0.0,492.5193299999938,1.3821852312296334,0.7877936670071501
492.81020700001164,2.4634800937469445,0.0,492.7630139999939,1.3104182971705467,0.9647599591419815
493.03519500001147,2.368920258375132,0.0,493.02827499999387,1.3367695338941408,0.9103677221654749
493.29181900001123,2.24213684331726,0.0,493.27632099999374,1.44593763239708,0.5887810691181479
493.5361180000114,2.084360398770545,0.0,493.508101999994,1.578209217834511,0.25629894450119173
493.7794340000113,1.9131161945698718,0.0,493.76096799999374,1.673700085155177,0.09882533197139938
494.05362100001133,1.7548648060958245,0.012257405515832457,494.0009749999935,1.71082424160746,0.053626149131767074
494.2757260000115,1.633418909986536,0.15500510725229824,494.25594899999345,1.6994105230984817,0.06818181818181819
494.5266910000114,1.5623833566111356,0.30158324821246174,494.49675299999353,1.6631689163425254,0.115679264555669
494.77253400001126,1.5445276446552136,0.3325672454885938,494.7502759999938,1.6282015674052723,0.1693054136874361
495.0231270000116,1.5748230001204064,0.2634490977187606,495.0014199999937,1.6142668216822027,0.19433094994892744
495.29346200001163,1.6417601955802044,0.1378958120531154,495.24190399999384,1.6314763534325945,0.15977187606401091
495.5065550000118,1.7259223584844112,0.041368743615934615,495.4988179999937,1.6745678127452528,0.09729315628192035
495.7618550000118,1.8024309863515775,0.0,495.75137799999385,1.7247776760075015,0.041368743615934615
496.0043930000121,1.8481138994614548,0.0,496.01551499999385,1.7568092581737371,0.009959141981613876
496.2506110000121,1.8512076309892584,0.0,496.24793999999395,1.749332938658474,0.017620020429009172
496.5054680000122,1.8144979163513486,0.0,496.50999199999404,1.6934634656028207,0.07354443309499491
496.75062200001213,1.7507040796145728,0.0168539325842697,496.731108999994,1.5955185284423838,0.22531494722505963
497.017166000012,1.6742983810233534,0.09729315628192035,496.9785339999941,1.4721057412128777,0.5160878447395301
497.2749740000123,1.594885115059165,0.2276983316309159,497.2213779999941,1.3431118401734556,0.8950459652706844
497.49207200001234,1.518913155231578,0.3933435478379299,497.49644799999413,1.2260795169708847,0.9992339121552604
497.73961200001224,1.4524180666357647,0.5709056860742254,497.72288299999417,1.1323179339160303,0.9992339121552604
497.98614800001235,1.39987434385778,0.7282090568607423,497.966449999994,1.0660150453789123,0.9992339121552604
498.23765200001225,1.3623919259840902,0.8582737487231868,498.2231999999938,1.0264443375137167,0.9992339121552604
498.49451500001214,1.3378399394145453,0.9080694586312563,498.4708289999938,1.0129127997612453,0.9992339121552604
498.72897500001204,1.3220066859447468,0.9364147088866189,498.70687299999366,1.026459491609451,0.9992339121552604
498.98557200001227,1.3092793190815046,0.9655260469867211,498.9554099999936,1.0692490191493802,0.9992339121552604
499.225022000012,1.2949266832278588,0.9969356486210418,499.20282499999354,1.1402772666313807,0.9992339121552604
499.476429000012,1.2792884436744174,0.9992339121552604,499.4748999999935,1.2308887392733305,0.9992339121552604
499.7215910000122,1.2663015887419156,0.9992339121552604,499.7153959999936,1.3282392293566603,0.9241573033707864
499.97558400001225,1.2600867757104561,0.9992339121552604,499.9503269999934,1.4191764358488426,0.6710078311201907
500.23198000001236,1.2631153700865037,0.9992339121552604,500.1977499999932,1.488703187361332,0.4719952332311882
500.46459800001236,1.2758504662416525,0.9992339121552604,500.4428629999936,1.5256118744371454,0.3683180115764385
500.7301840000125,1.2977238786173584,0.9885086823289069,500.7108419999936,1.5302461191537922,0.35520939734422874
500.96120500001234,1.3282994441859377,0.9241573033707864,500.9382889999935,1.5117758669268038,0.4100272386789241
501.2092220000123,1.366365872146556,0.8485699693564862,501.1837419999935,1.4843381533360998,0.4803370786516854
501.45426200001225,1.4107300614687714,0.7019918283963228,501.42960699999355,1.4645609640290964,0.5315798433775962
501.70751300001245,1.459544391784025,0.5506469186244467,501.6882409999937,1.4703915022833796,0.5184712291453865
501.95625100001223,1.5081779755996496,0.4183690840994212,501.9271229999936,1.5184487803644606,0.39453524004085805
502.19512300001225,1.550131078229211,0.3218420156622404,502.18383999999367,1.6188353416436716,0.18598910452843032
502.4427070000123,1.5794837243052227,0.25272386789240725,502.4310949999936,1.7682128091633762,0.0007660878447395546
502.6902380000125,1.5933989722559483,0.2276983316309159,502.70319399999323,1.9448132810396195,0.0
502.96762900001283,1.588852809435844,0.2348484848484848,502.92768599999346,2.110377590127166,0.0
503.2160890000128,1.5636902417159912,0.29919986380660535,503.1727279999931,2.2263079727072355,0.0
503.44410100001255,1.5204584847069316,0.387385086823289,503.42191999999307,2.271788195606324,0.0
503.69457800001254,1.466698096591325,0.5256213823629554,503.6682729999933,2.2526630616612193,0.0
503.93463800001257,1.4136729843102331,0.6924582907728976,503.94020999999333,2.199793121495681,0.0
504.18460000001267,1.3736378510524037,0.8199693564862105,504.1563469999932,2.1578092681315213,0.0
504.43423600001285,1.3580097207242545,0.8667007150153216,504.4086089999933,2.158411648315284,0.0
504.6769850000129,1.3744522519359355,0.8163942798774261,504.65389899999343,2.201578828350015,0.0
504.95036000001306,1.422298475514075,0.6638576779026217,504.90225099999356,2.263418486046199,0.0
505.16948400001314,1.4915453471513782,0.46246169560776307,505.1457449999934,2.3112723222378753,0.0
505.4134000000132,1.5664176165773696,0.28847463398025197,505.41736699999325,2.319352649799977,0.0
505.6759440000132,1.6344040854704587,0.1502383384405856,505.63669699999366,2.2737296462202465,0.0
505.9103130000134,1.6881660816679738,0.08197139938712968,505.9102549999937,2.173669855605326,0.0
506.16551600001344,1.720936505101377,0.04443309499489275,506.1363399999935,2.034118253143435,0.0
506.4019940000136,1.7255454319502082,0.041368743615934615,506.3832259999936,1.879779076612822,0.0
506.6674500000135,1.6999950311991212,0.06741573033707864,506.6382909999935,1.7343630205563367,0.0360061287027579
506.89965700001346,1.6495365205318717,0.12946884576098056,506.88872499999337,1.6130608869701355,0.19671433435478383
507.1483310000134,1.5831788986045503,0.24557371467483832,507.1341839999934,1.5209628893251177,0.38619339462036095
507.39543200001316,1.5107515396596864,0.41121893088185213,507.37610999999316,1.4543614166107481,0.5625638406537283
507.64634500001324,1.4392598657665105,0.6078481443649983,507.62940099999304,1.4055974790494348,0.717483827034389
507.8979610000131,1.3716090827756493,0.8283112019067075,507.86938399999315,1.3685258747358608,0.8426115083418456
508.141277000013,1.3072858646126535,0.9685903983656792,508.12644599999277,1.3372397729176766,0.9096016343207354
508.3848580000131,1.246650561082501,0.9992339121552604,508.3831959999926,1.3104979574414384,0.9647599591419815
508.63369600001334,1.1932954508822688,0.9992339121552604,508.61717999999246,1.2935492605165295,0.9992339121552604
508.8867450000135,1.1532298402996017,0.9992339121552604,508.86507599999254,1.2962579040076145,0.9938712972420837
509.12784800001344,1.1317971089059737,0.9992339121552604,509.10558499999246,1.326580302444613,0.9256894790602656
509.38415000001334,1.1304745613136977,0.9992339121552604,509.3505739999923,1.3822971165502287,0.7877936670071501
509.6248280000132,1.144707652098801,0.9992339121552604,509.5984289999924,1.4515061342594313,0.5756724548859381
509.8666960000133,1.1645799009937132,0.9992339121552604,509.86653999999254,1.5177371771787038,0.39453524004085805
510.1205400000133,1.1802602323493572,0.9992339121552604,510.09904699999265,1.5645436104140489,0.29800817160367726
510.3641230000133,1.1891857087541455,0.9992339121552604,510.3479429999927,1.5841102194701615,0.24319033026898193
510.6262880000132,1.1962104218807683,0.9992339121552604,510.58824699999275,1.5818035261493069,0.25034048348655086
510.8683670000131,1.207831670422305,0.9992339121552604,510.8462909999926,1.5725377871286708,0.2705992509363295
511.1138610000133,1.225467307492212,0.9992339121552604,511.08779199999265,1.5700909374769325,0.2765577119509704
511.3588020000133,1.244722953759563,0.9992339121552604,511.3426459999927,1.577753337244202,0.25629894450119173
511.6023620000136,1.258221442208058,0.9992339121552604,511.59453799999284,1.5895008046432322,0.2336567926455566
511.8562060000136,1.2613264388792138,0.9992339121552604,511.83897099999285,1.595408653395659,0.2265066394279877
512.1261790000137,1.2580695211029558,0.9992339121552604,512.0790289999928,1.5869872384850712,0.23842356145726928
512.3537220000137,1.260455749659365,0.9992339121552604,512.3254379999925,1.5606437406944924,0.30754170922710244
512.6208430000138,1.282401978186574,0.9992339121552604,512.5733549999923,1.5213603604888823,0.38619339462036095
512.851775000014,1.3363386106355193,0.9103677221654749,512.8253899999922,1.4846637393661486,0.4803370786516854
513.0896520000141,1.4314119018236358,0.6340653728294178,513.0764229999922,1.4749883465743034,0.5077459993190331
513.3372080000144,1.5681008927094284,0.281324480762683,513.3226139999924,1.5164461969259764,0.39691862444671433
513.5853670000147,1.7294096667582934,0.039070480081716034,513.5693919999924,1.6137872301460767,0.19552264215185564
513.8353400000149,1.8765943007452248,0.0,513.8134169999926,1.7393523711432621,0.03294177732379976
514.0777680000149,1.9644020543353422,0.0,514.0660119999926,1.8464841091800843,0.0
514.3328800000149,1.9707839252275554,0.0,514.3059679999925,1.8984575816861908,0.0
514.5749200000148,1.9090972337447427,0.0,514.5524359999922,1.8818630886398648,0.0
514.8298100000147,1.8149350793243895,0.0,514.8059939999924,1.8041354647773118,0.0
515.0714870000147,1.7258785265960095,0.041368743615934615,515.0459489999923,1.6828555779860548,0.08963227783452497
515.3240210000148,1.668397868155369,0.10495403472931565,515.2979759999922,1.5383904378622653,0.3421007831120191
515.5638830000147,1.6534063101247811,0.12640449438202242,515.5698609999922,1.3920931098990916,0.756809669731018
515.8169580000144,1.6735187105377107,0.09959141981613893,515.8079089999918,1.2676847091311072,0.9992339121552604
516.0614360000146,1.704509372344992,0.0605209397344229,516.0546329999918,1.1933184997475939,0.9992339121552604
516.3144310000146,1.7188555796355112,0.04673135852911133,516.3036219999917,1.1973647342744789,0.9992339121552604
516.5586760000147,1.7026431461008058,0.06358529111338095,516.5314639999917,1.2914283957790038,0.9992339121552604
516.8050790000145,1.6633114511144267,0.115679264555669,516.7964259999916,1.4458804569809263,0.5887810691181479
517.0886180000147,1.618947885045058,0.18479741232550226,517.0288499999915,1.6000747519092684,0.21578140960163433
517.3061760000147,1.5844517954276858,0.24319033026898193,517.2878629999914,1.7080708796102946,0.05669050051072521
517.5461940000147,1.564809288905084,0.29681647940074907,517.5521259999913,1.7580901037904633,0.009193054136874322
517.7920060000148,1.5571078820131716,0.3146918624446714,517.7724549999914,1.7634632277991649,0.006894790602655742
518.0414720000147,1.5547680001180644,0.319458631256384,518.0220799999914,1.747251065089285,0.020684371807967308
518.3068120000149,1.55441164553495,0.319458631256384,518.2671239999914,1.7310117187859264,0.03753830439223701
518.5323280000149,1.557637057650362,0.3146918624446714,518.5190439999916,1.7311789850648849,0.03753830439223701
518.7923390000149,1.568770933770079,0.281324480762683,518.7682949999916,1.7608342014717078,0.00842696629213485
519.033905000015,1.5907531078540136,0.23246510044262855,519.0112299999915,1.8305022047251485,0.0
519.280035000015,1.622336657547311,0.18241402791964587,519.2701939999915,1.9479923166532482,0.0
519.523723000015,1.6576990437584689,0.12180796731358527,519.5161859999916,2.1167731882101726,0.0
519.7722460000152,1.6875227038213831,0.08580183861082737,519.7546599999915,2.324783393938784,0.0
520.0233130000154,1.7014920058120735,0.06358529111338095,519.9991529999912,2.53659642903897,0.0
520.2677220000154,1.6968522485815143,0.06971399387129722,520.2442219999912,2.7034545146365008,0.0
520.5112160000153,1.6810174246778689,0.09116445352400408,520.4972259999913,2.785018218841701,0.0
520.7620340000152,1.6666189107149105,0.1080183861082737,520.7431719999913,2.7664507117170904,0.0
521.0120200000154,1.6671477982474396,0.10648621041879468,520.9920889999912,2.6635488171971504,0.0
521.2691790000155,1.6941508810299235,0.07277834525025535,521.2464879999914,2.5084541354796874,0.0
521.5151520000156,1.7524641050732397,0.015321756894790593,521.4879069999913,2.3339822826493535,0.0
521.7559950000154,1.83575641041238,0.0,521.7262589999913,2.1667426576818927,0.0
522.0039370000153,1.9248308167481982,0.0,521.9925899999917,2.022066733240765,0.0
522.2500830000153,1.9909270939691939,0.0,522.2461049999916,1.9014626423366752,0.0
522.5014890000152,2.0094100620006405,0.0,522.5025179999916,1.7986031645734801,0.0
522.7455430000151,1.9711219916881921,0.0,522.7232209999914,1.704731866213207,0.0605209397344229
523.0014400000151,1.8823732585759183,0.0,522.9838749999915,1.6151573494685665,0.19313925774599938
523.2406270000148,1.7583577345821872,0.009193054136874322,523.2207939999914,1.5330450884426037,0.3516343207354443
523.4959060000145,1.6199914292363087,0.18479741232550226,523.4673649999912,1.4655488096496387,0.5315798433775962
523.7343720000147,1.4908203976346766,0.46722846441947574,523.7321539999912,1.4182913211446009,0.6733912155260471
523.9877780000146,1.391283424433986,0.7591930541368744,523.9632699999911,1.3908888946587354,0.7591930541368744
524.2382880000144,1.3297544035020585,0.9226251276813074,524.2187389999913,1.3767006943372957,0.8032856656452163
524.4770820000143,1.3035791278100168,0.9739530132788559,524.456167999991,1.368373538080761,0.8426115083418456
524.7312870000144,1.3044209874192907,0.9724208375893769,524.7126669999908,1.360246854498679,0.8621041879468845
524.9716510000143,1.321337062457542,0.937946884576098,524.9524779999906,1.3453243100794186,0.8912155260469866
525.2231640000138,1.3407685741358837,0.9011746680286006,525.1980759999909,1.3171491931584547,0.9517364657814096
525.4700200000132,1.3491579213517575,0.8804902962206332,525.4456129999908,1.2713290105825479,0.9992339121552604
525.7204940000131,1.34003352323606,0.9050051072522981,525.7035299999909,1.2071631530730713,0.9992339121552604
525.9835510000131,1.3193741047771068,0.9440755873340142,525.9433809999912,1.129294945736914,0.9992339121552604
526.2124110000134,1.299839117753396,0.9831460674157302,526.1929109999908,1.0453371581347144,0.9992339121552604
526.4677690000138,1.2918733313867337,0.9992339121552604,526.4374359999911,0.963667202124576,0.9992339121552604
526.723275000014,1.2995130291311843,0.9854443309499489,526.6837449999913,0.891171449525668,0.9992339121552604
526.9644070000137,1.3208809165620292,0.9387129724208375,526.9401489999918,0.8326389168592354,0.9992339121552604
527.2120940000136,1.34739769894325,0.888917262512768,527.1793459999918,0.791921399096795,0.9992339121552604
527.4501210000136,1.366340640772156,0.8485699693564862,527.4617799999916,0.774642045597128,0.9992339121552604
527.7017210000139,1.3646755232551402,0.8529111338100102,527.6706439999912,0.7901963690676665,0.9992339121552604
527.9496440000139,1.3373166121765006,0.9088355464759958,527.9186579999911,0.8498848177283893,0.9992339121552604
528.202714000014,1.2897682903384033,0.9992339121552604,528.169121999991,0.9562165918694897,0.9992339121552604
528.4441690000139,1.2332537242449952,0.9992339121552604,528.4229819999908,1.0941179894723785,0.9992339121552604
528.6891320000144,1.1788517570039854,0.9992339121552604,528.6655779999912,1.2393680477412425,0.9992339121552604
528.9400240000144,1.1350316384192112,0.9992339121552604,528.9196529999917,1.3721251225313962,0.8271195097037795
529.1834030000141,1.107189782293307,0.9992339121552604,529.1561439999916,1.4810891083261954,0.4946373850868233
529.4289240000139,1.0983651339532776,0.9992339121552604,529.4141839999913,1.563155686000623,0.29919986380660535
529.6853050000142,1.108930894297958,0.9992339121552604,529.6561209999913,1.622151283852007,0.18241402791964587
529.9324030000141,1.1386768269149155,0.9992339121552604,529.8985069999912,1.6654009667626557,0.11108273748723184
530.1783570000144,1.188414776961404,0.9992339121552604,530.1709479999911,1.6995674080324827,0.06818181818181819
530.4238520000148,1.2616881683641843,0.9992339121552604,530.4000469999912,1.7222343791448245,0.04290091930541364
530.6696140000149,1.3642230445031327,0.8536772216547497,530.6455149999911,1.717379408655726,0.04673135852911133
530.9161340000151,1.500090108437607,0.43981954375212795,530.8959819999919,1.6687745172370585,0.10495403472931565
531.1665940000147,1.6715825553865615,0.10188968335035752,531.1390619999917,1.5789358099944837,0.25391556009533534
531.4185680000141,1.8772290423943663,0.0,531.4114109999919,1.4691137866009902,0.5244296901600273
531.6669690000135,2.111121210758708,0.0,531.6354149999918,1.3670877820823055,0.8473782771535581
531.9125800000132,2.3585118232931213,0.0,531.8827949999915,1.2938319531041116,0.9992339121552604
532.1715570000135,2.5901237103886188,0.0,532.1301849999916,1.2590438709845049,0.9992339121552604
532.4087760000134,2.765533551016346,0.0,532.3816699999915,1.2640574687606079,0.9992339121552604
532.6699660000137,2.8545892572513796,0.0,532.6296989999917,1.3027045446892132,0.977017364657814
532.8973150000138,2.846642660208871,0.0,532.8754549999916,1.3614911923527266,0.8598059244126659
533.1487170000137,2.7551476798017567,0.0,533.1240029999914,1.4201790918063857,0.6698161389172627
533.3928080000142,2.6108607616562325,0.0,533.3752129999914,1.4592148428993932,0.5506469186244467
533.6586220000141,2.4474266675186467,0.0,533.6205709999913,1.4702144949694045,0.5196629213483145
533.886579000014,2.2899440811403657,0.0,533.8631129999917,1.4585465008032432,0.5506469186244467
534.140522000014,2.1530763944846747,0.0,534.1177539999917,1.436979216328329,0.6173816819884235
534.405076000014,2.0420108638370236,0.0,534.3625889999914,1.4186107021922596,0.6721995233231189
534.627942000014,1.9561427100188271,0.0,534.6225329999914,1.4136147374334684,0.6924582907728976
534.884383000014,1.893742951687305,0.0,534.8552219999913,1.4285922870656977,0.6412155260469866
535.1233190000137,1.8557448924573925,0.0,535.100035999991,1.4674324537268133,0.5256213823629554
535.3996940000139,1.8413710552324754,0.0,535.3485809999908,1.5273391176062112,0.3587844739530132
535.6396760000139,1.8466134066302389,0.0,535.6000019999909,1.5961717913794247,0.22531494722505963
535.8851880000137,1.863401784196365,0.0,535.8459579999909,1.654586571398947,0.12640449438202242
536.1139890000137,1.8804707905350093,0.0,536.1031549999913,1.6860168642502937,0.08810010214504595
536.3642200000136,1.8894747195003148,0.0,536.3383669999911,1.6846844311563314,0.08810010214504595
536.6233340000135,1.8896141048661501,0.0,536.5950549999914,1.6526652146832899,0.12717058222676197
536.8733240000132,1.8908321095212421,0.0,536.8354769999914,1.595609227149981,0.22531494722505963
537.1082790000131,1.9122088050926067,0.0,537.0799689999917,1.5258654457580363,0.3683180115764385
537.3628970000132,1.969274692860283,0.0,537.3342599999916,1.46306756357866,0.5387299965951652
537.6132410000126,2.066700283300633,0.0,537.5766529999917,1.4295671569996595,0.6376404494382022
537.8570750000121,2.1984676738553715,0.0,537.8348509999918,1.4409192614803585,0.6006979911474293
538.096678000012,2.354411853207984,0.0,538.0728859999919,1.4992546202411352,0.4445863125638406
538.3446400000117,2.522761132944229,0.0,538.3393239999923,1.5940312707771302,0.2276983316309159
538.6070670000116,2.6883258048480583,0.0,538.5696549999922,1.708517131211991,0.05669050051072521
538.8411360000118,2.8297114647173327,0.0,538.812162999992,1.8250643605592376,0.0
539.1025310000118,2.9223161049570785,0.0,539.0799939999918,1.928159631413799,0.0
539.3376320000116,2.9441531120850746,0.0,539.3088229999912,2.0056169171659257,0.0
539.5856890000118,2.8902198366305436,0.0,539.5673869999912,2.0502545190782913,0.0
539.8340710000118,2.7711264645950897,0.0,539.8138919999915,2.06056710184673,0.0
540.0811610000119,2.608703072123012,0.0,540.0519339999921,2.0396245206311274,0.0
540.3261180000114,2.4315681421156916,0.0,540.3047149999916,1.9960276364528609,0.0
540.5761240000115,2.2654101489565206,0.0,540.5517059999916,1.9389703925225628,0.0
540.8283140000112,2.1231973247936384,0.0,540.7961499999915,1.8774041880135088,0.0
541.0689360000117,2.0023880021251306,0.0,541.051123999991,1.8168912609368633,0.0
541.3320310000121,1.891033810188018,0.0,541.3135399999915,1.757778410644577,0.009959141981613876
541.5703710000121,1.7766474945482138,0.0,541.5501779999915,1.6954795106712748,0.07277834525025535
541.8222570000122,1.6547340448581398,0.12640449438202242,541.7865139999911,1.624277498915348,0.1788389513108614
542.0628650000123,1.5325352751529742,0.3516343207354443,542.0360519999915,1.541707735334772,0.33614232209737827
542.3129000000123,1.4270249615331931,0.6471739870616275,542.2849799999917,1.449817933499336,0.5792475314947225
542.5714320000122,1.3601409865287433,0.8621041879468845,542.5294659999919,1.3571016486986036,0.8674668028600612
542.8038480000124,1.3481018234451876,0.8843207354443309,542.7787919999919,1.274950024214361,0.9992339121552604
543.0464090000124,1.3916566577991536,0.7591930541368744,543.0230089999918,1.2143994719265414,0.9992339121552604
543.3088070000131,1.474126613198568,0.5125127681307456,543.2764799999919,1.1830231722106157,0.9992339121552604
543.5427810000132,1.570917991884758,0.2765577119509704,543.5496819999923,1.1829803956313327,0.9992339121552604
543.7925460000138,1.6622244338617511,0.115679264555669,543.7709559999921,1.2108499165521613,0.9992339121552604
544.0482180000139,1.7396030336288004,0.03294177732379976,544.0143269999922,1.2553504989521875,0.9992339121552604
544.2835160000136,1.804760870924868,0.0,544.2708589999927,1.298285687815536,0.9862104187946883
544.5485030000135,1.8659899281275116,0.0,544.5254199999928,1.3196662125348195,0.9425434116445351
544.7909160000138,1.9317053883901256,0.0,544.7572559999929,1.3068847949763216,0.9685903983656792
545.0367860000136,1.9970990233470065,0.0,545.0412579999929,1.2621953544134727,0.9992339121552604
545.2863530000135,2.038862178075209,0.0,545.258832999993,1.1997463949297893,0.9992339121552604
545.5329230000137,2.0291893489200654,0.0,545.5031619999929,1.1383256003886653,0.9992339121552604
545.7695080000133,1.9594931364653418,0.0,545.7482659999929,1.09482320563977,0.9992339121552604
546.0228350000132,1.845713544491916,0.0,545.9991099999932,1.0840333381183036,0.9992339121552604
546.2702940000135,1.7182880393376698,0.04673135852911133,546.244629999993,1.115603846356735,0.9992339121552604
546.5208410000138,1.6104123836899462,0.20028941096356828,546.492945999993,1.1878983932674752,0.9992339121552604
546.766756000014,1.55229619144676,0.3206503234593122,546.7715119999932,1.2839368646539826,0.9992339121552604
547.0157990000135,1.568316321971288,0.281324480762683,546.9845219999929,1.3739038725563917,0.8199693564862105
547.2657730000136,1.6702911117089223,0.10265577119509699,547.240031999993,1.432493532122919,0.6316819884235615
547.5052670000136,1.847364455792005,0.0,547.4831099999932,1.4502745405452842,0.5780558392917944
547.7585320000135,2.0628887484125746,0.0,547.7270989999931,1.4310562032821899,0.6352570650323459
548.0051390000136,2.271117733747451,0.0,547.9896619999934,1.3864394780195741,0.7711099761661562
548.2576180000137,2.436822995397888,0.0,548.2451359999937,1.3315236776421138,0.9195607763023492
548.5195330000133,2.539518227564098,0.0,548.4696339999936,1.2866844640737114,0.9992339121552604
548.7446390000133,2.567851098000075,0.0,548.742519999994,1.2757481539372382,0.9992339121552604
549.0279260000136,2.518978036938162,0.0,548.9684819999939,1.3177990887002964,0.949438202247191
549.2382210000137,2.40065742442314,0.0,549.2146309999941,1.4178334482013482,0.6733912155260471
549.4908010000137,2.235107165217861,0.0,549.4721679999938,1.5610381791815007,0.30515832482124616
549.7387220000134,2.0564715335228483,0.0,549.7124959999938,1.7147827666949862,0.04902962206332991
549.9852600000137,1.8995871220567153,0.0,549.9664749999939,1.8376290775147577,0.0
550.2338120000137,1.7856422561144132,0.0,550.2175799999937,1.893779780535845,0.0
550.4798700000139,1.7173416300880209,0.04673135852911133,550.4498739999935,1.8733101685061737,0.0
550.7318470000135,1.681223818941468,0.09116445352400408,550.7017729999935,1.7987087153169483,0.0
550.9918220000134,1.6556696252368275,0.12410623084780385,550.9482269999933,1.7122943886434334,0.05209397344228805
551.219231000013,1.6239064414610542,0.18003064351378958,551.1986959999933,1.6528921154761218,0.12717058222676197
551.473225000012,1.580236122138402,0.25153217568947905,551.4441539999933,1.6404207721442101,0.140194075587334
551.7136850000123,1.5287725951129123,0.35759278175008513,551.6989899999932,1.6749057449625246,0.0965270684371808
551.9724280000122,1.4794051989950776,0.4970207694926796,551.9382489999929,1.7416059222836777,0.02987742594484163
552.2184190000125,1.442743692704458,0.5947395301327886,552.1822339999926,1.8173738266413642,0.0
552.4564660000127,1.4234274519646921,0.6578992168879809,552.4322009999929,1.8791762379097599,0.0
552.7109870000129,1.4158836580302845,0.680541368743616,552.7057509999929,1.907816394886465,0.0
552.9534830000127,1.4049758448776113,0.7210589036431734,552.9331859999933,1.8953819964571048,0.0
553.207832000012,1.3746894599754547,0.8152025876744979,553.2226669999933,1.8485108134341055,0.0
553.4457840000124,1.317106185941054,0.952502553626149,553.4634339999934,1.7843617402265564,0.0
553.706290000012,1.2385033940436352,0.9992339121552604,553.6827439999932,1.7239898675073948,0.041368743615934615
553.9593020000115,1.1587254236864446,0.9992339121552604,553.9217749999933,1.6863233103555575,0.08733401430030639
554.1936260000117,1.104047178805411,0.9992339121552604,554.1653109999933,1.6837861988997584,0.0888661899897855
554.4411920000118,1.0997687607978723,0.9992339121552604,554.4301459999933,1.7171964462787717,0.04673135852911133
554.6887460000119,1.1635396721514202,0.9992339121552604,554.6564739999934,1.7768088632163725,0.0
554.9335160000118,1.3006474305613995,0.9800817160367722,554.9204629999938,1.8412322202482003,0.0
555.1805860000118,1.4978505732441605,0.446969696969697,555.200000999994,1.884138522020258,0.0
555.4565750000121,1.7245558432309127,0.041368743615934615,555.4008759999941,1.8838492241208917,0.0
555.6760880000122,1.9432918493761961,0.0,555.6577179999944,1.8332660334791078,0.0
555.9296190000122,2.125583332757289,0.0,555.8939349999938,1.746458975215846,0.022216547497446334
556.1913410000124,2.2560578036259282,0.0,556.1472599999937,1.648511995308645,0.13100102145045966
556.4178330000123,2.3279054459216355,0.0,556.4132229999934,1.559536670590851,0.3111167858358869
556.6873490000124,2.3406182405177782,0.0,556.6406349999934,1.489672544587281,0.469611848825332
556.9173630000118,2.299728139063533,0.0,556.8886599999938,1.4410414646164234,0.6006979911474293
557.1697810000119,2.217334755707543,0.0,557.1392959999939,1.4096959944121394,0.7067585972080356
557.4247940000117,2.1088868736474513,0.0,557.385632999994,1.3898451616696266,0.7603847463398025
557.663683000012,1.990273815958931,0.0,557.6520789999939,1.377512221489928,0.8020939734422882
557.9046570000121,1.8766135706465201,0.0,557.8835329999945,1.3706125174582335,0.8318862785154919
558.151725000012,1.7836032477020596,0.0,558.1435199999947,1.366229905801552,0.8485699693564862
558.4062200000122,1.7262653996942083,0.041368743615934615,558.3835049999946,1.3588672773301713,0.8644024514811031
558.6602720000122,1.718080280873122,0.04673135852911133,558.6260629999941,1.3427126366182753,0.8958120531154238
558.8962130000126,1.7683384394981876,0.0007660878447395546,558.8960179999943,1.3149255620383247,0.9570990806945862
559.1439130000123,1.8808209408286474,0.0,559.1264619999943,1.2762542153165346,0.9992339121552604
559.4008300000129,2.0554273805423118,0.0,559.3659009999942,1.2299888887756878,0.9992339121552604
559.643229000013,2.289469284593361,0.0,559.6378109999943,1.1800493806418473,0.9992339121552604
559.8922020000125,2.5659243587380693,0.0,559.8632989999942,1.1293379190272148,0.9992339121552604
560.1397950000123,2.8475064263093737,0.0,560.1032779999938,1.080107432018822,0.9992339121552604
560.3806000000128,3.083851247612328,0.0,560.3606949999939,1.0339519260023373,0.9992339121552604
560.6402130000122,3.2278608045981647,0.0,560.6079049999939,0.9922736706214488,0.9992339121552604
560.8957760000118,3.2533420389521353,0.0,560.8582109999938,0.9566078639698421,0.9992339121552604
561.1258090000122,3.1614279316212928,0.0,561.0986509999942,0.9303710289508934,0.9992339121552604
561.3687270000119,2.97847720334131,0.0,561.3512679999942,0.9154994098556682,0.9992339121552604
561.6162840000122,2.7453346532194587,0.0,561.588074999994,0.9133638495414197,0.9992339121552604
561.8633470000118,2.4982131938742063,0.0,561.8380409999941,0.9267783890453449,0.9992339121552604
562.1199730000122,2.2595292366322974,0.0,562.1010979999944,0.9608261830099187,0.9992339121552604
562.374680000012,2.039810106150008,0.0,562.3334959999945,1.0193851896632444,0.9992339121552604
562.6139970000118,1.8454779758736013,0.0,562.5916299999946,1.0986746661060098,0.9992339121552604
562.8551320000117,1.68390199820299,0.0888661899897855,562.8374609999944,1.1883850237799751,0.9992339121552604
563.1034500000117,1.5630284785229898,0.29919986380660535,563.0781929999947,1.274962446785042,0.9992339121552604
563.3579470000114,1.488979359814285,0.4719952332311882,563.3227799999944,1.3462812003211186,0.888917262512768
563.5992530000111,1.456150791010192,0.5577970718420157,563.5747739999947,1.3931543328938052,0.7472761321075927
563.8488740000107,1.445265782322957,0.5887810691181479,563.8197039999948,1.4090442461716444,0.7067585972080356
564.0992190000104,1.4363194603073883,0.6173816819884235,564.0690109999947,1.3932264464237403,0.7472761321075927
564.3631950000106,1.4220250185069532,0.6650493701055499,564.3190299999945,1.3515525542287457,0.8766598569969355
564.5948750000103,1.4096274279804049,0.7067585972080356,564.5663339999945,1.2946610265034082,0.9977017364657813
564.8362950000102,1.412871681274827,0.6936499829758258,564.8073039999947,1.2361468695159634,0.9992339121552604
565.0954970000101,1.4425230014630879,0.5947395301327886,565.0604059999945,1.1882913244125741,0.9992339121552604
565.3376190000098,1.5034931288963542,0.432669390534559,565.3148269999944,1.1569923631047578,0.9992339121552604
565.5900380000094,1.5910344645004848,0.23246510044262855,565.5617159999945,1.1433216257671448,0.9992339121552604
565.836630000009,1.6881330684893483,0.08197139938712968,565.8241999999947,1.1489495815834814,0.9992339121552604
566.0765720000088,1.7703820932597059,0.0,566.0483939999943,1.1761846515095633,0.9992339121552604
566.3270440000085,1.8121641885388395,0.0,566.299493999994,1.2238284722808273,0.9992339121552604
566.5770370000082,1.7973235701188048,0.0,566.5436389999941,1.2852356646695355,0.9992339121552604
566.8246050000079,1.7268787080384826,0.04060265577119506,566.7923929999941,1.3503729898198298,0.8781920326864147
567.0685220000078,1.617106575419364,0.190755873340143,567.0434399999939,1.4103791449513141,0.7043752128021792
567.3185140000078,1.4935536493384098,0.4553115423901941,567.2872489999941,1.4622785051427183,0.5423050732039496
567.5859210000075,1.3827667558731054,0.785410282601294,567.5382379999941,1.5089858673587464,0.4159856996935648
567.8085690000067,1.3059676607471193,0.9693564862104187,567.7831539999944,1.557862497387335,0.3135001702417433
568.0545640000065,1.273617785717101,0.9992339121552604,568.0406879999941,1.6150481706053796,0.19313925774599938
568.3095740000064,1.2833427961653292,0.9992339121552604,568.2739219999943,1.6787660557995836,0.09269662921348311
568.5606470000059,1.3193510208703763,0.9448416751787537,568.5324269999941,1.7375994210711248,0.03370786516853932
568.7980600000058,1.3566389089615771,0.8697650663942798,568.778814999994,1.7788024399318965,0.0
569.0475520000056,1.3745515429197388,0.8152025876744979,569.0268759999941,1.7969266289275074,0.0
569.3005400000059,1.3682856477825922,0.8438032005447736,569.269348999994,1.800913077098633,0.0
569.5524760000058,1.3474559073209151,0.888917262512768,569.524278999994,1.8091133798997217,0.0
569.7953150000059,1.3263372723191447,0.9272216547497446,569.783254999994,1.8364776779403504,0.0
570.0378800000057,1.3188967082239922,0.9471399387129723,570.0152259999942,1.88501842232557,0.0
570.2952720000055,1.3311295381206723,0.9195607763023492,570.2581039999934,1.9423749798131622,0.0
570.5312590000054,1.357243799558647,0.8674668028600612,570.5074189999935,1.9888068328070077,0.0
570.7822390000055,1.382188787159724,0.7877936670071501,570.7555249999939,2.007948572887355,0.0
571.0322330000055,1.3936521890036269,0.7472761321075927,571.002939999994,1.99197303988492,0.0
571.2793410000055,1.3867315535881528,0.7711099761661562,571.2644339999939,1.9427683986748328,0.0
571.5221790000052,1.3633897200844127,0.8552093973442287,571.4946879999943,1.8689518975414448,0.0
571.785365000005,1.3312389034436722,0.9195607763023492,571.7417419999941,1.783481208238465,0.0
572.0416600000046,1.299808876041529,0.9839121552604697,572.0022249999943,1.7019791687117365,0.06358529111338095
572.2736520000047,1.278117006718744,0.9992339121552604,572.2370369999945,1.6386565700583966,0.14249233912155257
572.5096090000048,1.2724665248003981,0.9992339121552604,572.4845019999948,1.601008694246897,0.21578140960163433
572.7686160000046,1.2849017706866126,0.9992339121552604,572.7369779999951,1.5885174365896728,0.2348484848484848
573.0105100000051,1.3143542377506592,0.9593973442288048,572.995549999995,1.5940035285276755,0.2276983316309159
573.2635240000048,1.3566069348678287,0.8705311542390194,573.2274299999953,1.6039216697831953,0.2074395641811372
573.5049980000051,1.406494245381682,0.7151004426285326,573.4823019999951,1.6021626340748942,0.21101464078992166
573.7523870000052,1.4595997626287545,0.5494552264215186,573.7273719999952,1.575525514107037,0.26106571331290435
574.0023490000052,1.5168161977795467,0.39691862444671433,573.9858489999953,1.5201181748890686,0.38857677902621723
574.2510690000049,1.5879737036167583,0.236040177051413,574.247331999995,1.4423417784230388,0.5959312223357167
574.5023340000052,1.6853583472374036,0.08810010214504595,574.4826309999952,1.3562192999596918,0.8705311542390194
574.7504180000058,1.8080052620226656,0.0,574.7180259999952,1.2771654820483644,0.9992339121552604
574.996288000006,1.9371289249055426,0.0,574.969862999995,1.2166429724105121,0.9992339121552604
575.2645110000057,2.0497781984151953,0.0,575.2086719999946,1.1815582601628452,0.9992339121552604
575.5074110000057,2.128021282216561,0.0,575.4786629999942,1.1752064014692765,0.9992339121552604
575.7344960000061,2.165584589522988,0.0,575.7096869999942,1.1973078432672093,0.9992339121552604
575.982524000006,2.161983582968205,0.0,575.9485689999941,1.2431004304874862,0.9992339121552604
576.2313870000064,2.1152314926327205,0.0,576.2212779999943,1.3019613588100647,0.9793156281920326
576.507143000006,2.0294178798875255,0.0,576.4593129999942,1.3567150990997743,0.8689989785495403
576.7426460000063,1.9187029883030067,0.0,576.7163929999942,1.391002841051755,0.7591930541368744
576.9741630000061,1.8011317495244275,0.0,576.937875999994,1.403102162286408,0.7222505958461014
577.230812000006,1.6925055304608052,0.07507660878447393,577.189253999994,1.4086185407630607,0.7067585972080356
577.4689940000059,1.6064879624071116,0.20505617977528096,577.4486389999939,1.427476024512648,0.6447906026557712
577.720620000006,1.5544653506538662,0.319458631256384,577.6832199999942,1.4761983825584788,0.5053626149131767
577.9741900000059,1.542402429820501,0.33495062989445007,577.938133999995,1.5605215006608621,0.30754170922710244
578.2110340000062,1.5695325120898849,0.2789410963568266,578.186972999995,1.676561334425276,0.09422880490296222
578.4894510000058,1.6243169044531742,0.1788389513108614,578.4386839999952,1.8090480679455347,0.0
578.709039000006,1.6865465927026246,0.08733401430030639,578.6877259999951,1.9292481579547311,0.0
578.9626690000059,1.7352856829405545,0.035240040858018344,578.920055999995,2.0078916311216406,0.0
579.2014310000055,1.7594872731197466,0.009193054136874322,579.1825199999953,2.0355247234488036,0.0
579.4819510000052,1.7652852758575754,0.00383043922369769,579.4164639999957,2.025365231645629,0.0
579.7388350000051,1.769517044173778,0.0,579.672472999996,1.9989048461483587,0.0
579.9494640000049,1.785416437016187,0.0,579.9130999999963,1.972377872296645,0.0
580.191415000005,1.8191872538959613,0.0,580.1630699999967,1.9538164125176862,0.0
580.4667680000044,1.8766714018199897,0.0,580.4071649999969,1.9476766093114897,0.0
580.7012670000046,1.9608510198303992,0.0,580.6580119999965,1.957333663390214,0.0
580.9612840000049,2.0655734791179556,0.0,580.9069839999961,1.9842512962896701,0.0
581.2061710000048,2.16918346833924,0.0,581.153477999996,2.024618239236393,0.0
581.4585970000047,2.2434140122197794,0.0,581.4010289999954,2.0661935313879742,0.0
581.7466340000049,2.2671476484007465,0.0,581.641793999995,2.092688840455729,0.0
581.9471120000051,2.2376327521634494,0.0,581.9271979999946,2.0926142377809773,0.0
582.2680920000053,2.1646051156820016,0.0,582.1800419999947,2.06863604737072,0.0
582.4991560000054,2.0611200666650755,0.0,582.4621749999948,2.033891601327981,0.0
582.695023000005,1.9381698403198528,0.0,582.6902079999949,2.0069303803714984,0.0
582.9735170000052,1.8059069670254675,0.0,582.8851799999948,2.0023991294980483,0.0
583.234944000005,1.6771296315772461,0.09422880490296222,583.1293389999948,2.0260717816705736,0.0
583.4429860000051,1.5674579223984875,0.2848995573714675,583.3789629999941,2.076654761253314,0.0
583.6959140000051,1.4897611056455273,0.469611848825332,583.635713999994,2.148708510238968,0.0
583.9436160000049,1.453090414871964,0.567330609465441,583.8817009999942,2.233047242310072,0.0
584.2135870000051,1.4610738828365688,0.545880149812734,584.1268399999938,2.315011153815378,0.0
584.5004780000047,1.5122471061565639,0.4100272386789241,584.369103999994,2.372040342055329,0.0
584.7693080000043,1.599649489066171,0.21578140960163433,584.6191349999938,2.382518881777356,0.0
585.0499550000045,1.7125213919217785,0.05209397344228805,584.8653319999934,2.3358807644145405,0.0
585.2252490000046,1.8385734075749351,0.0,585.1321709999934,2.23602835058946,0.0
585.4804350000046,1.9653830201591695,0.0,585.3602629999937,2.099207233938633,0.0
585.6962990000048,2.0934244233325865,0.0,585.6070119999936,1.9468683692966233,0.0
585.8923710000051,2.2458656997849262,0.0,585.8569939999936,1.8008825543233737,0.0
586.176278000005,2.4603268489278354,0.0,586.1306989999938,1.6810955481835979,0.09116445352400408
586.3962520000049,2.7595361548799,0.0,586.3505049999943,1.6073125876363576,0.20386448757235276
586.6548960000048,3.1133968709029856,0.0,586.6025629999942,1.5985009325123325,0.21697310180456253
586.9424360000046,3.440048283634566,0.0,586.8525349999941,1.6648345668448912,0.11108273748723184
587.2159470000046,3.647129112569476,0.0,587.1069629999942,1.799763135621633,0.0
587.4508630000042,3.684292869844872,0.0,587.3463689999943,1.9719298962247571,0.0
587.6872840000038,3.5534892446977437,0.0,587.5861199999943,2.1320871732546003,0.0
587.9110190000039,3.293487126029796,0.0,587.8410829999942,2.2411934381985246,0.0
588.1475360000037,2.962529023406254,0.0,588.0810399999946,2.2890592840663535,0.0
588.3754370000039,2.6163859332108235,0.0,588.3295999999945,2.287977435567943,0.0
588.6158650000035,2.293736029466671,0.0,588.5771349999947,2.2631737656026214,0.0
588.8658170000031,2.012114483562832,0.0,588.8267699999948,2.2384678976143775,0.0
589.1397030000032,1.7715068761216242,0.0,589.0707689999945,2.2291960026321687,0.0
589.3922640000031,1.565107480156096,0.2920497105890364,589.3162249999942,2.2379943026073734,0.0
589.6552760000034,1.3872728772005494,0.7675348995573714,589.5913889999945,2.2522248301213468,0.0
589.9696630000034,1.2376836182702897,0.9992339121552604,589.8166739999945,2.2505123161573377,0.0
590.2217730000034,1.1204098738231782,0.9992339121552604,590.0661669999947,2.21958229298186,0.0
590.4731970000034,1.0418005852728178,0.9992339121552604,590.3087769999948,2.1700438340797694,0.0
590.7031290000031,1.0077551643670535,0.9992339121552604,590.560833999995,2.1291020034116226,0.0
590.998721000003,1.0224431560706992,0.9992339121552604,590.8042529999955,2.123068956719453,0.0
591.2190980000031,1.0879957843893,0.9992339121552604,591.0562879999953,2.159817572566712,0.0
591.4435570000028,1.199453910196862,0.9992339121552604,591.306317999995,2.225799497767269,0.0
591.6654120000035,1.3424301807917423,0.8965781409601634,591.5462529999951,2.2956960052917803,0.0
591.8914210000034,1.4950716427318447,0.4517364657814096,591.8009879999946,2.34155013229953,0.0
592.0905230000034,1.6327279789376623,0.15619679945522644,592.0514299999948,2.339041636944704,0.0
592.3303740000035,1.7367897828147312,0.03447395301327887,592.3017329999944,2.2785132110832285,0.0
592.6147540000038,1.8022409650829652,0.0,592.5449179999943,2.1725866700771777,0.0
592.8218360000036,1.8322920713064268,0.0,592.7962479999937,2.0562068268187996,0.0
593.0854230000036,1.8315476568189308,0.0,593.0333339999937,1.9735185862737472,0.0
593.3592150000035,1.8050412978753876,0.0,593.2966529999939,1.9532649213002906,0.0
593.5843410000035,1.7587021156880858,0.009193054136874322,593.5354949999942,1.9941881231153946,0.0
593.8222640000033,1.7014260779640136,0.06358529111338095,593.7954459999943,2.073985046377322,0.0
594.1243430000033,1.6481861772526396,0.13100102145045966,594.0324879999943,2.1660144478707206,0.0
594.3878900000027,1.6192638869761016,0.18479741232550226,594.2684519999943,2.2481952949442143,0.0
594.6493150000027,1.6349229468489885,0.14785495403472929,594.5208699999947,2.3100577380606753,0.0
594.8767000000029,1.7070492796680075,0.057456588355464765,594.7703259999945,2.352513640886712,0.0
595.0839260000027,1.8298652408650362,0.0,595.0206299999945,2.380514359197469,0.0
595.3041600000023,1.978376066441212,0.0,595.2682129999941,2.3967396902131255,0.0
595.5456220000024,2.1134425767127976,0.0,595.5190229999939,2.3939189306351722,0.0
595.819952000002,2.197182498923506,0.0,595.7856639999942,2.355496340376149,0.0
596.057502000002,2.212764795359147,0.0,596.0141399999945,2.273874062587513,0.0
596.3034770000022,2.1754011028114477,0.0,596.2508749999946,2.162278398724232,0.0
596.5744180000025,2.1208217746721356,0.0,596.5057949999951,2.0442559462947387,0.0
596.7895260000028,2.0846296461298035,0.0,596.743828999995,1.9425996113100896,0.0
597.0665860000033,2.090092923649346,0.0,596.994899999995,1.8707488286226988,0.0
597.2950680000035,2.143433273819259,0.0,597.2368689999946,1.8294652365673572,0.0
597.5346880000035,2.227341227621542,0.0,597.490182999995,1.8124252671585706,0.0
597.7806890000036,2.3067319212775885,0.0,597.7372769999945,1.8120281701135046,0.0
598.0330690000036,2.348426648784009,0.0,597.9959379999943,1.8210471601688387,0.0
598.2925820000037,2.3356758522223235,0.0,598.2296049999942,1.831467559736785,0.0
598.522317000004,2.272293982091069,0.0,598.4805839999943,1.8335975388085775,0.0
598.7691970000037,2.174257795528392,0.0,598.7330169999944,1.814885345814779,0.0
599.0108420000035,2.0613102990422445,0.0,598.9815369999945,1.7660408369097162,0.0022982635342185804
599.2817290000036,1.9515268548443685,0.0,599.2313709999946,1.688537743674424,0.08197139938712968
599.5506280000035,1.8576670225095855,0.0,599.4760199999947,1.592478349358058,0.2276983316309159
599.7876930000035,1.783995102301859,0.0,599.7184519999951,1.4894387025962967,0.4719952332311882
600.0223610000035,1.7241815174591344,0.041368743615934615,599.965088999995,1.3884172904872885,0.763959822948587
600.3434800000034,1.6730205514447196,0.1003575076608784,600.2243979999948,1.2941506743059454,0.9992339121552604
600.602934000004,1.6336127962069247,0.15381341504937004,600.4838689999949,1.2085066262889101,0.9992339121552604
600.8529270000037,1.6112953316839114,0.19909771876064009,600.7098169999949,1.134423741043511,0.9992339121552604
601.0703420000041,1.607769027401181,0.20386448757235276,600.9576539999946,1.0765978746832816,0.9992339121552604
601.2773190000044,1.6154187031654847,0.19194756554307119,601.2301339999948,1.0401536505290596,0.9992339121552604
601.5482630000046,1.6180531439019847,0.1871807967313585,601.4726639999955,1.0284908402940003,0.9992339121552604
601.7641400000045,1.5998314701971614,0.21578140960163433,601.7126289999957,1.042700834351267,0.9992339121552604
602.0208270000049,1.5514771732798391,0.3206503234593122,601.957411999996,1.0807736746429388,0.9992339121552604
602.263657000005,1.4738397684842595,0.5125127681307456,602.1998529999961,1.1377213779492577,0.9992339121552604
602.515069000005,1.3767484295849912,0.8032856656452163,602.443309999996,1.2068692959976701,0.9992339121552604
602.7616710000052,1.2738446854204015,0.9992339121552604,602.6962759999958,1.2843990016689921,0.9992339121552604
603.0109670000055,1.178599373068668,0.9992339121552604,602.9417869999952,1.3724286250729052,0.8271195097037795
603.2706080000058,1.1006524009362475,0.9992339121552604,603.186542999995,1.473904335403005,0.5125127681307456
603.507387000006,1.043982189965783,0.9992339121552604,603.4286659999947,1.5821759336042658,0.24795709908069458
603.773998000006,1.0107218916306995,0.9992339121552604,603.6777969999945,1.673186295410611,0.09959141981613893
604.0748750000062,1.0035013969301885,0.9992339121552604,603.9284639999943,1.7172310131071375,0.04673135852911133
604.263327000006,1.0273016033309743,0.9992339121552604,604.1769169999949,1.7002263064669934,0.06741573033707864
604.5053200000061,1.0877715472635376,0.9992339121552604,604.431451999995,1.6350378664893244,0.14785495403472929
604.7574320000061,1.187043336997821,0.9992339121552604,604.6709619999951,1.550144335560566,0.3218420156622404
605.0034010000057,1.3205281814901337,0.9402451481103166,604.943344999995,1.4701987938873184,0.5196629213483145
605.2432210000062,1.473591229329265,0.5125127681307456,605.1676829999952,1.4082392519015416,0.7079502894109636
605.497445000006,1.6221758411416283,0.18241402791964587,605.4142139999954,1.3672150245072086,0.8473782771535581
605.733620000006,1.7362461603856651,0.03447395301327887,605.6636279999958,1.3449969225170553,0.8912155260469866
606.0301710000059,1.7917262665119043,0.0,605.9076479999957,1.3393238536493666,0.9050051072522981
606.3240570000058,1.7842777321850762,0.0,606.1555299999956,1.3496389138194986,0.8797242083758937
606.5864560000055,1.7302271469824893,0.039070480081716034,606.4116549999954,1.3743497293685385,0.8187776642832825
606.8208650000063,1.653639784348035,0.12640449438202242,606.6566419999956,1.4099729976287607,0.7067585972080356
607.0060380000065,1.575790380521464,0.25868232890704795,606.9365929999958,1.449219369279181,0.582822608103507
607.2513090000062,1.5109302518863441,0.4100272386789241,607.1543119999959,1.479585255450755,0.4970207694926796
607.4586990000064,1.4680372655924032,0.5256213823629554,607.4011319999963,1.4853086622858844,0.47914538644875726
607.6993000000066,1.4553822479868375,0.5613721484508002,607.6400969999962,1.4538854975423634,0.5661389172625128
607.9361570000066,1.4783140984840744,0.499404153898536,607.8905799999967,1.386806580193611,0.7711099761661562
608.1897100000064,1.5358422947005514,0.34686755192373164,608.1631859999965,1.301903371307723,0.9793156281920326
608.5047570000066,1.6131625178965607,0.19671433435478383,608.3917109999961,1.2220636859510774,0.9992339121552604
608.7940980000066,1.682027338442707,0.08963227783452497,608.6345659999968,1.1641146578703188,0.9992339121552604
609.0312900000062,1.7149217949444404,0.04902962206332991,608.8805659999972,1.1337454610112871,0.9992339121552604
609.3008340000059,1.6987418520575563,0.06971399387129722,609.1331279999968,1.1295975143024573,0.9992339121552604
609.5532840000061,1.6381575974060831,0.14249233912155257,609.3755139999968,1.1469892611355303,0.9992339121552604
609.7811800000063,1.547278769895543,0.3289921688798093,609.626837999997,1.1779540564851239,0.9992339121552604
609.938764000006,1.4415741197502079,0.598314606741573,609.8781959999972,1.212623446301252,0.9992339121552604
610.1728340000062,1.3369678990997187,0.9096016343207354,610.124181999998,1.2424158673563377,0.9992339121552604
610.4387370000061,1.2472435041157088,0.9992339121552604,610.3750499999978,1.2647459020253755,0.9992339121552604
610.6621240000062,1.1811795111533379,0.9992339121552604,610.6210459999979,1.2848646517858275,0.9992339121552604
610.9071000000059,1.140508872143854,0.9992339121552604,610.8640689999975,1.3099778087362386,0.9647599591419815
,,,611.1135629999974,1.3438700970798347,0.8935137895812052
,,,611.4035439999972,1.383660485394945,0.7818352059925096
,,,611.6009109999972,1.4196170029858546,0.6710078311201907
,,,611.8528559999971,1.4394087974771512,0.6078481443649983
,,,612.1188019999971,1.4363779283339955,0.6173816819884235
,,,612.5138009999971,1.415036105673214,0.6829247531494723
,,,612.6905949999965,1.3869543187737285,0.7699182839632278
,,,612.8476189999967,1.3694272784428925,0.8390364317330611
,,,613.0905099999966,1.382785135021965,0.785410282601294
,,,613.3445099999965,1.439841244055446,0.6054647599591421
