condition 1 time (s),condition 1 tbr,condition 1 nai,condition 2 time (s),condition 2 tbr,condition 2 nai
4.355000000000007,15.874060558426388,0.0,4.339829000000001,10.639621881297387,0.0
4.586846000000006,14.764499920352042,0.0,4.590036000000003,10.2226461817506,0.0
4.838479000000003,13.338591964078002,0.0,4.839458000000004,9.706615598516045,0.0
5.0834320000000055,11.920419377379861,0.0,5.081343000000002,9.262433083523252,0.0
5.333414000000007,10.634039237837147,0.0,5.334882,8.960102537081033,0.0
5.600180000000014,9.489310634999761,0.0,5.572960000000001,8.816877467814399,0.0
5.829289000000017,8.464224630319068,0.0,5.826092000000002,8.822882794319696,0.0
6.074358000000015,7.548883956367721,0.0,6.0720570000000045,8.995957263781284,0.0
6.326235000000019,6.748209158162521,0.0,6.339450000000003,9.365089444438611,0.0
6.579252000000018,6.068861423426401,0.0,6.568081,9.759493258814974,0.0
6.820676000000018,5.5137432750584825,0.0,6.811860999999997,9.832843785685277,0.0
7.065107000000021,5.086317773935562,0.0,7.061796999999997,9.547997379761195,0.0
7.320000000000018,4.786769384041232,0.0,7.3136149999999995,9.078261194347386,0.0
7.570598000000018,4.6051578623867755,0.0,7.556064999999999,8.554516338887998,0.0
7.810561000000019,4.520779001103284,0.0,7.8015029999999985,8.049212991927703,0.0
8.057957000000016,4.501785490688901,0.0,8.0529,7.552623326652668,0.0
8.311052000000016,4.5091410036478194,0.0,8.298823000000004,7.069584977201983,0.0
8.550995000000016,4.491747476940677,0.0,8.544482000000002,6.612374868804691,0.0
8.79939700000002,4.385161018082696,0.0,8.792916000000009,6.188651979418927,0.0
9.048387000000021,4.192135971965011,0.0,9.039720000000008,5.796075107892129,0.0
9.295020000000022,3.9553115159867898,0.0,9.295289000000007,5.432256309732594,0.0
9.558481000000025,3.7232817211984903,0.0,9.543201000000009,5.110127364499332,0.0
9.79146500000003,3.5480831046832586,0.0,9.781737000000016,4.842290640964846,0.0
10.035912000000039,3.4752526348785158,0.0,10.033646000000012,4.633014790996849,0.0
10.293465000000047,3.537601436774776,0.0,10.28544800000001,4.484230946081747,0.0
10.53021800000005,3.742975799505156,0.0,10.530686000000012,4.404230304878409,0.0
10.78377300000005,4.060541733514295,0.0,10.778238000000012,4.402224969447136,0.0
11.028740000000052,4.4151733931115515,0.0,11.027185000000015,4.479627516949479,0.0
11.277716000000055,4.705159986814788,0.0,11.27242600000002,4.620202292440069,0.0
11.536761000000068,4.843063823193665,0.0,11.517082000000023,4.784199099935391,0.0
11.77328300000007,4.795534458537108,0.0,11.767948000000022,4.901905034506881,0.0
12.02411200000007,4.59624183561908,0.0,12.01060200000002,4.885701741178492,0.0
12.271177000000067,4.326990762091553,0.0,12.254607000000027,4.691155520231742,0.0
12.515208000000072,4.077521148519811,0.0,12.512661000000033,4.353029201811022,0.0
12.758058000000078,3.9076935592311326,0.0,12.75567400000004,3.9519299797320637,0.0
13.017539000000085,3.828082784641495,0.0,13.00243400000003,3.574587835856897,0.0
13.276527000000081,3.7979034143944324,0.0,13.24396600000003,3.2911200602027733,0.0
13.505843000000091,3.7539925490936117,0.0,13.49178200000003,3.1220489331197965,0.0
13.753882000000097,3.6560377371472037,0.0,13.733688000000035,3.0412445525108276,0.0
14.00176200000009,3.5059424508488974,0.0,14.00286900000003,3.0146203781972387,0.0
14.254941000000086,3.3287851366389756,0.0,14.227772000000035,3.0168392946505733,0.0
14.499779000000087,3.159279574065649,0.0,14.472678000000034,3.029909918084498,0.0
14.744828000000089,3.0177958746397358,0.0,14.725024000000035,3.0406654644396642,0.0
14.9891050000001,2.9103138896759195,0.0,14.967068000000037,3.043573147794527,0.0
15.2374990000001,2.8456549596467497,0.0,15.213091000000036,3.0456943631911777,0.0
15.490041000000103,2.835076311414073,0.0,15.464597000000042,3.058012193833868,0.0
15.735035000000108,2.88244578030891,0.0,15.714574000000049,3.0780234851144597,0.0
15.97743600000011,3.066951099074215,0.0,15.956994000000046,3.1181386227754757,0.0
16.224611000000113,3.439285654327906,0.0,16.205830000000052,3.186903567967694,0.0
16.478020000000104,3.8952037760423783,0.0,16.456605000000042,3.2662615151555805,0.0
16.731525000000083,4.347614080808324,0.0,16.699009000000014,3.3371481252607422,0.0
16.97795900000006,4.757934088044308,0.0,16.948645000000003,3.388601089259005,0.0
17.225833000000048,5.101628393767351,0.0,17.206533999999998,3.412388234331195,0.0
17.465262000000052,5.352200712671097,0.0,17.445516,3.401360876923832,0.0
17.71252100000005,5.500680629727773,0.0,17.690944000000002,3.3444837502690006,0.0
17.962480000000035,5.5737543518267145,0.0,17.94152999999999,3.249058566784894,0.0
18.208962000000014,5.601055395858445,0.0,18.184405999999985,3.1573630672880624,0.0
18.45990000000001,5.562288961721153,0.0,18.435983999999973,3.111194039258229,0.0
18.703446000000003,5.41793674185018,0.0,18.68887799999996,3.1182685133420667,0.0
18.948331999999994,5.212865582509511,0.0,18.924329999999944,3.1621480395134927,0.0
19.19235199999999,5.038271205213338,0.0,19.175906999999928,3.195182771830949,0.0
19.44419199999999,4.929993750227637,0.0,19.425175999999922,3.1837448854207215,0.0
19.69578599999999,4.8762689014518035,0.0,19.67109499999992,3.158574972201487,0.0
19.945762999999967,4.856703233645508,0.0,19.9180379999999,3.1554514191706775,0.0
20.186271999999956,4.8577653886704315,0.0,20.169900999999882,3.1835729071167758,0.0
20.43432599999995,4.871454484898359,0.0,20.414335999999874,3.2325504640890763,0.0
20.699810999999933,4.889857843478913,0.0,20.65983999999985,3.2829613762298533,0.0
20.94877099999992,4.896042297460822,0.0,20.901280999999837,3.3197450618027093,0.0
21.179180999999925,4.876737191410545,0.0,21.149584999999824,3.3396212447004956,0.0
21.42274699999991,4.836494140019379,0.0,21.40495299999982,3.3489167390086325,0.0
21.679596999999887,4.771095775384253,0.0,21.662368999999813,3.355490192626495,0.0
21.940901999999863,4.6701893373131105,0.0,21.89295999999981,3.361240808369267,0.0
22.173532999999857,4.5469475203914484,0.0,22.1398079999998,3.3525743447497742,0.0
22.41396499999985,4.4275752972234015,0.0,22.38675199999979,3.321526559676152,0.0
22.658783999999834,4.317425500799697,0.0,22.630304999999787,3.324011069142053,0.0
22.909905999999836,4.208820141339172,0.0,22.88096699999978,3.405001283760959,0.0
23.156760999999836,4.0974438207050925,0.0,23.134160999999786,3.51986906795413,0.0
23.41241799999983,3.981298539956896,0.0,23.376016999999777,3.615888536076052,0.0
23.65671299999982,3.855385112365108,0.0,23.627488999999777,3.66900534522644,0.0
23.917823999999797,3.7153239420573407,0.0,23.871901999999764,3.6733419764798034,0.0
24.157252999999788,3.566051042245202,0.0,24.119732999999762,3.6310169353889434,0.0
24.402128999999764,3.421060866834065,0.0,24.36775999999977,3.5694240024282746,0.0
24.639720999999756,3.2903870893786094,0.0,24.609867999999757,3.5613316087090467,0.0
24.914683999999745,3.174818971766199,0.0,24.87818099999975,3.665659198454204,0.0
25.144744999999716,3.0703544070244275,0.0,25.105591999999728,3.8689261119498575,0.0
25.386012999999696,2.9727941627587584,0.0,25.361483999999727,4.120627092242437,0.0
25.628567999999674,2.884153111638416,0.0,25.600453999999722,4.3763268416626016,0.0
25.880329999999667,2.8113384514895716,0.0,25.85443799999972,4.605838116281733,0.0
26.117270999999658,2.758299165550454,0.0,26.096356999999706,4.803373838383269,0.0
26.36913699999965,2.7289133726410197,0.017692307692307726,26.343897999999697,5.011485973859134,0.0
26.626253999999644,2.722145640420271,0.02076923076923076,26.59269699999971,5.352719950935843,0.0
26.86077199999964,2.723249130789103,0.02076923076923076,26.83766399999971,5.911928288280947,0.0
27.115096999999647,2.715868306943391,0.02538461538461539,27.0896909999997,6.544895702054761,0.0
27.365021999999648,2.6937497558826156,0.04230769230769232,27.33603799999967,7.048282980015709,0.0
27.60780899999964,2.664590334360278,0.06307692307692307,27.583913999999673,7.311772870677269,0.0
27.853285999999628,2.6402307057494285,0.08076923076923072,27.831162999999663,7.32632976925551,0.0
28.10064699999962,2.6299851804794194,0.08769230769230767,28.092988999999676,7.103514782059858,0.0
28.351150999999604,2.637769076698617,0.08153846153846152,28.31957699999966,6.678319960383662,0.0
28.617706999999598,2.662123954271923,0.06538461538461539,28.57890399999965,6.131809773378416,0.0
28.84834199999958,2.6933588586882786,0.043076923076923034,28.819948999999635,5.555177826986086,0.0
29.093453999999575,2.713267424142675,0.027692307692307707,29.074444999999628,5.015156840019404,0.0
29.353494999999555,2.7071499391649323,0.031538461538461536,29.33342199999961,4.543762105177294,0.0
29.59335599999954,2.659486625441732,0.0669230769230769,29.555934999999604,4.147765925143312,0.0
29.851728999999516,2.566809166859668,0.14230769230769227,29.808339999999614,3.8217487326432837,0.0
30.089726999999503,2.4449571037923143,0.29358974358974355,30.047017999999593,3.569366446234964,0.0
30.33803099999949,2.3210666774966984,0.4539316239316239,30.29579499999959,3.3973038379038307,0.0
30.610354999999483,2.2209511422848984,0.5939316239316239,30.545777999999586,3.2841228793171977,0.0
30.822720999999486,2.1565660480991067,0.7183760683760684,30.79320199999958,3.208745129363378,0.0
31.072577999999478,2.120556391446164,0.7865811965811965,31.03549899999957,3.1611655704672157,0.0
31.31976799999947,2.094039902976016,0.830854700854701,31.284081999999547,3.1397525693387633,0.0
31.582488999999452,2.063082216528189,0.8761538461538461,31.533329999999545,3.149057381850157,0.0
31.841018999999445,2.0293180112288502,0.923076923076923,31.786546999999544,3.1929823673641726,0.0
32.07543499999942,2.010242323027961,0.9384615384615383,32.026414999999524,3.2757681678983666,0.0
32.31093999999941,2.0261672641428286,0.9253846153846154,32.28169799999953,3.41564453798942,0.0
32.56204099999942,2.0821041528969246,0.8561538461538462,32.536501999999516,3.6384351172136595,0.0
32.8048919999994,2.1605832866697114,0.7135897435897437,32.77168099999951,3.9451965436946894,0.0
33.04746099999942,2.2375662533556033,0.5700000000000001,33.03240899999953,4.280977283292637,0.0
33.30291899999944,2.300214474577098,0.4838461538461538,33.270302999999544,4.567566368192871,0.0
33.55188899999943,2.348127188140838,0.424017094017094,33.51577199999954,4.750054012716821,0.0
33.796619999999436,2.3839116356263563,0.37256410256410255,33.76255999999952,4.8075785804610245,0.0
34.057245999999466,2.4110235466827934,0.3450427350427351,34.011961999999514,4.741201770234478,0.0
34.29462199999948,2.432717656409984,0.31153846153846154,34.26185599999949,4.580006066000065,0.0
34.53904099999949,2.45296505720283,0.28042735042735034,34.507171999999485,4.371895120609619,0.0
34.78568099999949,2.4725673903800574,0.24811965811965808,34.75515499999947,4.169927411600373,0.0
35.03974399999949,2.4888844366803995,0.2301709401709402,35.00059099999949,4.023281456763763,0.0
35.27663799999949,2.4962344455706997,0.21461538461538465,35.25053399999947,3.9572617947559703,0.0
35.52256299999948,2.505180330914572,0.2050427350427351,35.50142499999948,3.991672245256478,0.0
35.775589999999454,2.5635908842221875,0.1438461538461538,35.739530999999474,4.146771164343899,0.0
36.025533999999446,2.7225167954817175,0.02076923076923076,35.990038999999484,4.452358112458992,0.0
36.290382999999466,2.978330823963624,0.0,36.23786399999951,4.935304075836221,0.0
36.51266999999945,3.2860458652667703,0.0,36.48541799999952,5.605615609062906,0.0
36.763121999999456,3.5997044720596603,0.0,36.7374829999995,6.408896255572565,0.0
37.00603999999944,3.8886171851742937,0.0,37.000867999999514,7.240908680607832,0.0
37.26769399999946,4.131801349040534,0.0,37.21996199999951,7.968688774025052,0.0
37.510630999999464,4.310877539787052,0.0,37.48100899999952,8.429241232227685,0.0
37.752563999999445,4.40708030259562,0.0,37.72734799999949,8.475154215486775,0.0
37.99948499999945,4.413883800545895,0.0,37.9692089999995,8.074531775681377,0.0
38.25110599999943,4.348397595279986,0.0,38.21261299999951,7.37692061179783,0.0
38.49184799999944,4.241325754134556,0.0,38.4738739999995,6.638469284228314,0.0
38.74503799999944,4.115863416749868,0.0,38.704860999999504,6.026011242380694,0.0
38.98496199999944,3.979880608950354,0.0,38.95637799999951,5.558239293981492,0.0
39.23838099999945,3.8366246012804193,0.0,39.203257999999536,5.20215745573429,0.0
39.51320999999946,3.6923122443311214,0.0,39.45679699999953,4.927016069930297,0.0
39.732174999999444,3.5554889978136295,0.0,39.69526999999956,4.708086758240324,0.0
39.979506999999465,3.4289702528454966,0.0,39.94952199999956,4.521071045987263,0.0
40.23044899999945,3.302843490270571,0.0,40.206046999999565,4.3376773614475415,0.0
40.47007899999945,3.158945440241634,0.0,40.441203999999566,4.138341098376907,0.0
40.72944799999944,2.982559045144091,0.0,40.680645999999584,3.912344773393311,0.0
40.967478999999436,2.766515132333673,0.0,40.93423999999959,3.658737399964391,0.0
41.21184099999944,2.5134538969104936,0.19666666666666666,41.18024699999962,3.407249236597363,0.0
41.47100599999944,2.2457469061720876,0.5592307692307693,41.427248999999634,3.2002868111806615,0.0
41.717347999999426,2.0042191766745563,0.9446153846153845,41.67528499999964,3.05996878299105,0.0
41.95972699999944,1.8260339460779915,0.9992307692307691,41.922696999999644,2.9832299770987145,0.0
42.20417799999942,1.7339653869363871,0.9992307692307691,42.177666999999644,2.9534424816473948,0.0
42.462109999999406,1.750549482649723,0.9992307692307691,42.41997299999965,2.9436908685724843,0.0
42.710607999999425,1.8950833994968512,0.9992307692307691,42.665596999999664,2.922702380571155,0.0
42.95395799999942,2.170713124838933,0.6908547008547008,42.911300999999696,2.8842689755054924,0.0
43.19988799999942,2.558917881140008,0.15478632478632479,43.15727799999968,2.91020035595684,0.0
43.44846399999942,3.0209860771367114,0.0,43.40811499999968,3.1971877958601698,0.0
43.69245799999941,3.505412221818765,0.0,43.65714099999968,3.8741785564135993,0.0
43.95501099999944,3.9624210750075113,0.0,43.90456299999971,4.785833429567248,0.0
44.18686799999944,4.351265378221657,0.0,44.14998499999968,5.664832256755567,0.0
44.43803499999945,4.644096314689001,0.0,44.40132999999969,6.350469071165259,0.0
44.68488599999944,4.830333615783626,0.0,44.664931999999716,6.82495360125431,0.0
44.93087199999947,4.922723645499011,0.0,44.90033499999973,7.162396436217268,0.0
45.18079799999946,4.951371507173486,0.0,45.14182099999972,7.463807362707996,0.0
45.425942999999464,4.938526264688299,0.0,45.385344999999745,7.810651719103924,0.0
45.669741999999495,4.868329412366351,0.0,45.63540899999975,8.242081997122016,0.0
45.92077299999951,4.69708292165073,0.0,45.878829999999745,8.742309279572405,0.0
46.17159299999952,4.428822700847652,0.0,46.125661999999764,9.24798493887325,0.0
46.41266799999955,4.111626118853992,0.0,46.373722999999735,9.666205665504712,0.0
46.67816699999954,3.7838219323184696,0.0,46.62023299999977,9.89966278744654,0.0
46.90516299999953,3.481193716467779,0.0,46.87367799999976,9.878254242837045,0.0
47.18638099999955,3.2463766596787282,0.0,47.12322599999975,9.572288493248003,0.0
47.405976999999574,3.136757180520196,0.0,47.36367699999973,8.981083765326389,0.0
47.65193299999961,3.180842525157703,0.0,47.61457999999973,8.212202804933368,0.0
47.90756199999962,3.3478215911598523,0.0,47.871036999999724,7.558761580049736,0.0
48.14879999999963,3.5869882726842275,0.0,48.108584999999714,7.259885894573839,0.0
48.396114999999654,3.839385788463111,0.0,48.35606699999972,7.304657203283533,0.0
48.639058999999655,4.0373830677923115,0.0,48.607897999999715,7.575154514932234,0.0
48.88502899999964,4.1173487631201064,0.0,48.850317999999724,7.954013336987648,0.0
49.133845999999636,4.054649307665338,0.0,49.09842199999974,8.325675518954895,0.0
49.38642899999963,3.8898655557016766,0.0,49.35386899999974,8.57621410043267,0.0
49.63087799999965,3.6949212473782946,0.0,49.59284599999977,8.615628791813894,0.0
49.88674499999965,3.515484784083749,0.0,49.84323599999977,8.427091627109396,0.0
50.12510999999966,3.3603276714224286,0.0,50.087445999999794,8.068390666872249,0.0
50.38008099999965,3.2191470891733798,0.0,50.331552999999786,7.622827292471154,0.0
50.63209599999967,3.0805127571332154,0.0,50.58632999999977,7.163810613686233,0.0
50.876933999999686,2.9393068170633865,0.0,50.837867999999744,6.7436860459703425,0.0
51.11987199999968,2.7947837909792113,0.0,51.07779499999975,6.430191857929969,0.0
51.36867099999966,2.652209795621619,0.07307692307692305,51.32613899999976,6.2962792278126365,0.0
51.6260369999997,2.530413457898852,0.18350427350427348,51.57693199999977,6.396958164053612,0.0
51.8534169999997,2.4490031382445077,0.2888034188034188,51.81783099999979,6.708148030010172,0.0
52.105322999999686,2.4061258361309275,0.3486324786324786,52.06827999999983,7.128766590811302,0.0
52.35592899999968,2.3762673785464843,0.3845299145299145,52.329193999999866,7.5408419731688445,0.0
52.603329999999694,2.336539455363228,0.43837606837606835,52.56413599999989,7.839825906421163,0.0
52.84619799999969,2.281635957842435,0.5113675213675214,52.8108039999999,7.934169314603909,0.0
53.08792799999968,2.2176376388324917,0.5999145299145299,53.05764699999988,7.737365502285824,0.0
53.34524399999966,2.1516424541730843,0.7255555555555556,53.305671999999916,7.171096662564794,0.0
53.61685099999966,2.0835808253900927,0.8553846153846153,53.5451089999999,6.292660199963086,0.0
53.83675599999967,2.0077950207015602,0.94,53.79251399999992,5.38117887871217,0.0
54.08222899999965,1.9226401488694753,0.9992307692307691,54.03846499999992,4.628582248459733,0.0
54.337702999999664,1.8358070105227822,0.9992307692307691,54.277056999999935,4.051402573777915,0.0
54.57635099999964,1.7599549958586005,0.9992307692307691,54.53667999999994,3.6169174891923013,0.0
54.85393699999963,1.7047668704355967,0.9992307692307691,54.77850199999994,3.308045391990685,0.0
55.07066899999965,1.688331008675915,0.9992307692307691,55.02889799999993,3.1269677927039283,0.0
55.333247999999635,1.749761492635253,0.9992307692307691,55.27737099999992,3.0799509192676173,0.0
55.574220999999625,1.899107144005303,0.9992307692307691,55.53575899999988,3.1517570249900313,0.0
55.83218999999964,2.095167879033233,0.8296581196581198,55.77439799999986,3.2949276459535097,0.0
56.0618299999996,2.2936166620018072,0.49581196581196574,56.016770999999856,3.453927178437575,0.0
56.305338999999606,2.473145126692539,0.24811965811965808,56.28874699999987,3.58878356804702,0.0
56.559880999999606,2.6294222388077033,0.08769230769230767,56.50878399999987,3.680373328985747,0.0
56.80128999999963,2.762820882786933,0.0,56.75905199999987,3.736814405957902,0.0
57.053288999999594,2.8652336956325626,0.0,57.001081999999876,3.795364280056625,0.0
57.297656999999596,2.910244104838561,0.0,57.25393699999987,3.9158663912707503,0.0
57.54892299999961,2.860173578284324,0.0,57.49902899999988,4.141194661542473,0.0
57.7983889999996,2.6969905737429203,0.0392307692307692,57.74707699999992,4.427014087543616,0.0
58.053158999999575,2.4550743433619044,0.2768376068376068,57.992333999999936,4.674365885180469,0.0
58.28566499999959,2.204037791226639,0.6286324786324787,58.24082599999997,4.835239259093698,0.0
58.53628999999958,1.9936735028789396,0.9584615384615384,58.48721499999998,4.916015480579908,0.0
58.78534999999961,1.8404099482401595,0.9992307692307691,58.73871799999998,4.953254027112928,0.0
59.030210999999646,1.7486744450386793,0.9992307692307691,58.979184999999966,4.99762150712248,0.0
59.29607599999966,1.7213829640958926,0.9992307692307691,59.22667999999997,5.089387965434012,0.0
59.529141999999666,1.757280145675407,0.9992307692307691,59.478646999999995,5.269244601277382,0.0
59.773582999999704,1.842747010493742,0.9992307692307691,59.720127000000005,5.603434946432422,0.0
60.02906599999973,1.951961316439058,0.9946153846153846,59.98948000000002,6.147803817864768,0.0
60.26860599999973,2.052551882222597,0.8876923076923077,60.21603300000001,6.834662533669468,0.0
60.51611899999975,2.1140763598271937,0.7973504273504275,60.46146400000001,7.4961537195957755,0.0
60.766063999999744,2.1232982845669577,0.7805982905982906,60.718995000000014,8.047586401181233,0.0
61.01408199999975,2.0845618189683472,0.853076923076923,60.97331500000001,8.496389466173172,0.0
61.260983999999766,2.008254269013414,0.9392307692307692,61.206376,8.88540571035077,0.0
61.50271299999977,1.9116443783420385,0.9992307692307691,61.45568799999999,9.240580997117204,0.0
61.75121499999977,1.8149983134390077,0.9992307692307691,61.69913699999997,9.546121235550777,0.0
62.00114499999976,1.7329269920957273,0.9992307692307691,61.94740099999998,9.724348044416356,0.0
62.25916999999974,1.6729332987879189,0.9992307692307691,62.19335799999998,9.622694923924817,0.0
62.510172999999746,1.6366015727240364,0.9992307692307691,62.45133900000001,9.092268345245943,0.0
62.75029199999975,1.6218984658390732,0.9992307692307691,62.697721000000016,8.303917158812537,0.0
62.99211599999977,1.6292430722575966,0.9992307692307691,62.935617000000015,7.737207566957987,0.0
63.24326699999978,1.6584296335142086,0.9992307692307691,63.197531000000005,7.631041249187359,0.0
63.502396999999775,1.699132668219332,0.9992307692307691,63.43249199999999,7.928283240219117,0.0
63.73864599999978,1.7357411379458811,0.9992307692307691,63.679607,8.452835614181993,0.0
63.985237999999796,1.7599247309552375,0.9992307692307691,63.924011999999976,8.984675215142998,0.0
64.23018699999977,1.7741106949618033,0.9992307692307691,64.17484599999997,9.313558489965036,0.0
64.48210799999977,1.7894204073356517,0.9992307692307691,64.42050799999997,9.280906505341708,0.0
64.72046099999976,1.8151804000030936,0.9992307692307691,64.65737699999993,8.845533383924655,0.0
64.97387699999976,1.8516058685167185,0.9992307692307691,64.90606999999993,8.11221482109905,0.0
65.21995499999971,1.8894657871684635,0.9992307692307691,65.15666799999991,7.266596646012882,0.0
65.46443499999971,1.9153811435761248,0.9992307692307691,65.40714399999993,6.4682770602272734,0.0
65.71439999999969,1.921922864493186,0.9992307692307691,65.65512999999987,5.791886331784195,0.0
65.9730279999997,1.9232699456105815,0.9992307692307691,65.8989799999999,5.2390864587176695,0.0
66.20690999999972,1.9530911290570578,0.9946153846153846,66.14687199999992,4.778323014974195,0.0
66.45366399999968,2.026838433963048,0.9246153846153845,66.38985099999992,4.377367224902909,0.0
66.69982299999964,2.1319496985892132,0.7686324786324786,66.64484,4.018072737800726,0.0
66.9654179999996,2.245863629687627,0.5592307692307693,66.88048600000003,3.701535827908674,0.0
67.19884099999966,2.345290140869059,0.4264102564102564,67.13158,3.4413002133257167,0.0
67.44622499999967,2.410204821573825,0.3462393162393162,67.37600000000006,3.248419910022341,0.0
67.7057339999997,2.4292970834798253,0.3139316239316239,67.63498100000007,3.128493961081001,0.0
67.93160899999974,2.403485384656224,0.3534188034188034,67.86915100000009,3.1222858045888806,0.0
68.18803499999973,2.346999038956209,0.42521367521367526,68.11356400000011,3.3117845623307907,0.0
68.44352199999977,2.2841677943038614,0.5101709401709402,68.36212800000014,3.750152213778942,0.0
68.67798199999983,2.239463197218417,0.5664102564102563,68.6137480000002,4.416637611823392,0.0
68.92848699999979,2.231663035620546,0.5795726495726495,68.87593300000022,5.2368610241786,0.0
69.17469599999976,2.280626956359105,0.5137606837606838,69.11040900000026,6.073384311365481,0.0
69.43453299999977,2.371816346793037,0.39410256410256406,69.35227200000026,6.850328460252994,0.0
69.6707179999998,2.4676789725524575,0.2564957264957265,69.60518300000022,7.531966717905998,0.0
69.91666899999986,2.5463472707037966,0.16794871794871793,69.84318500000023,8.080289731061661,0.0
70.17810099999987,2.603273437523245,0.10923076923076923,70.09178300000025,8.451781968569577,0.0
70.41293399999985,2.6412256016040256,0.0792307692307692,70.3403520000003,8.609068369041601,0.0
70.66357599999982,2.661563525767992,0.06538461538461539,70.59469400000033,8.538369134320478,0.0
70.90263899999987,2.664052290660823,0.06384615384615387,70.84956300000036,8.252881408829529,0.0
71.15064499999984,2.6488629884133785,0.07538461538461537,71.08721300000035,7.794204502172388,0.0
71.39660699999986,2.61688264431202,0.09923076923076925,71.33107100000036,7.240235670804536,0.0
71.64407199999985,2.5687122712381356,0.14153846153846147,71.57911200000034,6.713067360839869,0.0
71.89592399999984,2.500867376211545,0.21102564102564106,71.81961300000029,6.334846099972376,0.0
72.14945799999985,2.3986021457633235,0.36179487179487174,72.06906500000028,6.214610028870297,0.0
72.38930099999992,2.2649649423415648,0.5364957264957265,72.31356700000033,6.384199868270723,0.0
72.6559279999999,2.1478015187324653,0.7303418803418803,72.56284000000039,6.7333122140810895,0.0
72.88930799999987,2.0558272610408883,0.8846153846153846,72.80639200000039,7.111559951312838,0.0
73.13110699999993,1.9759911150018448,0.9715384615384615,73.05392700000036,7.4140886277287,0.0
73.38770499999997,1.8939403649681874,0.9992307692307691,73.30450100000039,7.594187597754271,0.0
73.62412899999998,1.8021740309671466,0.9992307692307691,73.54630000000036,7.649228577981136,0.0
73.87367200000006,1.7081362254735681,0.9992307692307691,73.79780100000035,7.621296288112847,0.0
74.12153300000007,1.6322998134573017,0.9992307692307691,74.04960000000038,7.569780935940347,0.0
74.3803660000001,1.604595535565247,0.9992307692307691,74.29102000000044,7.530568738235793,0.0
74.63545000000012,1.6790405433516304,0.9992307692307691,74.53543000000045,7.518606036617025,0.0
74.86286600000011,1.8324447035620297,0.9992307692307691,74.78289200000047,7.542354955391228,0.0
75.11971600000011,2.0149993612960104,0.9338461538461538,75.03947500000051,7.594383625006479,0.0
75.36566500000012,2.187211985477192,0.6597435897435898,75.29939400000055,7.655456475840621,0.0
75.61563400000011,2.3125200875597174,0.4670940170940171,75.52822700000058,7.704771980316378,0.0
75.85653800000011,2.376264885174211,0.3845299145299145,75.7741510000006,7.713353801247695,0.0
76.10490200000011,2.3918075351502592,0.36418803418803425,76.03220500000063,7.643517208195589,0.0
76.3520260000001,2.385530257238672,0.37256410256410255,76.26517700000063,7.4595360316814645,0.0
76.59790700000009,2.3818841105781896,0.37376068376068383,76.52328200000065,7.1452130670770275,0.0
76.8492330000001,2.393894501652786,0.36418803418803425,76.7654590000007,6.739251257403255,0.0
77.0758790000001,2.420419601319435,0.3258974358974358,77.01142500000071,6.32692107547757,0.0
77.3244170000001,2.4498339779856426,0.2888034188034188,77.26781200000073,5.987353384196337,0.0
77.56736400000005,2.459360396463276,0.2672649572649572,77.51192200000082,5.739284990968681,0.0
77.83369200000008,2.4148716454918397,0.339059829059829,77.76105300000083,5.561269446406177,0.0
78.06600400000006,2.3356729369666027,0.43837606837606835,78.01106400000084,5.421310089072545,0.0
78.31592600000006,2.2484601988706148,0.5544444444444444,78.24452900000081,5.291985214446928,0.0
78.55701500000006,2.1614868113850036,0.7123931623931624,78.50127800000085,5.153311354178376,0.0
78.80993300000004,2.0823205368776936,0.8561538461538462,78.74236600000089,4.998189630365061,0.0
79.05378100000004,2.0108328940982974,0.9376923076923076,78.98838500000092,4.830314833433785,0.0
79.31975700000008,1.9379911560876544,0.9992307692307691,79.23993400000091,4.647818172705169,0.0
79.54371200000004,1.8516406231383786,0.9992307692307691,79.48742600000091,4.459476866001761,0.0
79.80915899999998,1.7430394083595513,0.9992307692307691,79.73337400000095,4.29141851142694,0.0
80.04254100000003,1.611293409152277,0.9992307692307691,79.97789100000097,4.137330978960839,0.0
80.30405800000003,1.4653604857101188,0.9992307692307691,80.22692300000095,3.998709567478477,0.0
80.53674800000003,1.321629723156501,0.9992307692307691,80.47686800000096,3.8987658508680285,0.0
80.78636900000006,1.1971801624400693,0.9992307692307691,80.724197000001,3.8528833895356085,0.0
81.03732500000001,1.103427812574726,0.9992307692307691,80.968159000001,3.8748760446482446,0.0
81.28914600000009,1.0456575347241615,0.9992307692307691,81.22572200000101,3.9708620814392015,0.0
81.52459200000007,1.025027750474314,0.9992307692307691,81.46970700000104,4.13503625228304,0.0
81.77174300000004,1.0394115181095493,0.9992307692307691,81.71517200000105,4.3397821899611015,0.0
82.01977400000011,1.0854917003560238,0.9992307692307691,81.96010400000107,4.521928037349224,0.0
82.2931370000001,1.1600212217287091,0.9992307692307691,82.20125300000109,4.621203203491071,0.0
82.51420200000014,1.2596003750643767,0.9992307692307691,82.45715700000115,4.611808495854511,0.0
82.7614660000002,1.3759229823208614,0.9992307692307691,82.71223300000122,4.5034137866435895,0.0
83.01335200000021,1.4932736675987166,0.9992307692307691,82.96703400000123,4.321750412946486,0.0
83.25278000000027,1.5955305729190852,0.9992307692307691,83.19558200000124,4.094108280427039,0.0
83.50428700000032,1.671309358648249,0.9992307692307691,83.4374810000013,3.845966736349467,0.0
83.75561600000036,1.7164261456578505,0.9992307692307691,83.68517800000134,3.5965609015696103,0.0
84.00125500000041,1.7331378805724917,0.9992307692307691,83.9335300000014,3.3563015332671573,0.0
84.24209600000046,1.730627037298583,0.9992307692307691,84.18393200000145,3.1259538616204154,0.0
84.49845400000045,1.7214392313408502,0.9992307692307691,84.43436900000148,2.9041865238065405,0.0
84.73891700000046,1.7075611443412462,0.9992307692307691,84.6798740000014,2.6976776233039823,0.0392307692307692
84.98277400000046,1.692004558499977,0.9992307692307691,84.9244560000014,2.5175377963305,0.18948717948717944
85.23181800000044,1.691193507076379,0.9992307692307691,85.17588800000138,2.3782899096953756,0.38094017094017096
85.49319700000042,1.7247199854403434,0.9992307692307691,85.42323800000136,2.300239948022173,0.48264957264957264
85.72807800000042,1.8075529674475939,0.9992307692307691,85.66817000000142,2.3045915009801705,0.4766666666666667
85.97244100000042,1.942621972253546,0.9992307692307691,85.9225280000014,2.4075431042829774,0.3486324786324786
86.2279100000004,2.1131496756882977,0.7973504273504275,86.19250700000138,2.6120420300150493,0.10307692307692308
86.47708400000052,2.2835205517494113,0.5101709401709402,86.41558700000137,2.8927773803233725,0.0
86.71905100000059,2.4117256607228006,0.34264957264957263,86.6551000000014,3.1896961811672373,0.0
86.96644100000056,2.465022623500892,0.26128205128205123,86.90401300000143,3.433472231199204,0.0
87.22141000000065,2.434574765653022,0.3091452991452992,87.14835300000145,3.576981703927687,0.0
87.46256200000063,2.334701625874388,0.43837606837606835,87.39731500000144,3.622008000931778,0.0
87.7125580000007,2.1931895638795904,0.6465811965811966,87.64983900000146,3.6114980329923814,0.0
87.96054600000072,2.042808698259796,0.8999999999999999,87.89849200000147,3.5941258413563495,0.0
88.20488500000076,1.9106000198403652,0.9992307692307691,88.1432600000015,3.5997298977586842,0.0
88.45485000000076,1.8115816180905722,0.9992307692307691,88.39391100000148,3.63282250713859,0.0
88.70477000000076,1.752263183806624,0.9992307692307691,88.64081600000144,3.687982267900582,0.0
88.94556300000082,1.7577215656566287,0.9992307692307691,88.88868300000148,3.773568098267363,0.0
89.19600600000086,1.8853031298022545,0.9992307692307691,89.1342200000015,3.9089533137459256,0.0
89.44291100000092,2.1592256536296413,0.7147863247863249,89.37989700000148,4.104898909729157,0.0
89.69237300000094,2.533434144595413,0.17991452991452986,89.63062800000144,4.389529654928962,0.0
89.95782300000091,2.9419045365543655,0.0,89.87391700000144,4.818143603898587,0.0
90.19366200000091,3.328380132251987,0.0,90.12192000000147,5.386522395462523,0.0
90.44152700000096,3.6522081219014866,0.0,90.36730300000143,6.008653765717393,0.0
90.68434000000094,3.8866755139813245,0.0,90.63693300000146,6.59242169716561,0.0
90.93043100000094,4.018771771660303,0.0,90.86483000000153,7.077220994916419,0.0
91.17637200000094,4.053938151428147,0.0,91.11255900000148,7.437034594879572,0.0
91.42765800000097,4.010831896180932,0.0,91.36595400000152,7.670792446949799,0.0
91.672026000001,3.9277399695922006,0.0,91.60591500000147,7.793764560882845,0.0
91.91856200000102,3.8434204556915414,0.0,91.85328500000149,7.813931653333308,0.0
92.16567700000105,3.7775288315254616,0.0,92.10187800000145,7.6981959906378155,0.0
92.42576100000109,3.7299457276140506,0.0,92.35841400000145,7.367956635989508,0.0
92.66247500000112,3.6831296609154927,0.0,92.59205000000146,6.810790632399917,0.0
92.90795300000117,3.6169430012626416,0.0,92.83797400000147,6.188469234829995,0.0
93.16792400000118,3.5174763189842007,0.0,93.09098100000146,5.6269011092747245,0.0
93.40202900000116,3.3798687536408565,0.0,93.33305200000152,5.108786709386987,0.0
93.6556010000012,3.2114729705622076,0.0,93.59104300000153,4.596452224134974,0.0
93.91006300000117,3.028781359094447,0.0,93.84102300000156,4.089632042251875,0.0
94.14661200000117,2.8564365396541724,0.0,94.08248700000158,3.6144591658823346,0.0
94.39549000000122,2.730729629687278,0.016923076923076926,94.3310400000016,3.199775757747326,0.0
94.64092200000128,2.7742903942181747,0.0,94.57554000000161,2.8637243896485307,0.0
94.89156700000126,3.0463492745763934,0.0,94.81900400000161,2.6082986112751483,0.10692307692307691
95.13955100000126,3.4146615407287895,0.0,95.06686600000168,2.4229883534794436,0.3211111111111111
95.38206400000126,3.8072701203405965,0.0,95.30940200000161,2.2945311746922528,0.49581196581196574
95.63459300000125,4.184782599718877,0.0,95.5573110000016,2.2103835572095223,0.6202564102564102
95.87750300000124,4.518405533957397,0.0,95.80886000000164,2.160668320046418,0.7135897435897437
96.12246300000123,4.7821744150931424,0.0,96.06372300000167,2.1373954691646455,0.7530769230769233
96.38640500000128,4.956231835489279,0.0,96.31433600000169,2.1335896935337395,0.763846153846154
96.61635000000126,5.047504093175424,0.0,96.55220200000166,2.1432688400485094,0.741111111111111
96.87180400000122,5.087078317375213,0.0,96.80538600000166,2.161047125300918,0.7135897435897437
97.11415500000122,5.100868545964194,0.0,97.06366700000163,2.1854504317508754,0.6645299145299145
97.36165300000127,5.094080331890468,0.0,97.29349200000165,2.2155779678061114,0.6058974358974358
97.63128200000125,5.047768520982424,0.0,97.5458650000017,2.248447033457974,0.5544444444444444
97.85500400000116,4.903298982162755,0.0,97.79828800000166,2.2773511801136475,0.5161538461538462
98.10007000000118,4.597095543270048,0.0,98.04139300000169,2.299055874969154,0.4850427350427351
98.35047900000119,4.208876120230123,0.0,98.30334100000171,2.3165687907530685,0.46111111111111114
98.59403700000128,3.789765244896279,0.0,98.5348410000017,2.3366773962409217,0.43837606837606835
98.8583820000013,3.3536402789091557,0.0,98.77630100000165,2.365536065175761,0.4012820512820512
99.09544000000125,2.933307763408934,0.0,99.03214600000172,2.407304421746387,0.3486324786324786
99.34076400000123,2.5650191494113224,0.1438461538461538,99.27864700000164,2.46513406658509,0.26128205128205123
99.58865000000125,2.2732220536506698,0.5209401709401709,99.52290300000168,2.5368689838910803,0.17512820512820515
99.84061000000132,2.0676128308559463,0.8746153846153846,99.77349100000163,2.6113139426048106,0.1046153846153846
100.08982700000132,1.9445861886542462,0.9992307692307691,100.01265600000161,2.669583457937166,0.055384615384615414
100.33713900000136,1.8989385268498327,0.9992307692307691,100.26691800000165,2.7010473045734864,0.03615384615384617
100.57902100000139,1.9234398602682636,0.9992307692307691,100.51489900000165,2.713312306490173,0.027692307692307707
100.83605600000135,2.0009577057836756,0.9492307692307691,100.7614720000016,2.7207549396975113,0.02076923076923076
101.06935000000134,2.114369357700862,0.7973504273504275,101.0087830000016,2.730686476188012,0.016923076923076926
101.32070500000135,2.245673117617539,0.5592307692307693,101.24898600000162,2.747228197669397,0.006153846153846148
101.56310800000139,2.3754248303365917,0.38572649572649576,101.50229300000157,2.7736105271525795,0.0
101.81217400000145,2.4900651243645573,0.22658119658119658,101.75234500000155,2.8079681277026776,0.0
102.05560700000142,2.586982931407796,0.12384615384615384,101.99353900000155,2.840617534291821,0.0
102.30605800000139,2.7955055244602836,0.0,102.23902800000154,2.8549087188943036,0.0
102.55446700000141,3.4777430582014675,0.0,102.48754900000154,2.83302651094074,0.0
102.80529700000142,4.470222242066897,0.0,102.74010200000156,2.763253074111112,0.0
103.0527020000014,5.462735187541542,0.0,102.98073200000157,2.6522907400471714,0.07230769230769225
103.29932900000142,6.317488820582796,0.0,103.22815600000153,2.5293344887282356,0.18350427350427348
103.54361600000145,6.987539205160122,0.0,103.4806840000015,2.4262817330014785,0.3187179487179488
103.7992640000015,7.4709909191814265,0.0,103.72618800000153,2.3522936219812935,0.41324786324786333
104.04551500000153,7.812096051659628,0.0,103.97551400000154,2.3016343695587427,0.4814529914529915
104.28627000000152,8.084877071605545,0.0,104.2371420000016,2.3242620522113224,0.45153846153846156
104.5331300000015,8.329707803686167,0.0,104.46676200000165,2.427277534656343,0.3175213675213675
104.7821610000015,8.526548872571283,0.0,104.71273300000163,2.5477067148641996,0.16794871794871793
105.02602500000154,8.59737067112451,0.0,104.96011300000167,2.6677035234461237,0.05692307692307693
105.27550200000152,8.351415037400592,0.0,105.22010100000166,2.7993164162433914,0.0
105.52335100000153,7.488297007228124,0.0,105.45516500000166,2.9583496415370645,0.0
105.7741580000015,6.259735946517375,0.0,105.70402600000168,3.1538180247901257,0.0
106.01648800000156,5.194056033049078,0.0,105.97071300000164,3.387607104964137,0.0
106.26501500000157,4.350175442448221,0.0,106.19621400000163,3.650430633008936,0.0
106.51433800000157,3.703586464926106,0.0,106.44208000000161,3.9245570838530233,0.0
106.76070700000163,3.2255318425120647,0.0,106.69914800000164,4.18943931944227,0.0
107.00107900000162,2.8811102972263747,0.0,106.94197900000168,4.426800148891688,0.0
107.25585200000164,2.6295102511667268,0.08769230769230767,107.19403500000169,4.618236966026405,0.0
107.49673200000163,2.429128435547546,0.3139316239316239,107.4360530000017,4.744939670594597,0.0
107.75078700000162,2.2466200590465295,0.558034188034188,107.68203400000178,4.804622252981461,0.0
107.99325500000161,2.0642697217187074,0.8753846153846153,107.92909300000179,4.827679014934702,0.0
108.24799700000156,1.8846110370208355,0.9992307692307691,108.18398800000173,4.846470761839044,0.0
108.49958900000156,1.725659461152257,0.9992307692307691,108.42882900000173,4.881456539645743,0.0
108.74108500000158,1.6070005264092884,0.9992307692307691,108.67478200000178,4.941828677590493,0.0
108.98391700000161,1.5378909146662174,0.9992307692307691,108.9227550000018,5.028187579873085,0.0
109.23182300000165,1.5130921709404266,0.9992307692307691,109.17983700000178,5.129206270307591,0.0
109.47825300000164,1.5174615369988866,0.9992307692307691,109.4192920000018,5.222924545210308,0.0
109.7374720000016,1.532611498035738,0.9992307692307691,109.66616200000183,5.27339527862731,0.0
109.97111600000169,1.5416137739863718,0.9992307692307691,109.91417000000192,5.2145493273230095,0.0
110.22908200000174,1.5388068118506997,0.9992307692307691,110.16577800000191,4.960192642886893,0.0
110.47093400000178,1.5310537389819592,0.9992307692307691,110.40586000000201,4.57699760100739,0.0
110.7139700000018,1.5290008520224858,0.9992307692307691,110.65914300000198,4.250293237304683,0.0
110.96394400000179,1.538573666779342,0.9992307692307691,110.90267400000198,4.031735009694029,0.0
111.2113410000018,1.559159310962303,0.9992307692307691,111.14255900000197,3.8971837303275914,0.0
111.46437200000186,1.5858131053023405,0.9992307692307691,111.39184400000197,3.8107970268325233,0.0
111.71854100000185,1.6138250830194978,0.9992307692307691,111.64135200000196,3.7535217228498654,0.0
111.95322100000186,1.640755355049758,0.9992307692307691,111.88451400000196,3.71851850865537,0.0
112.20397600000187,1.6660830491893852,0.9992307692307691,112.13707200000201,3.703491054073134,0.0
112.45290200000188,1.6867742847276153,0.9992307692307691,112.38570900000208,3.706296201229865,0.0
112.69574600000186,1.6949771994906886,0.9992307692307691,112.62750300000208,3.723829485863631,0.0
112.96876700000188,1.6869548092414095,0.9992307692307691,112.8755130000021,3.7496130637063083,0.0
113.19511800000187,1.6747160260324063,0.9992307692307691,113.12789400000206,3.771156120816279,0.0
113.44210600000189,1.7345882488159063,0.9992307692307691,113.38262900000208,3.7685987267832237,0.0
113.69043800000188,1.900167369462964,0.9992307692307691,113.6354370000021,3.7316782620452096,0.0
113.93709800000192,2.1243197433743752,0.7794017094017096,113.86641100000207,3.6875653056265136,0.0
114.19946100000192,2.3795409145535733,0.3773504273504274,114.11713300000207,3.6576631830732587,0.0
114.429914000002,2.6395161078400364,0.08076923076923072,114.37015900000206,3.6135164824308026,0.0
114.67432500000204,2.874671970208351,0.0,114.60650000000209,3.522266192459019,0.0
114.92429900000202,3.0722820240878947,0.0,114.85478200000207,3.3735987975663826,0.0
115.17421300000203,3.2491488201208334,0.0,115.09973900000213,3.1808572739485923,0.0
115.42566000000207,3.4558901758845466,0.0,115.35274100000221,2.967729928354763,0.0
115.66563600000208,3.7687030220319437,0.0,115.59769100000226,2.757969081317486,0.0
115.91455900000209,4.265588422733285,0.0,115.84298200000227,2.5730312371850403,0.13615384615384613
116.16992500000207,4.978748812848141,0.0,116.09507400000226,2.4272604072673567,0.3175213675213675
116.40194100000205,5.842381810333487,0.0,116.35488600000228,2.324275816316758,0.45153846153846156
116.64843800000209,6.7045998650890475,0.0,116.58817800000229,2.2567841271425935,0.5460683760683761
116.91149400000214,7.420415317880872,0.0,116.84751000000226,2.214778970466493,0.6082905982905983
117.14143000000219,7.904681377906395,0.0,117.08505800000226,2.1981266919091187,0.6382051282051281
117.3954050000023,8.019792502279225,0.0,117.32743600000227,2.2211341927684822,0.5939316239316239
117.64119800000225,7.522271301382836,0.0,117.5770470000023,2.300834458598255,0.48264957264957264
117.90367900000227,6.5441191529829785,0.0,117.82406300000233,2.4444166176949254,0.29478632478632477
118.14043300000228,5.673746399562352,0.0,118.07323200000236,2.640836958088614,0.08
118.38295400000226,5.055457635485951,0.0,118.31843300000237,2.8640709031461182,0.0
118.62751000000233,4.624246121646927,0.0,118.56439300000243,3.078054241202585,0.0
118.88437400000227,4.303998369693388,0.0,118.81388400000246,3.2422550410865245,0.0
119.12262000000236,4.027777980162694,0.0,119.06383000000245,3.3190573519139246,0.0
119.38957800000233,3.7528106079673704,0.0,119.30314700000241,3.2855253752294873,0.0
119.61658800000237,3.4665131266774867,0.0,119.56115800000238,3.1389205559533746,0.0
119.87448600000242,3.1776233454461207,0.0,119.79706800000243,2.9004592201356636,0.0
120.11252300000248,2.9016121541722053,0.0,120.0489450000024,2.6149976534351342,0.09999999999999996
120.36131500000249,2.6573157603372364,0.0676923076923077,120.29696700000248,2.33512322163741,0.43837606837606835
120.6343600000025,2.4624288459412327,0.26247863247863246,120.5431150000025,2.101036961822102,0.8152991452991454
120.85871900000248,2.323415117917292,0.45153846153846156,120.79526800000252,1.930551991182792,0.9992307692307691
121.10372800000246,2.228749915101354,0.581965811965812,121.04626600000256,1.8221395905994806,0.9992307692307691
121.35270100000243,2.1576033303908395,0.7183760683760684,121.30367500000261,1.760378460892032,0.9992307692307691
121.60165500000247,2.089113607269258,0.8464102564102565,121.53429000000261,1.7286241425851578,0.9992307692307691
121.84640100000253,2.008538415351124,0.9392307692307692,121.78684200000261,1.716039582686952,0.9992307692307691
122.09342400000254,1.9087497476068807,0.9992307692307691,122.02919400000259,1.7168689680819962,0.9992307692307691
122.35089300000259,1.7889997079758024,0.9992307692307691,122.27919800000265,1.7277805053887092,0.9992307692307691
122.58771700000257,1.6546433167385366,0.9992307692307691,122.53703600000266,1.7475029965533335,0.9992307692307691
122.83765300000258,1.5199409956103034,0.9992307692307691,122.76602400000273,1.779731036787541,0.9992307692307691
123.08916400000251,1.4065011783927952,0.9992307692307691,123.01835900000275,1.8321562247247178,0.9992307692307691
123.33103000000251,1.334019130076873,0.9992307692307691,123.26872000000273,1.9076324379796563,0.9992307692307691
123.57840500000249,1.3160095441664699,0.9992307692307691,123.5142120000027,1.998640456384418,0.9530769230769229
123.8369420000025,1.3617484189201672,0.9992307692307691,123.76863000000272,2.0932199333094204,0.8344444444444445
124.07832500000251,1.4754317019331755,0.9992307692307691,124.00055800000277,2.1967436527656288,0.6417948717948718
124.31716900000248,1.6469619557785316,0.9992307692307691,124.2535970000028,2.320952102812432,0.4539316239316239
124.57374100000249,1.8487118649273908,0.9992307692307691,124.50612000000278,2.434795791253608,0.3091452991452992
124.81908100000248,2.040584442943025,0.903076923076923,124.74353300000277,2.489686215031157,0.22658119658119658
125.07238700000251,2.184851616263594,0.6657264957264958,124.99091200000281,2.4707561608606303,0.2493162393162393
125.30884000000252,2.2594336026918036,0.5448717948717948,125.24844500000285,2.393611504797133,0.36418803418803425
125.5597150000025,2.2645928115110805,0.5364957264957265,125.48290200000284,2.2833915651680172,0.5101709401709402
125.8127650000025,2.218667414930147,0.5963247863247864,125.73178300000286,2.160785748144274,0.7135897435897437
126.0628820000025,2.1466690343704657,0.7327350427350429,125.97883300000288,2.0389759744308122,0.9053846153846153
126.30318300000245,2.068397396834664,0.8738461538461537,126.2328440000029,1.9261854523967399,0.9992307692307691
126.54857900000246,1.9958236591713958,0.9546153846153845,126.4761970000029,1.829239210518255,0.9992307692307691
126.79352200000247,1.9332000109639584,0.9992307692307691,126.7270950000029,1.753918676525084,0.9992307692307691
127.05449800000251,1.8776375173501743,0.9992307692307691,126.96860600000292,1.7046776984089673,0.9992307692307691
127.29255100000252,1.8220025823201327,0.9992307692307691,127.21648600000292,1.6846251894365358,0.9992307692307691
127.53751300000255,1.7581924042183399,0.9992307692307691,127.46867100000296,1.6967252708579705,0.9992307692307691
127.78182800000265,1.6816295842163387,0.9992307692307691,127.71360900000293,1.743103289111561,0.9992307692307691
128.0307010000026,1.6012737039726452,0.9992307692307691,127.95914200000296,1.8194375114406198,0.9992307692307691
128.27869400000267,1.537709965822903,0.9992307692307691,128.22471200000297,1.9144108907977135,0.9992307692307691
128.52975400000267,1.5056448944458836,0.9992307692307691,128.45212500000298,2.020422659770008,0.9299999999999999
128.77611000000263,1.504750737683337,0.9992307692307691,128.70099200000294,2.135282159850079,0.757863247863248
129.02606400000258,1.5214517167814683,0.9992307692307691,128.969127000003,2.271762053299069,0.5221367521367521
129.27960200000257,1.5692943116395173,0.9992307692307691,129.195463000003,2.4645987645630454,0.26128205128205123
129.52346300000264,1.732670471901101,0.9992307692307691,129.443980000003,2.7159155343488504,0.02538461538461539
129.77128800000264,2.006046732486768,0.9423076923076923,129.69470000000302,2.9700212114703337,0.0
130.01365300000262,2.304730850069972,0.4766666666666667,129.93920600000308,3.1725518499933854,0.0
130.26423500000266,2.5747064622918447,0.1338461538461538,130.18820600000308,3.3016117629893884,0.0
130.50920700000262,2.7985616281300647,0.0,130.43436800000308,3.358576992728395,0.0
130.75400200000263,2.969053413905981,0.0,130.67903200000308,3.3534429001404935,0.0
131.0013400000026,3.0828161813103487,0.0,130.93063800000314,3.301836670493022,0.0
131.25197700000254,3.138277374245982,0.0,131.1749610000031,3.2322281265178265,0.0
131.51519700000264,3.1357449390131973,0.0,131.42557800000313,3.2082988549550997,0.0
131.7451470000026,3.081062348567399,0.0,131.6728090000032,3.287303255452933,0.0
131.9967170000026,2.9886518041074095,0.0,131.92096900000323,3.443653785804309,0.0
132.2402730000027,2.8796363988545015,0.0,132.17825700000324,3.622759993468945,0.0
132.48788000000278,2.7732420855955575,0.0,132.41634200000328,3.79536323535359,0.0
132.73788900000275,2.6802266150087624,0.04999999999999998,132.66534200000322,3.9579743177300455,0.0
132.98382200000265,2.6003974816670574,0.11230769230769226,132.9103150000033,4.117394542839995,0.0
133.22977300000272,2.5229902908822734,0.18470085470085473,133.15724200000324,4.276255234553717,0.0
133.4849780000027,2.4194282651389627,0.3282905982905983,133.4046090000033,4.418124070602659,0.0
133.7248320000028,2.273063105515968,0.5209401709401709,133.65852200000344,4.505970211555077,0.0
133.9809790000028,2.101577767006581,0.8152991452991454,133.90397100000348,4.488819369134521,0.0
134.22163800000283,1.938524928852809,0.9992307692307691,134.14680000000348,4.360788109689105,0.0
134.47112500000273,1.8096309479086718,0.9992307692307691,134.3926530000035,4.215592098439552,0.0
134.7237150000027,1.7303588766132827,0.9992307692307691,134.64002200000346,4.115015099118742,0.0
134.96027900000266,1.7069257205234694,0.9992307692307691,134.88935400000338,4.035005703751763,0.0
135.2064970000027,1.7342826561732276,0.9992307692307691,135.13532800000345,3.9471306100817367,0.0
135.46901100000264,1.7935447846454002,0.9992307692307691,135.38926900000342,3.8448275795613607,0.0
135.70681800000276,1.8544762504554715,0.9992307692307691,135.62922900000348,3.7338059136796984,0.0
135.98189700000282,1.8885835822155286,0.9992307692307691,135.88566000000347,3.6276975041282844,0.0
136.19756000000285,1.8816476903616552,0.9992307692307691,136.12856700000336,3.545967630320499,0.0
136.44901700000287,1.8370190037906002,0.9992307692307691,136.37141000000324,3.508402654434038,0.0
136.70073200000286,1.7709328843627152,0.9992307692307691,136.63999200000322,3.5298299590896067,0.0
136.9382230000029,1.7040097754625652,0.9992307692307691,136.86641900000322,3.6179785989527766,0.0
137.18526900000285,1.6507944926412332,0.9992307692307691,137.1127780000032,3.77228885790959,0.0
137.43732100000287,1.6113892199751607,0.9992307692307691,137.3647850000032,3.977490396766481,0.0
137.6792820000029,1.5732821434015574,0.9992307692307691,137.60670500000327,4.194787019478565,0.0
137.92558900000293,1.5238727116238473,0.9992307692307691,137.8566630000033,4.36534514975061,0.0
138.17147100000295,1.4645642046277985,0.9992307692307691,138.11202400000332,4.4357536344074004,0.0
138.42300100000298,1.4112668942725168,0.9992307692307691,138.34964500000325,4.392323749645383,0.0
138.68049800000298,1.384173633456159,0.9992307692307691,138.60196200000317,4.271945258093682,0.0
138.91290000000296,1.3963280737211923,0.9992307692307691,138.84442200000322,4.129256909311736,0.0
139.17449200000297,1.4488125615310523,0.9992307692307691,139.08624300000324,4.0156555170622275,0.0
139.4198280000029,1.5284724484463594,0.9992307692307691,139.36060400000326,3.9788827567727907,0.0
139.67291900000285,1.6213362800050979,0.9992307692307691,139.57850000000337,4.042577515397546,0.0
139.9109280000028,1.755482241051667,0.9992307692307691,139.83746900000335,4.174789241438732,0.0
140.16164500000284,1.9628079346711194,0.9861538461538462,140.0748850000034,4.301862921101297,0.0
140.4016160000029,2.213087892466743,0.6106837606837607,140.32645400000345,4.358499546711811,0.0
140.66140100000283,2.4687064717312976,0.25290598290598293,140.5729540000035,4.3175300003971255,0.0
140.89878800000292,2.7114961150380243,0.028461538461538424,140.81485300000358,4.186211703422451,0.0
141.14696900000297,2.9281021061873904,0.0,141.06228300000356,3.984313807227256,0.0
141.38929500000293,3.0979394430024887,0.0,141.3297910000036,3.7282747525366124,0.0
141.64169400000293,3.192472005500875,0.0,141.5568940000036,3.431359365048285,0.0
141.89325200000297,3.183407720028431,0.0,141.80672800000363,3.1130099321489713,0.0
142.13202700000303,3.0609749208390076,0.0,142.05265300000372,2.79870846173211,0.0
142.41906500000294,2.8483482437122247,0.0,142.29875200000382,2.5120653818208383,0.19786324786324788
142.63279300000292,2.610019152585911,0.1053846153846154,142.54724600000384,2.2643204575113547,0.5388888888888889
142.89073700000287,2.4548914948100156,0.2768376068376068,142.8017430000038,2.05792522966932,0.8823076923076922
143.12534200000297,2.466295745386955,0.25769230769230766,143.04976700000375,1.8947968019508628,0.9992307692307691
143.3747050000031,2.627271058738256,0.08923076923076918,143.2941600000038,1.7752074774664024,0.9992307692307691
143.62222900000316,2.860441318212693,0.0,143.53838500000387,1.6935921003293282,0.9992307692307691
143.87269300000307,3.100800583987676,0.0,143.7872660000039,1.6597389578182555,0.9992307692307691
144.11123400000295,3.3157283299770173,0.0,144.03675300000393,1.7658581230530612,0.9992307692307691
144.360721000003,3.4952221859283155,0.0,144.30371700000399,2.0821403307105393,0.8561538461538462
144.61428600000292,3.6299062538373454,0.0,144.52718900000394,2.5706069140683443,0.13923076923076924
144.851904000003,3.6962923558101326,0.0,144.77673200000405,3.159327899252424,0.0
145.102707000003,3.65521822320078,0.0,145.02733500000403,3.7881122425989346,0.0
145.35320400000305,3.4672022037959627,0.0,145.25842800000407,4.4072489949597955,0.0
145.60354000000316,3.140036000838438,0.0,145.508378000004,4.972781475915135,0.0
145.8426400000032,2.761329063735057,0.0,145.75173800000397,5.442210866680705,0.0
146.09954500000325,2.4292252716233516,0.3139316239316239,146.012338000004,5.7695982927478,0.0
146.34066600000327,2.179772382169676,0.6717094017094017,146.2547320000039,5.908258017849165,0.0
146.5837170000032,2.013656612458292,0.9353846153846154,146.49968000000388,5.813559771426868,0.0
146.8629330000031,1.9240912970012298,0.9992307692307691,146.73890500000388,5.475974955918579,0.0
147.0867850000031,1.897173351215947,0.9992307692307691,146.99241700000385,4.998873047311743,0.0
147.33170800000315,1.9077448877154481,0.9992307692307691,147.23990100000398,4.571860603859902,0.0
147.5766840000031,1.9254068357935323,0.9992307692307691,147.50181100000407,4.289159289424672,0.0
147.8253730000031,1.9288593539166417,0.9992307692307691,147.72983600000413,4.126169294319386,0.0
148.07490400000313,1.9154735579475286,0.9992307692307691,147.98404000000414,4.051662902820399,0.0
148.31969400000304,1.8999266510817,0.9992307692307691,148.22891500000415,4.0552855106692105,0.0
148.56678000000292,1.9024327730146062,0.9992307692307691,148.48241400000416,4.133414855884062,0.0
148.81411700000308,1.9311476747570953,0.9992307692307691,148.73032300000412,4.272111054209715,0.0
149.06067500000313,1.973619264093915,0.9738461538461537,148.9697790000041,4.436816684340984,0.0
149.31705900000324,2.0061105156377326,0.9423076923076923,149.21467600000418,4.5793697962977085,0.0
149.55734000000328,2.009997283407823,0.9384615384615383,149.47485000000418,4.649955389485036,0.0
149.80229500000337,1.9808982191976092,0.9646153846153845,149.7070390000041,4.625801389404261,0.0
150.07084700000348,1.931053320772925,0.9992307692307691,149.95696400000415,4.57911841158038,0.0
150.30492200000347,1.879906606317514,0.9992307692307691,150.20528400000413,4.678768686471837,0.0
150.54271200000355,1.8499158224302152,0.9992307692307691,150.45528800000415,5.0916597956753975,0.0
150.79303200000356,1.8617720261519426,0.9992307692307691,150.7012210000041,5.883955851311724,0.0
151.04141200000356,1.9274582494544346,0.9992307692307691,150.94836900000408,6.99107938235014,0.0
151.29303200000368,2.046079698852611,0.8984615384615383,151.19993700000404,8.228429535245947,0.0
151.54259800000372,2.2050644042105914,0.6286324786324787,151.44067500000412,9.304523799486084,0.0
151.78851700000368,2.3883728533662705,0.3677777777777778,151.69129000000416,9.913130974138676,0.0
152.03513200000367,2.575784189896312,0.1338461538461538,151.9612860000042,9.875607596388045,0.0
152.28710900000374,2.745042849289252,0.006153846153846148,152.1872320000043,9.254236351042577,0.0
152.52836600000376,2.87198035907141,0.0,152.4372000000042,8.301110373336854,0.0
152.7729210000037,2.9411827480826997,0.0,152.68651300000414,7.278664410145684,0.0
153.02599800000377,2.9511318940881877,0.0,152.92634000000422,6.354806967970211,0.0
153.27902900000376,2.9191859221567906,0.0,153.1742320000043,5.605373516191409,0.0
153.51241100000365,2.8717294705704512,0.0,153.4201700000042,5.040296562097683,0.0
153.76705900000366,2.832645441571071,0.0,153.6786040000042,4.633954578351807,0.0
154.00842800000362,2.814948320805921,0.0,153.91758000000425,4.3467923658634975,0.0
154.25753500000366,2.816506003104728,0.0,154.16621600000434,4.132278391828139,0.0
154.5223430000038,2.81921148744441,0.0,154.41281000000433,3.9561250790501687,0.0
154.75155400000375,2.7999170484626705,0.0,154.65760700000433,3.8039965777455738,0.0
155.00062000000372,2.7421307733028897,0.007692307692307664,154.90912800000427,3.6829282141118087,0.0
155.2488410000038,2.645823304437727,0.07769230769230769,155.16204400000433,3.6117136104899186,0.0
155.4914130000037,2.522603106447905,0.18470085470085473,155.4006020000044,3.600199245144349,0.0
155.74111300000368,2.383818253475061,0.37256410256410255,155.6509370000044,3.63051129852677,0.0
155.98647400000357,2.2389934387090134,0.5676068376068376,155.89089000000436,3.6628492234627834,0.0
156.23599300000353,2.095590819725083,0.8284615384615386,156.1663940000043,3.660261921396461,0.0
156.49240900000362,1.9574741121063837,0.9907692307692306,156.38872700000422,3.6049572281739195,0.0
156.7273600000036,1.8287827269013026,0.9992307692307691,156.64109400000413,3.5000191204692657,0.0
156.9738310000036,1.716773122702454,0.9992307692307691,156.8834950000041,3.3783571821081058,0.0
157.22834100000367,1.6278826417110972,0.9992307692307691,157.13175400000418,3.2866061876410377,0.0
157.46878300000373,1.5542648280342684,0.9992307692307691,157.37871500000426,3.255823657969228,0.0
157.72618600000382,1.4781636191914571,0.9992307692307691,157.63575600000425,3.2871012339631447,0.0
157.96529300000375,1.400791737014315,0.9992307692307691,157.87412100000418,3.3567993306553277,0.0
158.23253000000363,1.3255704970567683,0.9992307692307691,158.11807400000419,3.428577711733014,0.0
158.46110500000358,1.2534481436453997,0.9992307692307691,158.3740410000042,3.4648247678188753,0.0
158.7141100000035,1.1859068963080328,0.9992307692307691,158.6174360000042,3.4402026341652503,0.0
158.97811800000358,1.125168636666943,0.9992307692307691,158.86488100000412,3.356352582922961,0.0
159.20804400000347,1.074217179219732,0.9992307692307691,159.10742700000404,3.241784929421571,0.0
159.4554750000036,1.036982349595614,0.9992307692307691,159.355962000004,3.1341072967231147,0.0
159.69856000000368,1.0195664576359744,0.9992307692307691,159.62592600000414,3.0528700963594924,0.0
159.9459040000038,1.0327084352368119,0.9992307692307691,159.8583350000042,2.9927870160398844,0.0
160.19800200000367,1.0951432240776258,0.9992307692307691,160.0950350000042,2.9582698252344573,0.0
160.44145300000366,1.2372422803187118,0.9992307692307691,160.3434330000042,2.9470343006193853,0.0
160.68413000000348,1.4581758560415372,0.9992307692307691,160.59533800000435,2.934730227295984,0.0
160.93709400000353,1.66284341716714,0.9992307692307691,160.8483490000043,2.9198507736117603,0.0
161.18409700000356,1.818375554141542,0.9992307692307691,161.08623100000435,2.912604819736847,0.0
161.42772100000346,1.9377492794691402,0.9992307692307691,161.33686000000435,2.9182744548290107,0.0
161.6821910000035,2.0294639313694907,0.923076923076923,161.58921500000434,2.934030606911865,0.0
161.92718900000347,2.0975805436220663,0.8224786324786326,161.83279700000423,2.9504040233671733,0.0
162.18963900000355,2.178720441885885,0.6729059829059829,162.08025800000425,2.953058075483763,0.0
162.43213300000366,2.3171998830778096,0.46111111111111114,162.33511700000446,2.9246062404356965,0.0
162.66234200000375,2.479424858823885,0.24333333333333335,162.57545800000446,2.8483263166721775,0.0
162.9189280000037,2.6231095444904593,0.09461538461538462,162.83040500000453,2.7213246250651117,0.02076923076923076
163.17085300000372,2.7378543115118683,0.012307692307692296,163.0748110000044,2.568665377964371,0.14153846153846147
163.40824100000384,2.823403320941625,0.0,163.3218870000043,2.4302476333081797,0.31273504273504266
163.65561700000387,2.8828439631939986,0.0,163.56620100000427,2.329962287095288,0.44316239316239314
163.8981610000038,2.9200427785328733,0.0,163.82186000000428,2.2748025808051295,0.5197435897435898
164.14646500000381,2.94028345574855,0.0,164.06024200000428,2.2708402017707763,0.5269230769230768
164.39181200000374,2.949407514135224,0.0,164.31611100000435,2.3218864741194363,0.4539316239316239
164.64289700000373,2.954737786747014,0.0,164.5563620000043,2.427102734416781,0.3175213675213675
164.89031400000366,2.9651559640206395,0.0,164.8011660000043,2.5749005323870096,0.1338461538461538
165.13688900000366,2.9836777373791716,0.0,165.04851400000436,2.743541749802211,0.006153846153846148
165.3821940000036,3.0083319556058497,0.0,165.29758600000437,2.9092171763877666,0.0
165.63019600000356,3.0362553952623585,0.0,165.54600500000433,3.0503585706027816,0.0
165.8810510000035,3.061023982275392,0.0,165.7929350000043,3.1467691380751504,0.0
166.1315880000034,3.066488942633611,0.0,166.04102900000441,3.1775025310669833,0.0
166.37754800000334,3.047493028911228,0.0,166.28744900000436,3.1334094607740153,0.0
166.62895900000336,3.0213343758592464,0.0,166.53087900000438,3.024311476021646,0.0
166.8763030000035,3.011777972473349,0.0,166.7837920000043,2.873090991796194,0.0
167.12435400000354,3.036512209265212,0.0,167.02823600000434,2.7035438677998087,0.03307692307692305
167.36243900000363,3.102609488099331,0.0,167.29738900000416,2.5340791547308714,0.17871794871794874
167.60862700000365,3.205686227295601,0.0,167.53129700000412,2.37949812168941,0.3773504273504274
167.8663140000037,3.3299384357134576,0.0,167.76842900000406,2.256502307135027,0.5472649572649572
168.10709300000363,3.4179304994802715,0.0,168.02173000000406,2.190707166268684,0.6513675213675213
168.36120400000362,3.3212094794638647,0.0,168.27772900000403,2.2095357017056245,0.6202564102564102
168.60053400000365,3.003935590125463,0.0,168.52169300000406,2.3147703042462813,0.46470085470085476
168.85049600000366,2.6306306130526167,0.08538461538461535,168.76163100000406,2.4641693024659146,0.26128205128205123
169.09509400000366,2.333610666389517,0.43957264957264963,169.02073000000402,2.5988083720431914,0.11384615384615386
169.35398800000374,2.17958552920639,0.6717094017094017,169.26618700000404,2.680553875639106,0.04999999999999998
169.59110000000382,2.1660602409538843,0.704017094017094,169.50546300000394,2.696933932338642,0.0392307692307692
169.85386000000375,2.2491309993353625,0.5544444444444444,169.75605900000394,2.6519126660355834,0.07307692307692305
170.0922860000039,2.3813613839126564,0.37376068376068383,169.99890300000402,2.557550773759033,0.15478632478632479
170.33635000000385,2.5267843351382746,0.18350427350427348,170.247877000004,2.431671472384603,0.31153846153846154
170.5792820000039,2.661131204811954,0.0661538461538461,170.50663400000397,2.2973047443783465,0.4886324786324786
170.82925000000384,2.768986406671878,0.0,170.73904700000398,2.1812859274342755,0.6681196581196582
171.07761600000373,2.8374646976815203,0.0,170.99032200000397,2.1115597811000097,0.7997435897435897
171.32405700000368,2.848775914143981,0.0,171.23616200000407,2.1053136742591185,0.8117094017094016
171.56834800000365,2.77451796846369,0.0,171.49098900000408,2.156394962638334,0.7195726495726497
171.81283400000362,2.583080023086878,0.12538461538461534,171.73147100000415,2.2396929555297,0.5652136752136753
172.0662030000035,2.287032753968695,0.502991452991453,171.97709000000413,2.32324617212697,0.45153846153846156
172.3242730000035,1.9723427284803325,0.9753846153846153,172.22699400000414,2.3802097394349966,0.3773504273504274
172.56266200000343,1.7181339866476801,0.9992307692307691,172.47398500000412,2.396716378590396,0.36299145299145297
172.80096000000333,1.557690208158804,0.9992307692307691,172.72532700000409,2.370946874079737,0.3952991452991453
173.07347400000327,1.5138361659909023,0.9992307692307691,172.97122800000415,2.3262431651569173,0.4455555555555556
173.29895100000329,1.5978440106168,0.9992307692307691,173.22086400000424,2.322030930441848,0.4539316239316239
173.55008100000327,1.7910696898983631,0.9992307692307691,173.4630900000042,2.439707085818013,0.30316239316239313
173.79696500000333,2.05193415272989,0.8892307692307692,173.72224700000416,2.74194832331406,0.007692307692307664
174.03883700000324,2.3369159721935273,0.43837606837606835,173.96370700000438,3.1210965044967818,0.0
174.29092900000316,2.614395968631176,0.09999999999999996,174.2081480000044,3.291746484437186,0.0
174.53782200000316,2.8627795295448033,0.0,174.4610330000044,3.2353640074238497,0.0
174.7908860000032,3.0605461606371644,0.0,174.7063850000045,3.0619501153891955,0.0
175.0373010000032,3.184008622886385,0.0,174.96870800000454,2.8456260417948513,0.0
175.2833050000032,3.220250277642452,0.0,175.19708500000448,2.628678166478774,0.08923076923076918
175.52806900000328,3.182203225193386,0.0,175.45059600000448,2.4398422790898793,0.30316239316239313
175.7721230000033,3.1061204638376325,0.0,175.69437600000455,2.3030252114487286,0.479059829059829
176.01779800000324,3.014070784603349,0.0,175.9463030000044,2.2375390489421463,0.5700000000000001
176.26672200000317,2.8983807380368667,0.0,176.1906940000044,2.2513055651606813,0.5496581196581197
176.51608700000318,2.749029101925742,0.004615384615384631,176.4330950000044,2.3317680066443893,0.4407692307692307
176.76716900000318,2.5719685558570795,0.13769230769230764,176.68872600000444,2.4452201518630488,0.29358974358974355
177.01148600000315,2.3845017832148634,0.37256410256410255,176.9272660000045,2.5486659733461905,0.1667521367521367
177.25813600000328,2.2048027546365514,0.6286324786324787,177.1896830000045,2.5996077287972708,0.11384615384615386
177.51789400000328,2.0480144357485397,0.8976923076923077,177.42705300000455,2.579083578015247,0.12769230769230766
177.75403800000328,1.927999735146304,0.9992307692307691,177.6645380000046,2.48998632774274,0.22658119658119658
177.99852900000315,1.8551848809135227,0.9992307692307691,177.91571600000466,2.35316596081604,0.41324786324786333
178.24641700000313,1.8318398572940935,0.9992307692307691,178.16895500000467,2.1996876968936974,0.6358119658119659
178.4984550000031,1.8534651345290039,0.9992307692307691,178.41102200000466,2.058374112605446,0.8807692307692307
178.75017500000305,1.9072964146270084,0.9992307692307691,178.66153700000467,1.9474177935859502,0.9992307692307691
178.9875860000029,1.9719177425453478,0.9753846153846153,178.90599000000466,1.8742885485613283,0.9992307692307691
179.23753200000283,2.025471770225287,0.9253846153846154,179.15396300000472,1.8392467006045146,0.9992307692307691
179.48404600000276,2.050484309282525,0.8923076923076922,179.40073400000477,1.8605953832670172,0.9992307692307691
179.7354530000028,2.0366128855010532,0.9107692307692308,179.64768700000474,2.0093029491253622,0.9392307692307692
179.97795000000283,1.981999777787832,0.9646153846153845,179.89070600000494,2.364551267472767,0.4012820512820512
180.23284200000302,1.8983561913843072,0.9992307692307691,180.14111000000497,2.950976667527771,0.0
180.46072600000292,1.805676061648198,0.9992307692307691,180.38507000000504,3.7283385046386037,0.0
180.71985000000302,1.7221953627691302,0.9992307692307691,180.65164900000494,4.602725017282094,0.0
180.97274300000296,1.6607004304901958,0.9992307692307691,180.88341200000485,5.448142830677679,0.0
181.22531700000297,1.631851891626787,0.9992307692307691,181.13239900000474,6.124240752140261,0.0
181.457800000003,1.6510014292332553,0.9992307692307691,181.39170600000477,6.51129253644021,0.0
181.70121300000295,1.7152671486152673,0.9992307692307691,181.63071200000473,6.558896127840243,0.0
181.9494280000029,1.806623064178347,0.9992307692307691,181.87567400000475,6.317040143277244,0.0
182.21003400000274,1.9058700231938146,0.9992307692307691,182.12257300000482,5.910450041172982,0.0
182.44602000000273,1.9934693984198741,0.9584615384615384,182.367062000005,5.473415276730341,0.0
182.69735700000277,2.0526944061356116,0.8876923076923077,182.63659300000504,5.084746725075578,0.0
182.9444270000028,2.076911460628349,0.863076923076923,182.86299300000516,4.756167494700619,0.0
183.18924400000284,2.0709811085604244,0.8715384615384615,183.11653800000522,4.476712524080963,0.0
183.44413100000284,2.042602831591265,0.8999999999999999,183.36050600000524,4.2572657085116905,0.0
183.6854570000028,1.998025100375251,0.9530769230769229,183.60351500000516,4.114214049010577,0.0
183.93760700000277,1.9385624440965814,0.9992307692307691,183.85412700000532,4.037557051021135,0.0
184.1825570000029,1.8580359537287463,0.9992307692307691,184.1046270000053,3.986702920843748,0.0
184.42446800000286,1.7497766412874576,0.9992307692307691,184.3535390000054,3.9121120442510846,0.0
184.67762300000294,1.6333660115816457,0.9992307692307691,184.5990270000053,3.7865650985790458,0.0
184.9171870000029,1.5288103863853597,0.9992307692307691,184.84347700000538,3.6168958007036247,0.0
185.18716400000292,1.4422855427221168,0.9992307692307691,185.09346000000545,3.428351907830823,0.0
185.42057200000284,1.3802520964950493,0.9992307692307691,185.34388700000542,3.2522053341031296,0.0
185.66307300000292,1.3463194890380716,0.9992307692307691,185.57773200000548,3.1132622856244363,0.0
185.91111000000305,1.3369548372624678,0.9992307692307691,185.84699100000546,3.0201867076088016,0.0
186.1534560000031,1.3425043990808991,0.9992307692307691,186.07804300000547,2.965583706034615,0.0
186.39987500000316,1.3509389239471012,0.9992307692307691,186.3260520000054,2.9335680523042478,0.0
186.65410800000316,1.352787981879173,0.9992307692307691,186.5753830000054,2.9067496024346164,0.0
186.89798900000315,1.3477987258150232,0.9992307692307691,186.81679100000545,2.8743059901908095,0.0
187.15864100000314,1.3463128882810678,0.9992307692307691,187.0672930000054,2.836927369815508,0.0
187.39603600000316,1.3670036122804472,0.9992307692307691,187.31727800000553,2.803473126370033,0.0
187.64149600000312,1.42995305184668,0.9992307692307691,187.56218700000562,2.7803918074851084,0.0
187.88564500000314,1.543032508321113,0.9992307692307691,187.81353400000563,2.761806906481042,0.0
188.13705800000318,1.6948871150783023,0.9992307692307691,188.05701300000572,2.734899950807155,0.013846153846153812
188.38740500000327,1.8555367348788678,0.9992307692307691,188.30463800000572,2.6865719120591867,0.048461538461538466
188.62840700000328,1.9835905388795165,0.9638461538461538,188.55344500000575,2.610412175739316,0.1046153846153846
188.87302800000327,2.040594838107084,0.903076923076923,188.80950900000582,2.5045665050455455,0.20743589743589746
189.12577900000326,2.011717334851552,0.9376923076923076,189.05287100000575,2.374281558189527,0.3881196581196581
189.3724280000033,1.911764638715989,0.9992307692307691,189.30936500000578,2.2335259539894277,0.5783760683760684
189.62400600000333,1.7751741235347218,0.9992307692307691,189.5424290000058,2.0977821296772268,0.8224786324786326
189.8684790000033,1.6417443728993977,0.9992307692307691,189.7946810000057,1.9794972655150396,0.966153846153846
190.11735900000326,1.544207392955466,0.9992307692307691,190.0447700000057,1.8881389110419198,0.9992307692307691
190.38292800000323,1.5023978903054782,0.9992307692307691,190.30064600000583,1.831567057929039,0.9992307692307691
190.61036200000328,1.5200326609089254,0.9992307692307691,190.52657000000576,1.8181542060679505,0.9992307692307691
190.85770900000333,1.5817212125207356,0.9992307692307691,190.78058900000588,1.8506387262761064,0.9992307692307691
191.10668900000329,1.6611349259839419,0.9992307692307691,191.03872900000596,1.9156054783454604,0.9992307692307691
191.34905000000327,1.736063965288211,0.9992307692307691,191.2727050000058,1.9855702956103005,0.9623076923076922
191.60098900000312,1.7942474668359838,0.9992307692307691,191.51929300000577,2.0412537394733232,0.9023076923076923
191.84599500000314,1.8307545613036171,0.9992307692307691,191.76582800000585,2.079638859981258,0.8607692307692306
192.0948920000032,1.8454111314473736,0.9992307692307691,192.0231920000058,2.107611216796681,0.8057264957264957
192.33641500000323,1.8418539593514625,0.9992307692307691,192.26917500000576,2.1375752615910364,0.7530769230769233
192.5908300000032,1.8245628463973287,0.9992307692307691,192.51050000000572,2.182240507453695,0.666923076923077
192.8502790000032,1.799290373879667,0.9992307692307691,192.7374980000058,2.250744518874263,0.5508547008547009
193.07765000000322,1.7723179542612284,0.9992307692307691,192.9963810000058,2.3455877609725913,0.4264102564102564
193.3317030000032,1.7484287794585276,0.9992307692307691,193.23873500000582,2.4566910693366037,0.27564102564102566
193.5749940000031,1.7294235533367355,0.9992307692307691,193.5036590000057,2.5559477609714696,0.15478632478632479
193.82813400000305,1.7144954535614019,0.9992307692307691,193.7316960000057,2.603871244529809,0.10923076923076923
194.07189500000305,1.701617865325918,0.9992307692307691,193.97606400000575,2.571017129281305,0.13923076923076924
194.32045400000308,1.68655437877685,0.9992307692307691,194.2210900000058,2.455721333239103,0.2768376068376068
194.56659700000307,1.6616266848364054,0.9992307692307691,194.4707270000058,2.2790400923451086,0.5137606837606838
194.8178260000031,1.6196852125677228,0.9992307692307691,194.71963700000583,2.069943900066539,0.8723076923076922
195.06846000000309,1.5613911356552106,0.9992307692307691,194.97473500000592,1.8555613961766728,0.9992307692307691
195.30895700000306,1.497289107872687,0.9992307692307691,195.22201000000595,1.6561788357881746,0.9992307692307691
195.55895600000323,1.4407231880746731,0.9992307692307691,195.46934600000594,1.4844652963905407,0.9992307692307691
195.81551600000324,1.3988658342695475,0.9992307692307691,195.70585900000583,1.346779610520464,0.9992307692307691
196.06414700000332,1.3707206656343303,0.9992307692307691,195.95344700000575,1.246700597516438,0.9992307692307691
196.29620600000328,1.352079248998885,0.9992307692307691,196.21578100000573,1.1850707882205986,0.9992307692307691
196.54322200000325,1.3402583267418389,0.9992307692307691,196.44692900000564,1.1575454535058203,0.9992307692307691
196.79088400000327,1.3340939102398068,0.9992307692307691,196.71487600000563,1.1538059807757917,0.9992307692307691
197.03440600000337,1.3360141078940915,0.9992307692307691,196.94633400000572,1.1624027030187476,0.9992307692307691
197.28368300000324,1.352232040964661,0.9992307692307691,197.18840000000566,1.1756358346028302,0.9992307692307691
197.53158600000324,1.3862233708217682,0.9992307692307691,197.4433430000057,1.191594109503694,0.9992307692307691
197.77668000000318,1.4328989862810795,0.9992307692307691,197.68730200000567,1.2131773226393987,0.9992307692307691
198.02333600000327,1.4801610796167943,0.9992307692307691,197.95230600000562,1.2457018986849595,0.9992307692307691
198.2752060000031,1.5180207139247186,0.9992307692307691,198.1847070000057,1.2943362962687945,0.9992307692307691
198.52273500000314,1.5426439522776845,0.9992307692307691,198.4269040000058,1.3602714107573934,0.9992307692307691
198.76319000000316,1.5554292645309014,0.9992307692307691,198.67536400000583,1.4389102225016417,0.9992307692307691
199.0155560000031,1.564579250117033,0.9992307692307691,198.92018000000581,1.5260184828488996,0.9992307692307691
199.27006100000312,1.5783425760724938,0.9992307692307691,199.17033700000584,1.6246833687464288,0.9992307692307691
199.50739400000305,1.5940451609922632,0.9992307692307691,199.43412600000585,1.7430047650557063,0.9992307692307691
199.758715000003,1.5990899246219636,0.9992307692307691,199.6726810000059,1.887640014351421,0.9992307692307691
200.00123100000303,1.5812270615773962,0.9992307692307691,199.91741300000595,2.065442633199483,0.8746153846153846
200.25306000000305,1.5377847773037068,0.9992307692307691,200.15856500000595,2.2959555697475054,0.4886324786324786
200.52298600000304,1.4777192613432235,0.9992307692307691,200.40161900000606,2.59653608300616,0.11461538461538458
200.7508620000031,1.4214049345917004,0.9992307692307691,200.6504540000061,2.9578251269033586,0.0
200.99196300000304,1.3968938642324003,0.9992307692307691,200.8982670000061,3.3369770251924433,0.0
201.24145700000315,1.431758582010923,0.9992307692307691,201.15569200000618,3.68095921733367,0.0
201.48639800000308,1.5329919831829715,0.9992307692307691,201.40720400000637,3.951018743841405,0.0
201.734289000003,1.667611127273338,0.9992307692307691,201.64047900000645,4.130048213240127,0.0
201.98230200000296,1.7809531647453865,0.9992307692307691,201.89112000000648,4.2117223717996675,0.0
202.22659000000303,1.8342930080302184,0.9992307692307691,202.1329740000065,4.1898634217823005,0.0
202.46904800000306,1.8207427262585125,0.9992307692307691,202.3784470000065,4.058223723411838,0.0
202.72890400000318,1.763697793450151,0.9992307692307691,202.62792300000643,3.8247800296780268,0.0
202.97379300000316,1.700825282885046,0.9992307692307691,202.87953400000646,3.5201489925422176,0.0
203.22779800000308,1.664180478240815,0.9992307692307691,203.1217700000064,3.1915076258354578,0.0
203.465165000003,1.6640927398971281,0.9992307692307691,203.37826300000634,2.8813952507021647,0.0
203.71177200000292,1.6892620051949407,0.9992307692307691,203.61674000000642,2.615217338207603,0.09999999999999996
203.9673570000029,1.7190008389698244,0.9992307692307691,203.86023800000635,2.4036713698051,0.3534188034188034
204.211139000003,1.733285524651104,0.9992307692307691,204.1116030000064,2.245095926370574,0.5592307692307693
204.45725900000292,1.7197384672144953,0.9992307692307691,204.36153000000644,2.129114410127736,0.7722222222222224
204.70365700000295,1.6742597089681224,0.9992307692307691,204.61065500000637,2.0403681052773117,0.903076923076923
204.94762100000287,1.6036048911237182,0.9992307692307691,204.8511270000063,1.9626104549493038,0.9861538461538462
205.20276700000286,1.5223651398134246,0.9992307692307691,205.11578800000615,1.8816836213491501,0.9992307692307691
205.4467280000028,1.447419176660082,0.9992307692307691,205.3477260000061,1.791811830969723,0.9992307692307691
205.6917040000027,1.393814737285017,0.9992307692307691,205.61364400000613,1.700281496188794,0.9992307692307691
205.95318900000262,1.3736048704313115,0.9992307692307691,205.84101000000607,1.6200927301166899,0.9992307692307691
206.19473000000275,1.3946961981021775,0.9992307692307691,206.0906830000061,1.5614405559581512,0.9992307692307691
206.4360690000029,1.4576714641532424,0.9992307692307691,206.34376600000613,1.5303573287140015,0.9992307692307691
206.687465000003,1.5513155359003432,0.9992307692307691,206.582163000006,1.5286595614888348,0.9992307692307691
206.93596900000298,1.6553798219726346,0.9992307692307691,206.84019400000608,1.5568010293436498,0.9992307692307691
207.17636300000294,1.7477133601982249,0.9992307692307691,207.08417100000605,1.6140605273791357,0.9992307692307691
207.42991500000295,1.8175068334066418,0.9992307692307691,207.338523000006,1.6962467722030319,0.9992307692307691
207.6718090000031,1.8670523670767543,0.9992307692307691,207.58454400000593,1.7944654076768753,0.9992307692307691
207.926919000003,1.902888517242874,0.9992307692307691,207.82505500000585,1.8940423002682825,0.9992307692307691
208.184505000003,1.930903690898969,0.9992307692307691,208.0667850000058,1.9788067588904226,0.9669230769230769
208.43256600000296,1.9609196270786653,0.9869230769230768,208.31995600000582,2.0353951371660433,0.9146153846153846
208.66251600000297,1.9958643850504092,0.9538461538461538,208.57328100000584,2.060708886565079,0.8792307692307691
208.9076410000029,2.0141329168565374,0.9338461538461538,208.8204450000059,2.0634515218844642,0.8761538461538461
209.1610590000029,1.9930970296700274,0.9584615384615384,209.05954400000584,2.062799285650182,0.8776923076923075
209.40356400000283,1.9331676104126396,0.9992307692307691,209.30505600000592,2.0856666698009745,0.8515384615384615
209.65271100000277,1.8544982768309621,0.9992307692307691,209.54940500000598,2.153062149798842,0.7243589743589743
209.89850200000285,1.7785921094914807,0.9992307692307691,209.79937400000603,2.2696691567839897,0.5293162393162393
210.14786300000299,1.714735886588305,0.9992307692307691,210.0518110000061,2.4181550805530025,0.33188034188034193
210.39634300000293,1.6624546367785733,0.9992307692307691,210.29038400000613,2.5665037190537903,0.14307692307692307
210.64714800000297,1.6239735591929432,0.9992307692307691,210.5384720000061,2.679113556139835,0.0515384615384615
210.8906000000029,1.602684872685721,0.9992307692307691,210.79199300000602,2.7307180466722847,0.016923076923076926
211.140836000003,1.5929812596933008,0.9992307692307691,211.034289000006,2.714299613393483,0.026923076923076907
211.39429500000296,1.5893940153952302,0.9992307692307691,211.28376400000587,2.639994135472153,0.08076923076923072
211.63867200000306,1.6030891671152476,0.9992307692307691,211.53710400000585,2.5261382632719407,0.18350427350427348
211.8844800000031,1.6376158583559883,0.9992307692307691,211.78208000000586,2.3908031947172237,0.3653846153846153
212.131086000003,1.680987838631789,0.9992307692307691,212.03123500000592,2.250403621412007,0.5508547008547009
212.371083000003,1.7183579933241506,0.9992307692307691,212.28085900000596,2.11773394943746,0.7901709401709403
212.624866000003,1.7349212220568941,0.9992307692307691,212.52074200000598,2.000635770992738,0.9492307692307691
212.86529300000288,1.719561844844841,0.9992307692307691,212.76812400000594,1.9004530898997904,0.9992307692307691
213.11444400000295,1.675295846832637,0.9992307692307691,213.02310700000595,1.8137916296574235,0.9992307692307691
213.362805000003,1.6203111149073095,0.9992307692307691,213.285932000006,1.7387339023779014,0.9992307692307691
213.62571500000294,1.5713394332565478,0.9992307692307691,213.50856500000606,1.6735900870560747,0.9992307692307691
213.86824200000297,1.5328645885386056,0.9992307692307691,213.76225100000593,1.6104235562226596,0.9992307692307691
214.1068130000029,1.499679568298678,0.9992307692307691,214.00573400000596,1.5414909829605488,0.9992307692307691
214.35736800000294,1.464787340751319,0.9992307692307691,214.25775000000593,1.4690310844760133,0.9992307692307691
214.61118500000296,1.4241343725152558,0.9992307692307691,214.50011700000601,1.4062363134963594,0.9992307692307691
214.84668700000296,1.3775469444311212,0.9992307692307691,214.74713500000604,1.3695978246622968,0.9992307692307691
215.09713600000302,1.3344878686662331,0.9992307692307691,215.0094490000059,1.3716457958476838,0.9992307692307691
215.36466100000314,1.3159714863737941,0.9992307692307691,215.25982700000594,1.4145434963922003,0.9992307692307691
215.59046900000314,1.3440319037201798,0.9992307692307691,215.488680000006,1.4866175987624461,0.9992307692307691
215.85349300000325,1.4231013975080185,0.9992307692307691,215.73915500000606,1.5639539141662955,0.9992307692307691
216.08418500000315,1.534998798143136,0.9992307692307691,216.001779000006,1.6218220768781832,0.9992307692307691
216.34581100000312,1.6524668417773958,0.9992307692307691,216.23645700000603,1.6505215010343428,0.9992307692307691
216.57653000000312,1.7547497156057021,0.9992307692307691,216.4814660000059,1.6597915513790156,0.9992307692307691
216.83065400000314,1.8283195729314714,0.9992307692307691,216.7333780000058,1.671340726056643,0.9992307692307691
217.06766500000313,1.8653291681919915,0.9992307692307691,216.97733100000585,1.7011742048334801,0.9992307692307691
217.31312800000325,1.8609357837140885,0.9992307692307691,217.22121200000592,1.7467804654130803,0.9992307692307691
217.56699200000318,1.8133233190246014,0.9992307692307691,217.47566400000582,1.7869490642547559,0.9992307692307691
217.80733900000322,1.7272793067171102,0.9992307692307691,217.72357400000584,1.7978554351139093,0.9992307692307691
218.0733380000034,1.613500337906681,0.9992307692307691,217.95850400000583,1.7682767355626259,0.9992307692307691
218.30895500000335,1.4870561466180856,0.9992307692307691,218.2112050000058,1.7023856191951228,0.9992307692307691
218.54916800000342,1.3631256958814983,0.9992307692307691,218.4688080000059,1.6207045791619779,0.9992307692307691
218.8022290000034,1.2526761968416307,0.9992307692307691,218.70574800000605,1.5910552454364102,0.9992307692307691
219.05912100000342,1.1617567466722802,0.9992307692307691,218.94913000000602,1.6985155478004703,0.9992307692307691
219.29959700000353,1.0946057470477424,0.9992307692307691,219.2042460000061,1.9331038511520215,0.9992307692307691
219.54217000000358,1.0553883448732628,0.9992307692307691,219.44523200000603,2.2426509459572896,0.5628205128205128
219.79147200000355,1.0471418532212966,0.9992307692307691,219.70715400000603,2.5927593541100324,0.1169230769230769
220.03945800000346,1.0681127924481564,0.9992307692307691,219.94363500000608,2.9622781053311704,0.0
220.28913700000356,1.1079155973597785,0.9992307692307691,220.18445400000607,3.33468141877571,0.0
220.5341680000036,1.1525629078468635,0.9992307692307691,220.4343830000061,3.6944419353967346,0.0
220.7925010000036,1.193520495185409,0.9992307692307691,220.68551900000625,4.024616725345947,0.0
221.02488500000365,1.2301258278963223,0.9992307692307691,220.94684600000625,4.305555296491682,0.0
221.27434800000358,1.2649472913702644,0.9992307692307691,221.17944400000619,4.501007892779109,0.0
221.51927500000346,1.3010274560782467,0.9992307692307691,221.42093700000623,4.561455364913362,0.0
221.77166200000354,1.340178005273846,0.9992307692307691,221.67296400000623,4.469100771878544,0.0
222.01460400000352,1.3796327727484843,0.9992307692307691,221.9188920000062,4.263151356855335,0.0
222.27446800000357,1.4109570386393344,0.9992307692307691,222.1662510000062,3.996782505282813,0.0
222.5131960000036,1.423888964002675,0.9992307692307691,222.4145180000062,3.7022520598392967,0.0
222.75861600000366,1.4121166031168457,0.9992307692307691,222.6719960000062,3.402690111166918,0.0
223.01017900000366,1.37658327397876,0.9992307692307691,222.91227800000615,3.1239627321228527,0.0
223.2527370000037,1.3261335563017,0.9992307692307691,223.16380600000613,2.8834163570263183,0.0
223.52333700000372,1.2777716211831724,0.9992307692307691,223.40736700000608,2.6796720357998165,0.04999999999999998
223.7552590000037,1.2571788587504087,0.9992307692307691,223.65329200000605,2.4963259297506983,0.21461538461538465
223.99566600000378,1.2900457048395493,0.9992307692307691,223.89757400000602,2.3146995793714824,0.46470085470085476
224.24564900000382,1.3888871531799158,0.9992307692307691,224.15664500000602,2.129832839713858,0.7722222222222224
224.4946340000038,1.5475660133455589,0.9992307692307691,224.39475000000598,1.9513816190743116,0.9961538461538461
224.74249500000377,1.742433504640724,0.9992307692307691,224.6466220000059,1.7924449950857761,0.9992307692307691
224.99087100000378,1.937500034380765,0.9992307692307691,224.89143700000577,1.6642674462019935,0.9992307692307691
225.23242700000372,2.0932877699540615,0.8332478632478633,225.13255100000575,1.5762804822686811,0.9992307692307691
225.50082800000357,2.1812067365621566,0.6681196581196582,225.37853300000572,1.5322950364642831,0.9992307692307691
225.72827100000367,2.192717920331534,0.6489743589743591,225.6253980000059,1.5322795445085478,0.9992307692307691
225.9756990000037,2.1380718596456196,0.751880341880342,225.87742800000584,1.5761286333765716,0.9992307692307691
226.22738200000367,2.0361396810785455,0.9138461538461538,226.11889200000573,1.658825851626396,0.9992307692307691
226.4736740000037,1.9083444724347909,0.9992307692307691,226.37900000000576,1.7651926136663962,0.9992307692307691
226.72515400000384,1.771656763028026,0.9992307692307691,226.61885600000574,1.8724570380927106,0.9992307692307691
226.96506200000385,1.6341036538099871,0.9992307692307691,226.86639900000574,1.9594779972075758,0.9869230769230768
227.22050700000398,1.5016637422233103,0.9992307692307691,227.11322100000564,2.02139380429179,0.9299999999999999
227.46457100000404,1.3897465615178455,0.9992307692307691,227.3591400000055,2.0751701925760173,0.866153846153846
227.71658600000404,1.321942838371648,0.9992307692307691,227.61560700000553,2.1569011916513254,0.7183760683760684
227.96412300000395,1.3192249782670844,0.9992307692307691,227.8550410000055,2.312845439392852,0.4658974358974358
228.20698900000397,1.3928332751866346,0.9992307692307691,228.10797100000545,2.5722113164786196,0.13769230769230764
228.45401600000397,1.5405891021560008,0.9992307692307691,228.35495900000552,2.914665089448221,0.0
228.70502700000404,1.743880306973278,0.9992307692307691,228.61558400000555,3.2775882337371947,0.0
228.95635900000397,1.965665666620057,0.9853846153846153,228.84215400000556,3.5924342969835537,0.0
229.20226000000395,2.15167906686736,0.7255555555555556,229.08955700000558,3.8193485731574968,0.0
229.44531600000394,2.252509442232288,0.5496581196581197,229.33948400000565,3.9559696269750337,0.0
229.69974800000395,2.249813034431705,0.5532478632478631,229.58803000000563,4.018880136978058,0.0
229.93660800000401,2.1531926877184313,0.7243589743589743,229.82977100000556,4.0219023092831545,0.0
230.18600000000401,1.9860609365339963,0.9623076923076922,230.0755390000056,3.967394825344239,0.0
230.43799100000393,1.7777360772744808,0.9992307692307691,230.3245080000057,3.8505249287446155,0.0
230.68442500000398,1.5588539250751468,0.9992307692307691,230.58691900000574,3.6680197923251163,0.0
230.9278460000039,1.3577908447748013,0.9992307692307691,230.83159100000572,3.425223895517062,0.0
231.1929730000039,1.1978178715189256,0.9992307692307691,231.07683000000577,3.14028956880192,0.0
231.41836400000383,1.0938714102412215,0.9992307692307691,231.31303600000578,2.840891240322673,0.0
231.6716750000039,1.0517728797012789,0.9992307692307691,231.5619650000058,2.558695426885551,0.15478632478632479
231.91767500000384,1.067800025687723,0.9992307692307691,231.8164680000057,2.323426119862225,0.45153846153846156
232.16568400000372,1.1294915628927722,0.9992307692307691,232.06093200000572,2.1575089418830995,0.7183760683760684
232.4110620000036,1.217268220797431,0.9992307692307691,232.30882900000563,2.0692476468410197,0.8723076923076922
232.6580210000036,1.3110146878335203,0.9992307692307691,232.55223700000565,2.051708154051233,0.8907692307692306
232.90139600000361,1.391099738331146,0.9992307692307691,232.81091600000568,2.085329924429628,0.8515384615384615
233.1560160000036,1.4404716940420077,0.9992307692307691,233.05467300000558,2.140472454964984,0.7447008547008548
233.40095300000365,1.4522585265107724,0.9992307692307691,233.30371900000554,2.184021200724974,0.6657264957264958
233.6566200000036,1.4336004052626414,0.9992307692307691,233.5436460000055,2.1911849345135144,0.6513675213675213
233.89717900000363,1.40098492086012,0.9992307692307691,233.79558200000545,2.1590267068663525,0.7147863247863249
234.1444900000036,1.3737908897084894,0.9992307692307691,234.04001600000544,2.1066208075218067,0.8081196581196581
234.40505900000363,1.3676369814157776,0.9992307692307691,234.28629100000538,2.0596486135013548,0.8799999999999999
234.64077000000364,1.3873477561592826,0.9992307692307691,234.53040500000535,2.0347349544841706,0.9153846153846152
234.89068800000368,1.4241915780230987,0.9992307692307691,234.78269700000527,2.037958691207928,0.9061538461538461
235.1312780000037,1.463344879471172,0.9992307692307691,235.0276650000053,2.070034742699037,0.8723076923076922
235.3780610000037,1.4917947797296123,0.9992307692307691,235.27621900000528,2.126564838054267,0.7746153846153846
235.63545900000358,1.502661263832302,0.9992307692307691,235.52288100000533,2.1985906071047094,0.6382051282051281
235.87504000000374,1.4947829551923393,0.9992307692307691,235.76620400000525,2.2719059180181747,0.5221367521367521
236.1279730000037,1.469058665132946,0.9992307692307691,236.01358800000517,2.3357880090420258,0.43837606837606835
236.36852800000364,1.4292050560638223,0.9992307692307691,236.28194400000513,2.384792893722783,0.37256410256410255
236.6184350000036,1.3814885676303765,0.9992307692307691,236.5091110000052,2.417626937987144,0.3342735042735043
236.86678900000354,1.3350450732970565,0.9992307692307691,236.76146400000513,2.448386994913533,0.2899999999999999
237.11420400000355,1.3007877760108564,0.9992307692307691,237.00948300000516,2.509723844511048,0.20025641025641025
237.35916600000348,1.2890662941187536,0.9992307692307691,237.25651100000513,2.614267562357041,0.09999999999999996
237.61463400000343,1.3043506060506558,0.9992307692307691,237.49628500000512,2.730182025408481,0.016923076923076926
237.85560800000346,1.3406631241821825,0.9992307692307691,237.75179300000522,2.8127090573486875,0.0
238.1010540000035,1.3847365048223734,0.9992307692307691,237.98725100000516,2.834212607305263,0.0
238.34684900000335,1.4243266883744423,0.9992307692307691,238.2438230000052,2.7875312827227074,0.0
238.60211000000325,1.451154133879819,0.9992307692307691,238.48676400000508,2.6836569773368817,0.049230769230769265
238.86247300000326,1.4604849978829488,0.9992307692307691,238.73679100000498,2.544966321228173,0.1703418803418803
239.1019470000033,1.4512943799991476,0.9992307692307691,238.98195600000506,2.396198938655639,0.36299145299145297
239.33786700000323,1.4252793118993714,0.9992307692307691,239.23539400000507,2.258098605224053,0.5448717948717948
239.58911400000335,1.3870216069454333,0.9992307692307691,239.48622900000507,2.144049776235438,0.7399145299145301
239.83242400000336,1.3432217563832183,0.9992307692307691,239.72923700000504,2.0572719985416668,0.8838461538461538
240.08238400000337,1.301757051467756,0.9992307692307691,239.984159000005,1.9873423321056574,0.9623076923076922
240.3223200000033,1.2712767252805652,0.9992307692307691,240.21968900000496,1.913112900133617,0.9992307692307691
240.5783770000033,1.2601788470737607,0.9992307692307691,240.46846400000496,1.8253714371619882,0.9992307692307691
240.82780800000324,1.2776039070670846,0.9992307692307691,240.71794600000493,1.73385341248304,0.9992307692307691
241.07058300000332,1.3291785046182298,0.9992307692307691,240.96226600000486,1.652895556395744,0.9992307692307691
241.31813300000348,1.4127134353208752,0.9992307692307691,241.20816000000482,1.5933380362317842,0.9992307692307691
241.56794800000338,1.5168498986841605,0.9992307692307691,241.46016900000487,1.5627366321694391,0.9992307692307691
241.8159990000033,1.620384915553821,0.9992307692307691,241.71130200000493,1.5655272055257343,0.9992307692307691
242.07525100000325,1.698139246040298,0.9992307692307691,241.950454000005,1.598080243758285,0.9992307692307691
242.31394100000324,1.7306272301101298,0.9992307692307691,242.20405900000492,1.6496620247891833,0.9992307692307691
242.5485330000033,1.7118470959941963,0.9992307692307691,242.445925000005,1.7107181348494174,0.9992307692307691
242.81375600000328,1.6514651091786212,0.9992307692307691,242.69988000000507,1.7773783064944477,0.9992307692307691
243.04915300000323,1.5726746794492843,0.9992307692307691,242.93977800000508,1.8473328719406643,0.9992307692307691
243.2925150000031,1.5014098532257079,0.9992307692307691,243.1978580000051,1.9121333692126037,0.9992307692307691
243.5416020000031,1.4555419768555269,0.9992307692307691,243.43600500000517,1.9535178101863235,0.9938461538461538
243.78900400000316,1.4416118866750232,0.9992307692307691,243.67840900000508,1.9533708720067469,0.9938461538461538
244.03436000000315,1.4560145657034078,0.9992307692307691,243.9434260000052,1.9101026150960405,0.9992307692307691
244.29174700000314,1.4863141274119396,0.9992307692307691,244.17587400000517,1.837629824450785,0.9992307692307691
244.52717000000322,1.5161250924880272,0.9992307692307691,244.42432200000516,1.7525052823509502,0.9992307692307691
244.7777770000031,1.5330362248198328,0.9992307692307691,244.6673350000052,1.6655687523698646,0.9992307692307691
245.02709700000318,1.5324519931491067,0.9992307692307691,244.91216700000513,1.5820892848931547,0.9992307692307691
245.28461900000335,1.5188908165252935,0.9992307692307691,245.1646720000051,1.5032805548922241,0.9992307692307691
245.51835600000334,1.5051035455090835,0.9992307692307691,245.4120530000052,1.4278425801800383,0.9992307692307691
245.76641100000333,1.509221128216173,0.9992307692307691,245.6560190000052,1.3550612626665197,0.9992307692307691
246.0162730000034,1.5457413305457988,0.9992307692307691,245.90744200000512,1.2869571694461295,0.9992307692307691
246.26055400000354,1.6157888215958758,0.9992307692307691,246.16688200000513,1.2265055990333287,0.9992307692307691
246.53377100000353,1.7064937280687726,0.9992307692307691,246.39672500000512,1.1770487904623812,0.9992307692307691
246.76070800000358,1.7984514522214827,0.9992307692307691,246.6421810000052,1.1424422624596946,0.9992307692307691
247.00556800000365,1.870547465756326,0.9992307692307691,246.89856100000515,1.1272210599399437,0.9992307692307691
247.24988000000366,1.9013938426077632,0.9992307692307691,247.1504680000051,1.1353957691797392,0.9992307692307691
247.5054310000037,1.879213466422724,0.9992307692307691,247.3828670000051,1.1681365364275726,0.9992307692307691
247.74072800000388,1.8113593243964443,0.9992307692307691,247.63603500000508,1.2215267706325454,0.9992307692307691
247.9932770000039,1.720162267742849,0.9992307692307691,247.873889000005,1.285125668683185,0.9992307692307691
248.242740000004,1.6289212975504839,0.9992307692307691,248.13127400000494,1.344371655312603,0.9992307692307691
248.48061500000398,1.5547763576006783,0.9992307692307691,248.3718930000049,1.3854324137686764,0.9992307692307691
248.73398000000412,1.5072338354251855,0.9992307692307691,248.62028500000494,1.4010096862751573,0.9992307692307691
248.97988000000407,1.4908952958986226,0.9992307692307691,248.8702220000049,1.396512134191581,0.9992307692307691
249.236974000004,1.5043595808362284,0.9992307692307691,249.12066200000487,1.391056872347373,0.9992307692307691
249.47950800000396,1.5378801385170449,0.9992307692307691,249.36117300000495,1.4137210867381147,0.9992307692307691
249.74371200000394,1.573883870641004,0.9992307692307691,249.60860800000492,1.4767877861118373,0.9992307692307691
249.97279300000392,1.5902917402273002,0.9992307692307691,249.85343800000493,1.5538233269812163,0.9992307692307691
250.2213900000039,1.5724488665370597,0.9992307692307691,250.1010170000048,1.6167062173187092,0.9992307692307691
250.4664440000039,1.5191542208095397,0.9992307692307691,250.34979400000475,1.655990709075198,0.9992307692307691
250.7157390000037,1.4404703059625388,0.9992307692307691,250.59333600000483,1.6725403001831265,0.9992307692307691
250.99676600000373,1.3503452480867422,0.9992307692307691,250.8448260000048,1.6715660544081101,0.9992307692307691
251.20971900000373,1.2598747348999015,0.9992307692307691,251.08976500000483,1.6585228501337408,0.9992307692307691
251.47370900000377,1.1751409518688543,0.9992307692307691,251.33910600000496,1.637827839170002,0.9992307692307691
251.70259800000383,1.100035422883174,0.9992307692307691,251.600595000005,1.6127747058165853,0.9992307692307691
251.95020300000388,1.0391912781348336,0.9992307692307691,251.84156100000493,1.5873723921815825,0.9992307692307691
252.19674000000376,0.9974034074533098,0.9992307692307691,252.083936000005,1.5640348085737263,0.9992307692307691
252.44371600000377,0.9781811551177174,0.9992307692307691,252.332558000005,1.5450762453063756,0.9992307692307691
252.69110000000376,0.981910540867965,0.9992307692307691,252.57659200000506,1.5424362111447367,0.9992307692307691
252.9586440000037,1.004756170316555,0.9992307692307691,252.82042500000503,1.5727537331772645,0.9992307692307691
253.18468300000376,1.0380527290407122,0.9992307692307691,253.07463000000502,1.64536528970236,0.9992307692307691
253.43688900000367,1.072288959941751,0.9992307692307691,253.320337000005,1.7628276371886484,0.9992307692307691
253.67877400000353,1.1045613846105775,0.9992307692307691,253.586945000005,1.9137965472467044,0.9992307692307691
253.93083100000354,1.1434691706335507,0.9992307692307691,253.80984700000502,2.0732260331346106,0.8707692307692307
254.20078000000356,1.2033873988232342,0.9992307692307691,254.05984200000503,2.208974292271663,0.6226495726495728
254.42313500000358,1.2930678989112214,0.9992307692307691,254.30978700000483,2.2940090157124104,0.49581196581196574
254.6752750000036,1.4067673188221406,0.9992307692307691,254.55499300000494,2.3189778670218164,0.4587179487179488
254.92128500000362,1.5277611139016989,0.9992307692307691,254.8133920000049,2.2997354162546055,0.4838461538461538
255.1662040000035,1.6352956013648148,0.9992307692307691,255.05080600000488,2.2675151546356234,0.5317094017094018
255.4121680000036,1.7118272528918888,0.9992307692307691,255.2954440000048,2.2441047293090555,0.5604273504273504
255.66663000000364,1.7485090819292408,0.9992307692307691,255.54783200000486,2.221191994826285,0.5939316239316239
255.92225700000364,1.7468239925995979,0.9992307692307691,255.80181500000472,2.1795436864029685,0.6717094017094017
256.1751250000036,1.7150276476626414,0.9992307692307691,256.0493180000046,2.1312472269898763,0.7722222222222224
256.40129000000366,1.660479539329946,0.9992307692307691,256.3008060000045,2.1050923938880017,0.8129059829059829
256.66435200000365,1.5870702776308359,0.9992307692307691,256.5347500000044,2.1147875866272026,0.7973504273504275
256.9048030000036,1.49884234660336,0.9992307692307691,256.7896750000043,2.169013301356995,0.6968376068376068
257.1462290000037,1.4046653977303531,0.9992307692307691,257.0308640000042,2.289265531358317,0.5005982905982906
257.41311500000376,1.3190939437071139,0.9992307692307691,257.27872000000417,2.4812485267062048,0.2349572649572649
257.6462160000036,1.2565539368106138,0.9992307692307691,257.5200710000041,2.7301724731836314,0.016923076923076926
257.89233300000353,1.2257310610681516,0.9992307692307691,257.7690940000041,3.0051614956367927,0.0
258.1361270000035,1.2257016868689747,0.9992307692307691,258.02099800000406,3.264627573212234,0.0
258.38271900000353,1.2454793801772874,0.9992307692307691,258.2704550000041,3.4772882706947565,0.0
258.63014500000344,1.2691753082466928,0.9992307692307691,258.5258540000042,3.6433180693570124,0.0
258.88819200000347,1.2847895423621003,0.9992307692307691,258.7706140000042,3.7816312450348777,0.0
259.1252090000035,1.2972674726254119,0.9992307692307691,259.0130770000042,3.9016567493050425,0.0
259.38054300000346,1.330895074805177,0.9992307692307691,259.27349500000423,3.991665575144264,0.0
259.6265230000034,1.4126450660126864,0.9992307692307691,259.5065560000042,4.018891017051666,0.0
259.86457000000337,1.5530559793579752,0.9992307692307691,259.7533410000041,3.936227256737146,0.0
260.1211330000034,1.7422024554078077,0.9992307692307691,259.9997900000042,3.7202982813866026,0.0
260.36173400000337,1.9562226128276037,0.9907692307692306,260.2492660000042,3.4121559201743414,0.0
260.6139260000034,2.165532592006386,0.704017094017094,260.49611000000414,3.059235318033476,0.0
260.8599300000034,2.3396423876322303,0.43358974358974356,260.7400230000042,2.7073223208592716,0.031538461538461536
261.1098810000035,2.4503749603996283,0.2876068376068376,260.9871230000041,2.396681262883908,0.36299145299145297
261.3598640000036,2.4764167426916726,0.24692307692307697,261.2379580000039,2.1546168150950384,0.7231623931623932
261.5959860000035,2.4107844134377188,0.3462393162393162,261.487228000004,1.9979754554186921,0.9530769230769229
261.8701980000034,2.275854868373038,0.5185470085470086,261.732154000004,1.9312710862319022,0.9992307692307691
262.0909140000034,2.12341172111624,0.7805982905982906,261.980608000004,1.9410746803850403,0.9992307692307691
262.3489460000035,1.9958569676506928,0.9538461538461538,262.22714000000394,1.9982150734404776,0.9530769230769229
262.60299300000355,1.9035771530019545,0.9992307692307691,262.49314000000396,2.068986603166832,0.873076923076923
262.84896700000365,1.8403086980994607,0.9992307692307691,262.7260220000039,2.127314034382553,0.7746153846153846
263.0859680000036,1.8087289157864397,0.9992307692307691,262.97102800000386,2.154163482293133,0.7231623931623932
263.34187700000354,1.8421013642068473,0.9992307692307691,263.2128540000038,2.1352024395609925,0.757863247863248
263.58514300000365,1.9827888388359445,0.9638461538461538,263.4658100000038,2.071809466539154,0.8707692307692307
263.8276190000036,2.2272334083781296,0.5831623931623933,263.7137700000038,1.9868638092196116,0.9623076923076922
264.07710600000354,2.5251855680723025,0.18350427350427348,263.96136600000375,1.9060949555593851,0.9992307692307691
264.3196380000036,2.8143213736059813,0.0,264.207267000004,1.8415861281518877,0.9992307692307691
264.5704680000034,3.0375842849857926,0.0,264.45323100000394,1.7951541916187879,0.9992307692307691
264.8224120000034,3.1502914669522317,0.0,264.703711000004,1.766192126137538,0.9992307692307691
265.07783900000334,3.130234059068991,0.0,264.94887100000386,1.755171033619941,0.9992307692307691
265.3216180000033,2.9858616325130436,0.0,265.19675100000376,1.759821130990494,0.9992307692307691
265.5615890000033,2.7550249595377823,0.0,265.4405180000037,1.7733031510723072,0.9992307692307691
265.81319200000337,2.4907706302021952,0.22418803418803424,265.70033600000386,1.7865197027892141,0.9992307692307691
266.0690840000033,2.2402006638534493,0.5652136752136753,265.94132300000393,1.792733475656167,0.9992307692307691
266.3047160000034,2.035259164167013,0.9153846153846152,266.18269300000384,1.787642874699874,0.9992307692307691
266.5608570000034,1.8999890949897946,0.9992307692307691,266.44390400000395,1.7676094528733295,0.9992307692307691
266.79686600000355,1.8481670033228828,0.9992307692307691,266.6842450000039,1.7335521181672844,0.9992307692307691
267.0544090000035,1.873983965180055,0.9992307692307691,266.9445690000039,1.6922416086533114,0.9992307692307691
267.2959990000038,1.9549576998649743,0.993076923076923,267.17494700000407,1.6660141521652034,0.9992307692307691
267.54097400000376,2.06594915559247,0.8746153846153846,267.42622500000385,1.7158545863025878,0.9992307692307691
267.7842730000035,2.187960533498383,0.6573504273504273,267.6808940000039,1.9118865793243622,0.9992307692307691
268.0454550000036,2.3079026307814936,0.4706837606837607,267.92020500000376,2.262142856911689,0.5388888888888889
268.3142440000034,2.4129412836209507,0.34145299145299146,268.16361000000387,2.7105991670089526,0.029230769230769223
268.54474700000327,2.486450061678119,0.2349572649572649,268.4119960000041,3.1915792031346033,0.0
268.78726600000334,2.505642771360436,0.2050427350427351,268.6682730000041,3.6550142116418254,0.0
269.0272010000033,2.45442249109784,0.278034188034188,268.90418900000407,4.061171334633773,0.0
269.27457300000333,2.354682092668336,0.41205128205128205,269.1622440000041,4.374662673328023,0.0
269.5445840000032,2.255659502727698,0.5472649572649572,269.41088200000394,4.561650573987076,0.0
269.7713510000031,2.1796474675970874,0.6717094017094017,269.659139000004,4.591691972836905,0.0
270.02230900000313,2.1225706336923,0.7829914529914531,269.9083980000042,4.459737829019863,0.0
270.26488400000324,2.083684443645603,0.8553846153846153,270.1559700000041,4.213113162465627,0.0
270.5122050000034,2.0685909775249987,0.8738461538461537,270.3993080000043,3.928758532544657,0.0
270.7628340000035,2.08191418530508,0.8569230769230768,270.64874800000433,3.648065331975042,0.0
271.0160780000035,2.1166608154867768,0.794957264957265,270.8873120000044,3.3691884247266497,0.0
271.25346900000346,2.1493359729458494,0.7267521367521369,271.13918300000444,3.0876775921699187,0.0
271.5133930000034,2.1483030917996913,0.7291452991452991,271.3931370000044,2.80802409641979,0.0
271.7484040000033,2.0933401659873767,0.8332478632478633,271.6310040000045,2.5373402629859374,0.17512820512820515
271.99580400000343,1.9864697806658782,0.9623076923076922,271.8764950000044,2.2936029240149405,0.49581196581196574
272.2427100000036,1.8470957326747797,0.9992307692307691,272.1238960000043,2.1330704193472987,0.7662393162393164
272.4916880000038,1.6981232973625602,0.9992307692307691,272.37581600000414,2.1388836739424333,0.7482905982905983
272.7540030000039,1.5552893099118141,0.9992307692307691,272.6233370000042,2.327391513222622,0.4443589743589743
272.9875000000037,1.4248195781703568,0.9992307692307691,272.8697680000044,2.6249684370671678,0.0915384615384615
273.2345760000038,1.3064226456371044,0.9992307692307691,273.11815400000444,2.95338856008498,0.0
273.47904800000384,1.197960536811984,0.9992307692307691,273.37263100000456,3.2734455709325943,0.0
273.7284180000041,1.09869110310647,0.9992307692307691,273.61210600000464,3.574419263818233,0.0
273.97742400000425,1.0108610248423362,0.9992307692307691,273.8592440000046,3.851654790934333,0.0
274.22854800000414,0.9387036083134721,0.9992307692307691,274.11359700000475,4.091993218181846,0.0
274.4804530000043,0.885490044258003,0.9992307692307691,274.3576970000047,4.2637055429270205,0.0
274.7167410000044,0.8527030153396852,0.9992307692307691,274.61761700000477,4.326985933866527,0.0
274.9651690000044,0.8412791949110394,0.9992307692307691,274.85698100000474,4.25819460842076,0.0
275.2203610000042,0.8524970005543147,0.9992307692307691,275.09694200000456,4.059221362063905,0.0
275.4650890000042,0.8869686160850779,0.9992307692307691,275.3435730000047,3.7519559563763423,0.0
275.7049810000041,0.9416178089495579,0.9992307692307691,275.59859400000477,3.3712334811907465,0.0
275.9614400000041,1.0092424729616989,0.9992307692307691,275.8411880000049,2.9628116338775428,0.0
276.2129200000041,1.0821927721935636,0.9992307692307691,276.0861590000047,2.575550971563902,0.1338461538461538
276.46954600000413,1.1579756460495183,0.9992307692307691,276.33188300000484,2.249285622777304,0.5544444444444444
276.7035700000042,1.2399860585395812,0.9992307692307691,276.58255700000524,2.0053271993376796,0.9423076923076923
276.95074100000414,1.33337577228121,0.9992307692307691,276.8270010000053,1.8440497566325145,0.9992307692307691
277.2152000000039,1.4414246386076852,0.9992307692307691,277.07538500000527,1.7552108304392073,0.9992307692307691
277.44709100000415,1.5617145761244218,0.9992307692307691,277.3239220000051,1.7271866924948804,0.9992307692307691
277.688589000004,1.6832689074315739,0.9992307692307691,277.5655840000051,1.7498619744964328,0.9992307692307691
277.94690200000406,1.790967500071997,0.9992307692307691,277.8189810000051,1.8135430967856907,0.9992307692307691
278.18851200000404,1.8693001477950728,0.9992307692307691,278.0599600000053,1.9082627864809034,0.9992307692307691
278.4328380000039,1.9119310170512138,0.9992307692307691,278.3105960000051,2.021018432763767,0.9299999999999999
278.6805890000038,1.930676071227123,0.9992307692307691,278.5562950000052,2.1347011574019827,0.7590598290598293
278.9269490000039,1.9519641281505182,0.9946153846153846,278.8080670000052,2.2324058326042353,0.5795726495726495
279.17950200000394,2.0062492600592967,0.9423076923076923,279.05921600000545,2.2977754048235774,0.4886324786324786
279.43240700000376,2.1147183560521388,0.7973504273504275,279.3010730000053,2.3181650733945967,0.4587179487179488
279.6759800000039,2.2723715888786855,0.5221367521367521,279.55295800000533,2.2930651209541573,0.497008547008547
279.91592300000406,2.4535002466416547,0.278034188034188,279.79806500000524,2.2481766975768913,0.5556410256410257
280.16720300000424,2.6273667280459057,0.08923076923076918,280.04757100000535,2.230710287473822,0.5795726495726495
280.43615700000447,2.7707867043571603,0.0,280.29454900000536,2.275173435017629,0.5185470085470086
280.6635610000045,2.869807292006419,0.0,280.54305300000544,2.383937995811998,0.37256410256410255
280.9151590000043,2.916350496259077,0.0,280.78040900000565,2.5353783729946033,0.17752136752136752
281.15704400000425,2.9031378144897735,0.0,281.0364000000058,2.703465637917252,0.03307692307692305
281.4050290000042,2.824357643642859,0.0,281.29103800000576,2.8577216146126045,0.0
281.6511310000041,2.6865092681291682,0.048461538461538466,281.5262960000056,2.967467557896807,0.0
281.8946690000041,2.5131491944818505,0.19666666666666666,281.77482800000547,3.012792894383719,0.0
282.154129000004,2.334129472410129,0.43957264957264963,282.02123000000535,2.987759745675379,0.0
282.40511400000383,2.1715084262506954,0.6908547008547008,282.28973000000514,2.917564427285578,0.0
282.6450440000037,2.031696111501796,0.9184615384615384,282.51715100000513,2.8551331244236215,0.0
282.8884410000035,1.9096806702336122,0.9992307692307691,282.7691730000051,2.8424639785582864,0.0
283.13583400000334,1.798560359640856,0.9992307692307691,283.01708400000547,2.87857547997624,0.0
283.3833980000032,1.6944686468748609,0.9992307692307691,283.2646630000055,2.9378668292117283,0.0
283.6343640000031,1.5966143118063605,0.9992307692307691,283.5187370000055,2.994584797298004,0.0
283.8743270000029,1.5068502387232003,0.9992307692307691,283.76655600000544,3.037307417075053,0.0
284.12172600000315,1.4292417955625365,0.9992307692307691,284.00405200000523,3.0697697362364593,0.0
284.37372000000323,1.365257349356317,0.9992307692307691,284.26242300000507,3.105264271651495,0.0
284.61947300000327,1.313797009083088,0.9992307692307691,284.5039930000052,3.1596316918928524,0.0
284.89258600000323,1.2754555611690261,0.9992307692307691,284.7473340000053,3.2452355791883165,0.0
285.13804600000304,1.2565264921098107,0.9992307692307691,284.99573900000536,3.368126911755086,0.0
285.368500000003,1.270419673743162,0.9992307692307691,285.2462280000053,3.522570470488017,0.0
285.6119400000029,1.3267370894236408,0.9992307692307691,285.49810200000525,3.6694744328202686,0.0
285.86678500000295,1.4214975376645334,0.9992307692307691,285.7373270000054,3.7393481417012,0.0
286.1239920000033,1.5344174011582092,0.9992307692307691,285.98523300000534,3.6995720743296863,0.0
286.3544320000032,1.6406844370787976,0.9992307692307691,286.23642500000534,3.5724478125598464,0.0
286.6113060000031,1.7249198580142746,0.9992307692307691,286.4883160000053,3.394032339203708,0.0
286.85038700000337,1.7833498800111516,0.9992307692307691,286.73068800000544,3.1996216176839143,0.0
287.0972440000033,1.8220543044900295,0.9992307692307691,286.9797690000056,3.0365931062194687,0.0
287.35271800000305,1.8499891441636547,0.9992307692307691,287.23374100000547,2.9525662565720943,0.0
287.59492200000307,1.8696421165683268,0.9992307692307691,287.47111700000545,2.950124869689742,0.0
287.84161000000296,1.8749110279957866,0.9992307692307691,287.7242430000056,2.9981715151774444,0.0
288.09749400000294,1.8563493786933707,0.9992307692307691,287.96674800000574,3.0623417144298797,0.0
288.3366650000028,1.804793895076813,0.9992307692307691,288.21739900000574,3.1178951051499144,0.0
288.58668000000273,1.7191735992848494,0.9992307692307691,288.4606850000057,3.150665860636024,0.0
288.8320040000027,1.6099091979956006,0.9992307692307691,288.7313240000057,3.1532204962261603,0.0
289.0734580000025,1.4921328748577953,0.9992307692307691,288.95727100000573,3.121148849486816,0.0
289.3325430000026,1.3787226163938784,0.9992307692307691,289.2005810000055,3.0502905423139963,0.0
289.5725030000029,1.2790243604252876,0.9992307692307691,289.4570450000056,2.933759483017911,0.0
289.82241500000293,1.1974466183717716,0.9992307692307691,289.7194370000056,2.7900673046965085,0.0
290.06692200000305,1.1297495902784926,0.9992307692307691,289.96488100000556,2.686687062289988,0.048461538461538466
290.318765000003,1.0683342785864363,0.9992307692307691,290.20292000000563,2.6640672062184616,0.06384615384615387
290.56805500000297,1.0133832551241038,0.9992307692307691,290.4422520000056,2.6882703954239293,0.04615384615384615
290.81152200000304,0.9735903820936105,0.9992307692307691,290.69680200000545,2.693737655795028,0.04230769230769232
291.07049500000284,0.9575347611593558,0.9992307692307691,290.9421320000056,2.6382505197446697,0.08153846153846152
291.30834700000287,0.968765498570333,0.9992307692307691,291.18647300000555,2.5289305705520295,0.18350427350427348
291.548835000003,1.0055527926487884,0.9992307692307691,291.4345350000055,2.4056401291974714,0.3498290598290598
291.80071900000297,1.0597811680882887,0.9992307692307691,291.67952900000535,2.3086162569681763,0.46948717948717944
292.05025100000285,1.117967388529816,0.9992307692307691,291.9328260000052,2.259050042393971,0.5448717948717948
292.2976980000028,1.1662594068312762,0.9992307692307691,292.17805300000515,2.261564718565951,0.5424786324786325
292.5666800000029,1.1959729912006132,0.9992307692307691,292.4255890000051,2.3102657538953544,0.4682905982905984
292.79098600000293,1.205319113398316,0.9992307692307691,292.6731440000051,2.392074538139624,0.36418803418803425
293.03647400000284,1.1984553844990729,0.9992307692307691,292.9196070000052,2.491202578190064,0.22299145299145298
293.29406800000254,1.1827867789758282,0.9992307692307691,293.175528000005,2.5911278230620947,0.12000000000000001
293.5355780000025,1.1662070438294692,0.9992307692307691,293.42600500000503,2.679479222213094,0.04999999999999998
293.7774510000026,1.156713791729437,0.9992307692307691,293.6749200000049,2.753311198020987,0.0
294.03307700000244,1.164046864379432,0.9992307692307691,293.90877200000494,2.818899694577446,0.0
294.2785610000026,1.2007497936223677,0.9992307692307691,294.16074800000507,2.8782408715627428,0.0
294.5245400000025,1.2773191036029672,0.9992307692307691,294.43420500000525,2.918758222732597,0.0
294.77051800000226,1.3935373857633426,0.9992307692307691,294.6551010000055,2.9223374322122986,0.0
295.01582900000193,1.5331982814318181,0.9992307692307691,294.9014660000055,2.8796156611032737,0.0
295.26515300000176,1.664874225353331,0.9992307692307691,295.1507230000054,2.796368314470376,0.0
295.51464900000195,1.749943087071325,0.9992307692307691,295.3914170000054,2.6876002550704197,0.04615384615384615
295.7816800000019,1.763244476894783,0.9992307692307691,295.6405910000055,2.5715497207387323,0.13769230769230764
296.01216000000187,1.7126750265326567,0.9992307692307691,295.88737100000577,2.467101776758801,0.2564957264957265
296.2556720000021,1.6311437612219741,0.9992307692307691,296.1394530000059,2.3889117209442867,0.3677777777777778
296.50986500000215,1.5530846204294397,0.9992307692307691,296.3924630000058,2.343668075073611,0.42999999999999994
296.7453080000021,1.498302636606789,0.9992307692307691,296.6307620000057,2.3287525083866214,0.44316239316239314
297.00332300000224,1.4683649788133424,0.9992307692307691,296.87484300000557,2.334951124181359,0.43837606837606835
297.2533160000022,1.4520700879984574,0.9992307692307691,297.12670100000554,2.3463930387441247,0.42521367521367526
297.5009080000022,1.4385159835623265,0.9992307692307691,297.37617800000555,2.3467053548580346,0.42521367521367526
297.73969200000244,1.4279917599697982,0.9992307692307691,297.6335240000055,2.335058115873392,0.43837606837606835
297.9876590000021,1.430393147474709,0.9992307692307691,297.8695120000054,2.3283396292801584,0.44316239316239314
298.235668000002,1.4478707102061692,0.9992307692307691,298.11518900000556,2.3415583986539357,0.4311965811965812
298.48811100000194,1.4734468918010162,0.9992307692307691,298.3688640000054,2.3735636339878514,0.3893162393162393
298.73063900000193,1.5029153387793535,0.9992307692307691,298.61997300000525,2.4088373240913947,0.3462393162393162
298.9811380000021,1.5334631933353045,0.9992307692307691,298.86072200000535,2.4295956597605435,0.31273504273504266
299.2244660000018,1.5575054654287752,0.9992307692307691,299.11493500000546,2.426209250632465,0.3187179487179488
299.47206200000176,1.566117097402226,0.9992307692307691,299.35390400000546,2.4021668095117876,0.3558119658119658
299.7240790000017,1.5554515439272802,0.9992307692307691,299.60634700000566,2.3758984688282876,0.3845299145299145
299.9735480000018,1.5282223141374183,0.9992307692307691,299.84641700000554,2.382313941422835,0.37376068376068383
300.21515700000157,1.4950366571689075,0.9992307692307691,300.09949400000573,2.462821909423237,0.26247863247863246
300.46549200000163,1.471804838221179,0.9992307692307691,300.33882800000555,2.64388142157746,0.07846153846153849
300.7239320000017,1.4677258977019194,0.9992307692307691,300.58811900000575,2.913458014380581,0.0
300.9554330000018,1.4734730061499177,0.9992307692307691,300.8573240000056,3.229494740395219,0.0
301.2060210000017,1.4684120120889796,0.9992307692307691,301.09636500000556,3.5487250299387254,0.0
301.45884100000177,1.4399292802276764,0.9992307692307691,301.32860200000573,3.835476112330728,0.0
301.70684300000175,1.390306197636788,0.9992307692307691,301.58188000000564,4.060468651497841,0.0
301.95580800000175,1.3291846262426006,0.9992307692307691,301.83027900000576,4.195732668054333,0.0
302.1986360000019,1.2673798644143577,0.9992307692307691,302.10830500000566,4.221997489372359,0.0
302.4440700000021,1.2172228693555391,0.9992307692307691,302.3213630000057,4.139505161419789,0.0
302.68803100000207,1.191104630637117,0.9992307692307691,302.5663310000059,3.9730353076738365,0.0
302.9391050000022,1.1975837912652068,0.9992307692307691,302.8173380000059,3.757423442253628,0.0
303.1910340000023,1.2372050365493368,0.9992307692307691,303.075321000006,3.5166921829715503,0.0
303.4561870000023,1.3006982210490583,0.9992307692307691,303.318186000006,3.26220900617016,0.0
303.6793930000026,1.3709582692935793,0.9992307692307691,303.560008000006,3.0043915477168346,0.0
303.92838200000267,1.4278058626367818,0.9992307692307691,303.81257900000605,2.7586236866816956,0.0
304.1747670000027,1.4544672243432815,0.9992307692307691,304.064046000006,2.541009695603739,0.17153846153846156
304.43114800000274,1.4424919049861413,0.9992307692307691,304.3063560000059,2.368264824663801,0.3964957264957265
304.6746930000026,1.3944585869523105,0.9992307692307691,304.555196000006,2.255879794634352,0.5472649572649572
304.91954800000264,1.3234675414561636,0.9992307692307691,304.80326300000604,2.215734881738384,0.6058974358974358
305.1767210000026,1.2479308229065895,0.9992307692307691,305.05026900000604,2.253316426028805,0.5496581196581197
305.41944200000256,1.185390254982713,0.9992307692307691,305.3236660000058,2.3618395289567786,0.40247863247863247
305.6688320000024,1.147677521176007,0.9992307692307691,305.54672300000584,2.519423877767205,0.18829059829059833
305.91585600000246,1.1411107977599313,0.9992307692307691,305.79065800000575,2.6920229439777508,0.04384615384615383
306.1587290000024,1.1682326049441714,0.9992307692307691,306.041281000006,2.842339672479725,0.0
306.40622800000233,1.2277341799804957,0.9992307692307691,306.28861400000596,2.9392197571498637,0.0
306.6617040000023,1.3140539082545446,0.9992307692307691,306.5297660000059,2.968059936383166,0.0
306.90375000000216,1.4142463656912585,0.9992307692307691,306.779653000006,2.935337545276834,0.0
307.1469530000021,1.5086449673928801,0.9992307692307691,307.03048200000603,2.8659196104659395,0.0
307.3943450000021,1.5757366189425146,0.9992307692307691,307.2784170000062,2.7934385031565867,0.0
307.6473760000021,1.604400351990278,0.9992307692307691,307.5249040000058,2.745234211863967,0.006153846153846148
307.91192000000206,1.6053225034887308,0.9992307692307691,307.77295900000587,2.7337561753747637,0.014615384615384612
308.14734300000214,1.6056724631450268,0.9992307692307691,308.019732000006,2.751965403336855,0.0015384615384615161
308.4037230000021,1.635008196018251,0.9992307692307691,308.2760590000059,2.7775813865301306,0.0
308.6352390000022,1.7180438804451301,0.9992307692307691,308.51504600000595,2.78167148867151,0.0
308.8863920000022,1.8628911750913217,0.9992307692307691,308.7590240000059,2.7395180185829906,0.009230769230769263
309.1304050000022,2.050752609176335,0.8923076923076922,309.013582000006,2.6384900038774743,0.08153846153846152
309.38046300000207,2.2436029170157887,0.5616239316239316,309.2636620000061,2.484821594226323,0.2349572649572649
309.6272650000023,2.399153255820438,0.36179487179487174,309.510105000006,2.3091490367582583,0.4682905982905984
309.8722570000024,2.4821591263889418,0.2349572649572649,309.7529470000059,2.152059303853123,0.7255555555555556
310.1161220000024,2.4758392891228587,0.24692307692307697,310.01190800000575,2.0416272363902754,0.9015384615384615
310.3621190000024,2.3870812881911747,0.3701709401709402,310.25698000000557,1.9848657001636136,0.9638461538461538
310.6146350000024,2.2396640292076704,0.5652136752136753,310.4973510000056,1.976227870037457,0.9715384615384615
310.8601320000023,2.0624860854540783,0.8776923076923075,310.74086000000574,2.0110267622039903,0.9376923076923076
311.12009600000226,1.8819881282447484,0.9992307692307691,310.98773700000595,2.0939609094221527,0.830854700854701
311.35457100000195,1.7185535958115294,0.9992307692307691,311.235750000006,2.2390557754255482,0.5676068376068376
311.596664000002,1.5892453994831564,0.9992307692307691,311.4808330000058,2.4563317775075983,0.2768376068376068
311.85321800000196,1.5051264158448396,0.9992307692307691,311.73432600000575,2.7218518953924455,0.02076923076923076
312.098215000002,1.4658160147227468,0.9992307692307691,311.9843270000055,2.9550875858735113,0.0
312.3442140000019,1.4617473591825205,0.9992307692307691,312.2236090000054,3.069999535868664,0.0
312.59431600000204,1.476238515986752,0.9992307692307691,312.47217200000546,3.0445741052518644,0.0
312.8429960000022,1.493009792745259,0.9992307692307691,312.7182050000055,2.9153426583425843,0.0
313.08516100000236,1.5086206250082688,0.9992307692307691,312.98437000000587,2.7394466321102953,0.009230769230769263
313.3332100000023,1.5366750671036542,0.9992307692307691,313.2222390000059,2.5685208134763737,0.14153846153846147
313.5785520000021,1.603160980279922,0.9992307692307691,313.46179800000596,2.4369390351716818,0.30316239316239313
313.82595800000195,1.729285649168343,0.9992307692307691,313.71256600000595,2.3581358362048173,0.40846153846153843
314.09758300000215,1.9052172177987017,0.9992307692307691,313.9632010000058,2.3284047581753606,0.44316239316239314
314.33094500000215,2.0914555061309326,0.8392307692307692,314.205878000006,2.337119004864609,0.435982905982906
314.5693660000019,2.2487755427840725,0.5544444444444444,314.4558600000061,2.375972032435391,0.3845299145299145
314.81932400000176,2.349494677893845,0.42162393162393164,314.7046550000062,2.4415880632803266,0.2995726495726496
315.06526800000194,2.380069712349908,0.3773504273504274,314.94884500000614,2.5317752062705785,0.18230769230769223
315.30931000000174,2.34194886248776,0.4311965811965812,315.1897330000061,2.643828863496529,0.07846153846153849
315.5603180000016,2.2511925983457615,0.5496581196581197,315.4471150000061,2.768010685058747,0.0
315.81179100000173,2.133394021948332,0.763846153846154,315.690661000006,2.880894991597194,0.0
316.0545540000016,2.0167460682863316,0.9323076923076922,315.9433210000058,2.9543736150302795,0.0
316.30083900000153,1.9240614627023298,0.9992307692307691,316.1967170000057,2.969646721402189,0.0
316.54937700000147,1.870421318338277,0.9992307692307691,316.43378900000596,2.9228036369863837,0.0
316.7974750000013,1.8648537302777173,0.9992307692307691,316.67470500000593,2.825791727130544,0.0
317.05138500000135,1.9070200271932554,0.9992307692307691,316.9322990000059,2.7038636279590276,0.032307692307692336
317.30473600000164,1.9847297726915971,0.9638461538461538,317.1770350000059,2.589496554209236,0.12076923076923073
317.5490930000014,2.0840141325318076,0.8553846153846153,317.449611000006,2.514397836623335,0.19666666666666666
317.7814670000014,2.1897690854519576,0.654957264957265,317.66895600000623,2.497541187660555,0.21461538461538465
318.0304600000015,2.2734798366107736,0.5209401709401709,317.91422200000636,2.5331035370641883,0.17991452991452986
318.28042100000135,2.3080287152381302,0.4706837606837607,318.17086200000625,2.585794029577249,0.12461538461538464
318.53584500000113,2.2888587623239944,0.5005982905982906,318.4142460000062,2.6039034986451326,0.10923076923076923
318.7973680000012,2.2298161796663853,0.581965811965812,318.659784000006,2.548603519323911,0.1667521367521367
319.0343770000012,2.147774859219516,0.7303418803418803,318.90686600000595,2.4196861727640875,0.3270940170940171
319.28245300000145,2.0540995019875004,0.8869230769230768,319.1528560000061,2.244893545393334,0.5592307692307693
319.52139600000163,1.9524183095687517,0.9946153846153846,319.40601000000623,2.054360552982499,0.8869230769230768
319.7706760000018,1.837072769779489,0.9992307692307691,319.6513340000062,1.8740878733217285,0.9992307692307691
320.019480000002,1.695303008682896,0.9992307692307691,319.90196800000604,1.7256241195765099,0.9992307692307691
320.2632710000019,1.521670874201929,0.9992307692307691,320.155298000006,1.62433897991507,0.9992307692307691
320.50760400000195,1.335720585561947,0.9992307692307691,320.3904980000059,1.5803174076485509,0.9992307692307691
320.85275300000205,1.1711872442320506,0.9992307692307691,320.66039500000596,1.596646360923803,0.9992307692307691
321.008673000002,1.0486154816869648,0.9992307692307691,320.8899480000058,1.6705755789419667,0.9992307692307691
321.25754100000205,0.9737316821899409,0.9992307692307691,321.1343820000057,1.7937599314570116,0.9992307692307691
321.4991130000019,0.9489040146355788,0.9992307692307691,321.38586500000594,1.949129525403762,0.9992307692307691
321.75276600000177,0.975675358089829,0.9992307692307691,321.6319200000061,2.1141885117753088,0.7973504273504275
322.0069430000018,1.0496056534183655,0.9992307692307691,321.876279000006,2.2722189808274256,0.5221367521367521
322.25035200000184,1.151523477387208,0.9992307692307691,322.12401200000596,2.4205414511174244,0.3258974358974358
322.48933800000157,1.2484703692205343,0.9992307692307691,322.37349800000624,2.5662003100115953,0.1438461538461538
322.7385940000016,1.3152237088197185,0.9992307692307691,322.61684000000616,2.7157762350132195,0.02538461538461539
322.9829900000015,1.349958425592022,0.9992307692307691,322.85988900000626,2.86915884182508,0.0
323.2332360000017,1.365908618460275,0.9992307692307691,323.11132600000633,3.016213914453306,0.0
323.47919100000155,1.3765085700611481,0.9992307692307691,323.3648040000063,3.1360448748843766,0.0
323.73323300000146,1.3896541292071616,0.9992307692307691,323.6070910000064,3.2127884252995047,0.0
323.97869100000145,1.4075903255303421,0.9992307692307691,323.8621010000064,3.2613434865170903,0.0
324.2215810000015,1.4274964687718423,0.9992307692307691,324.0984990000064,3.31720042263325,0.0
324.47056500000133,1.442690940158598,0.9992307692307691,324.3525280000064,3.3927141276045205,0.0
324.71602000000144,1.443009033511044,0.9992307692307691,324.6040840000064,3.471069738972689,0.0
324.9730610000015,1.4188816921411251,0.9992307692307691,324.85344200000657,3.526577409016145,0.0
325.21663900000135,1.368843106733681,0.9992307692307691,325.09817400000645,3.536847294757796,0.0
325.4625860000014,1.3042600332322096,0.9992307692307691,325.33929200000665,3.4955429884559006,0.0
325.7054310000015,1.2457914314261136,0.9992307692307691,325.5916740000067,3.4140385260363177,0.0
325.95254000000153,1.215138828064487,0.9992307692307691,325.8397500000065,3.307743306576957,0.0
326.2015920000016,1.2282990398901033,0.9992307692307691,326.08921300000657,3.1862535945661294,0.0
326.46810800000156,1.2977346518283839,0.9992307692307691,326.33258900000675,3.050004615100902,0.0
326.7029710000015,1.432789120961703,0.9992307692307691,326.5719390000067,2.8959898497186805,0.0
326.9454720000015,1.6313728041819506,0.9992307692307691,326.8234360000067,2.7214047651600426,0.02076923076923076
327.19544300000166,1.8679336605458425,0.9992307692307691,327.06773700000696,2.5262826711450845,0.18350427350427348
327.44141400000154,2.091403297099125,0.8392307692307692,327.31515300000666,2.317900641481927,0.45991452991452986
327.6879690000017,2.2467799682146774,0.558034188034188,327.56936100000695,2.1119620632907408,0.7985470085470088
327.9407370000016,2.306107165058478,0.4754700854700855,327.8091120000071,1.9252167354214356,0.9992307692307691
328.1878250000016,2.28085610379149,0.5137606837606838,328.0606700000069,1.7681714771400205,0.9992307692307691
328.4366640000018,2.2065878861710044,0.6286324786324787,328.32087600000693,1.6437673994621254,0.9992307692307691
328.68663700000195,2.125223882056673,0.7782051282051283,328.5568380000069,1.5503252303186317,0.9992307692307691
328.932126000002,2.072087917351597,0.8707692307692307,328.80396000000667,1.4838095949477577,0.9992307692307691
329.173650000002,2.0652185196561863,0.8753846153846153,329.05037300000663,1.4416229847237947,0.9992307692307691
329.42384500000185,2.1014550575559316,0.8152991452991454,329.2950800000068,1.4242337506003482,0.9992307692307691
329.67830100000197,2.156490936363722,0.7195726495726497,329.55149100000705,1.4347107992287917,0.9992307692307691
329.91773700000186,2.1893782957835324,0.6561538461538462,329.79812600000685,1.4766834488447174,0.9992307692307691
330.15419200000196,2.161719245515791,0.7111965811965812,330.0424510000068,1.5534149962768264,0.9992307692307691
330.4088190000019,2.061631029638601,0.8784615384615384,330.2930560000067,1.664887109375263,0.9992307692307691
330.65227300000225,1.9103298705276828,0.9992307692307691,330.53448700000666,1.8068179981801091,0.9992307692307691
330.9000980000023,1.7426218505575144,0.9992307692307691,330.78746100000654,1.9758713543556188,0.9715384615384615
331.1474820000024,1.5878715074077043,0.9992307692307691,331.02845400000643,2.1670307502907655,0.7004273504273505
331.3955440000024,1.4679973602110905,0.9992307692307691,331.27891700000674,2.3632718444251712,0.4012820512820512
331.63856000000237,1.4044872380225872,0.9992307692307691,331.5332840000066,2.538263953035496,0.17512820512820515
331.89200700000254,1.412017918140212,0.9992307692307691,331.78046300000653,2.6723878253631153,0.053846153846153814
332.1440140000024,1.4876909173060198,0.9992307692307691,332.02741900000643,2.756204407432776,0.0
332.38372000000226,1.6132172369615185,0.9992307692307691,332.25968500000664,2.7858231406467437,0.0
332.629678000002,1.7620951869173345,0.9992307692307691,332.50773300000645,2.7606032775950258,0.0
332.8860110000019,1.9061278238397252,0.9992307692307691,332.7606390000064,2.683060074501199,0.049230769230769265
333.12649300000186,2.022463820430133,0.9284615384615383,333.00961300000625,2.5596129649139208,0.15478632478632479
333.3762880000018,2.0959729658460877,0.8248717948717949,333.25768500000635,2.40307307384128,0.3534188034188034
333.6373650000017,2.1178365683536944,0.7901709401709403,333.5021430000064,2.235290539684497,0.5747863247863247
333.87494000000163,2.084180376081559,0.8546153846153846,333.7510740000065,2.0841214334335807,0.8546153846153846
334.1268260000015,1.9997127654855025,0.9523076923076923,333.9983250000067,1.9734531536542523,0.9738461538461537
334.36889800000137,1.8792917753181377,0.9992307692307691,334.2455820000068,1.9105352163602114,0.9992307692307691
334.6173700000014,1.7403863120702256,0.9992307692307691,334.49120800000645,1.8852815446500268,0.9992307692307691
334.8636480000015,1.5976000628539375,0.9992307692307691,334.7451770000066,1.8767196883444306,0.9992307692307691
335.11073100000135,1.4639313246004426,0.9992307692307691,334.99261600000665,1.861860283951076,0.9992307692307691
335.3591330000014,1.3508300929914383,0.9992307692307691,335.23757900000675,1.8245600916750335,0.9992307692307691
335.6040430000015,1.2659661972802774,0.9992307692307691,335.48441100000673,1.759903391349243,0.9992307692307691
335.8493780000015,1.2116756792498462,0.9992307692307691,335.7263120000067,1.6780028155502806,0.9992307692307691
336.1014000000015,1.1854368521113388,0.9992307692307691,335.9884220000067,1.598424075774368,0.9992307692307691
336.3478430000014,1.1814415102615365,0.9992307692307691,336.22068700000676,1.5369727794865244,0.9992307692307691
336.5892080000016,1.1933625560667311,0.9992307692307691,336.47226500000687,1.4976697226481812,0.9992307692307691
336.8428680000016,1.2396103987458318,0.9992307692307691,336.7283010000068,1.4812046213640193,0.9992307692307691
337.08639400000146,1.4280411018139407,0.9992307692307691,336.96865500000655,1.498207633411187,0.9992307692307691
337.34491100000145,1.8083773218195112,0.9992307692307691,337.21529200000646,1.5746410150793864,0.9992307692307691
337.58851800000133,2.2665831810512964,0.5341025641025641,337.46127800000676,1.7408740297329652,0.9992307692307691
337.8268480000015,2.7071789077968904,0.031538461538461536,337.7140970000067,2.008168370383795,0.94
338.0813380000015,3.0939881818891815,0.0,337.9552320000066,2.3629664909557917,0.4012820512820512
338.3302010000013,3.413994355302583,0.0,338.2055470000069,2.776911696481488,0.0
338.5693670000014,3.6590696091566093,0.0,338.44954900000687,3.214226761519857,0.0
338.8148000000014,3.82348415888813,0.0,338.70020600000703,3.6326741778567806,0.0
339.0644360000013,3.90122794351383,0.0,338.9494900000074,3.99636858202107,0.0
339.3123230000013,3.88015268069723,0.0,339.20057300000747,4.290866184487279,0.0
339.56121200000126,3.7394813101373194,0.0,339.4425360000075,4.515107231013211,0.0
339.8093830000011,3.4681820158900765,0.0,339.69411500000757,4.677106445625109,0.0
340.057521000001,3.117169196460223,0.0,339.94268200000755,4.790463562561278,0.0
340.30292100000077,2.779544957489153,0.0,340.1800350000075,4.855903479388752,0.0
340.56002800000084,2.4872640404998214,0.2337606837606838,340.4274330000076,4.851946064668775,0.0
340.8104280000009,2.232264207712851,0.5795726495726495,340.6824090000077,4.74850695492029,0.0
341.0473430000009,2.015995278135317,0.9323076923076922,340.92823600000753,4.534332385307393,0.0
341.2988650000009,1.8428219690289123,0.9992307692307691,341.17576900000756,4.241298441872109,0.0
341.542461000001,1.7186128142065804,0.9992307692307691,341.41457900000756,3.917518584968982,0.0
341.80832700000116,1.6475869288111415,0.9992307692307691,341.66209200000753,3.601358304799686,0.0
342.04496400000096,1.6285460270795828,0.9992307692307691,341.9225800000075,3.320008335799709,0.0
342.28731400000083,1.652915602552037,0.9992307692307691,342.15944600000716,3.0934547071051615,0.0
342.54592000000065,1.7052540601492625,0.9992307692307691,342.4168230000072,2.9293565713569882,0.0
342.7788460000005,1.765527610286914,0.9992307692307691,342.66312100000704,2.823561915106123,0.0
343.02878700000053,1.8156790965544443,0.9992307692307691,342.90208000000723,2.7631007843479236,0.0
343.2818620000005,1.8463899547305263,0.9992307692307691,343.14753800000733,2.726119351431888,0.019230769230769242
343.5244310000005,1.8576321799071258,0.9992307692307691,343.4004450000074,2.6872100401539685,0.04615384615384615
343.7727750000004,1.853568951049377,0.9992307692307691,343.6614980000075,2.624705713446251,0.0923076923076923
344.02524300000044,1.8441742288178313,0.9992307692307691,343.8963440000076,2.531416734802274,0.18230769230769223
344.2782400000004,1.8392578707406042,0.9992307692307691,344.13822300000766,2.413008415355999,0.34145299145299146
344.5230330000005,1.8375526304709506,0.9992307692307691,344.3959920000077,2.2783871579040054,0.5149572649572649
344.7618960000005,1.829937746337989,0.9992307692307691,344.63288200000767,2.1333010031455855,0.763846153846154
345.01926800000075,1.8082739280510598,0.9992307692307691,344.89424200000786,1.983979801885251,0.9638461538461538
345.25514900000076,1.7683127026919612,0.9992307692307691,345.1291930000078,1.8418732899214423,0.9992307692307691
345.50579200000067,1.7112050343197858,0.9992307692307691,345.3822380000076,1.7267093867209808,0.9992307692307691
345.7557610000005,1.643259958840983,0.9992307692307691,345.6377550000076,1.6766747142035006,0.9992307692307691
345.99757700000055,1.5700433540601713,0.9992307692307691,345.8717850000077,1.7341403473463026,0.9992307692307691
346.2444820000004,1.4907843827227367,0.9992307692307691,346.11978600000776,1.909329501804594,0.9992307692307691
346.4991280000003,1.3986475433966812,0.9992307692307691,346.37265400000757,2.1677115701731795,0.7004273504273505
346.74048200000055,1.289269390296638,0.9992307692307691,346.6125090000075,2.456480765458897,0.2768376068376068
346.9890980000006,1.172661070557244,0.9992307692307691,346.8776580000074,2.7313161561151746,0.016923076923076926
347.2431150000006,1.0645971552920552,0.9992307692307691,347.1191010000077,2.9635790883234425,0.0
347.4863470000005,0.9736608943489511,0.9992307692307691,347.3550740000077,3.137964377486769,0.0
347.7373830000005,0.9024761758601452,0.9992307692307691,347.5998980000079,3.2462255921976033,0.0
347.9758250000008,0.8541946593268674,0.9992307692307691,347.85103200000805,3.283239666267534,0.0
348.22581500000064,0.8360196859519493,0.9992307692307691,348.103437000008,3.2534530839235853,0.0
348.4718170000006,0.8770596447002853,0.9992307692307691,348.34579300000814,3.1768237100689194,0.0
348.71660000000077,0.9888505987430518,0.9992307692307691,348.5949770000082,3.089830981551084,0.0
348.9701380000009,1.1333752024491186,0.9992307692307691,348.8518250000081,3.034692239325051,0.0
349.2215420000008,1.2843910162174814,0.9992307692307691,349.0891670000083,3.047104997126622,0.0
349.47995600000075,1.4268852191388028,0.9992307692307691,349.3355530000085,3.1520518712276075,0.0
349.7203770000008,1.5500844040973942,0.9992307692307691,349.5809860000084,3.3619561682370875,0.0
349.9603630000008,1.6455586973395693,0.9992307692307691,349.8339600000083,3.66051583794225,0.0
350.20946000000083,1.7069039646447564,0.9992307692307691,350.0899240000082,3.991835801618665,0.0
350.46687600000087,1.7303244915031177,0.9992307692307691,350.3358610000082,4.284343727028928,0.0
350.70726700000074,1.7153313123173715,0.9992307692307691,350.58276300000813,4.491440512173811,0.0
350.95416200000057,1.66912526918134,0.9992307692307691,350.8252000000081,4.596870839959004,0.0
351.19460700000076,1.608608058030819,0.9992307692307691,351.0752380000081,4.60821448022079,0.0
351.45010400000075,1.5541879423404348,0.9992307692307691,351.33109800000824,4.54568040957083,0.0
351.6936730000009,1.520110581017387,0.9992307692307691,351.5660800000082,4.430831851538959,0.0
351.94054900000094,1.5129333568053884,0.9992307692307691,351.8100820000084,4.27850343647745,0.0
352.187237000001,1.5354259172792148,0.9992307692307691,352.0625000000086,4.103444223630213,0.0
352.435478000001,1.59213551391348,0.9992307692307691,352.30284600000846,3.927043908766194,0.0
352.686316000001,1.6960047008193317,0.9992307692307691,352.5507730000084,3.7616184380869933,0.0
352.925366000001,1.862084242418532,0.9992307692307691,352.8039410000083,3.6002394871234324,0.0
353.1742620000012,2.0836256268573967,0.8553846153846153,353.0532620000084,3.4251819350701247,0.0
353.4303670000011,2.32215081010535,0.4539316239316239,353.2899460000084,3.226205389137208,0.0
353.677743000001,2.5316430699214725,0.18230769230769223,353.5404160000086,3.008387950773062,0.0
353.9218700000011,2.685174487825009,0.048461538461538466,353.79539700000873,2.79059644491828,0.0
354.16745000000094,2.774564025221251,0.0,354.03906600000863,2.5969225033894068,0.11461538461538458
354.4143520000009,2.8023328121050666,0.0,354.28390400000865,2.444643949733343,0.29478632478632477
354.66740200000095,2.78197357944215,0.0,354.53308700000844,2.3412069338906853,0.4311965811965812
354.90736000000095,2.734813792424424,0.013846153846153812,354.77985800000823,2.285431908646796,0.5041880341880343
355.16427500000106,2.682772918881743,0.049230769230769265,355.02500800000814,2.272829081678093,0.5209401709401709
355.4034930000013,2.637529149596644,0.08153846153846152,355.2839600000082,2.2964860583674827,0.4886324786324786
355.65671900000126,2.5877589794000806,0.12307692307692304,355.52140300000804,2.3459849807148014,0.4264102564102564
355.8976900000015,2.5025241210951235,0.2098290598290598,355.77025000000805,2.4026432526684376,0.35461538461538467
356.1457340000014,2.3804749107611274,0.3773504273504274,356.01330000000814,2.443842925106746,0.295982905982906
356.3993730000016,2.2480058591270216,0.5556410256410257,356.2582600000081,2.458008283888292,0.27205128205128204
356.64616100000165,2.126239907369147,0.7758119658119659,356.51352000000804,2.4551013542193365,0.2768376068376068
356.8844400000017,2.0261356209951886,0.9253846153846154,356.75901000000806,2.4578886993473046,0.2732478632478633
357.15426400000166,1.9502641800872271,0.9984615384615384,357.0075800000081,2.485327120972781,0.2349572649572649
357.38064600000195,1.8955831234250287,0.9992307692307691,357.2539550000081,2.5472311765858366,0.16794871794871793
357.63163200000184,1.852026105997812,0.9992307692307691,357.5048950000084,2.650673292570982,0.07461538461538457
357.8837100000018,1.8043330142235456,0.9992307692307691,357.7472830000086,2.799085384697557,0.0
358.1255770000016,1.7389365443406108,0.9992307692307691,357.99882900000887,2.986487978248518,0.0
358.3822410000017,1.6576267384448302,0.9992307692307691,358.24235600000884,3.1928799248666095,0.0
358.6222220000016,1.5757220848825442,0.9992307692307691,358.4943950000088,3.3862661278965036,0.0
358.8657280000017,1.5043086309582647,0.9992307692307691,358.7347460000089,3.5416579339062255,0.0
359.13171000000153,1.446807359884188,0.9992307692307691,359.007809000009,3.6603260672556552,0.0
359.36653700000153,1.403996583071725,0.9992307692307691,359.26200300000914,3.762051163858499,0.0
359.6191790000014,1.3752889012256786,0.9992307692307691,359.4817560000092,3.8702979464628884,0.0
359.8643620000015,1.3594137473412686,0.9992307692307691,359.7317120000092,3.9995013660939946,0.0
360.1075350000013,1.3536295498244908,0.9992307692307691,359.975267000009,4.149628985362041,0.0
360.3668380000013,1.3524901944359586,0.9992307692307691,360.2252010000091,4.305326975757676,0.0
360.60747700000115,1.3480903937828597,0.9992307692307691,360.47196300000905,4.431689615987438,0.0
360.8533700000013,1.332107590754699,0.9992307692307691,360.7151040000092,4.474565417899575,0.0
361.0998010000012,1.3056130228196623,0.9992307692307691,360.9709540000092,4.38647848432277,0.0
361.3441790000011,1.290462761067176,0.9992307692307691,361.21976900000936,4.153729126821643,0.0
361.592096000001,1.3206663963516938,0.9992307692307691,361.46088900000933,3.803391685554184,0.0
361.843602000001,1.4202557764990766,0.9992307692307691,361.71484200000936,3.393731473079234,0.0
362.0871090000009,1.5781397864724747,0.9992307692307691,361.9648090000092,2.9918218821923213,0.0
362.33288500000083,1.7464665807147284,0.9992307692307691,362.20511000000937,2.6534376324760998,0.07230769230769225
362.59883100000064,1.8749267455460101,0.9992307692307691,362.4622660000094,2.410354468771896,0.3462393162393162
362.8327100000007,1.936478309776694,0.9992307692307691,362.6991330000094,2.27090899494713,0.5257264957264958
363.07418600000074,1.9275103150811097,0.9992307692307691,362.94860900000947,2.2318290667269443,0.5795726495726495
363.3271930000008,1.8584642314382611,0.9992307692307691,363.19573900000944,2.300996951814711,0.48264957264957264
363.5761690000008,1.7468567050919324,0.9992307692307691,363.4457400000093,2.4899616730255185,0.22658119658119658
363.81864600000114,1.6116637797692952,0.9992307692307691,363.69311500000947,2.78184707822327,0.0
364.06602600000093,1.4700174845990817,0.9992307692307691,363.9423210000096,3.118089115515235,0.0
364.316431000001,1.3350612435572367,0.9992307692307691,364.1913420000097,3.4284728913653195,0.0
364.5668430000009,1.2150596542652874,0.9992307692307691,364.4352220000096,3.661548068615828,0.0
364.83069300000085,1.11509189142692,0.9992307692307691,364.6845170000096,3.7865030097451036,0.0
365.062276000001,1.0409715777818276,0.9992307692307691,364.9295010000092,3.788261955123024,0.0
365.3212600000012,0.9972206502359605,0.9992307692307691,365.1744540000092,3.673223321718742,0.0
365.55918900000125,0.9818457405140603,0.9992307692307691,365.4318230000092,3.474514985932908,0.0
365.80863500000106,0.9892707368487028,0.9992307692307691,365.6711910000093,3.2445158389918407,0.0
366.05723300000096,1.013214207730221,0.9992307692307691,365.91918800000934,3.0360686533513657,0.0
366.298613000001,1.0478574205500624,0.9992307692307691,366.16521000000927,2.8809061017116795,0.0
366.5475530000011,1.0861843717285802,0.9992307692307691,366.412742000009,2.778585123741739,0.0
366.80204300000116,1.1181007196412438,0.9992307692307691,366.6746530000091,2.706072483284272,0.031538461538461536
367.0414240000013,1.132475883578391,0.9992307692307691,366.90931000000893,2.6417393058631653,0.07846153846153849
367.2892680000014,1.1224049461154757,0.9992307692307691,367.15478200000877,2.5752713133741434,0.1338461538461538
367.5356830000014,1.088463650675577,0.9992307692307691,367.4073480000087,2.505132132609139,0.2050427350427351
367.78513800000127,1.0358058492326152,0.9992307692307691,367.6527070000088,2.4320097623260555,0.31153846153846154
368.0286670000012,0.9734305179738602,0.9992307692307691,367.90927100000863,2.3651114801732427,0.4012820512820512
368.28219300000103,0.9159014389680498,0.9992307692307691,368.1495490000088,2.312716932006823,0.4670940170940171
368.524992000001,0.8759800983794991,0.9992307692307691,368.3945560000087,2.269968868253633,0.5281196581196581
368.774252000001,0.8575274754161526,0.9992307692307691,368.6459820000088,2.230234550542508,0.5807692307692307
369.034786000001,0.8575011069448992,0.9992307692307691,368.88617700000907,2.193749171398525,0.6453846153846153
369.29334500000107,0.8693371492249824,0.9992307692307691,369.1361240000092,2.164645742429422,0.7052136752136753
369.51921600000105,0.8856649765624878,0.9992307692307691,369.39470800000896,2.14009078569739,0.7447008547008548
369.76556600000106,0.8992502784486088,0.9992307692307691,369.63043000000914,2.110900141397743,0.7997435897435897
370.0080500000009,0.903220899706247,0.9992307692307691,369.8890850000092,2.067626709465687,0.8746153846153846
370.2567120000008,0.8929085426296719,0.9992307692307691,370.13405600000925,2.0071428012933548,0.9407692307692307
370.5131470000008,0.8679104144653728,0.9992307692307691,370.37446000000915,1.934645447205988,0.9992307692307691
370.75070300000067,0.8338135758919628,0.9992307692307691,370.61891500000917,1.8616327470808487,0.9992307692307691
371.00149200000055,0.7993822777178348,0.9992307692307691,370.87358900000936,1.7993665974870439,0.9992307692307691
371.2531070000005,0.7693036432052459,0.9992307692307691,371.12042000000935,1.750738320514614,0.9992307692307691
371.49946700000044,0.742699801302158,0.9992307692307691,371.3722720000092,1.7087846457848364,0.9992307692307691
371.7356200000005,0.7179701405458989,0.9992307692307691,371.6152360000091,1.6611291524526863,0.9992307692307691
371.9874820000006,0.7046171796465248,0.9992307692307691,371.85953800000914,1.6002235017545294,0.9992307692307691
372.23149100000086,0.7412382259417571,0.9992307692307691,372.11192200000914,1.5287190751422186,0.9992307692307691
372.50233800000075,0.8795184595362686,0.9992307692307691,372.3624900000092,1.4552859899639432,0.9992307692307691
372.7323120000007,1.1362475751887797,0.9992307692307691,372.60796600000907,1.3909991306462293,0.9992307692307691
372.97724400000055,1.474386238605487,0.9992307692307691,372.84902100000915,1.3516996199989635,0.9992307692307691
373.2314730000005,1.8328358740096065,0.9992307692307691,373.0978630000091,1.3540352789669252,0.9992307692307691
373.4795080000005,2.171383717189337,0.6908547008547008,373.35287000000915,1.4081179639495,0.9992307692307691
373.7398260000006,2.516568172712226,0.19188034188034192,373.59331300000935,1.5130815154345847,0.9992307692307691
373.9763250000007,2.8430333733516355,0.0,373.8449180000092,1.6560615394128142,0.9992307692307691
374.22025500000075,3.0869158605355027,0.0,374.0891070000091,1.8179847048525895,0.9992307692307691
374.46688400000113,3.2233481460676856,0.0,374.356672000009,1.9800919294664205,0.9653846153846153
374.70932600000117,3.265091417436876,0.0,374.5921970000089,2.12777977148447,0.7734188034188034
374.96448100000106,3.2462824763527682,0.0,374.83213200000904,2.251275429061836,0.5496581196581197
375.2072960000011,3.2011078394468826,0.0,375.07998300000895,2.3438775594280594,0.42999999999999994
375.46732700000143,3.145005878248779,0.0,375.32951300000906,2.4014920163324214,0.3558119658119658
375.7077510000014,3.0731752009615496,0.0,375.57482400000913,2.423612493181177,0.3211111111111111
375.9512110000015,2.9730484556342005,0.0,375.83235600000927,2.4176036558916927,0.3342735042735043
376.1901180000014,2.835571826485558,0.0,376.0699430000093,2.403213005670776,0.3534188034188034
376.44081100000136,2.653576811824612,0.07153846153846154,376.3202610000093,2.408325868624331,0.3486324786324786
376.6874300000015,2.432317900616996,0.31153846153846154,376.5606400000092,2.443773564270409,0.295982905982906
376.9362430000016,2.2111205483080614,0.619059829059829,376.8111540000093,2.4947643861101456,0.21581196581196577
377.18995400000176,2.036352693754906,0.9123076923076923,377.06794800000915,2.5368377169243868,0.17512820512820515
377.4347710000017,1.9208456326975911,0.9992307692307691,377.30707300000904,2.5528774276665325,0.1595726495726495
377.6810830000019,1.8610805032002626,0.9992307692307691,377.56811000000897,2.539456408623874,0.1739316239316239
377.93455900000185,1.842905206338982,0.9992307692307691,377.8061220000088,2.508153801882854,0.20264957264957262
378.17408400000176,1.8408087351900018,0.9992307692307691,378.0503880000087,2.5413428890910565,0.17153846153846156
378.42694400000175,1.8257242618954614,0.9992307692307691,378.2980340000086,2.7330573370177884,0.015384615384615411
378.66756700000167,1.777941608559527,0.9992307692307691,378.5539120000088,3.0151252346364545,0.0
378.93750300000136,1.6937856479591629,0.9992307692307691,378.7924380000088,3.29249675498757,0.0
379.1650700000012,1.5811569817562532,0.9992307692307691,379.04487000000864,3.5082510894639016,0.0
379.4181190000012,1.4537769348731944,0.9992307692307691,379.2951500000085,3.638705993815884,0.0
379.6606510000014,1.3346136654111054,0.9992307692307691,379.5350910000085,3.6897857853172726,0.0
379.91337200000123,1.2532401815712848,0.9992307692307691,379.7811990000086,3.6815301097024276,0.0
380.17011300000104,1.2319961348581092,0.9992307692307691,380.0297300000087,3.631607635874739,0.0
380.40664100000106,1.2731949482368954,0.9992307692307691,380.2771060000087,3.5449952840096755,0.0
380.65462800000097,1.359685649159823,0.9992307692307691,380.5251790000088,3.4071017399626378,0.0
380.8946550000011,1.4696370464287611,0.9992307692307691,380.785914000009,3.177410465570877,0.0
381.15456500000124,1.5809321142429649,0.9992307692307691,381.01991500000895,2.8349662973081786,0.0
381.4001450000014,1.6740630070570777,0.9992307692307691,381.2646450000092,2.4714512327430733,0.24811965811965808
381.6589970000013,1.7353439024709094,0.9992307692307691,381.514621000009,2.1747496907007164,0.6800854700854702
381.8857440000014,1.754936668689742,0.9992307692307691,381.7675310000089,1.9468169531785944,0.9992307692307691
382.14017300000154,1.7289509940252485,0.9992307692307691,382.02651100000907,1.7745453665681135,0.9992307692307691
382.3842670000015,1.665195362175411,0.9992307692307691,382.26560100000904,1.6541614838492569,0.9992307692307691
382.6306340000017,1.580519314135567,0.9992307692307691,382.5153860000091,1.585768942762862,0.9992307692307691
382.8796830000018,1.4904426067040148,0.9992307692307691,382.7532250000089,1.56613984629671,0.9992307692307691
383.12558700000193,1.4024181520566108,0.9992307692307691,382.9998160000089,1.5850085200344213,0.9992307692307691
383.38516600000173,1.3180877398029491,0.9992307692307691,383.245804000009,1.6266688212745912,0.9992307692307691
383.6222310000018,1.2542169806596575,0.9992307692307691,383.4926560000092,1.6755454686154985,0.9992307692307691
383.87036400000187,1.2902066048352172,0.9992307692307691,383.74368900000917,1.7195758042832532,0.9992307692307691
384.1157680000018,1.4288585920543166,0.9992307692307691,383.99358400000887,1.7487321731299843,0.9992307692307691
384.3610880000019,1.5983508729475924,0.9992307692307691,384.2353480000089,1.7530585478959713,0.9992307692307691
384.61510700000196,1.7553913019722718,0.9992307692307691,384.4847750000089,1.7275015727193528,0.9992307692307691
384.859779000002,1.8819667362128523,0.9992307692307691,384.73737400000886,1.6759680629629328,0.9992307692307691
385.10283900000195,1.9725009902415958,0.9746153846153846,384.9781430000089,1.6069631391098163,0.9992307692307691
385.357693000002,2.02764133760605,0.9246153846153845,385.2254110000089,1.5275267869698725,0.9992307692307691
385.62419000000193,2.0522559659679054,0.8884615384615384,385.4730380000086,1.4426966805087948,0.9992307692307691
385.84800000000195,2.0529523428215173,0.8876923076923077,385.7286090000084,1.35951181247731,0.9992307692307691
386.09604600000205,2.033124345082559,0.9169230769230768,385.96395100000836,1.2869040758042982,0.9992307692307691
386.346437000002,1.9860205678715797,0.9623076923076922,386.2177940000085,1.2293732289787211,0.9992307692307691
386.60106100000195,1.8901935092979705,0.9992307692307691,386.49249600000843,1.1829357326598875,0.9992307692307691
386.8370090000019,1.729852361322183,0.9992307692307691,386.71133600000854,1.1410757490976247,0.9992307692307691
387.0877560000018,1.5672549666287998,0.9992307692307691,386.96133300000866,1.1005400781185046,0.9992307692307691
387.3369050000018,1.4689308166103887,0.9992307692307691,387.2107770000088,1.062523846162898,0.9992307692307691
387.58133700000195,1.4263013867482128,0.9992307692307691,387.4591280000088,1.0309780321838962,0.9992307692307691
387.8524420000021,1.4195620486177807,0.9992307692307691,387.7026910000087,1.0111421432650562,0.9992307692307691
388.07447700000193,1.4299753342735195,0.9992307692307691,387.9469010000088,1.0086221853703525,0.9992307692307691
388.32358300000186,1.443972055202258,0.9992307692307691,388.2064370000089,1.028368374152657,0.9992307692307691
388.5699120000017,1.4541091225153182,0.9992307692307691,388.4498310000088,1.0723193873099277,0.9992307692307691
388.8184720000019,1.458246375180779,0.9992307692307691,388.69304300000886,1.135729237587495,0.9992307692307691
389.0658710000019,1.4578990004685817,0.9992307692307691,388.9396550000092,1.2023707355131066,0.9992307692307691
389.31140100000164,1.454793795127419,0.9992307692307691,389.20010400000916,1.2500976933890535,0.9992307692307691
389.56139400000154,1.4460451961707288,0.9992307692307691,389.433576000009,1.2702810958511628,0.9992307692307691
389.80813300000153,1.4231632448907439,0.9992307692307691,389.69544300000894,1.277722956898157,0.9992307692307691
390.05621000000144,1.377097054540176,0.9992307692307691,389.933825000009,1.299173819572024,0.9992307692307691
390.30420000000174,1.306021859477133,0.9992307692307691,390.179586000009,1.3587520616949218,0.9992307692307691
390.5542030000017,1.2178234475173166,0.9992307692307691,390.42273000000887,1.467866109954776,0.9992307692307691
390.7989030000016,1.1252978690072832,0.9992307692307691,390.67519200000856,1.6212703091895326,0.9992307692307691
391.05031000000145,1.0399216179936484,0.9992307692307691,390.9199910000086,1.799595616528276,0.9992307692307691
391.29886100000135,0.9701217954689922,0.9992307692307691,391.1684740000086,1.9757705769198781,0.9715384615384615
391.5502810000012,0.9214064498060928,0.9992307692307691,391.4239280000088,2.1219291036578505,0.7841880341880343
391.80333900000124,0.89653241405545,0.9992307692307691,391.6582880000087,2.215123613664754,0.6082905982905983
392.0364240000013,0.8960696665702281,0.9992307692307691,391.9068860000087,2.2398264621105413,0.5652136752136753
392.3176440000014,0.9181012640960194,0.9992307692307691,392.1627260000088,2.1944259145797025,0.6453846153846153
392.5333520000014,0.9557839828387131,0.9992307692307691,392.4022770000087,2.0942067515191494,0.830854700854701
392.78085200000123,0.9987712358537891,0.9992307692307691,392.6531660000088,1.9678923036248093,0.9815384615384615
393.0313090000013,1.0365590962258846,0.9992307692307691,392.90623000000875,1.8509935564432642,0.9992307692307691
393.27436700000123,1.0620696662966864,0.9992307692307691,393.14563100000885,1.7810304107385198,0.9992307692307691
393.53436000000113,1.0730068115487685,0.9992307692307691,393.3944010000089,1.7703193486582998,0.9992307692307691
393.7682990000011,1.0698960071963959,0.9992307692307691,393.6483620000088,1.797684466299861,0.9992307692307691
394.021214000001,1.05406622788708,0.9992307692307691,393.8974600000087,1.8420920231866513,0.9992307692307691
394.269764000001,1.0270492143576007,0.9992307692307691,394.135373000009,1.8934009961313052,0.9992307692307691
394.5142370000013,0.9919948228412858,0.9992307692307691,394.3933070000087,1.946810461310022,0.9992307692307691
394.75837700000125,0.9558393197828726,0.9992307692307691,394.6392940000088,1.9990906324136546,0.9530769230769229
395.0133210000014,0.9279655514571186,0.9992307692307691,394.88167100000896,2.046522316469753,0.8984615384615383
395.2577660000014,0.91384439932803,0.9992307692307691,395.12715700000894,2.0835282058386237,0.8553846153846153
395.5228200000013,0.9120325701876011,0.9992307692307691,395.3731590000091,2.1018895034997405,0.8152991452991454
395.75433600000144,0.91814777182698,0.9992307692307691,395.626644000009,2.09222343949976,0.836837606837607
395.99973900000157,0.9290563368026414,0.9992307692307691,395.87262500000895,2.050273607661083,0.893076923076923
396.2447100000016,0.9455174062086278,0.9992307692307691,396.12156300000885,1.9835143477182404,0.9638461538461538
396.49464500000164,0.9710498052219452,0.9992307692307691,396.35942500000874,1.9114897674863296,0.9992307692307691
396.7419710000016,1.0093581015694062,0.9992307692307691,396.61403000000865,1.8585964988635753,0.9992307692307691
396.9930280000018,1.0616678939440338,0.9992307692307691,396.8674270000089,1.8438017140495746,0.9992307692307691
397.23722400000196,1.1252879810182073,0.9992307692307691,397.105855000009,1.8715622994399483,0.9992307692307691
397.49766400000186,1.1929675163628677,0.9992307692307691,397.3748910000088,1.9294735970854453,0.9992307692307691
397.73412300000183,1.254525218377639,0.9992307692307691,397.60684200000884,1.9934109180059858,0.9584615384615384
397.9804810000017,1.3024069508020109,0.9992307692307691,397.8461510000088,2.034852448249485,0.9153846153846152
398.2357710000017,1.3425256986313825,0.9992307692307691,398.1013110000089,2.036340132441473,0.9123076923076923
398.4717090000016,1.3912198306099934,0.9992307692307691,398.3503330000091,2.005714335538385,0.9423076923076923
398.73285100000174,1.4626635784354696,0.9992307692307691,398.594168000009,1.9629716973921825,0.9861538461538462
398.9733040000017,1.5583765784047054,0.9992307692307691,398.84272800000895,1.9173394099686631,0.9992307692307691
399.21521700000176,1.6607582929275455,0.9992307692307691,399.09003800000903,1.8620333069407153,0.9992307692307691
399.47289800000163,1.740864704606467,0.9992307692307691,399.3367890000091,1.7829608813614786,0.9992307692307691
399.7105440000015,1.7733265940851433,0.9992307692307691,399.5848500000091,1.6750073616814194,0.9992307692307691
399.9887740000015,1.7472336384676297,0.9992307692307691,399.839139000009,1.548887077128518,0.9992307692307691
400.21432900000156,1.6763217411008036,0.9992307692307691,400.077572000009,1.4215253394559597,0.9992307692307691
400.45301200000154,1.58999111423014,0.9992307692307691,400.32500200000896,1.306145279657849,0.9992307692307691
400.7061740000017,1.5153783835351662,0.9992307692307691,400.587522000009,1.2117510283761836,0.9992307692307691
400.95719500000155,1.4698605902578907,0.9992307692307691,400.82358100000926,1.1444539110577756,0.9992307692307691
401.19650700000165,1.4638883986322737,0.9992307692307691,401.07766300000924,1.1062912738157593,0.9992307692307691
401.447856000002,1.4988023123578547,0.9992307692307691,401.31610300000926,1.0957246672639467,0.9992307692307691
401.69381800000195,1.5601619654217818,0.9992307692307691,401.5681160000092,1.1076683983666595,0.9992307692307691
401.939550000002,1.620854977007002,0.9992307692307691,401.81951700000934,1.134103303321182,0.9992307692307691
402.1891170000017,1.6527442845725258,0.9992307692307691,402.0670680000094,1.1672704020507956,0.9992307692307691
402.4400230000017,1.638726899467123,0.9992307692307691,402.3116770000094,1.204195534259946,0.9992307692307691
402.6981210000017,1.5818828614239482,0.9992307692307691,402.55445500000934,1.2470825326191504,0.9992307692307691
402.9345600000017,1.5013100742453969,0.9992307692307691,402.8063540000093,1.2958521445506204,0.9992307692307691
403.1941590000019,1.418421707509002,0.9992307692307691,403.0746470000092,1.3416013892415686,0.9992307692307691
403.42096200000185,1.345651442100718,0.9992307692307691,403.2963220000093,1.3734528354127646,0.9992307692307691
403.6774700000019,1.28408942117077,0.9992307692307691,403.54745800000927,1.387417352010877,0.9992307692307691
403.9193230000021,1.2283931062455091,0.9992307692307691,403.7981490000093,1.3856862331560311,0.9992307692307691
404.1669460000022,1.1708013652453886,0.9992307692307691,404.04118200000926,1.3719965441144524,0.9992307692307691
404.41743100000224,1.110938796236744,0.9992307692307691,404.28619200000946,1.3491954547607274,0.9992307692307691
404.6583800000022,1.0671804741802315,0.9992307692307691,404.5439990000094,1.318926497568319,0.9992307692307691
404.91145700000226,1.0429449272331648,0.9992307692307691,404.78706600000936,1.2826902816605132,0.9992307692307691
405.1642970000022,1.0284043680740944,0.9992307692307691,405.0499070000093,1.2439388232631745,0.9992307692307691
405.4033180000021,1.018036523013627,0.9992307692307691,405.2798790000093,1.2093579608200888,0.9992307692307691
405.64779800000224,1.0104272856794956,0.9992307692307691,405.5293470000092,1.1893088172765243,0.9992307692307691
405.8991850000019,1.0059578782937968,0.9992307692307691,405.7798640000093,1.1962765610010084,0.9992307692307691
406.1452210000019,1.00777531339738,0.9992307692307691,406.0248210000095,1.2409479958390168,0.9992307692307691
406.416656000002,1.0201184245390134,0.9992307692307691,406.2793340000097,1.3284565624507034,0.9992307692307691
406.6422650000021,1.0451073623858775,0.9992307692307691,406.51442600000985,1.4522465470673354,0.9992307692307691
406.89085700000203,1.0809166746128507,0.9992307692307691,406.76442000000986,1.5935229767483037,0.9992307692307691
407.13572100000215,1.1214540480287467,0.9992307692307691,407.0086200000096,1.7292618830163309,0.9992307692307691
407.39082400000234,1.1568069584169522,0.9992307692307691,407.25999400000956,1.8437750685367964,0.9992307692307691
407.6358710000023,1.174419705090727,0.9992307692307691,407.5049620000095,1.9334079688884844,0.9992307692307691
407.8792790000022,1.1647525408308455,0.9992307692307691,407.7523310000093,2.003772425274371,0.9446153846153845
408.1313210000021,1.1258817790715479,0.9992307692307691,407.9988390000094,2.060652756159217,0.8792307692307691
408.3788250000023,1.064750555450384,0.9992307692307691,408.25965500000933,2.1019664014093205,0.8152991452991454
408.62220500000234,0.9923139640681564,0.9992307692307691,408.4932100000095,2.113841611728491,0.7973504273504275
408.86818300000243,0.9203736843205533,0.9992307692307691,408.7468130000095,2.0791289373139374,0.8615384615384615
409.11671500000244,0.8612332068951164,0.9992307692307691,408.9946850000098,1.9929296941640067,0.9584615384615384
409.3621900000022,0.8277679086292876,0.9992307692307691,409.24208100000976,1.8647532706096872,0.9992307692307691
409.6166630000025,0.8293026856442121,0.9992307692307691,409.5138240000099,1.7108347450305927,0.9992307692307691
409.8570060000026,0.8669731157359599,0.9992307692307691,409.73732000001,1.5507880030008296,0.9992307692307691
410.1041930000024,0.9315099935857125,0.9992307692307691,409.9780830000098,1.403723979753533,0.9992307692307691
410.3581400000025,1.0054553602281822,0.9992307692307691,410.2317730000098,1.2856805996441938,0.9992307692307691
410.5993290000024,1.0689790859492816,0.9992307692307691,410.48210300000994,1.2068880366309402,0.9992307692307691
410.8718880000023,1.1068020235083629,0.9992307692307691,410.72321200001,1.1709121480292486,0.9992307692307691
411.0967010000022,1.110513636233302,0.9992307692307691,410.97005600001023,1.1754031670387461,0.9992307692307691
411.3428110000022,1.0779159933964937,0.9992307692307691,411.2148720000101,1.213742723661287,0.9992307692307691
411.5991050000022,1.0138286446443596,0.9992307692307691,411.4737100000103,1.2772542997329892,0.9992307692307691
411.8481900000024,0.930754629806409,0.9992307692307691,411.71534600001047,1.3589557307475268,0.9992307692307691
412.0901360000026,0.8486488618385621,0.9992307692307691,411.96077800001046,1.4538006249533502,0.9992307692307691
412.34099800000274,0.7926509412396355,0.9992307692307691,412.20576300001056,1.55500165475318,0.9992307692307691
412.58144900000275,0.787287385827046,0.9992307692307691,412.46131600001047,1.6531377933076958,0.9992307692307691
412.8293430000026,0.8449351905690488,0.9992307692307691,412.7240540000105,1.7368665158316552,0.9992307692307691
413.0869160000027,0.9614120110490474,0.9992307692307691,412.9530950000102,1.7974917909452561,0.9992307692307691
413.3328100000027,1.1235571228351044,0.9992307692307691,413.2014070000105,1.8306175958031705,0.9992307692307691
413.5739040000029,1.315551795888927,0.9992307692307691,413.4488280000105,1.8318961945625112,0.9992307692307691
413.81719600000304,1.5209728976649568,0.9992307692307691,413.69998400001066,1.7972022881764727,0.9992307692307691
414.075117000003,1.7216849177942841,0.9992307692307691,413.9414370000107,1.7276512913583906,0.9992307692307691
414.3322190000031,1.896218444443812,0.9992307692307691,414.1894180000105,1.6362947555705736,0.9992307692307691
414.5666640000032,2.018523401802177,0.9307692307692307,414.4348810000104,1.5433515148950965,0.9992307692307691
414.8181250000033,2.061674965997308,0.8784615384615384,414.69487300001055,1.465560193809707,0.9992307692307691
415.0622300000036,2.0130977381468553,0.936153846153846,414.9413800000103,1.408727950601819,0.9992307692307691
415.3021780000036,1.8900024237743147,0.9992307692307691,415.17768400001034,1.3712280421986471,0.9992307692307691
415.5521650000036,1.7295134285732159,0.9992307692307691,415.4307850000101,1.3512754584611235,0.9992307692307691
415.80928900000373,1.5656991740563606,0.9992307692307691,415.6808680000101,1.3538607231575357,0.9992307692307691
416.05207000000377,1.4151933999199877,0.9992307692307691,415.94134200001,1.389734737792939,0.9992307692307691
416.30009000000365,1.2830658847088816,0.9992307692307691,416.1738830000101,1.4749103279944145,0.9992307692307691
416.54641900000354,1.1695560020082196,0.9992307692307691,416.4218840000098,1.6217793084647862,0.9992307692307691
416.79249000000357,1.0716722956942983,0.9992307692307691,416.6647960000098,1.825427158260048,0.9992307692307691
417.04346000000345,0.986578343421489,0.9992307692307691,416.9137860000097,2.055767354298326,0.8846153846153846
417.28550600000347,0.9127390899896486,0.9992307692307691,417.15434400000964,2.2703684407321325,0.5269230769230768
417.54040300000366,0.8526716365113709,0.9992307692307691,417.41086000000996,2.4327520855872202,0.31153846153846154
417.7803050000036,0.8135740110815626,0.9992307692307691,417.65080900000993,2.516383208725653,0.19188034188034192
418.0293730000035,0.8110774894929406,0.9992307692307691,417.90989000000985,2.5071661925250277,0.20264957264957262
418.2749480000037,0.8720023604070722,0.9992307692307691,418.1497040000097,2.410560922667055,0.3462393162393162
418.54093400000363,1.025854844757611,0.9992307692307691,418.3981750000097,2.2530084218724613,0.5496581196581197
418.77575500000387,1.2936793754668323,0.9992307692307691,418.6429080000095,2.0708285580573955,0.8715384615384615
419.017685000004,1.6762122509216049,0.9992307692307691,418.89404400000944,1.9018607782489547,0.9992307692307691
419.26777600000406,2.145717503967233,0.7351282051282051,419.1484630000094,1.7799465845853604,0.9992307692307691
419.5135990000043,2.640386504828357,0.08076923076923072,419.38637800000936,1.7291676819382567,0.9992307692307691
419.7625650000043,3.072960462939212,0.0,419.64003800000944,1.7591105652567025,0.9992307692307691
420.0099120000043,3.3584961335248296,0.0,419.88628500000954,1.8600155155078562,0.9992307692307691
420.2584550000045,3.4461084539745004,0.0,420.13180600000953,2.002796403868092,0.9453846153846153
420.5048520000045,3.3615110576950067,0.0,420.3930970000094,2.146211763526964,0.7327350427350429
420.7613090000044,3.2180763949929108,0.0,420.6235870000093,2.248113110733054,0.5556410256410257
421.00408700000435,3.0931685219206893,0.0,420.87647900000934,2.2769942617974532,0.5161538461538462
421.2466560000046,2.9993732212550577,0.0,421.1235560000093,2.2223706289682115,0.5927350427350426
421.49597600000465,2.928228861925115,0.0,421.3736270000092,2.100132341546005,0.8164957264957267
421.75199500000446,2.870430486696667,0.0,421.61574100000905,1.9456039903805673,0.9992307692307691
421.99918400000456,2.823586169878222,0.0,421.87504000000894,1.7973536569625856,0.9992307692307691
422.23618200000453,2.790847750257828,0.0,422.11616700000883,1.6793902303502555,0.9992307692307691
422.4847160000043,2.773244883909789,0.0,422.36166700000877,1.5953133722313657,0.9992307692307691
422.7365180000042,2.7620130753915184,0.0,422.6109930000087,1.5358249910482078,0.9992307692307691
423.01348500000427,2.731761276599017,0.016923076923076926,422.8504850000087,1.4933148811970758,0.9992307692307691
423.23129600000453,2.6325973259419055,0.08461538461538463,423.1000640000087,1.4675383692524997,0.9992307692307691
423.48127000000443,2.4296939542150695,0.31273504273504266,423.3491200000086,1.462500741687975,0.9992307692307691
423.7247650000044,2.2072566779119347,0.6286324786324787,423.62499400000854,1.4803286738510077,0.9992307692307691
423.9743900000043,2.053031461791382,0.8876923076923077,423.8416040000087,1.5171422274206474,0.9992307692307691
424.2193730000043,1.9709961890142655,0.9753846153846153,424.0890180000087,1.5636538853720883,0.9992307692307691
424.4671840000041,1.9413848388918353,0.9992307692307691,424.33834600000876,1.6071632835330478,0.9992307692307691
424.71763900000417,1.9352741442684702,0.9992307692307691,424.58826200000874,1.6357793755385521,0.9992307692307691
424.9601780000042,1.921288014209871,0.9992307692307691,424.83412700000883,1.641434537721158,0.9992307692307691
425.2116510000043,1.876680986012526,0.9992307692307691,425.07994600000876,1.6217805802466305,0.9992307692307691
425.46015300000437,1.7919446744924044,0.9992307692307691,425.3285050000088,1.5797457398487351,0.9992307692307691
425.7053830000043,1.6687550269037286,0.9992307692307691,425.5778360000091,1.5225735441985782,0.9992307692307691
425.9539750000044,1.5184574829610349,0.9992307692307691,425.8294240000091,1.4600167279792047,0.9992307692307691
426.21707100000447,1.3602046374494494,0.9992307692307691,426.07272000000904,1.4005138546556106,0.9992307692307691
426.45406500000445,1.215097917521112,0.9992307692307691,426.3198110000092,1.3494729396804304,0.9992307692307691
426.70594300000454,1.0968443783363786,0.9992307692307691,426.5726970000094,1.3107851573410914,0.9992307692307691
426.9459400000044,1.0085109120407802,0.9992307692307691,426.8176860000095,1.28793693815087,0.9992307692307691
427.18914900000425,0.9462589609969551,0.9992307692307691,427.05808800000943,1.2821233255005664,0.9992307692307691
427.44075800000405,0.9047967827340617,0.9992307692307691,427.3124370000095,1.2909300372114194,0.9992307692307691
427.6836800000041,0.8785038606291706,0.9992307692307691,427.57140300000935,1.3065577789736036,0.9992307692307691
427.9451870000042,0.860391756470763,0.9992307692307691,427.8069880000093,1.3165259133638754,0.9992307692307691
428.18503200000407,0.8429786283715893,0.9992307692307691,428.07491100000925,1.310810010763441,0.9992307692307691
428.42906800000424,0.8212497939678998,0.9992307692307691,428.3064950000092,1.2866582985498574,0.9992307692307691
428.6749670000042,0.7955097579095495,0.9992307692307691,428.55292400000945,1.2479757660705673,0.9992307692307691
428.9249300000042,0.770660916437447,0.9992307692307691,428.79290000000947,1.2011706439343195,0.9992307692307691
429.1668200000042,0.7527873575964118,0.9992307692307691,429.0395240000095,1.152252138296265,0.9992307692307691
429.4284050000039,0.7473226466675962,0.9992307692307691,429.2859290000095,1.1065322307541126,0.9992307692307691
429.65921400000417,0.7583221729708781,0.9992307692307691,429.5339850000096,1.0697243887115406,0.9992307692307691
429.9198490000042,0.7859998966896149,0.9992307692307691,429.78687400000956,1.0476036846301062,0.9992307692307691
430.1533790000044,0.8237849514749789,0.9992307692307691,430.0308790000096,1.0455429523538866,0.9992307692307691
430.4101200000047,0.8597894127520137,0.9992307692307691,430.2773260000097,1.0661157589337777,0.9992307692307691
430.6896380000046,0.8832121099024639,0.9992307692307691,430.52227100000965,1.1050342534394382,0.9992307692307691
430.89839700000454,0.8911867098029367,0.9992307692307691,430.7678660000096,1.1501969363763183,0.9992307692307691
431.14834400000456,0.8882875498591285,0.9992307692307691,431.0233470000096,1.1890329196710423,0.9992307692307691
431.3982960000047,0.8820039552637291,0.9992307692307691,431.28731100000965,1.2161253992589451,0.9992307692307691
431.6423620000046,0.8790403154883281,0.9992307692307691,431.5156630000096,1.2339204817761709,0.9992307692307691
431.8902170000046,0.8834982593510832,0.9992307692307691,431.7641740000095,1.2477018414849173,0.9992307692307691
432.1461280000044,0.8946777710196754,0.9992307692307691,432.01222400000927,1.2626412325455467,0.9992307692307691
432.3915910000042,0.9058444458556119,0.9992307692307691,432.258000000009,1.2814627197609283,0.9992307692307691
432.63400800000426,0.9077478507099611,0.9992307692307691,432.512051000009,1.3030937090225503,0.9992307692307691
432.8872230000044,0.8958517396207275,0.9992307692307691,432.7545850000092,1.324030331152847,0.9992307692307691
433.13063900000435,0.8726445469770914,0.9992307692307691,433.00902900000926,1.3419735338244139,0.9992307692307691
433.3748480000042,0.8451002335737379,0.9992307692307691,433.24967900000934,1.3555527933878246,0.9992307692307691
433.61912500000415,0.8207413260645211,0.9992307692307691,433.4924500000094,1.362346511016506,0.9992307692307691
433.89312400000415,0.8051225210993116,0.9992307692307691,433.74307900000923,1.3613466171192858,0.9992307692307691
434.132772000004,0.7997291859593109,0.9992307692307691,433.98830800000934,1.3532580904696399,0.9992307692307691
434.37630800000403,0.8033061311575984,0.9992307692307691,434.2374380000092,1.3380331780955768,0.9992307692307691
434.61258400000406,0.8129078499914522,0.9992307692307691,434.4854900000094,1.316345431447065,0.9992307692307691
434.866081000004,0.8250055092924451,0.9992307692307691,434.7360600000095,1.292174259680804,0.9992307692307691
435.11368700000395,0.8370505982159716,0.9992307692307691,434.98718000000963,1.2723592679817912,0.9992307692307691
435.3565880000039,0.8475890171702547,0.9992307692307691,435.22908300000967,1.2632459546527557,0.9992307692307691
435.6009860000039,0.8547458072779758,0.9992307692307691,435.4751450000099,1.2687261201268525,0.9992307692307691
435.85401600000387,0.8551445061709658,0.9992307692307691,435.7440200000101,1.292089250074741,0.9992307692307691
436.1003310000041,0.8449953269167736,0.9992307692307691,435.9714490000101,1.333925613639669,0.9992307692307691
436.3519050000043,0.8263287286624472,0.9992307692307691,436.22106100001014,1.3883233837827957,0.9992307692307691
436.5978490000044,0.8091655452082693,0.9992307692307691,436.4683700000102,1.4402947126256573,0.9992307692307691
436.8442710000043,0.8071035730008651,0.9992307692307691,436.7159350000101,1.475275245307277,0.9992307692307691
437.10262800000436,0.8323576424547191,0.9992307692307691,436.96321000001,1.485590547669008,0.9992307692307691
437.3423010000044,0.8934553203751558,0.9992307692307691,437.21521500001006,1.4718352538706982,0.9992307692307691
437.58419900000433,0.9938718354603218,0.9992307692307691,437.4517250000102,1.4431268662318688,0.9992307692307691
437.8384880000045,1.1304660055749896,0.9992307692307691,437.6999780000101,1.4130198444620055,0.9992307692307691
438.0778060000044,1.2908039118146377,0.9992307692307691,437.9460660000101,1.3941395627595508,0.9992307692307691
438.32847200000407,1.4502046554907315,0.9992307692307691,438.2031680000101,1.3953281796044545,0.9992307692307691
438.58099900000394,1.571409995190428,0.9992307692307691,438.4399050000104,1.4199355977105763,0.9992307692307691
438.82295400000385,1.6196413115441746,0.9992307692307691,438.6924510000105,1.463217639602669,0.9992307692307691
439.07600600000404,1.5876050307753957,0.9992307692307691,438.9498890000104,1.5103568753682914,0.9992307692307691
439.324311000004,1.5001623967944142,0.9992307692307691,439.18302200001057,1.5419153963139767,0.9992307692307691
439.5703150000039,1.3895654809172402,0.9992307692307691,439.43958000001066,1.5438818121010298,0.9992307692307691
439.81468200000376,1.2749418038115432,0.9992307692307691,439.67890600001067,1.5154185172327206,0.9992307692307691
440.0582150000037,1.1611902997872718,0.9992307692307691,439.9278490000107,1.4692682445673666,0.9992307692307691
440.3165180000036,1.0501882822904103,0.9992307692307691,440.1782790000105,1.422391716841073,0.9992307692307691
440.55651300000363,0.9448051025635235,0.9992307692307691,440.4267850000107,1.3853434086044705,0.9992307692307691
440.8047880000035,0.8492256047989952,0.9992307692307691,440.6664270000108,1.3571597472295318,0.9992307692307691
441.0554030000033,0.7677920810765849,0.9992307692307691,440.91490000001085,1.3297203016698833,0.9992307692307691
441.3007050000033,0.7040719183541317,0.9992307692307691,441.1669050000107,1.2982430794892998,0.9992307692307691
441.5632560000033,0.659537950220928,0.9992307692307691,441.41187700001063,1.2657493396047124,0.9992307692307691
441.7938240000033,0.6344840718934054,0.9992307692307691,441.65970800001054,1.2407310294053882,0.9992307692307691
442.0373680000033,0.6340626499062265,0.9992307692307691,441.90824400001054,1.2308908842503556,0.9992307692307691
442.29051200000316,0.6687884729305884,0.9992307692307691,442.16297400001065,1.2358343009181776,0.9992307692307691
442.5394230000031,0.743785231498199,0.9992307692307691,442.39978000001076,1.2437159243555596,0.9992307692307691
442.78416900000326,0.8528265735139722,0.9992307692307691,442.65281200001084,1.23770231398815,0.9992307692307691
443.0353110000031,0.993784203685226,0.9992307692307691,442.89607900001073,1.2068310394620716,0.9992307692307691
443.2768090000031,1.1721467390542317,0.9992307692307691,443.15266900001063,1.1519742333688223,0.9992307692307691
443.524882000003,1.3649168629290405,0.9992307692307691,443.4109360000107,1.0815428292759517,0.9992307692307691
443.77743100000305,1.5406198840259198,0.9992307692307691,443.6462190000107,1.006674875134861,0.9992307692307691
444.02480900000296,1.6783898995488058,0.9992307692307691,443.88781700001067,0.9382051705624177,0.9992307692307691
444.26738300000324,1.76497715681674,0.9992307692307691,444.1321110000107,0.8842644345435606,0.9992307692307691
444.5181830000032,1.7931955127683692,0.9992307692307691,444.3851980000107,0.8494801768256025,0.9992307692307691
444.77246700000336,1.7712891107584603,0.9992307692307691,444.63108500001056,0.8360042229257547,0.9992307692307691
445.01519300000336,1.7254766306135958,0.9992307692307691,444.8777280000105,0.8462767767112767,0.9992307692307691
445.2579170000033,1.6780104741824584,0.9992307692307691,445.11914000001053,0.8837023390159394,0.9992307692307691
445.50390500000356,1.6323559110786947,0.9992307692307691,445.37047900001045,0.9488334987662423,0.9992307692307691
445.75552100000374,1.5768873054305566,0.9992307692307691,445.6218830000105,1.0324855671421613,0.9992307692307691
445.99658700000373,1.4882688676993039,0.9992307692307691,445.86781200001064,1.1165546993593187,0.9992307692307691
446.2560720000037,1.361581947615828,0.9992307692307691,446.12151200001057,1.1863131905450044,0.9992307692307691
446.50459300000375,1.2446604534940915,0.9992307692307691,446.3634100000107,1.2373909933645486,0.9992307692307691
446.74150300000395,1.164576032215812,0.9992307692307691,446.61337700001053,1.273466279144512,0.9992307692307691
447.00253700000405,1.1209731133849528,0.9992307692307691,446.85798500001044,1.3008967510144769,0.9992307692307691
447.2403800000043,1.1106421810967653,0.9992307692307691,447.1048650000105,1.3250576606534274,0.9992307692307691
447.4877740000042,1.1290467654387322,0.9992307692307691,447.3517580000106,1.3468521436565555,0.9992307692307691
447.7355050000042,1.1700858969730925,0.9992307692307691,447.6021790000106,1.3611847261908676,0.9992307692307691
447.97390000000416,1.2248709968824867,0.9992307692307691,447.84572600001036,1.3589267269208611,0.9992307692307691
448.2263290000042,1.2812065387259994,0.9992307692307691,448.11285400001054,1.3330204534801728,0.9992307692307691
448.47821400000413,1.3287285956527317,0.9992307692307691,448.34379400001063,1.2902183928152178,0.9992307692307691
448.72374900000415,1.3656581184813785,0.9992307692307691,448.5963130000105,1.2561765585215874,0.9992307692307691
448.9742440000043,1.3946898726250074,0.9992307692307691,448.8375860000106,1.2644959814570629,0.9992307692307691
449.2330060000045,1.4153167540644545,0.9992307692307691,449.08254500001055,1.3342420380688775,0.9992307692307691
449.47142600000456,1.4255596220974387,0.9992307692307691,449.35354400001063,1.4597441954884571,0.9992307692307691
449.7118760000047,1.4268988584817799,0.9992307692307691,449.58610100001073,1.619371666603673,0.9992307692307691
449.96137900000485,1.4231825641918836,0.9992307692307691,449.83897700001063,1.7890872084772214,0.9992307692307691
450.20777500000503,1.417811303354512,0.9992307692307691,450.0884380000108,1.9460502175970151,0.9992307692307691
450.4570120000053,1.4109730274899381,0.9992307692307691,450.3232450000106,2.065039265498868,0.8753846153846153
450.70110400000516,1.3998879612653825,0.9992307692307691,450.5759130000106,2.1224155482935148,0.7829914529914531
450.9536370000051,1.381981412504083,0.9992307692307691,450.8181100000107,2.107288795791121,0.8057264957264957
451.2015180000052,1.3585295970534639,0.9992307692307691,451.08416200001085,2.0307924023955946,0.9207692307692307
451.44446800000543,1.3344524512900728,0.9992307692307691,451.31618200001094,1.9195705961608487,0.9992307692307691
451.7013790000054,1.3177590246362199,0.9992307692307691,451.5679400000109,1.794833859382944,0.9992307692307691
451.94077900000536,1.3191506633706838,0.9992307692307691,451.8109080000108,1.6659058594960143,0.9992307692307691
452.1963650000052,1.3465987772419965,0.9992307692307691,452.0594460000108,1.5366063530482288,0.9992307692307691
452.44390900000525,1.3966378171072833,0.9992307692307691,452.3027550000109,1.4129410454234619,0.9992307692307691
452.6837620000052,1.451058288099755,0.9992307692307691,452.55939500001085,1.30275002483444,0.9992307692307691
452.93613400000527,1.4846786390929365,0.9992307692307691,452.8052870000108,1.2142804840379666,0.9992307692307691
453.17923300000547,1.479400943379892,0.9992307692307691,453.05554800001073,1.1543094625915402,0.9992307692307691
453.42517300000554,1.4352417028632793,0.9992307692307691,453.2979030000107,1.1265169999708773,0.9992307692307691
453.67136600000555,1.369089064270676,0.9992307692307691,453.5483450000108,1.1296851496967333,0.9992307692307691
453.9169890000055,1.306338608765715,0.9992307692307691,453.7878550000107,1.1563634296339718,0.9992307692307691
454.17294000000544,1.2677125062963244,0.9992307692307691,454.0382660000108,1.1922579653096745,0.9992307692307691
454.4188970000054,1.2593680535844003,0.9992307692307691,454.28924700001085,1.2181948940057659,0.9992307692307691
454.66836700000533,1.2721434999440533,0.9992307692307691,454.53319900001077,1.2165902714084864,0.9992307692307691
454.91626400000524,1.2872607413894332,0.9992307692307691,454.79053800001077,1.1805297560478007,0.9992307692307691
455.1735550000055,1.2846277711474328,0.9992307692307691,455.0349310000107,1.1214080568242073,0.9992307692307691
455.4039850000053,1.2501964904742697,0.9992307692307691,455.279335000011,1.0637531492149725,0.9992307692307691
455.65405700000514,1.1806154589575502,0.9992307692307691,455.52035700001096,1.034283172672316,0.9992307692307691
455.91600400000533,1.0836133694400367,0.9992307692307691,455.7812080000109,1.0529627320036479,0.9992307692307691
456.1493730000055,0.9747344267883229,0.9992307692307691,456.02279600001094,1.1271771219727174,0.9992307692307691
456.39192900000546,0.8714748162049046,0.9992307692307691,456.26741700001105,1.2467822583144907,0.9992307692307691
456.6448020000054,0.7855393364548825,0.9992307692307691,456.5126910000108,1.3850975167973933,0.9992307692307691
456.9185150000052,0.7195484005464723,0.9992307692307691,456.761716000011,1.5129759162129441,0.9992307692307691
457.14655200000504,0.6714833812620006,0.9992307692307691,457.0200950000108,1.6112567403826674,0.9992307692307691
457.39459400000516,0.6416951214871853,0.9992307692307691,457.263590000011,1.6741109354166341,0.9992307692307691
457.63237700000525,0.6347108966188112,0.9992307692307691,457.503256000011,1.7056390520231492,0.9992307692307691
457.88480300000515,0.6567763746706223,0.9992307692307691,457.754807000011,1.714645459572287,0.9992307692307691
458.1312190000051,0.71155683835041,0.9992307692307691,457.998191000011,1.7086567309330833,0.9992307692307691
458.37696700000504,0.7953421097241564,0.9992307692307691,458.2508110000108,1.688003588947727,0.9992307692307691
458.6204870000049,0.8943615900865785,0.9992307692307691,458.49872500001067,1.6435566921033782,0.9992307692307691
458.8780390000049,0.9880631459661043,0.9992307692307691,458.75806000001046,1.5632099376458344,0.9992307692307691
459.13092800000493,1.0554897703075032,0.9992307692307691,458.9903270000104,1.4456060154913533,0.9992307692307691
459.3634680000048,1.0827414113981,0.9992307692307691,459.23870000001045,1.3030268184429699,0.9992307692307691
459.6127790000049,1.0682906093865914,0.9992307692307691,459.49077700001044,1.1534980744928411,0.9992307692307691
459.85999500000486,1.0257602466609494,0.9992307692307691,459.73172100001045,1.0133288513885148,0.9992307692307691
460.10745700000496,0.9779760032982882,0.9992307692307691,459.9830990000102,0.8954390120055225,0.9992307692307691
460.35199300000494,0.9444080830478747,0.9992307692307691,460.23713400001003,0.8085962297384032,0.9992307692307691
460.609405000005,0.9359279593650804,0.9992307692307691,460.48053200001,0.7554603298181259,0.9992307692307691
460.8458460000051,0.955619243138606,0.9992307692307691,460.72302500001,0.7307983044344081,0.9992307692307691
461.0958380000051,0.9983143471992542,0.9992307692307691,460.9714380000098,0.7207642073103171,0.9992307692307691
461.34241600000513,1.0500560911918542,0.9992307692307691,461.2230350000097,0.7094727258032008,0.9992307692307691
461.5894690000054,1.0945275512103985,0.9992307692307691,461.47494300000983,0.6917496071136507,0.9992307692307691
461.8435070000055,1.1236797221203518,0.9992307692307691,461.71381400000985,0.6818437023675303,0.9992307692307691
462.0829380000055,1.1402704963575991,0.9992307692307691,461.96916700001,0.7056565569576945,0.9992307692307691
462.3330240000054,1.1514924752695128,0.9992307692307691,462.21720800001,0.782737541886739,0.9992307692307691
462.5802130000055,1.1608352183660489,0.9992307692307691,462.4623740000103,0.9171542600084703,0.9992307692307691
462.82655800000526,1.1659267777028752,0.9992307692307691,462.7067230000104,1.0988793644898527,0.9992307692307691
463.0852170000052,1.1626644390440386,0.9992307692307691,462.95823600001023,1.3089994048104745,0.9992307692307691
463.33306400000515,1.150190106661118,0.9992307692307691,463.20754700001027,1.5222292578780616,0.9992307692307691
463.5668990000051,1.1311719511891942,0.9992307692307691,463.44462100001033,1.7085079074152223,0.9992307692307691
463.82137100000494,1.1091563996738136,0.9992307692307691,463.6975310000104,1.8360394969754188,0.9992307692307691
464.0617260000048,1.0870301365687411,0.9992307692307691,463.9426380000101,1.880987184877882,0.9992307692307691
464.3148190000049,1.0662373828569658,0.9992307692307691,464.1974870000101,1.843866466300108,0.9992307692307691
464.57800500000485,1.0478910615144943,0.9992307692307691,464.43853700001006,1.7596555454577933,0.9992307692307691
464.8159190000048,1.03458178494631,0.9992307692307691,464.69362600000994,1.6813513794143193,0.9992307692307691
465.06348500000496,1.0290244597601297,0.9992307692307691,464.93168900001007,1.645262555193412,0.9992307692307691
465.30887100000507,1.026942635424457,0.9992307692307691,465.1981020000099,1.659672953231216,0.9992307692307691
465.55279100000524,1.0179956480899,0.9992307692307691,465.42319300001,1.7165372431931605,0.9992307692307691
465.7946680000053,0.9926657934544297,0.9992307692307691,465.67316100001017,1.807302548923305,0.9992307692307691
466.0439270000053,0.9476597085867526,0.9992307692307691,465.92606400001006,1.9304092001740767,0.9992307692307691
466.3009210000052,0.8848895912070475,0.9992307692307691,466.1694600000102,2.088219282968253,0.8476068376068376
466.5438240000051,0.8103147117339141,0.9992307692307691,466.4374790000103,2.278467453449594,0.5149572649572649
466.78380400000515,0.732949443223148,0.9992307692307691,466.66957700001035,2.4870268005627585,0.2337606837606838
467.0342900000052,0.6642122082151036,0.9992307692307691,466.9195460000105,2.6906795718557617,0.04461538461538463
467.28257500000524,0.617808535722236,0.9992307692307691,467.16094300001043,2.8656947050684574,0.0
467.5309580000051,0.6082997178504187,0.9992307692307691,467.4049730000103,2.9947614472612387,0.0
467.78787000000494,0.6464435882669956,0.9992307692307691,467.6558760000102,3.0666857178054006,0.0
468.02141200000506,0.7766326079946557,0.9992307692307691,467.90266800001024,3.0735070572376997,0.0
468.2759250000052,1.1830141187565628,0.9992307692307691,468.1761910000103,3.0115336919180185,0.0
468.52330600000516,1.9366437424208867,0.9992307692307691,468.3966250000102,2.885060255587803,0.0
468.7751620000052,2.8433336449268403,0.0,468.65251500001034,2.7078022106908346,0.031538461538461536
469.013690000005,3.7192313051246506,0.0,468.8920730000105,2.496766798306805,0.21461538461538465
469.26046700000495,4.482990037845247,0.0,469.15443400001055,2.270191503566693,0.5269230769230768
469.510448000005,5.120648626382547,0.0,469.3875880000107,2.0524428358447326,0.8876923076923077
469.75658300000504,5.64779735428864,0.0,469.6451100000107,1.869584330419741,0.9992307692307691
470.008476000005,6.0823432833788,0.0,469.8861030000107,1.7385158685969744,0.9992307692307691
470.25874200000493,6.427536306111396,0.0,470.1355720000107,1.6617738182287454,0.9992307692307691
470.5029350000046,6.659074526169327,0.0,470.3786180000107,1.630891243089123,0.9992307692307691
470.7479110000047,6.699581901964097,0.0,470.63057400001077,1.6326026407461718,0.9992307692307691
471.0049920000049,6.38066684104059,0.0,470.8713440000105,1.6533259529983264,0.9992307692307691
471.24732500000493,5.621874805218703,0.0,471.1293770000106,1.679713633911026,0.9992307692307691
471.4912010000048,4.767569666630085,0.0,471.38244700001025,1.697201208515164,0.9992307692307691
471.7458040000048,4.046259848419405,0.0,471.6224310000103,1.6917582645929163,0.9992307692307691
471.98269400000476,3.4480217169712537,0.0,471.87122400001005,1.6566315768930937,0.9992307692307691
472.2513620000048,2.9512439573487352,0.0,472.11636200000993,1.5960211942645863,0.9992307692307691
472.48623100000486,2.5440987569476357,0.17153846153846156,472.3595800000098,1.5220028349476047,0.9992307692307691
472.73459000000497,2.216426032702989,0.6023076923076923,472.60598700001003,1.4495996003185878,0.9992307692307691
472.9823380000049,1.9574235185072302,0.9907692307692306,472.86949000000993,1.3919836389987772,0.9992307692307691
473.2267060000048,1.7556328160818062,0.9992307692307691,473.10593300000977,1.3553991928667277,0.9992307692307691
473.4697810000048,1.5987112084043802,0.9992307692307691,473.3558720000098,1.3368013466002457,0.9992307692307691
473.7191790000047,1.473962032573944,0.9992307692307691,473.59425400001,1.3261667169168896,0.9992307692307691
473.96572100000486,1.370015167062187,0.9992307692307691,473.8490900000098,1.3125630148265315,0.9992307692307691
474.22709000000475,1.2799187184053469,0.9992307692307691,474.1096340000098,1.2857433920889183,0.9992307692307691
474.46123800000476,1.2066087583816538,0.9992307692307691,474.34504100000987,1.2392667611748405,0.9992307692307691
474.7107490000049,1.1660500746912192,0.9992307692307691,474.5930580000097,1.1705074640886135,0.9992307692307691
474.9535100000049,1.1789379330852945,0.9992307692307691,474.83638900000955,1.0813077704946539,0.9992307692307691
475.1991290000047,1.2560892455943777,0.9992307692307691,475.0873700000096,0.9790276146620551,0.9992307692307691
475.4634480000048,1.3902956665122643,0.9992307692307691,475.33652600000977,0.8743461108986512,0.9992307692307691
475.7026820000048,1.5599001374006005,0.9992307692307691,475.57489000000993,0.7769914124957993,0.9992307692307691
475.9516170000048,1.7362025076369194,0.9992307692307691,475.8307960000099,0.6921105452848626,0.9992307692307691
476.19329300000487,1.8905948291885724,0.9992307692307691,476.07436800001,0.6204678629673827,0.9992307692307691
476.4392140000048,1.9989595321175047,0.9530769230769229,476.32481700001006,0.5613439265685788,0.9992307692307691
476.6882750000049,2.0437473312247794,0.8999999999999999,476.56983200000997,0.5152313318058901,0.9992307692307691
476.9348360000049,2.0175481237585617,0.9307692307692307,476.82076400000994,0.4854450558556537,0.9992307692307691
477.1816020000049,1.9267737683744028,0.9992307692307691,477.0646470000097,0.4771878072033844,0.9992307692307691
477.4322220000049,1.7912542985230777,0.9992307692307691,477.32285600000984,0.49586083959710425,0.9992307692307691
477.6798410000046,1.637647660860783,0.9992307692307691,477.5622530000099,0.5444199508688424,0.9992307692307691
477.92385900000437,1.498577733349438,0.9992307692307691,477.81016300000977,0.6237565422916904,0.9992307692307691
478.1791860000046,1.4160967906261,0.9992307692307691,478.05777300000966,0.733722295904773,0.9992307692307691
478.41909300000464,1.4085963004890725,0.9992307692307691,478.30276100000975,0.8725284811364485,0.9992307692307691
478.67168800000445,1.457667032516109,0.9992307692307691,478.5506270000096,1.0324021879888052,0.9992307692307691
478.91412600000444,1.5413820486833978,0.9992307692307691,478.7981660000097,1.1956503752538947,0.9992307692307691
479.1719630000044,1.6451657322681958,0.9992307692307691,479.0410570000098,1.3430895209011182,0.9992307692307691
479.4098840000044,1.7702732822272091,0.9992307692307691,479.3030650000097,1.4667434127877395,0.9992307692307691
479.65482900000427,1.9408745877411708,0.9992307692307691,479.5409550000099,1.5775946969772188,0.9992307692307691
479.92432400000433,2.1916663038333244,0.6501709401709402,479.79072700001,1.7052116394123618,0.9992307692307691
480.1547800000044,2.5416480260936947,0.17153846153846156,480.04022200000986,1.8780987786218892,0.9992307692307691
480.4046190000043,2.9728579828545287,0.0,480.2966480000098,2.093734984568115,0.832051282051282
480.6512340000042,3.4228031566973005,0.0,480.53634500000993,2.3170756352357746,0.46111111111111114
480.8935950000042,3.7970751766304787,0.0,480.7862230000097,2.5066391772408263,0.20384615384615384
481.1495350000044,4.003914132528061,0.0,481.0276340000095,2.6306736662855377,0.08538461538461535
481.3944940000045,4.015272435803425,0.0,481.27445800000953,2.6707183688307,0.055384615384615414
481.64403300000447,3.861314309353286,0.0,481.5204330000098,2.6207341557093287,0.09538461538461533
481.8916360000046,3.5978255403350983,0.0,481.7894260000098,2.485839257830981,0.2349572649572649
482.1318110000047,3.298172220044525,0.0,482.01798900000995,2.2867440738094142,0.502991452991453
482.3917870000046,3.030791224396389,0.0,482.27539900001017,2.0618989139237947,0.8784615384615384
482.6411400000045,2.8710805754526376,0.0,482.5088650000102,1.849288652436424,0.9992307692307691
482.8810700000045,2.904366529950057,0.0,482.7600960000101,1.6654116327505069,0.9992307692307691
483.13066400000434,3.141256048582631,0.0,483.01508100001007,1.5086950266371413,0.9992307692307691
483.36828200000434,3.483366032241844,0.0,483.25855800000994,1.3732931378002484,0.9992307692307691
483.62227100000445,3.8149313582564117,0.0,483.51164900000975,1.2554539539292189,0.9992307692307691
483.8727290000044,4.075452480633545,0.0,483.74839000000975,1.1522347589655884,0.9992307692307691
484.1182550000044,4.26288796016759,0.0,483.99835700000955,1.0613555419134857,0.9992307692307691
484.3765710000045,4.398342551234312,0.0,484.24333500000955,0.9822278764775424,0.9992307692307691
484.6137070000046,4.49309546792275,0.0,484.49791600000935,0.9156817636540677,0.9992307692307691
484.8561480000047,4.530983261715954,0.0,484.7367160000092,0.862522152081006,0.9992307692307691
485.10343400000454,4.461871407983369,0.0,485.003897000009,0.821698281180586,0.9992307692307691
485.3500700000047,4.218054980779413,0.0,485.23730500000886,0.7918400270446058,0.9992307692307691
485.59245900000474,3.8030197389046543,0.0,485.4822870000089,0.7716279838164589,0.9992307692307691
485.8439780000049,3.3478931671774634,0.0,485.7283330000091,0.7597929044791393,0.9992307692307691
486.09200400000486,2.9480631064312375,0.0,485.9757080000092,0.754063159639626,0.9992307692307691
486.3646310000048,2.6081916057281305,0.10769230769230771,486.2237170000092,0.7511644883538159,0.9992307692307691
486.58260000000473,2.3170696348616246,0.46111111111111114,486.4791670000092,0.7480564540041291,0.9992307692307691
486.847694000005,2.064945161909441,0.8753846153846153,486.72266600000927,0.7431700473064551,0.9992307692307691
487.0748980000049,1.8456717170725259,0.9992307692307691,486.96553400000926,0.7381930134978114,0.9992307692307691
487.3272580000049,1.6568707886696519,0.9992307692307691,487.21275900000904,0.7378068724341341,0.9992307692307691
487.59053000000483,1.4950743667629025,0.9992307692307691,487.45980600000905,0.7476057051482448,0.9992307692307691
487.82375200000484,1.3539612082356194,0.9992307692307691,487.7129320000093,0.7691910286385286,0.9992307692307691
488.0668830000049,1.2276896461508935,0.9992307692307691,487.9581090000093,0.7990655978848444,0.9992307692307691
488.3203940000049,1.1120476877848653,0.9992307692307691,488.2248520000092,0.8316639260344918,0.9992307692307691
488.5633710000049,1.0050985443693696,0.9992307692307691,488.452976000009,0.8616509640770013,0.9992307692307691
488.81127400000474,0.9073449524431494,0.9992307692307691,488.70054000000897,0.886948682445186,0.9992307692307691
489.05268500000466,0.8212584927344925,0.9992307692307691,488.959995000009,0.9091463957513011,0.9992307692307691
489.30830000000464,0.7513381333426914,0.9992307692307691,489.1939630000092,0.9312997726149577,0.9992307692307691
489.55491400000454,0.7037601412042631,0.9992307692307691,489.45204000000916,0.954986036457224,0.9992307692307691
489.80151900000453,0.6851109853926751,0.9992307692307691,489.68909200000917,0.9794941853201067,0.9992307692307691
490.0460100000045,0.6993808494639056,0.9992307692307691,489.9358860000093,1.0014451973284428,0.9992307692307691
490.3048620000045,0.7446470979963786,0.9992307692307691,490.1878060000093,1.0154216423048745,0.9992307692307691
490.5469040000046,0.8114932487730016,0.9992307692307691,490.42975900000937,1.0168672198479802,0.9992307692307691
490.8028410000045,0.8848286169980778,0.9992307692307691,490.6881750000095,1.0038443335700276,0.9992307692307691
491.0355340000045,0.948770575901034,0.9992307692307691,490.92264100000955,0.975792300664565,0.9992307692307691
491.28405600000445,0.9927496520393078,0.9992307692307691,491.1762240000095,0.9347264961851496,0.9992307692307691
491.5295120000045,1.0134239968699477,0.9992307692307691,491.43325300000936,0.8866433459529568,0.9992307692307691
491.7790260000044,1.0118904424667508,0.9992307692307691,491.6702960000091,0.8390033019175143,0.9992307692307691
492.03206400000454,0.9925403394211154,0.9992307692307691,491.913549000009,0.798832393960245,0.9992307692307691
492.27653100000464,0.9635911533184268,0.9992307692307691,492.1692010000087,0.7730846876048084,0.9992307692307691
492.5245610000048,0.9370861231249309,0.9992307692307691,492.4315670000088,0.7664171361833745,0.9992307692307691
492.7748210000048,0.9260211394954208,0.9992307692307691,492.6634920000091,0.7815761261272434,0.9992307692307691
493.0237600000048,0.9388612137649776,0.9992307692307691,492.90892500000894,0.8171357838037776,0.9992307692307691
493.2647920000052,0.9765108057257559,0.9992307692307691,493.15345200000894,0.867996814354141,0.9992307692307691
493.5136290000052,1.030336411360069,0.9992307692307691,493.40454300000874,0.926959665661422,0.9992307692307691
493.7660280000051,1.104110035417897,0.9992307692307691,493.6463830000087,0.9900223612971493,0.9992307692307691
494.0084360000051,1.2740528169625476,0.9992307692307691,493.8987960000089,1.0552741357593982,0.9992307692307691
494.2555630000052,1.633954917408114,0.9992307692307691,494.1438020000088,1.1231556129319782,0.9992307692307691
494.49992500000513,2.160233754205334,0.7135897435897437,494.393365000009,1.1944150512746354,0.9992307692307691
494.7531480000051,2.7544917279505388,0.0,494.657387000009,1.2685885177671992,0.9992307692307691
494.9989840000052,3.3352373545957272,0.0,494.88169900000906,1.3414892251086838,0.9992307692307691
495.26432900000526,3.862137589659528,0.0,495.13129100000907,1.4092176888731809,0.9992307692307691
495.494363000005,4.324343126407306,0.0,495.3821910000091,1.4737698732216349,0.9992307692307691
495.745631000005,4.721506748125164,0.0,495.6311340000091,1.5417810240548036,0.9992307692307691
495.991730000005,5.040988451095593,0.0,495.8843770000089,1.619145335141491,0.9992307692307691
496.23652800000514,5.2326356024633425,0.0,496.12329500000897,1.7053965516200928,0.9992307692307691
496.4820490000053,5.198303679826306,0.0,496.37633500000896,1.790672830370798,0.9992307692307691
496.73085700000536,4.844833811838741,0.0,496.62294900000916,1.8714247598489389,0.9992307692307691
496.9790140000057,4.244558031840021,0.0,496.8668030000091,1.9506023450455503,0.9976923076923077
497.23492500000583,3.608153096694725,0.0,497.130793000009,2.022520744115676,0.9284615384615383
497.47333400000576,3.050730065521915,0.0,497.3633200000087,2.0762488070936884,0.8646153846153845
497.72575900000584,2.594169832212573,0.11615384615384618,497.60690300000874,2.1072077754987126,0.8057264957264957
497.9782600000057,2.2424768250599,0.5628205128205128,497.85925600000866,2.115586580875487,0.7973504273504275
498.2179470000059,1.9935125831588991,0.9584615384615384,498.1023310000087,2.1012949284203355,0.8152991452991454
498.47596200000606,1.8461061268810819,0.9992307692307691,498.35185100000854,2.0643696077161473,0.8753846153846153
498.7127040000061,1.8033427145483005,0.9992307692307691,498.5997030000085,2.0043157641923393,0.9446153846153845
498.962673000006,1.8604842315131613,0.9992307692307691,498.84939700000854,1.9208254499105868,0.9992307692307691
499.20884000000586,1.993839507916614,0.9584615384615384,499.09818400000864,1.8185642610603394,0.9992307692307691
499.46120500000586,2.169018219413506,0.6968376068376068,499.3453020000085,1.7127523099404254,0.9992307692307691
499.7033650000059,2.353465736876461,0.41205128205128205,499.5916980000083,1.6245937249197373,0.9992307692307691
499.9497290000057,2.522803390476506,0.18470085470085473,499.83957600000826,1.5673444597874975,0.9992307692307691
500.20008200000564,2.6602305781107827,0.0669230769230769,500.0884920000083,1.538628192938385,0.9992307692307691
500.4581990000055,2.7535807552497573,0.0,500.3306600000083,1.5262212424796122,0.9992307692307691
500.6992240000055,2.7908685505470676,0.0,500.5895710000082,1.5162360920215787,0.9992307692307691
500.9361000000054,2.7527117044018574,0.0,500.836162000008,1.4975099939079481,0.9992307692307691
501.18333900000545,2.608651101071742,0.10692307692307691,501.0810910000081,1.4629678454729396,0.9992307692307691
501.43224800000564,2.359942742036929,0.4048717948717948,501.32754900000793,1.4103975591360998,0.9992307692307691
501.68566500000543,2.091453204890577,0.8392307692307692,501.5705510000079,1.3442055147295593,0.9992307692307691
501.93303500000565,1.8739690574914358,0.9992307692307691,501.8195170000079,1.2749821111718462,0.9992307692307691
502.1749460000058,1.7158325916975459,0.9992307692307691,502.066491000008,1.2162519962458331,0.9992307692307691
502.4304690000058,1.605351602198503,0.9992307692307691,502.3129210000081,1.174653571259704,0.9992307692307691
502.6787660000058,1.5293169083955407,0.9992307692307691,502.5699830000081,1.1510738956343909,0.9992307692307691
502.9467960000058,1.4745588378788126,0.9992307692307691,502.8082860000079,1.1545405107790407,0.9992307692307691
503.16534200000575,1.4305486349484968,0.9992307692307691,503.0567310000081,1.1992117634937793,0.9992307692307691
503.4253440000057,1.3909600256986452,0.9992307692307691,503.3061490000082,1.288104580936354,0.9992307692307691
503.66783600000565,1.3553814924437921,0.9992307692307691,503.55607200000827,1.4085329346447655,0.9992307692307691
503.92343100000573,1.3290910065737618,0.9992307692307691,503.80525700000834,1.539344971954014,0.9992307692307691
504.1653370000056,1.3177841704640874,0.9992307692307691,504.04862500000837,1.6585903318134505,0.9992307692307691
504.40433700000574,1.322873109852648,0.9992307692307691,504.3002380000084,1.746666585345117,0.9992307692307691
504.6568460000057,1.3418724160123074,0.9992307692307691,504.5416000000083,1.7881899878175507,0.9992307692307691
504.8996100000059,1.3708519018610352,0.9992307692307691,504.8033030000082,1.7745724031776977,0.9992307692307691
505.1615790000058,1.4048420214297133,0.9992307692307691,505.04039200000824,1.7080194604108387,0.9992307692307691
505.39076700000584,1.4364958522602236,0.9992307692307691,505.2917750000083,1.6040106815427313,0.9992307692307691
505.63765300000557,1.454646143676502,0.9992307692307691,505.53516300000837,1.48846638251414,0.9992307692307691
505.8882640000057,1.4473297583469527,0.9992307692307691,505.7762370000083,1.385216089914666,0.9992307692307691
506.1501420000057,1.40796991896707,0.9992307692307691,506.02960500000853,1.3048407988048316,0.9992307692307691
506.3825340000057,1.338293281381063,0.9992307692307691,506.26523900000865,1.2454037048668893,0.9992307692307691
506.63498600000565,1.24519692250329,0.9992307692307691,506.51914200000886,1.2022854649136638,0.9992307692307691
506.88162300000585,1.137651756980682,0.9992307692307691,506.76027100000874,1.1734565211771997,0.9992307692307691
507.1395440000057,1.02787592760328,0.9992307692307691,507.00704800000887,1.1579498305490683,0.9992307692307691
507.3804290000057,0.9295735900771633,0.9992307692307691,507.263127000009,1.153162276174856,0.9992307692307691
507.6209370000058,0.8527406664535427,0.9992307692307691,507.5061640000089,1.1539009944977012,0.9992307692307691
507.86939700000613,0.8013180249861398,0.9992307692307691,507.75486000000876,1.1548459810841283,0.9992307692307691
508.1202830000063,0.7739312882230813,0.9992307692307691,508.00484600000874,1.1545118761041997,0.9992307692307691
508.37357300000633,0.7639188288392497,0.9992307692307691,508.25548300000906,1.1561493736607722,0.9992307692307691
508.61387800000637,0.7618693522149365,0.9992307692307691,508.5004560000092,1.165805882060987,0.9992307692307691
508.85936200000623,0.7595426523492436,0.9992307692307691,508.74799800000926,1.1891501115343532,0.9992307692307691
509.1043460000063,0.7521774970403545,0.9992307692307691,508.98794700000917,1.2265131011782662,0.9992307692307691
509.3533050000065,0.7385109260135179,0.9992307692307691,509.2338670000092,1.2682423965070002,0.9992307692307691
509.6031750000067,0.7199589817281986,0.9992307692307691,509.48319200000935,1.2977423738603935,0.9992307692307691
509.86328400000673,0.7004569914772186,0.9992307692307691,509.7326990000094,1.3029623711844627,0.9992307692307691
510.1146810000066,0.6864318695546577,0.9992307692307691,509.98863100000926,1.2825537285811544,0.9992307692307691
510.3458770000066,0.6839433205946728,0.9992307692307691,510.2266450000091,1.2443085039853472,0.9992307692307691
510.6114320000067,0.6944930585196353,0.9992307692307691,510.4704840000092,1.207973671765956,0.9992307692307691
510.84127600000664,0.7130538769577233,0.9992307692307691,510.7247770000092,1.2144008479654924,0.9992307692307691
511.1055320000066,0.7302141331261399,0.9992307692307691,510.9693760000089,1.3231068781279127,0.9992307692307691
511.3585060000065,0.7410390747540379,0.9992307692307691,511.2166570000089,1.5817161977786367,0.9992307692307691
511.58589700000664,0.7603977256646003,0.9992307692307691,511.4697330000092,1.982991573226475,0.9638461538461538
511.83586000000673,0.8300408965472184,0.9992307692307691,511.7146880000092,2.4586021939788996,0.2684615384615384
512.0799410000068,0.9733316630933068,0.9992307692307691,511.9631510000091,2.920782667212964,0.0
512.3324740000065,1.1823483163177024,0.9992307692307691,512.2058850000091,3.303102805074927,0.0
512.5808850000067,1.4309060361967654,0.9992307692307691,512.468102000009,3.5673764569483324,0.0
512.8238880000067,1.680550957251521,0.9992307692307691,512.6996640000093,3.69475109436741,0.0
513.0672910000067,1.8909038176043742,0.9992307692307691,512.9511950000094,3.6761408718607704,0.0
513.3262090000065,2.032331721111026,0.9176923076923076,513.1961670000094,3.517497371732628,0.0
513.5642640000066,2.095803884569345,0.826068376068376,513.4505940000092,3.254745401915444,0.0
513.8292640000066,2.093860758596839,0.830854700854701,513.692589000009,2.9521833351735465,0.0
514.0671040000067,2.053399212172631,0.8876923076923077,513.9361260000088,2.6672318250325473,0.05846153846153845
514.3164280000062,2.0044209655569185,0.9446153846153845,514.1932050000088,2.465907082418715,0.2588888888888889
514.5577670000062,1.9680592794868284,0.9815384615384615,514.4371420000089,2.4076989335455448,0.3486324786324786
514.8069600000059,1.9502231619636525,0.9984615384615384,514.6865780000087,2.4921567970676346,0.22179487179487173
515.0569150000057,1.9455873771808674,0.9992307692307691,514.9354850000085,2.6643356338709543,0.06307692307692307
515.2980410000057,1.9411708728928245,0.9992307692307691,515.1812560000086,2.8653907211893963,0.0
515.5533500000058,1.9219286028934008,0.9992307692307691,515.4395650000085,3.0582089787890054,0.0
515.8088870000058,1.8691366227767103,0.9992307692307691,515.6835890000084,3.223183752315693,0.0
516.046819000006,1.7609468007803897,0.9992307692307691,515.9180890000084,3.3487337890528694,0.0
516.2992690000061,1.5878946178447149,0.9992307692307691,516.1687210000084,3.421969915979803,0.0
516.534824000006,1.3810430793797954,0.9992307692307691,516.4230720000085,3.4227953739118147,0.0
516.787765000006,1.1953485634791376,0.9992307692307691,516.6688860000087,3.3236539010084245,0.0
517.0361180000061,1.0581957265006534,0.9992307692307691,516.9114570000088,3.1059257783461955,0.0
517.2710710000064,0.9718301939116015,0.9992307692307691,517.1574220000091,2.8002193935846518,0.0
517.5240930000065,0.9329114045295602,0.9992307692307691,517.4069040000089,2.492009828548151,0.22299145299145298
517.7740500000067,0.934942771403492,0.9992307692307691,517.6547690000089,2.2333696459919756,0.5783760683760684
518.0300030000067,0.9673459922280135,0.9992307692307691,517.9108400000089,2.0162618394851313,0.9323076923076922
518.2878700000065,1.0144292608146466,0.9992307692307691,518.152339000009,1.837036713883962,0.9992307692307691
518.5094260000066,1.0574011477284788,0.9992307692307691,518.3986030000088,1.7135796918952944,0.9992307692307691
518.7619420000066,1.0814759728649994,0.9992307692307691,518.6452280000088,1.6667430398402394,0.9992307692307691
519.0100160000067,1.0812309418191053,0.9992307692307691,518.8946130000089,1.6983107435813367,0.9992307692307691
519.2599760000065,1.0593707470849276,0.9992307692307691,519.1354920000091,1.792680957928086,0.9992307692307691
519.5012390000065,1.0229355584326845,0.9992307692307691,519.3890110000091,1.9301812466422346,0.9992307692307691
519.7564890000064,0.9820428802956723,0.9992307692307691,519.634497000009,2.092580720883712,0.8356410256410257
520.0044490000064,0.9473449891650456,0.9992307692307691,519.8854530000091,2.261602445108754,0.5424786324786325
520.2459840000065,0.9254788167122245,0.9992307692307691,520.1433880000092,2.4171550893814633,0.3342735042735043
520.4988550000064,0.916006366332739,0.9992307692307691,520.373376000009,2.5390645866712065,0.1739316239316239
520.7443010000064,0.9139333235643781,0.9992307692307691,520.624006000009,2.612075796824405,0.10307692307692308
520.9947640000064,0.9156797522467267,0.9992307692307691,520.8775770000091,2.632824538143101,0.08384615384615383
521.2378490000061,0.9192930886072604,0.9992307692307691,521.1224510000093,2.6186080134458614,0.09846153846153845
521.4999930000064,0.9218481320954448,0.9992307692307691,521.3643200000091,2.5946509919722223,0.11615384615384618
521.7373570000066,0.9226261528100645,0.9992307692307691,521.6162350000093,2.566341096727575,0.1438461538461538
521.9842310000065,0.9246398698060319,0.9992307692307691,521.8647840000093,2.52361980702828,0.18470085470085473
522.2253730000066,0.9327846773627294,0.9992307692307691,522.1133070000092,2.456742843171604,0.27564102564102566
522.4836590000066,0.9554303663069909,0.9992307692307691,522.3611540000093,2.358398420739684,0.40846153846153843
522.7321040000064,1.0015701959439969,0.9992307692307691,522.6137140000094,2.2274084817039697,0.581965811965812
522.9722010000064,1.0727852798958981,0.9992307692307691,522.8511940000095,2.0726341781546043,0.8707692307692307
523.2146900000062,1.1610768030358494,0.9992307692307691,523.0995960000095,1.9139357063804843,0.9992307692307691
523.469509000006,1.2530278728071305,0.9992307692307691,523.3511560000095,1.7768512813263213,0.9992307692307691
523.7175900000059,1.3361321428993507,0.9992307692307691,523.5976300000096,1.680479822571694,0.9992307692307691
523.9570750000058,1.4046911537168576,0.9992307692307691,523.8420080000096,1.627388587892705,0.9992307692307691
524.2130880000057,1.452483522940269,0.9992307692307691,524.0866410000095,1.6070477899935476,0.9992307692307691
524.4573320000054,1.4743555955615952,0.9992307692307691,524.3474860000093,1.606882772323095,0.9992307692307691
524.7202810000055,1.472035463602747,0.9992307692307691,524.5824140000096,1.6186813824074036,0.9992307692307691
524.9490710000055,1.455888437972616,0.9992307692307691,524.8439980000098,1.6376101171175828,0.9992307692307691
525.1966350000055,1.440185273426891,0.9992307692307691,525.10196700001,1.6585424337350612,0.9992307692307691
525.4480470000059,1.4362678290431221,0.9992307692307691,525.32973600001,1.6735387481064268,0.9992307692307691
525.6969050000064,1.448222137210905,0.9992307692307691,525.5853630000104,1.6720778933384821,0.9992307692307691
525.9603930000067,1.472719298349171,0.9992307692307691,525.8265320000104,1.6444399264044243,0.9992307692307691
526.1903530000064,1.499426308621806,0.9992307692307691,526.0770120000107,1.5857231928444075,0.9992307692307691
526.4372220000062,1.5122286990200122,0.9992307692307691,526.3185040000106,1.4993742703138222,0.9992307692307691
526.6820000000059,1.5022428583778453,0.9992307692307691,526.5713470000106,1.3954233222912333,0.9992307692307691
526.9315800000057,1.474174309445929,0.9992307692307691,526.8165100000108,1.2858889420021742,0.9992307692307691
527.1751450000056,1.438740255330504,0.9992307692307691,527.0684850000108,1.1796771738478542,0.9992307692307691
527.4270670000059,1.4047369234226337,0.9992307692307691,527.3037170000109,1.0813639999281117,0.9992307692307691
527.6735460000062,1.3711684698908035,0.9992307692307691,527.5536950000111,0.9925603778942006,0.9992307692307691
527.9220750000064,1.328286671105955,0.9992307692307691,527.8267610000113,0.9136616087354772,0.9992307692307691
528.1727110000068,1.267936962300983,0.9992307692307691,528.050754000011,0.8453013104452939,0.9992307692307691
528.4239390000065,1.1903918378525007,0.9992307692307691,528.3022420000104,0.7889689063324966,0.9992307692307691
528.6655450000067,1.1027078447076908,0.9992307692307691,528.5507610000108,0.7473579914658482,0.9992307692307691
528.9100430000067,1.0139922671752273,0.9992307692307691,528.8065740000105,0.7240607543534402,0.9992307692307691
529.179333000007,0.9318288448052369,0.9992307692307691,529.0403920000107,0.7230873918222339,0.9992307692307691
529.410760000007,0.8606508975076241,0.9992307692307691,529.2896370000104,0.747580393902865,0.9992307692307691
529.6603740000074,0.8011322242679169,0.9992307692307691,529.5345920000108,0.7974672869109847,0.9992307692307691
529.9057990000081,0.7499880167784476,0.9992307692307691,529.788884000011,0.8664350556146668,0.9992307692307691
530.1567870000077,0.7015577900869342,0.9992307692307691,530.0329190000112,0.9393132012835881,0.9992307692307691
530.3942560000079,0.6535853253234173,0.9992307692307691,530.2790790000113,0.9970631630528014,0.9992307692307691
530.6502080000076,0.6084844397435549,0.9992307692307691,530.5301040000116,1.0266933593519338,0.9992307692307691
530.8949910000073,0.5706905287761371,0.9992307692307691,530.7734010000122,1.0262769150650648,0.9992307692307691
531.1381690000075,0.5450725500355412,0.9992307692307691,531.0338830000121,1.001173122850541,0.9992307692307691
531.3885140000073,0.5370022356050291,0.9992307692307691,531.2664570000118,0.9591134030293287,0.9992307692307691
531.6360570000073,0.5515707152525068,0.9992307692307691,531.5164300000116,0.909828962514164,0.9992307692307691
531.8848400000073,0.5904369220051591,0.9992307692307691,531.7610930000116,0.8637671956024097,0.9992307692307691
532.1279880000073,0.6506781915491565,0.9992307692307691,532.0161920000114,0.8303497989208444,0.9992307692307691
532.3793040000072,0.7296389979233608,0.9992307692307691,532.2837770000114,0.816709424602321,0.9992307692307691
532.6258810000074,0.8280369918654051,0.9992307692307691,532.5071330000114,0.8264067590504788,0.9992307692307691
532.8739130000072,0.9455281665545956,0.9992307692307691,532.7571330000113,0.8592375164861015,0.9992307692307691
533.1344250000074,1.0748569598503221,0.9992307692307691,533.0081220000113,0.9115406463074144,0.9992307692307691
533.3660670000073,1.20302920335725,0.9992307692307691,533.2576210000112,0.975677689859789,0.9992307692307691
533.6410630000079,1.3150944533644957,0.9992307692307691,533.4969670000111,1.0392384461025599,0.9992307692307691
533.8670120000074,1.3984461993974127,0.9992307692307691,533.7553290000112,1.0880726343683211,0.9992307692307691
534.1155140000072,1.4453766197182771,0.9992307692307691,533.9991960000112,1.113742704332258,0.9992307692307691
534.3624370000073,1.4522401263345963,0.9992307692307691,534.2428040000117,1.1225357163406708,0.9992307692307691
534.6048320000073,1.4152005534037086,0.9992307692307691,534.4917810000122,1.1377613498073504,0.9992307692307691
534.854469000007,1.333677519335653,0.9992307692307691,534.7437980000119,1.1857651968760334,0.9992307692307691
535.1050800000072,1.2233898483808026,0.9992307692307691,534.9946300000117,1.2792046680212144,0.9992307692307691
535.3539080000076,1.1124116780066131,0.9992307692307691,535.2305950000114,1.411649693160156,0.9992307692307691
535.5999210000072,1.0230601672981565,0.9992307692307691,535.4895840000114,1.564085011874273,0.9992307692307691
535.8450010000073,0.9645796911424098,0.9992307692307691,535.7300460000118,1.7149243840084443,0.9992307692307691
536.0997830000073,0.938019082315074,0.9992307692307691,535.9821740000115,1.848206583527705,0.9992307692307691
536.337704000007,0.941778233360412,0.9992307692307691,536.2326460000116,1.955361755238111,0.9915384615384615
536.5876880000075,0.9710505674172566,0.9992307692307691,536.466152000012,2.0328151336139695,0.9176923076923076
536.8476360000071,1.0153081011498855,0.9992307692307691,536.7146360000123,2.081993665915433,0.8569230769230768
537.0836210000069,1.0581666918698684,0.9992307692307691,536.9650760000125,2.1157501024330934,0.7973504273504275
537.3325540000069,1.0878474334910877,0.9992307692307691,537.2174380000121,2.1574197982921004,0.7183760683760684
537.579210000007,1.1059281227645286,0.9992307692307691,537.4600420000119,2.231704824214653,0.5795726495726495
537.829135000007,1.1279194275857596,0.9992307692307691,537.7047510000119,2.3526342486868193,0.41324786324786333
538.0751210000069,1.174216322012933,0.9992307692307691,537.9586930000116,2.513435741471557,0.19666666666666666
538.3262500000068,1.259814586947438,0.9992307692307691,538.1990870000121,2.6904683636103637,0.04461538461538463
538.5701940000068,1.383290676891755,0.9992307692307691,538.447614000012,2.8509398848386946,0.0
538.8303980000069,1.5184647548031618,0.9992307692307691,538.7156860000118,2.9576124306587825,0.0
539.0661900000065,1.6227445628514439,0.9992307692307691,538.943112000012,2.978475061728166,0.0
539.3097670000067,1.6643079890361847,0.9992307692307691,539.1880090000112,2.89810156297063,0.0
539.5602630000063,1.6373441521394552,0.9992307692307691,539.4518360000116,2.7283588249023056,0.018461538461538442
539.8051820000064,1.5578618357016873,0.9992307692307691,539.6897590000121,2.5034787925448616,0.20863247863247858
540.0586980000069,1.452997222291242,0.9992307692307691,539.963410000012,2.2668920501280523,0.5329059829059829
540.3021060000067,1.3496339308684469,0.9992307692307691,540.2093430000118,2.0583342404977047,0.8807692307692307
540.5556080000067,1.2659061290348252,0.9992307692307691,540.439389000012,1.9039442884750997,0.9992307692307691
540.8035850000068,1.2074767850263521,0.9992307692307691,540.678735000012,1.8116820595385974,0.9992307692307691
541.0409500000071,1.1698940287939439,0.9992307692307691,540.937165000012,1.7726735896005505,0.9992307692307691
541.312503000007,1.1459912275549589,0.9992307692307691,541.1723070000115,1.7648447453193492,0.9992307692307691
541.5403860000071,1.1490582507034892,0.9992307692307691,541.4361910000117,1.7618903067619187,0.9992307692307691
541.789240000007,1.2323515845378952,0.9992307692307691,541.6681490000111,1.7436274911734135,0.9992307692307691
542.035193000007,1.445804801890428,0.9992307692307691,541.919567000011,1.7091912803639586,0.9992307692307691
542.2882030000071,1.7776082118620216,0.9992307692307691,542.1619840000112,1.6796827986715026,0.9992307692307691
542.5311000000073,2.1636866630063833,0.7088034188034189,542.4147810000112,1.6822986338636952,0.9992307692307691
542.7791540000075,2.533740519707606,0.17871794871794874,542.6573020000112,1.7272756325430008,0.9992307692307691
543.030883000008,2.838127622476781,0.0,542.9238890000113,1.7959414652386838,0.9992307692307691
543.2729210000081,3.0453838511780784,0.0,543.1747250000114,1.8505104382876576,0.9992307692307691
543.520826000008,3.1316396239953206,0.0,543.4003090000112,1.8563503874474068,0.9992307692307691
543.7676280000081,3.076690163577313,0.0,543.6648740000114,1.8009627401094364,0.9992307692307691
544.0192070000082,2.874988844631442,0.0,543.9803400000111,1.6995509007346912,0.9992307692307691
544.2586910000077,2.560965347627147,0.15119658119658116,544.2297000000116,1.5804178369567343,0.9992307692307691
544.5195210000072,2.208609770787711,0.625042735042735,544.5172280000116,1.467339487892867,0.9992307692307691
544.765673000007,1.8880856260906365,0.9992307692307691,544.6752190000113,1.3738924231792504,0.9992307692307691
545.0047010000071,1.6303806076707976,0.9992307692307691,544.8955910000111,1.3027953316182084,0.9992307692307691
545.2551480000069,1.436078995451326,0.9992307692307691,545.1558510000112,1.247410142997736,0.9992307692307691
545.502117000007,1.298174520884161,0.9992307692307691,545.3807140000117,1.1962537869080276,0.9992307692307691
545.7480380000065,1.2074381775570615,0.9992307692307691,545.6562100000119,1.1422664231259247,0.9992307692307691
545.9947950000065,1.1475748466205942,0.9992307692307691,545.8840740000117,1.0894768570028275,0.9992307692307691
546.239838000007,1.0981442080349282,0.9992307692307691,546.1296680000121,1.048655119645868,0.9992307692307691
546.4903200000064,1.0422940353670815,0.9992307692307691,546.4460760000117,1.0269778084754724,0.9992307692307691
546.7390350000063,0.9771388369331925,0.9992307692307691,546.7225220000118,1.022284831928731,0.9992307692307691
546.9814330000064,0.9123832220799725,0.9992307692307691,546.9305670000119,1.0283392501134996,0.9992307692307691
547.2320480000061,0.8570683129878058,0.9992307692307691,547.1825200000123,1.039915182247584,0.9992307692307691
547.483903000006,0.8143689669025814,0.9992307692307691,547.4124560000123,1.054183607023007,0.9992307692307691
547.7424040000062,0.7838525895044159,0.9992307692307691,547.7038180000123,1.069688891597446,0.9992307692307691
547.9723710000063,0.7634452438276148,0.9992307692307691,547.9702170000124,1.0871571626802328,0.9992307692307691
548.2228970000064,0.7494820531236552,0.9992307692307691,548.1090360000128,1.1084801831933127,0.9992307692307691
548.466286000006,0.7375723356971631,0.9992307692307691,548.3841420000128,1.1327903369600378,0.9992307692307691
548.7176610000059,0.7223466878685804,0.9992307692307691,548.618041000013,1.154175181642556,0.9992307692307691
548.9841260000057,0.6993095025558744,0.9992307692307691,548.8688630000129,1.1618887478505238,0.9992307692307691
549.212241000006,0.6669948322769639,0.9992307692307691,549.1121080000125,1.168579012473875,0.9992307692307691
549.4597020000061,0.6290449249703701,0.9992307692307691,549.3953200000127,1.2593568890489206,0.9992307692307691
549.707893000006,0.5975827580570973,0.9992307692307691,549.6262840000127,1.4936370743408547,0.9992307692307691
549.9507130000061,0.5896258957711408,0.9992307692307691,549.9012680000122,1.8251658432088518,0.9992307692307691
550.2011540000059,0.6158393177659036,0.9992307692307691,550.111370000012,2.1955107913175484,0.6441880341880343
550.4455190000058,0.6739490712591925,0.9992307692307691,550.3727050000119,2.570125449055857,0.13923076923076924
550.6901770000057,0.75118493850644,0.9992307692307691,550.5875280000123,2.9240939966828807,0.0
550.9365900000057,0.83076357828901,0.9992307692307691,550.8439540000126,3.2328954216589807,0.0
551.1828120000054,0.8971013537808616,0.9992307692307691,551.0749410000125,3.4714731453504313,0.0
551.4331740000051,0.9394402377957051,0.9992307692307691,551.3250570000124,3.6229500149236356,0.0
551.6783150000049,0.9579532796581528,0.9992307692307691,551.5765820000123,3.675553671892558,0.0
551.9297080000051,0.9852580821997357,0.9992307692307691,551.8208920000123,3.608049268141139,0.0
552.187065000005,1.1088475283459038,0.9992307692307691,552.0715380000122,3.389969458767503,0.0
552.4310990000048,1.4305414884733652,0.9992307692307691,552.315600000012,3.0561343823361153,0.0
552.6713550000047,1.9632648373529995,0.9861538461538462,552.5631760000115,2.7400235807232134,0.008461538461538463
552.9198240000051,2.62445169656433,0.0923076923076923,552.8051870000115,2.5038805163737914,0.20743589743589746
553.1718840000049,3.3184806942768383,0.0,553.0579630000113,2.3242697468382536,0.45153846153846156
553.4172380000048,3.9694024386986575,0.0,553.3125690000118,2.1791854531338046,0.6717094017094017
553.6678700000049,4.50146090134135,0.0,553.5504530000122,2.062984487398906,0.8769230769230769
553.9087330000049,4.822728231563187,0.0,553.7988450000126,1.980580773278125,0.9646153846153845
554.1598800000053,4.85159783078928,0.0,554.055206000013,1.935126410524447,0.9992307692307691
554.4096340000057,4.6029103958399435,0.0,554.3027610000132,1.9191466350585007,0.9992307692307691
554.6526770000058,4.21185411923002,0.0,554.5532570000132,1.9122795058948925,0.9992307692307691
554.9057390000061,3.8211212454117685,0.0,554.795614000013,1.8924935693194547,0.9992307692307691
555.1462220000066,3.501237458871178,0.0,555.0381890000127,1.8498784960383714,0.9992307692307691
555.3970050000069,3.262249387623439,0.0,555.3073200000127,1.788574392969165,0.9992307692307691
555.6475670000071,3.0873462469184516,0.0,555.5409580000129,1.7198403306717829,0.9992307692307691
555.8900800000071,2.9490897044658495,0.0,555.7893630000126,1.6529274784816441,0.9992307692307691
556.1409260000066,2.8120531784195038,0.0,556.0307850000122,1.590935033457968,0.9992307692307691
556.3874820000062,2.649572945098839,0.07538461538461537,556.2985160000125,1.531966555068378,0.9992307692307691
556.6600150000063,2.470221304236809,0.25051282051282053,556.520705000012,1.4713593989375164,0.9992307692307691
556.8783290000061,2.3075633026840787,0.4706837606837607,556.7685160000124,1.4049001213615866,0.9992307692307691
557.135328000006,2.1801200036032293,0.6717094017094017,557.0196410000125,1.3327600323594018,0.9992307692307691
557.3764210000062,2.0831299116643835,0.8561538461538462,557.2670490000129,1.2622917276747314,0.9992307692307691
557.6373050000066,2.004783377039514,0.9438461538461538,557.514453000013,1.2045313897978713,0.9992307692307691
557.868625000007,1.933784294164124,0.9992307692307691,557.7570090000132,1.1675050565587144,0.9992307692307691
558.1192260000072,1.8622995114934424,0.9992307692307691,558.0115930000131,1.1503204706424968,0.9992307692307691
558.3720500000073,1.7879396882306657,0.9992307692307691,558.2591540000126,1.145370174709325,0.9992307692307691
558.615451000007,1.7111744219793512,0.9992307692307691,558.5134710000127,1.1438336261654602,0.9992307692307691
558.8691110000069,1.6342925509976942,0.9992307692307691,558.7484400000131,1.1385201937879286,0.9992307692307691
559.1145380000069,1.561322314510142,0.9992307692307691,558.9975120000131,1.1261019596163901,0.9992307692307691
559.3584830000068,1.4965017340028512,0.9992307692307691,559.251497000013,1.108476052900431,0.9992307692307691
559.6008510000065,1.442711912364915,0.9992307692307691,559.4904950000131,1.0902759965765605,0.9992307692307691
559.8559700000069,1.4009284345469826,0.9992307692307691,559.743043000013,1.0754780921930192,0.9992307692307691
560.0964150000071,1.3690548325396823,0.9992307692307691,559.9976540000129,1.064116720398681,0.9992307692307691
560.3503990000071,1.3428022174029492,0.9992307692307691,560.2384220000125,1.0525326826525059,0.9992307692307691
560.6028220000069,1.3167248874589337,0.9992307692307691,560.4859900000126,1.0360746298818047,0.9992307692307691
560.8427080000068,1.2869707841938556,0.9992307692307691,560.7284050000123,1.011561569581882,0.9992307692307691
561.0881990000065,1.2528505739863525,0.9992307692307691,560.9796710000123,0.977870265088659,0.9992307692307691
561.3461360000067,1.21740246817028,0.9992307692307691,561.2301190000125,0.9357343925073743,0.9992307692307691
561.5832550000067,1.18349594208898,0.9992307692307691,561.4755860000124,0.8882917654953296,0.9992307692307691
561.8312800000066,1.1511466917136262,0.9992307692307691,561.7440580000127,0.839473818762609,0.9992307692307691
562.0847660000068,1.11777016690604,0.9992307692307691,561.976890000013,0.793743506576952,0.9992307692307691
562.337648000007,1.0804958461392824,0.9992307692307691,562.2159050000129,0.7538426729772658,0.9992307692307691
562.5755600000072,1.0386353236719839,0.9992307692307691,562.4683130000134,0.7202683786602023,0.9992307692307691
562.8275610000071,0.9963836609668719,0.9992307692307691,562.7099780000136,0.6917363703944377,0.9992307692307691
563.0721500000072,0.9620052773942285,0.9992307692307691,562.9799700000136,0.6671929741934168,0.9992307692307691
563.317447000007,0.9433160087021294,0.9992307692307691,563.2274930000139,0.6470920285480612,0.9992307692307691
563.565475000007,0.9418815720975818,0.9992307692307691,563.4595370000139,0.6324281960853575,0.9992307692307691
563.8108060000071,0.9506669412317256,0.9992307692307691,563.6989780000138,0.6231291355178775,0.9992307692307691
564.0554070000068,0.95803386800149,0.9992307692307691,563.9571050000133,0.6193588394928127,0.9992307692307691
564.3323720000062,0.9550950456698739,0.9992307692307691,564.1953720000131,0.6212746847782987,0.9992307692307691
564.5542320000061,0.9398389642609943,0.9992307692307691,564.4497750000132,0.6282896294342102,0.9992307692307691
564.8086810000055,0.9145284826085627,0.9992307692307691,564.6954260000132,0.6382531761600896,0.9992307692307691
565.0504510000056,0.881992534308851,0.9992307692307691,564.9417000000129,0.6476638539097873,0.9992307692307691
565.3114120000062,0.8446015178451352,0.9992307692307691,565.1840600000132,0.652807330492878,0.9992307692307691
565.5428080000058,0.8046134328118153,0.9992307692307691,565.4387170000132,0.6516219360451998,0.9992307692307691
565.7908130000059,0.7634850627395072,0.9992307692307691,565.6815870000135,0.6466131686167793,0.9992307692307691
566.0367120000057,0.722282413478748,0.9992307692307691,565.9273040000129,0.6446445555762518,0.9992307692307691
566.2886000000059,0.6820778106637728,0.9992307692307691,566.1893870000132,0.6557789569984157,0.9992307692307691
566.535500000006,0.6440256314504277,0.9992307692307691,566.4384160000135,0.6899632075136864,0.9992307692307691
566.7766370000058,0.6082700396246767,0.9992307692307691,566.6788570000134,0.7515629752212506,0.9992307692307691
567.0254520000059,0.574839916143682,0.9992307692307691,566.9199030000134,0.8365607929579917,0.9992307692307691
567.2769890000063,0.5437614911691758,0.9992307692307691,567.1656940000136,0.9358311594889539,0.9992307692307691
567.5304780000062,0.5152885231455558,0.9992307692307691,567.4139650000134,1.0389180679415924,0.9992307692307691
567.7740230000063,0.4917102163055254,0.9992307692307691,567.6729790000131,1.1379765832689972,0.9992307692307691
568.0194930000065,0.47840762966587863,0.9992307692307691,567.9345220000135,1.2300148828402502,0.9992307692307691
568.2679660000065,0.48186363570039487,0.9992307692307691,568.1574350000136,1.3174880681905576,0.9992307692307691
568.5120120000068,0.5057454950679836,0.9992307692307691,568.4123460000135,1.4037822718021178,0.9992307692307691
568.7637360000068,0.5498231471030479,0.9992307692307691,568.6499180000138,1.486841079116086,0.9992307692307691
569.0132690000064,0.6123988443301196,0.9992307692307691,568.929678000014,1.559793318792976,0.9992307692307691
569.2610870000062,0.6925879874713745,0.9992307692307691,569.1453220000141,1.6130476325064953,0.9992307692307691
569.5057460000061,0.7895347817525349,0.9992307692307691,569.4060500000137,1.6381801444105994,0.9992307692307691
569.7737720000056,0.8998432355696002,0.9992307692307691,569.6452620000139,1.6337728465443253,0.9992307692307691
570.002161000005,1.0218127968661768,0.9992307692307691,569.8912230000138,1.6040958894992063,0.9992307692307691
570.2492210000049,1.1692392807650438,0.9992307692307691,570.1340610000135,1.5544377174933979,0.9992307692307691
570.4929260000049,1.3635720183343079,0.9992307692307691,570.3833930000135,1.487386921892084,0.9992307692307691
570.7537770000046,1.5966446248999508,0.9992307692307691,570.6623490000136,1.4017369874732761,0.9992307692307691
570.9950290000047,1.8283743707485165,0.9992307692307691,570.8757430000135,1.2964679727320763,0.9992307692307691
571.2417840000049,2.0240160489282335,0.9253846153846154,571.1232520000137,1.1816987064015714,0.9992307692307691
571.4879190000051,2.1696064140227582,0.6944444444444445,571.3963480000133,1.092681999842868,0.9992307692307691
571.7366740000051,2.263423983439535,0.5388888888888889,571.6203050000134,1.080331993900554,0.9992307692307691
572.0032190000047,2.306195967717067,0.47427350427350434,571.8689570000128,1.1792368554769102,0.9992307692307691
572.2267580000045,2.294408334276294,0.49581196581196574,572.1140420000125,1.388293620750276,0.9992307692307691
572.4751140000044,2.2194919037658267,0.5951282051282052,572.3648500000124,1.6777931192615958,0.9992307692307691
572.7291320000043,2.0789008673751885,0.8615384615384615,572.6204480000129,2.0033249529323514,0.9446153846153845
572.9731480000044,1.8966854275989975,0.9992307692307691,572.8639670000127,2.312425345901209,0.4670940170940171
573.2295100000043,1.7213919351845963,0.9992307692307691,573.1082760000123,2.544953934498425,0.1703418803418803
573.4649750000045,1.5836069667888766,0.9992307692307691,573.357412000012,2.639011400672075,0.08153846153846152
573.709982000005,1.491366674140025,0.9992307692307691,573.6004710000124,2.5570424219784194,0.15478632478632479
573.9665990000049,1.4825832023681549,0.9992307692307691,573.8604290000126,2.320398645217846,0.45632478632478624
574.2205660000052,1.60885464025008,0.9992307692307691,574.1044070000121,2.005513827671228,0.9423076923076923
574.4431750000056,1.8726525906272413,0.9992307692307691,574.3484220000121,1.693298717549465,0.9992307692307691
574.6890650000057,2.225134702773775,0.587948717948718,574.5867240000119,1.4299510271909626,0.9992307692307691
574.9376400000054,2.6018627657645292,0.10999999999999995,574.8370590000119,1.2278855123645513,0.9992307692307691
575.1950480000055,2.945871929279961,0.0,575.0862920000122,1.0839077589558965,0.9992307692307691
575.4324700000054,3.2118238791523135,0.0,575.3325200000127,0.9883581319587935,0.9992307692307691
575.6827510000054,3.362430957974933,0.0,575.5840970000128,0.927881918874597,0.9992307692307691
575.9284350000053,3.365341540626345,0.0,575.8321460000126,0.8881417865165038,0.9992307692307691
576.1876300000051,3.197095640710467,0.0,576.1116820000123,0.8564517661976621,0.9992307692307691
576.4188570000053,2.8799686784844996,0.0,576.3270220000119,0.8238542795263355,0.9992307692307691
576.6680180000051,2.5184370042770166,0.18948717948717944,576.5705600000115,0.785363179131839,0.9992307692307691
576.9205840000049,2.221254500268731,0.5939316239316239,576.8219670000116,0.7393085967401587,0.9992307692307691
577.1739740000049,2.0161009298381725,0.9323076923076922,577.0919510000116,0.6872051315853208,0.9992307692307691
577.4095760000043,1.880883846914884,0.9992307692307691,577.3183310000118,0.6357704211666303,0.9992307692307691
577.6566360000044,1.7907151283040352,0.9992307692307691,577.5649250000115,0.5950307498272647,0.9992307692307691
577.9108830000041,1.7278981765375725,0.9992307692307691,577.8131400000112,0.5723671112118607,0.9992307692307691
578.155846000004,1.6774000856252607,0.9992307692307691,578.0585110000113,0.5700874102826079,0.9992307692307691
578.4008420000048,1.622414266537903,0.9992307692307691,578.3250930000116,0.5853786799274495,0.9992307692307691
578.6603680000052,1.5441501529334465,0.9992307692307691,578.593105000012,0.611549353183636,0.9992307692307691
578.9014330000051,1.4292437626592516,0.9992307692307691,578.8071150000122,0.6399633637336618,0.9992307692307691
579.1582700000052,1.2836544571866129,0.9992307692307691,579.068406000012,0.661654383928572,0.9992307692307691
579.3872840000051,1.1332694025945134,0.9992307692307691,579.2962740000121,0.6700734368586494,0.9992307692307691
579.6572890000054,1.0040112620267387,0.9992307692307691,579.5551460000124,0.6629539475919448,0.9992307692307691
579.8892970000056,0.9122592200723675,0.9992307692307691,579.7931120000126,0.6422710073866349,0.9992307692307691
580.1407500000062,0.875604884820111,0.9992307692307691,580.0461280000121,0.6150381191516717,0.9992307692307691
580.3846450000065,0.904676225133546,0.9992307692307691,580.2911470000128,0.5931072663196287,0.9992307692307691
580.6312580000068,0.9877894495262397,0.9992307692307691,580.5389480000129,0.5871140227199976,0.9992307692307691
580.8759320000071,1.0995438657216212,0.9992307692307691,580.7799870000131,0.6005892736572098,0.9992307692307691
581.1263510000072,1.21846322516668,0.9992307692307691,581.0280870000136,0.6300014713525313,0.9992307692307691
581.3768100000074,1.3339959289986316,0.9992307692307691,581.2763830000134,0.6672751848838063,0.9992307692307691
581.6237120000073,1.4425059411224066,0.9992307692307691,581.5299010000133,0.7034551397767522,0.9992307692307691
581.866231000007,1.538084617321668,0.9992307692307691,581.771886000013,0.7319431757889521,0.9992307692307691
582.111715000007,1.606213794823193,0.9992307692307691,582.0204360000128,0.749947443445808,0.9992307692307691
582.369894000007,1.623705893123397,0.9992307692307691,582.2647110000125,0.7604748766336981,0.9992307692307691
582.6173110000072,1.570171467817125,0.9992307692307691,582.5170750000124,0.7722822849183796,0.9992307692307691
582.8691870000074,1.454854901329437,0.9992307692307691,582.7650650000129,0.7956744923373807,0.9992307692307691
583.1091860000072,1.3175905324566157,0.9992307692307691,583.0145220000124,0.8363142880520645,0.9992307692307691
583.3477070000074,1.193064053264116,0.9992307692307691,583.2564650000127,0.8918233311596454,0.9992307692307691
583.6026190000075,1.0974145053138176,0.9992307692307691,583.5074030000122,0.9520756895265989,0.9992307692307691
583.8497250000075,1.0362045564940974,0.9992307692307691,583.751804000012,1.011729340130916,0.9992307692307691
584.0970560000076,1.007591808050962,0.9992307692307691,584.0011190000115,1.0731502304427325,0.9992307692307691
584.3395680000075,1.0005102438044604,0.9992307692307691,584.2560910000111,1.1382101607380888,0.9992307692307691
584.5915380000073,0.9991863816676945,0.9992307692307691,584.496081000011,1.207848942202829,0.9992307692307691
584.8362070000079,0.9910709874698874,0.9992307692307691,584.7541150000113,1.2908279583770657,0.9992307692307691
585.0928300000079,0.9707078687121468,0.9992307692307691,584.9925900000109,1.4000659699472038,0.9992307692307691
585.342876000008,0.9386163419009879,0.9992307692307691,585.243589000011,1.5414420361703391,0.9992307692307691
585.5808750000078,0.8980495529860545,0.9992307692307691,585.4885480000111,1.7079327934399526,0.9992307692307691
585.8295060000072,0.8529555557752917,0.9992307692307691,585.7385770000112,1.882544139326398,0.9992307692307691
586.0841770000072,0.8090207697378651,0.9992307692307691,586.005454000011,2.044366982446715,0.8999999999999999
586.3344490000078,0.7742592734470414,0.9992307692307691,586.2380160000114,2.1694080517326055,0.6944444444444445
586.5694120000079,0.7572801833152008,0.9992307692307691,586.4760520000112,2.2310269609912705,0.5795726495726495
586.8161120000082,0.7652440392982776,0.9992307692307691,586.7235310000106,2.206913571933337,0.6286324786324787
587.0699020000084,0.8002783773310624,0.9992307692307691,586.9699200000108,2.087956022558129,0.8500000000000002
587.3435410000085,0.85751160805227,0.9992307692307691,587.224161000011,1.8905510989863634,0.9992307692307691
587.5623910000085,0.922997026247659,0.9992307692307691,587.4651480000111,1.6639479544785805,0.9992307692307691
587.8149460000087,0.9763404013821093,0.9992307692307691,587.7205690000108,1.4668916105903511,0.9992307692307691
588.0574300000089,0.999918262086282,0.9992307692307691,587.9776410000103,1.3290683116014306,0.9992307692307691
588.3124930000089,0.9885147817063149,0.9992307692307691,588.2036490000103,1.2438929131491805,0.9992307692307691
588.5572230000093,0.9507619645417273,0.9992307692307691,588.46011700001,1.1949537706820634,0.9992307692307691
588.800323000009,0.9062789054966851,0.9992307692307691,588.71458000001,1.166003309359565,0.9992307692307691
589.049352000009,0.8844009871329818,0.9992307692307691,588.95953900001,1.142846302355724,0.9992307692307691
589.3002920000089,0.9163115177346199,0.9992307692307691,589.2224440000098,1.1148996745189386,0.9992307692307691
589.5450370000092,1.0199288501386392,0.9992307692307691,589.4504920000102,1.0750885760795135,0.9992307692307691
589.7956210000091,1.1890457052299443,0.9992307692307691,589.6971890000107,1.0193202439522926,0.9992307692307691
590.0362200000094,1.3993154196950055,0.9992307692307691,589.9504640000108,0.9461952294603236,0.9992307692307691
590.281191000009,1.618300999643653,0.9992307692307691,590.1854390000108,0.8595683246195809,0.9992307692307691
590.541635000009,1.8164076233964215,0.9992307692307691,590.4435350000108,0.7714371474110162,0.9992307692307691
590.7785270000089,1.9733710726542442,0.9738461538461537,590.678994000011,0.6968506700415925,0.9992307692307691
591.0280310000094,2.0801179848962836,0.86,590.9278030000115,0.6433169675825018,0.9992307692307691
591.2754770000093,2.1364781256831256,0.7530769230769233,591.1815860000114,0.6084478012356042,0.9992307692307691
591.5199480000095,2.1465042109331667,0.7327350427350429,591.4285960000115,0.5920466624285864,0.9992307692307691
591.7728730000093,2.113200208660951,0.7973504273504275,591.6789640000117,0.611561150714585,0.9992307692307691
592.0173270000093,2.035688659344629,0.9138461538461538,591.9229070000116,0.6958495589937852,0.9992307692307691
592.2690260000093,1.9128178180568127,0.9992307692307691,592.1640450000122,0.8598572253261092,0.9992307692307691
592.5084140000092,1.7521079890943014,0.9992307692307691,592.4188590000118,1.0907673583184854,0.9992307692307691
592.7639340000093,1.575648150869658,0.9992307692307691,592.6581190000117,1.3563566046269564,0.9992307692307691
593.0131290000091,1.4066025358385965,0.9992307692307691,592.910133000012,1.616366046805679,0.9992307692307691
593.2637460000092,1.2600940747500098,0.9992307692307691,593.1591630000121,1.8316358433408233,0.9992307692307691
593.5076180000085,1.14080307218059,0.9992307692307691,593.4131330000121,1.968680833575481,0.9815384615384615
593.7624300000087,1.0480331039252406,0.9992307692307691,593.6739610000122,2.0064287956746245,0.9423076923076923
594.000011000009,0.9788870067976121,0.9992307692307691,593.909108000012,1.9451417583908004,0.9992307692307691
594.2459770000089,0.9283673142503884,0.9992307692307691,594.151480000012,1.810369628795196,0.9992307692307691
594.4905750000087,0.8956248916878975,0.9992307692307691,594.3990580000119,1.6479208374454308,0.9992307692307691
594.7360490000087,0.887140173554333,0.9992307692307691,594.6454320000122,1.5072952553239531,0.9992307692307691
595.0105280000088,0.9061809280642015,0.9992307692307691,594.8926480000118,1.4197127904454099,0.9992307692307691
,,,595.1409270000121,1.3854737955634167,0.9992307692307691
,,,595.3833230000118,1.3851901183004465,0.9992307692307691
,,,595.6354390000116,1.3968954333840844,0.9992307692307691
,,,595.8795210000111,1.4053748482547608,0.9992307692307691
,,,596.1288350000113,1.4068816098574932,0.9992307692307691
,,,596.3844580000118,1.409070136694158,0.9992307692307691
,,,596.6339950000115,1.4237057313862476,0.9992307692307691
,,,596.8872590000111,1.454020285156537,0.9992307692307691
,,,597.118008000011,1.4889854947659225,0.9992307692307691
,,,597.371039000011,1.5117099393386035,0.9992307692307691
,,,597.6252580000112,1.5105906216976457,0.9992307692307691
,,,597.8618310000115,1.479132644541126,0.9992307692307691
,,,598.1122370000115,1.415712517954754,0.9992307692307691
,,,598.3597910000116,1.3272337831055818,0.9992307692307691
,,,598.6028420000117,1.2278260443181748,0.9992307692307691
,,,598.8540930000121,1.1318607968652283,0.9992307692307691
,,,599.0965870000118,1.0473073874100904,0.9992307692307691
,,,599.342108000012,0.976849459072753,0.9992307692307691
,,,599.5946320000126,0.9209823224018465,0.9992307692307691
,,,599.8375430000126,0.8802479622373613,0.9992307692307691
,,,600.0994380000125,0.8558207869702523,0.9992307692307691
,,,600.3404940000128,0.8481088501520498,0.9992307692307691
,,,600.5873290000122,0.8543790422838585,0.9992307692307691
,,,600.8318810000122,0.8674316059136351,0.9992307692307691
,,,601.0904660000123,0.8766136889856064,0.9992307692307691
,,,601.345255000012,0.8718984741864695,0.9992307692307691
,,,601.5749260000122,0.8488282772101032,0.9992307692307691
,,,601.823895000012,0.8116149677959092,0.9992307692307691
,,,602.0688860000123,0.7733988544655026,0.9992307692307691
,,,602.3162900000125,0.7506026889116983,0.9992307692307691
,,,602.5703310000124,0.753950357611145,0.9992307692307691
,,,602.8113710000124,0.7872344078276462,0.9992307692307691
,,,603.0648900000127,0.8482717846676657,0.9992307692307691
,,,603.3108710000123,0.929272297090981,0.9992307692307691
,,,603.5670690000126,1.0172801411024608,0.9992307692307691
,,,603.8156160000128,1.0966150317501488,0.9992307692307691
,,,604.049922000013,1.1557378048268703,0.9992307692307691
