condition 1 time (s),condition 1 tbr,condition 1 nai,condition 2 time (s),condition 2 tbr,condition 2 nai
4.352093999999998,46.45840545412929,0.0,4.3397060000000005,152.04209948891386,0.0
4.597762999999994,44.51114987819921,0.0,4.5855760000000005,150.74693697012466,0.0
4.841082999999996,41.99690557992491,0.0,4.841612000000002,146.8077532665294,0.0
5.109479999999997,39.34889220391396,0.0,5.096697000000001,139.77566535300062,0.0
5.333441999999997,36.67180393674877,0.0,5.338565000000003,128.7817869409658,0.0
5.5824839999999964,33.91986487693036,0.0,5.582139000000003,113.94403214716812,0.0
5.832981999999998,30.860275790905515,0.0,5.833244000000002,96.77672357289305,0.0
6.072651999999999,27.118168180486034,0.0,6.073237,80.39882200630349,0.0
6.323624999999998,23.167062479990108,0.0,6.315136999999999,67.94998662746899,0.0
6.569510999999997,20.82610735400253,0.0,6.565985000000001,59.56871725093489,0.0
6.828578999999998,20.73500025290991,0.0,6.818594000000002,54.04316392980086,0.0
7.065431999999994,22.86194263850303,0.0,7.076126000000003,50.452615654291634,0.0
7.310581999999996,26.415561726968267,0.0,7.313160000000004,48.32821182479166,0.0
7.563996999999997,30.46508846804621,0.0,7.555618000000004,47.33431068961549,0.0
7.808630999999996,34.23683310720003,0.0,7.802978000000005,46.945880724969435,0.0
8.055022999999998,37.389337237134754,0.0,8.083054000000006,45.858116712656134,0.0
8.303534000000006,39.67936392194554,0.0,8.30905300000001,45.39236909279867,0.0
8.549641000000014,41.103312292841345,0.0,8.548022000000017,45.46938431368015,0.0
8.795850000000017,41.683505829988135,0.0,8.795358000000023,45.11834697407342,0.0
9.052887000000013,41.18302546193434,0.0,9.036780000000025,44.370958864858366,0.0
9.291388000000024,39.53712895634864,0.0,9.297911000000033,43.381917987592786,0.0
9.561357000000026,37.00426676050408,0.0,9.542919000000031,42.23631149122609,0.0
9.78854100000002,33.875522290634876,0.0,9.78587800000003,40.96156703087664,0.0
10.036969000000024,30.427976016943273,0.0,10.031205000000035,39.54652645715336,0.0
10.290942000000019,26.882734180944826,0.0,10.276724000000033,37.91899531521648,0.0
10.525479000000027,23.427129880387056,0.0,10.523764000000034,36.029805610400764,0.0
10.77590900000003,20.18619931742947,0.0,10.77222300000003,33.94391093314628,0.0
11.022320000000034,17.238752073537622,0.0,11.01977300000003,31.733778616683505,0.0
11.273303000000034,14.641083763864106,0.0,11.265081000000029,29.38216243810193,0.0
11.520355000000041,12.421571071869264,0.0,11.546180000000032,26.764604163845856,0.0
11.775357000000037,10.578029757290508,0.0,11.757144000000041,23.72304961052535,0.0
12.012823000000036,9.083069844067197,0.0,12.010104000000041,20.60112887748188,0.0
12.261631000000033,7.881649853437283,0.0,12.262771000000052,17.970086838038803,0.0
12.504685000000041,6.897844345159045,0.0,12.51710300000006,15.732337648164373,0.0
12.765166000000049,6.057082930244715,0.0,12.752535000000059,13.807588568965878,0.0
13.010766000000048,5.3063562295553455,0.0,13.004164000000065,12.196852534662678,0.0
13.248047000000055,4.624203535131678,0.0,13.273295000000065,10.978497905819253,0.0
13.50504500000006,4.052925201399035,0.0,13.500087000000068,10.249207044905663,0.0
13.746394000000063,4.5745039802166705,0.0,13.741156000000068,10.054766823757278,0.0
14.018643000000072,6.340392668937392,0.0,13.986845000000072,10.362159666555053,0.0
14.251284000000076,8.284406806918145,0.0,14.248497000000073,11.068870490706832,0.0
14.497156000000075,9.96302584944571,0.0,14.485391000000075,12.026510656807769,0.0
14.749716000000076,11.330508830513331,0.0,14.76174400000008,13.076248702413288,0.0
14.988036000000076,12.437397050507311,0.0,14.98578800000008,14.08180021980954,0.0
15.233040000000074,13.326292659770449,0.0,15.234608000000085,14.954198301756456,0.0
15.478076000000074,14.015028779095635,0.0,15.47714900000009,15.67006195696328,0.0
15.734068000000073,14.502580354621276,0.0,15.729139000000089,16.230972881895884,0.0
15.986556000000071,14.774550730656873,0.0,15.971660000000094,16.5942133364192,0.0
16.22285500000007,14.806972873572633,0.0,16.217517000000093,16.676603365840702,0.0
16.47686100000007,14.577330000543027,0.0,16.479341000000073,16.418759729044382,0.0
16.72195100000009,14.061974549406138,0.0,16.710463000000047,15.832877996477928,0.0
16.963837000000076,13.301657624628959,0.0,16.954783000000035,15.005008372501097,0.0
17.22427500000006,12.427309189125483,0.0,17.21280000000002,14.069492439181495,0.0
17.462175000000045,11.677008875243915,0.0,17.461852000000004,13.169538847199872,0.0
17.70714300000002,11.531553707274135,0.0,17.699686999999987,12.414125304138878,0.0
17.956178000000005,12.245449096734063,0.0,17.956995999999975,11.873180722741454,0.0
18.203177999999998,13.599456895169112,0.0,18.191951999999965,11.574127588948432,0.0
18.448653999999983,15.18605528111803,0.0,18.447438999999942,11.48101943579697,0.0
18.71353199999997,16.601056487922033,0.0,18.700929999999943,11.496375658888722,0.0
18.94413899999996,17.510221649781528,0.0,18.95304099999993,11.510685562024479,0.0
19.19601999999995,17.684211942317763,0.0,19.191357999999923,11.450199263921197,0.0
19.437657999999953,17.01538041374423,0.0,19.434635999999927,11.290137183463568,0.0
19.683732999999943,15.568879550852643,0.0,19.683383999999908,11.041108412589171,0.0
19.93653999999993,13.62728112098006,0.0,19.9305339999999,10.719986046075014,0.0
20.180420999999903,11.61850206558876,0.0,20.17491399999987,10.33116294883372,0.0
20.435522999999908,9.830741497198437,0.0,20.430451999999853,9.87106906502498,0.0
20.67252999999992,8.31496409764382,0.0,20.672320999999858,9.352127302428501,0.0
20.920977999999906,7.0533903396195585,0.0,20.92380599999984,8.82321827250967,0.0
21.174393999999907,6.032597520280262,0.0,21.16188799999984,8.376970778740553,0.0
21.41866399999991,5.228127001693056,0.0,21.412172999999832,8.149825789196065,0.0
21.66348699999989,4.608720941965456,0.0,21.66215899999982,8.301908165905473,0.0
21.91051099999987,4.1411436001067745,0.0,21.908550999999807,8.972246706119062,0.0
22.170179999999863,3.793744266196522,0.0,22.16304299999981,10.230502817215477,0.0
22.400025999999865,3.538338899620389,0.0,22.433845999999797,12.053831724878592,0.0
22.654030999999854,3.354974274824839,0.0,22.6563529999998,14.311404484493446,0.0
22.91452899999985,3.236938171160276,0.0,22.902961999999796,16.761671867997954,0.0
23.151982999999852,3.1858640393526807,0.0,23.15295499999978,19.069172313641385,0.0
23.393873999999848,3.201644100976811,0.0,23.39370299999977,20.844550246274974,0.0
23.640314999999834,3.2768846065937463,0.0,23.645695999999766,21.720095074526856,0.0
23.891749999999828,3.399312607714773,0.0,23.893860999999742,21.50549218603336,0.0
24.13672699999981,3.556396050434429,0.0,24.13729299999973,20.32249539425208,0.0
24.383148999999793,3.73813861840666,0.0,24.386687999999715,18.58456345763649,0.0
24.64118799999979,3.935920205772927,0.0,24.62873699999971,16.773165164122595,0.0
24.891475999999777,4.134376419784284,0.0,24.87872299999969,15.265450334182484,0.0
25.128999999999767,4.302541093250192,0.0,25.12660999999969,14.286032153349122,0.0
25.37251799999977,4.3956408938819616,0.0,25.374709999999688,13.917825443501833,0.0
25.623753999999757,4.376083869316606,0.0,25.62487699999968,14.086027200688502,0.0
25.872211999999735,4.237003674461541,0.0,25.866344999999658,14.5662492331488,0.0
26.113654999999714,4.011679137842084,0.0,26.122285999999658,15.03792611013693,0.0
26.363138999999713,3.7558294553134886,0.0,26.368656999999654,15.216967376464154,0.0
26.609507999999703,3.5223313697997414,0.0,26.616263999999628,14.954842198940492,0.0
26.855217999999695,3.3455624469535024,0.0,26.861794999999628,14.268246560842115,0.0
27.10344299999968,3.2407355024079565,0.0,27.115659999999632,13.305965267928471,0.0
27.35545799999967,3.209806349179604,0.0,27.35305099999962,12.278029162237146,0.0
27.59941499999967,3.239952316056895,0.0,27.603402999999616,11.384621451873958,0.0
27.856509999999663,3.2994794388739335,0.0,27.851375999999597,10.75000527855777,0.0
28.112963999999664,3.352480676517395,0.0,28.107328999999602,10.372031659115516,0.0
28.336304999999655,3.377027850821995,0.0,28.3495449999996,10.161438992278095,0.0
28.59142699999964,3.376138070081602,0.0,28.5874689999996,10.00981827772867,0.0
28.831272999999634,3.364137873861395,0.0,28.837933999999592,9.848652411287967,0.0
29.090310999999623,3.349545659023995,0.0,29.093442999999585,9.695461182139578,0.0
29.36130599999961,3.334064024563869,0.0,29.333373999999573,9.828145415863332,0.0
29.57567199999961,3.3164534174218407,0.0,29.58055799999957,11.206365420676853,0.0
29.82704199999959,3.2960160069832756,0.0,29.833810999999553,15.359082729303836,0.0
30.080424999999593,3.2782894652811185,0.0,30.092480999999538,24.02276222857786,0.0
30.329825999999574,3.2709297678365012,0.0,30.32981699999953,31.187395525014367,0.0
30.56280399999957,3.2776557875740266,0.0,30.57491699999954,32.393122015772505,0.0
30.818789999999566,3.289697991012604,0.0,30.819242999999524,31.218462844851516,0.0
31.068415999999562,3.2831822613253188,0.0,31.07175599999953,29.778834877113674,0.0
31.313234999999544,3.232177944246198,0.0,31.319058999999527,28.800576070168916,0.0
31.552066999999546,3.1260966679510145,0.0,31.563606999999507,28.516046971898042,0.0
31.79913699999954,2.976609305314012,0.0,31.815019999999503,28.63735029502123,0.0
32.04247699999953,2.8087834112344585,0.0,32.058964999999496,28.54531303307503,0.0
32.30004599999952,2.6455481404027767,0.0,32.301108999999485,27.78471270039306,0.0
32.55494499999951,2.50279233025195,0.0,32.55244499999948,26.353309197521845,0.0
32.790883999999494,2.397412015680747,0.0,32.800053999999484,24.51099054586364,0.0
33.03414099999948,2.355015984870324,0.0,33.0464679999995,22.528548510927134,0.0
33.28010299999945,2.414078496352114,0.0,33.311625999999464,20.596933962450684,0.0
33.533352999999465,2.6247107147914033,0.0,33.54311399999945,18.829017276351646,0.0
33.77359799999946,3.032472170571187,0.0,33.793935999999455,17.28448254476068,0.0
34.02424099999947,3.6525625871937617,0.0,34.043033999999416,15.992880244523425,0.0
34.27162099999948,4.44432898831811,0.0,34.2837599999994,14.972486572698855,0.0
34.51988799999945,5.300071561463929,0.0,34.539721999999415,14.241092060348986,0.0
34.76488999999941,6.063444689307213,0.0,34.780153999999406,13.84728362069636,0.0
35.01028699999938,6.575319035834198,0.0,35.02412099999941,13.911607704807322,0.0
35.2726829999994,6.733258605316069,0.0,35.28412799999941,14.846598281920343,0.0
35.52235999999939,6.5398679735568965,0.0,35.53147299999944,13.276443755548152,0.0
35.77363699999938,6.102830806063588,0.0,35.777488999999456,11.661162880450405,0.0
36.00097299999938,5.561292569165827,0.0,36.013857999999445,10.498036671344229,0.0
36.25204799999936,5.021709860642417,0.0,36.266407999999466,9.623100436259866,0.0
36.49640199999935,4.543962003092857,0.0,36.518453999999444,8.872971148102671,0.0
36.74133599999935,4.148239579071663,0.0,36.76293099999942,8.123378959549935,0.0
36.99129799999937,3.827354061429757,0.0,37.01083399999943,7.304910479602817,0.0
37.242308999999395,3.5631796266712326,0.0,37.25359999999944,6.423431136323763,0.0
37.49186999999941,3.3380456688382076,0.0,37.49868599999942,5.539055994514635,0.0
37.7397979999994,3.140684507097015,0.0,37.76059299999938,4.719351899235759,0.0
37.98286299999939,2.9686136100184197,0.0,37.99913399999937,4.00496077878467,0.0
38.236940999999405,2.8291710666880414,0.0,38.245033999999364,3.40552552276979,0.0
38.47691999999942,2.7374734195486243,0.0,38.491026999999384,2.9104739398378165,0.0
38.730930999999416,2.714038535343459,0.0,38.73311599999937,2.5077215479214945,0.0
38.976889999999415,2.7801146076919503,0.0,38.98314699999938,2.189906861206117,0.05084745762711867
39.21684899999944,2.9468809488994028,0.0,39.230122999999395,1.9510771861587013,0.2676553672316384
39.46847699999946,3.193916552111688,0.0,39.47794999999937,1.7840446940725565,0.535840395480226
39.72090599999947,3.456663847593427,0.0,39.726962999999394,1.6786587761825307,0.7409957627118646
39.968915999999496,3.6551170145002563,0.0,39.96997099999937,1.6202488939699413,0.8324505649717515
40.226806999999496,3.7433715374167864,0.0,40.221487999999404,1.5910198230801644,0.8673199152542372
40.45576999999951,3.7243053227720515,0.0,40.46530699999941,1.5778999863708036,0.8816207627118644
40.7132959999995,3.630141376696339,0.0,40.70778199999941,1.5741429497192685,0.8855932203389829
40.956001999999515,3.495345674160909,0.0,40.96769999999945,1.5775976509423932,0.8816207627118644
41.20050499999953,3.3436149955335086,0.0,41.21078799999942,1.588012265733333,0.8704978813559321
41.45111299999954,3.1829427463019258,0.0,41.456728999999434,1.6056272035091204,0.8569915254237288
41.705913999999545,3.0094658022532723,0.0,41.70060999999947,1.6305759141370133,0.8052612994350282
41.94638499999952,2.8209309188723153,0.0,41.94856899999945,1.660870379923227,0.7607697740112995
42.190809999999544,2.6253747312933333,0.0,42.20114699999944,1.68930000147163,0.7212217514124294
42.439636999999536,2.4382631080539214,0.0,42.45173299999944,1.7058367950679945,0.6890889830508475
42.691215999999535,2.2747932823270585,0.007150423728813581,42.688501999999446,1.7079961057886697,0.6841454802259889
42.937162999999515,2.1436275639975992,0.08103813559322036,42.94250599999943,1.7015193410109328,0.695268361581921
43.189594999999514,2.0451175768530883,0.14777542372881355,43.18063399999942,1.693684050614386,0.7150423728813561
43.469062999999515,1.972574418004793,0.23057909604519766,43.42966399999943,1.6854737692995223,0.7274011299435028
43.68206099999949,1.9175134110637544,0.32203389830508466,43.67964299999946,1.6727583075671935,0.7459392655367233
43.923641999999475,1.8769153699629362,0.3825918079096045,43.935475999999454,1.6491656048517582,0.778072033898305
44.17788099999948,1.8530904184123578,0.4147245762711864,44.17592199999947,1.6106432153972183,0.8485169491525425
44.424311999999496,1.8506402528103363,0.4147245762711864,44.42704399999947,1.558505394996552,0.9126059322033897
44.6695719999995,1.8702596376066003,0.3912429378531074,44.67334499999948,1.4996454604468106,0.9753707627118644
44.91674699999948,1.9054099766205388,0.33686440677966106,44.91725899999945,1.4448552657406037,0.9999999999999999
45.1641969999995,1.9447106409738166,0.2787782485875706,45.17132999999948,1.404587078463309,0.9999999999999999
45.41825599999953,1.9778141701618122,0.22069209039548018,45.43645899999946,1.3838703343320065,0.9999999999999999
45.65372299999952,1.998458757842329,0.2009180790960452,45.65821999999945,1.380825511978959,0.9999999999999999
45.912744999999546,2.00096888469727,0.19721045197740109,45.9047119999995,1.3869120794893421,0.9999999999999999
46.158213999999525,1.9784103253651066,0.22069209039548018,46.15990599999949,1.3910760452363666,0.9999999999999999
46.404743999999525,1.9256873678777708,0.3146186440677966,46.41292699999947,1.3857467465140378,0.9999999999999999
46.64812299999952,1.8437903070005828,0.42708333333333337,46.6543919999995,1.37075367108206,0.9999999999999999
46.895149999999546,1.744000160206899,0.6050494350282486,46.8957599999995,1.3508309882244476,0.9999999999999999
47.13978999999956,1.6439763732023498,0.7867231638418081,47.17080999999951,1.3297042452928263,0.9999999999999999
47.38768699999953,1.5609838459780232,0.9086334745762712,47.39135899999952,1.307007379364675,0.9999999999999999
47.63715799999953,1.5067998644116134,0.9698093220338982,47.64446399999947,1.2818941896085643,0.9999999999999999
47.90157999999952,1.4847283606575785,0.9896716101694915,47.88623399999945,1.2566926542547336,0.9999999999999999
48.12965699999951,1.4905371102756908,0.9841101694915254,48.133213999999434,1.240372810360316,0.9999999999999999
48.37947199999952,1.5145241368528568,0.9555084745762712,48.3776729999994,1.2457352888595836,0.9999999999999999
48.62559999999952,1.5455982007046285,0.9245233050847457,48.6371259999994,1.2814163661295082,0.9999999999999999
48.87490599999952,1.5752076478537738,0.8832097457627118,48.87219799999941,1.3456739780257614,0.9999999999999999
49.11972699999953,1.6006983287714367,0.8609639830508474,49.12595799999943,1.4263935490453763,0.9999999999999999
49.373247999999535,1.623304749810726,0.8287429378531075,49.36632099999943,1.508110703795495,0.967425847457627
49.62016799999955,1.6462248317346764,0.783015536723164,49.61516999999944,1.5763329018170624,0.8824152542372881
49.86303599999958,1.6710310160151332,0.7484110169491526,49.86671999999943,1.6190368120384322,0.8336864406779663
50.122258999999566,1.697815693324473,0.702683615819209,50.109061999999426,1.629295137780455,0.8089689265536723
50.36714499999958,1.724323049031915,0.6421257062146893,50.35228199999944,1.6079875650719542,0.8522245762711863
50.6021419999996,1.7443600392499898,0.6050494350282486,50.602876999999445,1.5627006760160287,0.9054555084745761
50.85709299999961,1.750635243120464,0.5926906779661016,50.84555899999946,1.5030916956413392,0.9729872881355931
51.1180929999996,1.7402767678690938,0.6124646892655368,51.09163199999945,1.4389951865571144,0.9999999999999999
51.3536449999996,1.7179365172085452,0.6557203389830508,51.33564799999947,1.378682882311278,0.9999999999999999
51.594103999999625,1.6930655975469238,0.7150423728813561,51.58847399999949,1.326008681562416,0.9999999999999999
51.84460299999962,1.6725341453411353,0.7459392655367233,51.83263199999951,1.282021033273986,0.9999999999999999
52.08739999999964,1.6582963063183682,0.7644774011299436,52.07098499999949,1.2499893938343227,0.9999999999999999
52.34182999999963,1.647360685020511,0.7805437853107345,52.32353399999947,1.2383615098952445,0.9999999999999999
52.58540999999961,1.634579072526405,0.7990819209039548,52.56412399999948,1.258202241557028,0.9999999999999999
52.82890399999959,1.616040548661271,0.842337570621469,52.81805099999948,1.315229810849004,0.9999999999999999
53.08292599999957,1.5888156069639356,0.8704978813559321,53.08488199999945,1.3988821172354908,0.9999999999999999
53.325737999999575,1.5518518465210773,0.9197563559322033,53.30894999999943,1.4834790404299125,0.9904661016949152
53.57216499999959,1.5054226245355935,0.970603813559322,53.56158499999942,1.5453137807103834,0.9253177966101694
53.8191689999996,1.450271773703017,0.9999999999999999,53.802360999999415,1.5760277347768858,0.8824152542372881
54.06917899999961,1.3879545630629495,0.9999999999999999,54.0518869999994,1.5793816837032333,0.8808262711864406
54.32311199999963,1.3234630511157033,0.9999999999999999,54.30750099999939,1.5628566046422596,0.9046610169491525
54.5703609999996,1.2667359130493652,0.9999999999999999,54.54276999999941,1.5343652038332447,0.9332627118644067
54.81226899999961,1.2319847481110855,0.9999999999999999,54.797205999999406,1.5014534092311445,0.9737817796610169
55.06077499999961,1.2357756360976677,0.9999999999999999,55.04095299999939,1.4753520496983636,0.9999999999999999
55.3150809999996,1.2898306063775808,0.9999999999999999,55.28529099999939,1.4728446699265394,0.9999999999999999
55.57356999999963,1.3943390018274129,0.9999999999999999,55.52821999999939,1.5119265857489972,0.9594809322033897
55.80952699999963,1.5393367671282878,0.9308792372881355,55.78980599999939,1.6020947342899168,0.8593749999999999
56.04438199999967,1.7068450031368236,0.686617231638418,56.02729399999939,1.7360828987027546,0.6235875706214689
56.29685999999967,1.8756194504508168,0.3825918079096045,56.28781699999941,1.8893737739837686,0.3702330508474576
56.53875999999969,2.028144468875511,0.16754943502824862,56.526933999999436,2.0289566489583817,0.16754943502824862
56.80873299999969,2.1540724634195336,0.07309322033898301,56.76838399999945,2.1247352435278373,0.09295550847457622
57.03872999999968,2.246032594808016,0.025423728813559334,57.01772399999946,2.161190080698681,0.0699152542372881
57.279202999999704,2.295962872898825,0.0,57.26935399999944,2.1442406390133675,0.08103813559322036
57.53384299999967,2.298814033950337,0.0,57.50979599999941,2.0968017173909685,0.11122881355932206
57.78612299999964,2.2569192091211416,0.015889830508474614,57.75721099999942,2.04573415537439,0.14698093220338979
58.02505899999965,2.1824781801233812,0.05323093220338981,58.001264999999414,2.0096170898652743,0.18855932203389836
58.281459999999655,2.095991501777175,0.11122881355932206,58.258260999999415,1.9962896798067067,0.2033898305084746
58.544542999999656,2.0206956358180865,0.17620056497175135,58.500778999999405,2.0104951790681675,0.18608757062146897
58.77249999999967,1.9766342691927385,0.2243997175141243,58.75316599999944,2.0604128023856307,0.1334745762711864
59.010480999999686,1.9740554002025248,0.23057909604519766,58.99353399999946,2.15646999845466,0.07150423728813556
59.25682599999969,2.0123849412343997,0.18361581920903947,59.239595999999494,2.3049106485541535,0.0
59.50492099999971,2.0817107237032886,0.11917372881355932,59.49401199999951,2.4960586708839045,0.0
59.75565999999971,2.16623556280045,0.06514830508474574,59.72890499999954,2.6970961614272015,0.0
60.01077599999973,2.248335895932459,0.02383474576271188,59.981956999999525,2.8578993918052698,0.0
60.24866899999974,2.312772563703877,0.0,60.228773999999504,2.942289340132401,0.0
60.50274199999978,2.3524050994054013,0.0,60.47685699999949,2.954402420512755,0.0
60.740437999999784,2.3671645278977858,0.0,60.74423099999945,2.9330011397098503,0.0
60.994891999999794,2.358394926101692,0.0,60.969671999999456,2.9225696564148955,0.0
61.235378999999796,2.3204826707059825,0.0,61.21966299999946,2.946661558544948,0.0
61.48528999999981,2.2476228668205183,0.024629237288135566,61.46480499999945,3.0006076626660976,0.0
61.73167099999983,2.1441141696032076,0.08103813559322036,61.71717499999946,3.0596178419550455,0.0
61.97703799999982,2.020055913644687,0.17620056497175135,61.959028999999504,3.0948468735066426,0.0
62.220993999999834,1.8879931604744753,0.37394067796610164,62.21000299999947,3.0863229791319777,0.0
62.47257699999981,1.761520582030174,0.575388418079096,62.45429799999946,3.0288608280529057,0.0
62.712856999999836,1.6517229228425732,0.7731285310734463,62.69563299999946,2.93103636356995,0.0
62.96038799999985,1.5643355248732524,0.9014830508474576,62.94459299999952,2.809988612118439,0.0
63.22882399999987,1.4977238657795007,0.9769597457627118,63.19062299999952,2.6816274112959104,0.0
63.458230999999884,1.443922764405601,0.9999999999999999,63.44267199999953,2.5539687646904867,0.0
63.70459699999989,1.3926971892455717,0.9999999999999999,63.691367999999535,2.423326881693998,0.0
63.9578019999999,1.3383161032527882,0.9999999999999999,63.94686699999954,2.2830084644391024,0.0007944915254237682
64.1980259999999,1.280143653477472,0.9999999999999999,64.17742899999955,2.1322326611460873,0.08818855932203386
64.44556999999989,1.2236773035893989,0.9999999999999999,64.44244399999955,1.9753314927973726,0.2281073446327683
64.69154499999989,1.1794776370337905,0.9999999999999999,64.67289599999955,1.8223052836139078,0.47404661016949157
64.9428679999999,1.1608163576058443,0.9999999999999999,64.92875899999957,1.6879827754502124,0.722457627118644
65.1854289999999,1.1814573753286313,0.9999999999999999,65.16744099999957,1.5921435125699948,0.8665254237288135
65.43283499999988,1.2495238800157384,0.9999999999999999,65.41022099999957,1.554975268122734,0.9141949152542372
65.69032299999995,1.3645484962897492,0.9999999999999999,65.65957599999953,1.5865028333266105,0.8720868644067795
65.93782599999994,1.5178678143197497,0.9507415254237287,65.9087219999995,1.6776371631700195,0.742231638418079
66.18745900000002,1.6930354168785062,0.7150423728813561,66.15371899999947,1.8023256855391196,0.5049435028248588
66.44227599999999,1.8655572527297464,0.39371468926553677,66.40554699999952,1.930875928119739,0.3022598870056497
66.67381500000005,2.0084512407518114,0.19103107344632772,66.6461009999995,2.041883886504599,0.15271892655367225
66.92472500000004,2.1022977375936565,0.10646186440677961,66.89785199999947,2.1241873444725883,0.09454449152542375
67.17079500000003,2.1402004036027162,0.08262711864406781,67.14591399999952,2.1735228208736075,0.05561440677966103
67.42025900000004,2.1231543254124685,0.09533898305084744,67.39328399999955,2.188774156783162,0.05164194915254235
67.66030200000004,2.0586235848278354,0.13506355932203384,67.63881099999952,2.166348071157235,0.06514830508474574
67.91598800000001,1.9583220234534393,0.2577683615819209,67.89068499999956,2.1049560696679825,0.10407838983050847
68.15987700000001,1.8348998798454832,0.44314971751412435,68.13323399999956,2.012532166121921,0.18361581920903947
68.40635599999997,1.6993328905159475,0.6989759887005651,68.39736199999957,1.9033219957431107,0.3442796610169492
68.65421400000004,1.560637821466418,0.9086334745762712,68.62962899999958,1.7898168735015074,0.5234816384180792
68.89937600000005,1.4264605353210864,0.9999999999999999,68.8774439999996,1.6806212684188055,0.7348163841807911
69.14739100000004,1.3038360038459598,0.9999999999999999,69.11807599999952,1.5802812237149402,0.8792372881355931
69.39729600000004,1.2003507056780278,0.9999999999999999,69.37442999999952,1.4895081640527317,0.9856991525423728
69.65535300000008,1.123681729069822,0.9999999999999999,69.62544299999955,1.4055171937795472,0.9999999999999999
69.889706,1.0806087688454435,0.9999999999999999,69.86197199999955,1.32465543336852,0.9999999999999999
70.157751,1.0771692973755882,0.9999999999999999,70.11283699999956,1.2457512657735397,0.9999999999999999
70.39374600000002,1.1163845894701494,0.9999999999999999,70.35959799999961,1.1709462881175994,0.9999999999999999
70.633192,1.19387920669978,0.9999999999999999,70.6045339999996,1.1041193963648772,0.9999999999999999
70.88671299999997,1.2965151173131308,0.9999999999999999,70.8533909999996,1.050016034673834,0.9999999999999999
71.13664899999996,1.4070503503109855,0.9999999999999999,71.1082879999996,1.0130513503929333,0.9999999999999999
71.38349999999996,1.509096849259377,0.9658368644067795,71.35174999999963,0.9986245738744964,0.9999999999999999
71.63421599999998,1.5906328026531444,0.8689088983050847,71.60120999999967,1.0139396640929546,0.9999999999999999
71.87104200000002,1.6445938162898284,0.7854872881355933,71.84880099999968,1.0658890537616834,0.9999999999999999
72.12207600000008,1.6681098230905935,0.7508827683615821,72.08758499999968,1.1560993033445055,0.9999999999999999
72.36612099999999,1.663144256781109,0.7570621468926556,72.34070799999971,1.278355084420403,0.9999999999999999
72.61704600000004,1.6384180125773495,0.7953742937853108,72.58503899999974,1.4193595088497968,0.9999999999999999
72.89060300000003,1.6075881918916277,0.8546080508474576,72.84006199999973,1.5593813102351022,0.9102224576271186
73.11007200000002,1.585839585847557,0.8728813559322033,73.0849699999997,1.6752402245302878,0.7447033898305085
73.35796600000003,1.592065081083899,0.8665254237288135,73.33526799999979,1.74580271099081,0.6001059322033899
73.60605300000003,1.6458477992853005,0.783015536723164,73.56989199999985,1.760188549553255,0.5778601694915254
73.84853900000006,1.7597905562009983,0.5790960451977402,73.81662399999982,1.7221195875064323,0.6470692090395481
74.11405000000008,1.9322208868102895,0.2985522598870056,74.06511199999987,1.6493251408105434,0.7768361581920905
74.34645200000008,2.141756638379996,0.08262711864406781,74.3124869999999,1.5651594030233889,0.8998940677966101
74.59602700000003,2.347198680209543,0.0,74.55392299999995,1.492180210236206,0.9817266949152541
74.85014800000005,2.498752043842334,0.0,74.80205299999999,1.446069368544163,0.9999999999999999
75.08687600000002,2.56207769477013,0.0,75.04322599999998,1.434460948868294,0.9999999999999999
75.343263,2.5320711418606834,0.0,75.31007199999998,1.4578545395503344,0.9999999999999999
75.58401999999998,2.427328620755126,0.0,75.54322599999998,1.509533724735702,0.9658368644067795
75.83462800000001,2.278118029347774,0.003972457627118674,75.79058899999997,1.5800340909949027,0.8792372881355931
76.08147100000005,2.1149501748849886,0.09772245762711866,76.05104499999993,1.6615466333864657,0.75829802259887
76.3254890000001,1.962810794286539,0.2478813559322034,76.27830799999994,1.7484803016162358,0.5951624293785311
76.57790600000008,1.8363349187768543,0.44067796610169496,76.53023999999999,1.8352472955869583,0.44314971751412435
76.82787000000013,1.7409935081104402,0.6112288135593221,76.76568799999995,1.9154268451387917,0.3257415254237288
77.07030900000015,1.6836844626877272,0.7323446327683617,77.01816499999995,1.983341017303891,0.21822033898305082
77.32026500000018,1.6739244369782136,0.7447033898305085,77.26374399999999,2.0334986255180256,0.16260593220338987
77.57025700000021,1.7211785973850928,0.6495409604519773,77.51922200000003,2.065298846549154,0.13109110169491525
77.81315100000022,1.8330507217003924,0.4505649717514124,77.75867500000007,2.0852570520567144,0.11599576271186442
78.06379700000019,2.0073087336254285,0.19103107344632772,78.00288300000005,2.4348227084925385,0.0
78.31391900000015,2.222990018814644,0.03734110169491527,78.25281500000001,3.9476372919751905,0.0
78.57943300000018,2.4375745912418485,0.0,78.50273699999998,6.9540746117794825,0.0
78.81596200000023,2.5959228411628787,0.0,78.74964,10.459788471683705,0.0
79.04936000000023,2.656094562311929,0.0,79.00514800000002,13.584309980551534,0.0
79.29928600000025,2.6073528954181815,0.0,79.24118300000006,16.09893199723752,0.0
79.54736600000031,2.468349269581699,0.0,79.47551600000004,18.26680072712561,0.0
79.79158000000035,2.273655724425626,0.007150423728813581,79.72353900000002,20.745280012680247,0.0
80.05308000000043,2.0598139407908147,0.13426906779661016,79.97401700000002,24.546560566262645,0.0
80.28948600000045,1.8569101210610566,0.4060734463276836,80.229546,31.148417727956158,0.0
80.53547500000045,1.6885283505377313,0.7212217514124294,80.473129,42.81369446494828,0.0
80.78637500000045,1.5727048268324078,0.8879766949152542,80.71649,63.149016671126965,0.0
81.03936500000052,1.5181687095556102,0.9507415254237287,80.96203700000002,97.70846353284149,0.0
81.27584800000051,1.5175764666589935,0.9507415254237287,81.2275630000001,152.89540833683756,0.0
81.52570000000051,1.5462517277142753,0.923728813559322,81.45685900000014,227.5860337984459,0.0
81.78955200000054,1.5740301453504049,0.8855932203389829,81.71555200000013,299.4463209182288,0.0
82.02020900000056,1.5794546665544429,0.8808262711864406,81.96483100000013,340.017043059593,0.0
82.27303200000057,1.5551091286098546,0.9141949152542372,82.20135500000016,339.92976772105163,0.0
82.51745500000065,1.5068379216627128,0.9690148305084745,82.4515070000001,307.1090842606286,0.0
82.76498500000073,1.4491048757862546,0.9999999999999999,82.69709100000006,260.49088647496546,0.0
83.01578600000077,1.4004016220582696,0.9999999999999999,82.9494500000001,214.2803634703046,0.0
83.26621400000077,1.3778164428362396,0.9999999999999999,83.19900400000012,173.99085072810314,0.0
83.50567800000077,1.3926595524007075,0.9999999999999999,83.43476500000016,140.58008638506863,0.0
83.75113200000075,1.447610006572408,0.9999999999999999,83.70957400000017,113.36625877228705,0.0
84.00109400000075,1.5321655921007458,0.9356461864406779,83.9355900000002,91.35201898583634,0.0
84.24496600000074,1.625283920125343,0.8237994350282487,84.18471300000016,73.62601744329967,0.0
84.49826700000074,1.703985039443829,0.6927966101694916,84.42361100000021,59.4106093443198,0.0
84.74469100000076,1.7522649562458827,0.591454802259887,84.6811720000002,48.03374232846362,0.0
85.0071990000008,1.7640741370200343,0.575388418079096,84.92212900000018,38.92182142768495,0.0
85.23829300000075,1.7435539673608778,0.6050494350282486,85.1692200000002,31.599622035935855,0.0
85.48460800000072,1.702737586371447,0.6940324858757063,85.42211600000014,25.690961184479185,0.0
85.7392660000007,1.6574744622552724,0.7644774011299436,85.66629600000012,20.913054616615742,0.0
85.99087500000073,1.6224610938865927,0.8287429378531075,85.90933300000013,17.054145495180553,0.0
86.22633900000072,1.645772107424393,0.783015536723164,86.15481600000015,13.947940433558685,0.0
86.47272400000065,1.8714989364112273,0.38753531073446323,86.40492200000018,11.454548149213018,0.0
86.72370600000069,2.519113358133554,0.0,86.64797900000023,9.45434152954571,0.0
86.97335600000073,3.7516514836430215,0.0,86.91627400000027,7.852285365350998,0.0
87.21930700000075,5.544999991633258,0.0,87.1472270000003,6.591866365359294,0.0
87.46769500000079,7.645647905543881,0.0,87.38980400000031,5.689585854897416,0.0
87.71831700000078,9.6484084216813,0.0,87.64466500000034,5.252655052575689,0.0
87.96231400000079,11.15352241711409,0.0,87.89370600000031,5.432759019968643,0.0
88.2076060000008,11.906163083376203,0.0,88.13415600000032,6.330631516780421,0.0
88.4566320000008,11.86845043490352,0.0,88.38298600000033,7.901820271619108,0.0
88.70504000000082,11.177580073432571,0.0,88.6295750000003,9.916297032369707,0.0
88.95463700000083,10.062082721269688,0.0,88.88006300000033,12.003879039166662,0.0
89.1978430000008,8.759729924957993,0.0,89.12143200000035,13.755225240044295,0.0
89.45932300000081,7.459527007207615,0.0,89.37095400000032,14.829234070309205,0.0
89.70380100000078,6.279852031748018,0.0,89.62392500000033,15.039446133478519,0.0
89.9426360000008,5.270995250120053,0.0,89.87235400000034,14.408841306504952,0.0
90.19579300000082,4.439391718534264,0.0,90.11142800000033,13.171370768049668,0.0
90.4371520000008,3.777034377304151,0.0,90.36551700000032,11.69159417466573,0.0
90.68453200000077,3.2674942027415295,0.0,90.60417100000032,10.325677934415921,0.0
90.93168700000078,2.889062660048082,0.0,90.85047900000032,9.283489618405557,0.0
91.17510800000078,2.618060691573036,0.0,91.1035710000003,8.595873778043181,0.0
91.4300280000008,2.4298210520310666,0.0,91.36829200000028,8.181792633811899,0.0
91.67633700000079,2.2998028597620572,0.0,91.5979510000003,7.924771951911039,0.0
91.92340700000081,2.2083806097042045,0.04290254237288132,91.84542600000032,7.712888636386925,0.0
92.17493400000082,2.143592724374087,0.08103813559322036,92.09075500000033,7.455896517182927,0.0
92.42040300000086,2.100287484921179,0.10646186440677961,92.33256000000034,7.097994595312686,0.0
92.67039000000089,2.07561546281794,0.12155720338983046,92.57976900000033,6.627815994309006,0.0
92.91486500000087,2.068134712868519,0.12791313559322035,92.82814800000031,6.077820924477518,0.0
93.15729600000094,2.072922343360415,0.12394067796610168,93.07505300000032,5.517294841412834,0.0
93.40363500000093,2.081031831983826,0.11917372881355932,93.3267020000003,5.022343961741703,0.0
93.66311200000096,2.0858843435985506,0.11599576271186442,93.57598500000027,4.640381277402663,0.0
93.92459300000097,2.088222330769842,0.11520127118644065,93.81957400000023,4.375293952740381,0.0
94.15355300000097,2.0963038213829024,0.11122881355932206,94.06810100000027,4.205436081205433,0.0
94.39591100000102,2.115996911504402,0.09772245762711866,94.31948700000031,4.100203826715408,0.0
94.64306500000106,2.14436643910115,0.08024364406779659,94.56865700000037,4.0273810153365135,0.0
94.89460400000105,2.168485363222147,0.06197033898305084,94.81489700000033,3.9645745963977084,0.0
95.14520700000104,2.1704018749225478,0.05958686440677962,95.05976800000033,3.9031220191764415,0.0
95.39977900000103,2.1344591114403393,0.08818855932203386,95.30386100000034,3.8405131277102385,0.0
95.64322000000101,2.0536298557606756,0.13744703389830507,95.55675200000036,3.774207805748952,0.0
95.89173100000103,1.9338297247997183,0.2985522598870056,95.79707300000038,3.6952378490650517,0.0
96.14356600000107,1.7925804259781715,0.519774011299435,96.05104500000037,3.5874316706217173,0.0
96.37251600000106,1.6534457642892102,0.7706567796610171,96.28935900000042,3.460443406629769,0.0
96.62391100000106,1.540178528588255,0.9300847457627118,96.54066100000047,3.410664952611264,0.0
96.87297200000108,1.4713884431303774,0.9999999999999999,96.7804060000005,3.6290511214732994,0.0
97.1398640000011,1.457198840612644,0.9999999999999999,97.03347700000047,4.325590576447025,0.0
97.36776600000111,1.5026962837699622,0.9729872881355931,97.28016200000047,5.730167639461742,0.0
97.61207400000113,1.606975491101565,0.8554025423728813,97.53150400000045,8.455453272807542,0.0
97.86210800000107,1.7549560791958698,0.5865112994350283,97.78728400000043,13.658308322554982,0.0
98.10257700000106,1.9135075104203607,0.32697740112994345,98.02872100000044,21.45875992305788,0.0
98.35357000000108,2.043841215548558,0.149364406779661,98.27924800000049,30.455618468072903,0.0
98.60194300000107,2.1198190211323076,0.09772245762711866,98.51364300000051,38.96677206815596,0.0
98.8543640000011,2.1352492050483636,0.08818855932203386,98.75963900000045,45.88439387355083,0.0
99.10379300000108,2.1000973256121087,0.10725635593220338,99.03477400000041,50.705407065326746,0.0
99.34327200000112,2.0354282096051306,0.15889830508474576,99.26063500000036,53.32487560766582,0.0
99.58974300000108,1.9653376386686345,0.24170197740112992,99.50542100000042,53.85735802675289,0.0
99.83779000000106,1.91055776856386,0.3306850282485876,99.76604300000048,52.53226395412865,0.0
100.09775500000107,1.8840141544064295,0.37641242937853103,100.00477100000053,49.63234013278337,0.0
100.35550900000099,1.8849994748760914,0.37641242937853103,100.25539000000049,45.502534400350335,0.0
100.58872200000098,1.8949572522428202,0.36281779661016955,100.49988500000046,40.608042384144305,0.0
100.828958000001,1.8870316101600757,0.3751765536723164,100.74587600000045,35.51856507794357,0.0
101.07300900000106,1.8444526452117405,0.4258474576271186,101.00453400000043,30.70071988105315,0.0
101.3254020000011,1.770428757721965,0.5642655367231639,101.23651500000041,26.17604960639254,0.0
101.5693970000011,1.6811937821308773,0.7348163841807911,101.48596900000044,21.782327713331036,0.0
101.82721900000115,1.5945477326325863,0.8657309322033897,101.73553200000045,17.77766258104994,0.0
102.07410400000114,1.5215922392066372,0.9467690677966101,101.97942800000042,14.392376984964226,0.0
102.32216900000111,1.4646190906923608,0.9999999999999999,102.23821600000046,11.640742071127864,0.0
102.57505400000113,1.4205480782788555,0.9999999999999999,102.4722440000005,9.432768812266067,0.0
102.81002200000111,1.385095541279024,0.9999999999999999,102.72051200000048,7.666353883141115,0.0
103.05757700000113,1.3568004629911856,0.9999999999999999,102.96684900000045,6.259734993309239,0.0
103.3071050000011,1.340644103603457,0.9999999999999999,103.21706600000043,5.149413266965688,0.0
103.55592300000114,1.3451136041023999,0.9999999999999999,103.46125400000047,4.284417195389256,0.0
103.80154800000115,1.3768704597728623,0.9999999999999999,103.70775000000044,3.6213252837982877,0.0
104.05255600000115,1.4352786638213046,0.9999999999999999,103.9626310000004,3.1182781008476,0.0
104.30300800000111,1.5066321667344378,0.9698093220338982,104.21169200000037,2.7318328090792843,0.0
104.54556600000105,1.5617599618733853,0.9062499999999999,104.4525380000004,2.4228876627974114,0.0
104.80385900000101,1.5735379649869574,0.8863877118644067,104.6964260000004,2.166481521066466,0.06514830508474574
105.042868000001,1.5382258616258142,0.9316737288135593,104.94191200000044,1.9512860794430802,0.26641949152542377
105.28481900000106,1.4722674925611088,0.9999999999999999,105.18943000000047,1.7721192765024603,0.5617937853107344
105.53528800000107,1.397669618111364,0.9999999999999999,105.45542700000047,1.6245808728153883,0.8250353107344632
105.77982500000105,1.3305274596416212,0.9999999999999999,105.70329700000052,1.5039899683248186,0.9713983050847457
106.0304430000011,1.2779857712907294,0.9999999999999999,105.93546000000052,1.4066029777185127,0.9999999999999999
106.27577600000113,1.2393551081836172,0.9999999999999999,106.18753200000053,1.329954500307275,0.9999999999999999
106.52763500000114,1.2094306574722768,0.9999999999999999,106.42941100000054,1.2719985922557824,0.9999999999999999
106.77550800000111,1.1846033608638873,0.9999999999999999,106.69942800000052,1.2289874523919202,0.9999999999999999
107.0221080000011,1.1678753959286483,0.9999999999999999,106.92788200000055,1.1948856655301787,0.9999999999999999
107.2680440000011,1.166429059006396,0.9999999999999999,107.1671230000005,1.164703875596358,0.9999999999999999
107.51684900000114,1.1859452943365854,0.9999999999999999,107.4200020000005,1.1366603511110092,0.9999999999999999
107.7615330000012,1.2222105886154089,0.9999999999999999,107.66904100000049,1.1107512555622054,0.9999999999999999
108.0155290000012,1.258451821341796,0.9999999999999999,107.91852500000053,1.0870207727225716,0.9999999999999999
108.25297000000123,1.2722481637039937,0.9999999999999999,108.16349000000055,1.065977055048406,0.9999999999999999
108.5074230000012,1.2505743587391005,0.9999999999999999,108.4094460000006,1.0489115541658944,0.9999999999999999
108.75484600000122,1.1967094994933696,0.9999999999999999,108.6566760000006,1.036885089137184,0.9999999999999999
109.00546300000127,1.1278268161860803,0.9999999999999999,108.89891300000058,1.0299458406600037,0.9999999999999999
109.24545800000125,1.0655612852885596,0.9999999999999999,109.14138300000059,1.0257076821294413,0.9999999999999999
109.50642700000127,1.0289563176703997,0.9999999999999999,109.38843900000064,1.0204222426814717,0.9999999999999999
109.74018500000129,1.0328178341302554,0.9999999999999999,109.64074900000062,1.0111672245677992,0.9999999999999999
109.99015000000132,1.0849210267042297,0.9999999999999999,109.89074200000057,0.9973584467028941,0.9999999999999999
110.24012900000136,1.1815099059580918,0.9999999999999999,110.13079100000054,0.9804433321219298,0.9999999999999999
110.52565900000137,1.3061869534861963,0.9999999999999999,110.38197400000048,0.9629832183230438,0.9999999999999999
110.73203400000135,1.4363469256551478,0.9999999999999999,110.62527300000045,0.9461025179970798,0.9999999999999999
110.98665100000139,1.5508552158452833,0.9197563559322033,110.87676400000045,0.929251036448748,0.9999999999999999
111.22853400000135,1.6384658829000613,0.7953742937853108,111.1212260000005,0.9115782370240558,0.9999999999999999
111.47994700000139,1.701414735628719,0.6965042372881356,111.3686350000005,0.8936825798826145,0.9999999999999999
111.72491500000145,1.750822611152973,0.5926906779661016,111.60660600000051,0.878661696801377,0.9999999999999999
111.96484000000147,1.7992925339500592,0.5074152542372882,111.86341700000057,0.8710605709155514,0.9999999999999999
112.21698300000153,1.857755625489713,0.4060734463276836,112.11711100000056,0.8764997263621759,0.9999999999999999
112.48437500000149,1.930304301622738,0.3022598870056497,112.35454500000063,0.8998474176801334,0.9999999999999999
112.71350500000152,2.005436653771886,0.19226694915254233,112.60896400000055,0.9421238909977385,0.9999999999999999
112.96605200000151,2.051090121920384,0.14141949152542374,112.84691600000055,0.9994894765325245,0.9999999999999999
113.20637700000157,2.0379170501638906,0.15642655367231637,113.10358700000063,1.0629242165558894,0.9999999999999999
113.46702700000164,1.967012484964549,0.23923022598870053,113.33716700000062,1.119854604741465,0.9999999999999999
113.71084800000166,1.8653322762270572,0.39371468926553677,113.58609200000065,1.1588955772607987,0.9999999999999999
113.9543670000017,1.7664348079972059,0.5716807909604519,113.84012700000073,1.1766638681921413,0.9999999999999999
114.19962600000169,1.696352393291423,0.7051553672316384,114.0814480000007,1.1779943612017816,0.9999999999999999
114.44510600000169,1.6695380525310712,0.7508827683615821,114.32679400000073,1.1717490975502014,0.9999999999999999
114.69372800000167,1.6889391938094025,0.7212217514124294,114.5757550000007,1.167217265944108,0.9999999999999999
114.94609800000165,1.7475202774107677,0.5988700564971752,114.8217390000007,1.1708639498472222,0.9999999999999999
115.19002100000162,1.828047923737509,0.45921610169491534,115.07172400000069,1.185205324313794,0.9999999999999999
115.43064000000159,1.9064538727058467,0.3356285310734463,115.32929600000067,1.2092364982065933,0.9999999999999999
115.70449100000157,1.9617307433405535,0.24911723163841804,115.5652250000007,1.2400961616794008,0.9999999999999999
115.93006900000155,1.9845969756423523,0.21451271186440682,115.81264100000075,1.275423978171357,0.9999999999999999
116.17651400000156,1.9784981823398256,0.22069209039548018,116.06679800000067,1.314696447546705,0.9999999999999999
116.43088700000159,1.9523089356270447,0.2639477401129944,116.30712200000077,1.3573136888958035,0.9999999999999999
116.67842100000165,1.9134900628722853,0.32697740112994345,116.55474500000078,1.3985999089100205,0.9999999999999999
116.92031500000171,1.8683145352126966,0.392478813559322,116.81142200000079,1.4282606839747594,0.9999999999999999
117.17317800000174,1.8248703793139938,0.4691031073446328,117.0520840000008,1.4354360792540513,0.9999999999999999
117.41759700000173,1.790161360744706,0.5222457627118645,117.29651600000082,1.415557499759956,0.9999999999999999
117.66561300000174,1.7676258306471881,0.5692090395480227,117.55648100000086,1.3716095318859702,0.9999999999999999
117.91837300000172,1.7557310112637434,0.5852754237288137,117.7880840000009,1.3117961143845243,0.9999999999999999
118.15838700000171,1.7478194615664182,0.5976341807909604,118.03650300000089,1.245053006987545,0.9999999999999999
118.40495200000174,1.732910479893577,0.6310028248587571,118.28907500000088,1.1795494993795343,0.9999999999999999
118.65815600000177,1.699630822721223,0.6977401129943503,118.5316090000009,1.1222406061211718,0.9999999999999999
118.90862400000178,1.6426914488310487,0.7867231638418081,118.78299300000093,1.0774789960237852,0.9999999999999999
119.14999100000185,1.5692593636387846,0.8911546610169491,119.03155000000099,1.0474500816091028,0.9999999999999999
119.40061600000189,1.494299227699397,0.9817266949152541,119.27608900000104,1.0322590568669874,0.9999999999999999
119.6575260000019,1.4297555820752512,0.9999999999999999,119.52704300000107,1.0296890985827274,0.9999999999999999
119.8905200000019,1.3794345366670298,0.9999999999999999,119.76825000000105,1.0345389060292658,0.9999999999999999
120.15472100000187,1.3422320529768328,0.9999999999999999,120.021078000001,1.0395916502336504,0.9999999999999999
120.38392600000188,1.3161729501560302,0.9999999999999999,120.26659700000103,1.0389810228518694,0.9999999999999999
120.63650400000193,1.2988965612528052,0.9999999999999999,120.51080700000104,1.0306130553913726,0.9999999999999999
120.88045600000194,1.287178343379433,0.9999999999999999,120.76863800000093,1.0167571798962562,0.9999999999999999
121.13051400000197,1.277718466209272,0.9999999999999999,121.01108800000092,1.0037445589100147,0.9999999999999999
121.37932400000201,1.2687822529299957,0.9999999999999999,121.26616500000088,1.000686815010625,0.9999999999999999
121.63747900000197,1.2602298942013292,0.9999999999999999,121.5109820000009,1.0159306953279061,0.9999999999999999
121.86678800000195,1.2520284996005115,0.9999999999999999,121.75608900000091,1.051641508345684,0.9999999999999999
122.12230300000193,1.2426240799350643,0.9999999999999999,122.00139200000089,1.0969783003471965,0.9999999999999999
122.37478400000191,1.2279382570064836,0.9999999999999999,122.24200600000097,1.1320528076707408,0.9999999999999999
122.62131700000194,1.2036079404433022,0.9999999999999999,122.49999600000096,1.1436270100791837,0.9999999999999999
122.86061900000196,1.168510682988395,0.9999999999999999,122.74403200000094,1.1338919260908913,0.9999999999999999
123.10947000000193,1.1272552963282125,0.9999999999999999,122.99301200000097,1.1146180746918688,0.9999999999999999
123.36660100000198,1.0898428126477722,0.9999999999999999,123.23242600000097,1.0981977533822382,0.9999999999999999
123.60160000000197,1.069654705486878,0.9999999999999999,123.48188600000094,1.091502568508239,0.9999999999999999
123.85858200000199,1.0795715698258042,0.9999999999999999,123.7248810000009,1.0941019220293797,0.9999999999999999
124.10696300000197,1.127604246219672,0.9999999999999999,123.97297300000089,1.099260877833744,0.9999999999999999
124.36443000000203,1.2158925147673068,0.9999999999999999,124.22227300000091,1.1000845484176602,0.9999999999999999
124.60025300000206,1.3378147304929422,0.9999999999999999,124.47880100000091,1.0988663541737913,0.9999999999999999
124.83617700000207,1.4797058844368705,0.996822033898305,124.72452300000093,1.1099853907988528,0.9999999999999999
125.08972800000208,1.6302431918865483,0.8052612994350282,124.98087500000099,1.1550835095440966,0.9999999999999999
125.33118200000214,1.7808282344521014,0.5420197740112994,125.22135300000105,1.251838058750828,0.9999999999999999
125.57804600000215,1.9177774636182772,0.3207980225988701,125.46676300000105,1.4043712521744975,0.9999999999999999
125.82903300000216,2.0175280884260447,0.17990819209039546,125.715926000001,1.5966478753872864,0.8641419491525423
126.08585800000215,2.058288554601004,0.13506355932203384,125.95880600000102,1.797265183751371,0.5098870056497175
126.32129100000215,2.034572464203533,0.15889830508474576,126.202352000001,1.9721488523261308,0.23057909604519766
126.57012200000214,1.958815513533731,0.25653248587570615,126.45312500000104,2.0960076716429485,0.11122881355932206
126.82120900000214,1.8531971906064353,0.4147245762711864,126.69658200000103,2.1590149849669085,0.07070974576271187
127.07327600000217,1.7396226522754115,0.6137005649717514,126.94966100000106,2.1669194169246384,0.06435381355932206
127.34621200000221,1.635394065393211,0.7978460451977403,127.18898100000105,2.135138502343248,0.08818855932203386
127.57041200000224,1.5534503280029852,0.914989406779661,127.43609400000108,2.0836030408297,0.11758474576271187
127.82634200000228,1.5028531766150557,0.9729872881355931,127.6874860000011,2.029572354907467,0.16754943502824862
128.0628240000023,1.485524377533008,0.9888771186440677,127.94005600000112,1.9817546683319516,0.22069209039548018
128.31437500000237,1.4929180807665356,0.9817266949152541,128.16681100000116,1.9378631671306839,0.29360875706214684
128.55433900000241,1.5103302145963444,0.9634533898305084,128.4188000000012,1.8876137207511148,0.3751765536723164
128.8102670000024,1.5242106718742048,0.9443855932203389,128.6607060000012,1.8233970110677782,0.47404661016949157
129.04663800000245,1.5268053706081013,0.9396186440677965,128.9075640000012,1.7481799877192377,0.5963983050847458
129.2930330000024,1.5184965907431587,0.9507415254237287,129.15547800000124,1.6696181274540418,0.7508827683615821
129.5435330000024,1.5089980762247066,0.9658368644067795,129.39861300000123,1.5957023259623742,0.8641419491525423
129.80450000000243,1.5150108232563562,0.9555084745762712,129.67490900000124,1.5317507149079825,0.9356461864406779
130.03605400000245,1.5549210001320297,0.9141949152542372,129.90047600000125,1.4783337707426083,0.9976165254237287
130.2889930000025,1.6368675448413716,0.7978460451977403,130.14331700000128,1.4318623049413746,0.9999999999999999
130.53205700000248,1.7469613053261144,0.6001059322033899,130.39832300000134,1.387134259182918,0.9999999999999999
130.7842820000025,1.8516968764111197,0.4147245762711864,130.64280600000137,1.339355421675185,0.9999999999999999
131.03375400000252,1.9166170299165568,0.32450564971751406,130.8927430000014,1.2880090169042124,0.9999999999999999
131.27531700000242,1.9264379408416725,0.31338276836158196,131.14047700000145,1.2386405056631915,0.9999999999999999
131.5233710000024,1.8893534500534312,0.3702330508474576,131.38645100000147,1.2004142400011286,0.9999999999999999
131.7717500000024,1.831306671664771,0.45180084745762716,131.6350350000015,1.1842697400339706,0.9999999999999999
132.0242250000023,1.783704584227634,0.5370762711864407,131.88000100000144,1.2020198083385762,0.9999999999999999
132.26935900000234,1.7701271872665598,0.5642655367231639,132.1194770000014,1.2656990620384028,0.9999999999999999
132.51827800000228,1.7970807843197683,0.5111228813559322,132.37395600000144,1.3886355744647636,0.9999999999999999
132.7610660000023,1.8513682069580057,0.4147245762711864,132.62230700000146,1.5834145289438246,0.876853813559322
133.0056780000023,1.906151210647152,0.3356285310734463,132.86894800000147,1.8550394685542444,0.40978107344632775
133.25906300000233,1.9362477360983454,0.2948446327683616,133.1146220000014,2.1951960275070115,0.048463983050847446
133.50112200000243,1.9288717987542738,0.30596751412429385,133.37239200000135,2.5752010579817353,0.0
133.7499100000025,1.8832808566311243,0.37641242937853103,133.61519800000127,2.937875234535709,0.0
134.00189200000244,1.8071572191384395,0.49382062146892647,133.8579540000013,3.2038192208412912,0.0
134.2473920000024,1.7138532211720205,0.6693149717514125,134.10143900000128,3.30204948317434,0.0
134.50183800000244,1.6174571426954198,0.8398658192090397,134.3458580000014,3.2139777448704407,0.0
134.74396600000233,1.5266747945479067,0.9396186440677965,134.59468400000145,2.9832815054949364,0.0
134.98916500000226,1.4426743664698831,0.9999999999999999,134.83655300000137,2.6836414395805663,0.0
135.2329780000022,1.3625058950752966,0.9999999999999999,135.0845750000014,2.383903715747037,0.0
135.50639900000203,1.2838907135771296,0.9999999999999999,135.33403500000134,2.134010259459776,0.08818855932203386
135.73636300000197,1.2072679406750424,0.9999999999999999,135.5801920000012,1.9663217199029435,0.24170197740112992
136.00281800000198,1.1370625729591464,0.9999999999999999,135.83103100000122,1.8991350170785832,0.3516949152542373
136.22826000000202,1.0788972014890184,0.9999999999999999,136.0903310000011,1.936264892714333,0.2948446327683616
136.48327900000206,1.0360699572267176,0.9999999999999999,136.32543800000107,2.0586882037463683,0.13506355932203384
136.73058600000198,1.0060138746329739,0.9999999999999999,136.57256700000104,2.2210954578336572,0.03813559322033896
136.9770300000019,0.9794127259245732,0.9999999999999999,136.8217910000011,2.363506990767596,0.0
137.21791800000187,0.9479081301262781,0.9999999999999999,137.07084400000136,2.4342880812371375,0.0
137.46941700000187,0.9101001766597809,0.9999999999999999,137.31216400000147,2.4091786579436913,0.0
137.71054300000193,0.8701946107753007,0.9999999999999999,137.5614410000014,2.296820605818275,0.0
137.959375000002,0.8345216524355697,0.9999999999999999,137.80952600000137,2.131826230619599,0.08898305084745763
138.208189000002,0.8104023903619315,0.9999999999999999,138.06400600000143,1.9570147744373987,0.25900423728813565
138.46417600000194,0.8059163883194396,0.9999999999999999,138.30290000000144,1.8040590995946106,0.5
138.71345600000197,0.8275197205461291,0.9999999999999999,138.56041000000144,1.6869551072288833,0.7249293785310735
138.9515150000019,0.8785372574037049,0.9999999999999999,138.79854900000137,1.6040434873947402,0.8585805084745761
139.19647100000182,0.9592880111821349,0.9999999999999999,139.05310800000152,1.5442204528986188,0.9277012711864406
139.44593700000186,1.066202000086014,0.9999999999999999,139.31003700000156,1.4945147639987602,0.9817266949152541
139.692486000002,1.1899572127986,0.9999999999999999,139.5399710000015,1.4479610124212487,0.9999999999999999
139.94329300000192,1.3125994611645408,0.9999999999999999,139.7939420000015,1.4114941244276877,0.9999999999999999
140.19246900000195,1.4113265361160354,0.9999999999999999,140.02933100000152,1.4059250858815535,0.9999999999999999
140.43185700000205,1.4672174562075213,0.9999999999999999,140.27668300000155,1.453965832029111,0.9999999999999999
140.68184800000208,1.4771286564369273,0.9999999999999999,140.54167000000155,1.5657137506092857,0.8998940677966101
140.92628400000208,1.4552464441125224,0.9999999999999999,140.77832500000162,1.729798655446812,0.6334745762711863
141.1833690000021,1.4256346455480065,0.9999999999999999,141.02727700000167,1.9163975022746234,0.3257415254237288
141.42059400000213,1.4082610829961413,0.9999999999999999,141.28433300000174,2.0856703892607076,0.11599576271186442
141.67396100000207,1.410803361468826,0.9999999999999999,141.5152010000017,2.2041449042730674,0.04528601694915254
141.91684100000205,1.4277373749288296,0.9999999999999999,141.77478900000165,2.255465748049273,0.017478813559322067
142.1768190000021,1.446268116472691,0.9999999999999999,142.00823200000164,2.2403995967766575,0.027807203389830473
142.4184600000021,1.4577434397967193,0.9999999999999999,142.25464400000163,2.172029716763493,0.05799788135593217
142.65803900000208,1.4643008566910807,0.9999999999999999,142.50964700000168,2.0698886340114475,0.12711864406779658
142.91446200000215,1.480893617227451,0.9960275423728813,142.75621500000162,1.9532411534087735,0.2627118644067796
143.17804700000227,1.5320670817175188,0.9356461864406779,142.9903710000016,1.8367911785519924,0.44067796610169496
143.40476600000227,1.639177660853798,0.794138418079096,143.2360910000017,1.7323010566642094,0.6322387005649718
143.65749000000224,1.8028162044782559,0.503707627118644,143.48165800000166,1.649726417081498,0.7768361581920905
143.9003220000022,1.9958451272083906,0.2033898305084746,143.73236300000167,1.5945223360932903,0.8657309322033897
144.15047500000213,2.174605274862087,0.05561440677966103,143.98037900000173,1.5643857815629616,0.9014830508474576
144.39335700000214,2.2990906190329783,0.0,144.22194700000165,1.5509505061753746,0.9197563559322033
144.6464170000022,2.3453432922626054,0.0,144.4723060000017,1.5441227748446413,0.9277012711864406
144.88291600000215,2.3112847588331418,0.0,144.71391000000165,1.5351851107622676,0.9332627118644067
145.13525800000215,2.2548531910601493,0.018273305084745752,144.98790900000154,1.517346187226006,0.9515360169491525
145.38982400000214,2.5787791963672055,0.0,145.22094400000154,1.4862325791914548,0.988082627118644
145.62943000000217,4.813184390127898,0.0,145.46130000000153,1.4421266273321778,0.9999999999999999
145.87795300000215,7.81527461443665,0.0,145.72496100000146,1.3901338599791084,0.9999999999999999
146.13297300000218,10.583962039526531,0.0,145.9499680000015,1.3384600360766505,0.9999999999999999
146.38534200000214,12.974901159164824,0.0,146.2079730000014,1.2943700366226212,0.9999999999999999
146.61431500000214,14.976946197477556,0.0,146.46322600000138,1.2613753551796816,0.9999999999999999
146.86928400000204,16.629445283657564,0.0,146.7027430000014,1.2384260909456741,0.9999999999999999
147.11581500000207,17.984435457148656,0.0,146.94673200000133,1.220609848421692,0.9999999999999999
147.37168200000215,19.092248279575582,0.0,147.19668500000128,1.2031193580921613,0.9999999999999999
147.60904600000214,19.996863599586923,0.0,147.43741300000133,1.18309351396403,0.9999999999999999
147.8650340000021,20.734846654642517,0.0,147.68469800000142,1.1606984738749184,0.9999999999999999
148.1016490000022,21.334317640292518,0.0,147.92963900000143,1.139410850786691,0.9999999999999999
148.35452900000212,21.81157845531527,0.0,148.1950930000013,1.126855932253467,0.9999999999999999
148.59808600000218,22.156535548855892,0.0,148.4279480000012,1.1323054106387687,0.9999999999999999
148.8486290000022,22.281512371112207,0.0,148.67311700000127,1.1626339852634036,0.9999999999999999
149.09441600000216,21.901829003871654,0.0,148.9245280000012,1.2183505864239035,0.9999999999999999
149.34343500000205,18.88734117522812,0.0,149.16717700000115,1.2911378302717935,0.9999999999999999
149.58936000000193,15.926638260463504,0.0,149.4232090000012,1.3635055760985098,0.9999999999999999
149.833903000002,13.50333804676983,0.0,149.67266200000117,1.4165312303616078,0.9999999999999999
150.08667300000192,11.507478815681067,0.0,149.91195100000112,1.440324931129773,0.9999999999999999
150.3423560000019,9.850559719700605,0.0,150.15705500000107,1.4371046348092578,0.9999999999999999
150.5791300000019,8.463012027666158,0.0,150.40898700000102,1.4184758612018746,0.9999999999999999
150.84911500000192,7.2949161192242045,0.0,150.65554800000103,1.4003693517908071,0.9999999999999999
151.07650800000187,6.311559865847029,0.0,150.90279000000103,1.3957485195547346,0.9999999999999999
151.3271290000018,5.489714688962942,0.0,151.14544600000102,1.4088116448522494,0.9999999999999999
151.5694740000018,4.810087225862095,0.0,151.40400100000087,1.4352108946790907,0.9999999999999999
151.83757800000174,4.256545544849866,0.0,151.64140200000097,1.4660002569313564,0.9999999999999999
152.06739000000178,3.816622104695026,0.0,151.89136900000085,1.4920630359111027,0.9817266949152541
152.3109610000017,3.478235351604345,0.0,152.14039200000082,1.505806439924786,0.9698093220338982
152.57138700000172,3.225263438056338,0.0,152.38844500000081,1.5033688405532466,0.9729872881355931
152.81525400000174,3.0357681131830603,0.0,152.6593020000007,1.4863802275025773,0.988082627118644
153.05796600000173,2.885231745765236,0.0,152.8816990000007,1.4630371092678365,0.9999999999999999
153.30452000000176,2.75461068002372,0.0,153.12667700000074,1.444181492468223,0.9999999999999999
153.5568930000017,2.6362028276402474,0.0,153.37472400000078,1.431577816152536,0.9999999999999999
153.79688500000168,2.532804898759107,0.0,153.62541600000085,1.4134814985827089,0.9999999999999999
154.08335200000164,2.452734722174245,0.0,153.86846500000078,1.377336206820765,0.9999999999999999
154.29459100000165,2.402560661646969,0.0,154.12135400000085,1.3225787324970888,0.9999999999999999
154.53766600000168,2.3835345765189797,0.0,154.3689200000008,1.2631961080053633,0.9999999999999999
154.78557600000178,2.3924443584828095,0.0,154.61325300000073,1.2354953633279555,0.9999999999999999
155.03309300000177,2.4287923969784124,0.0,154.86125600000082,1.2965322848535572,0.9999999999999999
155.2797510000017,2.496937185817005,0.0,155.10696800000093,1.504456287222457,0.970603813559322
155.53114200000172,2.604389665415579,0.0,155.36048300000084,1.882217442724674,0.3801200564971752
155.7786830000017,2.750472983621002,0.0,155.60124000000084,2.3877481033031756,0.0
156.0403050000017,2.9185962217928854,0.0,155.86478500000092,2.9209185251704195,0.0
156.2677080000016,3.0787166864125277,0.0,156.0947470000009,3.370240169090395,0.0
156.52173500000146,3.203518707459001,0.0,156.34529000000097,3.6558600128603307,0.0
156.76493500000154,3.2799244839031756,0.0,156.59630900000104,3.7435447341732027,0.0
157.02571600000152,3.3087074765526063,0.0,156.83507500000113,3.641769477162934,0.0
157.26566300000144,3.296691570619007,0.0,157.09917100000112,3.3945850953710544,0.0
157.51644000000138,3.2510277624180564,0.0,157.3304330000011,3.065485305639029,0.0
157.75077900000133,3.1799749033323454,0.0,157.581326000001,2.7214415419699156,0.0
158.0047960000013,3.0970701494355852,0.0,157.82627900000102,2.410306507912995,0.0
158.25449900000135,3.0187832225824582,0.0,158.07639400000102,2.1550048318247796,0.07229872881355932
158.51433600000132,2.9559316143917442,0.0,158.319766000001,1.9583471243058883,0.2577683615819209
158.74226800000136,2.9058291606939814,0.0,158.57522300000096,1.8188974027296154,0.480225988700565
158.99581000000137,2.853016739313111,0.0,158.81763300000097,1.7364310843886233,0.6235875706214689
159.2411530000014,2.780478054837481,0.0,159.06824200000094,1.709743320165566,0.67920197740113
159.4857700000014,2.682873264837898,0.0,159.315569000001,1.7341781502614735,0.6285310734463276
159.73570800000135,2.5686331421524478,0.0,159.56171700000115,1.797458596835263,0.5098870056497175
159.9916680000014,2.4536017134669628,0.0,159.8048470000012,1.8798406141536181,0.3825918079096045
160.2275740000014,2.356564770420129,0.0,160.0572020000012,1.9597362980555944,0.2528248587570622
160.48548400000135,2.294974166834546,0.0,160.30239800000123,2.0209539144909416,0.17496468926553674
160.72743200000127,2.2820140516584093,0.0023834745762712213,160.5452570000013,2.055830046910184,0.1366525423728813
160.9730660000013,2.319838917908661,0.0,160.79023200000128,2.0648147887678645,0.13109110169491525
161.22803100000135,2.389444068268451,0.0,161.04468800000123,2.049569100713405,0.1430084745762712
161.4716760000014,2.4529965698316607,0.0,161.28155700000127,2.008307754773282,0.19103107344632772
161.73212400000145,2.475306382505759,0.0,161.52950100000132,1.9371170491693959,0.2948446327683616
161.96663300000154,2.446829540826438,0.0,161.77901400000127,1.8354776423381178,0.4419138418079096
162.21746600000145,2.3833583649703396,0.0,162.0270030000012,1.7090980469778232,0.6804378531073446
162.4689660000014,2.3109534550740123,0.0,162.26885300000126,1.5678858242219706,0.894332627118644
162.70285500000142,2.251485939866669,0.02145127118644066,162.5288510000013,1.4233621735165725,0.9999999999999999
162.95701500000138,2.2166108337330463,0.04051906779661018,162.76719700000137,1.2856821524128086,0.9999999999999999
163.19547600000143,2.206345205933849,0.04290254237288132,163.01365800000136,1.16329003838423,0.9999999999999999
163.45260800000133,2.213290469015211,0.041313559322033865,163.27030600000134,1.063481358370776,0.9999999999999999
163.6996750000014,2.2284983353921644,0.03495762711864405,163.52321600000133,0.9900731116074328,0.9999999999999999
163.93900100000144,2.244377310249879,0.027012711864406787,163.7554980000013,0.9417496868117815,0.9999999999999999
164.1868710000015,2.254394256475343,0.01906779661016952,164.0090830000013,0.912001702518903,0.9999999999999999
164.43492100000142,2.2502919977011904,0.022245762711864427,164.2467020000013,0.8915226768903342,0.9999999999999999
164.6819810000015,2.2221892199412334,0.03734110169491527,164.50668900000122,0.8728861234318248,0.9999999999999999
164.93247100000158,2.1658301042752135,0.06514830508474574,164.7552030000012,0.852263455875236,0.9999999999999999
165.18008000000162,2.0886023302072623,0.11520127118644065,164.99913300000125,0.8298663752529241,0.9999999999999999
165.4223970000016,2.005285787030898,0.19226694915254233,165.24250900000123,0.8114867416579894,0.9999999999999999
165.67187800000147,1.935514619249711,0.29608050847457623,165.49104300000113,0.8106281671123908,0.9999999999999999
165.92088400000142,1.9008797898667864,0.34798728813559315,165.74086700000117,0.8433408593331453,0.9999999999999999
166.18946500000135,1.916582877390586,0.32450564971751406,165.9827990000012,0.9184221150882713,0.9999999999999999
166.41793100000132,1.981909687386154,0.22069209039548018,166.2418930000011,1.0311333970162784,0.9999999999999999
166.66275400000123,2.074961216418351,0.12235169491525423,166.48474600000102,1.165283808836619,0.9999999999999999
166.91194500000117,2.1558743288922346,0.07150423728813556,166.73315000000105,1.2977190303705077,0.9999999999999999
167.1598330000011,2.185461522551237,0.05243644067796612,166.96874300000107,1.4030981016474766,0.9999999999999999
167.40587600000117,2.152193176403695,0.07627118644067792,167.2183960000011,1.4614713495695009,0.9999999999999999
167.65120400000117,2.0733329803858407,0.12314618644067792,167.4716170000011,1.464826143800727,0.9999999999999999
167.90063200000114,1.976002740937019,0.2268714689265537,167.71690300000103,1.420974551938517,0.9999999999999999
168.15024300000113,1.8814205962470454,0.3813559322033899,167.96094900000105,1.3502194671028183,0.9999999999999999
168.40266100000105,1.8005994060175705,0.5061793785310735,168.21492800000104,1.277236687987928,0.9999999999999999
168.640547000001,1.7363666368411508,0.6235875706214689,168.4583160000011,1.2225271756947496,0.9999999999999999
168.88913200000104,1.689412141891582,0.7212217514124294,168.70344000000114,1.1979670769575534,0.9999999999999999
169.14822000000106,1.6669844243292093,0.7533545197740114,168.9541810000011,1.2057652149160225,0.9999999999999999
169.39330200000109,1.6879336042578519,0.722457627118644,169.1976330000011,1.2403495988751752,0.9999999999999999
169.6307260000011,1.7774372534303882,0.548199152542373,169.44652400000112,1.2936835237976463,0.9999999999999999
169.88622100000106,1.9539581132397559,0.26024011299435024,169.69167500000097,1.3573972347123748,0.9999999999999999
170.13679700000097,2.2130802023659646,0.041313559322033865,169.93908500000103,1.4226573589228733,0.9999999999999999
170.37272900000093,2.5157368281375727,0.0,170.19545000000102,1.4791126411256303,0.9976165254237287
170.626096000001,2.799678669994192,0.0,170.43336500000106,1.5178465608473826,0.9507415254237287
170.86308200000113,3.009750753446501,0.0,170.68403000000117,1.5345192543559412,0.9332627118644067
171.11340500000108,3.1175839316455405,0.0,170.93732900000123,1.5316393255000418,0.9356461864406779
171.3595220000011,3.1220774671107594,0.0,171.19326500000122,1.5176694236925978,0.9507415254237287
171.6133150000011,3.0420714063359116,0.0,171.42939900000133,1.5028366901288033,0.9729872881355931
171.85494000000102,2.905094804531445,0.0,171.67499000000143,1.4965049095258474,0.9777542372881355
172.1033190000011,2.741437351781785,0.0,171.92267900000144,1.5049605358916716,0.970603813559322
172.3487080000011,2.581666467344752,0.0,172.1741200000014,1.5282424220381337,0.9388241525423727
172.601251000001,2.4539751876814027,0.0,172.41652800000136,1.557329609725053,0.9126059322033897
172.84588500000098,2.3796562343951018,0.0,172.66241300000135,1.577231432681098,0.8816207627118644
173.09121400000103,2.362945182655221,0.0,172.91648100000123,1.574956851316165,0.8847987288135593
173.34193100000098,2.3871992620938007,0.0,173.1658170000012,1.5422988290832649,0.9277012711864406
173.5892940000009,2.4245288604075763,0.0,173.40506100000124,1.477617040230891,0.9992055084745761
173.858425000001,2.448719127468827,0.0,173.65710200000115,1.3858110812146305,0.9999999999999999
174.08193600000104,2.448814899412137,0.0,173.9006690000012,1.2765897077413944,0.9999999999999999
174.32690400000098,2.4355461820754924,0.0,174.1449850000012,1.1618407244991689,0.9999999999999999
174.57690800000094,2.429887312920692,0.0,174.40094900000108,1.0532692552907603,0.9999999999999999
174.82431800000094,2.444773120743648,0.0,174.64514400000107,0.9611628624052916,0.9999999999999999
175.078619000001,2.4710623384296904,0.0,174.88904000000096,0.8917764174014198,0.9999999999999999
175.32077100000103,2.4814801938187485,0.0,175.13906800000092,0.8455046342968382,0.9999999999999999
175.56677900000102,2.455026599900339,0.0,175.387419000001,0.8173822666683157,0.9999999999999999
175.81936000000104,2.3911052963401884,0.0,175.63257400000094,0.7991547700955406,0.9999999999999999
176.06171800000106,2.3050248340986412,0.0,175.88945700000093,0.7832403303216707,0.9999999999999999
176.31069800000108,2.217914554388577,0.03972457627118641,176.1212320000008,0.765922753936945,0.9999999999999999
176.55822000000109,2.1472099040445713,0.07786016949152537,176.37682500000076,0.7485050171057298,0.9999999999999999
176.80865600000106,2.099955688477205,0.10725635593220338,176.6162790000008,0.735534881564452,0.9999999999999999
177.0650410000011,2.069662936138934,0.12711864406779658,176.87878400000088,0.7319130407510757,0.9999999999999999
177.29664300000107,2.0427926778360086,0.1502471751412429,177.11363400000096,0.7390922804286207,0.9999999999999999
177.55465800000104,2.0102308139439353,0.1873234463276836,177.36223900000095,0.7541059756612553,0.9999999999999999
177.79945100000103,1.974892984795691,0.22934322033898305,177.6082340000008,0.7703495366086119,0.9999999999999999
178.04542600000093,1.950784693147592,0.26889124293785316,177.8632710000008,0.7813848365078586,0.9999999999999999
178.286179000001,1.955828122248233,0.26024011299435024,178.10565000000082,0.7846287072354358,0.9999999999999999
178.53939100000096,2.003535036074752,0.19597457627118647,178.34965000000074,0.7814811624514965,0.9999999999999999
178.78612000000095,2.0988462659850704,0.10805084745762707,178.6007010000006,0.7752899309964106,0.9999999999999999
179.03209500000088,2.2334277461008196,0.031779661016949144,178.8566870000006,0.769528703648806,0.9999999999999999
179.2792980000008,2.3895145572664873,0.0,179.09024900000065,0.7659102386553791,0.9999999999999999
179.52605800000075,2.550492973604469,0.0,179.3348230000007,0.7646510766252836,0.9999999999999999
179.7756660000007,2.7047308546663555,0.0,179.58926900000063,0.7654638639938964,0.9999999999999999
180.02810800000069,2.8454815732890446,0.0,179.8427690000006,0.7669328019210672,0.9999999999999999
180.2745730000007,2.9693000974298736,0.0,180.0800180000007,0.7643692954113467,0.9999999999999999
180.52558600000071,3.0721152289866556,0.0,180.3319720000006,0.7621058190876397,0.9999999999999999
180.7753760000006,3.1485264383388145,0.0,180.58308100000062,0.8084680551700159,0.9999999999999999
181.0138770000005,3.198146807469068,0.0,180.8224270000006,0.9787147795265863,0.9999999999999999
181.26178000000044,3.2320852273912952,0.0,181.0697990000006,1.3280766476957364,0.9999999999999999
181.50321100000048,3.2662939999680494,0.0,181.31235800000056,1.8947094931724928,0.36281779661016955
181.7506090000005,3.3084684909331994,0.0,181.5692470000006,2.7268124988111495,0.0
182.01128700000044,3.3524488438049085,0.0,181.8119280000006,3.924130716276313,0.0
182.25625700000046,3.3815986436159258,0.0,182.06350900000058,5.739892446879182,0.0
182.50129400000034,3.375348269800118,0.0,182.30282400000053,8.62867267006946,0.0
182.74280700000028,3.3196884257795807,0.0,182.5574850000004,13.22801832126618,0.0
183.00177800000034,3.2109574466094206,0.0,182.80176900000032,20.04796467314388,0.0
183.2401730000003,3.0560650811153582,0.0,183.04933200000025,29.22976497820077,0.0
183.49271700000043,2.8711771699199256,0.0,183.29123100000032,40.51711915452555,0.0
183.73319400000028,2.6750266790957395,0.0,183.5408260000005,53.34492015123739,0.0
183.97927400000032,2.480728873217738,0.0,183.78694400000055,66.77852069569171,0.0
184.23754100000025,2.2937478672192193,0.0,184.03242700000055,79.29388544233669,0.0
184.47992100000022,2.1169044788056683,0.09772245762711866,184.28481200000047,88.68362805167686,0.0
184.7429770000002,1.9552495010611228,0.26024011299435024,184.5287840000004,92.4456166362513,0.0
184.98502600000015,1.815727917195863,0.483933615819209,184.77806100000035,89.20943205718721,0.0
185.22394100000014,1.7053542285440857,0.6915607344632768,185.02538300000032,80.20562909837201,0.0
185.47094300000006,1.628506109773889,0.8126765536723165,185.28520200000045,68.37549709050555,0.0
185.71432900000013,1.584869670686115,0.873675847457627,185.5223240000004,56.54111958453241,0.0
185.96103600000012,1.5710736410924035,0.8879766949152542,185.7687120000005,46.20686540236665,0.0
186.21235600000017,1.581479706166951,0.8784427966101693,186.0163240000004,37.649990030551464,0.0
186.4623080000002,1.6097737667823697,0.8514300847457626,186.27222600000033,30.64033718029349,0.0
186.70265700000022,1.6533900970364266,0.7706567796610171,186.52474900000018,24.950449699298506,0.0
186.9554230000002,1.7162434330513299,0.6581920903954803,186.75910400000038,20.35302649066352,0.0
187.20028400000004,1.807379609279519,0.49382062146892647,187.00659400000038,16.644773858274526,0.0
187.44618200000002,1.9308259098121638,0.3022598870056497,187.25142600000044,13.653681221086519,0.0
187.69931900000006,2.0741381052552272,0.12314618644067792,187.50868800000046,11.235656017328981,0.0
187.94822000000008,2.2011648826590773,0.046080508474576225,187.74542700000046,9.273884418489347,0.0
188.18886200000014,2.265492149727509,0.011122881355932172,187.99899500000043,7.679731934504097,0.0
188.43437900000015,2.2460994445221645,0.024629237288135566,188.2494520000004,6.388759268292857,0.0
188.6907730000001,2.1599645002923933,0.07070974576271187,188.50091700000033,5.354677457067372,0.0
188.93813600000013,2.043478209852469,0.149364406779661,188.73567600000035,4.5416379054716876,0.0
189.20577100000014,1.9292038849714812,0.3047316384180791,188.99632700000038,3.917756820090048,0.0
189.44123200000018,1.836288335163574,0.44067796610169496,189.2342180000004,3.4505242573502266,0.0
189.67408100000011,1.7742346156587356,0.5556144067796609,189.4807190000004,3.1053600072672376,0.0
189.922408,1.7455501569287768,0.6001059322033899,189.73683100000042,2.8473228417708905,0.0
190.16997299999994,1.7460880438919568,0.6001059322033899,189.97180600000038,2.645755170101559,0.0
190.42203199999992,1.768002812959401,0.5692090395480227,190.21874500000044,2.4798820032448345,0.0
190.66479699999985,1.7990120210091374,0.5074152542372882,190.4691740000005,2.338152698338401,0.0
190.91229299999983,1.8249084997392557,0.4691031073446328,190.71726800000044,2.21360482304215,0.041313559322033865
191.16876999999988,1.8311599216105061,0.45180084745762716,190.9583320000006,2.102835640867366,0.10487288135593216
191.41069499999986,1.807979402900795,0.49382062146892647,191.2114060000006,2.002659884493981,0.19597457627118647
191.65068399999984,1.7609588105903895,0.575388418079096,191.45495100000053,1.9072861182086014,0.3356285310734463
191.90568199999998,1.7067369897960734,0.686617231638418,191.70134300000058,1.8113113541066723,0.4913488700564972
192.15202900000003,1.664761941545202,0.7558262711864409,191.94890000000072,1.7118898242596352,0.6717867231638418
192.41062399999998,1.6397860400556756,0.794138418079096,192.1972570000008,1.6115439707551464,0.8472810734463277
192.649431,1.620868832352162,0.8312146892655368,192.44826800000078,1.5172192011643921,0.9515360169491525
192.88876799999997,1.5930147824844592,0.8657309322033897,192.69270400000076,1.4361980064921098,0.9999999999999999
193.14105999999998,1.549396835856806,0.9213453389830508,192.94012700000073,1.3733947784075677,0.9999999999999999
193.38220999999996,1.495428282318957,0.9817266949152541,193.18510600000076,1.3315871279327172,0.9999999999999999
193.63564700000003,1.4460125229181644,0.9999999999999999,193.4420040000008,1.3116658723980534,0.9999999999999999
193.88764100000003,1.4210654033418535,0.9999999999999999,193.68504100000072,1.3137812520933192,0.9999999999999999
194.13816799999998,1.4380266203990144,0.9999999999999999,193.93103800000054,1.3380525089013655,0.9999999999999999
194.381645,1.507629013515552,0.9682203389830508,194.19321200000056,1.383124529262773,0.9999999999999999
194.630235,1.626635212078858,0.8200918079096045,194.4282770000005,1.4442153417951444,0.9999999999999999
194.86921999999998,1.7719648933709418,0.5617937853107344,194.67324000000056,1.5116123786973248,0.9602754237288135
195.11764599999992,1.9067108567738416,0.3356285310734463,194.92467300000067,1.5722604112641254,0.8879766949152542
195.36564299999975,1.9959200184981087,0.2033898305084746,195.1690520000006,1.6141392009415338,0.8448093220338985
195.63240099999973,2.024438550862572,0.1712570621468926,195.41510600000055,1.6227901768438977,0.8287429378531075
195.85958399999976,2.005122573390463,0.19226694915254233,195.65624500000047,1.5867872191276169,0.8712923728813559
196.10712599999968,1.9706331209647707,0.2318149717514124,195.90355300000047,1.5079133676111067,0.9682203389830508
196.36761599999969,1.9580740134881716,0.25900423728813565,196.14850200000043,1.4016691993113404,0.9999999999999999
196.60569699999985,1.9952669110154768,0.2033898305084746,196.40041400000038,1.28955866309309,0.9999999999999999
196.85457099999988,2.092976528668224,0.1136122881355932,196.64341400000038,1.1903120581694755,0.9999999999999999
197.11054199999992,2.2420664821072105,0.027807203389830473,196.89549700000038,1.1173574729945115,0.9999999999999999
197.358319,2.415919696799221,0.0,197.14737800000043,1.0764288559645114,0.9999999999999999
197.59718399999986,2.5769500697243495,0.0,197.39021900000043,1.0657490536931926,0.9999999999999999
197.84427699999986,2.6868259112944717,0.0,197.6301820000004,1.0762912355951408,0.9999999999999999
198.0901769999999,2.7178555193950156,0.0,197.8830960000004,1.092653365554673,0.9999999999999999
198.33360399999984,2.6656695312889793,0.0,198.13025400000052,1.1026684353253735,0.9999999999999999
198.59128999999984,2.549866661211995,0.0,198.3775050000005,1.1063451028486215,0.9999999999999999
198.82812799999974,2.403475749910414,0.0,198.62454300000036,1.113629230662286,0.9999999999999999
199.07573199999976,2.260481370772016,0.015889830508474614,198.87214300000045,1.136600238664512,0.9999999999999999
199.32727199999977,2.144747346294138,0.08024364406779659,199.12920900000043,1.1808180044747472,0.9999999999999999
199.56910399999978,2.0664364581806156,0.13109110169491525,199.36812300000045,1.24261964695239,0.9999999999999999
199.8185349999998,2.0256709788905645,0.17002118644067798,199.6152110000005,1.3099611383112482,0.9999999999999999
200.08728899999986,2.0158691990851,0.17990819209039546,199.85960200000045,1.364996350960904,0.9999999999999999
200.31033499999978,2.0281598178946663,0.16754943502824862,200.10634800000048,1.391038439242894,0.9999999999999999
200.5617059999998,2.054772640919837,0.13744703389830507,200.35584200000048,1.3836028284688262,0.9999999999999999
200.8136139999998,2.091349738705383,0.11440677966101696,200.6058420000005,1.3559683019033406,0.9999999999999999
201.05355699999976,2.1352189984232957,0.08818855932203386,200.85088000000044,1.3309803959277249,0.9999999999999999
201.30594899999974,2.1854855361119383,0.05243644067796612,201.0946570000003,1.3288511762062707,0.9999999999999999
201.5502899999997,2.2413102646778826,0.027807203389830473,201.3456580000003,1.361257280990358,0.9999999999999999
201.8042609999997,2.298484142453592,0.0,201.59069800000032,1.4291361073790259,0.9999999999999999
202.0426169999997,2.349145289996166,0.0,201.85574700000024,1.521789332337255,0.9467690677966101
202.29668999999976,2.382890713268463,0.0,202.09124400000016,1.6189277909625712,0.8336864406779663
202.54258399999975,2.39008910134877,0.0,202.33620300000013,1.6949153148883118,0.7113347457627119
202.79774699999982,2.3641409133378826,0.0,202.587763,1.7304531611456972,0.6334745762711863
203.03917799999977,2.3045634932601735,0.0,202.82912399999995,1.7212753307269486,0.6483050847457628
203.2901879999998,2.21798520792694,0.03972457627118641,203.0742939999999,1.677782995385162,0.742231638418079
203.52592099999973,2.1147163744750106,0.09772245762711866,203.32619799999992,1.6159418923924702,0.842337570621469
203.78138099999967,2.00381939262002,0.19597457627118647,203.57108099999994,1.5482531614746708,0.9221398305084745
204.03707599999964,1.8901257223059824,0.3702330508474576,203.8201269999998,1.4800975858946412,0.996822033898305
204.2737649999996,1.775879116536232,0.551906779661017,204.06202599999978,1.4121056925212299,0.9999999999999999
204.5244179999997,1.6661334844418816,0.7558262711864409,204.3186129999996,1.3474505992668337,0.9999999999999999
204.76326399999977,1.572218295955498,0.8879766949152542,204.55641599999964,1.2990962144722487,0.9999999999999999
205.01775599999982,1.5093197958948552,0.9658368644067795,204.7987419999997,1.287736223458728,0.9999999999999999
205.26270699999995,1.4906673786144584,0.9841101694915254,205.06468699999965,1.3332759193069377,0.9999999999999999
205.51526599999985,1.51892205088404,0.949947033898305,205.2977779999996,1.4465804230099464,0.9999999999999999
205.75314099999977,1.580869895075581,0.8792372881355931,205.54619899999958,1.6242004681307285,0.8250353107344632
206.00312099999977,1.6482836169060109,0.7793079096045198,205.79205599999966,1.845175990126171,0.424611581920904
206.25517399999964,1.691888738004338,0.7162782485875707,206.04108399999973,2.0709615254935807,0.12552966101694912
206.50011699999976,1.6981253067562343,0.702683615819209,206.28754899999973,2.2575683637963633,0.015889830508474614
206.7481729999998,1.6765753446266594,0.7447033898305085,206.5325189999998,2.378890474894776,0.0
206.99610299999986,1.6548099058651236,0.7669491525423731,206.77894999999992,2.4363319028282135,0.0
207.24607299999983,1.6642687200933999,0.7570621468926556,207.036366,2.447496538614496,0.0
207.4941089999997,1.724259046912945,0.6421257062146893,207.278881,2.4285282333196023,0.0
207.75321699999975,1.8305055697792145,0.4555084745762712,207.52980200000007,2.387215071334139,0.0
207.98235399999967,1.9544736363804527,0.26024011299435024,207.77573500000005,2.325117045872563,0.0
208.23784699999976,2.055751464469711,0.1366525423728813,208.02105500000013,2.243975270678661,0.027012711864406787
208.47671699999978,2.102635424615504,0.10566737288135593,208.27353600000006,2.1485565731863896,0.07706567796610168
208.72875699999977,2.084075860920617,0.1167902542372881,208.52159400000008,2.0475528410690176,0.14459745762711865
208.97567199999997,2.0122105609525294,0.18485169491525422,208.76847300000009,1.95010797819174,0.26889124293785316
209.2220869999999,1.9123912959447065,0.32944915254237284,209.01006200000012,1.860322968191403,0.3998940677966101
209.47737299999994,1.8099727194612059,0.49258474576271194,209.25791400000003,1.7772615007250896,0.548199152542373
209.718014,1.7240312816925634,0.6421257062146893,209.52222800000004,1.6952131138492763,0.7100988700564973
209.96363600000018,1.6628344736106684,0.75829802259887,209.75184700000008,1.60699990004328,0.8554025423728813
210.21555700000016,1.6228936205828,0.8287429378531075,210.00075799999993,1.5086953801175853,0.967425847457627
210.45911,1.5912784146249253,0.8673199152542372,210.25027799999992,1.4024874004905827,0.9999999999999999
210.72292300000007,1.5539367133914568,0.9141949152542372,210.4916109999999,1.2947508937794128,0.9999999999999999
210.96760400000005,1.5048781227616717,0.970603813559322,210.74731999999992,1.1911654724882743,0.9999999999999999
211.202741,1.448999879630847,0.9999999999999999,210.99629199999993,1.0943361823627988,0.9999999999999999
211.45423100000008,1.3956133633295278,0.9999999999999999,211.24611700000003,1.0056011807017373,0.9999999999999999
211.69422100000008,1.3497690727877198,0.9999999999999999,211.48719699999998,0.9262935283516203,0.9999999999999999
211.94508800000006,1.3099071355039948,0.9999999999999999,211.72710999999984,0.8574551660804122,0.9999999999999999
212.19070800000014,1.272256657927892,0.9999999999999999,211.98193099999983,0.7989673282019824,0.9999999999999999
212.4382720000002,1.2366438019226307,0.9999999999999999,212.2291879999998,0.7495965759333046,0.9999999999999999
212.68877000000018,1.2071760438512291,0.9999999999999999,212.48077699999982,0.7078593322836311,0.9999999999999999
212.9446460000002,1.1920502543011862,0.9999999999999999,212.73071599999972,0.6727061543051334,0.9999999999999999
213.18320800000012,1.2027682193729314,0.9999999999999999,212.9661199999997,0.6455795303534833,0.9999999999999999
213.45460100000014,1.2535799585818201,0.9999999999999999,213.2175779999997,0.6295564530356033,0.9999999999999999
213.67806400000015,1.3592308598941316,0.9999999999999999,213.46815499999974,0.6276779527906369,0.9999999999999999
213.92903000000007,1.527361033071257,0.9396186440677965,213.7113199999998,0.6412457226644379,0.9999999999999999
214.1803920000001,1.74550914436773,0.6001059322033899,213.95771899999988,0.669817767181072,0.9999999999999999
214.42446300000015,1.9670021128622026,0.23923022598870053,214.20013699999987,0.7111822980993999,0.9999999999999999
214.6703120000001,2.1307759384556233,0.08977754237288131,214.4457129999999,0.7621578028231681,0.9999999999999999
214.92335000000008,2.2085524758638497,0.04290254237288132,214.69943099999983,0.8182601995240498,0.9999999999999999
215.168302,2.215969371805342,0.04051906779661018,214.94104899999985,0.8745861952236813,0.9999999999999999
215.42824900000002,2.1876079355562696,0.05164194915254235,215.19187199999982,0.926778156720944,0.9999999999999999
215.6608490000002,2.155758210766527,0.07150423728813556,215.4492229999998,0.9719434147327388,0.9999999999999999
215.9067620000003,2.142651978503065,0.08262711864406781,215.68517599999984,1.0089362620738027,0.9999999999999999
216.16164800000033,2.161599033571708,0.0699152542372881,215.94558999999975,1.0375199000686721,0.9999999999999999
216.40537800000038,2.2127650728699475,0.041313559322033865,216.1831229999999,1.0589147500621803,0.9999999999999999
216.65064000000035,2.2748540183471695,0.007150423728813581,216.42862199999988,1.0762155174218655,0.9999999999999999
216.9042780000004,2.309835220026874,0.0,216.67280499999978,1.0926802646418372,0.9999999999999999
217.14217100000042,2.289638690746496,0.0,216.9236159999998,1.11037723465472,0.9999999999999999
217.39097900000044,2.2133823484739774,0.041313559322033865,217.19020699999984,1.1280452957516098,0.9999999999999999
217.64213100000035,2.0974606431176994,0.11122881355932206,217.41210199999986,1.1412438408670007,0.9999999999999999
217.89405900000028,1.9615452084376002,0.24911723163841804,217.6608169999998,1.1457636454996605,0.9999999999999999
218.14048000000022,1.823433238229022,0.47404661016949157,217.91239699999983,1.1401947253130915,0.9999999999999999
218.3996890000001,1.6983479303726712,0.7014477401129943,218.15995299999975,1.1274146856995733,0.9999999999999999
218.64045200000012,1.5987591203731966,0.8609639830508474,218.4052049999998,1.1122248885918418,0.9999999999999999
218.8864360000002,1.5334087521419955,0.9340572033898304,218.65579999999989,1.0994157925557204,0.9999999999999999
219.12746500000023,1.5072373653013702,0.9690148305084745,218.90317499999978,1.093993996760769,0.9999999999999999
219.37229400000024,1.5211104228042767,0.9467690677966101,219.14796199999992,1.1009110475357744,0.9999999999999999
219.6204060000002,1.5707002696132424,0.8887711864406779,219.39431799999997,1.1232420415957076,0.9999999999999999
219.8637420000003,1.6473051998044665,0.7805437853107345,219.64753399999995,1.1587794023226508,0.9999999999999999
220.1092430000003,1.7405718927734901,0.6112288135593221,219.89197500000006,1.1995548526627067,0.9999999999999999
220.3600550000003,1.8435713321127158,0.42708333333333337,220.13538000000003,1.2334048751033895,0.9999999999999999
220.60928500000023,1.9535266242503597,0.26024011299435024,220.392412,1.2496096792810765,0.9999999999999999
220.86580200000026,2.0702648376865382,0.1263241525423729,220.63191,1.2475945626104863,0.9999999999999999
221.10574700000038,2.1915237637610585,0.0500529661016949,220.87724000000006,1.2407113638095912,0.9999999999999999
221.3480340000004,2.305049982783899,0.0,221.124729,1.2516043853829688,0.9999999999999999
221.6046500000004,2.384317059947631,0.0,221.36935099999988,1.3050146147728772,0.9999999999999999
221.84705100000036,2.3985784020040213,0.0,221.61969399999998,1.4165992373874108,0.9999999999999999
222.09705400000033,2.334009012914347,0.0,221.87159199999994,1.5819968469275207,0.8784427966101693
222.3377050000004,2.202452374696489,0.04528601694915254,222.11226599999995,1.771390333571579,0.5617937853107344
222.59179500000033,2.0333263128580747,0.16260593220338987,222.36534500000005,1.932893497422076,0.2985522598870056
222.8412870000004,1.8578024989736672,0.4060734463276836,222.60702800000013,2.019835129419608,0.17620056497175135
223.1036340000003,1.6993200007345703,0.6989759887005651,222.8587090000001,2.0167593596356994,0.17990819209039546
223.3272070000002,1.5709546022123813,0.8879766949152542,223.10916700000013,1.9421690258133613,0.2837217514124294
223.57813100000018,1.4757967290538814,0.9999999999999999,223.35515500000002,1.8315900805155496,0.45180084745762716
223.83006700000007,1.415627759232786,0.9999999999999999,223.60515800000002,1.7177532899033445,0.6557203389830508
224.07641700000005,1.3981638748057703,0.9999999999999999,223.84403700000004,1.6184786026671452,0.8336864406779663
224.31828300000004,1.436610061714973,0.9999999999999999,224.0885110000001,1.5344069481707443,0.9332627118644067
224.56323799999996,1.5389453286019918,0.9316737288135593,224.33448399999992,1.4588817754899288,0.9999999999999999
224.81681299999988,1.6954960461115216,0.7100988700564973,224.58834800000002,1.3891539755199436,0.9999999999999999
225.06888899999987,1.8748453816683441,0.3825918079096045,224.85430100000013,1.3285294907295215,0.9999999999999999
225.31331199999977,2.0373582419555465,0.15642655367231637,225.08217400000012,1.286056414842896,0.9999999999999999
225.56873899999977,2.1576912661132117,0.07070974576271187,225.32714100000015,1.281639271631226,0.9999999999999999
225.80542699999972,2.231500926754098,0.03257415254237291,225.58153100000007,1.3454388179332573,0.9999999999999999
226.05627299999963,2.2673585416297355,0.010328389830508487,225.82875900000016,1.5061557340640694,0.9698093220338982
226.3262419999997,2.2764677666915722,0.004766949152542359,226.06337700000017,1.764981582110178,0.575388418079096
226.55029099999976,2.2669371818300075,0.011122881355932172,226.3214640000002,2.0800880146608796,0.11917372881355932
226.7935649999998,2.241065408109074,0.027807203389830473,226.56707300000022,2.38332893972563,0.0
227.04589599999977,2.196176238946655,0.048463983050847446,226.8129070000001,2.610867310060197,0.0
227.30594699999978,2.128405772380362,0.09136652542372876,227.0644280000001,2.7263314401313656,0.0
227.53700099999978,2.0365311209980854,0.157662429378531,227.31139000000022,2.723478046750882,0.0
227.79443799999987,1.9250414027268978,0.3146186440677966,227.55527800000033,2.618254262054106,0.0
228.03746499999983,1.8017285539972674,0.5049435028248588,227.80235500000018,2.443992597794283,0.0
228.28246999999985,1.675815472022541,0.7447033898305085,228.06422000000015,2.240493354415068,0.027807203389830473
228.52888799999988,1.555322169266648,0.9141949152542372,228.29012800000012,2.0442453403462495,0.149364406779661
228.7797249999999,1.44743039703186,0.9999999999999999,228.5431440000001,1.8782670225464373,0.3825918079096045
229.02817699999994,1.3594218028352618,0.9999999999999999,228.7925600000001,1.7443122066222534,0.6050494350282486
229.271223,1.2976302627709377,0.9999999999999999,229.0388710000001,1.629995226628016,0.806497175141243
229.51612700000004,1.2638447765844458,0.9999999999999999,229.29077000000012,1.5251313709854029,0.941207627118644
229.76609100000007,1.2538671708857527,0.9999999999999999,229.53593400000008,1.426456446522166,0.9999999999999999
230.0181790000001,1.2587897594565163,0.9999999999999999,229.78878700000016,1.3361932604189342,0.9999999999999999
230.2595480000002,1.268435660373877,0.9999999999999999,230.03736100000017,1.256288019575525,0.9999999999999999
230.50705500000026,1.2725122158382098,0.9999999999999999,230.2777760000001,1.1865323906658944,0.9999999999999999
230.77204900000024,1.2637998444780494,0.9999999999999999,230.54081700000003,1.1254377627834165,0.9999999999999999
230.99802800000026,1.2398636335062065,0.9999999999999999,230.76865800000004,1.0726063817362177,0.9999999999999999
231.2515930000002,1.2054548404455154,0.9999999999999999,231.017005,1.0301814501791613,0.9999999999999999
231.49847000000025,1.1734556978452226,0.9999999999999999,231.26697800000002,1.0022860138746794,0.9999999999999999
231.7469770000003,1.1629319550079793,0.9999999999999999,231.51899700000004,0.992601423206456,0.9999999999999999
232.00206700000032,1.1907786239573968,0.9999999999999999,231.759842,1.002908482994762,0.9999999999999999
232.2491480000004,1.26443547466757,0.9999999999999999,232.0086419999999,1.0322823441002889,0.9999999999999999
232.4848180000004,1.3799910894511558,0.9999999999999999,232.2555199999999,1.0765107939953427,0.9999999999999999
232.7354680000003,1.5225310257395954,0.9467690677966101,232.5188839999998,1.1259288631249789,0.9999999999999999
232.98337300000023,1.6689857446164449,0.7508827683615821,232.74786599999973,1.1654583371968843,0.9999999999999999
233.2383230000002,1.7928680729709272,0.5185381355932204,232.99941899999973,1.1795595533258518,0.9999999999999999
233.49297200000015,1.8726117191793696,0.38753531073446323,233.23779399999978,1.162326257422661,0.9999999999999999
233.72549200000014,1.9025634717504913,0.3455155367231638,233.48856199999975,1.1197747111098684,0.9999999999999999
233.98877700000008,1.898135814483089,0.35416666666666663,233.73070999999976,1.0633385526026289,0.9999999999999999
234.23373800000013,1.886771186859269,0.3751765536723164,233.98328399999977,1.004718751293426,0.9999999999999999
234.46366600000007,1.8916977208216434,0.3652895480225989,234.23066099999977,0.9545037865416477,0.9999999999999999
234.71373100000002,1.9140697841912246,0.32697740112994345,234.47394999999966,0.9212850745410603,0.9999999999999999
234.9572689999999,1.9335750282613944,0.2985522598870056,234.72148899999956,0.9112556064124137,0.9999999999999999
235.25928499999995,1.927605362927169,0.3084392655367232,234.96243599999957,0.9262457494186791,0.9999999999999999
235.45525699999993,1.8855952191939942,0.3751765536723164,235.21644999999964,0.963205575338185,0.9999999999999999
235.70204199999995,1.8096425930400202,0.49258474576271194,235.45630999999966,1.0148853141627263,0.9999999999999999
235.95562099999995,1.7098792075860025,0.67920197740113,235.71737399999964,1.0706154851050538,0.9999999999999999
236.20479199999994,1.598083237114584,0.8625529661016949,235.96179399999963,1.1168511990964407,0.9999999999999999
236.44957299999996,1.4844223347232106,0.9896716101694915,236.20563299999972,1.1407998288678516,0.9999999999999999
236.70151299999998,1.376331728685332,0.9999999999999999,236.46724599999965,1.1403613538138029,0.9999999999999999
236.94212499999998,1.2807764201726035,0.9999999999999999,236.6995299999996,1.124709754603359,0.9999999999999999
237.20208199999996,1.2046860512968662,0.9999999999999999,236.9446819999995,1.1045281275944743,0.9999999999999999
237.45013699999996,1.1558293446176826,0.9999999999999999,237.19206899999944,1.0888769860008232,0.9999999999999999
237.680446,1.1415833005571923,0.9999999999999999,237.44100699999936,1.0839023071629255,0.9999999999999999
237.93962100000005,1.1616009523855753,0.9999999999999999,237.70890399999925,1.0916536179051755,0.9999999999999999
238.17634300000003,1.2078869079173664,0.9999999999999999,237.9393849999992,1.109176127288792,0.9999999999999999
238.44794999999996,1.2723891084055987,0.9999999999999999,238.1890609999991,1.1284022190724508,0.9999999999999999
238.67390500000002,1.3517869063637318,0.9999999999999999,238.4321289999991,1.139305282639061,0.9999999999999999
238.92147900000003,1.4461712867669678,0.9999999999999999,238.67753199999905,1.1352583030877843,0.9999999999999999
239.17045800000002,1.557679485126508,0.9126059322033897,238.93699099999893,1.1167844348568043,0.9999999999999999
239.413827,1.6889039293440815,0.7212217514124294,239.17503999999897,1.0902608939526863,0.9999999999999999
239.66334899999993,1.8372334483473352,0.44067796610169496,239.417916999999,1.0633049283332159,0.9999999999999999
239.91542999999996,1.9898213749199996,0.20586158192090395,239.6669589999991,1.0417514353915376,0.9999999999999999
240.15973899999997,2.127130929867805,0.09216101694915253,239.91692399999903,1.0286154710343984,0.9999999999999999
240.409259,2.231842448666356,0.03257415254237291,240.181588999999,1.0244500091103061,0.9999999999999999
240.65175899999994,2.293600490413715,0.0,240.405528999999,1.0282217307927026,0.9999999999999999
240.9041319999999,2.308675112827731,0.0,240.65939999999898,1.0384974831995104,0.9999999999999999
241.15343299999984,2.277950149474088,0.003972457627118674,240.90227899999903,1.0556338658456361,0.9999999999999999
241.40238599999992,2.2112508586240076,0.041313559322033865,241.143302999999,1.079600843786018,0.9999999999999999
241.64644199999992,2.1272282751115057,0.09216101694915253,241.38895899999895,1.1058133354052195,0.9999999999999999
241.89903699999996,2.0471436500882705,0.14459745762711865,241.64084299999897,1.1260138613123796,0.9999999999999999
242.135755,1.9883447658336046,0.20586158192090395,241.89326099999894,1.1338395107453658,0.9999999999999999
242.38415899999987,1.9592649998223148,0.25406073446327676,242.14134599999903,1.131511067413859,0.9999999999999999
242.63493499999984,1.9589807197387763,0.2552966101694915,242.38318999999905,1.1457619466426026,0.9999999999999999
242.88414099999972,1.9819941488986133,0.22069209039548018,242.6274229999991,1.371571869854704,0.9999999999999999
243.13653999999977,2.020825257520034,0.17620056497175135,242.87827999999928,2.666050247730343,0.0
243.3765199999997,2.07183613018491,0.12552966101694912,243.12793099999925,7.000327303786181,0.0
243.62650199999968,2.1379287125978355,0.08421610169491527,243.37826299999924,15.971687999202842,0.0
243.8774239999998,2.228055157634326,0.03495762711864405,243.61718299999933,25.945825032491314,0.0
244.11545299999983,2.346569322817335,0.0,243.86719199999936,31.86156798219095,0.0
244.36701099999985,2.484678166700513,0.0,244.1158669999993,33.72583278274357,0.0
244.62088099999997,2.622923735553461,0.0,244.36017599999926,33.194613780796026,0.0
244.87133699999987,2.746040522246216,0.0,244.61016799999933,31.593871001632994,0.0
245.10324199999985,2.853707012056858,0.0,244.85975399999936,29.773932846797457,0.0
245.3543579999998,2.956549777798457,0.0,245.09819799999943,28.29806266509523,0.0
245.60517199999978,3.0690596095827773,0.0,245.34912199999926,27.60348419488263,0.0
245.84838399999975,3.199087017256087,0.0,245.59523799999914,28.13906658680057,0.0
246.11915899999997,3.3373925987853017,0.0,245.84762699999905,30.50255229646512,0.0
246.34623199999996,3.4535973753326132,0.0,246.09759099999908,35.55947886095271,0.0
246.60018099999994,3.5033369647107624,0.0,246.35322299999913,44.22914137737374,0.0
246.84506599999995,3.453016240026751,0.0,246.59295999999912,55.3795188958826,0.0
247.08857200000006,3.30664728566513,0.0,246.8478739999992,61.87370365168765,0.0
247.33352500000007,3.1164758246168924,0.0,247.08945999999924,58.998129051230876,0.0
247.5828290000001,2.9452598385683717,0.0,247.3314239999993,50.76776329553639,0.0
247.83025100000023,2.815984217512918,0.0,247.5779469999993,41.629935331270204,0.0
248.07775700000013,2.7119257427240786,0.0,247.8523339999993,33.67508261002853,0.0
248.3267750000001,2.6091926330216735,0.0,248.07278599999933,27.208209655284097,0.0
248.571272,2.4940928911390756,0.0,248.31772699999937,22.013595462515667,0.0
248.82377499999996,2.3639940580011074,0.0,248.56594799999948,17.84737668651613,0.0
249.06615599999992,2.223325816503481,0.03734110169491527,248.81648699999943,14.510285261191354,0.0
249.32585299999988,2.0819739184039148,0.11917372881355932,249.06327999999934,11.845519335374131,0.0
249.55858100000006,1.9513741834484204,0.26641949152542377,249.30681599999923,9.733695280614976,0.0
249.81249600000015,1.8401969548178865,0.4357344632768362,249.55320199999926,8.142344497774204,0.0
250.05410500000013,1.7558517566876959,0.5852754237288137,249.80171399999932,7.25585732841155,0.0
250.3150560000001,1.703673474085156,0.6927966101694916,250.0652569999993,7.397524579313643,0.0
250.5519070000001,1.6799751931458564,0.7385240112994351,250.2956529999992,8.675505150710444,0.0
250.79995100000016,1.6684343427404953,0.7508827683615821,250.54126599999918,10.80667334243089,0.0
251.05237700000015,1.6491919190426287,0.778072033898305,250.79758799999925,13.305810715240277,0.0
251.29219200000009,1.6102254712194686,0.8497528248587572,251.05528399999918,15.735417667679146,0.0
251.5403960000001,1.5507700562870068,0.9197563559322033,251.28343499999923,17.79246420558263,0.0
251.7934710000001,1.4784051828666527,0.9976165254237287,251.53859399999928,19.29635125750418,0.0
252.0360510000002,1.4058587397332807,0.9999999999999999,251.77671899999916,20.162845930950688,0.0
252.29086800000022,1.349322628480607,0.9999999999999999,252.0262709999991,20.36422804375585,0.0
252.5419800000002,1.32994527511031,0.9999999999999999,252.2777229999991,19.910626209102944,0.0
252.7829770000002,1.372748603988728,0.9999999999999999,252.5176719999992,18.844805811065605,0.0
253.02633700000018,1.4964834981960011,0.9777542372881355,252.77322299999915,17.272175503849837,0.0
253.27698900000027,1.6956925415595865,0.7076271186440678,253.02810599999913,15.392620652754788,0.0
253.5233640000003,1.928952224205601,0.30596751412429385,253.26225699999915,13.48933402764948,0.0
253.79032100000018,2.134773389910162,0.08818855932203386,253.50809699999914,11.871737312504393,0.0
254.01887000000016,2.2666710646475403,0.011122881355932172,253.7581119999991,10.629039777345676,0.0
254.26691,2.3152054429161275,0.0,254.00854599999906,9.647045947410211,0.0
254.507209,2.2999703076951494,0.0,254.265993999999,8.787491963162994,0.0
254.76269599999986,2.251916245393605,0.02145127118644066,254.49570099999914,7.952634312481357,0.0
255.00709599999973,2.197810492791905,0.04687499999999999,254.74155499999912,7.111892803600581,0.0
255.2576379999997,2.1519079573946818,0.07627118644067792,254.98696399999923,6.280115490929357,0.0
255.49825799999965,2.111920959216212,0.09851694915254235,255.24405899999934,5.493737189240508,0.0
255.75222399999964,2.0654438712052743,0.13109110169491525,255.52096899999935,4.790445441640004,0.0
255.9948269999997,2.0041230726777397,0.19597457627118647,255.73001499999936,4.197204879906114,0.0
256.24998899999963,1.930511765428363,0.3022598870056497,255.9754489999994,3.7234687428401845,0.0
256.49083499999955,1.8549438236123226,0.40978107344632775,256.2169979999995,3.3609447772426506,0.0
256.73867099999944,1.7886028586188685,0.5259533898305084,256.4647799999995,3.0836160879172283,0.0
256.9982109999995,1.739680605919291,0.6137005649717514,256.71338899999944,2.850740454242886,0.0
257.23337399999957,1.7135182989129496,0.6693149717514125,256.96022799999946,2.6227348703945728,0.0
257.4833109999997,1.71184121435359,0.6717867231638418,257.2061469999994,2.385284755056458,0.0
257.7273409999996,1.7310036308210681,0.6334745762711863,257.4600469999995,2.1480124161428,0.07706567796610168
257.98450299999956,1.7649165701631866,0.575388418079096,257.70561099999946,1.9240519095881015,0.31585451977401136
258.22245999999944,1.8088393210265998,0.49258474576271194,257.9471069999995,1.7225606001942073,0.6470692090395481
258.47648799999945,1.8580080194234687,0.4060734463276836,258.1965929999995,1.549273186780133,0.9213453389830508
258.74121199999945,1.9054308448610855,0.33686440677966106,258.4430859999995,1.4074832333417682,0.9999999999999999
258.9723329999995,1.946492389613065,0.2763064971751412,258.7094529999995,1.2987068556459458,0.9999999999999999
259.23270099999945,1.9853029279855192,0.21204096045197746,258.9338819999996,1.222802631370892,0.9999999999999999
259.46169799999944,2.0353122988364545,0.15889830508474576,259.1738089999995,1.1755055163914179,0.9999999999999999
259.7142549999994,2.1101456983291467,0.09931144067796611,259.42832499999963,1.1473847967907518,0.9999999999999999
259.9577709999994,2.212245554473648,0.041313559322033865,259.67174099999954,1.1274422857279955,0.9999999999999999
260.20565699999946,2.327826255891047,0.0,259.92129099999954,1.1078203250887992,0.9999999999999999
260.44923899999935,2.433916797518652,0.0,260.1703159999996,1.0871597269547177,0.9999999999999999
260.7071199999994,2.510130115276203,0.0,260.4107029999996,1.070051561853102,0.9999999999999999
260.94951499999945,2.5457209986606877,0.0,260.6682519999996,1.0630452754047206,0.9999999999999999
261.1939479999994,2.5403164944056837,0.0,260.9056269999995,1.0708164592929208,0.9999999999999999
261.46454199999954,2.4992814024290464,0.0,261.15112899999946,1.0948650364764647,0.9999999999999999
261.69303999999954,2.4262955231748755,0.0,261.40752499999945,1.134609739467559,0.9999999999999999
261.93636899999944,2.3204845944494634,0.0,261.6454719999994,1.1902340845809813,0.9999999999999999
262.18427899999944,2.1812174531096877,0.05323093220338981,261.8982339999993,1.262647651340152,0.9999999999999999
262.43473599999936,2.018513496929545,0.17620056497175135,262.14135899999934,1.35069108691169,0.9999999999999999
262.6811899999992,1.8523816720638087,0.4147245762711864,262.3901989999993,1.446697293397495,0.9999999999999999
262.93335999999914,1.7058161199807642,0.6890889830508475,262.63419199999896,1.5366761306161978,0.9324682203389829
263.1733299999992,1.5958042064062716,0.8641419491525423,262.8800889999989,1.6075462519125596,0.8546080508474576
263.4316019999991,1.5295218295655204,0.9372351694915254,263.1292819999989,1.6558836053204957,0.7657132768361583
263.66950799999915,1.5043621992467173,0.970603813559322,263.37712799999906,1.692118870293897,0.7150423728813561
263.923502999999,1.5100558212454445,0.9634533898305084,263.6347249999989,1.7306440909425183,0.6334745762711863
264.171056999999,1.5327649488659283,0.9340572033898304,263.876592999999,1.784648422787094,0.5346045197740112
264.41448899999904,1.559357974537673,0.9102224576271186,264.1240369999989,1.8659464746824248,0.39371468926553677
264.66778399999913,1.5813333800781157,0.8784427966101693,264.3625789999989,1.9811709740488317,0.22069209039548018
264.90940599999897,1.5953376869421843,0.8641419491525423,264.6182969999989,2.1285066960941803,0.09136652542372876
265.161014999999,1.6045766290791983,0.8585805084745761,264.86668999999887,2.291335717483726,0.0
265.4004469999989,1.6159059496042136,0.842337570621469,265.107717999999,2.4337142682076554,0.0
265.65609099999864,1.6308820065096659,0.8052612994350282,265.35264899999896,2.517599288978929,0.0
265.89709099999857,1.642937828673064,0.7867231638418081,265.603576999999,2.524458085877834,0.0
266.14887599999884,1.6442264363213037,0.7867231638418081,265.8509719999989,2.4607750815060188,0.0
266.3982819999989,1.6338137701299977,0.802789548022599,266.09510799999896,2.3504869591063535,0.0
266.6375719999989,1.6155701192002914,0.8448093220338985,266.3569879999991,2.219894125248257,0.03813559322033896
266.88365099999874,1.5951109894149849,0.864936440677966,266.5876199999992,2.0897872259828194,0.11520127118644065
267.1367779999988,1.580167879728588,0.8792372881355931,266.84050099999934,1.9711939950636421,0.2318149717514124
267.385621999999,1.5801410971577032,0.8792372881355931,267.10053599999924,1.8677468538306392,0.392478813559322
267.6281129999988,1.6039214751172044,0.8585805084745761,267.35465799999906,1.7792215373755698,0.5432556497175142
267.8810939999987,1.6566311549911776,0.7657132768361583,267.58860099999873,1.70286377719956,0.6940324858757063
268.1217109999988,1.7369454911856907,0.6235875706214689,267.83273399999877,1.6329582333722885,0.802789548022599
268.39820099999866,1.833234774263537,0.4505649717514124,268.07508299999915,1.559259955224656,0.9102224576271186
268.62153899999834,1.9213022023649886,0.31709039548022594,268.32665299999934,1.472022438025753,0.9999999999999999
268.8785359999984,1.9720618568760173,0.23057909604519766,268.57010099999934,1.3687810953226718,0.9999999999999999
269.1344169999984,1.9697402036387412,0.23305084745762716,268.8175519999992,1.2557719633962199,0.9999999999999999
269.36576199999814,1.920444682922787,0.3183262711864407,269.0835209999991,1.1431091642997129,0.9999999999999999
269.612633999998,1.8426102432735432,0.4307909604519774,269.30886499999934,1.0406484854528395,0.9999999999999999
269.85704099999793,1.7504958732292004,0.5926906779661016,269.5681079999994,0.9575025506099211,0.9999999999999999
270.1055059999979,1.6503570815828161,0.7756002824858758,269.8061819999996,0.9018797196326707,0.9999999999999999
270.36116699999786,1.5446156044658805,0.9277012711864406,270.0513539999997,0.8823763310974961,0.9999999999999999
270.6015439999979,1.4342714958541478,0.9999999999999999,270.3045359999997,0.906469854373178,0.9999999999999999
270.8590069999982,1.3219815835061657,0.9999999999999999,270.5445059999994,0.973333229289316,0.9999999999999999
271.09689999999796,1.2125750806061202,0.9999999999999999,270.7955439999996,1.0649541461979597,0.9999999999999999
271.337618999998,1.1103073239884491,0.9999999999999999,271.04103399999946,1.1521732000732436,0.9999999999999999
271.5916789999979,1.0182809225879907,0.9999999999999999,271.28899499999966,1.2137651178398698,0.9999999999999999
271.84021899999794,0.9383566257499946,0.9999999999999999,271.5389869999997,1.245496296852815,0.9999999999999999
272.082146999998,0.8731457201965145,0.9999999999999999,271.7848819999998,1.2517343800337004,0.9999999999999999
272.343535999998,0.8259682210146317,0.9999999999999999,272.03382999999997,1.2382143536027042,0.9999999999999999
272.5797689999981,0.7989116256484907,0.9999999999999999,272.28473599999984,1.210877055054619,0.9999999999999999
272.8192569999982,0.79029380514042,0.9999999999999999,272.5259109999997,1.175879983806952,0.9999999999999999
273.0773339999982,0.7945268124873799,0.9999999999999999,272.7717649999997,1.1393577367766863,0.9999999999999999
273.3220999999983,0.8054728868691041,0.9999999999999999,273.02471499999973,1.1082727724862038,0.9999999999999999
273.5641789999983,0.8187774252079025,0.9999999999999999,273.2632379999995,1.0893978493407923,0.9999999999999999
273.8131419999984,0.8332937369215883,0.9999999999999999,273.5218229999996,1.0888609197450134,0.9999999999999999
274.0630089999983,0.8505511377681665,0.9999999999999999,273.76937899999945,1.112934841222141,0.9999999999999999
274.3149889999983,0.8732983051624307,0.9999999999999999,274.0241159999995,1.167178992857262,0.9999999999999999
274.5625499999982,0.9027393604259022,0.9999999999999999,274.2594119999995,1.2521213211087017,0.9999999999999999
274.80711599999813,0.9375888352941776,0.9999999999999999,274.50685299999947,1.360475778308171,0.9999999999999999
275.05401099999807,0.9739513247713986,0.9999999999999999,274.7574219999995,1.4779932724128986,0.9976165254237287
275.30091299999816,1.007389686026711,0.9999999999999999,275.00238199999944,1.5883363237934685,0.8704978813559321
275.5610289999978,1.0357441139120769,0.9999999999999999,275.2452719999995,1.6734982242447352,0.7447033898305085
275.7979769999977,1.060888725020819,0.9999999999999999,275.4959659999997,1.7188714209332474,0.6520127118644069
276.0418669999977,1.085895199410568,0.9999999999999999,275.74347299999977,1.7170460679724142,0.6581920903954803
276.2893619999976,1.1098625598798266,0.9999999999999999,275.9915659999996,1.6707468289812524,0.7484110169491526
276.5369299999979,1.127320300828665,0.9999999999999999,276.24183699999963,1.5894217169746319,0.8697033898305084
276.803208999998,1.132095255006193,0.9999999999999999,276.4858229999997,1.4882749562068547,0.9864936440677965
277.02828799999793,1.1215347087437304,0.9999999999999999,276.73341599999964,1.3852685905405369,0.9999999999999999
277.2775999999978,1.0967500769838947,0.9999999999999999,276.9800979999994,1.2975267757259614,0.9999999999999999
277.51926099999804,1.0621676937390392,0.9999999999999999,277.23340499999927,1.239562221789772,0.9999999999999999
277.7685559999979,1.0264587502013431,0.9999999999999999,277.4833949999994,1.2218893685797845,0.9999999999999999
278.0216749999979,1.0027877669326108,0.9999999999999999,277.72503499999937,1.249992112688338,0.9999999999999999
278.2695789999979,1.0045699577769884,0.9999999999999999,277.97496999999913,1.3210728985998927,0.9999999999999999
278.5220409999979,1.0382579485544305,0.9999999999999999,278.218009999999,1.417886883799674,0.9999999999999999
278.7650899999979,1.0992439764485449,0.9999999999999999,278.464784999999,1.5126428941295678,0.958686440677966
279.02003099999786,1.1734227438582219,0.9999999999999999,278.718511999999,1.5839788269171633,0.8752648305084745
279.2636319999978,1.2409616840255229,0.9999999999999999,278.9612719999988,1.6251439479204306,0.8237994350282487
279.50550699999815,1.2859780261770448,0.9999999999999999,279.2082139999988,1.6403710964944627,0.794138418079096
279.7487369999979,1.3037520596469143,0.9999999999999999,279.45295299999884,1.6374745151606742,0.7978460451977403
280.01006999999777,1.2980313270843444,0.9999999999999999,279.7049909999988,1.6237660178232107,0.826271186440678
280.2507229999977,1.2746298741443054,0.9999999999999999,279.9542819999987,1.6050878546651672,0.8577860169491525
280.49061699999777,1.2391758431192448,0.9999999999999999,280.1947759999989,1.5860204720031659,0.8728813559322033
280.7424529999977,1.1975603481034165,0.9999999999999999,280.44869399999897,1.5768300325280862,0.8816207627118644
280.9913409999978,1.155872718132386,0.9999999999999999,280.69274499999887,1.5938313662881294,0.8657309322033897
281.2327569999977,1.120782701593989,0.9999999999999999,280.94016699999884,1.652792738082611,0.7731285310734463
281.47755699999794,1.0976854486326504,0.9999999999999999,281.184438999999,1.7572211657537267,0.5840395480225989
281.7386179999979,1.0887451478489998,0.9999999999999999,281.43638299999907,1.890793594754489,0.3665254237288135
281.975635999998,1.091697982211361,0.9999999999999999,281.69953499999906,2.0219754852229155,0.17249293785310735
282.2226689999983,1.1020173271890976,0.9999999999999999,281.92388199999897,2.1169721355198012,0.09772245762711866
282.47172099999847,1.115914887266701,0.9999999999999999,282.1733279999991,2.155364249313198,0.07229872881355932
282.7185069999984,1.131843972942367,0.9999999999999999,282.42738699999904,2.139305031558692,0.08262711864406781
282.96323299999847,1.1515154035199844,0.9999999999999999,282.666501999999,2.090663840026568,0.11440677966101696
283.2196979999986,1.1793904988195765,0.9999999999999999,282.92590999999885,2.0395708189222916,0.15519067796610161
283.45967099999876,1.2200280472241471,0.9999999999999999,283.16844999999887,2.0076189118190113,0.19103107344632772
283.70898299999874,1.2726821696667643,0.9999999999999999,283.4094429999989,1.999393255864952,0.19844632768361584
283.96705899999864,1.3281655227936398,0.9999999999999999,283.65991299999894,2.002734165652026,0.19597457627118647
284.20269699999875,1.37381913329785,0.9999999999999999,283.9118129999989,1.9977365016619737,0.2009180790960452
284.4726579999987,1.4015876065978807,0.9999999999999999,284.1599279999989,1.9677192209263414,0.23799435028248592
284.7037289999986,1.4117198302742993,0.9999999999999999,284.4057419999988,1.9085632610793917,0.3331567796610169
284.94559299999844,1.410685603339518,0.9999999999999999,284.6588979999987,1.8277260203345291,0.4616878531073447
285.19159699999864,1.4043648940410483,0.9999999999999999,284.9067179999988,1.7387584285586732,0.6174081920903955
285.4429249999986,1.3967550859407316,0.9999999999999999,285.1507829999986,1.655815845532749,0.7657132768361583
285.6895089999986,1.3895852544449823,0.9999999999999999,285.3907509999986,1.5892348573083206,0.8697033898305084
285.93902499999854,1.3828982768946882,0.9999999999999999,285.64672899999874,1.5442271580063394,0.9277012711864406
286.1790919999985,1.3748341099643038,0.9999999999999999,285.8814809999988,1.5223629163897032,0.9467690677966101
286.4330549999985,1.3646455305124752,0.9999999999999999,286.1323579999988,1.5238605052942682,0.9451800847457626
286.69309499999827,1.3535081742214026,0.9999999999999999,286.38952699999896,1.5474806990818915,0.9221398305084745
286.9269219999982,1.344950899038089,0.9999999999999999,286.6288309999991,1.5897316483466521,0.8697033898305084
287.1749449999983,1.3419676128371694,0.9999999999999999,286.87742099999923,1.6428923491395624,0.7867231638418081
287.4191989999985,1.3444560495748465,0.9999999999999999,287.12976899999916,1.6983024676290221,0.7014477401129943
287.6836829999987,1.3500969233989641,0.9999999999999999,287.37176199999914,1.7467924217591493,0.6001059322033899
287.9110969999986,1.3592666699453453,0.9999999999999999,287.61672399999895,1.7788511584069675,0.5457274011299434
288.1631589999986,1.3747534810271478,0.9999999999999999,287.87013099999905,1.7884873659164398,0.5259533898305084
288.4123359999988,1.3968393088066726,0.9999999999999999,288.132811999999,1.7752567352443176,0.5556144067796609
288.6616879999987,1.4233531328517484,0.9999999999999999,288.3600989999992,1.7457923757537297,0.6001059322033899
288.90109099999887,1.450938471131975,0.9999999999999999,288.6071149999991,1.7144730085718332,0.6693149717514125
289.1484769999989,1.4782551264975239,0.9976165254237287,288.854719999999,1.7026379466437556,0.6940324858757063
289.4067309999988,1.507965118673004,0.9682203389830508,289.1103629999993,1.7346033774708873,0.627295197740113
289.6436099999989,1.5456920133183278,0.9245233050847457,289.36882199999934,1.8221567895686843,0.47404661016949157
289.9000529999986,1.5935074103907139,0.8657309322033897,289.5982239999995,1.947211431988631,0.2763064971751412
290.14747599999845,1.6470303520096297,0.783015536723164,289.84771799999976,2.065990554238275,0.13109110169491525
290.38977899999827,1.7026502220501734,0.6940324858757063,290.0996359999997,2.141780717135253,0.08262711864406781
290.63214799999804,1.761352488649633,0.575388418079096,290.3404339999995,2.162228620456841,0.0699152542372881
290.89163399999785,1.8258588375067768,0.4666313559322034,290.5924979999994,2.132992376494366,0.08818855932203386
291.1291749999978,1.8963612413183177,0.36034604519774016,290.83440099999945,2.0657175352432144,0.13109110169491525
291.375647999998,1.9700000889293752,0.23305084745762716,291.0824819999995,1.9736880783131703,0.23057909604519766
291.629637999998,2.040568316433352,0.15519067796610161,291.33393699999965,1.8697423713778165,0.392478813559322
291.872908999998,2.10226648670543,0.10646186440677961,291.5803259999998,1.7653529564875887,0.5729166666666666
292.139985999998,2.1525583409009044,0.07547669491525423,291.8265039999998,1.6681387204510072,0.7508827683615821
292.36738399999786,2.192498779722742,0.0500529661016949,292.0834809999997,1.5812715170483125,0.8784427966101693
292.61586999999815,2.225158776961629,0.03734110169491527,292.3247869999996,1.5036919808176825,0.9713983050847457
292.8657929999981,2.2492676307617243,0.023040254237288112,292.5773299999998,1.4306179033910935,0.9999999999999999
293.1118239999982,2.2555263643997394,0.017478813559322067,292.8201929999997,1.3549512622580007,0.9999999999999999
293.3605159999982,2.2316846018939698,0.03257415254237291,293.0672849999995,1.2724600330718001,0.9999999999999999
293.603013999998,2.1711441761255177,0.05958686440677962,293.31152499999945,1.1863607172298554,0.9999999999999999
293.8585379999981,2.0772005701863123,0.12155720338983046,293.5543439999994,1.106429811602637,0.9999999999999999
294.1056039999982,1.9605109968844205,0.2528248587570622,293.8143999999997,1.044660302798329,0.9999999999999999
294.3445299999981,1.8334348343547324,0.4505649717514124,294.05433699999963,1.0105331469270291,0.9999999999999999
294.59645799999817,1.7053794937639168,0.6915607344632768,294.3036319999997,1.0082519792621665,0.9999999999999999
294.8426389999981,1.58046292933183,0.8792372881355931,294.5466589999997,1.0511594558056327,0.9999999999999999
295.08942799999795,1.4583366845598866,0.9999999999999999,294.79613699999953,1.4819360280732272,0.9944385593220337
295.35191199999787,1.337778546888234,0.9999999999999999,295.04850399999947,3.777678142085101,0.0
295.5900299999979,1.2210992091070094,0.9999999999999999,295.2885209999996,10.971043273168158,0.0
295.83153599999804,1.114683617084564,0.9999999999999999,295.54301499999957,26.67650383309823,0.0
296.0773529999983,1.0269144084531188,0.9999999999999999,295.7855439999996,52.30244149519681,0.0
296.3211409999984,0.9651345385781263,0.9999999999999999,296.04103699999956,84.89984954794375,0.0
296.56833599999834,0.9339398271215203,0.9999999999999999,296.2862379999995,118.53405725165479,0.0
296.81722099999826,0.934440530893895,0.9999999999999999,296.52515699999924,146.27645482783115,0.0
297.0646149999982,0.9625707345817163,0.9999999999999999,296.78679899999923,160.58209428288546,0.0
297.3090879999985,1.0067496421132813,0.9999999999999999,297.04111099999915,162.02537531850717,0.0
297.5642059999985,1.0507297926903734,0.9999999999999999,297.2725139999992,159.01078226821443,0.0
297.8092639999985,1.0825654804811242,0.9999999999999999,297.5191399999991,153.92272671289794,0.0
298.05861199999845,1.1009122041280353,0.9999999999999999,297.769386999999,147.17134435355968,0.0
298.30665599999855,1.112710009221433,0.9999999999999999,298.018704999999,139.34411084439205,0.0
298.56067899999846,1.1282023206291623,0.9999999999999999,298.2671089999988,130.96210576063459,0.0
298.7987679999985,1.1574848896615437,0.9999999999999999,298.51572099999873,122.37618176255391,0.0
299.0401579999983,1.2077907285858571,0.9999999999999999,298.75501699999876,113.78651748192475,0.0
299.2989799999983,1.280102391984216,0.9999999999999999,299.01166299999886,105.26338514224558,0.0
299.53826499999826,1.3686165048930838,0.9999999999999999,299.2556499999988,96.79671571134797,0.0
299.78275499999813,1.4633256527667746,0.9999999999999999,299.4991679999988,88.31210039717266,0.0
300.03828999999814,1.5526267816352657,0.9173728813559321,299.7442199999986,79.68983086250388,0.0
300.2801269999982,1.6259781363907346,0.8237994350282487,299.99271699999866,70.79566309616729,0.0
300.53123099999806,1.6765283603829002,0.7447033898305085,300.2551339999988,61.57102191963419,0.0
300.781250999998,1.701238144159571,0.6965042372881356,300.49370299999873,52.293518855920844,0.0
301.0265569999979,1.7004168378671685,0.6977401129943503,300.7401879999987,43.49114179583568,0.0
301.264489999998,1.677787123299571,0.742231638418079,300.9827389999988,36.23553784085056,0.0
301.53649599999784,1.638747072221753,0.794138418079096,301.2347749999989,30.167489556860463,0.0
301.7690429999976,1.5900714199633388,0.8689088983050847,301.4777169999988,25.24818695204522,0.0
302.0150119999976,1.5404414042723908,0.9300847457627118,301.7251029999988,21.280732037209287,0.0
302.2619319999977,1.499855283783081,0.9745762711864406,301.9803609999987,18.03501963485169,0.0
302.53074699999763,1.4773571912239303,0.9992055084745761,302.232354999999,15.326041263222471,0.0
302.7611819999977,1.4796078506684704,0.9976165254237287,302.475546999999,13.030413054494819,0.0
303.01509299999765,1.5101823924541542,0.9634533898305084,302.71598599999896,11.076619389844492,0.0
303.2499039999979,1.569125211518958,0.8911546610169491,302.96594999999894,9.425418142878012,0.0
303.50250599999777,1.6525088731927995,0.7731285310734463,303.20940399999915,8.052729055855092,0.0
303.7495269999979,1.751322758490481,0.591454802259887,303.47339899999906,6.939181175567982,0.0
303.99661899999785,1.8508289245658274,0.4147245762711864,303.71021699999903,6.056493977746304,0.0
304.24691099999785,1.93368797178363,0.2985522598870056,303.95516999999916,5.368938132123921,0.0
304.48446799999806,1.98608705696475,0.20956920903954807,304.2072219999993,4.84862906537023,0.0
304.7355589999979,2.0016921601627966,0.19721045197740109,304.4500329999995,4.477409848574041,0.0
304.99187599999794,1.9794413883769693,0.22069209039548018,304.7187079999996,4.2363395323840445,0.0
305.2318159999978,1.9199950526794745,0.31956214689265533,304.95065599999975,4.09609657624442,0.0
305.4764329999979,1.8277857954460435,0.4616878531073447,305.1951059999998,4.010236493290563,0.0
305.7299859999978,1.7187248155431232,0.6532485875706215,305.441003,3.9211171293822193,0.0
305.97946899999783,1.6205643329522732,0.8312146892655368,305.69099700000004,3.7879558721366315,0.0
306.2268589999978,1.5584487794684367,0.9126059322033897,305.935794,3.6157348776662044,0.0
306.46801799999764,1.5430516346482674,0.9277012711864406,306.1797599999998,3.4429225634816643,0.0
306.7199069999977,1.5727430914389213,0.8879766949152542,306.4314119999999,3.3038452511854897,0.0
306.9673859999977,1.637860915056374,0.7978460451977403,306.6877539999999,3.211084793206583,0.0
307.21028299999773,1.7207046196747648,0.6507768361581922,306.9274989999999,3.1478803085561946,0.0
307.4576339999978,1.795332889558226,0.5148305084745762,307.1724499999998,3.075891525774624,0.0
307.7092489999979,1.8373262586311732,0.4394420903954802,307.41958399999965,2.9910378399839255,0.0
307.96069199999835,1.8357814718608407,0.44067796610169496,307.6715619999996,2.9216637526174103,0.0
308.2120299999984,1.7978312590447032,0.5098870056497175,307.92696699999976,2.8861220526842244,0.0
308.4468789999984,1.740812418813841,0.6112288135593221,308.16597599999966,2.8818995876336024,0.0
308.69840399999845,1.6816080608507245,0.7335805084745763,308.4086699999997,2.8953440814898124,0.0
308.95040699999856,1.6314426289371662,0.802789548022599,308.6626689999999,2.912984103183996,0.0
309.2024019999984,1.596332884013429,0.8641419491525423,308.904024,2.9267372827754445,0.0
309.4372309999984,1.579122048207085,0.8808262711864406,309.1570950000001,2.936089641659733,0.0
309.6876969999985,1.5818715174060503,0.8784427966101693,309.3980010000001,2.95060437651798,0.0
309.9426119999985,1.6064375174291352,0.856197033898305,309.6536480000001,2.987226366739299,0.0
310.1836769999985,1.6531040637319894,0.7718926553672318,309.897712,3.0512086625733117,0.0
310.43564399999866,1.7159231918379994,0.6606638418079096,310.1416759999998,3.086974030730605,0.0
310.6895999999985,1.7830820724724286,0.5370762711864407,310.39807099999985,3.0263426603910193,0.0
310.9236069999985,1.8388501757227032,0.4369703389830508,310.63954899999993,2.881233990140814,0.0
311.17362799999864,1.8668223590396351,0.392478813559322,310.88759899999974,2.6912477433457824,0.0
311.41875699999866,1.8603789887506508,0.3998940677966101,311.1385049999997,2.4971926953172696,0.0
311.67004499999865,1.828425109870038,0.4579802259887006,311.38915599999984,2.3309395516583793,0.0
311.91969099999875,1.7906795964612912,0.5222457627118645,311.629342,2.2099528717008385,0.04210805084745763
312.1630699999989,1.7687583361162726,0.567973163841808,311.88239799999985,2.1337749035181273,0.08818855932203386
312.41046699999896,1.7788609925196583,0.5457274011299434,312.12497699999983,2.0829990939004155,0.11837923728813556
312.656432999999,1.8240713568257088,0.4728107344632768,312.38928599999997,2.0291674291086315,0.16754943502824862
312.90336599999904,1.8906885823364183,0.3677612994350283,312.62595200000004,1.950351584352085,0.26889124293785316
313.1528609999992,1.9537057144885894,0.26024011299435024,312.8708810000003,1.8427770425499026,0.4307909604519774
313.40385499999917,1.9916883767414018,0.20586158192090395,313.11350400000026,1.719319112510833,0.6507768361581922
313.6476749999989,1.997317164002538,0.20215395480225984,313.3631310000001,1.6006889364710615,0.8609639830508474
313.8976739999989,1.9783126326665441,0.22069209039548018,313.60588400000006,1.506283180283693,0.9698093220338982
314.14161299999887,1.9492437505522193,0.2713629943502825,313.8605429999999,1.449195153715852,0.9999999999999999
314.3922159999989,1.9216953256691502,0.31709039548022594,314.10584299999994,1.4320397814753014,0.9999999999999999
314.636869999999,1.8990043784693338,0.3516949152542373,314.35289900000015,1.4433663165577462,0.9999999999999999
314.88283599999875,1.8766135466843488,0.3825918079096045,314.59625000000005,1.459333237595702,0.9999999999999999
315.1302279999986,1.8454266934343249,0.424611581920904,314.84412899999995,1.4554888797020722,0.9999999999999999
315.3813739999987,1.7967602648111876,0.5111228813559322,315.0927719999999,1.4209166243073506,0.9999999999999999
315.6374969999985,1.7273517766921616,0.6359463276836158,315.34615700000006,1.360488776046132,0.9999999999999999
315.87600899999836,1.641723283476603,0.790430790960452,315.596629,1.2865394917944013,0.9999999999999999
316.11899799999844,1.5510252526880413,0.9197563559322033,315.83903599999996,1.2097565808029231,0.9999999999999999
316.3731039999983,1.4699219102616925,0.9999999999999999,316.084764,1.1369928972356715,0.9999999999999999
316.61294399999844,1.4111089268199912,0.9999999999999999,316.333969,1.0736893762740884,0.9999999999999999
316.86102199999846,1.3817889503071297,0.9999999999999999,316.58185900000024,1.0275175668880145,0.9999999999999999
317.11231499999855,1.3834355664110207,0.9999999999999999,316.82681800000023,1.010068707645555,0.9999999999999999
317.3626949999985,1.413161546589329,0.9999999999999999,317.07271400000013,1.0345133706974088,0.9999999999999999
317.6088209999983,1.4655963253026245,0.9999999999999999,317.3258500000004,1.1107487278216448,0.9999999999999999
317.855086999998,1.5307700259633354,0.9356461864406779,317.5702250000005,1.240890679245564,0.9999999999999999
318.1057829999981,1.59148459383574,0.8665254237288135,317.8195440000006,1.417533439735343,0.9999999999999999
318.358537999998,1.6291990202051578,0.8089689265536723,318.07114400000086,1.624121897965123,0.8250353107344632
318.6000179999981,1.6380792759791372,0.7966101694915255,318.3094930000008,1.8382779987124316,0.4369703389830508
318.8416069999981,1.62916000445907,0.8089689265536723,318.5615930000007,2.035484449635333,0.15889830508474576
319.091560999998,1.6207549034948023,0.8312146892655368,318.8110600000007,2.1921889955180753,0.0500529661016949
319.34705699999796,1.6257048970146077,0.8237994350282487,319.0530410000006,2.2898871683941597,0.0
319.5834379999982,1.6459324786573835,0.783015536723164,319.30641800000063,2.3182466500810577,0.0
319.8394209999981,1.6740052518845365,0.7447033898305085,319.5550940000007,2.2775467730004664,0.003972457627118674
320.0818089999981,1.6968928230832205,0.7039194915254238,319.80297400000063,2.178402518591713,0.05323093220338981
320.3360319999981,1.7015050628330632,0.695268361581921,320.0637740000007,2.041697563150248,0.15271892655367225
320.57500999999786,1.6821416695302,0.7335805084745763,320.2915080000007,1.8940709438269667,0.36281779661016955
320.82705799999786,1.644217512584346,0.7867231638418081,320.53942500000056,1.7584409023307717,0.5815677966101694
321.0844459999977,1.6017040685269643,0.8593749999999999,320.7845570000006,1.6494485049511396,0.7768361581920905
321.3169579999978,1.5683574051029319,0.8935381355932203,321.03295000000077,1.5711506500302121,0.8879766949152542
321.5762759999975,1.548924375324653,0.9213453389830508,321.28291500000086,1.520898286909307,0.9483580508474576
321.82066299999747,1.5352132023609437,0.9332627118644067,321.5244690000008,1.494687568767902,0.9817266949152541
322.0705679999975,1.5128907835797785,0.958686440677966,321.7922410000006,1.4874616838876769,0.9864936440677965
322.3101029999974,1.4722977228966305,0.9999999999999999,322.02676100000053,1.4954609039098785,0.9817266949152541
322.5625319999976,1.4144529581057637,0.9999999999999999,322.2740820000006,1.516587059360696,0.9531249999999999
322.82911499999744,1.351356190559525,0.9999999999999999,322.52167100000054,1.5497685988733814,0.9213453389830508
323.0516159999973,1.3010471809229136,0.9999999999999999,322.7661600000006,1.5962429558722264,0.8641419491525423
323.29793399999727,1.27968835827534,0.9999999999999999,323.01393900000056,1.6577076723009871,0.7644774011299436
323.5505069999973,1.293145288885049,0.9999999999999999,323.2776600000006,1.7324776462791982,0.6322387005649718
323.80016599999703,1.3331413121311544,0.9999999999999999,323.5095270000006,1.8125120827988215,0.4888771186440678
324.0430059999974,1.3819578013109148,0.9999999999999999,323.75813200000067,1.8826717696611515,0.3801200564971752
324.2920659999973,1.4239922953562487,0.9999999999999999,324.0050320000008,1.9266065513759774,0.31338276836158196
324.53449499999726,1.451825496518095,0.9999999999999999,324.2546700000008,1.9370168744794822,0.2948446327683616
324.7827009999972,1.4658762514905823,0.9999999999999999,324.50250900000077,1.9217212595759368,0.31709039548022594
325.0387949999974,1.471544257014173,0.9999999999999999,324.7505240000007,1.9027370846030611,0.3442796610169492
325.2806869999975,1.4753721540738631,0.9999999999999999,324.99895700000076,1.9080887666364652,0.3343926553672317
325.52770199999776,1.481982140416968,0.9936440677966101,325.2404270000005,1.961317031267966,0.2503531073446328
325.77198999999786,1.4894289278005597,0.9856991525423728,325.49005100000056,2.064962090528777,0.13109110169491525
326.0345639999977,1.490102184274329,0.9841101694915254,325.7343600000008,2.1897725884291406,0.05084745762711867
326.2652819999977,1.4755050135804348,0.9999999999999999,325.99036300000085,2.289257945123792,0.0
326.5136849999975,1.4429143704557859,0.9999999999999999,326.2283440000009,2.3322934955857066,0.0
326.7595429999974,1.3980293805671007,0.9999999999999999,326.48784300000096,2.3222024931727594,0.0
327.0126389999976,1.349379620033834,0.9999999999999999,326.72616000000124,2.2903212928750714,0.0
327.25512999999745,1.305258954437894,0.9999999999999999,326.9741900000012,2.2760416487591355,0.004766949152542359
327.5071169999973,1.2713917545043179,0.9999999999999999,327.22068800000125,2.3105860440230925,0.0
327.7551199999972,1.249257218617024,0.9999999999999999,327.4700840000013,2.407186345885419,0.0
328.0050859999971,1.2375030683169626,0.9999999999999999,327.73559500000135,2.559793365437983,0.0
328.2462079999971,1.235770112750403,0.9999999999999999,327.9643940000014,2.752709538398968,0.0
328.4936149999971,1.2461744536214627,0.9999999999999999,328.22034300000144,2.972653873825342,0.0
328.7561699999971,1.271384504151786,0.9999999999999999,328.4633860000015,3.211207984866057,0.0
328.9875579999972,1.3132221185570048,0.9999999999999999,328.7073610000014,3.453516780848976,0.0
329.24382199999707,1.36896897367167,0.9999999999999999,328.95980100000133,3.6750077220418524,0.0
329.48690499999714,1.4267760510220784,0.9999999999999999,329.20384500000137,3.851324814398943,0.0
329.73267099999697,1.4675214389901503,0.9999999999999999,329.45553700000147,3.9613021111605144,0.0
329.98473399999693,1.4770113439391068,0.9999999999999999,329.7006420000016,3.9842483186878592,0.0
330.23582499999674,1.4550434699115724,0.9999999999999999,329.9475350000015,3.9060446619887403,0.0
330.5102129999967,1.4125354022235415,0.9999999999999999,330.1948620000014,3.7303835974919166,0.0
330.72106699999665,1.3637346178505918,0.9999999999999999,330.44605700000136,3.493010693010458,0.0
330.9750179999966,1.320265921938078,0.9999999999999999,330.68676600000146,3.2490621872219583,0.0
331.21934199999646,1.2893137638807644,0.9999999999999999,330.94819900000147,3.045266154577075,0.0
331.4604799999961,1.2722307994234132,0.9999999999999999,331.1846770000015,2.904769263050111,0.0
331.71287699999624,1.2636055096269043,0.9999999999999999,331.4271750000016,2.8274497216417096,0.0
331.96849499999615,1.255686578714033,0.9999999999999999,331.67625400000145,2.7952604792626787,0.0
332.2112949999962,1.2443222912978296,0.9999999999999999,331.9381300000015,2.7798227016546644,0.0
332.458174999996,1.2332555591279617,0.9999999999999999,332.1731380000015,2.7474399514994143,0.0
332.7031059999962,1.2305582962193768,0.9999999999999999,332.4133830000015,2.67163878652107,0.0
332.9505819999962,1.2422828407398092,0.9999999999999999,332.6745830000017,2.547069383902551,0.0
333.2030689999961,1.2694789811288745,0.9999999999999999,332.91328500000174,2.3916408772990563,0.0
333.4430489999964,1.3081372228357648,0.9999999999999999,333.15843700000164,2.2328206654568,0.03257415254237291
333.7045689999963,1.349574283492071,0.9999999999999999,333.4052880000015,2.0949369081455544,0.11122881355932206
333.9396059999966,1.3813379066702072,0.9999999999999999,333.6568570000015,1.9939339290631115,0.2033898305084746
334.1890759999967,1.3906834029849737,0.9999999999999999,333.9019600000013,1.9347845948171152,0.297316384180791
334.43437699999663,1.368232017279247,0.9999999999999999,334.1477900000013,1.9108656981937822,0.3306850282485876
334.68592699999664,1.313984249645534,0.9999999999999999,334.39376200000135,1.9039005803168938,0.34304378531073443
334.93238099999684,1.2388694864356502,0.9999999999999999,334.64517100000126,1.8909392179798472,0.3665254237288135
335.1754609999968,1.1571262143185246,0.9999999999999999,334.88853700000124,1.85638049242345,0.4060734463276836
335.42389099999684,1.0797348028964846,0.9999999999999999,335.13608300000107,1.8033448865526034,0.5024717514124294
335.67804899999703,1.015185551659612,0.9999999999999999,335.407706000001,1.7495041828621025,0.5951624293785311
335.9274079999967,0.9714284872884369,0.9999999999999999,335.63834500000087,1.7121773000665754,0.670550847457627
336.1694019999968,0.9548580370187116,0.9999999999999999,335.8838270000008,1.698267548446326,0.7014477401129943
336.417287999997,0.9689129831852763,0.9999999999999999,336.13426600000093,1.7040235211513968,0.6927966101694916
336.66021499999687,1.012153865436786,0.9999999999999999,336.37385800000095,1.7213668473918549,0.6483050847457628
336.91521699999674,1.07574689486131,0.9999999999999999,336.62484000000086,1.7439261832009039,0.6050494350282486
337.1552109999969,1.1470748274207248,0.9999999999999999,336.87487800000076,1.768442991746927,0.567973163841808
337.40375199999653,1.2169083154504947,0.9999999999999999,337.11875200000065,1.794232131188481,0.516066384180791
337.6525879999965,1.2848040364541224,0.9999999999999999,337.3678130000004,1.818598909132621,0.480225988700565
337.89748999999637,1.3550861271495398,0.9999999999999999,337.61681200000055,1.834973480696604,0.44314971751412435
338.1732199999965,1.4338081030270649,0.9999999999999999,337.8675570000007,1.8378052774988025,0.43820621468926557
338.39317099999636,1.525860009784322,0.9396186440677965,338.1110750000008,1.8269570491535863,0.464159604519774
338.6441239999964,1.6318918080296583,0.802789548022599,338.3615230000006,1.810332510987321,0.49258474576271194
338.8904999999965,1.7458993712702058,0.6001059322033899,338.6212550000008,1.7984884783003978,0.5074152542372882
339.13783599999647,1.8588825700997296,0.4036016949152542,338.8502260000008,1.797323260022268,0.5098870056497175
339.3850419999965,1.959731112444591,0.2528248587570622,339.0977570000007,1.8111453538832103,0.4913488700564972
339.63555499999654,2.0340563448896143,0.1601341807909605,339.34962600000074,1.8442912747954552,0.4258474576271186
339.87841599999655,2.0670380529606898,0.13029661016949148,339.59409100000056,1.902151472863516,0.34675141242937857
340.12884699999654,2.0482135966917854,0.14380296610169488,339.8454880000005,1.9915662678365675,0.20586158192090395
340.3740059999964,1.9761663948692936,0.22563559322033894,340.0861670000004,2.11650451659676,0.09772245762711866
340.61996799999656,1.862204509743757,0.3998940677966101,340.3555490000003,2.2701555941064857,0.008739406779661034
340.8778459999965,1.7259360026621873,0.6408898305084746,340.60080100000033,2.4283108280585903,0.0
341.1153189999965,1.587279699602329,0.8712923728813559,340.8281610000003,2.5521867413862953,0.0
341.3808149999965,1.4600815702620098,0.9999999999999999,341.093584,2.607394965257097,0.0
341.6132269999965,1.3498944351578914,0.9999999999999999,341.332628,2.5866742473611577,0.0
341.85680499999665,1.2578855854310853,0.9999999999999999,341.58004599999975,2.505227275510941,0.0
342.1097779999964,1.185273937121904,0.9999999999999999,341.8288289999996,2.3863109831662324,0.0
342.3497919999964,1.1373128121756773,0.9999999999999999,342.0703509999994,2.251704609646854,0.02145127118644066
342.5995599999962,1.1195160373976285,0.9999999999999999,342.32340499999924,2.1212879051913056,0.09613347457627121
342.8476089999962,1.128940194798044,0.9999999999999999,342.56781599999925,2.0127155466663176,0.18361581920903947
343.0995349999962,1.1528052990664264,0.9999999999999999,342.81630099999904,1.94354621897905,0.28125
343.33751899999606,1.1751148217047591,0.9999999999999999,343.0833379999988,1.9287760711438597,0.30596751412429385
343.59031299999583,1.1835935862951508,0.9999999999999999,343.30287199999873,1.973661826475203,0.23057909604519766
343.8463939999957,1.1726735025140793,0.9999999999999999,343.55577899999884,2.070776503666288,0.12552966101694912
344.0829099999958,1.14324736081149,0.9999999999999999,343.80168199999883,2.193397124214164,0.049258474576271215
344.3377029999957,1.10098444388449,0.9999999999999999,344.0551679999989,2.299132522741498,0.0
344.5781729999958,1.0552954381310002,0.9999999999999999,344.29561999999896,2.350660025887887,0.0
344.8295909999959,1.016629472361181,0.9999999999999999,344.54867999999914,2.335570768790793,0.0
345.0711929999959,0.9924225898515329,0.9999999999999999,344.79409999999916,2.269428642564568,0.008739406779661034
345.32811699999587,0.9838205337076443,0.9999999999999999,345.0433729999991,2.1849985157706264,0.05243644067796612
345.5682789999958,0.9873582626278689,0.9999999999999999,345.286571999999,2.117352296957252,0.09772245762711866
345.84584999999566,1.000115586220001,0.9999999999999999,345.53086999999886,2.0938949875904527,0.11202330508474574
346.06415999999547,1.0210074397767281,0.9999999999999999,345.78242899999873,2.130241794652647,0.09057203389830508
346.31497499999546,1.0497552150022447,0.9999999999999999,346.03249099999863,2.228534691383005,0.03495762711864405
346.56416699999545,1.0856843462978032,0.9999999999999999,346.28705499999865,2.36758561837599,0.0
346.81153599999544,1.1277743260183704,0.9999999999999999,346.5228749999989,2.498995144997101,0.0
347.06598399999547,1.1751717355248343,0.9999999999999999,346.78449799999896,2.5669488778013174,0.0
347.3018789999955,1.2256293799412075,0.9999999999999999,347.02040099999897,2.5434535167533103,0.0
347.5542369999955,1.274160978585174,0.9999999999999999,347.27343999999925,2.443739976349404,0.0
347.80227099999547,1.3123444480096467,0.9999999999999999,347.51600199999916,2.311575566225753,0.0
348.0476549999954,1.3304516575243297,0.9999999999999999,347.761831999999,2.1932155461104843,0.049258474576271215
348.2900629999953,1.3208941008234811,0.9999999999999999,348.01188399999904,2.1237659225812098,0.09454449152542375
348.5432039999954,1.2839434125014209,0.9999999999999999,348.25972499999887,2.121748178439404,0.09613347457627121
348.7881159999955,1.2301996598931577,0.9999999999999999,348.5067809999987,2.187321669499417,0.05164194915254235
349.0546989999956,1.175141399948377,0.9999999999999999,348.75285599999853,2.302491988199178,0.0
349.2901369999956,1.1339262417614637,0.9999999999999999,349.00206999999835,2.4430969053024962,0.0
349.5306089999955,1.1188510090463422,0.9999999999999999,349.2461249999984,2.5906677449317566,0.0
349.77747899999565,1.137786625817791,0.9999999999999999,349.5069679999984,2.7360125420785915,0.0
350.0260449999956,1.192952422120888,0.9999999999999999,349.7393569999985,2.872614970690632,0.0
350.27724499999573,1.2808584626571133,0.9999999999999999,349.9943609999987,2.9904121687179632,0.0
350.5241509999957,1.3929485734224194,0.9999999999999999,350.2358419999987,3.075936601640521,0.0
350.7749199999957,1.513679840128824,0.9563029661016949,350.4841449999986,3.115382113060981,0.0
351.0193739999957,1.6216477871263566,0.8287429378531075,350.7296269999984,3.101452606507581,0.0
351.2747439999957,1.6959048720134133,0.7076271186440678,350.9732009999984,3.036023856967817,0.0
351.5086029999955,1.7232300705255132,0.6445974576271186,351.2307469999983,2.9276678862205623,0.0
351.7612859999952,1.7047509875690248,0.6927966101694916,351.47311799999795,2.7892300284489076,0.0
352.0052819999952,1.6545647652952602,0.7669491525423731,351.7211729999982,2.6382229954331526,0.0
352.2491899999953,1.5937946174557989,0.8657309322033897,351.9727759999979,2.495736850001833,0.0
352.5000819999956,1.543015286297305,0.9277012711864406,352.21820499999785,2.3811698600972875,0.0
352.7532439999958,1.5166368316691758,0.9523305084745761,352.46611199999785,2.306593418416177,0.0
352.9971519999959,1.5195104942563193,0.9491525423728813,352.71368099999785,2.2728210153712918,0.007150423728813581
353.2503489999959,1.543144275229666,0.9277012711864406,352.9560519999976,2.269704417496326,0.008739406779661034
353.5177119999958,1.5677066014892649,0.8951271186440678,353.2029459999976,2.2819615057798224,0.0023834745762712213
353.7409819999959,1.5705560395478213,0.8887711864406779,353.4560319999975,2.301254657665256,0.0
353.9901539999959,1.5372301888477184,0.9324682203389829,353.7009039999975,2.3322601155900173,0.0
354.232502999996,1.4668075428736662,0.9999999999999999,353.9628439999976,2.3891418445918378,0.0
354.4779809999959,1.368688949985929,0.9999999999999999,354.19862799999765,2.485537258710242,0.0
354.7381399999959,1.2573931397069995,0.9999999999999999,354.44384499999774,2.6244494579729514,0.0
354.97746499999573,1.1482005696640407,0.9999999999999999,354.69918699999755,2.78812604731026,0.0
355.2218569999955,1.054320178794131,0.9999999999999999,354.9327169999974,2.9391641350043454,0.0
355.4774109999953,0.9870559437413193,0.9999999999999999,355.1767779999974,3.0329185940324828,0.0
355.71929599999504,0.9568449248068575,0.9999999999999999,355.4270889999975,3.0384551085974056,0.0
355.9673379999949,0.9700791650281726,0.9999999999999999,355.6821279999973,2.9509042663263716,0.0
356.2160889999949,1.0267018314281176,0.9999999999999999,355.91953799999715,2.7901308021665363,0.0
356.4649779999949,1.1150426450587516,0.9999999999999999,356.16947399999725,2.5888987361021387,0.0
356.72976499999464,1.2128893461854804,0.9999999999999999,356.4175449999973,2.379056045218353,0.0
356.9582179999947,1.2977361430602554,0.9999999999999999,356.66052999999727,2.182721250059848,0.05323093220338981
357.20469699999467,1.3580963005132949,0.9999999999999999,356.9124609999974,2.012019382424346,0.18485169491525422
357.4521339999949,1.3940583503526387,0.9999999999999999,357.17241299999745,1.8688193658822223,0.392478813559322
357.70127199999496,1.41035481453969,0.9999999999999999,357.4161239999975,1.7482926569109931,0.5951624293785311
357.9431339999948,1.4136363935845724,0.9999999999999999,357.6523319999974,1.643389170111056,0.7867231638418081
358.19112699999465,1.41271737059897,0.9999999999999999,357.9059079999975,1.550927085308626,0.9197563559322033
358.4415019999945,1.4168373206656149,0.9999999999999999,358.1510849999974,1.4736211595749062,0.9999999999999999
358.68661299999434,1.4326362928756136,0.9999999999999999,358.3977759999974,1.4188818867144208,0.9999999999999999
358.93064199999446,1.460209325834973,0.9999999999999999,358.64558599999776,1.3923860196666347,0.9999999999999999
359.1835379999942,1.4918006246408257,0.9825211864406779,358.88768499999793,1.394015369527648,0.9999999999999999
359.42560399999417,1.5145206115026837,0.9555084745762712,359.1366269999978,1.4163141635550134,0.9999999999999999
359.678281999994,1.5149864016152537,0.9555084745762712,359.38936199999785,1.4470172493567806,0.9999999999999999
359.938205999994,1.488492397785162,0.9864936440677965,359.6393549999978,1.474201498669998,0.9999999999999999
360.174871999994,1.4441854898171462,0.9999999999999999,359.87978099999793,1.489998371422509,0.9849046610169491
360.41673999999426,1.4020327496453173,0.9999999999999999,360.13377799999813,1.4931611551936466,0.9817266949152541
360.66190199999426,1.3838034755554824,0.9999999999999999,360.38065899999816,1.492517661513217,0.9817266949152541
360.91393899999423,1.403335889587421,0.9999999999999999,360.6261449999981,1.5066890561028743,0.9698093220338982
361.15992299999425,1.4645615861834516,0.9999999999999999,360.8721269999981,1.5588968858200913,0.9102224576271186
361.4018249999944,1.5620529893109087,0.9062499999999999,361.12341799999814,1.6650987840741736,0.7558262711864409
361.6610669999944,1.6817292344582369,0.7335805084745763,361.37428799999816,1.8234811842535166,0.47404661016949157
361.8998619999943,1.8021406485143436,0.5049435028248588,361.6382579999982,2.0097484050846797,0.18855932203389836
362.17900399999434,1.8934018379769009,0.36405367231638414,361.86987999999826,2.1852291220916724,0.05243644067796612
362.4094319999945,1.928861404681851,0.30596751412429385,362.1073569999983,2.3155509952837767,0.0
362.6500799999947,1.9003619965460412,0.3492231638418079,362.3633749999982,2.3834943287637387,0.0
362.89847599999484,1.8215344827437483,0.4777542372881357,362.60824399999825,2.392249763672241,0.0
363.13981399999466,1.7167864977630352,0.6581920903954803,362.85465699999816,2.35429283828893,0.0
363.3914469999946,1.6119591608235797,0.8448093220338985,363.1051489999981,2.281153062046832,0.003972457627118674
363.6309859999945,1.5310615357124875,0.9356461864406779,363.34458999999805,2.1785157008178624,0.05323093220338981
363.87925999999413,1.4962378538602077,0.9793432203389829,363.6035769999978,2.048152023316691,0.14380296610169488
364.13264299999406,1.5238619863735294,0.9451800847457626,363.8471659999979,1.895691106059307,0.36281779661016955
364.39195099999404,1.614859960361299,0.8448093220338985,364.0880799999981,1.7344149820125603,0.627295197740113
364.6332519999941,1.7466160452626496,0.6001059322033899,364.33720699999816,1.5806645939693431,0.8792372881355931
364.873241999994,1.8801050392227636,0.3825918079096045,364.5891509999981,1.4480998664301585,0.9999999999999999
365.1254119999942,1.9809773659589505,0.22069209039548018,364.8312259999982,1.343195072450779,0.9999999999999999
365.3741759999941,2.0333872393576837,0.16260593220338987,365.0835579999979,1.265923703611045,0.9999999999999999
365.6213279999942,2.0381263206088263,0.15642655367231637,365.33356899999774,1.2118604289055457,0.9999999999999999
365.8782209999942,2.003739630761711,0.19597457627118647,365.57828799999777,1.175995178714011,0.9999999999999999
366.10960299999397,1.939732361983848,0.29113700564971745,365.8277979999977,1.1565332338795198,0.9999999999999999
366.358662999994,1.854292544094045,0.41225282485875714,366.1021819999979,1.1551239442812193,0.9999999999999999
366.60472499999406,1.7574694430367817,0.5828036723163842,366.3187289999979,1.1741522910079925,0.9999999999999999
366.850136999994,1.6623423404010633,0.75829802259887,366.56656499999787,1.2129112705176657,0.9999999999999999
367.1008799999941,1.582146323130182,0.8784427966101693,366.81574399999795,1.2656619249606242,0.9999999999999999
367.35605799999416,1.5260293382359316,0.9396186440677965,367.0617139999981,1.3231834337970503,0.9999999999999999
367.60438699999423,1.4969431917558367,0.9769597457627118,367.30768099999807,1.3747557796544725,0.9999999999999999
367.84046399999414,1.4892438438644637,0.9856991525423728,367.55994699999803,1.4108069642199283,0.9999999999999999
368.0911229999941,1.4905900816815474,0.9841101694915254,367.80498399999794,1.4237507419409918,0.9999999999999999
368.3391399999942,1.4866562482192893,0.988082627118644,368.0509509999978,1.412620770176916,0.9999999999999999
368.583978999994,1.467192115970142,0.9999999999999999,368.3009459999979,1.385176157103099,0.9999999999999999
368.83445499999385,1.4289680007972643,0.9999999999999999,368.5433599999981,1.3555092786368195,0.9999999999999999
369.0819119999939,1.3779411126947156,0.9999999999999999,368.79576199999815,1.337358467095529,0.9999999999999999
369.3311229999939,1.3273458417765072,0.9999999999999999,369.0414019999981,1.339867060929608,0.9999999999999999
369.577870999994,1.2886037962132086,0.9999999999999999,369.3022729999982,1.3666434196600572,0.9999999999999999
369.8188609999939,1.2622814042591766,0.9999999999999999,369.53568599999835,1.4146730063501904,0.9999999999999999
370.0752709999938,1.2402758536294924,0.9999999999999999,369.7856319999984,1.4744498988951318,0.9999999999999999
370.314641999994,1.2147547726666563,0.9999999999999999,370.0355259999983,1.532034669285919,0.9356461864406779
370.56506699999426,1.1820950525140361,0.9999999999999999,370.2801239999986,1.5763943561732505,0.8816207627118644
370.82012999999426,1.1417754152875585,0.9999999999999999,370.5241959999984,1.6060022534641643,0.8569915254237288
371.0610879999942,1.0972343984728008,0.9999999999999999,370.7720899999984,1.6300669361983293,0.806497175141243
371.30648499999404,1.0557257534096889,0.9999999999999999,371.0189909999983,1.6600998185051292,0.7607697740112995
371.55246299999413,1.026146548674952,0.9999999999999999,371.27414099999834,1.698676497577187,0.7014477401129943
371.80081299999387,1.0151691630869615,0.9999999999999999,371.51511199999834,1.7363210702723717,0.6235875706214689
372.064825999994,1.0237715117745707,0.9999999999999999,371.7606159999983,1.7561516112113562,0.5840395480225989
372.293207999994,1.0478355018466257,0.9999999999999999,372.01107799999846,1.7408736578701083,0.6112288135593221
372.5431779999941,1.0796957617379876,0.9999999999999999,372.2637859999985,1.6826165834444922,0.7335805084745763
372.7935729999941,1.1116030939626824,0.9999999999999999,372.51247999999833,1.5881418768307842,0.8704978813559321
373.03853899999433,1.1401821201720923,0.9999999999999999,372.75407299999847,1.4760853024744796,0.9999999999999999
373.2816019999945,1.1686621121222007,0.9999999999999999,373.0040659999984,1.37029389993434,0.9999999999999999
373.5324759999944,1.2046568071827348,0.9999999999999999,373.2511289999984,1.2898886740393503,0.9999999999999999
373.77844799999446,1.2518306161055253,0.9999999999999999,373.50110999999845,1.2429708669809387,0.9999999999999999
374.0334589999943,1.3042972340393573,0.9999999999999999,373.7481639999983,1.2254998229273146,0.9999999999999999
374.2787029999942,1.350615272676519,0.9999999999999999,373.9941859999983,1.2248055582155433,0.9999999999999999
374.527068999994,1.3798204405485863,0.9999999999999999,374.2472299999984,1.2245792882608821,0.9999999999999999
374.7730599999938,1.3852430131035114,0.9999999999999999,374.4891099999985,1.2143150178982767,0.9999999999999999
375.01814699999375,1.3664788765760438,0.9999999999999999,374.7349149999984,1.1940575324346974,0.9999999999999999
375.2671799999938,1.3293737367964487,0.9999999999999999,374.98094299999843,1.1706312752109826,0.9999999999999999
375.5149169999939,1.2842676811797986,0.9999999999999999,375.23436599999843,1.1517236631974128,0.9999999999999999
375.7550149999937,1.2470649733520829,0.9999999999999999,375.4795529999985,1.1411501299822375,0.9999999999999999
376.0074499999938,1.2466923856132082,0.9999999999999999,375.72296199999846,1.138081835007842,0.9999999999999999
376.2504929999938,1.3287464861935803,0.9999999999999999,375.97789999999844,1.1397884857566807,0.9999999999999999
376.5025249999938,1.5401960838227384,0.9300847457627118,376.21945299999845,1.1464408889904432,0.9999999999999999
376.7499739999938,1.902216863105062,0.34675141242937857,376.4706919999984,1.1627094830740565,0.9999999999999999
376.99999899999403,2.385300361558726,0.0,376.7272749999985,1.1948099139920842,0.9999999999999999
377.2451229999943,2.9009780888329604,0.0,376.9805869999984,1.2454402047944602,0.9999999999999999
377.49529199999415,3.3268642941775397,0.0,377.2354509999986,1.3112267258896049,0.9999999999999999
377.73765399999417,3.56589046292341,0.0,377.4596479999983,1.3838080509168489,0.9999999999999999
377.9892319999944,3.5907631714375863,0.0,377.7011089999987,1.4547236438108269,0.9999999999999999
378.24003299999424,3.436034720935358,0.0,377.95451799999876,1.5202761350424017,0.9491525423728813
378.4851409999942,3.165726412383031,0.0,378.2010869999989,1.5829551148626715,0.876853813559322
378.72915999999395,2.844837496097223,0.0,378.45804599999883,1.648293123212429,0.7793079096045198
378.97703899999385,2.5224399087048073,0.0,378.69511799999873,1.7168842331736562,0.6581920903954803
379.22744299999374,2.22643238072879,0.036546610169491504,378.9491029999984,1.7786213749785529,0.5457274011299434
379.47743699999376,1.966385951280632,0.24170197740112992,379.18615899999827,1.8167102567465607,0.483933615819209
379.73324499999376,1.743580307516786,0.6050494350282486,379.4371579999983,1.8190108484408714,0.480225988700565
379.9717529999937,1.558292483112953,0.9126059322033897,379.6795449999984,1.7848057106048865,0.5333686440677966
380.2148259999936,1.4110799716248925,0.9999999999999999,379.93161899999865,1.7217631478975672,0.6483050847457628
380.46112499999356,1.2998605065598232,0.9999999999999999,380.18421799999885,1.640264203014785,0.794138418079096
380.70712299999366,1.2193990999324773,0.9999999999999999,380.424480999999,1.5514471884035776,0.9197563559322033
380.9521169999936,1.1633737373194326,0.9999999999999999,380.67655799999886,1.4676421990250033,0.9999999999999999
381.19899599999366,1.1240737505813687,0.9999999999999999,380.9300899999988,1.4035180352163845,0.9999999999999999
381.4546859999939,1.0949528125150296,0.9999999999999999,381.175540999999,1.3733505140341218,0.9999999999999999
381.6985919999938,1.0707551603739305,0.9999999999999999,381.424338999999,1.3852916838192304,0.9999999999999999
381.943290999994,1.0465894030106238,0.9999999999999999,381.66044799999895,1.4375085584058072,0.9999999999999999
382.191225999994,1.0176106955522732,0.9999999999999999,381.91994299999897,1.5183679584725778,0.9507415254237287
382.4381059999941,0.981062642153196,0.9999999999999999,382.16277999999915,1.6115607732260648,0.8472810734463277
382.685968999994,0.9371749628410315,0.9999999999999999,382.4108239999992,1.7030962532799405,0.6940324858757063
382.9335089999941,0.8894044193705942,0.9999999999999999,382.65776299999914,1.7869254262675902,0.5296610169491525
383.1796649999939,0.8431152909053407,0.9999999999999999,382.9041759999993,1.8671781748742726,0.392478813559322
383.4283629999941,0.8043723825264719,0.9999999999999999,383.1559889999992,1.9560212647947754,0.25900423728813565
383.6723259999941,0.7784328029874168,0.9999999999999999,383.4022459999991,2.065283546427965,0.13109110169491525
383.92318199999426,0.7685572607044432,0.9999999999999999,383.639826999999,2.1939179937729474,0.049258474576271215
384.1738079999942,0.7760667916811428,0.9999999999999999,383.8986329999988,2.3217809312243114,0.0
384.41473499999427,0.8010187833790698,0.9999999999999999,384.1405379999987,2.4182208375550327,0.0
384.6683159999947,0.8411676013394473,0.9999999999999999,384.38809299999866,2.458685504821548,0.0
384.910381999995,0.8902279830750339,0.9999999999999999,384.65403799999854,2.4347522572840905,0.0
385.1658649999953,0.9392004447542165,0.9999999999999999,384.88608899999866,2.3558913632273777,0.0
385.40431699999516,0.979250416636668,0.9999999999999999,385.1393379999984,2.241920515958259,0.027807203389830473
385.6542829999952,1.0041315957765464,0.9999999999999999,385.3845759999983,2.1148785516256763,0.09772245762711866
385.89962699999546,1.0108540637935282,0.9999999999999999,385.63216999999804,1.9940209977040413,0.2033898305084746
386.15420399999533,1.0002321253201691,0.9999999999999999,385.873553999998,1.8916814405706757,0.3652895480225989
386.3956799999956,0.9764031097436059,0.9999999999999999,386.1270829999983,1.8118939007101342,0.4888771186440678
386.6480829999955,0.9468149704441484,0.9999999999999999,386.38205499999833,1.7515104886714472,0.591454802259887
386.89609399999546,0.922146007112795,0.9999999999999999,386.6155819999983,1.7041371618003147,0.6927966101694916
387.14195899999544,0.9146480434874932,0.9999999999999999,386.87154699999843,1.6638898372493935,0.7570621468926556
387.4048709999955,0.9350325138373614,0.9999999999999999,387.1181119999984,1.6297671152561901,0.806497175141243
387.64550699999546,0.9890374148350952,0.9999999999999999,387.36083599999847,1.6062649409454786,0.856197033898305
387.8822409999954,1.0718010421903041,0.9999999999999999,387.6119919999987,1.5996354497201783,0.8609639830508474
388.12965499999547,1.1659128795454534,0.9999999999999999,387.85594299999855,1.612775229950987,0.8448093220338985
388.3715199999954,1.2477246635406842,0.9999999999999999,388.0986389999984,1.6396067946558874,0.794138418079096
388.62888699999553,1.2996081618714497,0.9999999999999999,388.34719399999835,1.6650635195215193,0.7558262711864409
388.8769319999954,1.3192013910750282,0.9999999999999999,388.6021439999983,1.6729008972713342,0.7459392655367233
389.11997599999563,1.3170860797015482,0.9999999999999999,388.8456649999983,1.655005892378526,0.7669491525423731
389.3686549999956,1.3077092680981242,0.9999999999999999,389.0889849999984,1.6157249777676852,0.8435734463276837
389.6122119999955,1.3031849831164366,0.9999999999999999,389.3389739999983,1.5674646827511327,0.8975105932203389
389.8569559999955,1.3105070610608038,0.9999999999999999,389.58638899999835,1.5213995981530002,0.9467690677966101
390.10406299999545,1.3308083413085559,0.9999999999999999,389.83283199999846,1.4827029704737311,0.9904661016949152
390.3529319999954,1.359151932355274,0.9999999999999999,390.08276999999845,1.4506628447075276,0.9999999999999999
390.6089139999954,1.3905093512359605,0.9999999999999999,390.3308379999982,1.4213957345934052,0.9999999999999999
390.84921999999546,1.4254196163518338,0.9999999999999999,390.58171499999827,1.3924230168459306,0.9999999999999999
391.0976289999955,1.4719291325867245,0.9999999999999999,390.8241799999979,1.3658713301142897,0.9999999999999999
391.3525089999957,1.5404589215340143,0.9300847457627118,391.0694959999979,1.3461812507454167,0.9999999999999999
391.59363699999574,1.6364821309104876,0.7978460451977403,391.3153019999977,1.335906125734505,0.9999999999999999
391.84643399999555,1.751689243001387,0.591454802259887,391.5711669999978,1.3326400901559023,0.9999999999999999
392.0839509999956,1.8620243745622618,0.3998940677966101,391.8126439999979,1.330544056517715,0.9999999999999999
392.3384299999957,1.934901443377416,0.297316384180791,392.0622969999977,1.324296431196884,0.9999999999999999
392.5819729999955,1.9444962182166816,0.2787782485875706,392.3225899999976,1.3127772275939122,0.9999999999999999
392.83128499999543,1.888587443088335,0.37146892655367225,392.5549969999977,1.3010566865375328,0.9999999999999999
393.07576999999554,1.7851618224793155,0.532132768361582,392.8005419999976,1.297627896955622,0.9999999999999999
393.33025799999547,1.6586746964366523,0.7632415254237288,393.0469219999976,1.309922003228776,0.9999999999999999
393.5754829999957,1.5293942107088263,0.9372351694915254,393.2954179999977,1.3414132546559214,0.9999999999999999
393.81959499999573,1.408861704858342,0.9999999999999999,393.54492499999776,1.3896739395130349,0.9999999999999999
394.0713979999956,1.3001617351250212,0.9999999999999999,393.78636499999783,1.4473516263002564,0.9999999999999999
394.3205289999956,1.2019289942118137,0.9999999999999999,394.0378189999976,1.5051597313307923,0.970603813559322
394.5674969999956,1.114909860022912,0.9999999999999999,394.29075199999767,1.5568607119608306,0.9126059322033897
394.8113769999956,1.0430341710708697,0.9999999999999999,394.5320909999978,1.597618991796872,0.8633474576271186
395.07642699999565,0.9908757509408572,0.9999999999999999,394.77870499999773,1.6207383925510768,0.8312146892655368
395.30433599999554,0.959561126267705,0.9999999999999999,395.02317599999776,1.6174354260546293,0.8398658192090397
395.5538159999954,0.9464198559065407,0.9999999999999999,395.2755619999977,1.582063328282142,0.8784427966101693
395.82288299999516,0.9463681893890918,0.9999999999999999,395.54043799999783,1.518532803154316,0.9507415254237287
396.0599699999952,0.9545855443984741,0.9999999999999999,395.7712949999979,1.4408560380401347,0.9999999999999999
396.2984969999953,0.9671652917214992,0.9999999999999999,396.020262999998,1.3660536556585572,0.9999999999999999
396.5405219999956,0.9815031233107189,0.9999999999999999,396.26761899999826,1.3078063287053872,0.9999999999999999
396.7900449999956,0.996423270104376,0.9999999999999999,396.51516999999825,1.2716361205539288,0.9999999999999999
397.0459349999957,1.0112114493689834,0.9999999999999999,396.7632419999983,1.2522249843614672,0.9999999999999999
397.2823989999959,1.0236828426207312,0.9999999999999999,397.01076399999823,1.2369660918584697,0.9999999999999999
397.5444179999958,1.0297307809927776,0.9999999999999999,397.25331599999805,1.2160630301158502,0.9999999999999999
397.7875939999958,1.0253451425808215,0.9999999999999999,397.50683999999814,1.1884648417911394,0.9999999999999999
398.0318009999958,1.011267025513434,0.9999999999999999,397.75063999999827,1.1604718863804495,0.9999999999999999
398.28672499999607,0.9937713242329428,0.9999999999999999,397.9986809999986,1.139638209943578,0.9999999999999999
398.52481499999607,0.9791145297816711,0.9999999999999999,398.2657229999989,1.129159138166214,0.9999999999999999
398.77215999999606,0.9679654679347046,0.9999999999999999,398.493240999999,1.1255052899976277,0.9999999999999999
399.01828799999606,0.9568007838936665,0.9999999999999999,398.7475529999988,1.120607642921557,0.9999999999999999
399.2684879999959,0.9419914590757122,0.9999999999999999,398.9875609999989,1.1067266734948293,0.9999999999999999
399.5185109999956,0.9211702584058149,0.9999999999999999,399.2341299999988,1.0823668222978116,0.9999999999999999
399.76032599999553,0.8940719944975581,0.9999999999999999,399.4819819999991,1.054541399724092,0.9999999999999999
400.00975399999555,0.8630794382742027,0.9999999999999999,399.7310559999989,1.033778497497574,0.9999999999999999
400.25687099999556,0.8340005764103521,0.9999999999999999,399.99868999999893,1.0281505418679533,0.9999999999999999
400.50688799999546,0.8161630629610828,0.9999999999999999,400.22734799999887,1.041439053018889,0.9999999999999999
400.74997199999575,0.8195481845036765,0.9999999999999999,400.4808309999988,1.0742414457472445,0.9999999999999999
401.0040959999955,0.8481232912329272,0.9999999999999999,400.71655299999856,1.1266981415386619,0.9999999999999999
401.2465699999954,0.8953588300670443,0.9999999999999999,400.9705739999986,1.199389736251708,0.9999999999999999
401.4979489999954,0.9466126420894762,0.9999999999999999,401.21810499999856,1.2911120521051567,0.9999999999999999
401.74293199999545,0.9873302622699227,0.9999999999999999,401.4679519999985,1.39748672146546,0.9999999999999999
401.99331399999556,1.0103283029625372,0.9999999999999999,401.70789899999846,1.5108063942102612,0.9634533898305084
402.23441399999564,1.016343601188332,0.9999999999999999,401.95687499999843,1.6224190846133746,0.8287429378531075
402.4859919999959,1.0116225962529752,0.9999999999999999,402.2042719999984,1.7241159279354192,0.6421257062146893
402.7502209999958,1.0041579125428515,0.9999999999999999,402.45684199999835,1.8082581398551605,0.49258474576271194
402.98080299999583,0.9994711439323257,0.9999999999999999,402.7122669999984,1.8642864535924342,0.39371468926553677
403.22320699999585,0.9987419728707914,0.9999999999999999,402.9517759999984,1.881824062124374,0.3813559322033899
403.475649999996,0.9992808051485214,0.9999999999999999,403.21466699999854,1.860128840517373,0.3998940677966101
403.7266319999961,0.9960144500500884,0.9999999999999999,403.4491599999985,1.8123700730224441,0.4888771186440678
403.98052499999596,0.98500801002627,0.9999999999999999,403.6942539999986,1.7584409483474104,0.5815677966101694
404.21396399999594,0.9672861462173398,0.9999999999999999,403.9377039999986,1.7180919186237933,0.6544844632768361
404.459904999996,0.949645693778679,0.9999999999999999,404.1931349999987,1.7067101719371838,0.6878531073446328
404.71392799999603,0.9413150596814267,0.9999999999999999,404.46608899999865,1.7343861485230323,0.6285310734463276
404.95841599999613,0.9482165135535929,0.9999999999999999,404.6820339999986,1.8059233258006477,0.49629237288135586
405.2156309999964,0.9692153227449094,0.9999999999999999,404.9288959999987,1.9170609551893196,0.3232697740112994
405.4485369999964,0.9994215928716074,0.9999999999999999,405.1788719999988,2.0489053710826353,0.14380296610169488
405.70721299999633,1.0343759386518068,0.9999999999999999,405.4252789999987,2.167937299966809,0.0627648305084746
405.9674579999963,1.0732390824704872,0.9999999999999999,405.67086299999875,2.2383092241369447,0.030190677966101694
406.1948639999962,1.1200973903811515,0.9999999999999999,405.9364279999988,2.24444396091248,0.027012711864406787
406.454071999996,1.180850301563469,0.9999999999999999,406.1687249999988,2.2008077226772675,0.046080508474576225
406.6899679999961,1.253892232382309,0.9999999999999999,406.4196709999988,2.139759030176535,0.08262711864406781
406.9371749999962,1.3267870913642155,0.9999999999999999,406.66436599999884,2.0943571619127916,0.11122881355932206
407.1799509999964,1.3816235290876646,0.9999999999999999,406.91303099999885,2.0861554603094867,0.11599576271186442
407.4384959999962,1.4034532288789434,0.9999999999999999,407.1561859999989,2.124371827125204,0.09374999999999999
407.68657599999636,1.3865360886404108,0.9999999999999999,407.40791299999876,2.2060138994311544,0.04290254237288132
407.9238539999963,1.334115576486998,0.9999999999999999,407.670308999999,2.311528109150891,0.0
408.18278299999645,1.256692004951176,0.9999999999999999,407.90387299999907,2.4033282490676173,0.0
408.42812499999627,1.170389521065571,0.9999999999999999,408.15731199999914,2.4398436255640696,0.0
408.67471299999636,1.0939517574956157,0.9999999999999999,408.3921359999989,2.4048276201084695,0.0
408.9190469999966,1.0440817241348892,0.9999999999999999,408.6401659999988,2.316210159786167,0.0
409.1665629999966,1.0302210132417966,0.9999999999999999,408.8901339999989,2.2070598250426845,0.04290254237288132
409.41060699999656,1.0493986566081965,0.9999999999999999,409.14818499999893,2.1030489285307428,0.10487288135593216
409.6739889999966,1.0856918279806838,0.9999999999999999,409.38366299999905,2.016353177720433,0.17990819209039546
409.9068889999966,1.118839826388133,0.9999999999999999,409.628489999999,1.9482445933517243,0.2738347457627119
410.1527889999968,1.1350898920519867,0.9999999999999999,409.8875739999989,1.8955513395135952,0.36281779661016955
410.42374099999665,1.1305887189287018,0.9999999999999999,410.12650399999904,1.8553449980192829,0.408545197740113
410.6511219999966,1.1090776460850351,0.9999999999999999,410.3718389999988,1.8268786703848217,0.464159604519774
410.8946319999966,1.0776662216199688,0.9999999999999999,410.6254129999987,1.811063593325016,0.4913488700564972
411.15384699999663,1.0442581863473992,0.9999999999999999,410.87973899999884,1.8074827730503311,0.49382062146892647
411.3930009999967,1.0158355501687364,0.9999999999999999,411.1209539999988,1.8099937782267304,0.49258474576271194
411.6420759999966,0.9981890293926263,0.9999999999999999,411.3637169999987,1.808751326238646,0.49258474576271194
411.89400699999646,0.9933970311986204,0.9999999999999999,411.6192759999989,1.7942265826299206,0.516066384180791
412.1403619999965,0.9966085059313798,0.9999999999999999,411.8624919999985,1.7618861457813955,0.575388418079096
412.38244399999644,0.9961351562204733,0.9999999999999999,412.11056399999853,1.7168700018459278,0.6581920903954803
412.6336989999966,0.9820894196334533,0.9999999999999999,412.3573439999983,1.6724077069621281,0.7459392655367233
412.8793309999966,0.9558954242939595,0.9999999999999999,412.6013389999986,1.6499219440486048,0.7768361581920905
413.1257409999967,0.9263092123641249,0.9999999999999999,412.8543949999984,1.6752409875569563,0.7447033898305085
413.36923799999664,0.9010800142770395,0.9999999999999999,413.10030099999847,1.7644671424997365,0.575388418079096
413.6321349999966,0.8821435586538632,0.9999999999999999,413.35126499999853,1.910510174344601,0.3306850282485876
413.8670899999965,0.8651279216467919,0.9999999999999999,413.58860399999855,2.0818063541045615,0.11917372881355932
414.11308699999637,0.8427814900276736,0.9999999999999999,413.84020499999866,2.23907502023676,0.02860169491525424
414.3611319999963,0.8078751304637642,0.9999999999999999,414.09452399999856,2.353691671636635,0.0
414.6081709999965,0.757355327953243,0.9999999999999999,414.3361259999988,2.4149885345673665,0.0
414.8581389999962,0.6958594935134219,0.9999999999999999,414.6072329999989,2.427593633110171,0.0
415.1065659999962,0.6339920007839165,0.9999999999999999,414.830735999999,2.4030714295585356,0.0
415.348937999996,0.5824720223571342,0.9999999999999999,415.07600599999927,2.3507491307353514,0.0
415.60894899999585,0.5483893617257409,0.9999999999999999,415.3400039999993,2.2728203652019054,0.007150423728813581
415.84846799999576,0.5355869091988272,0.9999999999999999,415.5806349999992,2.1670978657651285,0.06435381355932206
416.09359399999573,0.5460268237027665,0.9999999999999999,415.82060299999927,2.0362266622431657,0.157662429378531
416.35248899999584,0.5804960250746182,0.9999999999999999,416.07197199999905,1.89151723480973,0.3652895480225989
416.58957599999593,0.6379785132738627,0.9999999999999999,416.3164239999988,1.74608733995322,0.6001059322033899
416.8384059999959,0.7136133788422676,0.9999999999999999,416.57104299999884,1.611205157006059,0.8472810734463277
417.08438699999584,0.7961891570448877,0.9999999999999999,416.81536099999863,1.4978676214480675,0.9761652542372881
417.33981499999584,0.8697734868512809,0.9999999999999999,417.06033899999886,1.4134180980740507,0.9999999999999999
417.5826739999958,0.9187177610978218,0.9999999999999999,417.3052169999986,1.3563170162434945,0.9999999999999999
417.83265899999594,0.935788963312316,0.9999999999999999,417.55436099999844,1.314995922364234,0.9999999999999999
418.0972229999961,0.9224487180405646,0.9999999999999999,417.79757199999847,1.2740111745603624,0.9999999999999999
418.3226119999962,0.8858012367877918,0.9999999999999999,418.0514579999985,1.2236835721130543,0.9999999999999999
418.57318899999615,0.8358783981438677,0.9999999999999999,418.3024289999984,1.1634508536306671,0.9999999999999999
418.8271309999961,0.7817106633184616,0.9999999999999999,418.54748499999823,1.0977028005652483,0.9999999999999999
419.06708399999616,0.7302971007209983,0.9999999999999999,418.7934549999983,1.032332168418898,0.9999999999999999
419.31514799999616,0.6858781112523455,0.9999999999999999,419.0434939999981,0.9729423985168484,0.9999999999999999
419.56807699999615,0.6511648925689911,0.9999999999999999,419.28431399999806,0.9225982562021082,0.9999999999999999
419.82319299999625,0.6273745901563583,0.9999999999999999,419.5359859999979,0.8810071815864597,0.9999999999999999
420.06110399999625,0.6134302788145157,0.9999999999999999,419.7806399999979,0.8466313099993601,0.9999999999999999
420.3170079999963,0.6070770596876581,0.9999999999999999,420.027029999998,0.8192798527262881,0.9999999999999999
420.5576199999962,0.6062110887378767,0.9999999999999999,420.2739349999979,0.8027647658468654,0.9999999999999999
420.7999939999962,0.6094663928420897,0.9999999999999999,420.5290599999977,0.8077181684158892,0.9999999999999999
421.0530959999961,0.6162457204339385,0.9999999999999999,420.77041999999744,0.8519037676449224,0.9999999999999999
421.3098129999963,0.6266865542616941,0.9999999999999999,421.0164079999973,0.9531406266812452,0.9999999999999999
421.54029799999654,0.6409825045238999,0.9999999999999999,421.26635899999735,1.107976683688818,0.9999999999999999
421.7942699999965,0.6592178719091237,0.9999999999999999,421.51589199999734,1.2779545150623433,0.9999999999999999
422.0371549999967,0.6820490023542457,0.9999999999999999,421.7668469999975,1.4154467565506446,0.9999999999999999
422.28697499999686,0.7105439473108146,0.9999999999999999,422.0111899999976,1.4949345968430066,0.9817266949152541
422.5348409999971,0.7461211937989553,0.9999999999999999,422.2521909999974,1.5166535055205235,0.9523305084745761
422.777243999997,0.7900265908295436,0.9999999999999999,422.5071809999976,1.497661674367404,0.9769597457627118
423.03333099999713,0.8409983661692819,0.9999999999999999,422.75167499999753,1.4604330610255694,0.9999999999999999
423.27500999999717,0.8930552377343128,0.9999999999999999,423.01958599999784,1.424511212567056,0.9999999999999999
423.52652699999703,0.9379693366114209,0.9999999999999999,423.24711999999784,1.401474111533645,0.9999999999999999
423.7773159999971,0.9705345228917066,0.9999999999999999,423.4975919999978,1.3924122358505993,0.9999999999999999
424.01844999999724,0.990966796150342,0.9999999999999999,423.7420829999976,1.391130875076379,0.9999999999999999
424.2672389999973,1.0020681386754868,0.9999999999999999,423.99882999999767,1.3926662169901098,0.9999999999999999
424.5224009999972,1.006137814338025,0.9999999999999999,424.24751999999785,1.4003623340877036,0.9999999999999999
424.7611469999971,1.0056901802390956,0.9999999999999999,424.4815469999979,1.4230366030178299,0.9999999999999999
425.01055899999704,1.0032544958107816,0.9999999999999999,424.7553829999981,1.466793429047762,0.9999999999999999
425.25862399999704,1.0013795986629062,0.9999999999999999,424.9879169999981,1.5309143377470997,0.9356461864406779
425.507561999997,1.0011589460464276,0.9999999999999999,425.2257109999981,1.608570787992919,0.8522245762711863
425.7678209999969,1.0022948407942882,0.9999999999999999,425.47811899999783,1.686866318196225,0.7249293785310735
425.99740599999683,1.0059809389189678,0.9999999999999999,425.72456699999753,1.74895788380289,0.5951624293785311
426.2473769999968,1.0165987860378711,0.9999999999999999,425.9725629999976,1.7781582992801588,0.548199152542373
426.4935279999968,1.040484991262482,0.9999999999999999,426.2356289999976,1.7661452648511775,0.5716807909604519
426.7441469999969,1.0860310614667092,0.9999999999999999,426.4636639999976,1.720029932660852,0.6507768361581922
426.99271699999707,1.162431505556536,0.9999999999999999,426.70600199999734,1.6601185915821974,0.7607697740112995
427.236743999997,1.2773914365653147,0.9999999999999999,426.9631369999973,1.6124592707977574,0.8448093220338985
427.48860799999704,1.430490223208972,0.9999999999999999,427.2140729999972,1.6017633762610002,0.8593749999999999
427.740033999997,1.6020386600735774,0.8593749999999999,427.45785199999716,1.6449032836706474,0.7854872881355933
427.987893999997,1.753325642585553,0.5889830508474576,427.70536699999695,1.740283946828257,0.6124646892655368
428.22426899999675,1.84867409440191,0.41843220338983045,427.9473879999969,1.8581792266775519,0.4060734463276836
428.4732959999971,1.8757768907174917,0.3825918079096045,428.2089879999969,1.9531176439240834,0.2627118644067796
428.72459099999696,1.8416234328251573,0.43202683615819204,428.449466999997,1.9965870824855871,0.20215395480225984
428.9807349999968,1.763028778598866,0.575388418079096,428.7034669999969,1.989419650604106,0.20586158192090395
429.2185319999967,1.661372118929565,0.75829802259887,428.9409859999969,1.9478212204997691,0.2738347457627119
429.4829049999968,1.558738027841407,0.911811440677966,429.18956499999706,1.8877887781635703,0.3751765536723164
429.71334799999676,1.471718932208942,0.9999999999999999,429.4369939999969,1.818757788123952,0.480225988700565
429.95825199999695,1.4079869454980867,0.9999999999999999,429.6838749999969,1.7454227496807164,0.6001059322033899
430.21120399999705,1.3675392510296485,0.9999999999999999,429.924807999997,1.6709992734931434,0.7484110169491526
430.465779999997,1.3456549144764238,0.9999999999999999,430.179680999997,1.6004853829149432,0.8609639830508474
430.70006399999687,1.3364792253018152,0.9999999999999999,430.42879799999736,1.54195865813012,0.9277012711864406
430.94464199999686,1.3343873469781884,0.9999999999999999,430.6917209999975,1.5025823984285152,0.9737817796610169
431.19270399999664,1.3352833089350598,0.9999999999999999,430.9196099999974,1.4854560051239434,0.9888771186440677
431.4461079999967,1.3371243119256784,0.9999999999999999,431.1657219999974,1.486106054994165,0.9888771186440677
431.6936459999967,1.3399022621169472,0.9999999999999999,431.41303399999754,1.4925476063409029,0.9817266949152541
431.94006999999635,1.3448372821164036,0.9999999999999999,431.6647789999978,1.4925848495547842,0.9817266949152541
432.19310999999624,1.352589298454261,0.9999999999999999,431.91534499999767,1.4816015108905145,0.9952330508474576
432.4429379999963,1.3632096300622214,0.9999999999999999,432.16382299999776,1.4611889462570307,0.9999999999999999
432.68940099999645,1.377181675431694,0.9999999999999999,432.4042369999976,1.4351126492733803,0.9999999999999999
432.9393699999967,1.3944263149988667,0.9999999999999999,432.6526269999977,1.405660962848225,0.9999999999999999
433.1762489999968,1.4115534225832505,0.9999999999999999,432.9085559999977,1.3732501444888925,0.9999999999999999
433.44575499999667,1.4233904840444873,0.9999999999999999,433.14520299999765,1.338714765805586,0.9999999999999999
433.67785299999673,1.4261574377622082,0.9999999999999999,433.4004499999975,1.3068787747648727,0.9999999999999999
433.92538099999683,1.419421489138329,0.9999999999999999,433.64293299999747,1.289191040615161,0.9999999999999999
434.1662859999969,1.4076201770398855,0.9999999999999999,433.90290699999747,1.3024170871123466,0.9999999999999999
434.4145859999968,1.3994687776201375,0.9999999999999999,434.13946899999746,1.363126381016791,0.9999999999999999
434.6645999999969,1.4053717525566602,0.9999999999999999,434.38751899999767,1.48117813938396,0.9960275423728813
434.9105679999969,1.4346876048905497,0.9999999999999999,434.63349199999755,1.6487470978051197,0.778072033898305
435.157941999997,1.4922069083600726,0.9817266949152541,434.8822399999975,1.8305776343677143,0.4555084745762712
435.4071159999968,1.5724870080085847,0.8879766949152542,435.12774299999757,1.9725951431931121,0.23057909604519766
435.65679899999674,1.6550616413873507,0.7669491525423731,435.3752379999975,2.028093853066701,0.16754943502824862
435.89786899999694,1.710506115307887,0.6754943502824858,435.61957199999745,1.9888266249926538,0.20586158192090395
436.14528099999706,1.7209236889816872,0.6495409604519773,435.8671149999974,1.8822373554153282,0.3801200564971752
436.40031899999695,1.6938549715320579,0.7150423728813561,436.11878699999727,1.7458658958831599,0.6001059322033899
436.65181399999693,1.6528238084004183,0.7731285310734463,436.36305099999714,1.6095113385436681,0.8514300847457626
436.8930309999969,1.6222058136219681,0.8287429378531075,436.6130179999969,1.4917637935590635,0.9825211864406779
437.1373029999968,1.618140390637558,0.8361581920903954,436.8576969999971,1.4014425763363811,0.9999999999999999
437.3948869999968,1.6429714305084957,0.7867231638418081,437.10558299999707,1.338926009112424,0.9999999999999999
437.6461469999969,1.6818302062248611,0.7335805084745763,437.3591689999972,1.3003970870944208,0.9999999999999999
437.8852739999966,1.7073860658642053,0.6841454802259889,437.60595899999726,1.2821526993776042,0.9999999999999999
438.12718599999664,1.692878757347381,0.7150423728813561,437.8555069999974,1.282123555402301,0.9999999999999999
438.3778129999966,1.6287412711073663,0.8114406779661018,438.0935299999973,1.2984351146584818,0.9999999999999999
438.63968699999674,1.5266754687966877,0.9396186440677965,438.36819299999735,1.3280824249702605,0.9999999999999999
438.87468199999677,1.4093509197062075,0.9999999999999999,438.58971699999717,1.3658825199198152,0.9999999999999999
439.1176889999969,1.2962136480084918,0.9999999999999999,438.8387629999971,1.4039671216897092,0.9999999999999999
439.36507299999676,1.197050691635797,0.9999999999999999,439.09079599999694,1.4319236386750687,0.9999999999999999
439.61960499999685,1.1126198165146186,0.9999999999999999,439.33172999999704,1.44037549089631,0.9999999999999999
439.87099399999687,1.038287846070171,0.9999999999999999,439.57606199999697,1.4269793419511,0.9999999999999999
440.11500299999705,0.9699274639948157,0.9999999999999999,439.8242379999972,1.4006444236746272,0.9999999999999999
440.3525339999972,0.9087943708523994,0.9999999999999999,440.0771589999972,1.3738052494171038,0.9999999999999999
440.6049649999972,0.8602688156220678,0.9999999999999999,440.3251889999971,1.3513045858897228,0.9999999999999999
440.85611099999704,0.829098123297241,0.9999999999999999,440.5975329999971,1.3321578365027886,0.9999999999999999
441.118448999997,0.8168447877355418,0.9999999999999999,440.81772899999703,1.3175091613105065,0.9999999999999999
441.3463329999972,0.8219293931997869,0.9999999999999999,441.0637259999972,1.3134318641089315,0.9999999999999999
441.59630699999735,0.8415551367099405,0.9999999999999999,441.3252149999971,1.3287515672381476,0.9999999999999999
441.84342899999734,0.8741228114716799,0.9999999999999999,441.58466799999684,1.3681565110427334,0.9999999999999999
442.0874559999974,0.9192032811761257,0.9999999999999999,441.8137059999967,1.424396195503062,0.9999999999999999
442.35345399999767,0.9759826554795721,0.9999999999999999,442.05468699999676,1.4804649980840097,0.9960275423728813
442.58641099999784,1.0417889288842683,0.9999999999999999,442.3032549999966,1.5211517682770008,0.9467690677966101
442.8317129999979,1.1105121171169168,0.9999999999999999,442.54896299999683,1.5412450583376536,0.9292902542372881
443.08086499999797,1.1724135576625114,0.9999999999999999,442.79303399999674,1.543562280323294,0.9277012711864406
443.33417299999786,1.2163488541245315,0.9999999999999999,443.0424869999968,1.5335288079462888,0.9340572033898304
443.57514999999773,1.235142762707206,0.9999999999999999,443.2920919999969,1.5163422598348442,0.9531249999999999
443.82674399999775,1.2286504824858906,0.9999999999999999,443.539092999997,1.4962898338216188,0.9793432203389829
444.07877799999767,1.203141109742412,0.9999999999999999,443.7834599999969,1.4762672026388466,0.9999999999999999
444.32996399999746,1.170026699827535,0.9999999999999999,444.02905799999667,1.458943809209996,0.9999999999999999
444.5699779999973,1.1406332964070005,0.9999999999999999,444.27940599999687,1.4501770274862766,0.9999999999999999
444.81492899999745,1.122099547385075,0.9999999999999999,444.5299919999968,1.4602051288046067,0.9999999999999999
445.0649169999974,1.116592451549897,0.9999999999999999,444.7840019999968,1.5006988517458577,0.9745762711864406
445.3053849999975,1.1230976295610913,0.9999999999999999,445.0323289999966,1.5817951493088533,0.8784427966101693
445.56393499999757,1.1386388459815426,0.9999999999999999,445.2708219999965,1.7039231334646336,0.6927966101694916
445.80822899999754,1.1591554955190633,0.9999999999999999,445.52529799999627,1.8518266090605426,0.4147245762711864
446.0510909999974,1.17931613228281,0.9999999999999999,445.7630259999962,1.9952696475448386,0.2033898305084746
446.2950549999974,1.1921194143588303,0.9999999999999999,446.0342769999963,2.099807217449855,0.10725635593220338
446.54297799999756,1.1915731194762178,0.9999999999999999,446.2688209999963,2.142010216995174,0.08262711864406781
446.7971669999976,1.1767433185023637,0.9999999999999999,446.5088799999962,2.1236501831560854,0.09533898305084744
447.04102299999744,1.1551536525592305,0.9999999999999999,446.7578799999959,2.0729201493818357,0.12394067796610168
447.29102899999754,1.1394046193594836,0.9999999999999999,447.0072519999961,2.0315927387512938,0.16507768361581923
447.54135999999767,1.1399804036934693,0.9999999999999999,447.25077999999587,2.036164542597486,0.157662429378531
447.78621699999775,1.1605587434060187,0.9999999999999999,447.5073469999959,2.105235456774848,0.10407838983050847
448.03128699999775,1.1956656619710158,0.9999999999999999,447.74496999999616,2.2318461683197475,0.03257415254237291
448.2812609999976,1.2334449740514197,0.9999999999999999,448.00325899999626,2.379495751051387,0.0
448.53128299999787,1.262110738665166,0.9999999999999999,448.23772399999615,2.4940259892075782,0.0
448.7936529999978,1.274675104366871,0.9999999999999999,448.485789999996,2.5354208167361687,0.0
449.02204099999756,1.2699674405575307,0.9999999999999999,448.7745749999961,2.5005538879334983,0.0
449.26697599999767,1.2512113483024676,0.9999999999999999,448.98110899999637,2.416745034332024,0.0
449.5217849999976,1.2222625503956643,0.9999999999999999,449.2442939999963,2.3206820828071995,0.0
449.76838299999775,1.185901728081031,0.9999999999999999,449.47726699999623,2.24281864191555,0.027012711864406787
450.0143249999976,1.1438373530286348,0.9999999999999999,449.7331899999962,2.1980662794497503,0.04687499999999999
450.2628119999976,1.097595860485579,0.9999999999999999,449.97525399999626,2.1808279244300297,0.05323093220338981
450.5055529999978,1.0493564601619996,0.9999999999999999,450.224656999996,2.165864446241522,0.06514830508474574
450.7596899999978,1.0023220241555908,0.9999999999999999,450.4691139999961,2.122179611652582,0.09533898305084744
451.0015359999977,0.959909445304824,0.9999999999999999,450.71720899999605,2.0356124477160042,0.15889830508474576
451.2546119999975,0.9266190661327485,0.9999999999999999,450.9676049999959,1.9141880859230493,0.32697740112994345
451.4995989999974,0.910775229982689,0.9999999999999999,451.208479999996,1.7760029242229551,0.551906779661017
451.74290999999755,0.9263687368323226,0.9999999999999999,451.4613319999958,1.638568904061941,0.7953742937853108
452.0039619999974,0.989487371395809,0.9999999999999999,451.70645899999573,1.515446301563509,0.9555084745762712
452.2399429999973,1.1070983886825034,0.9999999999999999,451.9543649999955,1.418021063195815,0.9999999999999999
452.49635399999755,1.2669877156381406,0.9999999999999999,452.2007569999956,1.358064439037367,0.9999999999999999
452.73878999999755,1.4392223152019044,0.9999999999999999,452.4577619999955,1.34891451828097,0.9999999999999999
452.9822629999977,1.5968951485466123,0.8641419491525423,452.6976839999956,1.4039675036880772,0.9999999999999999
453.2329179999977,1.7262491454790296,0.6384180790960452,452.94332999999534,1.528334111573025,0.9388241525423727
453.48028999999764,1.8288507151093985,0.4579802259887006,453.1882799999954,1.707574438723541,0.6841454802259889
453.72766499999756,1.9149198172877806,0.3257415254237288,453.43874999999554,1.9051184066304385,0.3393361581920904
453.9782739999975,1.995101674964931,0.2033898305084746,453.7116139999956,2.0791972283228857,0.11996822033898301
454.21874299999735,2.0730162793711546,0.12394067796610168,453.9460939999956,2.2049796469907568,0.043697033898305086
454.49170699999735,2.138592511807375,0.0834216101694915,454.18104199999567,2.2817997502703795,0.0023834745762712213
454.7120659999976,2.165438574148081,0.06594279661016951,454.42485499999566,2.3247542538053034,0.0
454.96059699999785,2.1313231659880403,0.08977754237288131,454.6768769999958,2.353991872639504,0.0
455.2172729999979,2.041387348946589,0.153954802259887,454.92078899999564,2.3859311173012343,0.0
455.46063199999804,1.920317244956018,0.31956214689265533,455.1742979999957,2.4313345828678594,0.0
455.711055999998,1.792474598069635,0.519774011299435,455.4159409999959,2.4943831413210966,0.0
455.96303899999776,1.6735827190194597,0.7447033898305085,455.67399999999594,2.574546592379286,0.0
456.19892899999803,1.5698373231502565,0.8903601694915254,455.915068999996,2.6677972076948313,0.0
456.4666689999978,1.4806946588931702,0.9960275423728813,456.1644149999961,2.7676960832529267,0.0
456.69775099999754,1.4046586902713594,0.9999999999999999,456.41046499999595,2.868128091477388,0.0
456.94571499999745,1.3425547224373293,0.9999999999999999,456.66040099999594,2.964278050715473,0.0
457.18916799999755,1.2967244941981715,0.9999999999999999,456.922940999996,3.054369962454869,0.0
457.4441249999974,1.2662764261397772,0.9999999999999999,457.15270599999565,3.1334547037440226,0.0
457.6925179999975,1.2463806002600433,0.9999999999999999,457.42037699999554,3.187399825006927,0.0
457.95606699999746,1.2299402970935782,0.9999999999999999,457.6490809999955,3.1970145617036207,0.0
458.18341099999753,1.211546669954152,0.9999999999999999,457.90098299999556,3.146111060361015,0.0
458.4342619999975,1.1893917946307662,0.9999999999999999,458.14698799999564,3.0353117010845314,0.0
458.6729319999978,1.16548626209019,0.9999999999999999,458.4030419999956,2.88227850663664,0.0
458.9242289999977,1.1459674139780252,0.9999999999999999,458.6353649999957,2.7112731662120177,0.0
459.17845399999766,1.140172259437159,0.9999999999999999,458.88601099999556,2.5454484557314716,0.0
459.4181659999974,1.1575829830643896,0.9999999999999999,459.1333139999953,2.40273838444771,0.0
459.68215499999764,1.2029106966568586,0.9999999999999999,459.37516899999514,2.29275987745057,0.0
459.9171289999978,1.270614345280711,0.9999999999999999,459.62660799999526,2.213384901761436,0.041313559322033865
460.16161099999766,1.3427612690729207,0.9999999999999999,459.8806469999954,2.151917231022111,0.07627118644067792
460.41155299999764,1.3956434564739133,0.9999999999999999,460.1258449999952,2.0964385201697113,0.11122881355932206
460.66152699999765,1.4091160405897647,0.9999999999999999,460.37185999999514,2.0454074257507906,0.14698093220338979
460.9046049999977,1.3747800046457501,0.9999999999999999,460.61741099999495,2.0071939742821874,0.19103107344632772
461.1493829999978,1.298208932217032,0.9999999999999999,460.86035599999497,1.9945555141852833,0.2033898305084746
461.40363199999786,1.193479843966691,0.9999999999999999,461.1129019999951,2.018483388176266,0.17620056497175135
461.6568649999979,1.0799346997273025,0.9999999999999999,461.35499899999525,2.0845382544786366,0.11599576271186442
461.89283699999794,0.9762352621914874,0.9999999999999999,461.6134369999952,2.187748587348763,0.05164194915254235
462.1443699999977,0.8967830419017702,0.9999999999999999,461.85622299999534,2.309710080444699,0.0
462.38900899999766,0.8522940907885215,0.9999999999999999,462.0987449999955,2.422554312270015,0.0
462.6371819999976,0.8494028773368041,0.9999999999999999,462.3497549999954,2.5029559538388733,0.0
462.8907319999977,0.8885932892011565,0.9999999999999999,462.5933429999955,2.5479286403341086,0.0
463.1431349999977,0.9594119022006166,0.9999999999999999,462.84676899999545,2.575057050255854,0.0
463.3826209999978,1.0433828148350552,0.9999999999999999,463.0955649999953,2.613880100355755,0.0
463.62925799999755,1.1241499370952268,0.9999999999999999,463.33650699999544,2.692886019991359,0.0
463.8785999999976,1.1924184689721717,0.9999999999999999,463.5865069999954,2.829594453657625,0.0
464.1420479999974,1.2455464230089566,0.9999999999999999,463.83998299999547,3.02168668459929,0.0
464.3719769999976,1.2847391952445513,0.9999999999999999,464.08149199999536,3.2380402268621773,0.0
464.6199909999977,1.315756281336523,0.9999999999999999,464.32846599999533,3.415374525426265,0.0
464.87442599999764,1.347389159585165,0.9999999999999999,464.59456299999533,3.489036072875252,0.0
465.1273819999976,1.3856315333603004,0.9999999999999999,464.82269699999557,3.4291574981777737,0.0
465.35989599999755,1.4302817213872994,0.9999999999999999,465.0716769999954,3.252188164462406,0.0
465.6156569999974,1.4750173245046656,0.9999999999999999,465.31842399999556,3.002670815990175,0.0
465.8621519999973,1.5088720564201128,0.9658368644067795,465.58209499999543,2.7292825103790035,0.0
466.10809299999715,1.5197084280597046,0.9491525423728813,465.8123799999954,2.471539305740531,0.0
466.3575709999973,1.4987941119271149,0.9761652542372881,466.07102199999514,2.2554406248894727,0.017478813559322067
466.59985399999726,1.4482109460987385,0.9999999999999999,466.3084709999953,2.0942179581919937,0.11122881355932206
466.8503139999972,1.3806533961260168,0.9999999999999999,466.5508009999954,1.991740744244676,0.20586158192090395
467.10175499999747,1.3103942588951136,0.9999999999999999,466.8018849999953,1.9450491636392835,0.2787782485875706
467.3561399999973,1.2481848285178438,0.9999999999999999,467.0558599999954,1.946975324701695,0.2763064971751412
467.5846969999973,1.200147872784946,0.9999999999999999,467.2951999999953,1.9853905366521765,0.21204096045197746
467.84351599999707,1.1692264738641047,0.9999999999999999,467.54226099999516,2.0440871772916207,0.149364406779661
468.08052599999706,1.1560142491367704,0.9999999999999999,467.800285999995,2.1060442626299687,0.1032838983050847
468.335380999997,1.1581718475462677,0.9999999999999999,468.03820099999507,2.155661113999475,0.07229872881355932
468.58828999999713,1.1689851927177872,0.9999999999999999,468.28738299999503,2.181645180244444,0.05323093220338981
468.82216199999726,1.1773260617675856,0.9999999999999999,468.53739599999477,2.1760535128550367,0.054025423728813575
469.06951099999725,1.1754494939674018,0.9999999999999999,468.78168899999474,2.1365118994977457,0.0865995762711864
469.3225689999972,1.1629647309295916,0.9999999999999999,469.0282929999946,2.064663373017334,0.13109110169491525
469.5685349999971,1.1437919057441,0.9999999999999999,469.27779199999486,1.9683450717671813,0.23675847457627117
469.8361019999969,1.1230224217180174,0.9999999999999999,469.5271159999947,1.864827978583798,0.39371468926553677
470.0664709999968,1.1059558052516798,0.9999999999999999,469.7827289999946,1.771916695413646,0.5617937853107344
470.3200029999969,1.0974216698688974,0.9999999999999999,470.01705799999456,1.7010532212701686,0.6965042372881356
470.578421999997,1.100338388402174,0.9999999999999999,470.2711199999944,1.6559642506541787,0.7657132768361583
470.81158899999696,1.1140519294948812,0.9999999999999999,470.5126439999945,1.6321002264113005,0.802789548022599
471.0515299999969,1.1337036352429362,0.9999999999999999,470.7566279999944,1.6180479195776303,0.8361581920903954
471.2999339999969,1.1516534358424386,0.9999999999999999,471.0097039999943,1.602307797813185,0.8593749999999999
471.553380999997,1.1596351465200418,0.9999999999999999,471.25467699999416,1.5784056309347445,0.8808262711864406
471.7928349999969,1.1523456167331503,0.9999999999999999,471.50852099999423,1.5458800786837108,0.9245233050847457
472.042355999997,1.1312574878507635,0.9999999999999999,471.75198699999424,1.5069497534638403,0.9690148305084745
472.29680599999705,1.1057482035675106,0.9999999999999999,472.0002339999944,1.464351794345551,0.9999999999999999
472.53882199999714,1.08882596594133,0.9999999999999999,472.25970999999447,1.4205668819015689,0.9999999999999999
472.79229099999696,1.0902892545068787,0.9999999999999999,472.4897129999946,1.3784820129511732,0.9999999999999999
473.03257899999704,1.110562163732174,0.9999999999999999,472.7387819999948,1.3421833764053088,0.9999999999999999
473.2910959999969,1.1416840446415832,0.9999999999999999,472.9877669999948,1.3155767049707183,0.9999999999999999
473.52852099999706,1.172346723828534,0.9999999999999999,473.2338089999946,1.3007023630121373,0.9999999999999999
473.7829909999969,1.194725910837741,0.9999999999999999,473.48299199999445,1.3012427583662354,0.9999999999999999
474.024900999997,1.209020456332278,0.9999999999999999,473.7404499999947,1.324818559399803,0.9999999999999999
474.28299699999707,1.2238547899188952,0.9999999999999999,473.97783299999475,1.3881520446205766,0.9999999999999999
474.52622399999717,1.2521747403115353,0.9999999999999999,474.22487199999455,1.518856113310261,0.949947033898305
474.76877199999717,1.3055403965587258,0.9999999999999999,474.4722969999944,1.7468505095343048,0.6001059322033899
475.0266709999972,1.3908491910463003,0.9999999999999999,474.7221019999944,2.0776054222934186,0.12155720338983046
475.2621599999969,1.5101163214515931,0.9634533898305084,474.9670809999943,2.462149983396088,0.0
475.5166199999969,1.6584957674325165,0.7644774011299436,475.2151639999943,2.808476832088595,0.0
475.7549829999969,1.819648655341182,0.480225988700565,475.4615639999945,3.033511406252414,0.0
476.0050069999969,1.9617316439760693,0.24911723163841804,475.7090049999947,3.099351832168374,0.0
476.2542389999968,2.0492815711171612,0.14380296610169488,475.96026699999464,3.0167636653429235,0.0
476.4952179999967,2.0674667006642755,0.12870762711864403,476.20698299999464,2.8308472051275673,0.0
476.7492069999965,2.0298605514014714,0.16754943502824862,476.4497709999946,2.599274018980597,0.0
476.9972439999964,1.961497936479493,0.24911723163841804,476.72671199999473,2.372342070620688,0.0
477.2487489999962,1.8827625394626653,0.37888418079096053,476.9473529999947,2.1823698528100035,0.05323093220338981
477.48359799999633,1.8017464337583744,0.5049435028248588,477.19524799999476,2.042491110863348,0.15148305084745764
477.7265189999962,1.7180375894435327,0.6557203389830508,477.44664699999487,1.9499119381760335,0.26889124293785316
477.97740999999604,1.6293019023892443,0.8089689265536723,477.697258999995,1.89209720503882,0.3652895480225989
478.24090099999626,1.5351452654157702,0.9332627118644067,477.93524999999477,1.8534571233165504,0.41225282485875714
478.48793599999635,1.4406747611645332,0.9999999999999999,478.18765999999465,1.8231157908945776,0.47404661016949157
478.72238899999644,1.354734685458023,0.9999999999999999,478.4401869999947,1.80376362918261,0.5012358757062148
478.97531999999643,1.2862006184092953,0.9999999999999999,478.69202599999477,1.8119788132391899,0.4888771186440678
479.21434899999656,1.2398657348803654,0.9999999999999999,478.9245549999949,1.8678965856986747,0.392478813559322
479.4613099999964,1.2160542724553765,0.9999999999999999,479.1836379999948,1.9781176806038685,0.22069209039548018
479.71263299999646,1.209874101997008,0.9999999999999999,479.430692999995,2.1250002474563017,0.09295550847457622
479.95856999999626,1.2146220261153216,0.9999999999999999,479.6722139999948,2.268933944654572,0.008739406779661034
480.2056399999962,1.223795507411605,0.9999999999999999,479.9389809999948,2.3687511994690063,0.0
480.45057199999604,1.2345314230151099,0.9999999999999999,480.16493899999466,2.4030005216242794,0.0
480.70223799999593,1.2484795424543147,0.9999999999999999,480.4129719999948,2.384748339553086,0.0
480.94582499999603,1.2680192962301793,0.9999999999999999,480.671087999995,4.114948847841326,0.0
481.1967869999962,1.2952323000834012,0.9999999999999999,480.9097089999951,28.676574679791976,0.0
481.44569899999635,1.3283993294494978,0.9999999999999999,481.16209099999514,101.48352979706634,0.0
481.69908699999644,1.360034004252863,0.9999999999999999,481.40673199999515,169.79530363110769,0.0
481.93971699999634,1.3798179178903525,0.9999999999999999,481.647665999995,196.94331872468598,0.0
482.18714099999636,1.3823606277147085,0.9999999999999999,481.89937499999513,198.4161270193614,0.0
482.4335619999964,1.3698924324786117,0.9999999999999999,482.1473819999952,187.34628219428035,0.0
482.6951049999964,1.349252576572596,0.9999999999999999,482.39607499999545,170.6812370643607,0.0
482.9305489999963,1.32879617172518,0.9999999999999999,482.6449159999955,152.0126027917426,0.0
483.1770509999963,1.315324517002109,0.9999999999999999,482.89085699999544,133.38659956630696,0.0
483.43344099999615,1.3105917273750196,0.9999999999999999,483.1499829999956,116.0829509593431,0.0
483.6700769999961,1.312419493525343,0.9999999999999999,483.39407899999554,100.95228223723169,0.0
483.92907699999597,1.3207449800342077,0.9999999999999999,483.63299999999543,88.6091767210347,0.0
484.171474999996,1.3391488460481946,0.9999999999999999,483.87990199999564,79.5263770619478,0.0
484.4128439999962,1.3704789758738292,0.9999999999999999,484.1259239999955,74.00286135200282,0.0
484.6607439999962,1.413190071219386,0.9999999999999999,484.37851699999544,72.02693093671284,0.0
484.9093049999963,1.457956334078957,0.9999999999999999,484.6294779999953,73.16972762747308,0.0
485.15829199999615,1.4887985450137065,0.9856991525423728,484.86382199999554,76.86738058581662,0.0
485.4072709999961,1.4918954341643929,0.9825211864406779,485.1144939999958,82.2465802090032,0.0
485.64965299999625,1.4655115582730185,0.9999999999999999,485.36751699999576,87.96195452690802,0.0
485.9184889999963,1.4196759557258518,0.9999999999999999,485.6110929999957,92.10990888558254,0.0
486.14512299999626,1.3696963686201293,0.9999999999999999,485.8651609999956,93.1605586916854,0.0
486.39007299999616,1.3310372026497574,0.9999999999999999,486.11013299999564,90.518010074267,0.0
486.64619799999616,1.3149215808934736,0.9999999999999999,486.3546389999958,84.03702923506117,0.0
486.8880449999959,1.3265758533601757,0.9999999999999999,486.6015319999955,74.35055636114353,0.0
487.1609089999958,1.3625558443672359,0.9999999999999999,486.85147499999533,63.341920159463115,0.0
487.3889889999961,1.4127505663777642,0.9999999999999999,487.0969989999953,53.31683651911155,0.0
487.63733599999637,1.4628119236816515,0.9999999999999999,487.3449599999953,45.10661692134377,0.0
487.8784259999965,1.495133366682649,0.9817266949152541,487.6088629999954,38.42554962944264,0.0
488.1307759999964,1.4912444939494893,0.9841101694915254,487.84047999999524,32.845600661333236,0.0
488.3723119999963,1.4370402257523285,0.9999999999999999,488.0955109999952,28.110800734035124,0.0
488.62321799999603,1.3367594189550722,0.9999999999999999,488.3348029999951,24.08266935299852,0.0
488.872886999996,1.2123307801879804,0.9999999999999999,488.5811889999949,20.666833876132692,0.0
489.11669199999574,1.0900508597351974,0.9999999999999999,488.83782899999477,17.792074695312643,0.0
489.3636939999956,0.989068902606766,0.9999999999999999,489.0777559999948,15.406543225386383,0.0
489.60810799999575,0.9198736969559073,0.9999999999999999,489.3225979999947,13.47317450404824,0.0
489.8627429999959,0.8878059263866948,0.9999999999999999,489.57767299999483,11.965461634049246,0.0
490.1043409999961,0.8935941348525932,0.9999999999999999,489.81699799999467,10.856501598898003,0.0
490.3706379999961,0.9321399592238474,0.9999999999999999,490.06232399999453,10.104569419551627,0.0
490.6026899999962,0.990867499396363,0.9999999999999999,490.30888199999475,9.645161116002443,0.0
490.8486859999959,1.053531538368037,0.9999999999999999,490.5669169999946,9.384882292708884,0.0
491.0936469999959,1.1086180561983894,0.9999999999999999,490.81962899999456,9.219679608968839,0.0
491.3418239999959,1.152157195547202,0.9999999999999999,491.0557629999948,9.052559893063982,0.0
491.592732999996,1.184051337380576,0.9999999999999999,491.30355399999496,8.828758534402773,0.0
491.83720099999607,1.2049241802096613,0.9999999999999999,491.5523339999948,8.545372152857485,0.0
492.084117999996,1.2157257474753287,0.9999999999999999,491.8043569999949,8.234426047077552,0.0
492.3326959999961,1.2182390944011616,0.9999999999999999,492.0438979999949,7.927440407371265,0.0
492.5779759999962,1.216217819364238,0.9999999999999999,492.2893369999948,7.637142938918981,0.0
492.828240999996,1.2151248233849983,0.9999999999999999,492.54533499999496,7.357901995349817,0.0
493.07906699999603,1.2197750539515435,0.9999999999999999,492.78979399999514,7.074132204296271,0.0
493.32812399999636,1.2302211450892437,0.9999999999999999,493.039779999995,6.776842947554741,0.0
493.58513699999634,1.239905804641695,0.9999999999999999,493.28477799999513,6.481124625470571,0.0
493.82256799999647,1.2400504035578823,0.9999999999999999,493.53777499999507,6.245258004072537,0.0
494.0694609999967,1.2270018476042643,0.9999999999999999,493.7812789999954,6.157885202725367,0.0
494.3157519999967,1.20499002878508,0.9999999999999999,494.0352169999954,6.288703850978101,0.0
494.56768599999674,1.1816858604765266,0.9999999999999999,494.2766229999954,6.645415860385898,0.0
494.807563999997,1.164736482640185,0.9999999999999999,494.5291699999954,7.173423145353311,0.0
495.056277999997,1.1589262981432054,0.9999999999999999,494.76788699999526,7.800385021199476,0.0
495.32229799999715,1.1636194571022151,0.9999999999999999,495.0180119999954,8.48137127358276,0.0
495.55945799999694,1.172725804948716,0.9999999999999999,495.2815349999953,9.207716098504712,0.0
495.81092199999705,1.1769474652039584,0.9999999999999999,495.5149899999953,9.98954489368003,0.0
496.0452299999969,1.170063330149151,0.9999999999999999,495.7603319999953,10.863791967436338,0.0
496.2952039999967,1.1536751929391227,0.9999999999999999,496.01695799999516,11.889870035616322,0.0
496.54358399999666,1.1369787150493003,0.9999999999999999,496.2511949999951,13.102499639655768,0.0
496.7861909999965,1.127335194179368,0.9999999999999999,496.5035849999952,14.45219118234274,0.0
497.03857599999645,1.1225934699866928,0.9999999999999999,496.75098399999507,15.815992527761006,0.0
497.2808309999963,1.1163103720576195,0.9999999999999999,496.9940429999952,17.077174585087427,0.0
497.52934699999605,1.1045357739811217,0.9999999999999999,497.2449179999951,18.1810325420077,0.0
497.7814169999962,1.086530464473309,0.9999999999999999,497.49352999999485,19.11669317914277,0.0
498.0424449999964,1.063867866717085,0.9999999999999999,497.73778699999474,19.85073701041128,0.0
498.27477099999675,1.0400090824357866,0.9999999999999999,497.98928399999465,20.260359478217556,0.0
498.52182799999656,1.0185740897302533,0.9999999999999999,498.2357959999946,20.188603133617246,0.0
498.7663489999966,1.0016852198584112,0.9999999999999999,498.49011699999454,19.59182876269181,0.0
499.0151629999967,0.9909889946485879,0.9999999999999999,498.7310599999945,18.569856780415225,0.0
499.26114099999677,0.993440449099515,0.9999999999999999,498.9776349999945,17.296421608375304,0.0
499.5143559999968,1.0248579216527565,0.9999999999999999,499.2205049999945,15.947385209672227,0.0
499.75878599999686,1.1048629652436839,0.9999999999999999,499.46898399999446,14.68457868420639,0.0
500.00917199999674,1.2432364260557476,0.9999999999999999,499.71768099999434,13.63365987434285,0.0
500.251852999997,1.4222043647838503,0.9999999999999999,499.97008799999446,12.84481903065335,0.0
500.50180499999703,1.5984097027258388,0.8617584745762711,500.21990399999453,12.284854907637142,0.0
500.7453689999972,1.7275393831895758,0.6359463276836158,500.46221899999443,11.860282607949236,0.0
501.00135299999727,1.7861559250026249,0.5308968926553672,500.7014399999946,11.449441519467236,0.0
501.2632659999972,1.7763343957835571,0.5494350282485876,500.9544729999946,10.930936910058655,0.0
501.48773099999715,1.7157292147332321,0.6606638418079096,501.1999839999946,10.215184309940563,0.0
501.7369819999972,1.6278730213759711,0.8163841807909605,501.4504319999947,9.317987493670428,0.0
501.98907599999717,1.5355865697983933,0.9332627118644067,501.70326099999494,8.38591497903142,0.0
502.23452099999724,1.4566034200797684,0.9999999999999999,501.9497189999947,7.58410546336604,0.0
502.5054209999974,1.400248693511994,0.9999999999999999,502.1985469999948,6.9984040211783975,0.0
502.72601299999747,1.3664061234736726,0.9999999999999999,502.43903699999464,6.642897947904313,0.0
502.98057899999736,1.3480501943004723,0.9999999999999999,502.6899809999946,6.504604101949663,0.0
503.22582599999754,1.3358754230590826,0.9999999999999999,502.9499889999947,6.5708872234696445,0.0
503.4710899999972,1.3226391161052264,0.9999999999999999,503.17942499999464,6.839698374986071,0.0
503.7222659999972,1.3036790681245236,0.9999999999999999,503.43309499999464,7.291308884537355,0.0
503.9818069999973,1.277748500353396,0.9999999999999999,503.68058999999454,7.852025420986761,0.0
504.21817899999695,1.246750393010206,0.9999999999999999,503.9230009999943,8.390476472885975,0.0
504.46708499999676,1.214829227461862,0.9999999999999999,504.1744109999943,8.769833977874354,0.0
504.7142629999968,1.1856482328406839,0.9999999999999999,504.4179829999943,8.905921749270616,0.0
504.9541749999967,1.1605345263607458,0.9999999999999999,504.6717899999944,8.786890058854725,0.0
505.2038699999968,1.1389321297939365,0.9999999999999999,504.9153459999945,8.45566245784175,0.0
505.44812799999687,1.1184201867200199,0.9999999999999999,505.16172899999447,7.987643378419554,0.0
505.71655599999684,1.0958220981659264,0.9999999999999999,505.41078199999436,7.475371614597697,0.0
505.94716099999664,1.0699557082451558,0.9999999999999999,505.6587779999945,7.019923493217096,0.0
506.1972009999967,1.0432153040061243,0.9999999999999999,505.9071799999945,6.713408482440765,0.0
506.4457109999966,1.0214138457248383,0.9999999999999999,506.1631209999944,6.606220250873877,0.0
506.6909049999967,1.0116375279558119,0.9999999999999999,506.40056699999434,6.665669709022424,0.0
506.9336149999966,1.0203261131356451,0.9999999999999999,506.6491189999946,6.789323572721688,0.0
507.1826239999964,1.0527568082810257,0.9999999999999999,506.9011159999947,6.874213519444645,0.0
507.43310199999627,1.1122212262373055,0.9999999999999999,507.13902599999483,6.860601029493997,0.0
507.67821599999627,1.1969897099157814,0.9999999999999999,507.3910659999948,6.73540016198036,0.0
507.92407799999614,1.296035804865081,0.9999999999999999,507.63590399999475,6.521768955915321,0.0
508.17261899999613,1.389454096422819,0.9999999999999999,507.88150099999456,6.267449188908025,0.0
508.42570199999614,1.4559436929758733,0.9999999999999999,508.12696199999453,6.04892944311551,0.0
508.66514599999635,1.481987326375136,0.9936440677966101,508.38001499999456,5.977327080145881,0.0
508.9185319999961,1.4669653843373016,0.9999999999999999,508.62881099999464,6.168386904144973,0.0
509.1710699999962,1.421275714976003,0.9999999999999999,508.87740199999456,6.682420707721747,0.0
509.41499399999617,1.3615250720577223,0.9999999999999999,509.12137399999443,7.479437566946559,0.0
509.66002699999615,1.305999965385331,0.9999999999999999,509.37394999999447,8.424225692403116,0.0
509.9074009999962,1.2681759490546773,0.9999999999999999,509.60909599999434,9.334944924474062,0.0
510.1593259999961,1.2526589542373254,0.9999999999999999,509.86005399999425,10.036377773044126,0.0
510.4009579999961,1.2557769388081437,0.9999999999999999,510.11389899999415,10.405206766573482,0.0
510.65225299999594,1.268937982775759,0.9999999999999999,510.3538219999941,10.397070429297909,0.0
510.89498399999604,1.2808026709014309,0.9999999999999999,510.6223759999941,10.043706504804799,0.0
511.14754299999606,1.293036206896962,0.9999999999999999,510.8499359999941,9.433683276956451,0.0
511.4000959999959,1.3339246372162916,0.9999999999999999,511.091490999994,8.678695457293903,0.0
511.64406999999596,1.5287089327064907,0.9380296610169491,511.34781899999416,7.883105826596598,0.0
511.89049899999617,2.0696768883648957,0.12711864406779658,511.59427499999407,7.139624766948696,0.0
512.1359479999962,3.187443111824509,0.0,511.839148999994,6.5434929299416265,0.0
512.3834869999961,5.227374533780662,0.0,512.0880159999938,6.193264915900885,0.0
512.6293809999961,9.157375577850077,0.0,512.3392079999937,6.161684132541243,0.0
512.8789369999962,16.10984940597031,0.0,512.5821199999936,6.465879415071022,0.0
513.121808999996,26.476533438494986,0.0,512.8360119999935,7.067432137545056,0.0
513.3903089999964,39.99071684984109,0.0,513.0791519999934,7.881727346868637,0.0
513.6210079999964,56.13668764545404,0.0,513.3234539999934,8.79478494820256,0.0
513.8650739999964,74.34974059500132,0.0,513.5765249999931,9.656733215038997,0.0
514.1229099999963,93.98740424434011,0.0,513.8251709999929,10.277991290855248,0.0
514.3664569999967,114.12116118092302,0.0,514.0707599999931,10.48386748677018,0.0
514.6124939999969,133.08596363822653,0.0,514.315712999993,10.225145800786487,0.0
514.8588099999969,147.41507344403067,0.0,514.5590039999929,9.625609399815295,0.0
515.1044209999968,151.14492468988547,0.0,514.8106699999929,8.89269216618029,0.0
515.3497499999967,139.66278071270509,0.0,515.057088999993,8.204967882367587,0.0
515.5979479999966,117.84547908682026,0.0,515.307444999993,7.666052833621783,0.0
515.8477689999964,95.34105566251493,0.0,515.5637359999929,7.308881013011814,0.0
516.0947989999967,76.57690250868447,0.0,515.8016099999929,7.1278758177193,0.0
516.3448669999966,61.50402470224444,0.0,516.0469239999929,7.090734454602518,0.0
516.5868479999967,49.41498954872407,0.0,516.294935999993,7.143002093354182,0.0
516.8356599999967,39.73951150814281,0.0,516.544446999993,7.226875486006371,0.0
517.0787399999965,32.018568942609576,0.0,516.7924679999929,7.317375505547612,0.0
517.3255969999966,25.88002380699192,0.0,517.0435279999929,7.424651797122022,0.0
517.5918479999965,21.017603778624473,0.0,517.2835269999929,7.569863122341057,0.0
517.8303799999965,17.17713308200349,0.0,517.5385109999929,7.753476119121319,0.0
518.0682429999964,14.15003165864341,0.0,517.7766499999931,7.947227765099393,0.0
518.3227029999964,11.771336597916928,0.0,518.0309779999931,8.094448985477472,0.0
518.5692169999963,9.91002568433519,0.0,518.2938169999929,8.132613796000644,0.0
518.8211079999965,8.445322284660653,0.0,518.5204669999931,8.024321013000534,0.0
519.0616019999968,7.254082877053318,0.0,518.7694349999933,7.780657410666973,0.0
519.3150239999967,6.240954462138058,0.0,519.0084419999935,7.463332386481299,0.0
519.5554419999969,5.360104437968037,0.0,519.2660189999933,7.165578973652212,0.0
519.8095519999971,4.596234364973519,0.0,519.5043529999936,6.969132781723604,0.0
520.0528229999971,3.943302569942822,0.0,519.7593429999937,6.92476401889285,0.0
520.309399999997,3.3932246895201645,0.0,520.0132059999935,7.067733199471286,0.0
520.5462999999971,2.934931955229939,0.0,520.2567409999936,7.428560381927622,0.0
520.7955379999971,2.556195745629101,0.0,520.5037849999936,8.011697604890507,0.0
521.0572419999971,2.247517780672159,0.024629237288135566,520.7460319999936,8.758544553686185,0.0
521.3035649999971,2.0020049526655015,0.19721045197740109,520.9941309999937,9.52194720834469,0.0
521.5459589999971,1.8129423816371082,0.48764124293785316,521.2504429999935,10.095934122784524,0.0
521.785896999997,1.6718434758355134,0.7459392655367233,521.5039039999936,10.30161938477608,0.0
522.0325789999972,1.568016390826641,0.894332627118644,521.7373179999936,10.06564770188711,0.0
522.282039999997,1.490109394217781,0.9841101694915254,521.9844799999936,9.442695344734622,0.0
522.5289899999972,1.4287432341144843,0.9999999999999999,522.2353099999938,8.578102992424204,0.0
522.781538999997,1.3795773425469942,0.9999999999999999,522.4771959999938,7.652798356032786,0.0
523.0228129999969,1.3435915563085379,0.9999999999999999,522.7325669999937,6.835868292712316,0.0
523.2748499999971,1.323494678008638,0.9999999999999999,522.9713559999939,6.248769203258925,0.0
523.5156879999969,1.3196062119512249,0.9999999999999999,523.226167999994,5.94918168476241,0.0
523.7705729999968,1.3246537512656367,0.9999999999999999,523.4637069999939,5.944154822217563,0.0
524.0190729999965,1.3277071313494428,0.9999999999999999,523.7246429999938,6.221431368552359,0.0
524.2659509999964,1.3253581135938022,0.9999999999999999,523.9677279999937,6.75816112578994,0.0
524.5130049999959,1.3260437984332691,0.9999999999999999,524.2153229999936,7.508105894833795,0.0
524.763482999996,1.3411790848857412,0.9999999999999999,524.4598499999938,8.38678938843769,0.0
525.0024799999959,1.3777478712940372,0.9999999999999999,524.7052319999941,9.270538155175153,0.0
525.2629569999957,1.4360329956528386,0.9999999999999999,524.9583219999945,10.011008960177373,0.0
525.4998799999953,1.5100404029397423,0.9634533898305084,525.2016279999941,10.461049202952918,0.0
525.7514939999955,1.5881718363940331,0.8704978813559321,525.4522499999939,10.523293560553482,0.0
525.9938779999952,1.656254937168572,0.7657132768361583,525.6976229999939,10.20391205866476,0.0
526.2498309999955,1.7000563574796381,0.6977401129943503,525.9650589999943,9.605261520769414,0.0
526.4886629999954,1.707449969311793,0.6841454802259889,526.1953949999939,8.865970042825188,0.0
526.7360459999952,1.673399401645682,0.7447033898305085,526.4398309999942,8.105682454643919,0.0
526.9800669999947,1.6031644080745588,0.8593749999999999,526.6852429999944,7.426605668320242,0.0
527.2360029999951,1.509899028774632,0.9634533898305084,526.9307319999941,6.919812324287172,0.0
527.4831219999951,1.4104488253671175,0.9999999999999999,527.1857229999939,6.648784210676276,0.0
527.7255289999948,1.320318545244508,0.9999999999999999,527.4350119999939,6.6449073931667275,0.0
527.9755989999951,1.2507606032119052,0.9999999999999999,527.6796979999941,6.888439522513164,0.0
528.2179739999955,1.2092617431206643,0.9999999999999999,527.9241969999941,7.286880287679189,0.0
528.4779299999954,1.200974445415033,0.9999999999999999,528.1712569999949,7.690589202779898,0.0
528.7423729999955,1.2267656179033266,0.9999999999999999,528.4176969999953,7.960116843304311,0.0
528.9647599999957,1.2799952335198705,0.9999999999999999,528.6671859999954,8.028408827320163,0.0
529.2097929999961,1.344475053872205,0.9999999999999999,528.9185019999953,7.905158719798622,0.0
529.4546579999965,1.3982469874807122,0.9999999999999999,529.1726429999956,7.649556158403987,0.0
529.7091789999963,1.4244273671661523,0.9999999999999999,529.4111939999954,7.3450261481916455,0.0
529.955095999996,1.4188307806370297,0.9999999999999999,529.6635949999957,7.07061122590956,0.0
530.210790999996,1.3888839753834699,0.9999999999999999,529.9032379999954,6.881161714347148,0.0
530.4551929999957,1.3476427643185211,0.9999999999999999,530.1551379999956,6.811293322716817,0.0
530.6950079999957,1.306529859370099,0.9999999999999999,530.4015669999958,6.881639318069399,0.0
530.9475549999959,1.2734588459705516,0.9999999999999999,530.6497699999957,7.095082155870867,0.0
531.1925029999958,1.2537716966389203,0.9999999999999999,530.9029739999953,7.425851646123896,0.0
531.439912999996,1.252155165762434,0.9999999999999999,531.1382879999954,7.818845863866964,0.0
531.6838539999954,1.2752216331922948,0.9999999999999999,531.408922999995,8.19896643031742,0.0
531.9503729999956,1.3284220331327259,0.9999999999999999,531.6316579999952,8.489784269082895,0.0
532.1877909999955,1.4094566051739708,0.9999999999999999,531.8931669999956,8.645349817717115,0.0
532.4316379999956,1.500272991904232,0.9745762711864406,532.1299869999958,8.672425981184041,0.0
532.6831429999959,1.5751430370547388,0.8832097457627118,532.3807539999954,8.628832496592016,0.0
532.9251009999956,1.617241614029,0.8398658192090397,532.6239369999952,8.593004673261515,0.0
533.1775539999954,1.6275661539340662,0.8176200564971753,532.8787499999953,8.624555712553306,0.0
533.4214339999957,1.6178707307957894,0.8373940677966102,533.1218329999954,8.735458610854868,0.0
533.6700059999956,1.602542429899178,0.8593749999999999,533.3692539999959,8.894451820822436,0.0
533.9213659999955,1.595906630464774,0.8641419491525423,533.6395339999962,9.062963370035877,0.0
534.1648889999959,1.6107869045098493,0.8485169491525425,533.8678379999959,9.21512823431221,0.0
534.4063159999964,1.653456576985439,0.7706567796610171,534.113931999996,9.336988795683842,0.0
534.654861999996,1.7169846473481,0.6581920903954803,534.3621839999956,9.418089144516525,0.0
534.9062939999959,1.7823553151084117,0.5395480225988701,534.6061129999954,9.443689234818015,0.0
535.1548539999957,1.8326758570596073,0.4505649717514124,534.8593299999958,9.399237404564175,0.0
535.3949539999954,1.8635727593586868,0.39618644067796616,535.1063679999957,9.26846960428093,0.0
535.6438929999955,1.8789712443340816,0.3825918079096045,535.3518509999953,9.043303097605644,0.0
535.8979009999962,1.8816603932624092,0.3813559322033899,535.5994319999957,8.728141399201366,0.0
536.1543549999967,1.8686756837272065,0.392478813559322,535.8408839999954,8.340691777769285,0.0
536.403858999997,1.834513058056556,0.44685734463276827,536.0974089999958,7.909262497215714,0.0
536.6362459999973,1.7758764192052738,0.551906779661017,536.349457999996,7.464080510296325,0.0
536.8800589999971,1.6957044114851827,0.7076271186440678,536.5837199999962,7.025950523953005,0.0
537.134058999997,1.6017792416109402,0.8593749999999999,536.844209999997,6.604067257205532,0.0
537.380018999997,1.5055073324131443,0.970603813559322,537.0916989999973,6.199560178150131,0.0
537.625116999997,1.4205672317890066,0.9999999999999999,537.3315979999974,5.809923015073635,0.0
537.8891729999968,1.3596005982971038,0.9999999999999999,537.5812409999974,5.432510616367962,0.0
538.1195049999969,1.3293457131370658,0.9999999999999999,537.8279359999972,5.070692655936053,0.0
538.3695299999972,1.32757894324478,0.9999999999999999,538.0730169999971,4.737258090460137,0.0
538.6218209999968,1.3422537036787956,0.9999999999999999,538.3150179999974,4.448389172347833,0.0
538.8707229999965,1.3531634955145713,0.9999999999999999,538.5681469999973,4.206321158532019,0.0
539.1110479999963,1.3408123291179712,0.9999999999999999,538.8135399999974,3.994561680849608,0.0
539.3541969999964,1.2950215901022801,0.9999999999999999,539.0604749999968,3.7960483333861075,0.0
539.6171159999961,1.2190735388315461,0.9999999999999999,539.311485999997,3.6129668763274894,0.0
539.8581449999961,1.1282292577809887,0.9999999999999999,539.5570809999972,3.4639854419380094,0.0
540.0998269999961,1.0435964131301214,0.9999999999999999,539.8027289999973,3.373035208701862,0.0
540.3462159999965,0.9839021870803477,0.9999999999999999,540.0561229999975,3.3541188903625994,0.0
540.5952929999967,0.9587293825321339,0.9999999999999999,540.3045959999976,3.4029476773992284,0.0
540.8437639999967,0.9677272864271049,0.9999999999999999,540.5464949999975,3.5061024293353857,0.0
541.0961629999965,1.0035266064080228,0.9999999999999999,540.7929649999973,3.657553499004396,0.0
541.3406829999967,1.0552564324023068,0.9999999999999999,541.042465999997,3.8625209589350495,0.0
541.5966199999968,1.1102896430650286,0.9999999999999999,541.3078059999974,4.131270906515784,0.0
541.8329899999967,1.1553959636066335,0.9999999999999999,541.5401109999978,4.4684409751507985,0.0
542.0794589999966,1.177993234154238,0.9999999999999999,541.7868489999977,4.858636318371987,0.0
542.3313889999964,1.172425756074209,0.9999999999999999,542.0334699999983,5.259556551545216,0.0
542.5697339999966,1.1422538120060952,0.9999999999999999,542.2779239999984,5.613102963764975,0.0
542.8237339999971,1.0988539470689136,0.9999999999999999,542.5265159999984,5.870991189613312,0.0
543.071022999997,1.0566323627074115,0.9999999999999999,542.771702999999,6.009426239712673,0.0
543.3165259999967,1.0293277339509002,0.9999999999999999,543.0185999999993,6.027911693945792,0.0
543.5709869999963,1.0287458313703737,0.9999999999999999,543.2690869999993,5.937652710793205,0.0
543.8128149999961,1.0611466560585672,0.9999999999999999,543.5161339999994,5.753966506919334,0.0
544.0733119999961,1.1231880982014464,0.9999999999999999,543.7645369999991,5.501488101850255,0.0
544.3094439999963,1.2041595840767871,0.9999999999999999,544.0095149999987,5.224982760046601,0.0
544.5592099999961,1.2899530895177023,0.9999999999999999,544.2583589999989,4.982255922711702,0.0
544.8040679999962,1.368035506617895,0.9999999999999999,544.5178299999988,4.823894308564028,0.0
545.0464299999962,1.4285616026708938,0.9999999999999999,544.7528139999985,4.779858179694555,0.0
545.2919599999964,1.4611765111676502,0.9999999999999999,545.0014089999978,4.854072293564764,0.0
545.547995999996,1.4568613468548905,0.9999999999999999,545.249411999998,5.029271201782256,0.0
545.7883309999955,1.4124488641036752,0.9999999999999999,545.4993879999981,5.275121582513234,0.0
546.0367539999957,1.333323991644576,0.9999999999999999,545.7428499999977,5.552898455180432,0.0
546.286951999996,1.2319768613196334,0.9999999999999999,545.9853999999973,5.825921623652434,0.0
546.5308509999961,1.123459654780069,0.9999999999999999,546.2428209999972,6.067646269355961,0.0
546.778232999996,1.0209953042634112,0.9999999999999999,546.4862069999967,6.272099748780226,0.0
547.0228619999964,0.9341918553702396,0.9999999999999999,546.7327529999965,6.446353188163454,0.0
547.2831589999962,0.867695100581369,0.9999999999999999,546.9761079999964,6.599832911336306,0.0
547.5191739999964,0.8232113909768904,0.9999999999999999,547.224698999996,6.72977827917562,0.0
547.7680669999969,0.8005042259899627,0.9999999999999999,547.4736219999965,6.820762944988093,0.0
548.0204709999965,0.7994600973416701,0.9999999999999999,547.7316709999963,6.8508820688489935,0.0
548.2654329999964,0.8210179275058881,0.9999999999999999,547.9681139999967,6.8006251001308105,0.0
548.5164339999965,0.8684475527198579,0.9999999999999999,548.2166339999967,6.666218310027826,0.0
548.7547629999963,0.9436763675271157,0.9999999999999999,548.4633849999967,6.4619507199297015,0.0
549.0053699999964,1.038615653954008,0.9999999999999999,548.7090929999972,6.217610323332932,0.0
549.2599929999964,1.1323188196292895,0.9999999999999999,548.9785909999974,5.9702242050157714,0.0
549.5030849999964,1.2014637008072087,0.9999999999999999,549.2086599999973,5.751132143314931,0.0
549.7518969999965,1.231734605454111,0.9999999999999999,549.4502139999971,5.565036712533368,0.0
549.9998239999967,1.2233366921193845,0.9999999999999999,549.704144999997,5.385152101958732,0.0
550.2488179999968,1.186877899622853,0.9999999999999999,549.947551999997,5.169521106555882,0.0
550.5000689999965,1.1366601073715386,0.9999999999999999,550.1965509999967,4.885112001264964,0.0
550.7392089999963,1.0880210234876724,0.9999999999999999,550.445636999997,4.529996797954448,0.0
550.9867909999963,1.0547235701179727,0.9999999999999999,550.687979999997,4.133485025822223,0.0
551.2384069999964,1.046595331836113,0.9999999999999999,550.9410359999972,3.7398607590049564,0.0
551.4903929999966,1.0665268467507538,0.9999999999999999,551.1944579999972,3.3918838404590774,0.0
551.750275999997,1.1114369421794064,0.9999999999999999,551.4375279999975,3.122696074153372,0.0
551.9804529999974,1.1745238534953175,0.9999999999999999,551.6824419999973,2.9516133528263127,0.0
552.2245349999974,1.2459754412660964,0.9999999999999999,551.930007999997,2.8786127475669527,0.0
552.4706669999974,1.3147540593511804,0.9999999999999999,552.1872429999972,2.8770590248498458,0.0
552.7206129999978,1.3694312125785897,0.9999999999999999,552.4188789999967,2.8942542277050074,0.0
552.973647999998,1.4010039459013626,0.9999999999999999,552.6733239999968,2.8731916102038904,0.0
553.2155909999982,1.408945594231387,0.9999999999999999,552.9307209999967,2.7859980486767255,0.0
553.4697469999983,1.3991452722305666,0.9999999999999999,553.1653389999965,2.6471396819538775,0.0
553.7113749999984,1.3797318411031283,0.9999999999999999,553.4133239999964,2.498731217416493,0.0
553.9572319999986,1.3580967247684865,0.9999999999999999,553.6633349999962,2.3883056804667113,0.0
554.2167119999986,1.3389572695592649,0.9999999999999999,553.9050379999965,2.351919934213487,0.0
554.4546529999984,1.3236269668516187,0.9999999999999999,554.1551029999965,2.402376600042815,0.0
554.7021269999983,1.3107382555653524,0.9999999999999999,554.4131589999968,2.52364067673515,0.0
554.9616229999989,1.297314445087706,0.9999999999999999,554.6524489999967,2.6774125134769426,0.0
555.1914619999984,1.2790595441278754,0.9999999999999999,554.9015099999967,2.827800915641858,0.0
555.4403889999987,1.2518899373260313,0.9999999999999999,555.1464939999967,2.962701387581902,0.0
555.6854849999982,1.2129763829674067,0.9999999999999999,555.4014559999966,3.0961888663377524,0.0
555.931410999998,1.1624859340030447,0.9999999999999999,555.6530409999963,3.2573696415327027,0.0
556.1794659999981,1.1029544143377163,0.9999999999999999,555.8939119999959,3.4745514259467907,0.0
556.4342509999977,1.0397400177936522,0.9999999999999999,556.1344669999961,3.75400190875387,0.0
556.6792599999975,0.979607300816548,0.9999999999999999,556.3905409999959,4.058906337642181,0.0
556.9236329999975,0.9308163338463473,0.9999999999999999,556.6260219999956,4.315189302404715,0.0
557.1847339999975,0.9005409386236682,0.9999999999999999,556.8790389999956,4.452375368777944,0.0
557.4197429999979,0.8912630267343901,0.9999999999999999,557.1330189999958,4.454704418519402,0.0
557.6661429999976,0.9024999319660794,0.9999999999999999,557.3658269999956,4.374535752044772,0.0
557.9290699999974,0.9335481603648872,0.9999999999999999,557.6113379999956,4.297882593512822,0.0
558.1687579999979,0.9814660894420082,0.9999999999999999,557.8640359999952,4.301708958380222,0.0
558.4092479999978,1.0396794829490466,0.9999999999999999,558.1145129999952,4.422206828087623,0.0
558.6627719999973,1.0981446356648412,0.9999999999999999,558.3715609999953,4.6375903502817,0.0
558.9036469999972,1.145548983407859,0.9999999999999999,558.6094439999954,4.880299811303947,0.0
559.1495639999977,1.174306714991502,0.9999999999999999,558.8559029999948,5.080037352922468,0.0
559.4223759999975,1.1835186835171214,0.9999999999999999,559.0992689999947,5.209400069402057,0.0
559.6465299999974,1.1806653870350987,0.9999999999999999,559.3576999999949,5.276493523728931,0.0
559.8964769999972,1.1796626961812173,0.9999999999999999,559.5972869999952,5.2987095440004826,0.0
560.1469429999968,1.1910987712480607,0.9999999999999999,559.8626269999947,5.28845805681262,0.0
560.3884789999971,1.2148174309518267,0.9999999999999999,560.0952079999951,5.2507937796907305,0.0
560.6385289999974,1.2387187163092683,0.9999999999999999,560.3372529999953,5.180631391165148,0.0
560.8818699999972,1.24729466712238,0.9999999999999999,560.5851599999957,5.0648094558156656,0.0
561.133682999997,1.233096840072205,0.9999999999999999,560.8416999999956,4.8973537821101445,0.0
561.3796789999967,1.1992879493689048,0.9999999999999999,561.0802269999955,4.6849025816194265,0.0
561.6343159999964,1.1549069984297373,0.9999999999999999,561.3307029999959,4.442317783968124,0.0
561.8770589999965,1.1079336830726871,0.9999999999999999,561.576041999996,4.187815110050122,0.0
562.1262389999964,1.0609642183444437,0.9999999999999999,561.8395699999963,3.943063099056686,0.0
562.3826979999966,1.0117392186805603,0.9999999999999999,562.0653219999967,3.7315772231110316,0.0
562.6311469999969,0.9561502326997429,0.9999999999999999,562.3182179999967,3.574519549512489,0.0
562.8811639999967,0.8924441784618804,0.9999999999999999,562.564337999997,3.4896564170607425,0.0
563.1120979999972,0.8244184240817503,0.9999999999999999,562.808136999997,3.4991261542491032,0.0
563.3611029999968,0.7588598028593937,0.9999999999999999,563.0686039999968,3.6358075905450282,0.0
563.6091679999964,0.7032819496940814,0.9999999999999999,563.3105379999964,3.93008117365227,0.0
563.8570249999963,0.6643060923669017,0.9999999999999999,563.5716509999962,4.387114023463188,0.0
564.1025259999963,0.6466220238507174,0.9999999999999999,563.8010399999962,4.9670154074172554,0.0
564.3513659999963,0.6521592904744202,0.9999999999999999,564.0488189999961,5.580115922199742,0.0
564.6054669999963,0.6791971956628896,0.9999999999999999,564.2909289999959,6.099701754853381,0.0
564.8464729999965,0.7211132342276936,0.9999999999999999,564.540900999996,6.6359812574930555,0.0
565.0943589999964,0.7673450790166524,0.9999999999999999,564.7882899999961,7.674034820064572,0.0
565.3381889999963,0.8075178552592059,0.9999999999999999,565.0427039999964,12.509077817032361,0.0
565.5850769999963,0.8357484076347966,0.9999999999999999,565.2830979999964,23.505534747706402,0.0
565.8326309999959,0.8504464759226902,0.9999999999999999,565.5345309999963,27.993971744410192,0.0
566.0810269999956,0.8539425532237451,0.9999999999999999,565.7825339999963,29.41090047213239,0.0
566.3259849999956,0.853197718228703,0.9999999999999999,566.0331299999964,29.800516024447358,0.0
566.5766559999953,0.8610107328694437,0.9999999999999999,566.2776419999963,29.803681679203496,0.0
566.8252879999953,0.8987542821596294,0.9999999999999999,566.5240099999962,29.66569329538866,0.0
567.0912849999952,0.9953902547653815,0.9999999999999999,566.7729319999961,29.494270388083915,0.0
567.317458999995,1.1763863929866885,0.9999999999999999,567.0163719999954,29.342744128893607,0.0
567.5617129999949,1.4429625192905222,0.9999999999999999,567.2656759999956,29.24155544954075,0.0
567.8163509999948,1.758501596754698,0.5815677966101694,567.5200119999954,29.21538727191245,0.0
568.0595859999951,2.056098755554243,0.1366525423728813,567.7648439999956,29.29505806159615,0.0
568.3102559999951,2.2690977751843517,0.008739406779661034,568.0102919999956,29.533568287863172,0.0
568.5581619999948,2.361870551159879,0.0,568.2602219999956,30.04325209274944,0.0
568.8080949999949,2.338111012752724,0.0,568.5165879999955,31.10403518615425,0.0
569.0531419999944,2.226851087889052,0.036546610169491504,568.7562339999955,33.528696321473134,0.0
569.2967219999944,2.063630016618676,0.13109110169491525,568.9987199999954,38.537158592141274,0.0
569.5512029999941,1.8793680428460022,0.3825918079096045,569.2481669999953,35.58799634511302,0.0
569.7914179999938,1.6952827443968979,0.7100988700564973,569.4946029999952,29.62628994075286,0.0
570.0501479999939,1.5227228683874108,0.9459745762711863,569.7370049999946,24.559080507431784,0.0
570.3053799999938,1.3687986032373387,0.9999999999999999,569.9850899999946,20.482300906930224,0.0
570.535370999994,1.2401389580156632,0.9999999999999999,570.2389279999952,17.311196571049816,0.0
570.781327999994,1.144678095478686,0.9999999999999999,570.4814629999951,14.913061881217262,0.0
571.0323979999941,1.0916890375231205,0.9999999999999999,570.7379789999952,13.133901843284384,0.0
571.2722499999942,1.0905075505439434,0.9999999999999999,570.9779469999949,11.769287379592377,0.0
571.534552999994,1.146481452305622,0.9999999999999999,571.2287459999945,10.590865524076598,0.0
571.773385999994,1.2522256263232765,0.9999999999999999,571.4751659999945,9.457925019486492,0.0
572.018895999994,1.38310681014738,0.9999999999999999,571.719686999994,8.345984441389337,0.0
572.2925269999943,1.509637775490904,0.9642478813559321,571.9903089999941,7.295916114864466,0.0
572.5114289999948,1.613386193830553,0.8448093220338985,572.2153279999943,6.362625810475224,0.0
572.8802139999948,1.6924213758424989,0.7150423728813561,572.4742699999946,5.581899851004289,0.0
573.1411359999945,1.7552400463274955,0.5865112994350283,572.7130539999943,4.963141898053338,0.0
573.3870879999942,1.8082390857209325,0.49258474576271194,572.9566619999944,4.496070301075386,0.0
573.5821879999943,1.850628504353931,0.4147245762711864,573.212554999995,4.150288291599248,0.0
573.7555509999944,1.8762990653237008,0.3825918079096045,573.4601159999946,3.889103721894636,0.0
574.0034359999944,1.8789529204304005,0.3825918079096045,573.7102459999944,3.6917069335750834,0.0
574.2464729999946,1.8554062237946214,0.408545197740113,573.9493969999943,3.550268511542116,0.0
574.4994839999949,1.8068152145628174,0.49382062146892647,574.2013599999945,3.4539874011815455,0.0
574.7635459999949,1.7386978222346403,0.6174081920903955,574.4494039999947,3.3786397019242607,0.0
574.9902769999948,1.658144111798316,0.7644774011299436,574.7029399999944,3.2890391336170373,0.0
575.2345029999944,1.574476015745633,0.8847987288135593,574.9397129999945,3.1523146267194226,0.0
575.4853899999945,1.4989134890688889,0.9761652542372881,575.1945329999942,2.958572684819518,0.0
575.735558999994,1.4412569099726649,0.9999999999999999,575.4326129999944,2.7281144733566065,0.0
575.971593999994,1.4069301280164546,0.9999999999999999,575.6885709999946,2.49932751052301,0.0
576.2221619999942,1.394625417974164,0.9999999999999999,575.9277019999946,2.3074508713349564,0.0
576.4694849999945,1.3981192708543706,0.9999999999999999,576.1812349999948,2.1722774878661326,0.05799788135593217
576.7265459999944,1.4094195282355584,0.9999999999999999,576.4225149999952,2.095183255812401,0.11122881355932206
576.9668399999946,1.4208294353636939,0.9999999999999999,576.669378999995,2.0634325243031078,0.13109110169491525
577.2243829999949,1.4256135680190196,0.9999999999999999,576.9244139999955,2.064955544907474,0.13109110169491525
577.4603949999947,1.4200563498289918,0.9999999999999999,577.1643449999953,2.0901577000601983,0.11520127118644065
577.7043749999949,1.4038463482778136,0.9999999999999999,577.4161219999951,2.1334526218161463,0.08818855932203386
577.9691959999947,1.3793068586743615,0.9999999999999999,577.6600529999951,2.192669638804351,0.0500529661016949
578.2083539999943,1.3507259893272985,0.9999999999999999,577.9092109999954,2.265267999838265,0.011122881355932172
578.441488999995,1.3233692246051916,0.9999999999999999,578.1491019999954,2.341943151156989,0.0
578.6947289999952,1.2994819683306773,0.9999999999999999,578.4206659999958,2.401429880216375,0.0
578.9399889999949,1.2760304202197974,0.9999999999999999,578.6500779999956,2.4197276237944796,0.0
579.1855019999952,1.2476626406729432,0.9999999999999999,578.8935979999952,2.3826964523916185,0.0
579.4273809999951,1.2111274166968302,0.9999999999999999,579.1389979999949,2.299465073121351,0.0
579.6815859999954,1.16781510459055,0.9999999999999999,579.388057999995,2.194376238366248,0.049258474576271215
579.9332719999948,1.1225087828643903,0.9999999999999999,579.6583809999952,2.0896597636825183,0.11520127118644065
580.1760399999946,1.0818311481480511,0.9999999999999999,579.8858759999954,2.0029039737984546,0.19597457627118647
580.4266329999947,1.0518748060018972,0.9999999999999999,580.1307229999952,1.9424450093403984,0.2837217514124294
580.6745439999946,1.0378999023571587,0.9999999999999999,580.3809519999951,1.9063260958010735,0.3356285310734463
580.9170949999949,1.0449034826961199,0.9999999999999999,580.6238209999952,1.8891967999430037,0.3702330508474576
581.1745039999946,1.0781911111125033,0.9999999999999999,580.8773129999952,1.8874298560881375,0.3751765536723164
581.4103489999944,1.1412231460731097,0.9999999999999999,581.1201429999951,1.8976525503893122,0.3554025423728814
581.6528699999943,1.2318844502469375,0.9999999999999999,581.372134999995,1.916252914205663,0.3257415254237288
581.9077519999946,1.3400849790818472,0.9999999999999999,581.6153299999953,1.9348304122781264,0.297316384180791
582.1495919999942,1.448835310032923,0.9999999999999999,581.8627629999954,1.9406816624160281,0.2874293785310735
582.4272219999943,1.5370692103878707,0.9324682203389829,582.1133489999955,1.9283098810426456,0.30596751412429385
582.6512419999942,1.5870099140770346,0.8712923728813559,582.3596599999956,1.9103421803999039,0.3306850282485876
582.898209999994,1.588875328575326,0.8704978813559321,582.602665999996,1.9140889698303714,0.32697740112994345
583.1427129999944,1.5426935568312858,0.9277012711864406,582.8585059999956,1.9720882335013288,0.23057909604519766
583.3922019999945,1.4575931235494286,0.9999999999999999,583.0964279999963,2.1148232506003333,0.09772245762711866
583.6397939999948,1.350617074070287,0.9999999999999999,583.3472149999963,2.363174408284141,0.0
583.883155999995,1.2419087915273979,0.9999999999999999,583.5914259999963,2.71281002223916,0.0
584.1381509999952,1.149081905846004,0.9999999999999999,583.8397229999963,3.126131016498996,0.0
584.3851809999949,1.083592192713531,0.9999999999999999,584.0884409999965,3.534648846607857,0.0
584.6250859999949,1.049668510164372,0.9999999999999999,584.3379949999962,3.8713102141264506,0.0
584.877929999995,1.0450441260285093,0.9999999999999999,584.5860449999968,4.110591550927845,0.0
585.1210229999947,1.0613050259135028,0.9999999999999999,584.8309709999971,4.2641342176747425,0.0
585.3709969999949,1.0845532328692749,0.9999999999999999,585.0809599999972,4.345659489142207,0.0
585.6323779999947,1.1001015365826532,0.9999999999999999,585.3228629999974,4.3516642790635185,0.0
585.8654269999945,1.0996171676680333,0.9999999999999999,585.5717029999972,4.2726721393282965,0.0
586.1123489999942,1.0835337564375518,0.9999999999999999,585.8326909999975,4.1036490514964346,0.0
586.3648839999944,1.058903022338181,0.9999999999999999,586.0734349999975,3.865952302781294,0.0
586.6087489999946,1.0356910454364665,0.9999999999999999,586.3194609999975,3.5994579870737637,0.0
586.8679549999945,1.0234950233075946,0.9999999999999999,586.5714539999975,3.3446943264712083,0.0
587.1046869999943,1.0288754467881194,0.9999999999999999,586.8093689999979,3.1317560917711216,0.0
587.3567479999941,1.0522982323712005,0.9999999999999999,587.0541989999979,2.9710069062069895,0.0
587.5977589999939,1.0878447759435117,0.9999999999999999,587.3280309999976,2.854007907120098,0.0
587.8407889999943,1.1252218195656443,0.9999999999999999,587.5615089999977,2.7592682336953223,0.0
588.0927329999942,1.1518577814979307,0.9999999999999999,587.7983989999982,2.667375059707943,0.0
588.3360699999942,1.1568698576915124,0.9999999999999999,588.046947999998,2.570327480826845,0.0
588.6070459999946,1.1369397309434803,0.9999999999999999,588.301799999998,2.4720143724904124,0.0
588.8519889999945,1.100043896237769,0.9999999999999999,588.5492979999981,2.3827831367018173,0.0
589.080138999995,1.0622625554088643,0.9999999999999999,588.7893359999982,2.3116233002630393,0.0
589.3295909999954,1.0393703243129657,0.9999999999999999,589.0426279999984,2.264233591484908,0.011122881355932172
589.5800939999953,1.0402079299234306,0.9999999999999999,589.2892249999989,2.2451654568833628,0.02621822033898302
589.8269409999953,1.0645058750845946,0.9999999999999999,589.538584999999,2.2521194019341277,0.02145127118644066
590.0975879999951,1.1051754449195332,0.9999999999999999,589.7841909999988,2.280922247996483,0.003972457627118674
590.3220779999951,1.1510515870402622,0.9999999999999999,590.0274769999992,2.323666171183412,0.0
590.5668219999953,1.1900859955988614,0.9999999999999999,590.2724559999987,2.370409011278733,0.0
590.8133639999951,1.2131581713829975,0.9999999999999999,590.5351869999984,2.4142818663753065,0.0
591.0639999999945,1.2178795784748262,0.9999999999999999,590.773738999998,2.4477413337477896,0.0
591.3094619999946,1.2093161858174046,0.9999999999999999,591.0217719999981,2.463642365043321,0.0
591.5544099999951,1.1964004840474087,0.9999999999999999,591.2665419999981,2.448327449262551,0.0
591.8024759999951,1.1872696067773707,0.9999999999999999,591.5105939999984,2.3981856573591616,0.0
592.0506949999952,1.186110119974506,0.9999999999999999,591.7595729999981,2.3307044908900885,0.0
592.2947079999951,1.1922622076888076,0.9999999999999999,592.0055389999981,2.273339039731312,0.007150423728813581
592.544215999995,1.2028385953461513,0.9999999999999999,592.2579259999977,2.251155406030279,0.022245762711864427
592.7977959999951,1.2126026606952722,0.9999999999999999,592.503526999998,2.273634168441194,0.007150423728813581
593.0370419999948,1.2175408172672757,0.9999999999999999,592.7499739999978,2.339048531099028,0.0
593.2988269999947,1.21768633183924,0.9999999999999999,593.0070439999982,2.435140354187421,0.0
593.5344259999946,1.2153712396138745,0.9999999999999999,593.2472719999986,2.538359847144819,0.0
593.7809019999943,1.2132926516614733,0.9999999999999999,593.4914559999985,2.6187272180224355,0.0
594.034344999994,1.2137961227019083,0.9999999999999999,593.7419189999983,2.656932682903437,0.0
594.2779039999941,1.217618687304292,0.9999999999999999,593.9966699999985,2.6535842324523182,0.0
594.5243099999938,1.2223364827468057,0.9999999999999999,594.2359609999985,2.624552261829567,0.0
594.7748829999939,1.2223018216779165,0.9999999999999999,594.4833439999986,2.586738743258031,0.0
595.0171589999936,1.2122790792923612,0.9999999999999999,594.7290449999985,2.5427629073272424,0.0
595.2671159999934,1.1924531692724694,0.9999999999999999,594.9795299999985,2.4864636877926207,0.0
595.5151539999929,1.1705952239166495,0.9999999999999999,595.2230379999986,2.4145662182448753,0.0
595.7656239999926,1.1558157212527163,0.9999999999999999,595.4680499999985,2.329916201453239,0.0
596.0080179999927,1.1526393004616715,0.9999999999999999,595.7254329999986,2.23748190261296,0.030190677966101694
596.261981999993,1.1593155101714612,0.9999999999999999,595.9744259999985,2.1434155548881852,0.08103813559322036
596.5169279999926,1.1699044429499084,0.9999999999999999,596.2148729999984,2.0522198086314645,0.14062499999999997
596.7567189999922,1.1799200825390959,0.9999999999999999,596.4596149999982,1.9674391234693869,0.23923022598870053
596.9990969999925,1.1888662739348277,0.9999999999999999,596.710697999998,1.894023185318277,0.36281779661016955
597.2495489999925,1.2002335802630726,0.9999999999999999,596.9646499999981,1.8418706747806355,0.43202683615819204
597.4985689999925,1.2180832415351135,0.9999999999999999,597.208664999998,1.8202380100298572,0.47899011299435024
597.7395279999924,1.2433470647850018,0.9999999999999999,597.4551599999979,1.8264289385244643,0.4666313559322034
597.995920999993,1.271657078098726,0.9999999999999999,597.702642999998,1.8487110802525804,0.41843220338983045
598.2421049999929,1.2950644433385619,0.9999999999999999,597.9503509999977,1.8803968656026455,0.3825918079096045
598.4860659999924,1.3070817857156665,0.9999999999999999,598.2103559999978,1.9273654551536903,0.3096751412429378
598.7334519999927,1.3068357357853282,0.9999999999999999,598.4431079999979,1.9986407875031702,0.19968220338983045
598.9868439999932,1.3007584851106282,0.9999999999999999,598.6956929999976,2.0987739318429304,0.10805084745762707
599.226803999993,1.2980905187110852,0.9999999999999999,598.9422139999972,2.224066080612099,0.03734110169491527
599.4748759999931,1.3063829702927787,0.9999999999999999,599.1893969999974,2.357509843482051,0.0
599.7238409999933,1.3275350514087179,0.9999999999999999,599.4299069999973,2.472749792942211,0.0
599.9821919999931,1.358491151892733,0.9999999999999999,599.6893949999976,2.5516479550245426,0.0
600.2353899999932,1.3931124113649251,0.9999999999999999,,,
600.4842749999933,1.4280196921577504,0.9999999999999999,,,
600.7097639999935,1.4641263507720361,0.9999999999999999,,,
600.9756659999935,1.5052856332851565,0.970603813559322,,,
601.2141689999936,1.5556087972545474,0.9141949152542372,,,
601.4586849999937,1.6184424529320665,0.834922316384181,,,
601.7032289999936,1.6920238386832263,0.7162782485875707,,,
601.9490919999938,1.766776751767858,0.5716807909604519,,,
602.2030799999937,1.8252937704227628,0.46786723163841804,,,
602.4571499999934,1.8531668462142885,0.4147245762711864,,,
602.6953959999933,1.8535472226971565,0.41225282485875714,,,
602.9384569999929,1.8464416588070645,0.42337570621468923,,,
603.1879079999928,1.8535217219117897,0.41225282485875714,,,
603.431827999993,1.8928815017053735,0.3652895480225989,,,
603.6817809999931,1.9908679962934548,0.20586158192090395,,,
603.9294799999933,2.216358999915677,0.04051906779661018,,,
604.185210999993,2.603315895050979,0.0,,,
604.4362249999928,3.1908621780949105,0.0,,,
604.6735759999925,3.9460058348736062,0.0,,,
604.9209879999925,4.786861756858869,0.0,,,
605.1699739999929,5.80990566318049,0.0,,,
605.4464939999929,7.7128710400904374,0.0,,,
605.6582559999929,12.882460817487337,0.0,,,
605.9171749999923,26.177842546595123,0.0,,,
606.162632999992,49.928791196706875,0.0,,,
606.4104869999916,80.63245195931339,0.0,,,
606.6523049999915,112.15554578794622,0.0,,,
606.9043439999917,139.58267833306093,0.0,,,
607.1543189999918,158.3446984845311,0.0,,,
607.4036319999917,162.53360830131214,0.0,,,
607.6466459999916,153.37289997268672,0.0,,,
