condition 1 time (s),condition 1 tbr,condition 1 nai,condition 2 time (s),condition 2 tbr,condition 2 nai
4.3460449999999975,110.79353415400465,0.0,4.347354999999995,71.76701335645073,0.0
4.594593999999997,107.00619503138519,0.0,4.591432999999999,63.90158090097391,0.0
4.847632999999999,98.62613153326365,0.0,4.843350999999999,54.406519213329425,0.0
5.0869279999999995,87.5804613962326,0.0,5.087348999999998,45.72795257717218,0.0
5.341867999999998,76.37751031490662,0.0,5.346519999999997,38.51895071264047,0.0
5.588795,66.2183621643122,0.0,5.583756999999997,32.72778962290344,0.0
5.833167000000001,57.316085457236504,0.0,5.8328149999999965,28.15276941419562,0.0
6.0975930000000025,49.67660528699342,0.0,6.080911999999997,24.57440265078786,0.0
6.325071000000004,43.19289890378605,0.0,6.328543999999997,21.784314187122302,0.0
6.568563000000005,37.650563493492726,0.0,6.576572,19.59541468011758,0.0
6.822677000000006,32.94015053272767,0.0,6.8208969999999995,17.842650367533263,0.0
7.066704000000004,29.055062704254723,0.0,7.067937000000003,16.388965995783554,0.0
7.331488000000006,26.027237364216955,0.0,7.3290920000000055,15.120911389071647,0.0
7.5704120000000055,23.48746327803925,0.0,7.559381000000004,13.92270769609145,0.0
7.808396000000006,21.35373637500571,0.0,7.809400000000003,12.603500244451594,0.0
8.055808000000004,19.537246121312457,0.0,8.056936000000002,11.042459933491052,0.0
8.306156000000007,17.93921284425848,0.0,8.302502000000002,9.496832160681372,0.0
8.54853000000001,16.36693187811621,0.0,8.554437000000004,8.185905712986012,0.0
8.798527000000007,14.300432476289973,0.0,8.80537700000001,7.0685527901951755,0.0
9.048085000000016,11.94873116411872,0.0,9.049933000000022,6.097403876668078,0.0
9.301544000000014,10.087046578085946,0.0,9.29725400000002,5.256004740942714,0.0
9.540043000000011,8.536255016089438,0.0,9.55650600000002,4.534225256865907,0.0
9.791761000000008,7.228945473950026,0.0,9.802910000000027,3.9243763274276695,0.0
10.050108000000009,6.116439436581915,0.0,10.033216000000033,3.4212798057769356,0.0
10.286285000000014,5.163915961995158,0.0,10.284368000000043,3.017464451448202,0.0
10.570723000000017,4.348581939795239,0.0,10.532319000000049,2.704060186632581,0.0
10.801151000000019,3.6566759143204033,0.0,10.777865000000045,2.468540116158752,0.0
11.039713000000022,3.0751821417358998,0.0,11.024780000000048,2.2943848271737197,0.0
11.290985000000019,2.5907444651073335,0.0,11.274275000000047,2.160596861330061,0.028432377049180304
11.534826000000018,2.190924008438234,0.02074795081967212,11.523796000000047,2.044139244246921,0.05225409836065575
11.768778000000022,1.864853132190938,0.09989754098360655,11.77328800000005,1.924673238419734,0.08529713114754099
12.012066000000027,1.6042117769301247,0.23463114754098366,12.018599000000055,1.7932014386756017,0.12679303278688522
12.258016000000028,1.4000830823100205,0.41034836065573765,12.265200000000057,1.6543091359643733,0.18681693989071038
12.511069000000031,1.2415069310339368,0.6183401639344261,12.507457000000054,1.5212716448778498,0.3135245901639344
12.754994000000034,1.1178337291920872,0.7522199453551912,12.754884000000054,1.4096666932265776,0.40198087431693996
13.029299000000034,1.0199844460385488,0.8824282786885246,13.026781000000057,1.330762843603845,0.4964139344262296
13.285358000000029,0.9411517194742545,0.9746413934426229,13.258374000000066,1.2837795182630907,0.5549863387978143
13.528435000000028,0.8769815801198714,0.9999999999999999,13.504809000000062,1.2555553693122423,0.5968237704918032
13.772724000000025,0.8244159951313901,0.9999999999999999,13.753347000000064,1.2356339955058582,0.6231215846994536
14.003472000000025,0.7809130886341097,0.9999999999999999,13.995898000000064,1.2374214044785767,0.6219262295081968
14.241555000000027,0.7433959242066044,0.9999999999999999,14.245715000000066,1.2943532940458322,0.5394467213114754
14.48753700000003,0.7097871469667595,0.9999999999999999,14.505196000000067,1.4401093402054603,0.38524590163934425
14.736789000000035,0.679961282111109,0.9999999999999999,14.748179000000064,1.6960878390378213,0.1629098360655738
15.01181400000004,0.6548444664338202,0.9999999999999999,14.981575000000065,2.060363254391278,0.0476434426229508
15.234177000000043,0.6345954675132467,0.9999999999999999,15.229465000000067,2.5062733616427644,0.0
15.487676000000047,0.6169972510004422,0.9999999999999999,15.483134000000069,2.9840885765962026,0.0
15.727594000000042,0.5975022456219775,0.9999999999999999,15.72959100000007,3.4301495400359627,0.0
15.973962000000038,0.5712086274763231,0.9999999999999999,15.970486000000076,3.806375266733278,0.0
16.23980400000004,0.5373580878070048,0.9999999999999999,16.223976000000075,4.247850068442853,0.0
16.475397000000044,0.5008197282155897,0.9999999999999999,16.472012000000074,5.100983549721128,0.0
16.72485300000003,0.47065624713755627,0.9999999999999999,16.711526000000056,7.117819372911604,0.0
16.96735700000003,0.4572892077719716,0.9999999999999999,16.964178000000047,10.710298289008193,0.0
17.21207400000002,0.47036180765735636,0.9999999999999999,17.21029900000004,15.334086038634094,0.0
17.462011000000018,0.5164690914688229,0.9999999999999999,17.47218800000004,20.173679993124477,0.0
17.706024999999997,0.5950381159217756,0.9999999999999999,17.709682000000033,24.68704584245623,0.0
17.95881299999999,0.6957010191805201,0.9999999999999999,17.95700100000004,28.613687496146348,0.0
18.229308999999983,0.8045349550101726,0.9999999999999999,18.202347000000042,31.838988600710998,0.0
18.450208999999965,0.9137593761540248,0.9999999999999999,18.44205500000004,34.28727064641697,0.0
18.701086999999955,1.0231186001858494,0.8793545081967212,18.70288100000002,35.84128019838997,0.0
18.947042999999955,1.1342088786300335,0.7378756830601094,18.949792000000006,36.27139028661376,0.0
19.200598999999944,1.2450900514377075,0.6099726775956283,19.195712999999987,35.16652644791702,0.0
19.435076999999932,1.3471079655534566,0.4832650273224043,19.444333999999976,32.08527561246831,0.0
19.690636999999917,1.4248903054337485,0.39600409836065575,19.687271999999968,27.28682989183362,0.0
19.931860999999905,1.461879794860439,0.36372950819672134,19.931723999999964,22.215150791316926,0.0
20.1882049999999,1.4482925458889784,0.37926912568306004,20.18461899999996,17.931675734213215,0.0
20.42813299999988,1.3909616598774612,0.42588797814207646,20.444615999999943,14.48468396673696,0.0
20.671450999999877,1.3118247662617817,0.5167349726775957,20.687658999999936,11.718107198060473,0.0
20.928871999999856,1.2373655470388165,0.6219262295081968,20.922516999999942,9.503730153303607,0.0
21.168817999999845,1.1853541828269576,0.676912568306011,21.17566399999994,7.735384915873246,0.0
21.43140199999985,1.1627374980185594,0.7067964480874318,21.41640299999995,6.325583359491453,0.0
21.707988999999845,1.164741554751655,0.7032103825136613,21.670274999999922,5.20249205650503,0.0
21.932459999999843,1.1950069385867303,0.6637636612021858,21.920204999999914,4.308640082800295,0.0
22.192410999999844,1.255865194686255,0.5968237704918032,22.16684399999991,3.5994606170292256,0.0
22.425304999999835,1.3482074483687772,0.4820696721311475,22.41067799999989,3.0403819427018837,0.0
22.677224999999822,1.46653574368085,0.3565573770491803,22.662111999999887,2.6039834452490918,0.0
22.90075599999983,1.5961392728062367,0.2382172131147541,22.900255999999885,2.2671728769570434,0.006147540983606563
23.15532099999983,1.7112003054493212,0.15454234972677597,23.15021399999988,2.0089900665732716,0.06070696721311474
23.401691999999812,1.7789096702024931,0.12986680327868846,23.394978999999875,1.8088920766733665,0.12141393442622948
23.65056399999981,1.7752405409713017,0.13063524590163936,23.652060999999858,1.6471341301834757,0.19159836065573765
23.904530999999814,1.7000492685569872,0.1629098360655738,23.906084999999855,1.5071577147202975,0.3195013661202186
24.149982999999796,1.5751541654520227,0.25973360655737704,24.144078999999834,1.3791787434906415,0.4402322404371585
24.38512699999978,1.4284704165513415,0.3936133879781421,24.389976999999835,1.2597389764660938,0.590846994535519
24.67706299999978,1.2828462988558689,0.5573770491803279,24.64042999999982,1.1493391289591655,0.7115778688524591
24.877488999999763,1.1542481627788925,0.7115778688524591,24.8888519999998,1.0511538352362753,0.8478483606557378
25.13032299999975,1.0540142473324856,0.8454576502732242,25.148409999999792,0.9706818758648617,0.9431352459016393
25.38089899999974,0.9900310842135963,0.9200819672131146,25.37495399999978,0.9156023430091501,0.9999999999999999
25.622537999999743,0.9632780281063872,0.9531249999999999,25.625892999999778,0.8947632679050341,0.9999999999999999
25.89091199999973,0.9641641182652132,0.9515881147540983,25.87298299999976,0.9177972217808962,0.9999999999999999
26.12943599999973,0.9718549527046647,0.9431352459016393,26.116030999999747,0.9936893469641493,0.9162397540983606
26.363937999999724,0.965598772791632,0.948514344262295,26.37445199999972,1.126055838140102,0.7426571038251367
26.620491999999714,0.9364671804802408,0.9823258196721311,26.624394999999705,1.3087756257442802,0.5215163934426229
26.87476099999971,0.886816573060957,0.9999999999999999,26.863859999999697,1.5235138367956396,0.3123292349726776
27.10804299999971,0.8256849592066807,0.9999999999999999,27.108792999999704,1.7411958131965226,0.1436987704918032
27.3575399999997,0.7629567953041065,0.9999999999999999,27.3720449999997,1.926260980664431,0.08529713114754099
27.60800799999969,0.7066900999846261,0.9999999999999999,27.60912099999968,2.044862905989147,0.05148565573770494
27.869919999999688,0.6626384602937848,0.9999999999999999,27.85850799999968,2.0780082165800904,0.04149590163934424
28.101001999999692,0.6349704032856821,0.9999999999999999,28.101875999999677,2.031598987793925,0.05455942622950818
28.354816999999688,0.626699639469704,0.9999999999999999,28.368439999999666,1.937474619761167,0.08299180327868848
28.614796999999673,0.6393666106182248,0.9999999999999999,28.596340999999644,1.8393873098140123,0.10911885245901635
28.84284199999967,0.6713294140696104,0.9999999999999999,28.839134999999615,1.7742505884242203,0.13140368852459017
29.118198999999674,0.7181322878314389,0.9999999999999999,29.096295999999608,1.7559404026360852,0.13908811475409835
29.348786999999678,0.771762007467506,0.9999999999999999,29.336169999999605,1.7742307565960458,0.13140368852459017
29.60417799999967,0.822694487869912,0.9999999999999999,29.5821289999996,1.8060502887739336,0.12141393442622948
29.833200999999647,0.8674528008717751,0.9999999999999999,29.835229999999587,1.8249949932732363,0.11526639344262292
30.08287199999964,0.9107110340237297,0.9999999999999999,30.084660999999585,1.809490199339749,0.12064549180327867
30.350889999999627,0.9631411900671771,0.9531249999999999,30.339255999999565,1.749737782000681,0.14139344262295078
30.575113999999633,1.0366295019322345,0.8662909836065573,30.580636999999566,1.6520847920037054,0.189207650273224
30.824562999999632,1.1391202964655835,0.7259221311475409,30.825582999999543,1.5359666770237836,0.3003756830601093
31.09361199999962,1.2664939686918868,0.5860655737704917,31.079135999999554,1.4243191300094928,0.39600409836065575
31.35141799999961,1.3953682677901296,0.41632513661202186,31.320117999999542,1.335360351483163,0.4940232240437158
31.565463999999604,1.486394905964678,0.3338456284153005,31.562951999999523,1.2766575906105757,0.563353825136612
31.821423999999595,1.508588221331053,0.3195013661202186,31.820433999999505,1.2458994234957255,0.6075819672131147
32.08217999999958,1.4628286111740945,0.36014344262295084,32.06902599999949,1.2347405435470487,0.6231215846994536
32.31326999999957,1.3729781046587533,0.4497950819672131,32.308326999999466,1.2329539459722205,0.6231215846994536
32.55723799999957,1.2656648022297863,0.5860655737704917,32.55539399999945,1.2369471639288054,0.6219262295081968
32.80977099999957,1.1580387964771954,0.7067964480874318,32.83396599999944,1.2546694722926373,0.5980191256830601
33.05279099999955,1.055798942562843,0.8418715846994536,33.075842999999445,1.2973453612187849,0.5382513661202186
33.30035999999955,0.9579815310476593,0.9538934426229507,33.298791999999416,1.372453300247456,0.4497950819672131
33.57819199999957,0.8648517603385338,0.9999999999999999,33.554100999999406,1.4791239938779608,0.33982240437158473
33.79627399999959,0.778222210474296,0.9999999999999999,33.79865299999943,1.6104964056850983,0.22865437158469945
34.04810299999959,0.6999056637313195,0.9999999999999999,34.04911299999943,1.7550611307815518,0.13908811475409835
34.28540999999962,0.6313180739546451,0.9999999999999999,34.289912999999416,1.8968085915167667,0.09221311475409837
34.53102499999961,0.5737525225716057,0.9999999999999999,34.53512299999942,2.019283676606993,0.05686475409836061
34.78053099999961,0.5286462285270709,0.9999999999999999,34.799800999999434,2.1064082133132094,0.03688524590163938
35.0509279999996,0.4966061579594129,0.9999999999999999,35.03716299999944,2.1450170864495104,0.032274590163934434
35.27932699999961,0.47607653491602514,0.9999999999999999,35.27761899999947,2.1262914070313204,0.035348360655737675
35.523708999999634,0.46369759698371416,0.9999999999999999,35.529082999999474,2.0471353509217876,0.05148565573770494
35.775236999999635,0.45563386247028936,0.9999999999999999,35.7741499999995,1.9139679188035934,0.08760245901639342
36.019794999999654,0.44798598845164617,0.9999999999999999,36.04491799999952,1.7431758916273337,0.1436987704918032
36.27802599999967,0.4375173547625446,0.9999999999999999,36.267316999999515,1.556164312519271,0.28483606557377045
36.51037399999967,0.4230963451655118,0.9999999999999999,36.52231999999953,1.373805178030568,0.4485997267759563
36.795416999999695,0.4066428857662287,0.9999999999999999,36.76695899999956,1.2127274325277437,0.6470286885245902
37.01253899999972,0.39209719558455314,0.9999999999999999,37.02494999999953,1.0833501483066148,0.8036202185792349
37.31980699999973,0.3831950180083193,0.9999999999999999,37.26173299999952,0.9906384170891296,0.9185450819672131
37.55977499999972,0.3814759361009507,0.9999999999999999,37.50324199999952,0.9365835452984734,0.9823258196721311
37.75041599999972,0.3864702536480525,0.9999999999999999,37.76689199999954,0.921317942166243,0.9992315573770492
38.0237359999997,0.3970035029145212,0.9999999999999999,38.00770699999953,0.9426713521478893,0.9738729508196721
38.24324399999969,0.4126832143782959,0.9999999999999999,38.25575799999954,0.9947281205428188,0.9147028688524589
38.51081999999969,0.43476246835203963,0.9999999999999999,38.50473999999953,1.066382558707304,0.8251366120218578
38.75644099999968,0.46511299665509886,0.9999999999999999,38.74434599999954,1.1417063387007966,0.7223360655737706
38.987212999999684,0.5048045178591252,0.9999999999999999,38.99193399999957,1.2031399257577877,0.6565915300546449
39.2452729999997,0.5516603532178472,0.9999999999999999,39.23932299999957,1.2392828864592071,0.6207308743169399
39.50052799999971,0.5986267206748667,0.9999999999999999,39.4859519999996,1.2468385497402166,0.6075819672131147
39.74161399999968,0.6361225071669359,0.9999999999999999,39.74594999999962,1.230221112930191,0.627903005464481
39.98348399999968,0.6573093605167365,0.9999999999999999,39.98126199999964,1.198120392987609,0.6613729508196721
40.235077999999675,0.6609840279329005,0.9999999999999999,40.229313999999654,1.1600573209322282,0.7067964480874318
40.488556999999666,0.6508880981239672,0.9999999999999999,40.50088999999968,1.1229485855412615,0.7438524590163936
40.74054399999969,0.6336082019719188,0.9999999999999999,40.71971199999969,1.0881036612786805,0.7940573770491804
40.96856299999969,0.6161376742791045,0.9999999999999999,40.997747999999696,1.0523997616489296,0.8454576502732242
41.251884999999696,0.6039938867262431,0.9999999999999999,41.22081099999972,1.0125127650762984,0.8916495901639344
41.49198299999968,0.599616308801292,0.9999999999999999,41.48156999999975,0.9683287752195647,0.9439036885245902
41.72099499999968,0.6018813032638907,0.9999999999999999,41.711235999999744,0.9259650226987013,0.9946209016393441
41.96628699999968,0.609436265418431,0.9999999999999999,41.96490799999975,0.8971476629027146,0.9999999999999999
42.2012329999997,0.6264859589102288,0.9999999999999999,42.20552899999976,0.8949862583288137,0.9999999999999999
42.4579149999997,0.665838140881296,0.9999999999999999,42.460538999999756,0.9301061208943937,0.9907786885245902
42.709752999999715,0.7427844461442107,0.9999999999999999,42.701894999999766,1.005738078276283,0.9031762295081966
42.94750999999972,0.8633550024640786,0.9999999999999999,42.949850999999754,1.1115899320448888,0.7653688524590165
43.19088999999971,1.016546478149666,0.8878073770491802,43.20753699999975,1.2228481216771674,0.6386612021857925
43.44788399999972,1.1782980889152022,0.6852800546448088,43.44841399999978,1.3119650756060268,0.5155396174863387
43.69338899999971,1.32108250205537,0.5059767759562842,43.71232899999979,1.3619993245168858,0.4593579234972678
43.95523599999972,1.4221901026502914,0.39719945355191255,43.940361999999794,1.3700245653955394,0.45099043715846987
44.18183999999971,1.4680376736299627,0.3553620218579235,44.19034699999978,1.3439916315852003,0.4856557377049181
44.43648399999974,1.4551141151161595,0.37090163934426235,44.43467999999974,1.2951293437551987,0.5394467213114754
44.67928399999971,1.3890956810165471,0.43066939890710376,44.68224299999973,1.2313049320430112,0.6243169398907104
44.92147999999971,1.2845232527710224,0.5525956284153005,44.93352199999973,1.1552677193846674,0.7067964480874318
45.168781999999716,1.161515329089718,0.7067964480874318,45.18057999999971,1.0681138880262309,0.8251366120218578
45.42220299999968,1.038364867705003,0.8647540983606556,45.428476999999724,0.9745779515716784,0.9408299180327868
45.6666829999997,0.9253351442264078,0.9969262295081966,45.6739069999997,0.8832080222536467,0.9999999999999999
45.9164479999997,0.8267050046790848,0.9999999999999999,45.92508099999971,0.8026704803827512,0.9999999999999999
46.16483799999966,0.7453755852476877,0.9999999999999999,46.173915999999714,0.7401924621961143,0.9999999999999999
46.415974999999634,0.6864312361617524,0.9999999999999999,46.41570999999972,0.7015938393310587,0.9999999999999999
46.66166099999962,0.6582773843915979,0.9999999999999999,46.66681299999973,0.6900203247076389,0.9999999999999999
46.915697999999615,0.6709564529896996,0.9999999999999999,46.910761999999764,0.7043773970709842,0.9999999999999999
47.16064299999959,0.7322123601128808,0.9999999999999999,47.15919999999977,0.7384809576324461,0.9999999999999999
47.40629899999959,0.8427725644394165,0.9999999999999999,47.40417499999973,0.7824497630600191,0.9999999999999999
47.66417099999958,0.9929543939621102,0.9162397540983606,47.65880499999971,0.8272929700041712,0.9999999999999999
47.89718299999957,1.1645034508444974,0.704405737704918,47.90242099999974,0.8710392198013984,0.9999999999999999
48.15064299999955,1.3337139468662658,0.4952185792349727,48.16875999999974,0.9202357485159255,0.9999999999999999
48.39372199999957,1.478391864177816,0.3410177595628415,48.39470299999973,0.983540694887549,0.9308401639344261
48.660713999999594,1.5867816503783936,0.2489754098360656,48.640334999999745,1.0654391431569612,0.8287226775956285
48.91313399999959,1.6604575885429467,0.18323087431693993,48.89176999999975,1.1653321939842294,0.7020150273224044
49.138697999999586,1.7143254212800685,0.15454234972677597,49.139613999999746,1.2777738619388441,0.5621584699453552
49.37467699999958,1.7675087266681748,0.13524590163934422,49.393610999999744,1.391699741005691,0.42230191256830607
49.631420999999584,1.8330157267496074,0.11142418032786887,49.637482999999726,1.4897267870296558,0.3302595628415301
49.88291799999959,1.9119007322535022,0.08837090163934423,49.87951199999975,1.5492298555040869,0.29081284153005466
50.1244839999996,1.9928593577255216,0.0668545081967213,50.13028699999974,1.5485689836512924,0.29081284153005466
50.37692099999957,2.0725229108826797,0.04303278688524586,50.37429599999971,1.4828543818386626,0.33743169398907097
50.62155099999961,2.182139713529076,0.025358606557377063,50.62939999999975,1.372722124955484,0.4497950819672131
50.86600399999963,2.395139956822989,0.0,50.868704999999736,1.2529300045565952,0.6004098360655739
51.11334799999962,2.787233391459771,0.0,51.11626999999974,1.1553894119093755,0.7067964480874318
51.451867999999585,3.384372404162228,0.0,51.37427999999972,1.107974892996849,0.7737363387978144
51.77042799999959,4.158782481172208,0.0,51.612194999999716,1.1474010921782787,0.7115778688524591
52.01153699999957,5.040408490156134,0.0,51.866225999999735,1.3240945863846996,0.5035860655737706
52.23791799999957,5.942216057505599,0.0,52.113521999999726,1.6721742503270571,0.1760587431693989
52.38388599999958,6.790313204371579,0.0,52.3645339999997,2.1942787892365576,0.01997950819672131
52.591901999999614,7.531575444165162,0.0,52.6129869999997,2.8518949246722043,0.0
52.84047399999962,8.122818139961549,0.0,52.85753999999969,3.5860047127159174,0.0
53.08460099999964,8.534003130273202,0.0,53.100889999999694,4.348196413992724,0.0
53.37731999999964,8.747003252409232,0.0,53.34489099999969,5.074388711482143,0.0
53.590972999999664,8.739041570707649,0.0,53.59755199999969,5.696381122060695,0.0
53.826905999999674,8.49709597966455,0.0,53.8562199999997,6.159572840337931,0.0
54.078770999999705,8.045162549636387,0.0,54.0969889999997,6.436999732958569,0.0
54.32680399999972,7.461016093714777,0.0,54.34756099999971,6.535974383864974,0.0
54.57693999999972,6.822336057414869,0.0,54.59408599999972,6.476523938059924,0.0
54.824927999999716,6.18863079316844,0.0,54.8383549999997,6.289021558975586,0.0
55.084847999999745,5.592562092505991,0.0,55.0768109999997,6.013680922315595,0.0
55.349811999999744,5.058574956745714,0.0,55.3324119999997,5.69449494447015,0.0
55.56966499999975,4.618114557886631,0.0,55.57315999999972,5.364459707034125,0.0
55.81563299999974,4.311438366977591,0.0,55.849130999999716,5.033493308725729,0.0
56.06605199999978,4.164473855725422,0.0,56.07478399999973,4.695164573649581,0.0
56.30603399999977,4.156953915933385,0.0,56.317452999999745,4.339124973408562,0.0
56.56812699999978,4.211693176972183,0.0,56.560407999999754,3.9593839749942616,0.0
56.810062999999765,4.2305440329366535,0.0,56.81389499999976,3.5601263893947968,0.0
57.05362799999975,4.131965360012138,0.0,57.061479999999776,3.1653027029218106,0.0
57.301906999999765,3.877028004237283,0.0,57.311442999999755,2.8143270150095208,0.0
57.552839999999755,3.4928787009882374,0.0,57.551402999999766,2.5298165589099986,0.0
57.792818999999746,3.0463123931875873,0.0,57.7990909999998,2.3066279221986075,0.0
58.04082999999975,2.6115481330867203,0.0,58.05098399999984,2.126452785822491,0.035348360655737675
58.28665799999977,2.2427385335842493,0.010758196721311506,58.292548999999845,1.9718530479587402,0.07069672131147543
58.54760299999979,1.9598050296812037,0.07223360655737705,58.553403999999844,1.8285222417957572,0.11296106557377049
58.787597999999775,1.7506006909659153,0.14062499999999997,58.78655199999982,1.6876337232834526,0.17127732240437152
59.03813199999977,1.5921164516403992,0.24060792349726773,59.05445599999983,1.5475251105047136,0.2932035519125683
59.281347999999745,1.4622098073837912,0.36372950819672134,59.28478499999983,1.4125587467362368,0.40198087431693996
59.52131899999975,1.3465454424872383,0.4832650273224043,59.53691599999985,1.2885654613742048,0.5478142076502731
59.791273999999746,1.241555604306669,0.6183401639344261,59.78623599999985,1.180046750602288,0.684084699453552
60.02782399999975,1.149774088124364,0.7115778688524591,60.02731999999988,1.0899023102597436,0.7928620218579234
60.28089299999974,1.0741017723960358,0.8131830601092898,60.27734999999991,1.0190838674375011,0.8831967213114753
60.51972599999973,1.0147013190264045,0.8901127049180326,60.53112199999992,0.9659235088207825,0.948514344262295
60.76354899999974,0.9685197805872565,0.9439036885245902,60.77913499999994,0.9249799414313666,0.9969262295081966
61.04547999999974,0.9306460520079562,0.9900102459016393,61.01706799999995,0.8917939648219746,0.9999999999999999
61.27283199999973,0.8956747406814627,0.9999999999999999,61.27037699999998,0.8687317044659647,0.9999999999999999
61.50389499999976,0.8602101279552146,0.9999999999999999,61.51845999999999,0.8650628325488141,0.9999999999999999
61.765867999999784,0.8237604894752285,0.9999999999999999,61.77988000000002,0.8932656111460058,0.9999999999999999
62.00060199999977,0.7890937697527427,0.9999999999999999,62.01029800000003,0.9613339293962226,0.9538934426229507
62.24728399999977,0.75991069538434,0.9999999999999999,62.253525999999994,1.0649420038428936,0.8287226775956285
62.490201999999755,0.7379825807712909,0.9999999999999999,62.511581999999976,1.1833560177361189,0.6793032786885246
62.750666999999765,0.7227718649786881,0.9999999999999999,62.74846299999998,1.2880015183041387,0.5478142076502731
63.04198199999977,0.7131062694498365,0.9999999999999999,63.003437999999974,1.3572587554197402,0.4701161202185792
63.23406799999977,0.7087035176069544,0.9999999999999999,63.25099099999998,1.3834471780159243,0.43664617486338797
63.493733999999755,0.7095937642534186,0.9999999999999999,63.51271499999994,1.3700487061713047,0.45099043715846987
63.72871699999974,0.7144754119306417,0.9999999999999999,63.74914299999998,1.3284671030119024,0.4964139344262296
63.98367999999974,0.7220992565221589,0.9999999999999999,63.99513500000002,1.275034912599356,0.5681352459016394
64.25509799999975,0.7320223633093486,0.9999999999999999,64.23422699999999,1.2308404453276274,0.6255122950819673
64.48000599999975,0.744427470607397,0.9999999999999999,64.48909499999999,1.216091520897254,0.6434426229508197
64.73404699999975,0.7596111169511328,0.9999999999999999,64.735751,1.2426344687900766,0.6171448087431693
64.97295599999978,0.7858685830666116,0.9999999999999999,64.97370599999999,1.3077253309310817,0.5227117486338798
65.23108799999977,0.8369386645137675,0.9999999999999999,65.21978599999998,1.3943213819894842,0.41632513661202186
65.48538999999977,0.9236459433341917,0.9969262295081966,65.48806199999996,1.478942071188722,0.3410177595628415
65.78807299999978,1.0525702873437726,0.8454576502732242,65.72212699999999,1.5370169751748304,0.2991803278688525
66.04270999999977,1.2273406987956847,0.6338797814207651,65.97467099999999,1.549640995758486,0.29081284153005466
66.33523899999977,1.444024165440647,0.38165983606557385,66.21497400000007,1.5133567935860854,0.31711065573770486
66.57380099999976,1.6879744718513727,0.17127732240437152,66.46424300000008,1.4448682955166743,0.38165983606557385
66.8169479999998,1.9312059902246297,0.08299180327868848,66.7202230000002,1.3722217228557245,0.4497950819672131
67.0733739999998,2.132996208195334,0.034579918032786865,66.96742200000023,1.3220829886015788,0.5047814207650273
67.29231199999987,2.2494960923176874,0.009221311475409803,67.20530000000021,1.3099929119250096,0.5191256830601093
67.53067599999986,2.257284147736385,0.0069159836065573735,67.44868700000022,1.335488208217491,0.4940232240437158
67.78432999999991,2.16621104969732,0.027663934426229494,67.70140400000022,1.3827458445551186,0.43664617486338797
67.95128699999994,2.0082479656180543,0.06147540983606555,67.94416700000028,1.427415880840524,0.3936133879781421
68.20645599999997,1.8201428511404933,0.11603483606557373,68.19702400000025,1.4469973852721183,0.37926912568306004
68.43092299999994,1.6293299772334686,0.2059426229508197,68.44764700000023,1.4328603311036336,0.39241803278688525
68.74379999999992,1.4539557301453612,0.37209699453551914,68.69054900000027,1.3911714001932727,0.42349726775956287
68.9763559999999,1.309026562209816,0.5203210382513661,68.93212700000026,1.3372554696671737,0.4904371584699454
69.20183199999991,1.2126373217845083,0.6470286885245902,69.18815600000029,1.28666569319036,0.5502049180327869
69.45618699999997,1.1896969016477164,0.6721311475409836,69.43539000000028,1.2494341710097656,0.606386612021858
69.71016200000004,1.261438812165661,0.5896516393442623,69.67439200000032,1.2300977913511604,0.6290983606557377
69.92516200000006,1.4220108411346128,0.39719945355191255,69.93181200000029,1.2294641190648872,0.6302937158469946
70.16518100000003,1.6265368367050594,0.20952868852459014,70.18778900000031,1.2441478444459426,0.6147540983606558
70.41886400000007,1.8109259962596607,0.12064549180327867,70.42223400000027,1.2646377205663093,0.5860655737704917
70.69233900000003,1.9256517633540395,0.08529713114754099,70.67169100000025,1.2762373432694083,0.5657445355191257
71.02268800000003,1.9512476816708875,0.07914959016393443,70.92675200000022,1.2653033028500051,0.5860655737704917
71.35014200000005,1.8937786139857582,0.09221311475409837,71.18759100000027,1.2261690707126032,0.6362704918032787
71.57157100000003,1.7742720744189961,0.13140368852459017,71.41057300000033,1.163130257992918,0.7067964480874318
71.78539400000004,1.6204032751275035,0.21789617486338797,71.65699900000037,1.0870482274989173,0.7940573770491804
71.97853500000004,1.4590457781487123,0.36492486338797814,71.90344700000041,1.0112080556703262,0.8924180327868851
72.20936600000006,1.3098518888378543,0.5191256830601093,72.1568800000004,0.9476012853062247,0.9669569672131146
72.45477400000003,1.1810751292634247,0.6828893442622951,72.40741300000037,0.9048259822989773,0.9999999999999999
72.72377300000002,1.07237225454881,0.8167691256830603,72.64485500000038,0.8834205248006396,0.9999999999999999
73.01003300000002,0.9842629232617055,0.9285348360655736,72.89532700000034,0.8739802256613378,0.9999999999999999
73.33370300000001,0.9179847056816617,0.9999999999999999,73.1561740000004,0.8631424866727229,0.9999999999999999
73.51219400000005,0.8719024465825528,0.9999999999999999,73.40131500000042,0.8412617513590085,0.9999999999999999
73.71919200000005,0.840196390488592,0.9999999999999999,73.64854000000041,0.8064001801313607,0.9999999999999999
73.89468100000005,0.8147738070540168,0.9999999999999999,73.88353600000043,0.7632987827212419,0.9999999999999999
74.15307700000012,0.7876954823798477,0.9999999999999999,74.14255800000043,0.7191413382194473,0.9999999999999999
74.37267200000007,0.7546171941168689,0.9999999999999999,74.40152100000039,0.6810911793974724,0.9999999999999999
74.62109200000006,0.7162856382749616,0.9999999999999999,74.63349000000039,0.6562122297260317,0.9999999999999999
74.86595000000003,0.6778612906175192,0.9999999999999999,74.87636300000042,0.6520146207243802,0.9999999999999999
75.1545460000001,0.6470480092885235,0.9999999999999999,75.12319300000047,0.6760551383920689,0.9999999999999999
75.36784300000006,0.6308572405907578,0.9999999999999999,75.36859200000046,0.7329190364871039,0.9999999999999999
75.61383200000009,0.6326448575019692,0.9999999999999999,75.61907200000047,0.8175177213675621,0.9999999999999999
75.8749150000001,0.6511288684322013,0.9999999999999999,75.86409800000047,0.909806590219852,0.9999999999999999
76.11373000000009,0.6799275300383301,0.9999999999999999,76.1159600000005,0.9831853621771252,0.9308401639344261
76.35327600000006,0.7081538539100856,0.9999999999999999,76.36497400000049,1.0203020226761201,0.8816598360655736
76.64426500000009,0.7256788281224487,0.9999999999999999,76.60752700000049,1.02224914494954,0.8793545081967212
76.85854100000006,0.7281894966351169,0.9999999999999999,76.85750900000053,1.0055927586914049,0.9039446721311475
77.13573500000007,0.7184565735267576,0.9999999999999999,77.1059660000006,0.9894510955535893,0.9200819672131146
77.39167600000013,0.7054122841040467,0.9999999999999999,77.35702300000061,0.9848967139995287,0.9262295081967212
77.59829900000018,0.7020167057143656,0.9999999999999999,77.60195400000067,0.9922296755990819,0.9177766393442622
77.8331970000002,0.7190069028965856,0.9999999999999999,77.84576600000065,1.0041290530197047,0.9047131147540983
78.08470700000024,0.7584080190850162,0.9999999999999999,78.09261200000064,1.011814183597299,0.8924180327868851
78.38005200000028,0.8124766018731313,0.9999999999999999,78.34999900000068,1.0094849345415546,0.8970286885245901
78.59857600000032,0.8694760439912961,0.9999999999999999,78.58652300000068,0.9959680093439806,0.9139344262295082
78.82806300000026,0.9199525791604751,0.9999999999999999,78.86299800000069,0.9762905959231455,0.9377561475409836
79.09226600000024,0.9580774882563478,0.9538934426229507,79.08248600000071,0.9655239905462977,0.9492827868852458
79.33186700000024,0.9791742530530128,0.9369877049180327,79.33414700000071,0.9886507174642597,0.9216188524590163
79.62830500000025,0.9777831812406133,0.9377561475409836,79.58947000000069,1.068740245391485,0.8251366120218578
79.84468300000027,0.9496138936891544,0.9661885245901639,79.8243690000007,1.2167966662886263,0.6434426229508197
80.06629200000029,0.8955876997612796,0.9999999999999999,80.07535400000073,1.432701385621496,0.39241803278688525
80.30814100000028,0.8258653792063027,0.9999999999999999,80.32743000000077,1.7036671970656347,0.16051912568306004
80.56955600000025,0.7557743077661366,0.9999999999999999,80.57592600000079,2.005003162752648,0.06454918032786887
80.82503600000022,0.6970398854653299,0.9999999999999999,80.81937200000081,2.297496749562362,0.0
81.11538600000026,0.6550972335447216,0.9999999999999999,81.06135400000082,2.527725775389929,0.0
81.40305500000025,0.6307070084515312,0.9999999999999999,81.3141780000008,2.6430593955321218,0.0
81.65161300000031,0.6234366382353765,0.9999999999999999,81.55827800000081,2.6185918349558213,0.0
81.82171900000034,0.6333539338144554,0.9999999999999999,81.80935800000081,2.4719488806611176,0.0
82.04505300000038,0.6607087556446085,0.9999999999999999,82.06719300000081,2.2471828069813844,0.009221311475409803
82.31451200000036,0.7041210164616982,0.9999999999999999,82.29728800000086,1.990535873413815,0.0668545081967213
82.54820900000045,0.7581579675076744,0.9999999999999999,82.55016200000088,1.7346074317152087,0.14600409836065573
82.80805500000054,0.8114373778108788,0.9999999999999999,82.79821700000086,1.4975874158407234,0.32308743169398907
83.0604260000006,0.8494739174792286,0.9999999999999999,83.04757700000093,1.2899891863396873,0.5454234972677595
83.29926100000063,0.8629577737328165,0.9999999999999999,83.29369500000094,1.1157290580119397,0.7570013661202187
83.59205500000063,0.853434616073229,0.9999999999999999,83.54174600000091,0.9731618999741295,0.9415983606557377
83.80566900000063,0.8314825671574257,0.9999999999999999,83.79281300000095,0.8570296933601489,0.9999999999999999
84.08515400000067,0.8102884824873468,0.9999999999999999,84.0308310000009,0.7619838776471404,0.9999999999999999
84.32109200000065,0.8015408537740145,0.9999999999999999,84.3005530000009,0.6855009270576253,0.9999999999999999
84.57509700000067,0.8122944915482939,0.9999999999999999,84.53689500000094,0.6285182134535163,0.9999999999999999
84.79594900000063,0.8441273429661635,0.9999999999999999,84.78680900000099,0.5937796299843016,0.9999999999999999
85.06780400000065,0.8917903822576272,0.9999999999999999,85.024341000001,0.5823827009456409,0.9999999999999999
85.30292900000063,0.9418138838977779,0.9738729508196721,85.28077900000106,0.5916414413126467,0.9999999999999999
85.59329600000063,0.975137355358606,0.9408299180327868,85.52524300000108,0.6163829878697803,0.9999999999999999
85.8268520000006,0.9768873406634346,0.9377561475409836,85.76524700000108,0.6512976286041808,0.9999999999999999
86.08017600000069,0.946892474322689,0.9684938524590163,86.02024600000114,0.6930824390900708,0.9999999999999999
86.3557320000007,0.8984817082267325,0.9999999999999999,86.26517300000116,0.7410045183231818,0.9999999999999999
86.61428600000072,0.8478635417039181,0.9999999999999999,86.53273100000118,0.7957661490018644,0.9999999999999999
86.78610900000075,0.8068048705352685,0.9999999999999999,86.7582110000012,0.8564326173518881,0.9999999999999999
87.01415300000085,0.7809955679614962,0.9999999999999999,87.00023000000118,0.9167369789744,0.9999999999999999
87.2858940000009,0.7713675004383382,0.9999999999999999,87.25424500000128,0.966082578179366,0.948514344262295
87.60231000000094,0.7757744467861881,0.9999999999999999,87.50108600000128,0.9947593659032918,0.9147028688524589
87.85563300000096,0.7906912461232816,0.9999999999999999,87.74853700000128,1.0020145192148624,0.9077868852459016
88.08431400000102,0.8114145107811951,0.9999999999999999,87.99650500000133,0.9977493677665241,0.9131659836065573
88.30738000000102,0.83176591606999,0.9999999999999999,88.23858600000135,0.9977193653547783,0.9131659836065573
88.57475400000105,0.8458011473948077,0.9999999999999999,88.48906200000138,1.0158523087707327,0.8901127049180326
88.77638600000097,0.8506448911192737,0.9999999999999999,88.73260900000142,1.0573877295810603,0.83948087431694
88.99355200000103,0.8463603843077306,0.9999999999999999,88.98334900000145,1.116449070236328,0.7558060109289618
89.3270400000011,0.834275676836519,0.9999999999999999,89.22886600000147,1.1787895878157337,0.684084699453552
89.55182800000108,0.8156316045677011,0.9999999999999999,89.47923000000151,1.2264345034193673,0.6362704918032787
89.77934900000108,0.7923943211360879,0.9999999999999999,89.73990200000149,1.2442764918721012,0.613558743169399
90.0429240000011,0.7697550560953486,0.9999999999999999,89.96954500000152,1.2258075009029217,0.6362704918032787
90.30767100000115,0.7563751220001624,0.9999999999999999,90.2233980000015,1.175681956919379,0.6888661202185793
90.58181100000117,0.7621048226989826,0.9999999999999999,90.4643380000015,1.105797585106208,0.7749316939890711
90.78479800000115,0.7935758374219306,0.9999999999999999,90.71381500000153,1.0284833601193115,0.8739754098360655
91.01526300000116,0.8492821442225973,0.9999999999999999,90.96689300000155,0.9508078057913194,0.9638831967213114
91.2358300000012,0.9196095536066139,0.9999999999999999,91.21215900000155,0.8737879613740841,0.9999999999999999
91.53035500000128,0.989261944613951,0.9208504098360655,91.45566200000152,0.7977753750960584,0.9999999999999999
91.79255500000129,1.043643784601921,0.8563012295081966,91.70138100000155,0.7257508108746337,0.9999999999999999
92.03783000000139,1.0761319162983656,0.810792349726776,91.9520270000016,0.6627028943373661,0.9999999999999999
92.2711740000014,1.0892237619819511,0.7928620218579234,92.20058400000161,0.6130838735249982,0.9999999999999999
92.51970200000147,1.0924004144692783,0.7904713114754098,92.44735200000164,0.579439411471679,0.9999999999999999
92.70814400000144,1.0980694996705878,0.7844945355191258,92.7018900000016,0.5618166878500763,0.9999999999999999
92.9510410000015,1.116666293393123,0.7546106557377051,92.94866400000163,0.5573999422399922,0.9999999999999999
93.25594200000147,1.151197957617569,0.7115778688524591,93.19466000000172,0.5618657210840873,0.9999999999999999
93.47554500000153,1.193557832791169,0.6673497267759563,93.44175100000173,0.5706597594268371,0.9999999999999999
93.7679360000015,1.2290150709411825,0.6302937158469946,93.68656500000174,0.580483532000365,0.9999999999999999
93.9374110000015,1.2462319597203928,0.6075819672131147,93.93655700000173,0.5908668585055117,0.9999999999999999
94.17571100000154,1.240685732647706,0.6195355191256832,94.17683900000172,0.6024418137981298,0.9999999999999999
94.4587940000015,1.2128346201391516,0.6470286885245902,94.43323800000175,0.6158041759801909,0.9999999999999999
94.65352000000155,1.1658560975391112,0.7008196721311477,94.67318600000175,0.6319541610314353,0.9999999999999999
94.9304670000016,1.1051858283998572,0.7749316939890711,94.92673700000178,0.6524357185681915,0.9999999999999999
95.1610850000016,1.0389812116306807,0.8639856557377049,95.17158700000185,0.6776379710844176,0.9999999999999999
95.43241700000159,0.9768255816286587,0.9377561475409836,95.42158100000186,0.7062463259424989,0.9999999999999999
95.6966880000016,0.926077962408535,0.9938524590163933,95.67568600000187,0.7356642289317697,0.9999999999999999
95.90918100000154,0.8906028486480891,0.9999999999999999,95.9221000000018,0.7634658354025721,0.9999999999999999
96.16134700000154,0.8705533509572978,0.9999999999999999,96.15897400000178,0.7882141568655584,0.9999999999999999
96.45421200000156,0.8632391684577165,0.9999999999999999,96.4045940000018,0.8096683101762516,0.9999999999999999
96.63770400000153,0.8633282178380725,0.9999999999999999,96.65726000000183,0.8299501512519496,0.9999999999999999
96.89118500000157,0.86383060377716,0.9999999999999999,96.90285400000177,0.8537757328028193,0.9999999999999999
97.14187600000152,0.8584001735004201,0.9999999999999999,97.1458880000018,0.8865531909965804,0.9999999999999999
97.38297100000156,0.8442742359058537,0.9999999999999999,97.4094890000018,0.9294524360635228,0.9915471311475409
97.63260600000154,0.8214158844398775,0.9999999999999999,97.64805000000179,0.9780936541985177,0.9377561475409836
97.90948000000154,0.7906464874501657,0.9999999999999999,97.89303600000184,1.0250519871016652,0.8785860655737704
98.14736200000156,0.754083705115618,0.9999999999999999,98.13751200000185,1.0627929014785138,0.8335040983606558
98.40936900000159,0.7148597023858221,0.9999999999999999,98.3869060000019,1.0869031304135308,0.7940573770491804
98.62241200000162,0.6756028402050688,0.9999999999999999,98.63353500000188,1.0995877008241675,0.782103825136612
98.8712430000016,0.6374955456375335,0.9999999999999999,98.88711600000184,1.1145575642685295,0.7593920765027323
99.11028500000161,0.6010343511625549,0.9999999999999999,99.12475300000192,1.1568438956378895,0.7067964480874318
99.35852700000162,0.5672809894297552,0.9999999999999999,99.38138800000202,1.2529971185792985,0.6004098360655739
99.60952100000164,0.5379658979259125,0.9999999999999999,99.62875600000199,1.4143585117432458,0.40198087431693996
99.8612370000016,0.515724068446889,0.9999999999999999,99.87627700000199,1.6198523425755098,0.21789617486338797
100.1643680000016,0.5041629942090045,0.9999999999999999,100.12146000000199,1.8115696995804278,0.11987704918032786
100.40780000000161,0.5064204490218913,0.9999999999999999,100.37257000000204,1.92078542371129,0.08529713114754099
100.62771400000163,0.522522491851841,0.9999999999999999,100.62094300000211,1.9163099106272075,0.08760245901639342
100.86225600000161,0.5483321003498663,0.9999999999999999,100.86593100000213,1.8188771795336118,0.11603483606557373
101.11021600000163,0.5757473466555846,0.9999999999999999,101.10848800000217,1.6730517505716507,0.1760587431693989
101.34667400000164,0.5950797790400896,0.9999999999999999,101.36244000000214,1.5202981465899392,0.3147199453551912
101.62507400000167,0.5995875964367152,0.9999999999999999,101.60020700000219,1.3875703202876613,0.43186475409836056
101.89621200000171,0.5900521966863229,0.9999999999999999,101.87422300000217,1.285882645453494,0.5502049180327869
102.2587240000017,0.5735957392665652,0.9999999999999999,102.0983870000022,1.2127089016805328,0.6470286885245902
102.53133000000173,0.5587844512043915,0.9999999999999999,102.34929300000228,1.1602854036107333,0.7067964480874318
102.85172100000172,0.5507639711083977,0.9999999999999999,102.59405500000234,1.1220027344578596,0.7438524590163936
103.10489900000167,0.5518359833563428,0.9999999999999999,102.8415930000024,1.094215072403279,0.7892759562841531
103.29616500000154,0.6008474003266941,0.9999999999999999,103.09147500000246,1.07519024562312,0.810792349726776
103.49097700000155,0.7813610246973773,0.9999999999999999,103.34766500000251,1.0643573937639048,0.8323087431693991
103.68449900000161,1.0567004415417176,0.83948087431694,103.59958500000252,1.062362653025037,0.8335040983606558
103.95768800000155,1.3412018214273296,0.4868510928961749,103.83847700000251,1.0709363755180288,0.8227459016393442
104.12867200000156,1.5884137209110771,0.24538934426229514,104.07879800000255,1.0893420637698503,0.7928620218579234
104.35069700000157,1.7832474441833615,0.12909836065573765,104.33234000000256,1.1142252952475706,0.7593920765027323
104.58258800000158,1.92503459060508,0.08529713114754099,104.5731880000026,1.140199024790188,0.7235314207650273
104.88471300000163,2.017608646009205,0.05840163934426231,104.8261020000026,1.1616737565504405,0.7067964480874318
105.10083000000164,2.065062833490327,0.04533811475409837,105.08158400000261,1.1745659761544602,0.6888661202185793
105.35577100000162,2.0697220902502167,0.04380122950819675,105.31963500000262,1.181208441775921,0.6816939890710384
105.54569200000164,2.0306019675575713,0.05455942622950818,105.56605600000263,1.1932279883290104,0.6673497267759563
105.81404600000164,1.9419981126877137,0.08145491803278686,105.81087400000258,1.2255561524043803,0.6362704918032787
106.04204200000157,1.7940562285747286,0.12679303278688522,106.06404200000262,1.2856406558196471,0.5502049180327869
106.28142100000156,1.5890337676963364,0.24538934426229514,106.30332000000261,1.3677755217746363,0.4521857923497268
106.55104100000158,1.3841433006020962,0.43664617486338797,106.5508440000026,1.4576259597203425,0.36492486338797814
106.82588900000161,1.2323446957702362,0.6231215846994536,106.81129100000264,1.5376053285725007,0.29798497267759566
107.04444900000159,1.1153953582633014,0.7581967213114754,107.05324200000263,1.590295143828266,0.24419398907103818
107.28389500000156,1.0237320116600366,0.8793545081967212,107.29704000000272,1.6023246637135797,0.23463114754098366
107.52791800000163,0.9577917229340467,0.9538934426229507,107.54041500000275,1.570799328489551,0.2645150273224043
107.76931700000165,0.9216054127250465,0.9992315573770492,107.78782500000274,1.5082080202755674,0.3195013661202186
108.02626100000164,0.9175253921639904,0.9999999999999999,108.0374610000028,1.4345204202086406,0.39241803278688525
108.2792730000016,0.942329897543526,0.9738729508196721,108.28779600000284,1.366924941323393,0.4533811475409837
108.52115400000163,0.9859921415427144,0.9246926229508197,108.53981500000289,1.3125654510573725,0.514344262295082
108.76917300000167,1.0345898888833063,0.8693647540983606,108.78157800000294,1.271653306099158,0.5788934426229508
109.02144300000164,1.0725940481866825,0.8155737704918034,109.0285620000029,1.2433674193336095,0.6159494535519126
109.25731300000169,1.089163224282375,0.7928620218579234,109.28320400000291,1.2277652658360956,0.6338797814207651
109.50567300000165,1.0822540299348635,0.8048155737704918,109.52188600000292,1.2284188055394996,0.6314890710382512
109.79167500000165,1.0577864235404213,0.8382855191256833,109.77189900000296,1.2514591936398283,0.6039959016393442
110.0231830000017,1.0251061906093921,0.8778176229508197,110.01473700000292,1.3009035340733595,0.5310792349726776
110.30465100000167,0.9922808348805702,0.9177766393442622,110.26135000000293,1.3734551999895857,0.4485997267759563
110.55749400000168,0.963095637022491,0.9531249999999999,110.51384800000288,1.4581273249801452,0.36492486338797814
110.78408300000167,0.9384222209850516,0.9807889344262294,110.75986300000288,1.5386332620381538,0.29798497267759566
111.00906400000176,0.9175155715405838,0.9999999999999999,111.01068500000287,1.5973509544035829,0.2382172131147541
111.28663600000174,0.8986407170028947,0.9999999999999999,111.26226200000282,1.6204686024540986,0.21789617486338797
111.51591100000174,0.8793465476451463,0.9999999999999999,111.5043430000028,1.6034905886517261,0.23463114754098366
111.8407140000017,0.8569929452678361,0.9999999999999999,111.7539220000028,1.5540097165638351,0.288422131147541
112.07375000000167,0.8290393892762737,0.9999999999999999,112.0095620000028,1.490121972294728,0.3302595628415301
112.41112000000169,0.7941423859532601,0.9999999999999999,112.24828800000277,1.4348430472072347,0.39241803278688525
112.64164900000168,0.7529426503742347,0.9999999999999999,112.49623300000277,1.4079499170688259,0.40556693989071035
112.84819900000167,0.7076933280245046,0.9999999999999999,112.7597560000028,1.4186846172303769,0.40078551912568294
113.07760600000164,0.7596087711642614,0.9999999999999999,112.98753400000281,1.4663861786539685,0.3565573770491803
113.34796000000165,0.875860135739887,0.9999999999999999,113.23285300000279,1.5432393178139288,0.2955942622950819
113.57357300000167,0.9852751214789166,0.9254610655737704,113.48834400000287,1.6353424260953435,0.20355191256830607
113.83599100000164,1.0805067366868895,0.8072062841530055,113.7339370000029,1.7237404448456606,0.15095628415300538
114.07140300000167,1.1614970365483333,0.7067964480874318,113.97827300000291,1.7875919550299337,0.12832991803278684
114.30734700000168,1.2297915940819788,0.6290983606557377,114.22083200000291,1.8126257581410838,0.11910860655737705
114.63144800000167,1.287274706603876,0.5502049180327869,114.47444200000294,1.7993159584118703,0.12371926229508191
114.8647420000017,1.335787881860387,0.4916325136612022,114.72136400000295,1.7623635671135127,0.13601434426229503
115.10534400000166,1.377020389029315,0.443818306010929,114.96797800000299,1.7223315329451276,0.15215163934426232
115.3022900000017,1.4125057668998726,0.40198087431693996,115.21228700000296,1.693285362600753,0.16530054644808742
115.5517620000017,1.4436771974177043,0.38405054644808745,115.46227000000296,1.6791972127847892,0.17366803278688528
115.82510400000173,1.4719888226700764,0.35297131147540983,115.70872000000298,1.6756283118714856,0.17366803278688528
116.07158300000177,1.4991800846253427,0.3206967213114754,115.95311500000301,1.6713777859417591,0.17725409836065573
116.29459800000177,1.5279894485290872,0.30515710382513656,116.20262500000298,1.6522095041272642,0.189207650273224
116.55745100000179,1.564883764994844,0.274077868852459,116.447543000003,1.6087733310206342,0.2322404371584699
116.8137780000017,1.6406489711862318,0.19877049180327866,116.70063100000299,1.5427703514673239,0.2955942622950819
117.03272800000174,5.504397466171201,0.0,116.94751300000301,1.467018978315353,0.3565573770491803
117.27526600000171,21.337076743971107,0.0,117.217262000003,1.3990173760459081,0.41154371584699456
117.52974400000168,33.19287624458288,0.0,117.44029200000297,1.3535808109837228,0.4772882513661203
117.7957180000017,36.325713657278975,0.0,117.68911000000293,1.3344530439191833,0.4940232240437158
118.04775600000177,33.54377532533369,0.0,117.94169100000293,1.332350216392651,0.4964139344262296
118.27156800000178,29.929004340931066,0.0,118.18315000000297,1.3298802678385016,0.4964139344262296
118.54431200000178,26.707274742359104,0.0,118.43956800000296,1.310877713799122,0.5179303278688524
118.78281000000185,24.068994807335653,0.0,118.68096100000295,1.2698012161594132,0.5824795081967213
119.05768100000179,21.92902487520658,0.0,118.92094000000294,1.212786666022442,0.6470286885245902
119.27024800000183,20.143610815695336,0.0,119.17988900000293,1.1532787242264302,0.7115778688524591
119.50406100000183,18.589109003150043,0.0,119.42180900000302,1.107473266335758,0.7749316939890711
119.75732300000188,17.19080931058325,0.0,119.66827800000304,1.0886816003561752,0.7940573770491804
120.0353870000019,15.893167395066218,0.0,119.91585000000305,1.1021729143746433,0.7773224043715847
120.24833100000188,14.645913975080425,0.0,120.18380600000309,1.1417872179509398,0.7223360655737706
120.50720600000184,13.412833160895989,0.0,120.42376100000305,1.1883962372509718,0.6721311475409836
120.74642800000181,12.148075533399247,0.0,120.65927800000307,1.221186199888063,0.6386612021857925
120.99425300000185,10.79484384579647,0.0,120.91180900000312,1.2264326306168951,0.6362704918032787
121.23183800000183,9.4664244124085,0.0,121.14969800000313,1.204296208446934,0.6565915300546449
121.50584500000186,8.305563516087856,0.0,121.40620100000321,1.1633835003732402,0.7067964480874318
121.72634400000187,7.321485052602759,0.0,121.65007400000319,1.1147710477920494,0.7581967213114754
121.98535400000183,6.4660942358251,0.0,121.89433300000321,1.0664760527391395,0.8251366120218578
122.24484000000187,5.697141367518714,0.0,122.15289600000322,1.0225803053015627,0.8793545081967212
122.47773000000186,5.010002163749535,0.0,122.39951100000327,0.9855517689414268,0.9246926229508197
122.72045300000185,4.410006701200329,0.0,122.63591900000331,0.9567856642175399,0.9561987704918031
122.96836300000184,3.8927940220208326,0.0,122.8809570000033,0.9366178050928518,0.9823258196721311
123.21482900000184,3.4452399471778037,0.0,123.12716400000333,0.9243952197106615,0.9969262295081966
123.48171400000186,3.0584759629028597,0.0,123.3816720000033,0.9195245044849731,0.9999999999999999
123.71718400000192,2.7264992486207626,0.0,123.64857500000328,0.9217690439135768,0.9992315573770492
123.95830700000187,2.444726808908206,0.0,123.87658600000327,0.9310289981100398,0.9900102459016393
124.20861200000189,2.2053630778025513,0.01844262295081969,124.11749900000325,0.9472966945317033,0.9684938524590163
124.4560710000019,1.997971292987271,0.06608606557377049,124.37203500000327,0.9669594149655327,0.9469774590163934
124.72461800000185,1.8103869663246104,0.12064549180327867,124.6218510000033,0.9848980305680443,0.9262295081967212
124.94560900000181,1.6340225610792973,0.20474726775956287,124.89301300000334,0.9991832752939982,0.9093237704918031
125.2024630000019,1.4676980252498693,0.3553620218579235,125.11896000000337,1.0126479453513137,0.8916495901639344
125.44372200000191,1.317166133350269,0.5119535519125683,125.36895200000338,1.0320509925377443,0.8716700819672131
125.69631000000194,1.1896377226967758,0.6721311475409836,125.61291700000336,1.0645553799221545,0.831113387978142
125.93912400000194,1.0909790501518262,0.7916666666666667,125.8582660000034,1.1133219461427286,0.7629781420765027
126.19502900000197,1.0230519608487592,0.8793545081967212,126.10558700000338,1.1741957215176677,0.6888661202185793
126.43615100000201,0.982175626260647,0.9308401639344261,126.35519700000336,1.2342600991153276,0.6231215846994536
126.70003700000197,0.959140111886143,0.9538934426229507,126.5955420000033,1.275472726126765,0.5669398907103824
126.93926300000199,0.942888253448521,0.9738729508196721,126.84869300000331,1.280878315690705,0.5597677595628415
127.17854200000197,0.9263881250517219,0.9938524590163933,127.09970200000333,1.241360289384714,0.6183401639344261
127.43260300000198,0.908547204486993,0.9999999999999999,127.34298500000332,1.1631512765445338,0.7067964480874318
127.67848500000197,0.89306544909307,0.9999999999999999,127.59170400000333,1.0678941792830738,0.8251366120218578
127.93898500000196,0.8852718051347179,0.9999999999999999,127.84302000000335,0.9824780994314426,0.9308401639344261
128.16599900000193,0.8885340103889295,0.9999999999999999,128.10197700000336,0.9292138207037396,0.9915471311475409
128.41199000000196,0.9016752172196794,0.9999999999999999,128.33037900000335,0.9188855560120925,0.9999999999999999
128.6823170000019,0.9200315531220369,0.9999999999999999,128.5855370000034,0.9526160538608531,0.9623463114754097
128.95331000000192,0.9379647690413033,0.9807889344262294,128.83242000000342,1.040530674401789,0.8624487704918031
129.182249000002,0.9492178247252688,0.9661885245901639,129.06798600000337,1.3159311860485112,0.5119535519125683
129.40452700000196,0.9486944402855089,0.9669569672131146,129.3245380000034,1.9955437439760415,0.06608606557377049
129.65238900000202,0.9354762163038546,0.9838627049180327,129.56292300000342,3.1864856147942353,0.0
129.91736900000205,0.9133524935319802,0.9999999999999999,129.81483100000344,4.856784953270097,0.0
130.1408880000021,0.8896076113367526,0.9999999999999999,130.0628680000035,6.964242433543277,0.0
130.40087600000206,0.8739986849789404,0.9999999999999999,130.3104260000035,9.457468210608628,0.0
130.6453630000021,0.8764822351338701,0.9999999999999999,130.5571040000035,12.307358665295325,0.0
130.8881360000021,0.9033875271692771,0.9999999999999999,130.8010500000035,15.399270145521207,0.0
131.15055000000208,0.9531974874315402,0.9608094262295082,131.04945800000343,18.512422301998633,0.0
131.37793200000206,1.0155672307965953,0.8901127049180326,131.3110070000035,21.369846563617514,0.0
131.63049000000206,1.0784553586414873,0.8084016393442625,131.54438900000346,23.73240702118606,0.0
131.88444700000204,1.1353689440474684,0.7378756830601094,131.7924900000034,25.44267465006414,0.0
132.14037800000207,1.1878355847465394,0.6733265027322405,132.04684800000337,26.41732924825429,0.0
132.39359000000206,1.2405655900246397,0.6207308743169399,132.29152500000325,26.611230007992866,0.0
132.61357900000195,1.2959185602006706,0.5394467213114754,132.53601900000317,25.98101375713891,0.0
132.87862500000196,1.3492614026858607,0.4820696721311475,132.78398200000328,24.45336649823065,0.0
133.13507900000198,1.3910148188813463,0.42588797814207646,133.02928500000326,22.045249621069992,0.0
133.45193800000192,1.4154032490491113,0.40198087431693996,133.27593000000326,19.01137566845091,0.0
133.7361180000019,1.4245688054816066,0.39600409836065575,133.5247820000033,15.857021213987839,0.0
133.91770700000194,1.4290277886723755,0.3936133879781421,133.77430500000312,13.091559527251285,0.0
134.10703200000194,1.4459117192666577,0.380464480874317,134.01874200000321,10.841861648219643,0.0
134.3751120000019,1.4940982071380655,0.3290642076502733,134.2627870000033,9.058785214468859,0.0
134.60145900000185,1.5812721564941739,0.2561475409836066,134.53706700000325,7.651085397025744,0.0
134.85641100000203,1.6967713155549147,0.1629098360655738,134.7594690000032,6.538675723536927,0.0
135.11089100000194,1.8209859904588799,0.11603483606557373,135.0128100000031,5.651545615706224,0.0
135.34540100000203,1.935915795244429,0.08299180327868848,135.25596400000316,4.93123630603127,0.0
135.61148200000204,2.0240517499822364,0.05455942622950818,135.50131700000304,4.330498745732689,0.0
135.84376000000208,2.066360624549323,0.04533811475409837,135.76230100000296,3.815205751409697,0.0
136.0833910000021,2.046921380151278,0.05148565573770494,136.00038700000295,3.367852187348657,0.0
136.33486000000215,1.9626358218536855,0.07146516393442624,136.24627000000288,2.98709224467005,0.0
136.57682300000212,1.8301486850338122,0.11219262295081968,136.49149100000292,2.6783172770604327,0.0
136.84590700000217,1.6798282420662851,0.17366803278688528,136.74684200000274,2.441458870895883,0.0
137.07053900000216,1.540326239167698,0.2967896174863387,136.9968430000027,2.262724944097551,0.006147540983606563
137.32653500000217,1.4267143970231322,0.39480874316939896,137.23844900000253,2.1183460349780585,0.03688524590163938
137.56583300000224,1.3388605353762926,0.4892418032786885,137.48773500000246,1.9865962744809247,0.06839139344262292
137.8248590000022,1.2669012846867251,0.5860655737704917,137.73988100000247,1.8565075493008059,0.10297131147540979
138.06303800000225,1.2016448308169532,0.6577868852459017,137.9767430000024,1.72631396993608,0.15095628415300538
138.30901700000234,1.1421922089655614,0.7211407103825137,138.22530200000242,1.5999521342511143,0.23582650273224048
138.56753500000238,1.0948457503973235,0.7892759562841531,138.4722180000025,1.4854305700363317,0.3350409836065573
138.80928400000244,1.0674887826048785,0.8251366120218578,138.72218800000243,1.3937807654687104,0.41632513661202186
139.0536450000024,1.0623322598742015,0.8335040983606558,138.97216600000237,1.3383039946292816,0.4892418032786885
139.29720800000234,1.0705396021562743,0.8227459016393442,139.2237560000023,1.3316092754434634,0.4964139344262296
139.5652920000023,1.075207128140306,0.810792349726776,139.4691950000024,1.382246019634214,0.43664617486338797
139.79989200000222,1.061792227392386,0.8335040983606558,139.7131620000023,1.4909713946627434,0.3302595628415301
140.05775700000223,1.0271983789061079,0.8762807377049179,139.95592500000237,1.648503752230342,0.19159836065573765
140.29322100000223,0.9782152505313426,0.9377561475409836,140.20015100000234,1.835315994046026,0.11065573770491806
140.53726400000227,0.9265458218583027,0.9938524590163933,140.45188100000234,2.021614266535099,0.05532786885245899
140.78460600000216,0.8819181957524769,0.9999999999999999,140.69738800000218,2.1688786108331786,0.026895491803278684
141.0279570000022,0.8499463413454157,0.9999999999999999,140.95040100000216,2.2398945159564287,0.012295081967213127
141.28048200000217,0.8338468698402183,0.9999999999999999,141.19551400000205,2.2174971096448464,0.01690573770491807
141.52901100000213,0.8367085626417068,0.9999999999999999,141.446379000002,2.114725653552722,0.03688524590163938
141.77029400000205,0.8602717916052329,0.9999999999999999,141.689910000002,1.966271057732891,0.07146516393442624
142.01976000000207,0.9028344174198896,0.9999999999999999,141.93423900000207,1.8109705659703548,0.12064549180327867
142.27333500000208,0.9583082483593699,0.9538934426229507,142.1916940000021,1.6802440479667882,0.17247267759562845
142.51765400000207,1.0177339435652129,0.8855020491803278,142.45671300000205,1.593548425336797,0.24060792349726773
142.76696100000203,1.0710248900069461,0.8227459016393442,142.68395200000197,1.5542567349832466,0.288422131147541
143.009466000002,1.1090066993415668,0.7713456284153005,142.93907000000192,1.5465185905278238,0.2943989071038251
143.26894200000208,1.128950565727492,0.740266393442623,143.17954400000187,1.5404002130608963,0.2967896174863387
143.50750100000215,1.137210812883201,0.7330942622950821,143.44461900000184,1.5080867530410411,0.3195013661202186
143.7499860000021,1.1457868772775512,0.7151639344262295,143.6685950000019,1.4419285211641177,0.38524590163934425
144.00359800000214,1.1650014194539227,0.7020150273224044,143.9120500000018,1.3539847770748628,0.4772882513661203
144.24458900000204,1.197222692345746,0.6625683060109291,144.16443500000176,1.2632305454226354,0.5896516393442623
144.51457900000207,1.235874418739414,0.6231215846994536,144.41556600000186,1.1848164122901006,0.6781079234972678
144.74921600000212,1.270060205866126,0.5812841530054645,144.6636220000019,1.127244570872001,0.7426571038251367
144.99404300000197,1.2913718363181859,0.5418374316939891,144.90654200000185,1.0939533168867401,0.7892759562841531
145.2358910000019,1.2962717790823692,0.5382513661202186,145.16921800000176,1.0853217189892264,0.796448087431694
145.4900170000018,1.2858537028573838,0.5502049180327869,145.3995700000018,1.0987322652718592,0.782103825136612
145.72931400000178,1.266061470664109,0.5860655737704917,145.65099100000174,1.1274144012886114,0.7414617486338797
145.97829900000187,1.2468140140472095,0.6075819672131147,145.8964330000017,1.160229895373508,0.7067964480874318
146.2299130000017,1.2386284766647908,0.6207308743169399,146.14594800000168,1.1852064713352939,0.6781079234972678
146.4832010000016,1.2462300856376698,0.6075819672131147,146.3927220000017,1.1953370215611758,0.6637636612021858
146.73183600000152,1.2625502270962878,0.5896516393442623,146.65751700000172,1.1898432426898533,0.6709357923497269
146.97119300000162,1.269967622311998,0.5812841530054645,146.8911100000017,1.1698192422727185,0.6948428961748635
147.21520800000167,1.2516666423339367,0.6039959016393442,147.1431360000017,1.136024462076532,0.7366803278688525
147.46594500000162,1.2064719380679634,0.6518101092896176,147.38749800000176,1.091029920815584,0.7916666666666667
147.72449500000167,1.1514045457362636,0.7115778688524591,147.64066000000182,1.050852643229844,0.8478483606557378
147.97108100000165,1.1103725053709987,0.7689549180327869,147.8751330000018,1.0645104618641141,0.8323087431693991
148.20705400000148,1.1047892556501273,0.7749316939890711,148.12511400000184,1.2217740355883657,0.6386612021857925
148.46032100000147,1.1497429073960783,0.7115778688524591,148.3747880000018,1.659041824941064,0.18562158469945356
148.7039230000015,1.252297114612083,0.6039959016393442,148.61850700000173,2.491899427616501,0.0
148.95723000000157,1.4094059386864923,0.40198087431693996,148.86409700000164,3.7301352001604906,0.0
149.19627900000157,1.6024655004844417,0.23463114754098366,149.12216800000164,5.23429756543452,0.0
149.4457410000016,1.7957731537928352,0.12679303278688522,149.36253400000177,6.781549253645305,0.0
149.6878320000016,1.9486824081204466,0.08068647540983605,149.61109200000175,8.154746760202809,0.0
149.95230500000156,2.033881292716372,0.05455942622950818,149.8653750000017,9.196454835795326,0.0
150.18869000000157,2.044074355880606,0.05225409836065575,150.1034350000017,9.8694723580407,0.0
150.43672700000155,1.9852520113302283,0.06915983606557373,150.34841900000168,10.233965843280608,0.0
150.68975900000152,1.8717648775674645,0.09836065573770493,150.60337600000165,10.390318739689906,0.0
150.93781700000144,1.7228893344981708,0.15215163934426232,150.84141500000166,10.419757519221585,0.0
151.1784940000014,1.55942616854623,0.2800546448087432,151.1035100000016,10.350713971027957,0.0
151.4184370000014,1.400117397216311,0.41034836065573765,151.34443400000146,10.174404165479864,0.0
151.6754580000015,1.2583527893829682,0.5932377049180328,151.5848940000014,9.875147949640546,0.0
151.9226450000015,1.1415719425332356,0.7223360655737706,151.83486500000143,9.446961832151077,0.0
152.18360900000147,1.0537838748368031,0.8454576502732242,152.08179800000136,8.915894544873895,0.0
152.41757200000148,0.995598850796781,0.9147028688524589,152.33058400000144,8.327459463225205,0.0
152.65600800000155,0.9624601678180631,0.9531249999999999,152.57541700000135,7.727686093684859,0.0
152.90317500000154,0.9439643971827103,0.9723360655737704,152.82694300000134,7.129538349680856,0.0
153.15521500000162,0.927446198021431,0.9930840163934426,153.08005200000133,6.514198649246685,0.0
153.39628100000164,0.9044223315775684,0.9999999999999999,153.3216520000013,5.8601149026893165,0.0
153.6567440000015,0.8751880952207642,0.9999999999999999,153.56235800000135,5.171062247521092,0.0
153.89359200000152,0.8476590474275751,0.9999999999999999,153.8182630000014,4.473769999256675,0.0
154.1647090000016,0.831955809007314,0.9999999999999999,154.0639040000015,3.8071070433063148,0.0
154.39342000000153,0.8363436788402203,0.9999999999999999,154.3151750000015,3.207449935768989,0.0
154.63799800000157,0.8668120354075486,0.9999999999999999,154.5558060000014,2.6952996596474272,0.0
154.88689000000156,0.9249364847194883,0.9969262295081966,154.80256200000144,2.278791897872406,0.00307377049180324
155.13725900000156,1.0063599939726713,0.9031762295081966,155.0507930000014,1.9485822787998663,0.08068647540983605
155.3859440000015,1.1053925893724799,0.7749316939890711,155.29629500000132,1.6931598103796772,0.16530054644808742
155.63390900000144,1.2257314566105704,0.6362704918032787,155.5413280000013,1.5000100621287484,0.3206967213114754
155.8866780000016,1.3874237219270267,0.43186475409836056,155.78919400000132,1.3549010325890314,0.4772882513661203
156.12565900000163,1.6168756967307378,0.22148224043715842,156.03982100000133,1.2426471277285986,0.6171448087431693
156.39056500000163,1.9355453382146761,0.08299180327868848,156.2872300000014,1.1500845006129299,0.7115778688524591
156.6204700000017,2.3474561507375586,0.0,156.54301300000137,1.067648329322032,0.8251366120218578
156.86199300000163,2.828278891507976,0.0,156.78088600000146,0.9895075360444907,0.9200819672131146
157.11094200000164,3.3252264481653038,0.0,157.02779000000135,0.9132478998476155,0.9999999999999999
157.35779900000165,3.771286293504387,0.0,157.2808710000013,0.8395878420866888,0.9999999999999999
157.61278200000174,4.102341712983363,0.0,157.52740200000125,0.771240345689996,0.9999999999999999
157.85085900000186,4.2757408315339855,0.0,157.7753590000012,0.7115266356336467,0.9999999999999999
158.1003070000019,4.284756814166536,0.0,158.0290980000012,0.6634772653784673,0.9999999999999999
158.36077300000184,4.157679754274977,0.0,158.2654560000012,0.6286970331835142,0.9999999999999999
158.62579800000174,3.9415068427694244,0.0,158.5299140000011,0.6073915568882468,0.9999999999999999
158.86026700000187,3.6842512123000404,0.0,158.77973100000108,0.5987505977852292,0.9999999999999999
159.09620500000185,3.424800680456774,0.0,159.00638700000096,0.6014306208960343,0.9999999999999999
159.3470760000019,3.190151018407461,0.0,159.2613200000009,0.6137068004942231,0.9999999999999999
159.58819100000193,2.9931406462625176,0.0,159.5029410000009,0.6335287091994202,0.9999999999999999
159.85957400000197,2.8206460889758778,0.0,159.74838500000095,0.6645611738275511,0.9999999999999999
160.07772500000195,2.640570327436328,0.0,160.00095000000104,0.7194143056072475,0.9999999999999999
160.32530300000192,2.432722372316715,0.0,160.24623600000103,0.8139574275301689,0.9999999999999999
160.6291220000019,2.2081954770449927,0.01767418032786888,160.49571900000097,0.9539228179553859,0.9592725409836065
160.82267200000194,1.9961779675205016,0.06608606557377049,160.74118900000104,1.1249026061993896,0.7426571038251367
161.07906500000186,1.825082771322422,0.11526639344262292,160.98911000000106,1.2984146619167667,0.535860655737705
161.3186580000018,1.715746472425102,0.15334699453551914,161.24040300000107,1.4516519342672003,0.37329234972677594
161.56692000000183,1.6787144437767625,0.17366803278688528,161.49277300000108,1.5786756472431465,0.25973360655737704
161.85240700000185,1.7124525996591364,0.15454234972677597,161.72868000000102,1.690403310513279,0.16769125683060107
162.06236800000173,1.7990793043145499,0.12448770491803281,161.985201000001,1.8062014320059623,0.12141393442622948
162.31484600000175,1.9039523065764812,0.08990778688524585,162.23159900000107,1.945565533416822,0.08145491803278686
162.56926300000165,1.9844017933554288,0.06915983606557373,162.48168000000103,2.119183206596874,0.036116803278688485
162.81278100000162,2.0089300554904166,0.06070696721311474,162.72054700000098,2.3196667606007964,0.0
163.0699650000018,1.9706011595436328,0.07069672131147543,162.96844600000094,2.520652170250923,0.0
163.30919100000176,1.8847862965885955,0.09759221311475412,163.2435940000008,2.6839812589883882,0.0
163.55964200000182,1.7760295020883077,0.13063524590163936,163.4669600000008,2.7731906591385016,0.0
163.79465200000178,1.6670868054638883,0.17964480874316935,163.71350900000076,2.7706690452460103,0.0
164.04453900000186,1.5726350675770124,0.2633196721311475,163.96094300000078,2.6870366734488424,0.0
164.29096400000188,1.4980627553703907,0.3218920765027322,164.20793400000076,2.5482002858270256,0.0
164.54746600000186,1.4411399461819192,0.38524590163934425,164.45576400000073,2.383416459168435,0.0
164.7816060000018,1.3949812668697228,0.41632513661202186,164.69721100000086,2.2205345599558233,0.016137295081967176
165.0315360000018,1.3537894394196361,0.4772882513661203,164.95285700000076,2.083130780419966,0.04149590163934424
165.28399400000194,1.3156119400844644,0.5119535519125683,165.19164300000074,1.9887368915447787,0.06839139344262292
165.52488600000189,1.2795811371651955,0.5609631147540984,165.4462540000008,1.9464727109971092,0.08145491803278686
165.7736320000019,1.2457159624858483,0.6075819672131147,165.68863700000068,1.957483784120827,0.07377049180327867
166.01670300000177,1.2163401853686786,0.6434426229508197,165.94210000000066,2.0162341455953117,0.05840163934426231
166.3091420000018,1.1942940973314609,0.6649590163934427,166.1880010000004,2.1104303853078856,0.03688524590163938
166.57957700000173,1.180846181929347,0.684084699453552,166.44999900000036,2.219471802094892,0.016137295081967176
166.7609320000017,1.1766630037347743,0.6864754098360656,166.6812170000003,2.319075915211883,0.0
167.02822000000168,1.1836910833206542,0.6781079234972678,166.93284500000019,2.386920935261198,0.0
167.2566180000016,1.206179404825958,0.6518101092896176,167.1802840000001,2.4043225895668776,0.0
167.53571900000168,1.2473890461630786,0.6075819672131147,167.43020400000006,2.361833486754109,0.0
167.75619700000152,1.307022481844264,0.5239071038251366,167.67371000000006,2.2664342176068923,0.006147540983606563
168.02010100000152,1.3792704691180577,0.4402322404371585,167.91455100000002,2.1404757293254324,0.033811475409836055
168.27211800000148,1.454877147306878,0.37090163934426235,168.16456300000002,2.0128292586948753,0.05840163934426231
168.50371700000161,1.5234671090196663,0.3123292349726776,168.41407400000003,1.9084207046302988,0.08990778688524585
168.75053300000167,1.57382615075948,0.2633196721311475,168.66142300000004,1.8418920843362643,0.10911885245901635
168.9980920000016,1.5968498499150223,0.2382172131147541,168.922547,1.8158632607293683,0.11757172131147543
169.23514200000162,1.5907059133110009,0.24180327868852455,169.15688999999998,1.8232766799894877,0.11526639344262292
169.4969830000017,1.566043480322476,0.274077868852459,169.40545400000005,1.8503318274992722,0.10604508196721311
169.74959700000167,1.54475193828209,0.2943989071038251,169.657943,1.8803189453944493,0.09759221311475412
170.0125600000016,1.549665361924733,0.29081284153005466,169.90039400000006,1.8964093997134484,0.09221311475409837
170.23249300000154,1.5900103964227819,0.24419398907103818,170.15597900000003,1.8834694775345613,0.09759221311475412
170.51747100000148,1.6568519243190036,0.18562158469945356,170.404915,1.8312326829318506,0.11142418032786887
170.76751600000142,1.7270645964485558,0.15095628415300538,170.65599099999991,1.7386684146798597,0.1436987704918032
171.05148000000148,1.7715686454737272,0.1329405737704918,170.89020999999988,1.615193473892272,0.22148224043715842
171.24145100000155,1.7648301316606951,0.13524590163934422,171.13806599999984,1.474901947496695,0.3469945355191256
171.49147400000166,1.6957205404428064,0.16410519125683062,171.3816139999997,1.3313551346496206,0.4964139344262296
171.72437900000168,1.5742308074484526,0.2633196721311475,171.63608999999977,1.1953386098778973,0.6637636612021858
172.0127230000016,1.4260377202313372,0.39480874316939896,171.88868499999975,1.0752469984371924,0.810792349726776
172.22125100000167,1.2786614347424574,0.5609631147540984,172.13553699999974,0.9787389134804036,0.9377561475409836
172.48073000000176,1.151151269099425,0.7115778688524591,172.37705999999972,0.9130065277321436,0.9999999999999999
172.74482600000178,1.0527272763940918,0.8454576502732242,172.6244899999997,0.8848827901021477,0.9999999999999999
172.97785100000183,0.9847823905674289,0.9269979508196721,172.87638299999963,0.8987123303193442,0.9999999999999999
173.21096000000185,0.9446146869792286,0.9715676229508197,173.1170109999996,0.9527570583608744,0.9623463114754097
173.53382100000178,0.9279407303547509,0.9923155737704917,173.36537099999953,1.0370224027766832,0.8662909836065573
173.7593560000018,0.9275531347678325,0.9930840163934426,173.61439099999956,1.1371606824743434,0.7330942622950821
174.01274200000168,0.933676121237886,0.9853995901639343,173.87471299999956,1.239299727637735,0.6207308743169399
174.2849470000017,0.9369619372368716,0.9823258196721311,174.1243129999995,1.3316518504848487,0.4964139344262296
174.57227900000163,0.9319021434431599,0.9884733606557377,174.3551889999994,1.4062636390940577,0.40556693989071035
174.8257790000016,0.9173260869224202,0.9999999999999999,174.60303899999943,1.458705374508496,0.36492486338797814
175.02472500000155,0.8954390764412652,0.9999999999999999,174.8465609999995,1.4851764969214014,0.3350409836065573
175.24709000000163,0.8707621819263207,0.9999999999999999,175.10571099999942,1.4804407995101934,0.33743169398907097
175.44308400000173,0.8490362711311381,0.9999999999999999,175.3446499999993,1.4399838025543936,0.38524590163934425
175.7173420000018,0.8369596050272087,0.9999999999999999,175.59912399999928,1.3656326679215707,0.4557718579234973
175.9712900000018,0.839568235039495,0.9999999999999999,175.84101099999927,1.269442260546244,0.5824795081967213
176.2118740000017,0.8569033164628541,0.9999999999999999,176.09167799999932,1.1687596683072607,0.6960382513661203
176.4186540000017,0.8824875295614997,0.9999999999999999,176.3324899999993,1.0779641359188774,0.8084016393442625
176.66577800000164,0.9057738856670392,0.9999999999999999,176.58192499999927,1.0055091473244513,0.9039446721311475
176.90974900000168,0.9176507682976199,0.9999999999999999,176.8268989999992,0.9540293579374416,0.9592725409836065
177.2273440000016,0.9134493324668185,0.9999999999999999,177.09499499999913,0.9209018136049391,0.9999999999999999
177.44437000000164,0.8932991224239336,0.9999999999999999,177.33349899999905,0.8990353387815575,0.9999999999999999
177.69969300000173,0.8623911802901896,0.9999999999999999,177.57944199999912,0.8788223722795635,0.9999999999999999
177.9462850000017,0.8291579940493194,0.9999999999999999,177.82496699999896,0.8530456371662555,0.9999999999999999
178.16685400000162,0.8026384168604185,0.9999999999999999,178.0692279999989,0.8192056775885992,0.9999999999999999
178.4152280000016,0.7884212607416248,0.9999999999999999,178.3157179999988,0.7791907171106405,0.9999999999999999
178.6466800000016,0.7862658564958607,0.9999999999999999,178.56980199999867,0.7379866797137437,0.9999999999999999
178.91259600000168,0.7913317599272807,0.9999999999999999,178.82426699999857,0.701729216491677,0.9999999999999999
179.14222500000173,0.7980995975069148,0.9999999999999999,179.0633379999986,0.6769521066190246,0.9999999999999999
179.40016600000186,0.8034951862151573,0.9999999999999999,179.30664599999855,0.6696890295275033,0.9999999999999999
179.66752400000178,0.808261446346498,0.9999999999999999,179.5570909999985,0.6848943927901782,0.9999999999999999
179.95857800000184,0.815541524888575,0.9999999999999999,179.8046389999985,0.727148215432435,0.9999999999999999
180.16473500000183,0.8311252750839444,0.9999999999999999,180.0530369999984,0.8006837554131113,0.9999999999999999
180.3896770000018,0.866044281102718,0.9999999999999999,180.30058899999835,0.9093637150705156,0.9999999999999999
180.6187400000018,0.9359576355815333,0.9830942622950818,180.55058599999836,1.0535245947457148,0.8454576502732242
180.87130000000175,1.0550091659389096,0.8430669398907105,180.7956369999983,1.2249963409531381,0.6362704918032787
181.14056200000164,1.2272136614273816,0.6338797814207651,181.04799999999832,1.4033131513924268,0.40795765027322406
181.38434100000165,1.439847755958216,0.38524590163934425,181.2882859999984,1.5563090515528955,0.28483606557377045
181.62880800000175,1.66208296123525,0.18323087431693993,181.53989299999847,1.6467968495090108,0.19159836065573765
181.87074000000175,1.8506867437497942,0.10604508196721311,181.7998309999984,1.6532224509638886,0.18681693989071038
182.19659700000184,1.9688416037807395,0.07069672131147543,182.0322209999984,1.5883952528683505,0.24538934426229514
182.43273300000186,2.002119873023486,0.06454918032786887,182.27721599999828,1.4874548599210076,0.3338456284153005
182.63057100000177,1.9687192993375473,0.07069672131147543,182.52304699999826,1.381879638631723,0.43784153005464477
182.95287600000174,1.9037112888679257,0.08990778688524585,182.77897299999822,1.2892608283891294,0.5478142076502731
183.18115000000176,1.8399093552560106,0.10911885245901635,183.01978799999824,1.2158304092219312,0.6434426229508197
183.37273300000174,1.8051526468192727,0.12141393442622948,183.27185999999818,1.1613540486392424,0.7067964480874318
183.62366600000172,1.8608358759755768,0.10066598360655736,183.51974499999787,1.1234717479766583,0.7438524590163936
183.92594900000176,2.0897535822184374,0.04072745901639343,183.76352999999781,1.10032925376931,0.7797131147540983
184.23547200000164,2.519196333399203,0.0,184.01254199999784,1.088743699413203,0.7940573770491804
184.44353300000154,3.1191584838913218,0.0,184.25896699999777,1.0847721973374862,0.796448087431694
184.64801200000153,3.8306983694441,0.0,184.50301499999765,1.0834215897263892,0.8036202185792349
184.90404100000154,4.591678760344507,0.0,184.7505519999977,1.0765420142918232,0.8095969945355191
185.0913540000015,5.339692067576692,0.0,185.01102899999768,1.059890938852768,0.8358948087431693
185.32725000000164,6.005072537975138,0.0,185.25001499999766,1.036763433721786,0.8662909836065573
185.58745800000162,6.502711437236309,0.0,185.50148699999755,1.0178031146919606,0.884733606557377
185.83795000000157,6.726695520193564,0.0,185.75301799999747,1.014915781126075,0.8901127049180326
186.07226300000158,6.570327414792404,0.0,185.99028699999747,1.0428738736412697,0.8578381147540983
186.38875500000148,6.016119908513743,0.0,186.2399269999975,1.1257371744539233,0.7426571038251367
186.6057700000015,5.21755634023274,0.0,186.49035599999746,1.2973331234464576,0.5382513661202186
186.84822200000144,4.3968654796546165,0.0,186.73230899999749,1.5831369637926056,0.2549521857923497
187.07649400000153,3.6760138383887733,0.0,186.9853719999974,1.988469352429675,0.06839139344262292
187.3169400000015,3.0771623245715394,0.0,187.22773999999743,2.4753691296810754,0.0
187.55806900000144,2.590129432045048,0.0,187.48826399999734,2.9736465762427673,0.0
187.78497000000144,2.2019397342876212,0.0192110655737705,187.73272799999728,3.420801104234008,0.0
188.04879100000136,1.8958503137120344,0.09221311475409837,187.9712909999972,3.780165456287749,0.0
188.2887440000015,1.6520192218268384,0.189207650273224,188.2212659999972,4.036506913756923,0.0
188.5312320000015,1.4515519977699918,0.37329234972677594,188.47371199999714,4.186225131520832,0.0
188.8047940000014,1.2837392002449939,0.556181693989071,188.7162869999971,4.233986627975229,0.0
189.0647350000014,1.1468358704296682,0.7115778688524591,188.96363099999704,4.195879872717193,0.0
189.31465500000152,1.0468690190794796,0.8516905737704917,189.20957699999698,4.117546960297775,0.0
189.52068800000148,0.9957925685119713,0.9147028688524589,189.47471399999696,4.119463470104966,0.0
189.76731100000148,1.0064064736494858,0.9031762295081966,189.7127229999969,4.405230119465331,0.0
190.01556000000141,1.0822003230355897,0.8048155737704918,189.95355799999672,5.108028455835626,0.0
190.26360900000145,1.204912249334066,0.6530054644808743,190.1986669999968,6.131179333081388,0.0
190.51699700000145,1.3362791762457553,0.4916325136612022,190.44899699999675,7.21586737974064,0.0
190.76641300000153,1.4382891670753635,0.3876366120218579,190.69706399999663,8.098633190554796,0.0
191.0300080000014,1.493211558242408,0.3302595628415301,190.9425549999966,8.59837920656443,0.0
191.28782100000134,1.502640043350678,0.3206967213114754,191.19396299999656,8.642906129804977,0.0
191.5013830000013,1.4792033053296703,0.33982240437158473,191.44018799999657,8.25237382369143,0.0
191.7789250000013,1.4395692373359166,0.38644125683060104,191.6842159999966,7.523316188140345,0.0
191.9969470000012,1.3966868056621398,0.41512978142076506,191.94159299999663,6.61088886390564,0.0
192.24286900000115,1.3582188823092092,0.465334699453552,192.18318099999658,5.689360572728728,0.0
192.52370400000112,1.3278347593812356,0.5,192.4375529999966,4.8965479086697865,0.0
192.737085000001,1.3047744818618243,0.5274931693989071,192.69329799999662,4.287551244003379,0.0
192.99154700000108,1.284070650913471,0.5537909836065573,192.93432299999665,3.8366771806382376,0.0
193.27801300000098,1.2622584686803238,0.5896516393442623,193.16993099999655,3.482535609090177,0.0
193.50654600000104,1.2383557576833024,0.6207308743169399,193.42677299999656,3.170857080749593,0.0
193.74151900000103,1.2140378663359757,0.6470286885245902,193.67086699999655,2.880959703892618,0.0
193.97350400000096,1.19309365044237,0.6685450819672132,193.91518199999646,2.611535784696372,0.0
194.22261400000093,1.1789711859319492,0.684084699453552,194.1682449999964,2.367005462198978,0.0
194.47099200000082,1.1712704330241874,0.6900614754098361,194.41206899999642,2.149988468802642,0.031506147540983624
194.75155300000077,1.1661915739986255,0.6996243169398907,194.66158299999637,1.9591259898564177,0.07300204918032786
194.97007500000075,1.160882983692829,0.7067964480874318,194.90447499999647,1.790307962303201,0.12679303278688522
195.2460520000007,1.157861027899255,0.7067964480874318,195.15706699999632,1.6388791763318726,0.2023565573770491
195.47792000000078,1.1623211225921866,0.7067964480874318,195.4015429999963,1.5055921961884475,0.3195013661202186
195.72435300000086,1.1780905551463405,0.6852800546448088,195.6683559999962,1.398012063551469,0.41273907103825136
195.96811500000092,1.2065446477093789,0.6518101092896176,195.90631599999608,1.3229103882061815,0.5035860655737706
196.2280920000009,1.2451966718954413,0.6099726775956283,196.14322199999603,1.2806432541793915,0.5609631147540984
196.49957000000097,1.288100858524504,0.5478142076502731,196.400652999996,1.264847078832835,0.5860655737704917
196.71158700000097,1.3249845665692295,0.5023907103825136,196.639573999996,1.266349560667662,0.5860655737704917
196.98661000000098,1.34246003532588,0.4868510928961749,196.887617999996,1.2772980749384018,0.5621584699453552
197.2098180000009,1.3295267818823366,0.4964139344262296,197.1579939999959,1.2927327352229017,0.5394467213114754
197.44217100000094,1.2849000173016332,0.5525956284153005,197.37644099999594,1.309471757460432,0.5203210382513661
197.69411100000102,1.2191873415076708,0.6386612021857925,197.62838799999597,1.3229086722565417,0.5035860655737706
197.93728200000112,1.1499441005040811,0.7115778688524591,197.88294499999586,1.32521539251575,0.5023907103825136
198.21664200000114,1.0937447892713026,0.7892759562841531,198.1259849999958,1.3088402953882423,0.5203210382513661
198.4400040000011,1.0592254751888484,0.8358948087431693,198.36948199999583,1.272891812145704,0.5753073770491803
198.67958300000106,1.0444647688851159,0.8555327868852458,198.62030999999578,1.225075190291296,0.6362704918032787
198.941183000001,1.0410006023670757,0.8624487704918031,198.8636059999958,1.177894719582398,0.6852800546448088
199.1755650000011,1.0401187520102892,0.8632172131147541,199.11358399999574,1.14336645842836,0.7175546448087432
199.41468200000105,1.036014997965532,0.8662909836065573,199.35709199999565,1.1281080138511486,0.740266393442623
199.68949500000107,1.0272957769361586,0.8762807377049179,199.61276099999563,1.1303557602840248,0.7390710382513661
199.91713800000102,1.0190986794745538,0.8831967213114753,199.85873799999564,1.1398844210348176,0.7247267759562842
200.17470800000106,1.0198716503023517,0.8824282786885246,200.10572899999562,1.1435190622392508,0.7175546448087432
200.40276000000105,1.0374638794063324,0.8655225409836065,200.36462099999562,1.1324145006530144,0.7378756830601094
200.66210300000108,1.0763325735505906,0.8095969945355191,200.5944759999956,1.1048502631612467,0.7749316939890711
200.90708500000113,1.1339680770454037,0.7378756830601094,200.84766199999572,1.0641455142354574,0.8335040983606558
201.15209400000106,1.201400775642326,0.6577868852459017,201.09615899999565,1.0155464262452556,0.8901127049180326
201.4489870000011,1.2650865865442136,0.5860655737704917,201.3395499999957,0.9657466550590996,0.948514344262295
201.70007200000117,1.3079872318330885,0.5227117486338798,201.58638599999568,0.9235935849670203,0.9969262295081966
201.9264870000013,1.3182384697424732,0.5107581967213115,201.83638999999562,0.9005743370320508,0.9999999999999999
202.20904000000135,1.3013273596186687,0.5310792349726776,202.07991399999563,0.9099864269599219,0.9999999999999999
202.5049650000013,1.2792623098641083,0.5609631147540984,202.33355899999555,0.9625491323147302,0.9531249999999999
202.71846500000134,1.2798778302446676,0.5609631147540984,202.57886499999552,1.0545877972688291,0.8442622950819672
202.95437200000146,1.3240375899281946,0.5035860655737706,202.8214269999955,1.1551289467129864,0.7067964480874318
203.21462700000154,1.4185482948950712,0.40078551912568294,203.08135499999545,1.2179489772550622,0.6398565573770492
203.4286200000016,1.558419048207655,0.2800546448087432,203.3167799999954,1.2207433967756633,0.6386612021857925
203.62598100000153,1.7342279132684293,0.14600409836065573,203.59080699999535,1.1758335868786673,0.6888661202185793
203.86952100000164,1.9348016008494762,0.08299180327868848,203.82078099999526,1.1063620646505912,0.7749316939890711
204.1276130000016,2.1443774445964343,0.033043032786885244,204.06557999999518,1.0320725384749865,0.8716700819672131
204.39277500000176,2.3425944634513427,0.0,204.3109149999952,0.9662007781233899,0.948514344262295
204.63027400000178,2.5054943564522874,0.0,204.55730099999502,0.917131446319787,0.9999999999999999
204.87244700000178,2.607527585757245,0.0,204.82331099999504,0.8904319256662818,0.9999999999999999
205.1061870000017,2.6218126397992925,0.0,205.05844699999497,0.8886563008932167,0.9999999999999999
205.3761940000018,2.5420322409348417,0.0,205.29644899999496,0.9094461263470515,0.9999999999999999
205.60662500000186,2.408225339723777,0.0,205.5638819999948,0.9443151759525399,0.9723360655737704
205.85109500000183,2.2846467374697057,0.00307377049180324,205.79386299999462,0.982346652426585,0.9308401639344261
206.09358700000183,2.2209270868570723,0.016137295081967176,206.03827099999467,1.0131860982327048,0.8908811475409836
206.34869200000182,2.2362425517473294,0.013063524590163937,206.28880099999463,1.0285205139375888,0.8739754098360655
206.59705900000193,2.3275065927756313,0.0,206.53822499999458,1.0221584497345328,0.8793545081967212
206.86393700000193,2.4796012090073525,0.0,206.7932589999945,0.9918142427573385,0.9177766393442622
207.0959690000018,2.6671489672869977,0.0,207.04020199999445,0.9429848599220503,0.9738729508196721
207.38058200000177,2.8548890855853895,0.0,207.28623799999448,0.887364647561392,0.9999999999999999
207.63377700000166,3.000203275453568,0.0,207.52365199999454,0.8380024774671007,0.9999999999999999
207.8678150000016,3.066031357965887,0.0,207.7766469999945,0.8045016822257258,0.9999999999999999
208.08448900000175,3.0427007377708017,0.0,208.03148599999446,0.7911659095655617,0.9999999999999999
208.3515910000018,2.9531738118893403,0.0,208.27175199999436,0.7954455540818739,0.9999999999999999
208.57848200000177,2.828996311980904,0.0,208.5155109999942,0.8090183607594021,0.9999999999999999
208.8313690000018,2.6825982504411257,0.0,208.76524699999428,0.8224562308439158,0.9999999999999999
209.08618100000191,2.5066566526108596,0.0,209.0122849999943,0.8294483330472747,0.9999999999999999
209.31079500000206,2.2996110101739915,0.0,209.25986299999414,0.829253172551699,0.9999999999999999
209.56369300000202,2.077974203186462,0.04149590163934424,209.5127659999941,0.8251013094787947,0.9999999999999999
209.81676400000205,1.8678175706163909,0.09912909836065574,209.76527899999402,0.8221550075763974,0.9999999999999999
210.0622220000021,1.689982711789677,0.16769125683060107,210.00820899999397,0.8253648436824488,0.9999999999999999
210.31388100000197,1.5547461426198008,0.28603142076502724,210.25515599999392,0.8372289130721499,0.9999999999999999
210.55000300000188,1.4610209523264572,0.36372950819672134,210.50058199999393,0.8564503748218738,0.9999999999999999
210.80496800000196,1.4000472109955582,0.41034836065573765,210.74567799999394,0.8774781457996726,0.9999999999999999
211.05638000000184,1.3615866556454987,0.4593579234972678,210.99312299999386,0.891978201589916,0.9999999999999999
211.2917120000019,1.339332930596702,0.4892418032786885,211.24648599999395,0.8919466468302893,0.9999999999999999
211.54427200000197,1.3334482386218118,0.4952185792349727,211.48845299999383,0.8736135102987644,0.9999999999999999
211.789277000002,1.3480333876077788,0.4820696721311475,211.74833799999388,0.8396581286126176,0.9999999999999999
212.03346500000197,1.3829150250182376,0.43664617486338797,211.9875049999939,0.7973429868359739,0.9999999999999999
212.2883780000019,1.431672757656751,0.3936133879781421,212.22942299999386,0.7543907011189249,0.9999999999999999
212.53432800000184,1.4844681717080013,0.33743169398907097,212.4983039999938,0.7165304740912158,0.9999999999999999
212.78170100000185,1.5308532330477034,0.3027663934426229,212.7267949999938,0.6877725158941455,0.9999999999999999
213.02714300000176,1.5633284372540472,0.2752732240437158,212.98437699999386,0.6716864739786372,0.9999999999999999
213.2731770000018,1.5786389646782388,0.25973360655737704,213.22225599999385,0.6729184043000461,0.9999999999999999
213.52598400000173,1.5769207034537656,0.25973360655737704,213.46724699999373,0.6959087407493084,0.9999999999999999
213.7650770000017,1.5609777840015395,0.2764685792349727,213.7238979999938,0.7419838655781398,0.9999999999999999
214.0129540000016,1.5343451385875801,0.3003756830601093,213.9704489999938,0.8038848680746797,0.9999999999999999
214.26778900000167,1.4992147187047875,0.3206967213114754,214.21385199999375,0.8630302088211204,0.9999999999999999
214.50569400000174,1.4541447155161076,0.37209699453551914,214.46316199999382,0.8991521822041718,0.9999999999999999
214.75410500000163,1.3949914902598963,0.41632513661202186,214.7057579999938,0.9044082412986855,0.9999999999999999
215.00459700000164,1.3201199901299137,0.5095628415300547,214.95820299999394,0.8876553595525373,0.9999999999999999
215.25156700000167,1.2335270389240933,0.6231215846994536,215.20534199999392,0.8689187876956226,0.9999999999999999
215.51650600000158,1.1424615502020412,0.7199453551912569,215.45378599999378,0.8682540949441606,0.9999999999999999
215.74892000000153,1.0553123890051792,0.8430669398907105,215.70564599999372,0.8978743763481544,0.9999999999999999
215.99614700000166,0.9809216239576741,0.9339139344262294,215.9420589999938,0.9602789663165985,0.9538934426229507
216.24137500000168,0.9312662488985293,0.9900102459016393,216.1960949999938,1.050590496719357,0.8490437158469947
216.48811900000177,0.9261314990052755,0.9938524590163933,216.43799799999374,1.16176777930495,0.7067964480874318
216.75603500000184,0.9948803185403268,0.9147028688524589,216.68554999999375,1.2849760485701127,0.5525956284153005
216.98708300000183,1.1642086570609187,0.704405737704918,216.93395699999374,1.4087138090872628,0.40437158469945356
217.23211800000178,1.4235052986417012,0.39719945355191255,217.1814549999937,1.5195059634914407,0.3147199453551912
217.48643300000174,1.7015092712175792,0.16171448087431697,217.43954099999365,1.6035276747222957,0.23463114754098366
217.73353900000177,1.9061300011917417,0.08990778688524585,217.68197899999365,1.6482965868230366,0.19159836065573765
217.97843400000184,1.9884277760265556,0.06839139344262292,217.9310119999936,1.6501434089595444,0.19040300546448083
218.22594500000176,1.9545951838742643,0.07838114754098362,218.17801399999354,1.620851816856632,0.21789617486338797
218.47515400000162,1.8399534350132751,0.10911885245901635,218.4218319999936,1.5870082139415493,0.2489754098360656
218.71877700000172,1.6854825921110757,0.17127732240437152,218.66704199999353,1.5792446836568756,0.25973360655737704
218.9625980000019,1.5275285051948186,0.3063524590163934,218.92711199999354,1.61498519059074,0.22148224043715842
219.20755900000194,1.3935332718861018,0.41632513661202186,219.1651259999935,1.6857597361047578,0.17127732240437152
219.45756900000197,1.300565823812852,0.5310792349726776,219.42411899999345,1.7608620938545703,0.13678278688524584
219.707535000002,1.257987048873242,0.5932377049180328,219.66602599999348,1.8058458363736238,0.12141393442622948
219.9675040000019,1.2720246964746662,0.5765027322404372,219.90453499999344,1.8046303142548579,0.12141393442622948
220.20639800000188,1.3466697460091885,0.4832650273224043,220.17753599999335,1.7645130342791242,0.13524590163934422
220.4823180000019,1.4802272217982515,0.33743169398907097,220.4015709999934,1.7038569801046635,0.16051912568306004
220.69389700000207,1.6570691276225114,0.18562158469945356,220.65464499999328,1.6422263266714778,0.19637978142076504
220.950289000002,1.8423331821595168,0.10911885245901635,220.89753999999323,1.592656977210038,0.24060792349726773
221.19026700000194,1.9946685833252618,0.0668545081967213,221.14560399999326,1.5576374133426596,0.2824453551912568
221.44622300000182,2.0868938701518447,0.04072745901639343,221.39557499999322,1.5300944135552694,0.3027663934426229
221.68328100000178,2.1151078690195995,0.03688524590163938,221.64892699999322,1.5004793068828726,0.3206967213114754
221.94133300000192,2.09080225877192,0.04072745901639343,221.8936079999932,1.4601316842403842,0.36492486338797814
222.17557400000192,2.0287392249077785,0.05455942622950818,222.13512599999328,1.4052185841177942,0.40676229508196715
222.42247400000187,1.9449258522634758,0.08145491803278686,222.3830199999932,1.335364763340559,0.4940232240437158
222.6738940000021,1.8551143909659866,0.1045081967213115,222.63697499999327,1.2515304144306798,0.6039959016393442
222.9183920000021,1.7725328271813883,0.13217213114754098,222.88860899999332,1.1563198637670173,0.7067964480874318
223.20837700000192,1.7058608520987226,0.1593237704918032,223.13951099999332,1.0587534963987157,0.8370901639344263
223.42816700000193,1.6619024502979274,0.18323087431693993,223.38488699999328,0.9770044433564742,0.9377561475409836
223.6691710000019,1.64250307799297,0.19637978142076504,223.62437199999317,0.9406909246593051,0.9754098360655736
223.91472500000197,1.6468753475005657,0.19159836065573765,223.87775599999318,0.9865086785285604,0.9239241803278688
224.15943800000196,1.6836916897746856,0.17127732240437152,224.1328929999932,1.1431397796736569,0.7175546448087432
224.42798300000197,1.8992048425622445,0.09067622950819675,224.36220299999317,1.412829136727222,0.40198087431693996
224.66448100000196,2.652771912904212,0.0,224.605211999993,1.7632302537500226,0.13524590163934422
224.9041480000019,4.487059344705331,0.0,224.85851199999288,2.135092116193611,0.033811475409836055
225.17011500000189,7.8490923902196705,0.0,225.10042799999283,2.4617368053670563,0.0
225.39600800000193,12.770332107037717,0.0,225.35847699999275,2.684942054623513,0.0
225.64839500000195,18.836120939390412,0.0,225.60587699999277,2.7632011382447224,0.0
225.89397100000195,25.412216204896932,0.0,225.85035699999258,2.68552341583639,0.0
226.1403860000019,31.85216826987726,0.0,226.09604799999263,2.4815340890635555,0.0
226.4377110000019,37.581610831407275,0.0,226.35055799999267,2.209957159526973,0.01767418032786888
226.64966900000198,42.09277869255569,0.0,226.59812499999268,1.929782258748539,0.08299180327868848
226.903023000002,44.91266594715026,0.0,226.8410399999927,1.6764855504888019,0.17366803278688528
227.14954300000196,45.60008653318416,0.0,227.09809799999272,1.4631293657514337,0.36014344262295084
227.4028470000021,43.8438549699826,0.0,227.34046299999272,1.2889835206545235,0.5478142076502731
227.6663070000022,39.732950188947825,0.0,227.58096399999272,1.1496009001980818,0.7115778688524591
227.89920000000228,34.05696917875809,0.0,227.85423999999279,1.0411675196755514,0.8616803278688524
228.1509960000023,28.100493699958022,0.0,228.07675699999288,0.9604820159205235,0.9538934426229507
228.43386700000235,22.857119011450333,0.0,228.32274299999284,0.9039351117138978,0.9999999999999999
228.62494500000233,18.568131214156942,0.0,228.6001559999928,0.8670017078185999,0.9999999999999999
228.87288300000228,15.109605283736755,0.0,228.8275799999927,0.8440313396018557,0.9999999999999999
229.10886900000222,12.322709388067032,0.0,229.0735079999927,0.8285681653474345,0.9999999999999999
229.3606640000022,10.079745132967608,0.0,229.31498399999276,0.8147105139349325,0.9999999999999999
229.62501100000233,8.276646106729904,0.0,229.56758999999275,0.7989964483582515,0.9999999999999999
229.85364100000223,6.825978888222414,0.0,229.8155909999927,0.7796408662911143,0.9999999999999999
230.0994760000022,5.655476678545744,0.0,230.06065999999274,0.7547673575381784,0.9999999999999999
230.34982300000226,4.709142760101595,0.0,230.30406799999275,0.7233080868646049,0.9999999999999999
230.61015000000228,3.946447192201424,0.0,230.55096699999277,0.6862580595842726,0.9999999999999999
230.89413100000218,3.3394415510289557,0.0,230.80403999999277,0.6476516069499658,0.9999999999999999
231.11654600000222,2.8667423475022895,0.0,231.0560479999927,0.6121000838814381,0.9999999999999999
231.34008200000227,2.5108009208349977,0.0,231.29661699999272,0.5821474830480026,0.9999999999999999
231.5963840000023,2.2556040000843787,0.0069159836065573735,231.5497849999926,0.5584862131513647,0.9999999999999999
231.8393050000023,2.0857552331367755,0.04072745901639343,231.7842439999926,0.540230471664491,0.9999999999999999
232.11334400000231,1.9830635664637382,0.06992827868852454,232.0418109999927,0.5272495848394534,0.9999999999999999
232.33929500000238,1.925502068966324,0.08529713114754099,232.28709799999274,0.5224650479024138,0.9999999999999999
232.57318500000224,1.8933813134223223,0.09298155737704918,232.52903399999278,0.5312395180717125,0.9999999999999999
232.83202600000212,1.8758742938836623,0.09836065573770493,232.7771019999927,0.5587675915254725,0.9999999999999999
233.0776410000021,1.8783793074879633,0.09759221311475412,233.02732499999283,0.6073899769766655,0.9999999999999999
233.32031700000218,1.9288043032351971,0.08376024590163937,233.27738299999277,0.6748079674793772,0.9999999999999999
233.5633930000022,2.061743355584665,0.04687499999999999,233.5173319999927,0.7530743510282838,0.9999999999999999
233.82243000000219,2.29068149654819,0.00153688524590162,233.77129699999279,0.83041363895119,0.9999999999999999
234.05928400000218,2.595615991246655,0.0,234.02731699999273,0.8955835850646552,0.9999999999999999
234.32633600000213,2.9262504434966634,0.0,234.28749899999266,0.9446095393729272,0.9715676229508197
234.5503740000022,3.2171569906484647,0.0,234.5154419999928,0.9853833964017531,0.9254610655737704
234.7938340000022,3.4115639762111867,0.0,234.7549049999928,1.0353608375818486,0.8670594262295082
235.0468670000021,3.480644631877804,0.0,235.00705399999276,1.1141919653089447,0.7593920765027323
235.32185300000214,3.427097311349606,0.0,235.2513609999927,1.2314109287910053,0.6243169398907104
235.5407660000021,3.280282451393291,0.0,235.52283399999263,1.3769521154099977,0.443818306010929
235.79613400000207,3.082356117012123,0.0,235.74789099999265,1.5255294032290747,0.3087431693989071
236.033528000002,2.8751119581723614,0.0,235.99782899999255,1.6462518603130043,0.1927937158469946
236.28534300000192,2.6916384027574485,0.0,236.24332999999234,1.7107848670392913,0.15454234972677597
236.52580000000194,2.5526941506001726,0.0,236.49331099999236,1.7041014575754923,0.16051912568306004
236.77317200000195,2.4646957748162066,0.0,236.74382499999226,1.6310451159281454,0.20474726775956287
237.03427100000195,2.4215051320255356,0.0,236.98619499999234,1.5135176389566516,0.31711065573770486
237.29167900000198,2.4080543518828903,0.0,237.23283699999234,1.379249848835231,0.4402322404371585
237.530931000002,2.404687813585416,0.0,237.48343499999237,1.2502793482018155,0.605191256830601
237.7722310000019,2.392329251640875,0.0,237.72583999999242,1.137928112125359,0.7330942622950821
238.00769900000182,2.3591385204269764,0.0,238.0036089999924,1.0447627975955525,0.8539959016393441
238.28288000000174,2.307454811780037,0.0,238.2248669999923,0.9691701573476021,0.9439036885245902
238.5285890000017,2.2593895181843644,0.0069159836065573735,238.47173699999243,0.9086046420775611,0.9999999999999999
238.75761100000165,2.248247939580782,0.009221311475409803,238.7352609999925,0.8595227533086394,0.9999999999999999
238.99915800000161,2.295739653181572,0.0,238.96328699999248,0.8176452696334358,0.9999999999999999
239.2582840000016,2.3953652031329944,0.0,239.21842599999252,0.7791010888629435,0.9999999999999999
239.50827800000167,2.5151694925810784,0.0,239.46648499999256,0.7420343789733143,0.9999999999999999
239.7438590000017,2.6147022032636724,0.0,239.7048909999925,0.7060514000030165,0.9999999999999999
239.99909600000174,2.6626622207748385,0.0,239.95677699999243,0.6730559597226922,0.9999999999999999
240.2485380000018,2.6505736235185244,0.0,240.20289999999227,0.648706372974496,0.9999999999999999
240.48739300000182,2.59275981553362,0.0,240.4800139999923,0.6421658985510965,0.9999999999999999
240.72873600000185,2.513902320548408,0.0,240.70288199999223,0.6628943499944178,0.9999999999999999
240.97985800000185,2.4340771159882393,0.0,240.95690799999215,0.7148437622631137,0.9999999999999999
241.22791500000184,2.358468846252683,0.0,241.2143549999921,0.791326554450831,0.9999999999999999
241.47585100000182,2.280143423300364,0.00307377049180324,241.44234399999203,0.8718895550038183,0.9999999999999999
241.74528200000182,2.189562465912256,0.02151639344262293,241.69786999999195,0.9301828714486067,0.9907786885245902
241.99351800000176,2.084415588807474,0.04072745901639343,241.95384599999198,0.9497027087537722,0.9654200819672131
242.2227130000018,1.9732939481247003,0.07069672131147543,242.18671399999198,0.9316589102065119,0.9884733606557377
242.46199700000176,1.8688585282353358,0.09912909836065574,242.43178399999178,0.8911086307492136,0.9999999999999999
242.71940900000192,1.7807441113537696,0.12986680327868846,242.68110299999182,0.8484408490900913,0.9999999999999999
242.97205000000187,1.7107802980896534,0.15454234972677597,242.93774699999182,0.82259406104524,0.9999999999999999
243.2129180000018,1.6519111488144924,0.189207650273224,243.19942499999178,0.8246260585936294,0.9999999999999999
243.45336000000182,1.5940506223876265,0.24060792349726773,243.42685799999182,0.8506046601326677,0.9999999999999999
243.71673100000191,1.532079130434657,0.3015710382513661,243.6687909999918,0.8828249492444973,0.9999999999999999
243.95017600000196,1.468303194640432,0.3553620218579235,243.92233099999177,0.9020104328981041,0.9999999999999999
244.19429600000188,1.4073083152330421,0.40556693989071035,244.16908799999177,0.898481708715842,0.9999999999999999
244.44163200000187,1.3535365877322587,0.4772882513661203,244.42224899999178,0.8734142121173327,0.9999999999999999
244.69300800000195,1.309249386520271,0.5203210382513661,244.65936899999193,0.8345368106875346,0.9999999999999999
244.94995800000194,1.2741632652516535,0.570525956284153,244.91075099999193,0.7905945570437216,0.9999999999999999
245.18585400000194,1.2455578287741604,0.6087773224043717,245.1567279999918,0.7477538821016882,0.9999999999999999
245.43586600000197,1.2194772193399626,0.6386612021857925,245.40268199999178,0.7091435211735212,0.9999999999999999
245.68726400000193,1.1917734190773057,0.6709357923497269,245.65584799999175,0.675404919877883,0.9999999999999999
245.924833000002,1.1594092440824613,0.7067964480874318,245.89637399999174,0.6458174673962309,0.9999999999999999
246.20276700000213,1.1228296337056194,0.7438524590163936,246.15205999999174,0.6196756740286546,0.9999999999999999
246.46033300000218,1.0875015422391803,0.7940573770491804,246.41030699999175,0.5986047425720064,0.9999999999999999
246.68265000000216,1.0633698813485477,0.8335040983606558,246.6562979999919,0.5870407829194852,0.9999999999999999
246.91668800000213,1.0610174722646037,0.8335040983606558,246.8968959999919,0.5900342116172996,0.9999999999999999
247.16519000000207,1.086797782435405,0.7940573770491804,247.13621199999184,0.6100128923184386,0.9999999999999999
247.412566000002,1.1426736452832515,0.7199453551912569,247.378858999992,0.6457042924236452,0.9999999999999999
247.708009000002,1.2255445433094811,0.6362704918032787,247.64075999999196,0.6933478674808238,0.9999999999999999
247.91347100000206,1.3238195067347074,0.5035860655737706,247.88270099999193,0.747414140722528,0.9999999999999999
248.16084700000192,1.4198620579057841,0.39959016393442615,248.1293139999919,0.8015104268408364,0.9999999999999999
248.4115000000018,1.4945467458315842,0.3290642076502733,248.3758649999919,0.8501183378086147,0.9999999999999999
248.6517700000017,1.537101358998559,0.2991803278688525,248.62585699999198,0.8909974602475412,0.9999999999999999
248.89943700000168,1.5472929159760294,0.2932035519125683,248.87585899999195,0.9247080893542133,0.9969262295081966
249.1497170000016,1.5316487841586546,0.3015710382513661,249.12190599999195,0.9521271125257806,0.9631147540983606
249.41178600000154,1.5034116327117852,0.3195013661202186,249.36337699999189,0.9705314404070617,0.9431352459016393
249.6432730000015,1.4806352504125027,0.33743169398907097,249.61579899999177,0.9711104818762271,0.9431352459016393
249.88726900000157,1.4821817419242074,0.33743169398907097,249.86883499999172,0.9439790716818772,0.9723360655737704
250.1414470000015,1.522803049712097,0.3123292349726776,250.10322699999185,0.8899468610283663,0.9999999999999999
250.38862800000157,1.606295427110853,0.23343579234972672,250.35031899999166,0.8226918476144257,0.9999999999999999
250.66265800000153,1.725370427483755,0.15095628415300538,250.60225899999168,0.7570015184374336,0.9999999999999999
250.87944200000143,1.8646750614097884,0.09989754098360655,250.8503259999917,0.7031310369208303,0.9999999999999999
251.11941000000138,2.0069380495115103,0.06301229508196717,251.09920799999173,0.6681133999751282,0.9999999999999999
251.3773520000014,2.13218819220319,0.034579918032786865,251.3451149999918,0.6628504994556799,0.9999999999999999
251.63712100000137,2.21616758413246,0.01690573770491807,251.5897919999918,0.7025412771333619,0.9999999999999999
251.8670470000015,2.2486144424800765,0.009221311475409803,251.83680899999186,0.7983508699508032,0.9999999999999999
252.11103500000146,2.2395049208766347,0.013063524590163937,252.0916369999918,0.9449389521703639,0.9707991803278688
252.3740320000014,2.209156495172712,0.01767418032786888,252.3322689999917,1.1174629508640435,0.7522199453551912
252.62075000000146,2.1732868928798537,0.026127049180327874,252.5827399999918,1.2810735856940743,0.5597677595628415
252.89533900000134,2.138302644472587,0.033811475409836055,252.82964499999167,1.406222301623393,0.40556693989071035
253.16694700000141,2.1016624696734616,0.03765368852459019,253.07701099999176,1.4746298048512791,0.3469945355191256
253.41212500000142,2.056666212372236,0.04918032786885242,253.3218399999917,1.4801056618241304,0.33743169398907097
253.61521500000143,1.9953633014097725,0.0668545081967213,253.5769619999917,1.4273063337335752,0.3936133879781421
253.86206900000133,1.916268539239632,0.08760245901639342,253.8264399999918,1.3302260269674868,0.4964139344262296
254.10761400000132,1.8291976231381983,0.11219262295081968,254.07830399999182,1.2092316019284104,0.6518101092896176
254.34946200000127,1.752980854954533,0.13985655737704916,254.32137099999176,1.0866166881837052,0.7940573770491804
254.60552300000126,1.7126615561453884,0.15454234972677597,254.5673959999917,0.978835537141614,0.9377561475409836
254.83936900000128,1.7320095369208954,0.14907786885245897,254.81312099999175,0.8925525465087577,0.9999999999999999
255.0862250000012,1.8239525801413348,0.11526639344262292,255.06068099999166,0.827320514000968,0.9999999999999999
255.34065500000122,1.982080880079129,0.06992827868852454,255.30911199999179,0.7786654921948472,0.9999999999999999
255.5753000000013,2.173734445291126,0.026127049180327874,255.5535749999917,0.7395087180784314,0.9999999999999999
255.82608000000133,2.3420452989904317,0.0,255.79716099999163,0.7033367427989239,0.9999999999999999
256.1151610000012,2.430088225596464,0.0,256.04812899999166,0.6678368628526599,0.9999999999999999
256.3237160000012,2.413001558584625,0.0,256.29169299999154,0.6350543579181522,0.9999999999999999
256.5948250000012,2.3103339251111787,0.0,256.54577899999146,0.6083276757375125,0.9999999999999999
256.82622700000127,2.16735163649501,0.026895491803278684,256.80215099999134,0.5898798257128538,0.9999999999999999
257.0969880000013,2.027606063300388,0.05455942622950818,257.03968299999144,0.5803541835501823,0.9999999999999999
257.3129740000013,1.9159586458597366,0.08760245901639342,257.2890159999913,0.5797158044474007,0.9999999999999999
257.5784220000013,1.8345373516716528,0.11065573770491806,257.53847599999136,0.5901720407752383,0.9999999999999999
257.81993100000125,1.771797720418502,0.1329405737704918,257.7806429999914,0.6173908295756948,0.9999999999999999
258.0517500000013,1.71637657232006,0.15334699453551914,258.03256299999146,0.6696240138702723,0.9999999999999999
258.3291630000012,1.66343047752911,0.18084016393442617,258.2775219999914,0.7522344466927956,0.9999999999999999
258.54785200000117,1.6130750480975655,0.22267759562841524,258.5174669999915,0.8590412344504368,0.9999999999999999
258.7972070000012,1.5688659695199276,0.2681010928961749,258.76396499999146,0.9717984606801293,0.9431352459016393
259.0460440000012,1.5363296714972243,0.3003756830601093,259.01649199999133,1.0696984243164176,0.8251366120218578
259.2919750000013,1.5209255000470503,0.3135245901639344,259.26647199999127,1.137302982004735,0.7330942622950821
259.5359730000013,1.5251966919771185,0.3087431693989071,259.5145459999912,1.1666544259363838,0.6996243169398907
259.7895010000014,1.547475314989962,0.2932035519125683,259.75908699999115,1.1576104529164997,0.7067964480874318
260.03397500000136,1.5824245597902449,0.2561475409836066,260.00308799999107,1.1173338271375155,0.7522199453551912
260.28347300000127,1.6221537040642,0.21670081967213117,260.255570999991,1.0591147926541042,0.8358948087431693
260.52508700000124,1.6606141116129551,0.18323087431693993,260.52052499999087,1.000170366361212,0.9085553278688524
260.7826420000014,1.7032429392677226,0.16051912568306004,260.75901499999094,0.9589770810575909,0.9538934426229507
261.0310190000014,1.7737194101804452,0.13217213114754098,261.0009379999908,0.9509005747513024,0.9631147540983606
261.27371700000145,1.905303980690742,0.08990778688524585,261.2429739999908,0.9852459088439584,0.9254610655737704
261.52451100000144,2.1145467985547883,0.03688524590163938,261.4902909999907,1.063148318381413,0.8335040983606558
261.76137300000147,2.380821613023586,0.0,261.7587779999907,1.1746802685295752,0.6888661202185793
262.01321100000155,2.659492498189578,0.0,261.9948229999907,1.2986557564966392,0.535860655737705
262.2601060000016,2.90825609685284,0.0,262.2397999999906,1.408908925092112,0.40437158469945356
262.50755600000144,3.1002384222783803,0.0,262.49118499999065,1.4838318809637174,0.33743169398907097
262.75978900000126,3.225274541054217,0.0,262.7387649999906,1.5136330236889561,0.31711065573770486
263.0007400000011,3.2854184151571433,0.0,262.9799779999907,1.5019646176028367,0.3206967213114754
263.2497420000009,3.286485522499846,0.0,263.22548599999067,1.4611883242194925,0.36372950819672134
263.5006600000009,3.23430591144892,0.0,263.47402899999065,1.404657072753031,0.40676229508196715
263.7443550000008,3.132740235396167,0.0,263.7164289999906,1.3421235453651084,0.4868510928961749
263.9970930000009,2.985209674088802,0.0,263.96786899999074,1.2796106981444795,0.5609631147540984
264.2336330000009,2.798410360267883,0.0,264.22752699999063,1.223883920968892,0.6386612021857925
264.48411100000106,2.5809910001961045,0.0,264.4684799999907,1.184729661525807,0.6781079234972678
264.73564200000123,2.347317692524531,0.0,264.71052999999085,1.1728938195663199,0.6888661202185793
264.98049400000144,2.1141567251815867,0.03688524590163938,264.9574519999909,1.1958619970254196,0.6625683060109291
265.2335580000015,1.8958621090357757,0.09221311475409837,265.212103999991,1.2516340511612194,0.6039959016393442
265.48041400000153,1.7093809517120904,0.1569330601092896,265.4524019999908,1.3229126238250681,0.5035860655737706
265.7239440000014,1.5717019855964294,0.2645150273224043,265.7082789999908,1.3796165653052608,0.4402322404371585
265.99269200000145,1.495084512665308,0.3290642076502733,265.94373399999046,1.3950138518590895,0.41632513661202186
266.2194910000014,1.4797728414573474,0.33743169398907097,266.19488599999045,1.3636981998452131,0.4593579234972678
266.4674340000013,1.5126167287822154,0.31711065573770486,266.4436739999905,1.3015046588398287,0.5310792349726776
266.7109750000012,1.5714869162279819,0.2645150273224043,266.69365199999055,1.2313517303604895,0.6243169398907104
266.9645660000011,1.6317217792986476,0.20474726775956287,266.9391559999906,1.1716192917614543,0.6900614754098361
267.2109740000013,1.6734719885225249,0.17486338797814208,267.1910329999905,1.1318699488432986,0.7390710382513661
267.4517480000012,1.6846596481913818,0.17127732240437152,267.4409899999904,1.1147066940081758,0.7581967213114754
267.7131010000013,1.6596394890151345,0.18562158469945356,267.6813979999905,1.1174351248582814,0.7522199453551912
267.95752200000135,1.5981239693933393,0.2382172131147541,267.9325059999907,1.132353654010557,0.7378756830601094
268.19751900000153,1.5085803828491475,0.3195013661202186,268.17935499999044,1.1471937980224132,0.7115778688524591
268.4435030000017,1.40997415127984,0.40198087431693996,268.42485999999025,1.1492376794535735,0.7115778688524591
268.69027100000164,1.3231923852900773,0.5035860655737706,268.67134999999035,1.1323951778068992,0.7378756830601094
268.9422930000018,1.26486184625798,0.5860655737704917,268.9262919999905,1.101182218943669,0.7785177595628416
269.19240100000155,1.2455574698463332,0.6087773224043717,269.17184299999053,1.067284031275426,0.8251366120218578
269.43339600000115,1.2686269344137662,0.5824795081967213,269.4331889999906,1.0428467641224861,0.8578381147540983
269.6802860000012,1.3290887655391992,0.4964139344262296,269.6686689999906,1.0345771656311737,0.8693647540983606
269.9326690000011,1.4149902253816202,0.40198087431693996,269.9137579999907,1.0405228494688403,0.8624487704918031
270.1762730000012,1.5083969902335068,0.3195013661202186,270.16527299999086,1.0507548711408066,0.8478483606557378
270.42628100000127,1.5896685728536573,0.24419398907103818,270.40738699999076,1.0532994974334569,0.8454576502732242
270.6724200000012,1.643241311894149,0.19637978142076504,270.64878599999065,1.041053856168624,0.8624487704918031
270.9234460000014,1.6627644602711542,0.18084016393442617,270.89362399999084,1.015905844902409,0.8901127049180326
271.1679990000016,1.6502021850315092,0.19040300546448083,271.15835799999087,0.986222111611467,0.9239241803278688
271.4249610000019,1.61186768449038,0.22387295081967207,271.4006649999909,0.9625084294849016,0.9531249999999999
271.66280100000193,1.5550811991063702,0.28603142076502724,271.6461059999911,0.953936786192075,0.9592725409836065
271.9194760000019,1.488392401291685,0.3326502732240437,271.8929999999911,0.9650797664835469,0.9492827868852458
272.167720000002,1.4229047244606872,0.39719945355191255,272.14012999999113,0.9951091249631697,0.9147028688524589
272.41462800000204,1.3699737159761591,0.45099043715846987,272.3996639999912,1.0373744799430757,0.8662909836065573
272.6570330000019,1.3389288872748784,0.4892418032786885,272.6460379999914,1.0818044070857888,0.8048155737704918
272.8993990000019,1.3322484188720305,0.4964139344262296,272.8810889999912,1.118160887196885,0.7522199453551912
273.14856800000194,1.3453415860970495,0.4844603825136613,273.1374569999912,1.1390929831525707,0.7271174863387979
273.40259000000196,1.365326919856527,0.4557718579234973,273.4179349999913,1.142268988729366,0.7211407103825137
273.6570190000018,1.3746951609974918,0.4462090163934427,273.6458789999916,1.1312233504642129,0.7390710382513661
273.8944560000017,1.358941764028486,0.4629439890710382,273.92546099999197,1.1134450780894198,0.7629781420765027
274.14801500000164,1.3142931754491145,0.514344262295082,274.1984299999921,1.0959206031898967,0.7880806010928962
274.3809150000016,1.248591107763057,0.606386612021858,274.44746199999213,1.0809007587722987,0.8072062841530055
274.6387590000016,1.173815656186339,0.6888661202185793,274.65648199999214,1.0649653135991046,0.8287226775956285
274.88229900000164,1.1007067079663098,0.7797131147540983,274.8625259999924,1.0411463467635416,0.8616803278688524
275.13058000000166,1.038446103158488,0.8647540983606556,275.1153019999926,1.003901967809539,0.9047131147540983
275.37247900000153,0.9950258218249983,0.9147028688524589,275.3619459999928,0.953294076162018,0.9608094262295082
275.62246700000156,0.975830315452631,0.9385245901639344,275.6183319999928,0.8958399371444972,0.9999999999999999
275.87035900000154,0.9826070947164384,0.9308401639344261,275.8785659999929,0.8422937206411985,0.9999999999999999
276.12189200000154,1.0153428619969551,0.8901127049180326,276.10354299999284,0.8016912814178463,0.9999999999999999
276.37836800000173,1.073007015534949,0.8155737704918034,276.3449749999928,0.777334351822202,0.9999999999999999
276.6100580000019,1.1519552226089975,0.7115778688524591,276.59607599999265,0.768209418030417,0.9999999999999999
276.8768570000022,1.243618565849379,0.6147540983606558,276.8465219999927,0.7715111269965923,0.9999999999999999
277.10752300000206,1.3314612067981588,0.4964139344262296,277.10396999999267,0.7856586376471476,0.9999999999999999
277.35798000000227,1.3957110640061678,0.41632513661202186,277.3409089999928,0.8115946848114315,0.9999999999999999
277.6060410000022,1.4210951009708537,0.39839480874316935,277.5834809999926,0.8509049193200346,0.9999999999999999
277.8559210000022,1.4019775868600874,0.40915300546448086,277.8318569999929,0.9022636182394635,0.9999999999999999
278.1017470000022,1.346340518334875,0.4832650273224043,278.0801949999929,0.9600496593312832,0.9538934426229507
278.34235600000216,1.2732988409561983,0.5741120218579235,278.34341499999294,1.0150993625014066,0.8901127049180326
278.59913900000225,1.203096559789748,0.6565915300546449,278.5830789999928,1.0578109578626729,0.8382855191256833
278.84832700000226,1.1484367382543712,0.7115778688524591,278.83195499999255,1.0830204047900884,0.8036202185792349
279.08828800000225,1.113596642787431,0.7629781420765027,279.0969819999925,1.0928464825032984,0.7892759562841531
279.33944700000205,1.0932810462375544,0.7892759562841531,279.3239019999927,1.096052394010243,0.7880806010928962
279.6060510000021,1.0763200774600938,0.8095969945355191,279.5664419999928,1.1018998872552872,0.7785177595628416
279.83182700000197,1.0544380181647832,0.8442622950819672,279.81142799999293,1.1157586268322823,0.7570013661202187
280.0998720000021,1.0251378399689062,0.8778176229508197,280.0620139999931,1.137771338603185,0.7330942622950821
280.32978700000217,0.9886305240624944,0.9216188524590163,280.3388799999931,1.1635576606990743,0.7056010928961749
280.5753030000023,0.9458725734174128,0.9692622950819672,280.5533529999931,1.1848562486380492,0.6781079234972678
280.82114300000234,0.897787305862652,0.9999999999999999,280.805280999993,1.1912978785054054,0.6709357923497269
281.0788440000023,0.8463599304799719,0.9999999999999999,281.05481299999315,1.1747118741382618,0.6888661202185793
281.3157470000023,0.7974522224344887,0.9999999999999999,281.2987959999932,1.1323451671763392,0.7378756830601094
281.5905110000022,0.7613236854985335,0.9999999999999999,281.5436399999933,1.067026844698019,0.8251366120218578
281.81409400000234,0.7492973260031736,0.9999999999999999,281.7931599999934,0.9860365558132094,0.9239241803278688
282.0684490000024,0.7683986440821609,0.9999999999999999,282.05165199999334,0.899589998225645,0.9999999999999999
282.31460800000224,0.8213345029194556,0.9999999999999999,282.2894829999936,0.817539343946591,0.9999999999999999
282.57098500000217,0.9085252968188531,0.9999999999999999,282.53895799999367,0.7471677680616409,0.9999999999999999
282.7949590000023,1.027810424135361,0.8747438524590163,282.7840659999935,0.6926801190341636,0.9999999999999999
283.04539500000254,1.1722887502154729,0.6900614754098361,283.02925599999344,0.6549954550896205,0.9999999999999999
283.29999100000265,1.3292755939105962,0.4964139344262296,283.28717199999346,0.6327542662703638,0.9999999999999999
283.5483700000025,1.4819564376986283,0.33743169398907097,283.52669299999343,0.6230819127493249,0.9999999999999999
283.79211400000247,1.6099955819579472,0.23104508196721307,283.78517399999356,0.6224194684919837,0.9999999999999999
284.0389860000027,1.6973994209820278,0.1629098360655738,284.02259199999355,0.627217806040953,0.9999999999999999
284.28249200000266,1.7426866632499365,0.1436987704918032,284.27173199999356,0.6353296872929112,0.9999999999999999
284.5638990000028,1.7608992495696674,0.13678278688524584,284.52554799999376,0.6471655912444064,0.9999999999999999
284.79695700000264,1.775452330383588,0.13063524590163936,284.7787179999937,0.6643574619577814,0.9999999999999999
285.05666100000275,1.8069786778803283,0.12141393442622948,285.0187239999938,0.6877372335415154,0.9999999999999999
285.27806000000294,1.8678916687174372,0.09912909836065574,285.2600309999937,0.7172370102593569,0.9999999999999999
285.52492100000313,1.956912354679893,0.07377049180327867,285.5157049999936,0.7503960694340266,0.9999999999999999
285.7660590000029,2.0565013090053275,0.04918032786885242,285.76306099999334,0.7822245906639702,0.9999999999999999
286.0179580000029,2.143480223386735,0.033043032786885244,286.0198189999934,0.8087697791375534,0.9999999999999999
286.2648870000025,2.1980946429396315,0.0192110655737705,286.2544579999935,0.8288568924490001,0.9999999999999999
286.51886900000244,2.2101333130353624,0.01767418032786888,286.50249699999335,0.8432507130866589,0.9999999999999999
286.7573520000023,2.1789135462390767,0.025358606557377063,286.75720899999305,0.85317787116839,0.9999999999999999
287.01180000000227,2.1075720722988462,0.03688524590163938,286.99245699999284,0.8583982599646831,0.9999999999999999
287.25276200000224,2.0007244174781658,0.06531762295081968,287.2480969999928,0.8574363269590306,0.9999999999999999
287.5092110000022,1.864002491361802,0.10066598360655736,287.4904989999927,0.8485682537626569,0.9999999999999999
287.7476990000022,1.706466846858842,0.1593237704918032,287.7334979999927,0.8322731764711242,0.9999999999999999
287.9947030000021,1.543800040153268,0.2955942622950819,287.99410999999276,0.8123787608209241,0.9999999999999999
288.254666000002,1.3942184864603484,0.41632513661202186,288.2374619999926,0.7951665642191825,0.9999999999999999
288.489126000002,1.2731652042205759,0.5753073770491803,288.48485899999264,0.7875363834242508,0.9999999999999999
288.74168800000183,1.1897803306305181,0.6721311475409836,288.73969399999254,0.7942326315776953,0.9999999999999999
289.0070290000017,1.1461258241239196,0.7139685792349728,288.9857779999926,0.8165477835393659,0.9999999999999999
289.2295210000015,1.1381907443565824,0.7295081967213115,289.25160799999276,0.8536553682145633,0.9999999999999999
289.47874300000166,1.15958984101241,0.7067964480874318,289.47111799999277,0.9058152482527242,0.9999999999999999
289.7258390000017,1.2045958901317975,0.6553961748633881,289.71107799999305,0.9746197967161101,0.9408299180327868
289.9891330000017,1.2683332118204345,0.5824795081967213,289.98107099999316,1.0592627637745269,0.8358948087431693
290.2225400000017,1.3451084621175322,0.4844603825136613,290.21152199999335,1.1513087559374686,0.7115778688524591
290.4721580000015,1.4281554601801292,0.3936133879781421,290.46099599999366,1.2343450122366058,0.6231215846994536
290.72656700000135,1.5125860007577017,0.31711065573770486,290.70598299999364,1.2916297925425417,0.5406420765027322
290.97407500000133,1.5948199346888656,0.23941256830601093,290.9638789999938,1.313202293626856,0.514344262295082
291.2119800000015,1.672692968468393,0.1760587431693989,291.22033099999385,1.2988043899170645,0.5334699453551912
291.46236700000156,1.744266566779368,0.1436987704918032,291.44730499999383,1.258298962234434,0.5932377049180328
291.70780100000155,1.8214330243992243,0.11603483606557373,291.71228699999386,1.2089884543181273,0.6518101092896176
291.95465300000126,1.9758618331838789,0.07069672131147543,291.96532099999405,1.16986767104587,0.6948428961748635
292.2182500000013,2.3765651775162357,0.0,292.20368099999405,1.1550184356026671,0.7067964480874318
292.44923400000135,3.1711564577049294,0.0,292.46360599999383,1.169324083831961,0.6960382513661203
292.69871900000146,4.390616324142249,0.0,292.70168999999396,1.2065286983469812,0.6518101092896176
292.9486650000012,5.915557059243714,0.0,292.9356489999941,1.2544980928864042,0.5980191256830601
293.18985500000105,7.550496426042839,0.0,293.1816029999943,1.306298828348772,0.5251024590163935
293.442645000001,9.100407725675376,0.0,293.4307799999942,1.3650520307394183,0.4569672131147541
293.68699000000106,10.394366838522732,0.0,293.683243999994,1.4380514371099822,0.39002732240437155
293.9353340000012,11.328100624562378,0.0,293.9331989999941,1.5285681177232275,0.30396174863387976
294.183664000001,11.845002671327926,0.0,294.20173299999385,1.6321895900248178,0.20474726775956287
294.43127800000076,11.92343844991541,0.0,294.42295099999393,1.7390593862811934,0.1436987704918032
294.68118900000076,11.585250655603815,0.0,294.6712719999941,1.8374881097298523,0.10988729508196717
294.9326720000008,10.895651527148738,0.0,294.921928999994,1.9185339340824474,0.0860655737704918
295.1811970000011,9.947016007094302,0.0,295.17122999999395,1.9820884957642315,0.06992827868852454
295.42350700000117,8.839238178274833,0.0,295.4166429999938,2.034110508584921,0.05455942622950818
295.6665340000012,7.669345162414795,0.0,295.67382699999393,2.081913064447156,0.04149590163934424
295.9153780000014,6.544919394252333,0.0,295.90517699999384,2.1300076767387353,0.035348360655737675
296.16203400000114,5.528021443076387,0.0,296.1572539999938,2.1742769625781664,0.026127049180327874
296.41200100000106,4.64364290953103,0.0,296.40768899999387,2.1957054740385678,0.01997950819672131
296.6563660000009,3.8955328127720925,0.0,296.650085999994,2.1700868748320894,0.026895491803278684
296.90956800000106,3.281186870120291,0.0,296.92575699999384,2.0865904482198347,0.04072745901639343
297.15441400000105,2.792582911589417,0.0,297.208142999994,1.9543864958573103,0.07838114754098362
297.403516000001,2.4137235470866747,0.0,297.40619599999394,1.7956391454667242,0.12679303278688522
297.6479210000011,2.126963200688373,0.035348360655737675,297.67007899999373,1.6358576448535411,0.2023565573770491
297.89751300000086,1.9187692867728674,0.0860655737704918,297.9080929999939,1.49784087563871,0.32308743169398907
298.15272600000065,1.7735483620064372,0.13217213114754098,298.12948899999395,1.3974041610893986,0.41273907103825136
298.38932200000056,1.6734000375621454,0.1760587431693989,298.4374799999941,1.338262768763666,0.4892418032786885
298.63934900000066,1.60013267094507,0.23582650273224048,298.62956399999433,1.3084306730259294,0.5227117486338798
298.88359800000075,1.5385670727566771,0.29798497267759566,298.89551799999447,1.2844822638912599,0.5525956284153005
299.13164600000067,1.477428768060099,0.3422131147540984,299.1299519999944,1.244280107935802,0.613558743169399
299.3909860000005,1.4105273001164282,0.40198087431693996,299.3799499999944,1.1796890585803692,0.684084699453552
299.6247790000006,1.3369377172169015,0.4916325136612022,299.66283299999446,1.0969510059431804,0.7868852459016396
299.88675500000085,1.2583683759321014,0.5932377049180328,299.8839699999945,1.0108439682333388,0.8939549180327868
300.1211660000006,1.1775310537984016,0.6852800546448088,300.1658619999944,0.937350797375848,0.9823258196721311
300.37216600000096,1.0990696805431852,0.782103825136612,300.46212399999456,0.8881699639164004,0.9999999999999999
300.6196860000009,1.0300362919110713,0.8724385245901639,300.70123099999444,0.8692972375158288,0.9999999999999999
300.86661200000106,0.9790629800959009,0.9369877049180327,300.95616299999455,0.882447655190643,0.9999999999999999
301.1113850000012,0.9530423283667144,0.9608094262295082,301.1405259999947,0.928612299522042,0.9923155737704917
301.3613240000011,0.9534820602721021,0.9600409836065573,301.35804999999493,1.0046805974301254,0.9047131147540983
301.60628700000126,0.9741486382465898,0.9415983606557377,301.6140089999949,1.102301275838623,0.7773224043715847
301.85981800000127,1.0033270874901539,0.9047131147540983,301.84800699999505,1.2092579631668496,0.6518101092896176
302.0988130000013,1.0300357958392499,0.8724385245901639,302.1205729999952,1.312728344381584,0.514344262295082
302.35121500000116,1.0478687895930778,0.8516905737704917,302.3691439999952,1.4022978727057822,0.40915300546448086
302.61141700000104,1.0546706070287937,0.8442622950819672,302.6339299999952,1.470349098996108,0.35416666666666663
302.8489810000009,1.0507913162810416,0.8478483606557378,302.86251899999513,1.5127016199920555,0.31711065573770486
303.0984370000009,1.0375245535854076,0.8655225409836065,303.1008669999951,1.5323300671809978,0.3015710382513661
303.3413540000008,1.0158164270089547,0.8901127049180326,303.38042999999516,1.5404882403617335,0.2967896174863387
303.59452600000077,0.9863551394555216,0.9239241803278688,303.59987299999534,1.5535148984219702,0.288422131147541
303.8336780000005,0.9498946326838404,0.9654200819672131,303.8293999999954,1.5862266587590779,0.2501707650273224
304.09154100000046,0.9082673355464921,0.9999999999999999,304.0722319999956,1.6435938493314708,0.19637978142076504
304.3245860000004,0.8643947397334728,0.9999999999999999,304.3331369999957,1.7155868707345996,0.15334699453551914
304.5861210000004,0.8225129885123352,0.9999999999999999,304.5666429999955,1.7807929217725278,0.12986680327868846
304.8321300000004,0.7877493788922583,0.9999999999999999,304.8186879999955,1.8178456602482764,0.11680327868852454
305.07956300000046,0.7654293373431214,0.9999999999999999,305.06724299999564,1.8161543302173702,0.11680327868852454
305.3207360000006,0.7790564320269375,0.9999999999999999,305.3141559999959,1.7796112926433165,0.12986680327868846
305.5694490000005,0.911084914842092,0.9999999999999999,305.55963799999597,1.721138318713686,0.15334699453551914
305.82577600000036,1.3009513275133933,0.5310792349726776,305.81997499999596,1.654713911044467,0.18562158469945356
306.05926200000044,2.076876842054987,0.04226434426229505,306.05494099999595,1.5885337110098119,0.24538934426229514
306.3182390000006,3.300814901275814,0.0,306.3004219999961,1.5238991623896305,0.30993852459016397
306.5682000000003,4.919183666718041,0.0,306.5679809999961,1.4585849233341777,0.36492486338797814
306.8300960000002,6.7931934075337495,0.0,306.79540699999603,1.3917602634787105,0.42230191256830607
307.09316200000023,8.74466354707831,0.0,307.04729299999616,1.325904870122032,0.5011953551912568
307.3085810000003,10.577503739894832,0.0,307.29443699999644,1.265002698777792,0.5860655737704917
307.5578490000002,12.07198693647875,0.0,307.54440099999647,1.212802493932724,0.6470286885245902
307.79296600000055,12.99463711781135,0.0,307.8235139999965,1.172179634665976,0.6900614754098361
308.0410180000008,13.190134645580466,0.0,308.0518839999966,1.144605366928663,0.7175546448087432
308.28620600000073,12.681854360307243,0.0,308.2809929999966,1.1287184985109922,0.740266393442623
308.53616500000066,11.679806009641368,0.0,308.5494259999965,1.122835664420112,0.7438524590163936
308.7861330000006,10.464827401551819,0.0,308.7737179999967,1.1274071767570866,0.7414617486338797
309.0325690000006,9.268000798567341,0.0,309.01875699999664,1.1426243823613114,0.7199453551912569
309.27689900000036,8.23484250293009,0.0,309.3065989999965,1.1653308491604921,0.7020150273224044
309.5254020000003,7.425955466246183,0.0,309.52463299999647,1.1884729115296997,0.6721311475409836
309.7719130000003,6.8257274814882205,0.0,309.79912999999647,1.2022892106704108,0.6565915300546449
310.02892500000024,6.425581932174363,0.0,310.0170409999964,1.1984181740960549,0.6613729508196721
310.26884800000045,6.267181329436984,0.0,310.2632239999964,1.1724428941240808,0.6900614754098361
310.5119230000003,6.372859139017525,0.0,310.51404499999626,1.1262514025139767,0.7426571038251367
310.77632200000016,6.696108564279111,0.0,310.7622629999963,1.0675568827297777,0.8251366120218578
311.00654000000014,7.1256186511710755,0.0,311.02315399999634,1.0098238946055709,0.8970286885245901
311.25828700000017,7.523593881056028,0.0,311.2631049999963,0.9693644965962569,0.9439036885245902
311.50338600000015,7.76024621422336,0.0,311.50796299999627,0.9607867618253166,0.9538934426229507
311.76349900000025,7.73199338387335,0.0,311.7858309999962,0.989162589924409,0.9208504098360655
312.02801100000016,7.395616093823961,0.0,312.0019869999961,1.0457381023525814,0.8539959016393441
312.277396,6.78694998729516,0.0,312.24080099999605,1.1132404990975444,0.7629781420765027
312.49365,6.00943153448215,0.0,312.486918999996,1.175017954214447,0.6888661202185793
312.7486780000001,5.1875877096661895,0.0,312.7348429999959,1.220117681865216,0.6386612021857925
313.0326299999999,4.419225447297856,0.0,312.985761999996,1.2439050449653304,0.6147540983606558
313.24068199999994,3.749705868969859,0.0,313.2281999999958,1.247022304635517,0.6075819672131147
313.5000559999997,3.180012254082222,0.0,313.4766549999959,1.2337377117245336,0.6231215846994536
313.7325329999999,2.696819996045024,0.0,313.7295749999962,1.2092791227319415,0.6518101092896176
313.9834659999999,2.2944953468614115,0.0,313.9747109999964,1.1787302031519147,0.684084699453552
314.23394800000005,1.977322984697119,0.07069672131147543,314.2585739999965,1.1461582893780848,0.7139685792349728
314.480335,1.7471255565195056,0.1421618852459016,314.47996299999636,1.1133438846348302,0.7629781420765027
314.73837000000003,1.5931904359243927,0.24060792349726773,314.71493799999644,1.0802050682394575,0.8072062841530055
314.97690500000016,1.4911341162691527,0.3302595628415301,314.9675329999964,1.0450049350558535,0.8539959016393441
315.2488010000001,1.413858690526273,0.40198087431693996,315.2144319999964,1.0063883643089966,0.9031762295081966
315.46735099999995,1.34198245677602,0.4868510928961749,315.4839989999964,0.9650224931146921,0.9500512295081966
315.7154270000002,1.266077929477816,0.5860655737704917,315.7140649999964,0.9225783462106822,0.9992315573770492
315.9702600000001,1.1840904648628836,0.6781079234972678,315.9553409999963,0.8802602589209183,0.9999999999999999
316.21383900000006,1.0986502171013752,0.7832991803278689,316.19140999999644,0.8388753926617437,0.9999999999999999
316.4562250000001,1.014405281130597,0.8901127049180326,316.4529809999966,0.7990360505833777,0.9999999999999999
316.7133840000002,0.9352487174023305,0.9838627049180327,316.69038599999675,0.7609672799297678,0.9999999999999999
316.9583770000001,0.8653315640050616,0.9999999999999999,316.9414199999967,0.7250223781059113,0.9999999999999999
317.22194500000023,0.8158017630257118,0.9999999999999999,317.1901019999965,0.692015538408377,0.9999999999999999
317.4587670000004,0.8078874957373763,0.9999999999999999,317.4313179999967,0.662551467566977,0.9999999999999999
317.7027050000002,0.8622873817206189,0.9999999999999999,317.6916859999968,0.6369567583135803,0.9999999999999999
317.9491990000003,0.978272396102105,0.9377561475409836,317.9296149999969,0.6151867729095434,0.9999999999999999
318.1899800000002,1.1300708641569182,0.7390710382513661,318.1785029999969,0.5963287151065306,0.9999999999999999
318.448975,1.2857795364893574,0.5502049180327869,318.42487499999663,0.5785173183218615,0.9999999999999999
318.6885070000001,1.424190234282314,0.39600409836065575,318.6814889999966,0.5602008061721505,0.9999999999999999
318.9594650000001,1.535001081825307,0.3003756830601093,318.92083299999643,0.5424164978314427,0.9999999999999999
319.1789070000002,1.6125466931557162,0.22267759562841524,319.16750599999637,0.5304590472726353,0.9999999999999999
319.43390800000003,1.6520685083846232,0.189207650273224,319.4246889999965,0.5330718992465759,0.9999999999999999
319.6749669999999,1.6490057347359928,0.19159836065573765,319.6590039999964,0.5593647783413007,0.9999999999999999
319.9283819999999,1.6034007792215592,0.23463114754098366,319.94356499999645,0.6116785059218308,0.9999999999999999
320.17175899999967,1.5241665175187546,0.30993852459016397,320.17549499999643,0.6797899476519527,0.9999999999999999
320.4233729999997,1.4254268352798523,0.39600409836065575,320.41060099999646,0.7440743860170252,0.9999999999999999
320.66884299999975,1.3213258473036382,0.5059767759562842,320.6540229999968,0.7871211371243818,0.9999999999999999
320.92787999999973,1.222535270417752,0.6386612021857925,320.9033179999968,0.8028761110867835,0.9999999999999999
321.15999300000004,1.1322474117136347,0.7390710382513661,321.14650099999676,0.7953124506565077,0.9999999999999999
321.4090590000002,1.0477288954486457,0.8516905737704917,321.39486599999685,0.7737705361530005,0.9999999999999999
321.6530400000002,0.9650808282442535,0.9492827868852458,321.6488829999968,0.7492691583090795,0.9999999999999999
321.9129600000002,0.8830617733115746,0.9999999999999999,321.89578999999645,0.7326904646569761,0.9999999999999999
322.1508480000001,0.8049647443554311,0.9999999999999999,322.1447209999963,0.7320825350666677,0.9999999999999999
322.4012430000001,0.7385423752264786,0.9999999999999999,322.4051029999963,0.7498776896233094,0.9999999999999999
322.64701200000013,0.6920865510844383,0.9999999999999999,322.6317399999964,0.782620071770664,0.9999999999999999
322.918134,0.6708810472105619,0.9999999999999999,322.8836379999963,0.8232846504243648,0.9999999999999999
323.1391050000002,0.6763021866398075,0.9999999999999999,323.1450289999965,0.8652262915381784,0.9999999999999999
323.38716700000026,0.704034748795923,0.9999999999999999,323.3810199999967,0.9034682187527985,0.9999999999999999
323.6454550000002,0.7458005633889756,0.9999999999999999,323.6304969999965,0.9362877643831331,0.9823258196721311
323.8820880000003,0.7907642578663003,0.9999999999999999,323.8744599999966,0.9812659666705842,0.9331454918032787
324.1418170000003,0.8281947332823074,0.9999999999999999,324.1163039999965,1.1219875774676937,0.7438524590163936
324.3785900000003,0.8514324561349293,0.9999999999999999,324.36635299999654,1.5301111907535505,0.3027663934426229
324.6342440000004,0.8604410244984895,0.9999999999999999,324.61035299999673,2.3433211914252237,0.0
324.8817430000001,0.8598483671785438,0.9999999999999999,324.87276699999666,3.546250261258977,0.0
325.1192960000001,0.8554031898273735,0.9999999999999999,325.1085069999966,5.028497401996823,0.0
325.37373599999984,0.8542049516765984,0.9999999999999999,325.3679599999967,6.638854391694996,0.0
325.61855599999984,0.8684532741839661,0.9999999999999999,325.60182299999684,8.220289678803812,0.0
325.8634269999999,0.9123973550719418,0.9999999999999999,325.8466729999969,9.617408810371641,0.0
326.1303409999998,0.9897637780029785,0.9200819672131146,326.0947299999967,10.67923631060624,0.0
326.3637399999998,1.0863258532207416,0.7952527322404371,326.34983499999674,11.275210706833631,0.0
326.6063049999997,1.1797670945459364,0.684084699453552,326.59829499999677,11.322367833950924,0.0
326.86332899999957,1.2520152579043504,0.6039959016393442,326.8384899999968,10.819539108378843,0.0
327.1028789999996,1.2943270641770026,0.5394467213114754,327.0930159999969,9.864501840742701,0.0
327.3794749999994,1.3052714288716467,0.5262978142076502,327.340411999997,8.64147675464256,0.0
327.6021819999994,1.2903664277935505,0.5442281420765027,327.5858469999969,7.348043304866632,0.0
327.8413629999993,1.2606442430047227,0.590846994535519,327.8363449999971,6.1330769482352,0.0
328.09640599999926,1.232216711629154,0.6243169398907104,328.07472799999726,5.083544422052343,0.0
328.35512999999935,1.2252575178624905,0.6362704918032787,328.3316779999971,4.2117094129979025,0.0
328.5869809999995,1.2590075336121427,0.5920423497267759,328.57164899999697,3.499972037590833,0.0
328.85241199999956,1.34227090883474,0.4868510928961749,328.8325539999968,2.928707180077184,0.0
329.10310399999946,1.4693379913698714,0.35416666666666663,329.0715549999968,2.4822066233538793,0.0
329.3429059999995,1.618234102774412,0.22028688524590162,329.3205209999968,2.1463804724833344,0.032274590163934434
329.5813519999995,1.760073481737417,0.13678278688524584,329.57242899999693,1.9077801468973972,0.08990778688524585
329.8242869999994,1.8732511264871197,0.09836065573770493,329.8166779999969,1.7485013636301368,0.14139344262295078
330.0901219999995,1.9513048197477418,0.07914959016393443,330.06164899999703,1.641860532065912,0.19637978142076504
330.3282089999998,2.0004789414413198,0.06531762295081968,330.31725599999714,1.5561423924643565,0.28483606557377045
330.59751399999965,2.029073427771842,0.05455942622950818,330.5526149999973,1.4680075569226387,0.3553620218579235
330.81911699999966,2.0390345227729543,0.05302254098360656,330.82369999999736,1.3700123983327133,0.45099043715846987
331.05959999999965,2.0233400331922313,0.05455942622950818,331.05553499999746,1.2670093363474981,0.5848702185792349
331.31355799999966,1.9684204468597797,0.07069672131147543,331.29339699999724,1.1676164642979212,0.6984289617486339
331.5604149999999,1.867029969861473,0.09912909836065574,331.54174799999765,1.0799154355601053,0.8072062841530055
331.80796200000026,1.7279508248550666,0.14984631147540978,331.7924159999979,1.0096463014709232,0.8970286885245901
332.0583300000003,1.5741287638146215,0.2633196721311475,332.0373799999978,0.9595163274313324,0.9538934426229507
332.2943320000002,1.4301649352869776,0.3936133879781421,332.28889999999774,0.9296051593769963,0.9915471311475409
332.54266300000006,1.3105397137119765,0.5179303278688524,332.53979799999763,0.9170159053474067,0.9999999999999999
332.79867299999995,1.219286209852234,0.6386612021857925,332.7859599999976,0.9152268501051829,0.9999999999999999
333.0652330000001,1.1592844177059385,0.7067964480874318,333.0292689999977,0.9144929771450375,0.9999999999999999
333.31550100000015,1.144201158538737,0.7175546448087432,333.27782799999767,0.9056176984999974,0.9999999999999999
333.5404760000003,1.2027465274602027,0.6565915300546449,333.52668199999755,0.8837848606398931,0.9999999999999999
333.80645100000044,1.365544215995062,0.4557718579234973,333.76664799999764,0.8484765615244183,0.9999999999999999
334.0314120000004,1.6349725853852024,0.20355191256830607,334.0322479999977,0.8028541158321275,0.9999999999999999
334.28715100000056,1.9568682690345507,0.07377049180327867,334.26822899999775,0.7523865646011294,0.9999999999999999
334.5377660000003,2.2404230281165836,0.012295081967213127,334.53975099999735,0.7044508216358228,0.9999999999999999
334.7782590000004,2.409208040677908,0.0,334.7677049999975,0.6682234717066167,0.9999999999999999
335.0307900000005,2.4370038920822865,0.0,335.0126369999976,0.6532978413339565,0.9999999999999999
335.27421600000054,2.343802913739025,0.0,335.25311699999787,0.6701444864408259,0.9999999999999999
335.53250100000054,2.173876604969283,0.026127049180327874,335.5151919999981,0.7294683871985249,0.9999999999999999
335.7717110000006,1.9742179565390048,0.07069672131147543,335.77420799999805,0.8401320344733385,0.9999999999999999
336.02247000000057,1.7825338543473062,0.12986680327868846,336.0096509999982,1.0080962973698964,0.9001024590163934
336.2624580000005,1.6219524742813125,0.21789617486338797,336.245651999998,1.2344456851547385,0.6231215846994536
336.5216970000006,1.5074639142736679,0.3195013661202186,336.4950959999981,1.5103814060142946,0.3183060109289618
336.7690570000006,1.4510708289516376,0.3744877049180328,336.74556699999806,1.8143447106719468,0.11834016393442624
337.00798800000075,1.4569318610206254,0.3685109289617486,336.993208999998,2.109989544765397,0.03688524590163938
337.2581840000006,1.5121441651133605,0.31711065573770486,337.240263999998,2.3518161526676806,0.0
337.49549600000086,1.590063304379314,0.24419398907103818,337.48867699999823,2.4991946658287265,0.0
337.7578990000007,1.6623080571401474,0.18323087431693993,337.73558899999813,2.531481000476757,0.0
338.01112300000085,1.7106148374638592,0.15454234972677597,337.9895869999981,2.4575515134788657,0.0
338.3119430000009,1.7283674951737935,0.14984631147540978,338.2414759999982,2.30993453524665,0.0
338.50330000000076,1.7190808832191011,0.15334699453551914,338.49150899999796,2.125137652058719,0.036116803278688485
338.7757510000009,1.6915175459074976,0.16769125683060107,338.72437099999803,1.9309011133295229,0.08299180327868848
339.02766100000076,1.6546454598370524,0.18562158469945356,338.968418999998,1.7440941046633103,0.1436987704918032
339.231622000001,1.612560608233553,0.22267759562841524,339.2203579999978,1.57409156172154,0.2633196721311475
339.48268100000087,1.5641039609430814,0.2752732240437158,339.46978099999785,1.4253586376563003,0.39600409836065575
339.72248300000086,1.5043768127197212,0.3195013661202186,339.719786999998,1.2985315337724654,0.535860655737705
339.9705910000011,1.428239622852764,0.3936133879781421,339.9623359999979,1.19215495594423,0.6709357923497269
340.22912200000115,1.3367651978153712,0.4916325136612022,340.2166599999976,1.1042691801454005,0.7773224043715847
340.46998400000103,1.2411510228161173,0.6183401639344261,340.4572599999977,1.032435793016814,0.8716700819672131
340.7290980000011,1.1680983104733802,0.6972336065573771,340.7105829999977,0.974374533708328,0.9408299180327868
340.9624050000011,1.1567096134042774,0.7067964480874318,340.9517049999977,0.929570170443593,0.9915471311475409
341.21583100000123,1.244890539018151,0.6099726775956283,341.2029699999977,0.8996606092851676,0.9999999999999999
341.4817600000014,1.4562535430175036,0.36970628415300544,341.4467519999978,0.8886424072625487,0.9999999999999999
341.71091000000155,1.7978018196822148,0.1260245901639344,341.7166969999977,0.9022052928350797,0.9999999999999999
341.9576880000017,2.2593434094397598,0.0069159836065573735,341.94116799999773,0.9426475691728518,0.9738729508196721
342.1997220000018,2.8054523315681505,0.0,342.19819099999785,1.0057862956597077,0.9031762295081966
342.45016600000173,3.3544392089981256,0.0,342.4487189999979,1.0825602638542062,0.8048155737704918
342.69708500000166,3.7733778869906143,0.0,342.6874649999978,1.1602751996947267,0.7067964480874318
342.93751900000177,3.937883572576107,0.0,342.9764989999976,1.2284096778685796,0.6314890710382512
343.1899230000019,3.8250541896774424,0.0,343.18851899999765,1.2839501133010338,0.5537909836065573
343.44558000000205,3.5190834265231574,0.0,343.4274439999977,1.3348679076940075,0.4940232240437158
343.6874820000019,3.1301070320496085,0.0,343.7044089999976,1.3959934447103775,0.41632513661202186
343.93437100000176,2.7374051106125705,0.0,343.9243759999977,1.4786110880067675,0.3410177595628415
344.1831640000016,2.3838571465805156,0.0,344.1845599999974,1.5780733742743265,0.25973360655737704
344.4251440000018,2.0865301074981826,0.04072745901639343,344.42505699999737,1.6729341780521738,0.1760587431693989
344.6770130000018,1.8441827867226945,0.10835040983606554,344.6765639999973,1.7393229445891916,0.1436987704918032
344.92189000000195,1.6451161915657728,0.19398907103825141,344.9395009999972,1.763632865417312,0.13524590163934422
345.1798600000019,1.474913579946308,0.3469945355191256,345.1801489999971,1.7422097687926694,0.1436987704918032
345.4249710000019,1.3238922416557233,0.5035860655737706,345.4277009999972,1.6784285874301936,0.17366803278688528
345.6635690000016,1.190665290609983,0.6709357923497269,345.6664749999974,1.58151208054463,0.2561475409836066
345.9316110000015,1.0801293057256462,0.8072062841530055,345.9383709999974,1.465004256501485,0.35894808743169393
346.1585130000014,1.0000759876933065,0.9085553278688524,346.18089899999717,1.3445150110940083,0.4856557377049181
346.4084740000013,0.9570361134308965,0.9561987704918031,346.4124209999972,1.2337258397437387,0.6231215846994536
346.6624550000013,0.9500222628670598,0.9646516393442622,346.64688999999726,1.14094982117513,0.7223360655737706
346.9054280000012,0.9679492658366743,0.9446721311475409,346.93216999999737,1.0688289380556943,0.8251366120218578
347.16274400000117,0.9948222661831089,0.9147028688524589,347.17330999999723,1.0173788088135354,0.8862704918032787
347.4017000000012,1.0174019215283159,0.8862704918032787,347.38566199999735,0.9838164950209016,0.9300717213114753
347.64925100000113,1.0283404023167777,0.8739754098360655,347.6685929999974,0.9646893016847878,0.9500512295081966
347.8945640000014,1.0247169351136014,0.8785860655737704,347.8932079999973,0.955072517980678,0.9577356557377049
348.1411780000015,1.0077771025284796,0.901639344262295,348.15800399999733,0.9503754647468045,0.9646516393442622
348.38955600000156,0.9825667169470471,0.9308401639344261,348.3920459999973,0.9489708534957328,0.9669569672131146
348.63766000000186,0.9594815611835512,0.9538934426229507,348.6409389999971,0.9524670445628738,0.9623463114754097
348.8870080000017,0.9509951797006095,0.9631147540983606,348.8923389999971,0.9636996379084753,0.9523565573770492
349.14250400000157,0.9660269715059235,0.948514344262295,349.12090099999705,0.9831495181924308,0.9308401639344261
349.3813480000015,1.0076506781886174,0.901639344262295,349.40278099999716,1.008266846174302,0.9001024590163934
349.62986400000153,1.0735157688439738,0.8143784153005464,349.6285599999973,1.037538010140763,0.8655225409836065
349.8772940000014,1.1566005192485902,0.7067964480874318,349.8618889999974,1.0744025390148457,0.8131830601092898
350.12578600000154,1.2431325383943825,0.6159494535519126,350.13543499999736,1.1220358484120834,0.7438524590163936
350.3665190000015,1.3135621014439365,0.514344262295082,350.4078339999973,1.176774980636517,0.6864754098360656
350.6197300000016,1.3499135709863825,0.4820696721311475,350.6742509999976,1.2298984604313978,0.6290983606557377
350.8624820000016,1.3444818302436419,0.4856557377049181,350.92137099999775,1.2732149117221987,0.5753073770491803
351.11164200000155,1.3019957825622397,0.5310792349726776,351.11495899999784,1.3028374034667864,0.5310792349726776
351.3664630000017,1.2336290237882162,0.6231215846994536,351.35896499999785,1.320025954034153,0.5095628415300547
351.6071110000017,1.151733945835983,0.7115778688524591,351.59398699999775,1.3309189571193671,0.4964139344262296
351.8586690000015,1.0682475067842034,0.8251366120218578,351.867328999998,1.3445316971972199,0.4856557377049181
352.1041520000015,0.9964574628595885,0.9139344262295082,352.13829599999804,1.3705113378760863,0.45099043715846987
352.3505050000014,0.9484602633939488,0.9669569672131146,352.3732899999979,1.4139105271527186,0.40198087431693996
352.5938860000013,0.9312246528853183,0.9900102459016393,352.6155089999979,1.4701503750230092,0.35416666666666663
352.8450010000014,0.9442759521054922,0.9723360655737704,352.8501659999979,1.526017241447193,0.3075478142076503
353.0947850000015,0.9781320124557572,0.9377561475409836,353.09061999999767,1.5653977362314597,0.274077868852459
353.3402130000015,1.0159656695824448,0.8901127049180326,353.33545299999753,1.5798973355091432,0.25853825136612024
353.6104840000016,1.0403871794446629,0.8632172131147541,353.57863399999763,1.5740056410536645,0.2633196721311475
353.83452300000164,1.0435428701007803,0.8563012295081966,353.8513059999976,1.5614424419691664,0.2752732240437158
354.0839720000015,1.030256616506285,0.8724385245901639,354.09185899999767,1.5570492438476147,0.2836407103825136
354.3320500000016,1.012229854860696,0.8924180327868851,354.32365199999737,1.5692305069825188,0.26571038251366125
354.57913700000137,1.0021267490552617,0.9077868852459016,354.5650249999973,1.5961104827554755,0.2382172131147541
354.82067900000146,1.0092743923786107,0.8985655737704917,354.8135439999973,1.6248769542188528,0.21072404371584696
355.0687380000014,1.0380290523091413,0.8647540983606556,355.06009099999744,1.6381915735150245,0.2023565573770491
355.3202070000015,1.0896502297842434,0.7928620218579234,355.3087969999975,1.6230986106846912,0.21550546448087435
355.56901300000175,1.1630041649199043,0.7067964480874318,355.55823899999746,1.57368746163311,0.2633196721311475
355.8114390000017,1.2517521981252693,0.6039959016393442,355.8442349999973,1.4919303910983996,0.3302595628415301
356.07024200000166,1.3414866019544478,0.4868510928961749,356.0662729999973,1.3881402019912947,0.43066939890710376
356.30676000000153,1.4093432395684322,0.40198087431693996,356.3062819999975,1.2750715356636584,0.5681352459016394
356.56267600000166,1.433667571728101,0.39241803278688525,356.5457669999976,1.1633627299028053,0.7067964480874318
356.8156860000017,1.4096292828142432,0.40198087431693996,356.80149799999754,1.0605424837549893,0.8335040983606558
357.05371300000166,1.3541104218312414,0.4772882513661203,357.05356699999754,0.9720641006276222,0.9431352459016393
357.3121310000017,1.2949740537849517,0.5394467213114754,357.2895699999974,0.903066290770838,0.9999999999999999
357.5435880000018,1.2578538830956894,0.5932377049180328,357.54028899999753,0.8586454937210521,0.9999999999999999
357.79370300000164,1.2594703098546918,0.5920423497267759,357.7848359999975,0.841903646112453,0.9999999999999999
358.04210600000187,1.3064275643403123,0.5251024590163935,358.0435289999974,0.8523066954875678,0.9999999999999999
358.2899570000016,1.3909551906400777,0.42588797814207646,358.28693999999746,0.8851667100938791,0.9999999999999999
358.5380360000016,1.4883623269777557,0.3326502732240437,358.52997599999736,0.9323165566767864,0.9877049180327868
358.7931070000018,1.5654501435566495,0.274077868852459,358.78172199999733,0.9857380523815518,0.9246926229508197
359.03940100000165,1.5991039820336754,0.23702185792349728,359.0312709999974,1.0421306809419095,0.8593749999999999
359.2752680000015,1.5903645275631464,0.24299863387978138,359.27628899999746,1.1038453189878692,0.7773224043715847
359.5212260000015,1.5585023747324036,0.2800546448087432,359.51971999999733,1.1773150569957611,0.6852800546448088
359.77267700000164,1.5249098523413904,0.30993852459016397,359.77191599999765,1.2683196141597408,0.5824795081967213
360.0326360000017,1.49860313685845,0.3218920765027322,360.0211959999977,1.375401153623727,0.4450136612021859
360.27619400000174,1.4732840721617289,0.3481898907103824,360.2987369999977,1.485620772553773,0.3350409836065573
360.5206240000017,1.4356054969936551,0.39122267759562845,360.5592229999976,1.575367974195932,0.25973360655737704
360.7620840000018,1.3833268339795894,0.43664617486338797,360.76435199999764,1.6189419576539765,0.2190915300546448
361.00763900000163,1.3318566787001571,0.4964139344262296,361.00180499999783,1.602544438229862,0.23463114754098366
361.2764550000019,1.3015845174659495,0.5310792349726776,361.25220699999767,1.5307397007216117,0.3027663934426229
361.5035420000021,1.3035400269920343,0.528688524590164,361.51630599999766,1.4229013485095654,0.39719945355191255
361.75190400000207,1.334436807953403,0.4940232240437158,361.7531679999976,1.3013036894034808,0.5310792349726776
362.0028500000021,1.3805606062182119,0.43903688524590156,361.9969989999975,1.183820608830327,0.6781079234972678
362.24929700000223,1.4254028692343506,0.39600409836065575,362.2506439999977,1.0840553518433957,0.7988387978142076
362.4928940000023,1.456600356336029,0.3685109289617486,362.48926199999767,1.0106587501229702,0.8939549180327868
362.7489740000021,1.4679519430764,0.3553620218579235,362.73975599999767,0.966871225447771,0.9477459016393441
362.9855270000019,1.4566986121196788,0.3685109289617486,362.9845739999978,0.9498061967601515,0.9654200819672131
363.2376170000019,1.4214892850305616,0.39719945355191255,363.23160999999783,0.9517695515226392,0.9631147540983606
363.47845000000194,1.3623853918253686,0.4593579234972678,363.47566499999795,0.9650086351575098,0.9500512295081966
363.732457000002,1.2835763927076058,0.5573770491803279,363.7267159999978,0.984733306341336,0.9269979508196721
363.98162700000177,1.1937877998592137,0.6673497267759563,363.9771929999978,1.0112270464348512,0.8924180327868851
364.2340550000018,1.1038931997967487,0.7773224043715847,364.22909699999786,1.073853786850499,0.8131830601092898
364.4834660000019,1.024226535253287,0.8785860655737704,364.48221199999773,1.2722755361111378,0.5765027322404372
364.7290050000019,0.9639731924424816,0.9523565573770492,364.74904199999764,1.7790892619200915,0.12986680327868846
364.97254200000185,0.9300429521281621,0.9907786885245902,364.9614529999977,2.702998048924263,0.0
365.220879000002,0.9256675846186958,0.9969262295081966,365.2098639999978,3.940500098588993,0.0
365.4642370000021,0.950194918972285,0.9646516393442622,365.46449799999795,5.277453502423761,0.0
365.71244600000216,0.9972988054314007,0.9131659836065573,365.7174049999979,6.540508601648252,0.0
365.9676620000023,1.0533333585436675,0.8454576502732242,365.95852199999786,7.6262671992478435,0.0
366.2065180000024,1.1014833590671187,0.7785177595628416,366.20721999999796,8.472216511101037,0.0
366.4659900000022,1.1281881978717563,0.740266393442623,366.44786699999776,9.02060272275165,0.0
366.70713800000226,1.1262865179979609,0.7426571038251367,366.7151209999978,9.194610912055833,0.0
366.958145000002,1.0951430490686058,0.7892759562841531,366.9462179999976,8.905314493736444,0.0
367.19762500000195,1.040076756876981,0.8632172131147541,367.20055199999734,8.126711215201318,0.0
367.45156200000184,0.9734953587166814,0.9415983606557377,367.4461619999975,7.008798020577184,0.0
367.7085870000019,0.9100665973690545,0.9999999999999999,367.6949939999978,5.823401676661164,0.0
367.94408500000213,0.8603907920714524,0.9999999999999999,367.940097999998,4.769784349212075,0.0
368.19450100000216,0.828283459133335,0.9999999999999999,368.188915999998,3.9132357628466377,0.0
368.4408980000021,0.8137301414701633,0.9999999999999999,368.4302139999981,3.239451067530413,0.0
368.683870000002,0.8167201791293659,0.9999999999999999,368.6832739999982,2.7151381633325657,0.0
368.9512980000021,0.8364968970109465,0.9999999999999999,368.9276029999982,2.3105744914037514,0.0
369.17788000000206,0.8689352034240199,0.9999999999999999,369.19228299999827,2.0002134100292785,0.06531762295081968
369.4229240000022,0.9051531416605503,0.9999999999999999,369.41682299999854,1.7621072852473714,0.13601434426229503
369.6759120000022,0.9335357168716905,0.9853995901639343,369.6764259999986,1.5787475113607066,0.25973360655737704
369.9202510000023,0.9436877468727481,0.9731045081967212,369.92359299999856,1.438281160365161,0.3876366120218579
370.1661480000026,0.9321856340552405,0.9877049180327868,370.1706169999985,1.3341970898594175,0.4940232240437158
370.4185790000026,0.9076488527074206,0.9999999999999999,370.4083979999983,1.2631615154344282,0.5896516393442623
370.67019200000277,0.8863318232258269,0.9999999999999999,370.6605469999982,1.2214523585696329,0.6386612021857925
370.9245580000027,0.88539206436712,0.9999999999999999,370.9096689999982,1.2030880147164003,0.6565915300546449
371.1577550000026,0.9150755892148338,0.9999999999999999,371.15718599999815,1.2002341833254273,0.6589822404371585
371.4147270000027,0.9766451139935745,0.9377561475409836,371.4071529999981,1.2063688010988185,0.6518101092896176
371.65258400000255,1.063285555834013,0.8335040983606558,371.65724199999806,1.2216329645822366,0.6386612021857925
371.9215570000026,1.1574861471952045,0.7067964480874318,371.89762099999814,1.2553327329323105,0.5968237704918032
372.1562130000027,1.2378353503317934,0.6207308743169399,372.14619399999805,1.318329965898165,0.5107581967213115
372.3999070000025,1.2951834639498272,0.5394467213114754,372.4070929999981,1.41298502371757,0.40198087431693996
372.66603000000254,1.3368457275232308,0.4916325136612022,372.63923999999815,1.5289681223192686,0.30396174863387976
372.94970300000244,1.3743078283560988,0.4474043715846995,372.92937699999817,1.643748746465545,0.19637978142076504
373.2176610000026,1.415572636290476,0.40198087431693996,373.1557699999982,1.7279537018204225,0.14984631147540978
373.4431040000024,1.463607274073798,0.36014344262295084,373.37918099999837,1.7562954614554893,0.13908811475409835
373.63877300000246,1.5167571218957558,0.31711065573770486,373.6366849999981,1.717098139098213,0.15334699453551914
373.8920270000025,1.5690108063302368,0.2681010928961749,373.8797549999982,1.6151897451044597,0.22148224043715842
374.1394340000026,1.6092000011426286,0.23104508196721307,374.14135399999793,1.4701423898121568,0.35416666666666663
374.39822100000293,1.6217887318511397,0.21789617486338797,374.426832999998,1.308885960920789,0.5203210382513661
374.625691000003,1.5956318737381838,0.2382172131147541,374.6292099999981,1.1559568956219253,0.7067964480874318
374.87255400000305,1.5365781186503886,0.3003756830601093,374.88223799999815,1.0277268517296134,0.8747438524590163
375.12757800000287,1.4637827233771847,0.36014344262295084,375.23158499999823,0.9311343234750111,0.9900102459016393
375.3710760000031,1.3972378611277296,0.41273907103825136,375.51761299999845,0.8656725112038235,0.9999999999999999
375.62473900000316,1.3503980628438839,0.4820696721311475,375.7637279999989,0.8272128411022361,0.9999999999999999
375.8631570000033,1.3287081540660892,0.4964139344262296,376.05220099999923,0.809647346613498,0.9999999999999999
376.1397140000035,1.333220828354825,0.4952185792349727,376.25215499999973,0.8047196660565039,0.9999999999999999
376.3680540000033,1.35527715647001,0.4760928961748634,376.43305199999975,0.8027599331801132,0.9999999999999999
376.65113800000313,1.3808052590309021,0.43903688524590156,376.5971019999998,0.7975900069065902,0.9999999999999999
376.8655690000032,1.3981005497440355,0.41273907103825136,376.87219399999987,0.7916888070810671,0.9999999999999999
377.105652000003,1.402697022380546,0.40795765027322406,377.1014799999998,0.7947535153832457,0.9999999999999999
377.410571000003,1.3932581606123584,0.41632513661202186,377.34151999999983,0.8187105028248194,0.9999999999999999
377.7005880000033,1.367678541301868,0.4521857923497268,377.59000399999996,0.8699864698538444,0.9999999999999999
377.96601300000333,1.3215348438707784,0.5059767759562842,377.838846,0.9428104765580831,0.9738729508196721
378.20905300000345,1.2522083377829756,0.6039959016393442,378.090976,1.0207768997840392,0.8816598360655736
378.4754620000035,1.1649865896413685,0.7020150273224044,378.33247100000006,1.0851455882940935,0.796448087431694
378.71504000000357,1.0725796763601556,0.8155737704918034,378.6595460000003,1.123159153872066,0.7438524590163936
378.9741590000038,0.988873123783094,0.9208504098360655,378.84823400000033,1.1343943779364887,0.7378756830601094
379.2706080000037,0.9236856430204375,0.9969262295081966,379.0791210000003,1.1291643609267226,0.740266393442623
379.45410400000407,0.8811207200213698,0.9999999999999999,379.3999870000003,1.1212340042812956,0.7462431693989072
379.71007800000405,0.8616483767761727,0.9999999999999999,379.59845700000045,1.1185344510401156,0.7522199453551912
379.9249180000043,0.8623943083580621,0.9999999999999999,379.81907400000046,1.1187858173064216,0.7510245901639345
380.14391600000425,0.8762850503544519,0.9999999999999999,380.08693900000054,1.1115595327308627,0.7653688524590165
380.34134400000426,0.8931987283260603,0.9999999999999999,380.5008790000006,1.0862114240392664,0.7952527322404371
380.56322400000425,0.9042117642898527,0.9999999999999999,380.83300800000126,1.0393263479371964,0.8632172131147541
380.8167400000042,0.9054695510994005,0.9999999999999999,380.9737090000018,0.9755475375520968,0.9392930327868851
381.06059800000423,0.8976246522577442,0.9999999999999999,381.16897200000204,0.902438827913702,0.9999999999999999
381.3081350000043,0.8847342049026653,0.9999999999999999,381.3452250000021,0.8287586253336112,0.9999999999999999
381.55894500000414,0.8742550830548835,0.9999999999999999,381.56672900000206,0.7684956730362384,0.9999999999999999
381.8189390000039,0.8762893922796348,0.9999999999999999,381.80548100000226,0.7362729230420748,0.9999999999999999
382.0678170000038,0.8981218648349091,0.9999999999999999,382.0494700000024,0.7355815230995841,0.9999999999999999
382.30336000000375,0.9399353208272646,0.9777151639344261,382.4099390000025,0.7586299080094783,0.9999999999999999
382.54371300000366,0.9940505396364564,0.9154713114754097,382.7599420000028,0.7940106996452154,0.9999999999999999
382.7949290000038,1.0475303303512646,0.8516905737704917,382.98251300000317,0.8320082024730129,0.9999999999999999
383.0602100000038,1.0866519184866321,0.7940573770491804,383.23408700000346,0.865787693262243,0.9999999999999999
383.2926170000038,1.1008815905826497,0.7797131147540983,383.5935680000035,0.8903312730528083,0.9999999999999999
383.54929500000384,1.0859546489978122,0.796448087431694,383.84745400000406,0.901443010787562,0.9999999999999999
383.78425200000385,1.0456953429576923,0.8539959016393441,384.085438000004,0.8947112901266514,0.9999999999999999
384.0282200000037,0.9908850274503778,0.9185450819672131,384.30805100000447,0.8782537157773598,0.9999999999999999
384.27752800000366,0.9346709475596648,0.9838627049180327,384.43685100000476,0.9003091879142417,0.9999999999999999
384.5273860000037,0.8867698495684733,0.9999999999999999,384.65897300000483,0.9948027817357484,0.9147028688524589
384.7759020000034,0.8509505062166789,0.9999999999999999,384.8754060000047,1.134223066359095,0.7378756830601094
385.0273060000035,0.8270685361027191,0.9999999999999999,385.0775500000047,1.283905618029292,0.5549863387978143
385.2668730000036,0.8128065929067477,0.9999999999999999,385.33100800000443,1.4251933316714536,0.39600409836065575
385.5249420000034,0.8038813288183969,0.9999999999999999,385.5243640000046,1.551066017534147,0.29081284153005466
385.76585900000333,0.7939066945406703,0.9999999999999999,385.7657980000045,1.659981043347459,0.18442622950819676
386.01129000000327,0.7765006998712028,0.9999999999999999,386.04033200000447,1.7523809280128697,0.13985655737704916
386.2622460000031,0.7481013161464405,0.9999999999999999,386.2773130000046,1.8290994756252474,0.11296106557377049
386.51483900000306,0.7102708613798355,0.9999999999999999,386.5499660000048,1.8898877585213356,0.0945184426229508
386.7546220000031,0.6686256827001968,0.9999999999999999,386.8071410000048,1.9311626313477448,0.08299180327868848
387.01654300000325,0.6297988037412767,0.9999999999999999,387.0492050000051,1.942166025060552,0.08145491803278686
387.2490550000032,0.5993719772877365,0.9999999999999999,387.325622000005,1.9027223900577752,0.08990778688524585
387.53011900000337,0.5807388415831173,0.9999999999999999,387.5523370000048,1.8063239109944642,0.12141393442622948
387.7516520000036,0.5747954066648377,0.9999999999999999,387.7942840000047,1.690878749690409,0.16769125683060107
387.9972710000035,0.5797206219220716,0.9999999999999999,388.0202170000045,1.5997520252211839,0.23582650273224048
388.25711800000335,0.5909605736314619,0.9999999999999999,388.26273300000435,1.547960479877962,0.29200819672131145
388.4870770000033,0.6018499366561844,0.9999999999999999,388.5271550000044,1.5377119652701174,0.29798497267759566
388.7413110000031,0.6064304548145242,0.9999999999999999,388.7581350000042,1.5653826263324189,0.274077868852459
388.97660300000314,0.6028016469513338,0.9999999999999999,388.9755190000041,1.6160305583963872,0.22148224043715842
389.23257300000313,0.5931039328824435,0.9999999999999999,389.2600170000039,1.6680922393538913,0.17844945355191252
389.4839790000033,0.581578284996032,0.9999999999999999,389.5875640000041,1.7026628724595088,0.16171448087431697
389.72201500000335,0.5735781292695348,0.9999999999999999,389.8351150000044,1.7082989171408571,0.1593237704918032
389.97261400000343,0.5737921566338102,0.9999999999999999,389.9940660000048,1.6816989068743977,0.17247267759562845
390.21988300000356,0.5845655994046324,0.9999999999999999,390.2439630000049,1.6240035447080394,0.2131147540983606
390.47888600000346,0.6048763176688122,0.9999999999999999,390.51416900000476,1.5390336626062031,0.29798497267759566
390.71979300000345,0.6308730774163843,0.9999999999999999,390.7449150000049,1.434082829782795,0.39241803278688525
390.9644030000033,0.657268225934861,0.9999999999999999,390.9898390000048,1.3202343897127715,0.5095628415300547
391.21472900000356,0.6785729435645669,0.9999999999999999,391.2783950000047,1.2084489155072111,0.6518101092896176
391.4604760000035,0.6910472607308114,0.9999999999999999,391.48836600000476,1.1057496997956042,0.7749316939890711
391.7057360000035,0.6935464590519603,0.9999999999999999,391.7963660000046,1.0160135882246555,0.8901127049180326
391.9845430000035,0.6874318501869515,0.9999999999999999,392.05974900000456,0.9417835522643109,0.9738729508196721
392.20850100000337,0.6760203238855037,0.9999999999999999,392.30947300000486,0.8848673252711039,0.9999999999999999
392.44564400000297,0.6625320516536085,0.9999999999999999,392.52095500000485,0.8464125716867371,0.9999999999999999
392.703047000003,0.6488257139428061,0.9999999999999999,392.74540100000485,0.8259787318769887,0.9999999999999999
392.958945000003,0.6353826151429343,0.9999999999999999,393.0479710000049,0.8216015921909903,0.9999999999999999
393.18953900000304,0.6204242746878931,0.9999999999999999,393.262803000005,0.8304425568816207,0.9999999999999999
393.444560000003,0.602124051684273,0.9999999999999999,393.45596000000484,0.8494869035658315,0.9999999999999999
393.6870840000028,0.5845952861445715,0.9999999999999999,393.79486600000513,0.8766952660260178,0.9999999999999999
393.9411810000029,0.5781738629985144,0.9999999999999999,394.1694340000051,0.9103417624575483,0.9999999999999999
394.1810430000029,0.5959606094567049,0.9999999999999999,394.3515270000058,0.9482151283785992,0.9669569672131146
394.43710400000276,0.6509659880196733,0.9999999999999999,394.5743640000059,0.9844860957210229,0.9285348360655736
394.67538200000286,0.7537551653666386,0.9999999999999999,394.740948000006,1.011123451865871,0.8924180327868851
394.9262390000026,0.91045048948719,0.9999999999999999,394.98821800000593,1.022411222179076,0.8793545081967212
395.18618600000246,1.1188684583507449,0.7510245901639345,395.22273900000596,1.019387069426228,0.8831967213114753
395.4221680000025,1.358595529385437,0.4641393442622952,395.42753400000595,1.0111833861073598,0.8924180327868851
395.66506700000264,1.5807977823808566,0.2573428961748634,395.68913000000606,1.010593136845843,0.8939549180327868
395.9142420000025,1.7248772508332082,0.15095628415300538,395.9126260000063,1.028533746533246,0.8739754098360655
396.15701100000246,1.763944260052457,0.13524590163934422,396.1960100000062,1.0702602365790927,0.8239412568306012
396.4120040000025,1.7188122894714946,0.15334699453551914,396.46420400000613,1.1337881642235343,0.7378756830601094
396.65434900000247,1.6257016059493592,0.21072404371584696,396.8426780000063,1.2097756750315125,0.6518101092896176
396.91830200000254,1.5127192155233409,0.31711065573770486,397.03564600000675,1.2816569988335538,0.5597677595628415
397.18092100000234,1.3979814175713878,0.41273907103825136,397.21730300000695,1.329684201683806,0.4964139344262296
397.40926200000257,1.2974006081106406,0.5382513661202186,397.4210730000069,1.3443302505169086,0.4856557377049181
397.6522280000026,1.2312295890355176,0.6255122950819673,397.6461670000067,1.340865860538511,0.4880464480874317
397.89207700000253,1.2230749415601063,0.6386612021857925,397.90647100000666,1.3588087220779559,0.4641393442622952
398.1515690000024,1.2894579973787978,0.5478142076502731,398.1466290000066,1.4609166334194414,0.36372950819672134
398.3934250000022,1.4210539909579343,0.39839480874316935,398.39901000000634,1.756822053191546,0.13908811475409835
398.64339100000245,1.5754337785579213,0.25973360655737704,398.6434760000066,2.374276044169651,0.0
398.8859480000026,1.7005104390103138,0.1629098360655738,398.9020350000067,3.3589060047342416,0.0
399.1334760000028,1.7653263408634008,0.13524590163934422,399.12606200000675,4.7659827006522555,0.0
399.3994540000028,1.7666323267456683,0.13524590163934422,399.37942200000697,6.607512128997039,0.0
399.66738700000275,1.7178386046494878,0.15334699453551914,399.635496000007,8.758416606565815,0.0
399.8873440000028,1.6373822704823073,0.2023565573770491,399.8929350000069,10.72239679781463,0.0
400.12379800000286,1.5404710527745435,0.2967896174863387,400.127505000007,11.89385306599938,0.0
400.3723080000029,1.4358938252045454,0.39122267759562845,400.3673300000068,12.146158937653073,0.0
400.6209600000029,1.3278603884656026,0.5,400.61131700000664,11.753869400473677,0.0
400.86476300000277,1.2196411235302782,0.6386612021857925,400.86075100000687,11.029539798568408,0.0
401.1116230000027,1.1158510614889394,0.7570013661202187,401.10770400000695,10.190585111656247,0.0
401.3563780000026,1.021565525834312,0.8816598360655736,401.3601100000068,9.363567266383765,0.0
401.6082800000027,0.9407393616794882,0.9754098360655736,401.60559600000676,8.61229342786751,0.0
401.8514350000027,0.8742545452950122,0.9999999999999999,401.8476390000068,7.963332840326541,0.0
402.1043010000024,0.8184251629140653,0.9999999999999999,402.1112280000067,7.409421830521826,0.0
402.3514090000022,0.7673133414846509,0.9999999999999999,402.3495890000066,6.896849189552189,0.0
402.59751100000227,0.7166244894757062,0.9999999999999999,402.5955070000066,6.297139124810874,0.0
402.85885300000234,0.6672375336011315,0.9999999999999999,402.84550000000667,5.513280011011945,0.0
403.10080800000225,0.625215978126466,0.9999999999999999,403.1088870000069,4.678037151305378,0.0
403.3399960000022,0.5990308113062401,0.9999999999999999,403.341916000007,3.9408906446470797,0.0
403.59851300000236,0.5953521427362689,0.9999999999999999,403.59187500000684,3.3432899836622223,0.0
403.8355550000025,0.6170867455271687,0.9999999999999999,403.8334030000066,2.8758748294734295,0.0
404.0850430000024,0.6612572325429592,0.9999999999999999,404.0745780000068,2.5177345031322784,0.0
404.33200200000226,0.7163478360225695,0.9999999999999999,404.3253330000069,2.240606084804573,0.012295081967213127
404.5765030000023,0.7638338592530889,0.9999999999999999,404.59129800000676,2.0174267094803,0.05840163934426231
404.8358070000023,0.7879623314974747,0.9999999999999999,404.82329100000675,1.8310376198754632,0.11142418032786887
405.11090200000234,0.7854645972105475,0.9999999999999999,405.0708660000068,1.6768423705970077,0.17366803278688528
405.3300300000025,0.7635490247365132,0.9999999999999999,405.3154230000067,1.5577654161008403,0.2824453551912568
405.5673870000026,0.7322685712308954,0.9999999999999999,405.5642230000066,1.4781261202912699,0.3410177595628415
405.81427100000275,0.7002718284728404,0.9999999999999999,405.8113020000064,1.4372046768960662,0.39122267759562845
406.0742450000028,0.6731742573919623,0.9999999999999999,406.0557590000063,1.4256311490602283,0.39480874316939896
406.31171100000284,0.6542327726775443,0.9999999999999999,406.31660700000646,1.4261750316735349,0.39480874316939896
406.55619200000297,0.6461935802625118,0.9999999999999999,406.5581630000064,1.4188768294898795,0.40078551912568294
406.8071800000029,0.652272847202382,0.9999999999999999,406.80461300000627,1.3891644090231297,0.43066939890710376
407.050224000003,0.675384223905485,0.9999999999999999,407.05418300000633,1.3342531065413468,0.4940232240437158
407.30258200000327,0.7159572359078021,0.9999999999999999,407.2952520000064,1.2629445796185765,0.5896516393442623
407.5490440000034,0.7684726028198268,0.9999999999999999,407.5452400000065,1.1887818604382012,0.6721311475409836
407.8083100000032,0.8230038113384174,0.9999999999999999,407.7922610000066,1.1233361247239442,0.7438524590163936
408.05572100000285,0.8696326704440578,0.9999999999999999,408.0452590000064,1.0720887860534631,0.819159836065574
408.29182900000296,0.9013645648957773,0.9999999999999999,408.28408000000644,1.035117725256614,0.8678278688524589
408.53889500000304,0.913323727236742,0.9999999999999999,408.5323780000063,1.0100185571453328,0.8970286885245901
408.78423400000315,0.9029743109299938,0.9999999999999999,408.7889330000061,0.9935561371254602,0.9162397540983606
409.028801000003,0.8723067522132814,0.9999999999999999,409.0474680000062,0.9827664213858612,0.9308401639344261
409.2777460000028,0.8288051984965334,0.9999999999999999,409.3023030000061,0.9748461612078559,0.9408299180327868
409.531218000003,0.7823041805706155,0.9999999999999999,409.5248450000064,0.9652273255105616,0.9492827868852458
409.7751550000029,0.7417573048421653,0.9999999999999999,409.7795400000064,0.94910329605353,0.9661885245901639
410.025795000003,0.7138153697229319,0.9999999999999999,410.0248660000062,0.9247064085140784,0.9969262295081966
410.26835500000294,0.7025321774100489,0.9999999999999999,410.2708960000065,0.8941177314195556,0.9999999999999999
410.56002300000307,0.7097467700548008,0.9999999999999999,410.5177610000068,0.8610736439622383,0.9999999999999999
410.780138000003,0.7361354886003181,0.9999999999999999,410.7817440000069,0.8292884634384639,0.9999999999999999
411.0088900000033,0.7807753976795788,0.9999999999999999,411.0132150000071,0.8015650181712181,0.9999999999999999
411.2608070000033,0.8394182064243173,0.9999999999999999,411.26213300000705,0.7790641852938285,0.9999999999999999
411.5130650000031,0.9033154136924245,0.9999999999999999,411.5120980000073,0.7613756282094977,0.9999999999999999
411.759275000003,0.9621984140220692,0.9531249999999999,411.76055600000757,0.7470760760455462,0.9999999999999999
412.00598400000314,1.0120138238323766,0.8924180327868851,412.04502400000763,0.735496601015301,0.9999999999999999
412.244391000003,1.0697495136767685,0.8251366120218578,412.24998200000783,0.727719213593059,0.9999999999999999
412.5014160000032,1.169929838928592,0.6948428961748635,412.50242000000765,0.7255881914816341,0.9999999999999999
412.74500800000334,1.3406139822187186,0.4880464480874317,412.75346500000774,0.7312810007179941,0.9999999999999999
412.99138300000334,1.5831448422369352,0.2549521857923497,412.99020800000784,0.7469299769544944,0.9999999999999999
413.2413740000033,1.8714091241386157,0.09912909836065574,413.24774700000796,0.7729361100498731,0.9999999999999999
413.48834300000317,2.159870739117387,0.028432377049180304,413.49483100000793,0.8057579861154658,0.9999999999999999
413.7593350000033,2.3952592855540438,0.0,413.7401250000077,0.837245019896091,0.9999999999999999
413.99091800000326,2.5304169342827167,0.0,413.9862410000076,0.855921175270694,0.9999999999999999
414.23384400000305,2.5389694731048222,0.0,414.23057100000784,0.8511334300986848,0.9999999999999999
414.486376000003,2.4242926348082667,0.0,414.47745300000815,0.8197676656410684,0.9999999999999999
414.7309270000029,2.218833571874465,0.01690573770491807,414.7390920000082,0.768983251681819,0.9999999999999999
415.0068350000028,1.9726236430169017,0.07069672131147543,414.9810240000083,0.7114824988711826,0.9999999999999999
415.2404080000025,1.7364288410219366,0.1436987704918032,415.2179000000083,0.6577495949040443,0.9999999999999999
415.47229100000226,1.5421255468214052,0.2955942622950819,415.4701660000085,0.6142660588490216,0.9999999999999999
415.7202980000023,1.3924826759388844,0.41871584699453546,415.7206150000085,0.5847263898083939,0.9999999999999999
415.96913900000243,1.2706260503785547,0.5800887978142075,415.9635390000087,0.5717611192967457,0.9999999999999999
416.20692100000224,1.1590402765474563,0.7067964480874318,416.20967800000875,0.576870872126949,0.9999999999999999
416.45685400000224,1.0521048720096766,0.8454576502732242,416.4586470000085,0.599607592345866,0.9999999999999999
416.7068620000022,0.9547223882462309,0.9585040983606556,416.7134970000083,0.6361138445982536,0.9999999999999999
416.9660490000021,0.8748113198892704,0.9999999999999999,416.95117300000817,0.678048647165022,0.9999999999999999
417.20602400000234,0.8185410019376353,0.9999999999999999,417.22677900000804,0.713030601882265,0.9999999999999999
417.4499670000024,0.7876687349345104,0.9999999999999999,417.45184200000796,0.72810963762947,0.9999999999999999
417.7024690000025,0.7775771139862677,0.9999999999999999,417.7038290000078,0.7168294095572776,0.9999999999999999
417.9514170000025,0.7783943422501696,0.9999999999999999,417.9482980000077,0.6841711973149748,0.9999999999999999
418.21106800000246,0.7801914677651218,0.9999999999999999,418.19463700000773,0.64622015581336,0.9999999999999999
418.44829200000254,0.7770344366977526,0.9999999999999999,418.45202700000794,0.6207189877846472,0.9999999999999999
418.68782300000265,0.7681639042748287,0.9999999999999999,418.68035100000793,0.6167208474817816,0.9999999999999999
418.9359150000026,0.7577679106776724,0.9999999999999999,418.93223600000823,0.6327831640855647,0.9999999999999999
419.2025830000026,0.7512989004778876,0.9999999999999999,419.1812290000085,0.6626082620923058,0.9999999999999999
419.4299630000029,0.7518464377118421,0.9999999999999999,419.42526900000854,0.6999203736930321,0.9999999999999999
419.68993500000306,0.7576414627994381,0.9999999999999999,419.6796810000085,0.7397030531208147,0.9999999999999999
419.922011000003,0.7644254578733097,0.9999999999999999,419.9279170000084,0.7774741084400169,0.9999999999999999
420.17002800000296,0.769229319567549,0.9999999999999999,420.1921920000084,0.8079007196238607,0.9999999999999999
420.4298910000032,0.7710437616832162,0.9999999999999999,420.4571510000086,0.8245362626396439,0.9999999999999999
420.6667390000034,0.7698193584988396,0.9999999999999999,420.67025100000865,0.8233441397364453,0.9999999999999999
420.9179810000035,0.7658109809469151,0.9999999999999999,420.9115990000088,0.8054445491619917,0.9999999999999999
421.16443000000345,0.7594349347058259,0.9999999999999999,421.16393300000874,0.7752448224359925,0.9999999999999999
421.43281800000364,0.7506456973562041,0.9999999999999999,421.4172970000089,0.7380417552256293,0.9999999999999999
421.66179800000367,0.7384471173182039,0.9999999999999999,421.66523900000885,0.699562796350235,0.9999999999999999
421.9066440000037,0.7221912484529855,0.9999999999999999,421.90418800000907,0.6671060673093856,0.9999999999999999
422.1511250000036,0.703182251444119,0.9999999999999999,422.1501700000091,0.6487230464771767,0.9999999999999999
422.4048650000035,0.6837028179261251,0.9999999999999999,422.3962810000093,0.6502778856399445,0.9999999999999999
422.6529210000034,0.6651911898416363,0.9999999999999999,422.6411060000094,0.6720124610806661,0.9999999999999999
422.8998030000033,0.6479112145350485,0.9999999999999999,422.9245160000094,0.7094957263551173,0.9999999999999999
423.13943800000345,0.631149369206393,0.9999999999999999,423.18706500000934,0.7562999722967585,0.9999999999999999
423.3922660000034,0.613339442614922,0.9999999999999999,423.4051230000093,0.8054787048270519,0.9999999999999999
423.64437500000344,0.5935985616386027,0.9999999999999999,423.64560000000927,0.8493527710446248,0.9999999999999999
423.87932600000363,0.5724777811724355,0.9999999999999999,423.88554500000936,0.880564877942756,0.9999999999999999
424.13265000000376,0.5515378618830843,0.9999999999999999,424.12752400000954,0.8953827281291005,0.9999999999999999
424.38466500000396,0.5334499735596531,0.9999999999999999,424.3755200000092,0.8950168709670532,0.9999999999999999
424.64842400000396,0.522535119134869,0.9999999999999999,424.62457000000927,0.8839858896407666,0.9999999999999999
424.87790500000386,0.523837865215399,0.9999999999999999,424.87871700000915,0.8653429659898189,0.9999999999999999
425.1269680000041,0.5411976477650937,0.9999999999999999,425.1214200000089,0.8392229223091341,0.9999999999999999
425.3930250000039,0.574822121517019,0.9999999999999999,425.37207200000887,0.8051964872889104,0.9999999999999999
425.6909480000038,0.6223611739675947,0.9999999999999999,425.6262890000089,0.765096189284847,0.9999999999999999
425.8864020000039,0.6803658178026653,0.9999999999999999,425.85968200000883,0.7232946577151962,0.9999999999999999
426.116271000004,0.7435172648143682,0.9999999999999999,426.1315400000089,0.6863222456326222,0.9999999999999999
426.423145000004,0.8036493975583452,0.9999999999999999,426.3611050000089,0.6617941057127985,0.9999999999999999
426.63069200000405,0.8506066715392239,0.9999999999999999,426.6089940000088,0.6557398128834867,0.9999999999999999
426.85770000000383,0.8759031076035582,0.9999999999999999,426.85696400000876,0.6693455029678768,0.9999999999999999
427.0976260000039,0.8765172474064075,0.9999999999999999,427.09814500000886,0.696573344842282,0.9999999999999999
427.35146000000384,0.8563237284731041,0.9999999999999999,427.3466790000086,0.7258216750321235,0.9999999999999999
427.60617700000375,0.8241871158045242,0.9999999999999999,427.60411800000855,0.7466804513165031,0.9999999999999999
427.8886360000038,0.7913987942389796,0.9999999999999999,427.8568010000086,0.7535574989502093,0.9999999999999999
428.1063180000038,0.769153802099425,0.9999999999999999,428.0960940000087,0.7457609639534345,0.9999999999999999
428.3482110000036,0.7658978138059906,0.9999999999999999,428.34128400000884,0.7269081072938953,0.9999999999999999
428.5969160000039,0.7833640439849884,0.9999999999999999,428.58455200000856,0.7034584494010736,0.9999999999999999
428.8360270000036,0.8143872618592944,0.9999999999999999,428.83454300000847,0.6830580567118234,0.9999999999999999
429.0953840000038,0.8453513692052339,0.9999999999999999,429.08497800000856,0.6721096302747538,0.9999999999999999
429.3278780000038,0.8622393594603291,0.9999999999999999,429.3325970000085,0.6736116984450283,0.9999999999999999
429.5818870000037,0.858495050183738,0.9999999999999999,429.57657300000824,0.6872076436446619,0.9999999999999999
429.8449440000038,0.8385266575400733,0.9999999999999999,429.822787000008,0.7113649770624629,0.9999999999999999
430.0998940000041,0.8131652584334772,0.9999999999999999,430.07869500000834,0.7435564864110207,0.9999999999999999
430.3213450000043,0.7923686936606871,0.9999999999999999,430.3158460000083,0.7815248523213287,0.9999999999999999
430.57851000000437,0.781536527183696,0.9999999999999999,430.5923220000084,0.823020500942636,0.9999999999999999
430.8108760000045,0.7816656995702786,0.9999999999999999,430.8166950000082,0.8655522581650199,0.9999999999999999
431.0951970000045,0.7905986007796281,0.9999999999999999,431.06421300000807,0.907920818670133,0.9999999999999999
431.3124370000044,0.8034919434043322,0.9999999999999999,431.3157890000081,0.9524786275308078,0.9623463114754097
431.5902650000043,0.8140032340435305,0.9999999999999999,431.5562560000083,1.0050725933022635,0.9047131147540983
431.8489940000043,0.8158030581829946,0.9999999999999999,431.80415800000833,1.0726723702551195,0.8155737704918034
432.05293200000415,0.804239128872934,0.9999999999999999,432.062203000008,1.1577314945475072,0.7067964480874318
432.3159930000041,0.7780519608186998,0.9999999999999999,432.306186000008,1.2492759283253108,0.606386612021858
432.59147100000416,0.7392681192095141,0.9999999999999999,432.54732900000784,1.3262288163982932,0.5011953551912568
432.9414590000042,0.6925107626248257,0.9999999999999999,432.7921200000078,1.3692514440560426,0.4521857923497268
433.23802300000443,0.6448097785401833,0.9999999999999999,433.0416110000076,1.3688428225090261,0.4521857923497268
433.42635700000454,0.6060074416638784,0.9999999999999999,433.29954100000754,1.326756147727834,0.5011953551912568
433.60325200000455,0.5862851722382081,0.9999999999999999,433.53513100000765,1.2533905636897362,0.5992144808743168
433.80921100000467,0.5900017957136148,0.9999999999999999,433.8260900000079,1.163170904678397,0.7067964480874318
434.0363040000045,0.6107448331920469,0.9999999999999999,434.04847300000785,1.0697848842092113,0.8251366120218578
434.31916200000484,0.6365187748331164,0.9999999999999999,434.3073850000079,0.9819726882122723,0.931608606557377
434.55159600000496,0.6582283538493525,0.9999999999999999,434.58442900000796,0.9030307883174031,0.9999999999999999
434.7858810000048,0.6729465401117338,0.9999999999999999,434.79325000000813,0.8329345987062318,0.9999999999999999
435.020828000005,0.6823730399445459,0.9999999999999999,435.02535800000834,0.7708292843694848,0.9999999999999999
435.29516100000507,0.6905705654653992,0.9999999999999999,435.2817490000084,0.7182223894514861,0.9999999999999999
435.537240000005,0.7014925043997396,0.9999999999999999,435.53948100000855,0.6818700780106798,0.9999999999999999
435.7717140000049,0.7164372511850515,0.9999999999999999,435.78343600000846,0.672058465732386,0.9999999999999999
436.0146040000051,0.7332746652538352,0.9999999999999999,436.0249080000087,0.695965548907518,0.9999999999999999
436.261487000005,0.7495568900784506,0.9999999999999999,436.26990700000863,0.7528116160591892,0.9999999999999999
436.51150000000507,0.7669716968519976,0.9999999999999999,436.5098460000087,0.8339297337102816,0.9999999999999999
436.783003000005,0.7920761923739865,0.9999999999999999,436.7584990000087,0.9255140855977448,0.9969262295081966
437.00948800000515,0.832807453570155,0.9999999999999999,437.03173600000883,1.011665370908084,0.8924180327868851
437.2633270000052,0.8926061744825748,0.9999999999999999,437.25054900000885,1.0777924051787122,0.8084016393442625
437.50371000000524,0.967263858275063,0.9454405737704917,437.50362600000915,1.1140142484744664,0.7593920765027323
437.75542700000534,1.048330092273099,0.8516905737704917,437.7429610000091,1.1208149089372872,0.7474385245901639
437.99542600000507,1.1285428496753804,0.740266393442623,437.99409400000906,1.108734782398883,0.7713456284153005
438.244218000005,1.2042665314610506,0.6565915300546449,438.26857200000916,1.090050821953711,0.7928620218579234
438.49213900000467,1.2762479913702018,0.5657445355191257,438.492641000009,1.0682281345292146,0.8251366120218578
438.7441620000048,1.3491600491987243,0.4820696721311475,438.73776600000895,1.0391840969298025,0.8632172131147541
439.0345090000048,1.4296814537069988,0.3936133879781421,438.9818000000089,0.9994904669526269,0.9093237704918031
439.2630570000048,1.5214221344812326,0.3135245901639344,439.24017400000906,0.9509076991135231,0.9631147540983606
439.4975180000048,1.616786104510129,0.22148224043715842,439.48173300000906,0.8993309652487288,0.9999999999999999
439.7290490000048,1.693826163366226,0.16530054644808742,439.743873000009,0.8516510541115505,0.9999999999999999
439.98299900000467,1.729314564835017,0.14907786885245897,439.97604500000887,0.8135180901486782,0.9999999999999999
440.2198410000045,1.7169285058004355,0.15334699453551914,440.22357700000885,0.7883229715855985,0.9999999999999999
440.46563000000435,1.665742647161334,0.17964480874316935,440.4716190000088,0.776279378901434,0.9999999999999999
440.7173830000042,1.5904711662141673,0.24180327868852455,440.71197700000863,0.7745425715312111,0.9999999999999999
440.9769840000042,1.5064256000376925,0.3195013661202186,440.9662340000086,0.7787380159544237,0.9999999999999999
441.2385360000044,1.426079338380884,0.39480874316939896,441.21113200000843,0.7856225095588955,0.9999999999999999
441.47188900000447,1.3562965494006933,0.4701161202185792,441.4828270000087,0.7946705974954342,0.9999999999999999
441.75209700000437,1.298139717015967,0.5382513661202186,441.7047440000086,0.8068171365009791,0.9999999999999999
441.9901690000043,1.2491964201714039,0.606386612021858,441.95314900000864,0.8230564865362472,0.9999999999999999
442.22301400000424,1.2063246527901261,0.6518101092896176,442.2055450000086,0.8442044470455938,0.9999999999999999
442.46801400000396,1.1673440088141789,0.6984289617486339,442.4466140000088,0.8706207817264382,0.9999999999999999
442.714924000004,1.1292527632360536,0.740266393442623,442.7025770000089,0.9009907483083957,0.9999999999999999
442.9583890000038,1.0881737068460136,0.7940573770491804,442.9525430000088,0.9305500506648794,0.9900102459016393
443.22315700000394,1.0405176467777364,0.8624487704918031,443.18737300000885,0.950660457205884,0.9646516393442622
443.44975200000414,0.9848693371877301,0.9262295081967212,443.44296500000894,0.9511285144321601,0.9631147540983606
443.68761500000414,0.9226086976897159,0.9992315573770492,443.6858900000089,0.9249242430671488,0.9969262295081966
443.9336170000041,0.8582913569449067,0.9999999999999999,443.93889900000886,0.8732663317155541,0.9999999999999999
444.1924470000042,0.7992630174077505,0.9999999999999999,444.1771480000089,0.8041934735477324,0.9999999999999999
444.457565000004,0.7534736257851626,0.9999999999999999,444.43811700000896,0.7280415629561823,0.9999999999999999
444.701468000004,0.7277032388944955,0.9999999999999999,444.68245900000886,0.6541914302981182,0.9999999999999999
444.9359530000039,0.7256571799599688,0.9999999999999999,444.9264380000091,0.5904888154007839,0.9999999999999999
445.18475700000425,0.7478362539538161,0.9999999999999999,445.1780160000093,0.5432495466964063,0.9999999999999999
445.4368670000041,0.793177922734378,0.9999999999999999,445.41593900000925,0.5165013467741599,0.9999999999999999
445.6737810000041,0.8597525818511355,0.9999999999999999,445.67032000000916,0.5109850746143224,0.9999999999999999
445.93537400000406,0.9439039132333873,0.9731045081967212,445.917857000009,0.5235132017598413,0.9999999999999999
446.17139200000435,1.0386418449237493,0.8639856557377049,446.17033400000906,0.5498607012156745,0.9999999999999999
446.41768000000417,1.1304213468638074,0.7390710382513661,446.42839100000907,0.5878250134735629,0.9999999999999999
446.6593290000042,1.2024402746179048,0.6565915300546449,446.65333400000895,0.6347364642406642,0.9999999999999999
446.90759000000423,1.2458788191777577,0.6075819672131147,446.9224030000092,0.6830771980781987,0.9999999999999999
447.16920400000413,1.2673236994288248,0.5848702185792349,447.15284600000916,0.720197610129991,0.9999999999999999
447.4031670000041,1.2825969129167762,0.5585724043715846,447.4087890000091,0.7343554981716515,0.9999999999999999
447.6545390000039,1.3035766667828637,0.528688524590164,447.65132200000915,0.7231798816636532,0.9999999999999999
447.8959460000041,1.3305096033442516,0.4964139344262296,447.8962050000093,0.6952504992833848,0.9999999999999999
448.1614510000042,1.3548897220977256,0.4772882513661203,448.1408300000092,0.666193080213391,0.9999999999999999
448.3989420000044,1.367651403197804,0.4521857923497268,448.38455400000925,0.6545843700371116,0.9999999999999999
448.65330400000454,1.365094625879983,0.4569672131147541,448.65368200000916,0.675794869361107,0.9999999999999999
448.9408270000045,1.3522924956616802,0.4772882513661203,448.8859560000091,0.7348761850178945,0.9999999999999999
449.1424810000046,1.3410917791385182,0.4868510928961749,449.1480500000092,0.8188840644242826,0.9999999999999999
449.38240900000466,1.344871427317841,0.4844603825136613,449.3861150000092,0.9016701363434702,0.9999999999999999
449.63982100000464,1.3686883367706968,0.4521857923497268,449.62507600000913,0.9584764001923088,0.9538934426229507
449.8831620000045,1.4048970141066996,0.40676229508196715,449.8784330000091,0.9784328967909478,0.9377561475409836
450.1267190000048,1.4365248797094008,0.39122267759562845,450.13898700000897,0.9663717432448686,0.9477459016393441
450.37424300000464,1.4480238651540027,0.37926912568306004,450.3733250000091,0.9361181450885583,0.9830942622950818
450.6245730000048,1.4332097189265132,0.39241803278688525,450.61522000000906,0.903908954421875,0.9999999999999999
450.88809900000484,1.3934419010760255,0.41632513661202186,450.87231200000923,0.8857417860823847,0.9999999999999999
451.1231150000046,1.3344248853682101,0.4940232240437158,451.11248700000925,0.8956438415338204,0.9999999999999999
451.3629500000046,1.2644510980485426,0.5860655737704917,451.36392600000937,0.9429369805158749,0.9738729508196721
451.6181040000046,1.1940499319752411,0.6649590163934427,451.6124260000094,1.0245688041320251,0.8785860655737704
451.86099700000455,1.1356185959260168,0.7378756830601094,451.8628880000093,1.1207735598814101,0.7474385245901639
452.1281370000046,1.101573949133199,0.7785177595628416,452.1028450000093,1.2053948790030744,0.6530054644808743
452.3552130000047,1.0975478380949728,0.7856898907103825,452.36719200000937,1.2594644409771927,0.5920423497267759
452.6040810000045,1.1182537151421277,0.7522199453551912,452.5933220000092,1.2762663687693296,0.5657445355191257
452.8507120000045,1.150333618799675,0.7115778688524591,452.8503760000093,1.2595596894915961,0.5920423497267759
453.1020730000045,1.1789615849861443,0.684084699453552,453.0898770000095,1.2194003399063982,0.6386612021857925
453.3524440000044,1.1927574568571813,0.66974043715847,453.3368400000097,1.1675046797752113,0.6984289617486339
453.5884240000044,1.1874930901839265,0.6733265027322405,453.6213130000098,1.1144861951136773,0.7593920765027323
453.8424070000044,1.166808450310126,0.6996243169398907,453.83832300000984,1.0678892733326981,0.8251366120218578
454.1144930000042,1.1406746922654203,0.7223360655737706,454.08456100000996,1.0292865319119782,0.8724385245901639
454.34405100000424,1.1212395582024448,0.7462431693989072,454.3359210000099,0.9956567337113907,0.9147028688524589
454.58883100000435,1.118418800074549,0.7522199453551912,454.58353700000987,0.9633090961533936,0.9531249999999999
454.8352400000044,1.1350256730765707,0.7378756830601094,454.8235110000098,0.9309397645233131,0.9900102459016393
455.0907390000044,1.1670453294533487,0.6984289617486339,455.07199900001,0.8991697804776009,0.9999999999999999
455.3221480000044,1.2058418451533743,0.6518101092896176,455.3173420000101,0.8699184477805696,0.9999999999999999
455.5818650000046,1.2412884309177339,0.6183401639344261,455.57016000001016,0.8441508364563765,0.9999999999999999
455.8287560000046,1.2665609441675003,0.5860655737704917,455.82208400000997,0.8209236320622338,0.9999999999999999
456.0775200000046,1.2819205883359304,0.5585724043715846,456.06846500000984,0.7980791252647051,0.9999999999999999
456.3216370000045,1.2933718895729138,0.5394467213114754,456.32103500001006,0.7735584948274703,0.9999999999999999
456.58752100000453,1.3091194449625174,0.5203210382513661,456.5584610000101,0.7471130187029695,0.9999999999999999
456.8115570000044,1.3362180958486405,0.4916325136612022,456.8243940000101,0.7202596200395763,0.9999999999999999
457.0565980000046,1.377519577802071,0.443818306010929,457.0579210000101,0.6968695984326674,0.9999999999999999
457.3129220000046,1.4305529709983815,0.3936133879781421,457.3058130000099,0.6815462047352444,0.9999999999999999
457.5603040000045,1.4876804575472053,0.3338456284153005,457.55944200000977,0.6774899739936445,0.9999999999999999
457.8111410000043,1.538256362054356,0.29798497267759566,457.7942960000098,0.6849112571400324,0.9999999999999999
458.0510630000043,1.570339407383969,0.2645150273224043,458.0523750000097,0.699459940281111,0.9999999999999999
458.29500800000443,1.5722895595713027,0.2645150273224043,458.29425300000975,0.7138444716998898,0.9999999999999999
458.5650160000048,1.5372027667986363,0.2991803278688525,458.54442200000983,0.7221119633318643,0.9999999999999999
458.7971110000049,1.4686467060111728,0.3553620218579235,458.78778100000994,0.7216457802864427,0.9999999999999999
459.07818000000475,1.3806564863052029,0.43903688524590156,459.0317550000099,0.7137018329254371,0.9999999999999999
459.2881900000047,1.2878868173074156,0.5478142076502731,459.28033000001,0.7032599403041652,0.9999999999999999
459.5441130000048,1.1993491174518098,0.6613729508196721,459.53325600000994,0.697491440009274,0.9999999999999999
459.7916830000047,1.1182617328171178,0.7522199453551912,459.77147700000984,0.7025744540204162,0.9999999999999999
460.03051600000447,1.0459239418087463,0.8539959016393441,460.02743200001,0.7189247336123893,0.9999999999999999
460.28819800000434,0.984189828456159,0.9293032786885246,460.26813900001,0.7403761234241677,0.9999999999999999
460.5223250000045,0.9359227009199884,0.9830942622950818,460.52140800000984,0.7601256452885736,0.9999999999999999
460.7776370000045,0.9040076926181067,0.9999999999999999,460.76495400001,0.7753119977213099,0.9999999999999999
461.02360700000474,0.8904775248370432,0.9999999999999999,461.0261150000099,0.7878408134072807,0.9999999999999999
461.2656820000047,0.8954074080250495,0.9999999999999999,461.2618150000098,0.8019250888642516,0.9999999999999999
461.51168000000484,0.9152374674225413,0.9999999999999999,461.5097820000098,0.8224431410732667,0.9999999999999999
461.77027900000473,0.9430405170398121,0.9738729508196721,461.76398900000993,0.8559889305089923,0.9999999999999999
462.02568600000467,0.9707899494867889,0.9431352459016393,462.0089210000101,0.9101280356754705,0.9999999999999999
462.26014800000456,0.9921060064295832,0.9177766393442622,462.25394400001016,0.9905561166018979,0.9185450819672131
462.51966300000447,1.0038450556255651,0.9047131147540983,462.5003600000102,1.098258644913402,0.7844945355191258
462.74959200000444,1.0079408523244133,0.9008709016393441,462.7426790000101,1.2281652347252088,0.6326844262295083
463.0115800000044,1.0115681681614488,0.8924180327868851,462.99702600001024,1.3694431415868418,0.45099043715846987
463.2472040000044,1.0234636359849953,0.8793545081967212,463.2450460000102,1.5058349928666306,0.3195013661202186
463.5151080000043,1.050901870422463,0.8478483606557378,463.4879830000102,1.6164969048696374,0.22148224043715842
463.7730670000043,1.0976909524969374,0.7844945355191258,463.7445350000105,1.6810851722686122,0.17247267759562845
463.9930330000043,1.16791501619309,0.6972336065573771,464.00456000001026,1.6885743298323024,0.17127732240437152
464.2579180000041,1.2686446337828992,0.5824795081967213,464.23853000001014,1.6423534010673777,0.19637978142076504
464.49705200000426,1.4081890015975391,0.40437158469945356,464.5038290000102,1.5607046883953615,0.2764685792349727
464.7291830000042,1.5894775715271603,0.24419398907103818,464.7403770000102,1.4764551032278919,0.3457991803278688
464.99870200000413,1.8092546281404962,0.12064549180327867,464.9808510000104,1.4447899978356955,0.38165983606557385
465.22671600000416,2.0553024137750087,0.04918032786885242,465.2263300000103,1.5277466706552878,0.30515710382513656
465.4751210000039,2.3048013660661377,0.0,465.4743730000105,1.7511176357748577,0.13985655737704916
465.7310140000039,2.530726177889029,0.0,465.73495200001065,2.0887885574723697,0.04072745901639343
465.97807900000373,2.718487377499418,0.0,465.96810300001073,2.4862180752831002,0.0
466.21546600000363,2.872928673659413,0.0,466.2101150000107,2.890879442281793,0.0
466.4614080000036,3.015927936832811,0.0,466.4793640000107,3.2591544672710127,0.0
466.71350700000386,3.1684340355898115,0.0,466.708813000011,3.5547235673163504,0.0
466.97996200000347,3.330488786797199,0.0,466.96942800001096,3.7397976977687324,0.0
467.2094480000035,3.4783188863905083,0.0,467.2085360000111,3.917175896551963,0.0
467.46983900000345,3.572790213717772,0.0,467.45708900001114,4.656621285502643,0.0
467.7037720000036,3.575029699874926,0.0,467.6975700000112,6.768774003466519,0.0
467.9478160000036,3.4590188048433688,0.0,467.9520490000113,10.363284520328172,0.0
468.20423000000363,3.2271931462243058,0.0,468.1889510000112,15.065085630506353,0.0
468.45713600000386,2.9161015253216624,0.0,468.4443920000113,20.47155571977329,0.0
468.6945340000041,2.580892472321786,0.0,468.68869100001154,26.30814742675259,0.0
468.9437020000041,2.2696628399080727,0.005379098360655753,468.9406170000116,32.430546026153905,0.0
469.1980180000042,2.007030114377881,0.06301229508196717,469.18347100001165,38.76674653495004,0.0
469.4379880000041,1.797089790834187,0.1260245901639344,469.43104000001165,45.25436704963445,0.0
469.6860370000041,1.6320247133350574,0.20474726775956287,469.68699400001157,51.69236624411582,0.0
469.93194600000413,1.4978259254756892,0.32308743169398907,469.93191200001155,57.50578916905155,0.0
470.1775430000042,1.3812927509447888,0.43784153005464477,470.1768410000116,61.43629338373505,0.0
470.4369020000043,1.2765097444675697,0.5645491803278688,470.4211580000118,61.64336331945235,0.0
470.68909300000445,1.1844051382761973,0.6781079234972678,470.6718040000116,57.38120164880098,0.0
470.9271420000046,1.1075769567008924,0.7749316939890711,470.9191590000116,50.182408879974304,0.0
471.1674720000044,1.0476448449469768,0.8516905737704917,471.16464000001133,42.27199828309496,0.0
471.43250000000444,1.0050307015955808,0.9047131147540983,471.41575000001126,34.93752780835699,0.0
471.66657900000445,0.9793611976531138,0.9354508196721311,471.6726560000113,28.607812331904594,0.0
471.94797100000426,0.9694924418180568,0.9439036885245902,471.90812500001095,23.365213334366764,0.0
472.15933400000426,0.9712770878261276,0.9431352459016393,472.18056100001104,19.10951722779008,0.0
472.41344400000423,0.9756918590533087,0.9385245901639344,472.41051300001124,15.693277092025388,0.0
472.6564590000039,0.9704097026143923,0.9431352459016393,472.6566140000113,12.963878698050484,0.0
472.92491800000397,0.9472448087281038,0.9684938524590163,472.89666200001153,10.782074529629629,0.0
473.16537000000426,0.9071380746834188,0.9999999999999999,473.15466300001145,9.032813695446668,0.0
473.4390290000042,0.8582054655298423,0.9999999999999999,473.39914500001134,7.621430444511655,0.0
473.70828700000425,0.8111306972439339,0.9999999999999999,473.63912600001134,6.471370089738961,0.0
473.95726600000444,0.7747539462878128,0.9999999999999999,473.8890720000112,5.5235134964456565,0.0
474.1872200000044,0.7539836612104106,0.9999999999999999,474.13552100001135,4.734249072454002,0.0
474.4238520000043,0.7483063394316386,0.9999999999999999,474.3895650000114,4.073454668411708,0.0
474.70524900000424,0.7525316467371089,0.9999999999999999,474.6295100000113,3.5209946096780174,0.0
474.9352730000041,0.759552457496852,0.9999999999999999,474.87810200001127,3.0620222644157797,0.0
475.165720000004,0.7640813758605877,0.9999999999999999,475.12494600001145,2.684305313314059,0.0
475.37481500000416,0.764043566797784,0.9999999999999999,475.3764690000115,2.37649048280625,0.0
475.65810700000424,0.7597935850560289,0.9999999999999999,475.61998300001136,2.126874246755255,0.035348360655737675
475.90909300000396,0.7532467228814211,0.9999999999999999,475.86932100001155,1.9227396969438797,0.08529713114754099
476.15085800000406,0.7479592351211206,0.9999999999999999,476.12292400001166,1.750860228389895,0.13985655737704916
476.4261570000044,0.7498756640305657,0.9999999999999999,476.3754180000116,1.601279212622025,0.23582650273224048
476.6712810000044,0.7662152215361526,0.9999999999999999,476.6187620000115,1.4716899299997483,0.35416666666666663
476.88525100000476,0.8000896954578447,0.9999999999999999,476.8583290000115,1.366196767614134,0.4545765027322405
477.114199000005,0.844544924541801,0.9999999999999999,477.1146930000116,1.2862754922264972,0.5502049180327869
477.3752520000049,0.8866008563313874,0.9999999999999999,477.3633460000115,1.2279718910569613,0.6338797814207651
477.6170730000046,0.9173083951329409,0.9999999999999999,477.60720800001167,1.185058817324025,0.6781079234972678
477.8645080000049,0.9350218923953394,0.9838627049180327,477.8516790000116,1.1523491731481668,0.7115778688524591
478.0951130000048,0.9425371723026064,0.9738729508196721,478.09510500001176,1.1276379729042663,0.740266393442623
478.3730000000049,0.9416867354927506,0.9738729508196721,478.3465140000118,1.1130455707952636,0.7629781420765027
478.5978620000047,0.9332945211111584,0.9853995901639343,478.5942970000117,1.1154571940107516,0.7570013661202187
478.8524660000045,0.9204275458041246,0.9999999999999999,478.84287700001164,1.1447155624060832,0.7175546448087432
479.0969430000046,0.9093420747551999,0.9999999999999999,479.0974500000117,1.2073356729800413,0.6518101092896176
479.33167700000473,0.908324293268522,0.9999999999999999,479.33727500001163,1.299558470534074,0.5310792349726776
479.5821480000046,0.9227048188432722,0.9992315573770492,479.59474800001175,1.4060033536076464,0.40556693989071035
479.8755620000045,0.9504471880890437,0.9646516393442622,479.8592630000117,1.506588147789199,0.3195013661202186
480.0769730000046,0.9832292133861084,0.9308401639344261,480.0792450000118,1.584678897483938,0.2549521857923497
480.39453100000463,1.0090322172673682,0.8985655737704917,480.34403300001173,1.6299040832625578,0.20474726775956287
480.5735660000048,1.017782515913821,0.884733606557377,480.5925970000119,1.6380805983305924,0.2023565573770491
480.8366150000048,1.005845691014204,0.9031762295081966,480.82851400001186,1.6124251997169337,0.22267759562841524
481.14155000000466,0.9767465066241582,0.9377561475409836,481.0680390000118,1.566407059512035,0.27288251366120214
481.38060800000454,0.9383859079264723,0.9807889344262294,481.3250970000116,1.5231062094700398,0.3123292349726776
481.58745100000476,0.899073180609873,0.9999999999999999,481.5639240000117,1.5061800206084937,0.3195013661202186
481.81935900000497,0.8643833771393712,0.9999999999999999,481.8299810000117,1.5265097533069083,0.3075478142076503
482.1095100000049,0.8345924031785885,0.9999999999999999,482.0595950000117,1.5745022627563074,0.2609289617486339
482.327322000005,0.8051248734529179,0.9999999999999999,482.316528000012,1.6246762449822145,0.21191939890710376
482.589862000005,0.771355253457674,0.9999999999999999,482.5589770000121,1.650793149202207,0.19040300546448083
482.8218880000052,0.733781367637831,0.9999999999999999,482.80702900001205,1.6383101128066442,0.2023565573770491
483.0566040000053,0.6977744682981483,0.9999999999999999,483.0628060000121,1.5861207317248989,0.2513661202185792
483.2993520000055,0.6695034742477817,0.9999999999999999,483.2972720000121,1.503688242319561,0.3195013661202186
483.54468500000576,0.6525694497403055,0.9999999999999999,483.55223500001193,1.4084931699748842,0.40437158469945356
483.78917600000585,0.6477747605097375,0.9999999999999999,483.8076900000119,1.319650470496849,0.5095628415300547
484.04207600000615,0.6546677795888075,0.9999999999999999,484.05281300001207,1.2492062619927808,0.606386612021858
484.28817700000644,0.67297733621607,0.9999999999999999,484.2900930000119,1.1986534531701345,0.6613729508196721
484.5450420000062,0.7019359011289106,0.9999999999999999,484.53487400001194,1.1613480381201748,0.7067964480874318
484.8057540000063,0.7392640880061038,0.9999999999999999,484.79293800001193,1.128344938491408,0.740266393442623
485.0373680000062,0.779667530475601,0.9999999999999999,485.02890500001183,1.094086099586606,0.7892759562841531
485.28580200000596,0.8149087959156258,0.9999999999999999,485.28531400001174,1.057789042979593,0.8382855191256833
485.5207710000059,0.8373672971775399,0.9999999999999999,485.5248080000117,1.022674394895559,0.8793545081967212
485.7793300000059,0.8422632011864203,0.9999999999999999,485.7723960000119,0.991978561313275,0.9177766393442622
486.05926400000607,0.8284032713187446,0.9999999999999999,486.016377000012,0.9665470484767473,0.9477459016393441
486.2618480000062,0.7997272530588597,0.9999999999999999,486.301885000012,0.9451452273914356,0.9700307377049179
486.5960550000062,0.7648859275559832,0.9999999999999999,486.52068600001223,0.9250664338699148,0.9969262295081966
486.7716440000063,0.7337739242626913,0.9999999999999999,486.77482300001236,0.9034084713449178,0.9999999999999999
487.00547300000636,0.7142138422543,0.9999999999999999,487.0206750000124,0.8778348555335417,0.9999999999999999
487.29352500000664,0.7124050067576417,0.9999999999999999,487.25841100001225,0.8475892638461033,0.9999999999999999
487.50353300000666,0.7332791499955614,0.9999999999999999,487.52645400001245,0.8163133825272293,0.9999999999999999
487.7588690000065,0.7810983745251555,0.9999999999999999,487.75887500001227,0.7927169694158265,0.9999999999999999
488.00693700000653,0.8556773479261067,0.9999999999999999,488.00086500001225,0.7885076391815562,0.9999999999999999
488.2420670000066,0.9495704536406901,0.9661885245901639,488.24881200001244,0.8149509506802234,0.9999999999999999
488.49256600000666,1.0528044508919818,0.8454576502732242,488.49493100001246,0.8802741939310412,0.9999999999999999
488.7413710000068,1.1548317338114198,0.7067964480874318,488.74579200001233,0.9890745816639013,0.9208504098360655
488.9920990000068,1.2495898407618466,0.606386612021858,488.99674500001254,1.1395533811321146,0.7247267759562842
489.2539120000068,1.3426998216238941,0.4856557377049181,489.23507500001233,1.318302067641907,0.5107581967213115
489.47941900000694,1.4435830734766602,0.38405054644808745,489.49074300001246,1.4977681861235963,0.32308743169398907
489.72779600000695,1.5639625465681526,0.2752732240437158,489.74218800001256,1.6455832672313175,0.19398907103825141
489.9726450000068,1.7138918382530328,0.15454234972677597,489.98260100001266,1.7445865362926323,0.1436987704918032
490.2227940000067,1.8967853382391682,0.09221311475409837,490.2254750000127,1.8050671946807246,0.12141393442622948
490.48113900000664,2.104082626160552,0.03765368852459019,490.4860260000126,1.8552355775621772,0.1037397540983606
490.7292160000067,2.3088010955409417,0.0,490.73731200001265,1.9169979141835523,0.08683401639344261
490.96367700000644,2.4616317715830993,0.0,490.97442200001257,1.9844349118158455,0.06915983606557373
491.21156100000644,2.5099621201657087,0.0,491.2204770000125,2.032498044098118,0.05455942622950818
491.4565230000066,2.431868598388157,0.0,491.46887400001253,2.0434638326496763,0.05225409836065575
491.70534900000655,2.2515411438866555,0.009221311475409803,491.72352500001256,2.0095300553570485,0.06070696721311474
491.9555050000066,2.0193398010250654,0.05686475409836061,491.9665030000128,1.929949078119156,0.08299180327868848
492.19168800000654,1.783369369352138,0.12909836065573765,492.21136500001273,1.8111352303563313,0.12064549180327867
492.43662200000637,1.5709568603328987,0.2645150273224043,492.4549280000127,1.667144104917876,0.17964480874316935
492.69095600000634,1.3906267416447915,0.42588797814207646,492.70393400001285,1.5126261749154704,0.31711065573770486
492.94833100000625,1.24380781740436,0.6147540983606558,492.963030000013,1.3597705304336225,0.4617486338797814
493.1803640000064,1.133552355028216,0.7378756830601094,493.20120200001315,1.2188059729427885,0.6386612021857925
493.4315130000064,1.068413027305837,0.8251366120218578,493.4494560000132,1.099804032421377,0.782103825136612
493.7012720000064,1.0597040102268998,0.8358948087431693,493.69042500001325,1.070540078208011,0.8227459016393442
493.9223620000066,1.1167692368711615,0.7546106557377051,493.95747800001334,1.4488336105034252,0.37568306010928965
494.1672260000066,1.24233382026355,0.6171448087431693,494.19437200001335,2.9192844647963527,0.0
494.4244070000066,1.4278426119603114,0.3936133879781421,494.4615210000134,6.2286716364472365,0.0
494.67389500000695,1.6497217659341792,0.19040300546448083,494.69002000001336,11.488441327760075,0.0
494.942848000007,1.8678026199142073,0.09912909836065574,494.9396390000133,17.995685158995613,0.0
495.16450800000695,2.0298574464648387,0.05455942622950818,495.2130850000135,24.709069927773115,0.0
495.40946400000706,2.090676461358555,0.04072745901639343,495.4280130000135,30.75263060581957,0.0
495.675442000007,2.0389626394344362,0.05302254098360656,495.6804150000134,35.58162972483527,0.0
495.915448000007,1.9029164332303181,0.08990778688524585,495.92988700001325,38.89699220371664,0.0
496.15353800000673,1.7292188615725146,0.14907786885245897,496.17637200001326,40.534472617257975,0.0
496.3979880000068,1.5584082782629907,0.2800546448087432,496.4185980000132,40.42244496719768,0.0
496.64773500000666,1.4145363749785456,0.40198087431693996,496.6725900000133,38.628056601949154,0.0
496.8960920000066,1.3071642663080592,0.5239071038251366,496.9085480000134,35.42674478553459,0.0
497.14813100000686,1.2373256982999148,0.6219262295081968,497.1978850000134,31.301024479996066,0.0
497.38801000000683,1.2005862410513135,0.6589822404371585,497.4070700000135,26.799620966625966,0.0
497.64263100000693,1.186979916584458,0.6745218579234974,497.6769130000134,22.38399946701272,0.0
497.88197900000694,1.1818518477782645,0.6816939890710384,497.9123350000135,18.395806486706636,0.0
498.14736900000685,1.1732471922477652,0.6888661202185793,498.16028800001334,15.05148312513621,0.0
498.3805270000071,1.158189767952515,0.7067964480874318,498.4081820000134,12.455582254433828,0.0
498.62152100000696,1.1394995512917179,0.7247267759562842,498.6482110000136,10.688757039081397,0.0
498.89086500000684,1.1213867651268137,0.7462431693989072,498.9021630000132,9.901869687797952,0.0
499.1283970000068,1.1077236623703972,0.7737363387978144,499.1596840000132,10.215014894027451,0.0
499.3678810000067,1.100850172146695,0.7797131147540983,499.4072390000131,11.535914880550651,0.0
499.61810300000656,1.1003848621196135,0.7797131147540983,499.67463900001314,13.401557940314003,0.0
499.8636070000067,1.1019686802743522,0.7785177595628416,499.8841960000134,15.078970688782473,0.0
500.1156120000067,1.0966830938249752,0.7868852459016396,500.15959600001355,15.946777588605395,0.0
500.37152700000667,1.0745959612396176,0.8131830601092898,500.3776360000134,15.778852731880647,0.0
500.6045060000067,1.0319469420609206,0.8716700819672131,500.6349190000135,14.713820197429898,0.0
500.8603800000069,0.9739429793224742,0.9415983606557377,500.8799330000134,13.068659290881323,0.0
501.1031790000069,0.9111899377994959,0.9999999999999999,501.14054100001334,11.18630153970496,0.0
501.36319500000695,0.8550116750730824,0.9999999999999999,501.3745050000136,9.344936663311683,0.0
501.608145000007,0.8162520023937342,0.9999999999999999,501.6393220000135,7.714792448668209,0.0
501.848165000007,0.8050473021938331,0.9999999999999999,501.8728710000137,6.354216368411572,0.0
502.09211700000697,0.8282491819219434,0.9999999999999999,502.1152810000138,5.243816515175128,0.0
502.3456280000069,0.8861487310123797,0.9999999999999999,502.3980560000136,4.339946446078957,0.0
502.62196000000694,0.9707524310825414,0.9431352459016393,502.62238300001354,3.605119632905561,0.0
502.8316020000067,1.06529956213282,0.8287226775956285,502.8936510000132,3.0110740705404826,0.0
503.08885100000697,1.1479604914880244,0.7115778688524591,503.10657300001327,2.5353536972712942,0.0
503.3263130000069,1.2006613749976967,0.6589822404371585,503.35229600001327,2.1600049043341594,0.028432377049180304
503.580861000007,1.215221472391361,0.6446379781420766,503.60144700001337,1.8706041296425937,0.09912909836065574
503.8279520000067,1.1925468389458078,0.66974043715847,503.8514220000135,1.6563567128920993,0.18562158469945356
504.07458900000677,1.138250091665501,0.7295081967213115,504.1050350000135,1.5088182959144998,0.3195013661202186
504.31954500000677,1.0604743707441449,0.8346994535519127,504.3459030000137,1.4187055471879866,0.40078551912568294
504.57453800000656,0.968952332802412,0.9439036885245902,504.58735900001346,1.3698935601713784,0.45099043715846987
504.82199200000656,0.8731364087133319,0.9999999999999999,504.8366890000136,1.3394577917023989,0.4892418032786885
505.06001000000657,0.7804293612266062,0.9999999999999999,505.0821550000135,1.3089920263407688,0.5203210382513661
505.30544900000666,0.6962813530158019,0.9999999999999999,505.3305340000134,1.2719560950109847,0.5765027322404372
505.5544330000067,0.6244357161717076,0.9999999999999999,505.5876410000135,1.232369614089917,0.6231215846994536
505.8244210000068,0.5662759770266947,0.9999999999999999,505.8420790000134,1.1986429764850206,0.6613729508196721
506.05760500000684,0.520948928073529,0.9999999999999999,506.1015740000134,1.1794534665363612,0.684084699453552
506.2980100000067,0.48625822170480293,0.9999999999999999,506.3244840000134,1.182768984596448,0.6816939890710384
506.56604700000673,0.4600698030783199,0.9999999999999999,506.59944600001324,1.2133971261526342,0.6470286885245902
506.79681600000663,0.4417191137297283,0.9999999999999999,506.8654090000133,1.2740399695752966,0.5717213114754098
507.0450270000068,0.43264143414127165,0.9999999999999999,507.0682820000132,1.3680437984956522,0.4521857923497268
507.2906840000068,0.4367480108702386,0.9999999999999999,507.383270000013,1.4995294636367393,0.3206967213114754
507.53397100000683,0.45951723764952634,0.9999999999999999,507.6293220000132,1.6683729637868803,0.17844945355191252
507.7930830000068,0.5051378208343454,0.9999999999999999,507.85323000001324,1.864077885432976,0.10066598360655736
508.03492200000693,0.5712099703440279,0.9999999999999999,508.13073300001327,2.063715244459349,0.04533811475409837
508.27955300000696,0.645224613917996,0.9999999999999999,508.3392730000131,2.2391616190777137,0.013063524590163937
508.52611900000704,0.7090928715926377,0.9999999999999999,508.55976400001333,2.3641779650634858,0.0
508.7791540000068,0.7509971381441579,0.9999999999999999,508.799722000013,2.4168220124275455,0.0
509.0353890000067,0.7710238021606293,0.9999999999999999,509.04467900001276,2.3863338550278694,0.0
509.28342500000696,0.7782721437688871,0.9999999999999999,509.3382400000127,2.2822370247238997,0.00307377049180324
509.5198790000069,0.7840084444214297,0.9999999999999999,509.5457900000128,2.1347278123271547,0.033811475409836055
509.77030400000666,0.7970223966082548,0.9999999999999999,509.7995280000127,1.9809893509203036,0.06992827868852454
510.0139260000067,0.8212173836109699,0.9999999999999999,510.07615900001275,1.8492604086091398,0.10604508196721311
510.2660990000067,0.85521615798849,0.9999999999999999,510.29704500001253,1.7515872697978399,0.13985655737704916
510.5205350000068,0.8936796778162239,0.9999999999999999,510.55207100001275,1.6846004016831049,0.17127732240437152
510.7600170000067,0.9301891922853812,0.9907786885245902,510.78689900001274,1.634307864297706,0.20474726775956287
511.00342500000676,0.9600886491557264,0.9538934426229507,511.03752400001315,1.5805419698290155,0.2573428961748634
511.24890000000687,0.9804456481541058,0.9354508196721311,511.27772800001327,1.505230679251851,0.3195013661202186
511.49822200000665,0.989690066980906,0.9200819672131146,511.6177450000134,1.4042134071626406,0.40676229508196715
511.7435940000068,0.9881760421150672,0.9216188524590163,511.8701230000135,1.2877260088893925,0.5490095628415301
511.99497800000665,0.9780516347140964,0.9377561475409836,512.0968090000134,1.1726781372702766,0.6900614754098361
512.2549630000067,0.961814598556062,0.9531249999999999,512.2736770000133,1.075972526243792,0.810792349726776
512.4974850000068,0.9407071864727713,0.9754098360655736,512.6406170000133,1.0108169935185387,0.8939549180327868
512.7339260000069,0.9145507288357176,0.9999999999999999,512.8945610000136,0.9851653010513215,0.9262295081967212
512.981346000007,0.8825734000291502,0.9999999999999999,513.1619870000138,1.001710793047455,0.9077868852459016
513.232793000007,0.8446889758436238,0.9999999999999999,513.4174120000139,1.0572264437577263,0.83948087431694
513.4942730000068,0.8015290559081305,0.9999999999999999,513.6759680000139,1.1414906750111107,0.7223360655737706
513.729417000007,0.7538679637104424,0.9999999999999999,513.9328990000142,1.236876360641575,0.6219262295081968
513.980688000007,0.7032176853930368,0.9999999999999999,514.1134070000143,1.321763371005852,0.5047814207650273
514.2192290000073,0.6521085497657763,0.9999999999999999,514.3409690000144,1.3774709833975989,0.443818306010929
514.4706800000068,0.6035260629261184,0.9999999999999999,514.5793520000145,1.3943924006792041,0.41632513661202186
514.7187370000071,0.5608090197016331,0.9999999999999999,514.7617540000143,1.374420832473739,0.4474043715846995
514.9708330000071,0.5277069787211188,0.9999999999999999,515.0538390000146,1.328420167274155,0.4964139344262296
515.215754000007,0.5088044479982988,0.9999999999999999,515.2808430000146,1.2724746385659627,0.5765027322404372
515.4572320000068,0.5100005256928282,0.9999999999999999,515.5040300000146,1.221935657841394,0.6386612021857925
515.7081540000067,0.5375390274847429,0.9999999999999999,515.7840040000146,1.187406365099807,0.6733265027322405
515.9590560000065,0.5945171387371087,0.9999999999999999,516.0111080000146,1.1714205537865578,0.6900614754098361
516.2079100000067,0.6750610211643115,0.9999999999999999,516.2279900000146,1.1690707923707322,0.6960382513661203
516.4454280000065,0.7606769231182765,0.9999999999999999,516.4811040000146,1.1709115820439435,0.6900614754098361
516.7033460000067,0.827110091981954,0.9999999999999999,516.7379990000148,1.1670587487836466,0.6984289617486339
516.9583070000069,0.8565012731577505,0.9999999999999999,517.0349160000147,1.1496460766192635,0.7115778688524591
517.1977830000071,0.8455076768566531,0.9999999999999999,517.2504000000149,1.1145624330465767,0.7593920765027323
517.4472450000073,0.8040425149473409,0.9999999999999999,517.4608310000149,1.0614085025676752,0.8335040983606558
517.6858290000071,0.7483084289629617,0.9999999999999999,517.7182810000148,0.9931603592201558,0.9162397540983606
517.938265000007,0.693683016674556,0.9999999999999999,517.956834000015,0.9152989649493675,0.9999999999999999
518.1851020000071,0.6504786837903977,0.9999999999999999,518.2382080000151,0.8364955658592315,0.9999999999999999
518.430067000007,0.6230341471774705,0.9999999999999999,518.4675780000149,0.7676592313671493,0.9999999999999999
518.6750610000071,0.6108348377990301,0.9999999999999999,518.740953000015,0.7172841954414094,0.9999999999999999
518.9315380000071,0.6108767677793543,0.9999999999999999,519.024954000015,0.6889289593752869,0.9999999999999999
519.171569000007,0.6197127406615439,0.9999999999999999,519.248559000015,0.6813271119277935,0.9999999999999999
519.420848000007,0.6341084528612088,0.9999999999999999,519.5049270000152,0.6898005360256804,0.9999999999999999
519.6698070000072,0.6507479924380237,0.9999999999999999,519.7141170000152,0.7070141742271504,0.9999999999999999
519.9146910000071,0.6658118488178546,0.9999999999999999,519.9399840000156,0.726217025072013,0.9999999999999999
520.1730660000072,0.6760946940404482,0.9999999999999999,520.2133620000153,0.7446484825124131,0.9999999999999999
520.4101790000074,0.6804916340260058,0.9999999999999999,520.4314180000152,0.76369031296391,0.9999999999999999
520.6586250000074,0.6812106533495104,0.9999999999999999,520.6907800000154,0.7864530530271081,0.9999999999999999
520.9086170000074,0.6838602015601672,0.9999999999999999,520.9318900000154,0.8137682645721983,0.9999999999999999
521.1775930000073,0.6976710744804515,0.9999999999999999,521.1787490000155,0.8433256991572674,0.9999999999999999
521.4000330000074,0.7319528429665734,0.9999999999999999,521.4438640000154,0.8697837145964965,0.9999999999999999
521.6566880000073,0.7897700887287573,0.9999999999999999,521.6688380000154,0.8873480837410774,0.9999999999999999
521.8980510000073,0.8666243952297215,0.9999999999999999,521.9173780000156,0.89388994955749,0.9999999999999999
522.1487660000073,0.9547804237160169,0.9585040983606556,522.1702270000155,0.8922553079915363,0.9999999999999999
522.4007810000073,1.0458655940918984,0.8539959016393441,522.4174120000157,0.8893458953094817,0.9999999999999999
522.6375960000073,1.1337566434155024,0.7378756830601094,522.6661990000156,0.8938462121562849,0.9999999999999999
522.8851800000074,1.2138264166330126,0.6470286885245902,522.9084530000157,0.9119032576528814,0.9999999999999999
523.1335930000076,1.279459362806891,0.5609631147540984,523.1658910000156,0.9436389223853889,0.9731045081967212
523.3899870000075,1.3211930055547083,0.5059767759562842,523.4044190000154,0.9810877494979051,0.9339139344262294
523.6289270000074,1.3298899021283044,0.4964139344262296,523.6509700000155,1.0113798336312483,0.8924180327868851
523.8769780000073,1.303867770122599,0.5274931693989071,523.8964400000156,1.025236409021467,0.8778176229508197
524.1252820000072,1.2539742318690248,0.5992144808743168,524.1493710000157,1.0240820597550637,0.8785860655737704
524.379415000007,1.1971687477296178,0.6625683060109291,524.3968390000156,1.0198362245052166,0.8824282786885246
524.6256940000071,1.146148690735441,0.7139685792349728,524.6516280000151,1.02743678856992,0.8762807377049179
524.8687930000075,1.1069969752830406,0.7749316939890711,524.895159000015,1.0564643471244444,0.8406762295081969
525.1149740000079,1.0813752078412582,0.8060109289617489,525.1632510000151,1.1040059738613242,0.7773224043715847
525.3638410000077,1.0685126589057856,0.8251366120218578,525.3915520000152,1.1548876226660534,0.7067964480874318
525.6137500000077,1.0666264983994544,0.8251366120218578,525.6322640000153,1.1889017612124273,0.6721311475409836
525.8577840000078,1.0716735044008374,0.8227459016393442,525.9222370000152,1.1888128888412823,0.6721311475409836
526.1016540000078,1.076294658467265,0.8095969945355191,526.1262710000151,1.147714972851982,0.7115778688524591
526.346758000008,1.0760101862054603,0.810792349726776,526.375623000015,1.072508307999977,0.8155737704918034
526.6063450000081,1.0704820028987043,0.8227459016393442,526.6255940000152,0.9796927433795506,0.9354508196721311
526.853385000008,1.059784055692996,0.8358948087431693,526.9205820000149,0.8876536304750358,0.9999999999999999
527.1116610000082,1.0451769587865807,0.8539959016393441,527.1829500000147,0.8108951319943277,0.9999999999999999
527.3406870000083,1.0317631598936914,0.8716700819672131,527.4109590000146,0.7584364311337272,0.9999999999999999
527.5995190000086,1.0260491626165855,0.8770491803278688,527.6804660000148,0.7353370907231066,0.9999999999999999
527.8346900000081,1.0320547315547834,0.8716700819672131,527.9020050000147,0.744234485749049,0.9999999999999999
528.0908960000081,1.047987503912511,0.8516905737704917,528.1170710000147,0.7840336669606478,0.9999999999999999
528.3277580000081,1.066282913253453,0.8251366120218578,528.3792670000148,0.846437693684157,0.9999999999999999
528.5807940000078,1.076780005509189,0.8095969945355191,528.6051870000144,0.91473152486148,0.9999999999999999
528.8436700000076,1.071692795711645,0.8227459016393442,528.849699000014,0.9695391889733672,0.9439036885245902
529.0731400000075,1.0464246610217263,0.8524590163934426,529.157578000014,1.00423430041394,0.9047131147540983
529.3191270000078,1.0002363938569716,0.9085553278688524,529.4041260000135,1.0399890490790968,0.8632172131147541
529.5731000000077,0.9371193814892941,0.9823258196721311,529.5989210000142,1.1209725929593877,0.7474385245901639
529.8159710000074,0.8682130726387677,0.9999999999999999,529.8805760000139,1.295115415089417,0.5394467213114754
530.0608520000073,0.8106680940400239,0.9999999999999999,530.0899130000141,1.5814437595049617,0.2561475409836066
530.3093500000074,0.7751781950440072,0.9999999999999999,530.3909940000145,1.9395941444751055,0.08145491803278686
530.5547990000076,0.7589758410170981,0.9999999999999999,530.6024490000145,2.279557367578784,0.00307377049180324
530.8068230000073,0.7537367686244563,0.9999999999999999,530.8351450000147,2.5153131372042203,0.0
531.0523010000072,0.7537686664121629,0.9999999999999999,531.184650000015,2.60260979250159,0.0
531.3012100000068,0.7572848229116884,0.9999999999999999,531.3577150000149,2.5426853628433186,0.0
531.5497680000076,0.7648451775423766,0.9999999999999999,531.5770830000148,2.368803928782107,0.0
531.7940660000072,0.7775603876554213,0.9999999999999999,531.821077000015,2.1313371232952627,0.034579918032786865
532.0551160000068,0.7962175904868803,0.9999999999999999,532.064114000015,1.8830037013226273,0.09759221311475412
532.2899990000069,0.8211132810961826,0.9999999999999999,532.3167580000152,1.6626594195237274,0.18084016393442617
532.543927000007,0.8516130961194666,0.9999999999999999,532.5659140000154,1.4917824027457285,0.3302595628415301
532.7945530000071,0.886099000858407,0.9999999999999999,532.831243000015,1.3793041392139713,0.4402322404371585
533.0333840000071,0.9228184643410721,0.9992315573770492,533.0577950000146,1.3306204188278128,0.4964139344262296
533.285287000007,0.9621040112920319,0.9531249999999999,533.310715000014,1.3539388654551856,0.4772882513661203
533.5318750000068,1.007334458054879,0.9024077868852458,533.5717920000137,1.463964343447763,0.36014344262295084
533.7803790000066,1.0624533476672107,0.8335040983606558,533.8099650000138,1.671858657218459,0.1760587431693989
534.0227880000069,1.1252219438943352,0.7426571038251367,534.0485690000139,1.9692648807584527,0.07069672131147543
534.274243000007,1.1860234469178317,0.6757172131147542,534.303506000014,2.3229057002066873,0.0
534.5281900000067,1.2318826523521986,0.6243169398907104,534.551842000014,2.6889789393949077,0.0
534.7681560000071,1.253431705963577,0.5992144808743168,534.7950830000137,3.024977725231042,0.0
535.021701000007,1.2497663212513834,0.606386612021858,535.0529840000137,3.290811193924621,0.0
535.2727030000074,1.226406724731509,0.6362704918032787,535.2899560000134,3.4439848152028687,0.0
535.5135720000075,1.1904398135562,0.6709357923497269,535.5533850000131,3.44545518968954,0.0
535.7690990000071,1.146044683019762,0.7139685792349728,535.7854080000131,3.28900077388134,0.0
536.0084130000072,1.0946522958692744,0.7892759562841531,536.0284880000125,3.02267601089852,0.0
536.2555060000072,1.0371334293723995,0.8662909836065573,536.2946270000125,2.722256673984576,0.0
536.5204660000076,0.9733054801512908,0.9415983606557377,536.5333020000132,2.4540697481633877,0.0
536.7514200000076,0.9039189442035981,0.9999999999999999,536.7931700000133,2.2491933636344075,0.009221311475409803
536.9953570000077,0.8320443032513992,0.9999999999999999,537.0166790000139,2.1038714430426846,0.03765368852459019
537.2463420000073,0.7633379583296124,0.9999999999999999,537.2716690000138,1.992229314276293,0.0668545081967213
537.4881690000074,0.7059347774975016,0.9999999999999999,537.5166450000139,1.879891997442896,0.09759221311475412
537.7412980000075,0.6695158691756468,0.9999999999999999,537.7656300000141,1.7428767611250346,0.1436987704918032
537.9881570000078,0.6629966909545062,0.9999999999999999,538.017333000014,1.5818339493254718,0.2561475409836066
538.2640410000079,0.6917127475835937,0.9999999999999999,538.2602120000138,1.4155199336272708,0.40198087431693996
538.4797070000076,0.7570008833144276,0.9999999999999999,538.5187670000138,1.2682136329909972,0.5824795081967213
538.7260910000076,0.8555798914828917,0.9999999999999999,538.756212000014,1.16029310052314,0.7067964480874318
538.9860480000074,0.9788035494236285,0.9377561475409836,539.0032080000146,1.1060601567908734,0.7749316939890711
539.2215850000073,1.1118026798426812,0.7653688524590165,539.2505760000149,1.1121398541890843,0.7653688524590165
539.4715530000071,1.2351491355134496,0.6231215846994536,539.4951860000147,1.17190718290656,0.6900614754098361
539.7359990000076,1.3307504100111842,0.4964139344262296,539.760091000015,1.256729099350586,0.5956284153005464
539.970003000008,1.3887865428938033,0.43066939890710376,540.0126300000148,1.3196895154908397,0.5095628415300547
540.2135020000078,1.4082398915488714,0.40437158469945356,540.3096130000151,1.3287958195728105,0.4964139344262296
540.4675400000078,1.396498799941275,0.41512978142076506,540.514598000015,1.289435297495067,0.5478142076502731
540.7091000000079,1.366491168789496,0.4533811475409837,540.7366220000151,1.2250859805346093,0.6362704918032787
540.9534800000075,1.3291216736014606,0.4964139344262296,540.9796870000154,1.1569853053115582,0.7067964480874318
541.2047540000075,1.2891600063937287,0.5478142076502731,541.2548420000154,1.0981558762530061,0.7844945355191258
541.4566800000077,1.2470902357987075,0.6075819672131147,541.4767720000153,1.0543636604053332,0.8442622950819672
541.6966500000078,1.2016193780839548,0.6577868852459017,541.7322390000149,1.0265097808347388,0.8770491803278688
541.941646000008,1.152951864418049,0.7115778688524591,541.9922300000147,1.0127872618106157,0.8916495901639344
542.193526000008,1.103602329456483,0.7773224043715847,542.2169410000153,1.0104195191756953,0.8939549180327868
542.4415150000078,1.0571395785542017,0.83948087431694,542.4680940000155,1.0154500047029145,0.8901127049180326
542.691460000008,1.017013944339908,0.8862704918032787,542.7190280000151,1.021669236541542,0.8808913934426229
542.9514020000078,0.9866291563562876,0.9231557377049179,542.9661150000146,1.022089114606398,0.8801229508196721
543.1894760000079,0.9685108119599567,0.9439036885245902,543.2475190000148,1.0116324633292448,0.8924180327868851
543.4313440000082,0.9632341972179046,0.9531249999999999,543.517743000015,0.9879689492140313,0.9216188524590163
543.6827590000083,0.9691063390335031,0.9439036885245902,543.7564530000151,0.9513536283008897,0.9631147540983606
543.9241880000087,0.9828624070723161,0.9308401639344261,543.999982000015,0.9037234386984601,0.9999999999999999
544.1931750000089,1.0028656286271245,0.9047131147540983,544.197542000015,0.8490026556550857,0.9999999999999999
544.4212200000088,1.0304486334748155,0.8724385245901639,544.463528000015,0.794615239780172,0.9999999999999999
544.6620250000088,1.067272423260071,0.8251366120218578,544.706060000015,0.7512903870813427,0.9999999999999999
544.9255870000085,1.1120140820012305,0.7653688524590165,544.9723650000149,0.7311245587297627,0.9999999999999999
545.1612510000084,1.157089366424768,0.7067964480874318,545.202318000015,0.7433370259761293,0.9999999999999999
545.4072280000089,1.1878754579721114,0.6733265027322405,545.4639230000154,0.7880859904103468,0.9999999999999999
545.6557720000086,1.190252286147179,0.6709357923497269,545.6908130000153,0.8522566779099253,0.9999999999999999
545.9271710000089,1.1614251324963523,0.7067964480874318,545.9378780000147,0.9131479132774146,0.9999999999999999
546.1538170000089,1.1125755163133724,0.7641734972677596,546.2022090000152,0.9500169980878223,0.9646516393442622
546.3971260000089,1.0607662014955888,0.8335040983606558,546.433976000015,0.9536670527061601,0.9600409836065573
546.6470440000089,1.0195982323450978,0.8824282786885246,546.6732960000151,0.927324530122194,0.9930840163934426
546.9121240000092,0.9949492502213572,0.9147028688524589,546.9511580000152,0.8817433533433812,0.9999999999999999
547.1388720000093,0.9859492061360869,0.9246926229508197,547.1824150000152,0.8297170050985236,0.9999999999999999
547.3956410000093,0.9856170220668627,0.9246926229508197,547.4313460000153,0.7822319504442523,0.9999999999999999
547.6439780000089,0.9820505623163681,0.931608606557377,547.6946070000156,0.7454180732464029,0.9999999999999999
547.8794530000089,0.9624483645318076,0.9531249999999999,547.9153540000156,0.7188803913167932,0.9999999999999999
548.1307100000085,0.9211165136280295,0.9992315573770492,548.1684150000157,0.6988651974198536,0.9999999999999999
548.3771440000087,0.865269844969556,0.9999999999999999,548.4398900000158,0.6824302289663261,0.9999999999999999
548.6276400000087,0.810207735407856,0.9999999999999999,548.658781000016,0.669617485843894,0.9999999999999999
548.8821030000088,0.7691805684193463,0.9999999999999999,548.930146000016,0.6636910081400655,0.9999999999999999
549.1174290000085,0.7493384579741688,0.9999999999999999,549.1601390000155,0.6697952224709944,0.9999999999999999
549.3749580000089,0.7520934413200355,0.9999999999999999,549.3966310000155,0.693450351261379,0.9999999999999999
549.614425000009,0.7749743194284676,0.9999999999999999,549.6449380000157,0.7390311879555558,0.9999999999999999
549.8627010000095,0.812797464133447,0.9999999999999999,549.9015970000157,0.8074822240733297,0.9999999999999999
550.1102790000097,0.8573141189531275,0.9999999999999999,550.1423550000159,0.8934379372838417,0.9999999999999999
550.3622650000099,0.8968347811644694,0.9999999999999999,550.3998810000153,0.9829951683248641,0.9308401639344261
550.6489970000101,0.919216955744857,0.9999999999999999,550.6422920000155,1.053406279815253,0.8454576502732242
550.8520390000103,0.9192160664716169,0.9999999999999999,550.9207230000154,1.0834971400333566,0.8036202185792349
551.1217220000103,0.9043655346726992,0.9999999999999999,551.1407080000154,1.0693546624965917,0.8251366120218578
551.3580380000102,0.8889507628238145,0.9999999999999999,551.3923670000152,1.0302165631051723,0.8724385245901639
551.6039870000102,0.8857390506528859,0.9999999999999999,551.6317630000149,0.9988380471002556,0.9093237704918031
551.8849360000099,0.9014716843893467,0.9999999999999999,551.875645000015,1.004176595616151,0.9047131147540983
552.09240800001,0.9369260069735168,0.9823258196721311,552.1380560000149,1.0601800697390291,0.8346994535519127
552.3484380000098,0.9875013065751559,0.9223872950819672,552.3788450000147,1.1656301477789417,0.7008196721311477
552.6195830000097,1.0439182613165272,0.8563012295081966,552.6228280000149,1.3094105686076694,0.5203210382513661
552.8481530000098,1.094742045811771,0.7892759562841531,552.8698270000152,1.4756631569868606,0.3469945355191256
553.0931710000094,1.1307805458161997,0.7390710382513661,553.1192820000153,1.6459872511456481,0.1927937158469946
553.3305130000098,1.1517466980722544,0.7115778688524591,553.3663810000154,1.800618738667996,0.12371926229508191
553.5956570000101,1.1700156544335805,0.6936475409836065,553.6066800000154,1.9205647366881695,0.08529713114754099
553.8255000000099,1.2055283093821445,0.6518101092896176,553.8599350000153,1.9923501102846997,0.0668545081967213
554.0743690000093,1.2752030063511495,0.5681352459016394,554.1035220000151,2.0103232340867065,0.05993852459016393
554.3249700000094,1.383441803142048,0.43664617486338797,554.360925000015,1.9765722603364937,0.07069672131147543
554.5757960000096,1.5183423836637644,0.315915300546448,554.603011000014,1.8968824207944963,0.09221311475409837
554.8109400000093,1.6529214389808262,0.1880122950819672,554.8463710000137,1.7833085448564194,0.12909836065573765
555.0752510000092,1.753048638877365,0.13985655737704916,555.0921220000131,1.6591633324019077,0.18562158469945356
555.3056910000096,1.7934964839145886,0.12679303278688522,555.3552780000132,1.5605652237896552,0.2764685792349727
555.5529050000094,1.77131060737504,0.1329405737704918,555.585591000013,1.5313831395818769,0.3015710382513661
555.8153560000094,1.7075082199715554,0.1593237704918032,555.8455780000136,1.601853743268433,0.23463114754098366
556.0488850000094,1.6360182398815324,0.2023565573770491,556.1136740000138,1.7692647293317203,0.1337090163934426
556.3113180000094,1.5865813277538303,0.2489754098360656,556.3391160000134,1.991003648776581,0.0668545081967213
556.5524510000095,1.572439477573311,0.2645150273224043,556.6158670000134,2.2025346920731104,0.0192110655737705
556.8001860000094,1.5879555161787131,0.24658469945355194,556.8448720000133,2.348516077655622,0.0
557.0451650000095,1.616931295279355,0.22148224043715842,557.0769500000135,2.4029131698916335,0.0
557.2868150000096,1.6422488728931408,0.19637978142076504,557.3562610000137,2.3692918602892616,0.0
557.5413060000095,1.6511722382843115,0.19040300546448083,557.6143640000133,2.2674748469946193,0.006147540983606563
557.7911280000097,1.6381358144039342,0.2023565573770491,557.8844760000135,2.122008848897181,0.036116803278688485
558.0417380000093,1.604773697331447,0.23463114754098366,558.0827780000137,1.9561322555025793,0.0753073770491803
558.2957060000095,1.5581485980785454,0.2800546448087432,558.3396770000138,1.788191223035328,0.12756147540983603
558.531180000009,1.5075653637937474,0.3195013661202186,558.6391240000139,1.6310839625978886,0.20474726775956287
558.7831270000095,1.458367697680106,0.36492486338797814,558.9291480000139,1.4924217203020564,0.3302595628415301
559.0271630000095,1.4103917005733924,0.40198087431693996,559.1866680000142,1.3761174672439913,0.4450136612021859
559.2821880000092,1.360487591135852,0.4617486338797814,559.4072190000147,1.2844132963626123,0.5525956284153005
559.5396930000094,1.3054011520224684,0.5262978142076502,559.614409000015,1.2181095963226798,0.6398565573770492
559.778617000009,1.2443412974577603,0.6111680327868853,559.8923040000147,1.1766619042310413,0.6864754098360656
560.0131160000087,1.1803426060400912,0.684084699453552,560.0763330000148,1.1583113307201816,0.7067964480874318
560.2666390000088,1.1190551213581275,0.7510245901639345,560.3131450000144,1.1589179933723242,0.7067964480874318
560.512571000009,1.0644154450432612,0.8323087431693991,560.5477510000145,1.170464024260445,0.6912568306010929
560.759534000009,1.0152027346238348,0.8901127049180326,560.7997520000146,1.1802637976380526,0.684084699453552
561.0022730000093,0.967307370142007,0.9454405737704917,561.0347300000144,1.175642835577194,0.6888661202185793
561.2541350000088,0.9181065357421694,0.9999999999999999,561.2861460000141,1.1521076165732638,0.7115778688524591
561.5165180000089,0.8677719835414428,0.9999999999999999,561.5447520000143,1.1189827994572787,0.7510245901639345
561.7421670000087,0.819757528995998,0.9999999999999999,561.7963910000142,1.0959497412356056,0.7880806010928962
561.9945240000089,0.7810457769516843,0.9999999999999999,562.0379380000142,1.0992766659111903,0.782103825136612
562.2428640000095,0.7582597236733921,0.9999999999999999,562.2843220000138,1.1301114352146118,0.7390710382513661
562.4884010000095,0.7533353168760295,0.9999999999999999,562.5233540000136,1.1742348956678101,0.6888661202185793
562.7483480000097,0.762572537044674,0.9999999999999999,562.7709430000139,1.2128252894461544,0.6470286885245902
562.9918870000095,0.7786640479142628,0.9999999999999999,563.0376880000141,1.234558643370905,0.6231215846994536
563.2308050000092,0.7932896023524095,0.9999999999999999,563.2676900000138,1.2362473131974296,0.6231215846994536
563.4814550000091,0.7991902109002385,0.9999999999999999,563.5151420000136,1.2191540297527461,0.6386612021857925
563.7307730000097,0.7921127228493547,0.9999999999999999,563.7622460000133,1.1858835691156968,0.676912568306011
563.97732300001,0.7711624358988081,0.9999999999999999,564.0113060000137,1.1388146293402566,0.7271174863387979
564.2241000000099,0.7384556883672212,0.9999999999999999,564.2807580000135,1.0802746633476468,0.8072062841530055
564.4716480000097,0.6987595522564768,0.9999999999999999,564.5095740000132,1.013931338820997,0.8901127049180326
564.7321050000097,0.6571994355414066,0.9999999999999999,564.7655400000132,0.9459226046884885,0.9692622950819672
564.9661100000096,0.6176715596217941,0.9999999999999999,565.0110220000131,0.8851322052927655,0.9999999999999999
565.2140170000094,0.5841072105019733,0.9999999999999999,565.2420210000132,0.8425328834297864,0.9999999999999999
565.4588180000093,0.5610553283823999,0.9999999999999999,565.5079950000137,0.8292107682922947,0.9999999999999999
565.7088720000091,0.5510555433545112,0.9999999999999999,565.7489330000135,0.8513367025797153,0.9999999999999999
565.9795830000089,0.5529270796749698,0.9999999999999999,565.9900160000132,0.9055049243190075,0.9999999999999999
566.2011030000091,0.5629448849565717,0.9999999999999999,566.279333000013,0.9792813359395492,0.9369877049180327
566.4551280000094,0.576660325100894,0.9999999999999999,566.4863260000127,1.0569098752269146,0.83948087431694
566.6946030000089,0.5905176145367069,0.9999999999999999,566.7560290000129,1.1250264148486249,0.7426571038251367
566.9430780000087,0.6034644793303825,0.9999999999999999,566.976468000013,1.1746563052372467,0.6888661202185793
567.1882720000091,0.6151263668768645,0.9999999999999999,567.2235660000133,1.1994795165865113,0.6613729508196721
567.4496900000096,0.6258792251247451,0.9999999999999999,567.4945130000131,1.196013740656908,0.6625683060109291
567.6850390000093,0.6372373931828393,0.9999999999999999,567.7223620000129,1.1660346093545062,0.6996243169398907
567.9465560000094,0.6506886784718683,0.9999999999999999,567.9963960000127,1.1161029859004385,0.7570013661202187
568.1900730000095,0.665413534868767,0.9999999999999999,568.2191450000125,1.0546383548860492,0.8442622950819672
568.4320620000094,0.6783500622243911,0.9999999999999999,568.486536000012,0.9889477590691438,0.9208504098360655
568.6739900000093,0.688230106144859,0.9999999999999999,568.7135800000123,0.9243149712394572,0.9969262295081966
568.9420630000096,0.6979944076786556,0.9999999999999999,568.960483000012,0.8637606485700597,0.9999999999999999
569.1784950000094,0.7129432775012639,0.9999999999999999,569.2138980000121,0.8086048756160079,0.9999999999999999
569.4268430000093,0.7367896443217762,0.9999999999999999,569.499847000012,0.7581577071697243,0.9999999999999999
569.6722710000092,0.7700884500892644,0.9999999999999999,569.7394400000118,0.7107709117584458,0.9999999999999999
569.928918000009,0.8104409858390638,0.9999999999999999,569.9713720000118,0.6656327794620384,0.9999999999999999
570.1621970000086,0.8537469345622949,0.9999999999999999,570.1958180000121,0.6224853989421595,0.9999999999999999
570.423154000009,0.8963617652028261,0.9999999999999999,570.448720000012,0.5816677232515588,0.9999999999999999
570.6602000000084,0.9357151998321906,0.9838627049180327,570.6877120000122,0.5442994278181408,0.9999999999999999
570.9097130000081,0.969886967247773,0.9439036885245902,570.9425450000123,0.5123336565654794,0.9999999999999999
571.1543210000078,0.9975825329026706,0.9131659836065573,571.1856020000128,0.4882824313856371,0.9999999999999999
571.397847000008,1.0179721403996709,0.884733606557377,571.4331070000128,0.4756783688423891,0.9999999999999999
571.649476000008,1.0300401547279003,0.8724385245901639,571.6850360000129,0.4776286479552216,0.9999999999999999
571.8962260000084,1.032760719667143,0.8701331967213114,571.9645940000133,0.4955441686420757,0.9999999999999999
572.1444320000091,1.025877639020368,0.8770491803278688,572.181950000013,0.528595543591404,0.9999999999999999
572.3893990000087,1.014301499595665,0.8901127049180326,572.4230500000126,0.5733027636432859,0.9999999999999999
572.6429820000085,1.0095158907008717,0.8970286885245901,572.6770860000124,0.623852942579554,0.9999999999999999
572.8853930000087,1.028365760016797,0.8739754098360655,572.9239900000127,0.6751537763876546,0.9999999999999999
573.1377330000084,1.0916551582981924,0.7916666666666667,573.1694530000127,0.7245314019968845,0.9999999999999999
573.3899110000083,1.2177570170176306,0.6398565573770492,573.4190470000133,0.7709316447312334,0.9999999999999999
573.6392180000081,1.4115163420965318,0.40198087431693996,573.6607670000135,0.8136461215648528,0.9999999999999999
573.8712680000078,1.660170043808215,0.18442622950819676,573.9498450000129,0.8503503078747332,0.9999999999999999
574.1204050000076,1.9380341727495694,0.08222336065573767,574.1587450000129,0.8758742896169315,0.9999999999999999
574.3869730000072,2.215364162593195,0.01767418032786888,574.4067760000129,0.8844541195913654,0.9999999999999999
574.6203250000073,2.464475468905795,0.0,574.6542020000131,0.875934003678226,0.9999999999999999
574.8692850000075,2.661105226205036,0.0,574.8965720000128,0.8578664747972503,0.9999999999999999
575.1223010000077,2.787840524218689,0.0,575.1617100000129,0.8413536621868132,0.9999999999999999
575.3703550000083,2.841090827467641,0.0,575.4221800000129,0.8351737891318969,0.9999999999999999
575.6145350000082,2.8327246793250147,0.0,575.6917130000128,0.8434538339300462,0.9999999999999999
575.8565450000084,2.781906813965657,0.0,575.8862360000124,0.8657217173850578,0.9999999999999999
576.1034980000087,2.705527066850721,0.0,576.1496290000125,0.8976320701000859,0.9999999999999999
576.3544710000089,2.6136595181659263,0.0,576.3831080000122,0.930135781523143,0.9907786885245902
576.600898000009,2.5089793490087655,0.0,576.641353000012,0.9492840379173961,0.9661885245901639
576.8440370000089,2.3888505545609307,0.0,576.8851500000117,0.9402795965701627,0.9761782786885245
577.1013190000089,2.2482335649791105,0.009221311475409803,577.1251430000116,0.9015882207351086,0.9999999999999999
577.346579000009,2.086818968244006,0.04072745901639343,577.3791660000119,0.851173341729869,0.9999999999999999
577.5865260000093,1.9135747847811722,0.08760245901639342,577.6183460000117,0.8109587432619129,0.9999999999999999
577.8357380000095,1.7416482564432891,0.1436987704918032,577.8662220000117,0.7926021600128295,0.9999999999999999
578.1000540000093,1.5817611830850324,0.2561475409836066,578.1345060000115,0.7976364289120296,0.9999999999999999
578.3349910000095,1.4429841177037475,0.38405054644808745,578.3729650000117,0.821985718331569,0.9999999999999999
578.5840480000094,1.329996881437482,0.4964139344262296,578.6159150000113,0.8594480989675498,0.9999999999999999
578.8376190000093,1.2442318765267613,0.613558743169399,578.8558700000114,0.9030704110043012,0.9999999999999999
579.0851800000095,1.1858819786168469,0.676912568306011,579.1113910000116,0.9452353874666999,0.9700307377049179
579.3239770000094,1.1534850024595964,0.7115778688524591,579.3582420000117,0.9795849242753594,0.9354508196721311
579.5725600000096,1.1417582088513492,0.7223360655737706,579.6201400000118,1.0021014923810097,0.9077868852459016
579.8199320000095,1.141687080688145,0.7223360655737706,579.8545030000121,1.0118622453066268,0.8924180327868851
580.061799000009,1.1433617702195922,0.7175546448087432,580.0944770000118,1.011521779042547,0.8924180327868851
580.3110000000094,1.1374964302497261,0.7330942622950821,580.3453690000114,1.0056262144394612,0.9031762295081966
580.5574110000096,1.1169530653204776,0.7534153005464481,580.5909070000109,0.9991267999932859,0.9093237704918031
580.8214670000096,1.0788037840484181,0.8072062841530055,580.8388410000108,0.9951378734665539,0.9147028688524589
581.0542790000092,1.024482207754307,0.8785860655737704,581.0884560000105,0.9930468478084755,0.9162397540983606
581.3186930000091,0.9585235136659689,0.9538934426229507,581.335518000011,0.9900032398361626,0.9200819672131146
581.546783000009,0.8862876506069699,0.9999999999999999,581.5874370000112,0.9860933627660211,0.9239241803278688
581.7981340000088,0.8124635397000484,0.9999999999999999,581.8281020000115,0.9890778991543286,0.9208504098360655
582.0467430000086,0.7410259121297976,0.9999999999999999,582.0839670000115,1.010057697576397,0.8970286885245901
582.2992440000088,0.6747458760702489,0.9999999999999999,582.3199930000116,1.0537378002304476,0.8454576502732242
582.5692350000086,0.6155202472795938,0.9999999999999999,582.5676360000112,1.1130733990645794,0.7629781420765027
582.8037740000086,0.5649313893174545,0.9999999999999999,582.8261480000109,1.1748441450949778,0.6888661202185793
583.0418850000084,0.5248608413392517,0.9999999999999999,583.0704030000105,1.226613038704183,0.6362704918032787
583.2868670000081,0.49789122905786193,0.9999999999999999,583.3203870000104,1.257970136157017,0.5932377049180328
583.5292790000077,0.4864242141052957,0.9999999999999999,583.5588820000105,1.2615989501807945,0.5896516393442623
583.7792730000075,0.49075945177909475,0.9999999999999999,583.8144070000103,1.2338475407295282,0.6231215846994536
584.030909000008,0.5086221053798643,0.9999999999999999,584.0571430000102,1.1744037509174525,0.6888661202185793
584.2761060000082,0.5360215784891227,0.9999999999999999,584.3071310000101,1.0882489313867796,0.7940573770491804
584.5408030000086,0.5684799263037538,0.9999999999999999,584.5510910000102,0.9861330742472383,0.9239241803278688
584.7668940000086,0.6022944917283086,0.9999999999999999,584.79662100001,0.8817298920238908,0.9999999999999999
585.0167770000087,0.6354007392137556,0.9999999999999999,585.0502000000099,0.7860081957353201,0.9999999999999999
585.2606890000089,0.6673635146496295,0.9999999999999999,585.2951340000101,0.7054382911127008,0.9999999999999999
585.5127790000089,0.6988808354374513,0.9999999999999999,585.5465760000102,0.6437875576407829,0.9999999999999999
585.7747660000089,0.7328708189513509,0.9999999999999999,585.7875010000101,0.6024098553092259,0.9999999999999999
586.0107670000089,0.7748238042406053,0.9999999999999999,586.04351000001,0.5796219700510346,0.9999999999999999
586.2591780000083,0.8373275692334796,0.9999999999999999,586.2961750000102,0.5709401116360068,0.9999999999999999
586.4981150000084,0.9394856783250605,0.9777151639344261,586.5370140000105,0.5698019570507361,0.9999999999999999
586.7480970000083,1.1056809379637151,0.7749316939890711,586.7808610000104,0.569903465936559,0.9999999999999999
586.9988460000083,1.350608992951983,0.4808743169398907,587.0259820000103,0.567855116395665,0.9999999999999999
587.2428750000086,1.6562525399269332,0.18562158469945356,587.2943970000099,0.5635896463355272,0.9999999999999999
587.4968350000083,1.9617348815685292,0.07223360655737705,587.5274230000099,0.5588970509511008,0.9999999999999999
587.7602910000084,2.194488408422941,0.01997950819672131,587.7673900000102,0.5558043607474366,0.9999999999999999
587.9887620000085,2.309054077712001,0.0,588.0342880000105,0.5567765065909345,0.9999999999999999
588.2338390000084,2.2973955525292693,0.0,588.2723430000103,0.5664294001011746,0.9999999999999999
588.4842370000083,2.1792028155755463,0.025358606557377063,588.5131750000102,0.5903928632909481,0.9999999999999999
588.7261060000087,1.9890309535149564,0.06762295081967211,588.7670400000102,0.6320350631855839,0.9999999999999999
588.9760910000088,1.7659446340495777,0.13524590163934422,589.00591700001,0.6894003255082977,0.9999999999999999
589.2226200000079,1.5437141037903936,0.2955942622950819,589.2570120000098,0.7544651970197718,0.9999999999999999
589.468500000008,1.3443173169329985,0.4856557377049181,589.5114950000096,0.8160408362218811,0.9999999999999999
589.7195330000079,1.1807558297254288,0.684084699453552,589.7508230000097,0.8644794788020911,0.9999999999999999
589.966602000008,1.0611911381282035,0.8335040983606558,,,
590.2151590000078,0.9894521212115311,0.9200819672131146,,,
590.4627070000075,0.9644207963932663,0.9508196721311475,,,
590.7131970000075,0.9782898949066067,0.9377561475409836,,,
590.9539950000076,1.0162267514657988,0.8901127049180326,,,
591.1995560000075,1.0577153448206291,0.8382855191256833,,,
591.4637250000076,1.0822183908844192,0.8048155737704918,,,
591.7027900000071,1.0788705674620018,0.8072062841530055,,,
591.9487370000072,1.0522620407014007,0.8454576502732242,,,
592.195203000007,1.016564233717679,0.8878073770491802,,,
592.4407920000071,0.9851344058007115,0.9262295081967212,,,
592.6875910000072,0.9645987754594445,0.9508196721311475,,,
