condition 1 time (s),condition 1 tbr,condition 1 nai,condition 2 time (s),condition 2 tbr,condition 2 nai
4.3461229999999995,31.480073812747293,0.0,4.3486800000000025,30.325102118191673,0.0
4.5901770000000015,34.733280053174205,0.0,4.598594000000004,31.504155629620048,0.0
4.840161000000005,34.29297677640385,0.0,4.844534000000006,29.37690176832505,0.0
5.085165000000005,32.60462122816181,0.0,5.091089000000004,26.782176570753524,0.0
5.332573000000002,27.78852918188231,0.0,5.330651000000001,22.459935050465685,0.0
5.577575000000003,23.02620024445486,0.0,5.578027000000005,18.284960908342143,0.0
5.830644000000002,19.215324534873965,0.0,5.832246000000005,14.951824468242831,0.0
6.077233000000004,16.491999208328224,0.0,6.081565000000004,12.554527512170193,0.0
6.3271980000000045,14.687718823532938,0.0,6.320626000000008,10.971824681779607,0.0
6.571537000000006,13.559095577766113,0.0,6.589496000000007,10.014909470435162,0.0
6.819989000000008,12.866170002274995,0.0,6.828636000000008,9.482473704335778,0.0
7.07417200000001,12.435034068052408,0.0,7.067983000000005,9.199044805644474,0.0
7.315237000000011,12.15126312649657,0.0,7.318662000000007,9.05805280923819,0.0
7.576381000000015,11.894795759797393,0.0,7.567944000000008,8.964613402121106,0.0
7.8196430000000134,11.516631882366914,0.0,7.813393000000008,8.806734604576844,0.0
8.068828000000014,10.980442164625357,0.0,8.05787300000001,8.534909798899067,0.0
8.322125000000016,10.314827923123039,0.0,8.300799000000007,8.154908463271774,0.0
8.553148000000022,9.544078561500312,0.0,8.550114000000011,7.698276048027774,0.0
8.81181300000002,8.699606580976655,0.0,8.79927100000002,7.176849789648286,0.0
9.04663200000002,7.841716939873116,0.0,9.04319700000002,6.6063160285149936,0.0
9.303716000000025,7.029147881496851,0.0,9.296923000000023,6.023055567245214,0.0
9.537071000000024,6.287348364221467,0.0,9.545348000000027,5.464091608862223,0.0
9.786126000000024,5.6305730761731425,0.0,9.793274000000034,4.948230906407282,0.0
10.031674000000022,5.060468919239806,0.0,10.053723000000025,4.486782833521124,0.0
10.296118000000027,4.5645040929415766,0.0,10.297715000000029,4.0858703321503995,0.0
10.527966000000028,4.1276383630592886,0.0,10.536344000000039,3.7410547910003875,0.0
10.780368000000033,3.7428715627758384,0.0,10.787842000000042,3.445019032736554,0.0
11.033571000000034,3.417051222504381,0.0,11.04679200000005,3.1896898358960284,0.0
11.275554000000042,3.1608899173459943,0.0,11.279698000000053,2.9671225531831387,0.0
11.521820000000039,2.9836001987200316,0.0,11.529680000000052,2.7656550542790623,0.0
11.764137000000037,2.884015064092107,0.0,11.773456000000056,2.5680904201465715,0.016008537886872978
12.023640000000034,2.8430252774970777,0.0,12.024165000000062,2.3629651187658363,0.07443970117395947
12.264761000000036,2.827942300085291,0.0,12.280213000000062,2.1535681581912156,0.16693347563144792
12.507138000000037,2.809667385618504,0.0,12.51325000000007,1.9520931256380678,0.26280683030949836
12.759059000000043,2.7754237911007427,0.0,12.762630000000073,1.768208192142643,0.377356812522234
13.029695000000043,2.7271056700096112,0.0,13.012272000000076,1.6071472831555322,0.5031127712557809
13.259699000000051,2.6760815692441513,0.0,13.259194000000074,1.4722373634060792,0.6226431874777658
13.506084000000051,2.63782608015001,0.0016008537886873229,13.512772000000083,1.3665548746688578,0.7471540377090004
13.746073000000049,2.626040283488329,0.004002134471718265,13.748247000000077,1.292631261729428,0.8759338313767342
13.997984000000049,2.6447818727863277,0.0,13.997780000000077,1.2536812544436389,0.9143543223052294
14.245998000000046,2.681446464151412,0.0,14.25221300000008,1.2560114044887196,0.9103521878335111
14.486238000000046,2.7113668594041265,0.0,14.497734000000088,1.3047819198417943,0.8607257203842048
14.741152000000056,2.7141078043473508,0.0,14.74060500000008,1.3969474187519773,0.7085556741373178
14.978725000000061,2.6841779863462545,0.0,14.986609000000078,1.5146969576663198,0.582799715403771
15.233541000000063,2.6281500589863316,0.004002134471718265,15.23000800000008,1.6308724429945762,0.48443614372109567
15.479556000000057,2.5564788485354333,0.020811099252934864,15.48657000000008,1.7223935760678064,0.41097474208466733
15.723532000000061,2.479636144324573,0.04002134471718249,15.734496000000089,1.77796927653197,0.36864105300604766
15.985244000000069,2.4065245310327965,0.060032017075773735,15.970798000000094,1.7980165731420836,0.3524546424759871
16.221258000000077,2.3416863340944376,0.08244397011739592,16.222397000000097,1.7912616694218535,0.3574350764852366
16.47072300000007,2.281362114902375,0.10325506937033087,16.471608000000092,1.7704069601666175,0.3761117040199217
16.72072600000005,2.2160544623183664,0.13127001067235855,16.718636000000075,1.7481105288456538,0.3898078975453575
16.96323700000003,2.137174437340935,0.17564923514763428,16.96797900000005,1.730188628671708,0.4047491995731056
17.213681000000026,2.0413385202549685,0.2229633582355034,17.21650600000005,1.709959521980816,0.42591604411241557
17.463085000000028,1.9303754099607102,0.26654215581643537,17.46653600000003,1.6749251811675985,0.45704375667022423
17.701033000000027,1.8096134424610137,0.3424937744574884,17.711990000000032,1.6167935456888776,0.4906616862326574
17.956031000000028,1.68849371401635,0.442102454642476,17.959566000000017,1.5363523318421723,0.5603877623621486
18.20702300000002,1.5791177605523439,0.5292600498043402,18.202567000000005,1.4417728687112863,0.6537709000355746
18.44197500000001,1.494253250660342,0.5989861259338314,18.457380000000004,1.34258931812031,0.7969583778014941
18.692449,1.444471807932774,0.6525257915332622,18.71836799999999,1.2479586347441913,0.917556029882604
18.947431999999992,1.4342634223655226,0.6649768765563857,18.957203999999997,1.164847435787623,0.9999999999999999
19.20341999999998,1.458766199410377,0.633849163998577,19.191681999999997,1.0984850047760186,0.9999999999999999
19.44145999999996,1.5057700059143997,0.5877801494130203,19.439728,1.0504033030335398,0.9999999999999999
19.685913999999958,1.5637567081897734,0.542956243329776,19.693189999999994,1.0208759974976684,0.9999999999999999
19.937442999999956,1.6283493653081793,0.4856812522234081,19.931578,1.0087288017064315,0.9999999999999999
20.181384999999942,1.702291522450723,0.43214158662397717,20.183061999999982,1.0103991949602134,0.9999999999999999
20.432745999999934,1.7891470650034984,0.3599252934898612,20.427123999999964,1.0207171894154226,0.9999999999999999
20.683397999999933,1.8862985936026335,0.2901992173603699,20.67455699999996,1.0370118030288398,0.9999999999999999
20.923673999999924,1.9823578577631096,0.250355745286375,20.93517399999994,1.0578354094250806,0.9999999999999999
21.198546999999916,2.059667539732305,0.21673781572394166,21.174488999999934,1.082216335580473,0.9999999999999999
21.421539999999908,2.1004108692178,0.19557097118463182,21.431423999999918,1.1101232559587695,0.9999999999999999
21.666689999999896,2.093540431040041,0.19681607968694412,21.668009999999896,1.1433542486113288,0.9999999999999999
21.915065999999893,2.039989694646659,0.22669868374244043,21.924387999999873,1.1859023918571,0.9823906083244396
22.159018999999876,1.9553916198392676,0.26031661330487377,22.162276999999868,1.2433985249685295,0.9231590181430095
22.403777999999875,1.865317546490068,0.30140519388118103,22.407270999999856,1.3210905563453386,0.8355567413731769
22.658714999999876,1.7966887228944848,0.3536997509782996,22.657746999999844,1.42133476153062,0.6861437210956955
22.901121999999866,1.767021649235521,0.377356812522234,22.904722999999823,1.5413115966637971,0.5603877623621486
23.15228799999986,1.775606040661615,0.36988616150835996,23.15094799999982,1.6706272374531657,0.46077908217716124
23.396222999999846,1.8046444323611066,0.3462290999644254,23.406422999999798,1.7929677478467487,0.3561899679829242
23.658854999999843,1.8272933721312263,0.326307363927428,23.64802399999978,1.8918344799755002,0.2864638918534329
23.891895999999832,1.8183179519720083,0.33377801494130205,23.89199299999975,1.9583191529894777,0.25782639630024906
24.138778999999833,1.7679568084377815,0.377356812522234,24.14198799999974,1.9944212059929602,0.24413020277481323
24.393714999999823,1.6876161471290416,0.4445926716471007,24.391978999999704,2.0099954457374283,0.2391497687655638
24.6380469999998,1.6030529434859726,0.5068480967627179,24.635552999999675,2.0148670349953957,0.2379046602632515
24.884057999999794,1.5395343166859816,0.5603877623621486,24.885547999999652,2.0125610155070452,0.2379046602632515
25.124005999999795,1.5088470622719592,0.586535040910708,25.136175999999654,1.9995685969995594,0.24163998577018853
25.373135999999796,1.5054726394089273,0.5877801494130203,25.380495999999642,1.9712229108848938,0.2516008537886873
25.62310999999978,1.5109982649001086,0.586535040910708,25.63292799999963,1.9289491712320284,0.26654215581643537
25.878272999999766,1.5061954364092438,0.5877801494130203,25.880123999999608,1.8816628744940547,0.2901992173603699
26.115607999999767,1.4783938681257358,0.6164176449662041,26.121311999999598,1.8400575824575611,0.3163464959089292
26.375312999999764,1.4238551508519743,0.6836535040910708,26.392060999999572,1.8108460914863866,0.3412486659551761
26.616588999999756,1.3491840084187354,0.7770366417644968,26.621241999999548,1.793040516831533,0.3561899679829242
26.86772699999973,1.2695762051777693,0.9023479188900746,26.86770399999954,1.7790885503447869,0.36615083600142295
27.117693999999727,1.201589088300423,0.9671824973319103,27.11528399999955,1.7593176471290293,0.3798470295268588
27.36511399999973,1.1576464940470534,0.9999999999999999,27.361988999999546,1.727105328210262,0.4084845250800426
27.605722999999717,1.1435747798511513,0.9999999999999999,27.61285399999954,1.6812469521978164,0.4520633226609747
27.852718999999716,1.1573513352001974,0.9999999999999999,27.858254999999517,1.623665705761664,0.4869263607257204
28.098483999999715,1.1895399992446354,0.9799893276414087,28.10114499999951,1.5573292464408768,0.5466915688367129
28.345418999999705,1.2272905135634868,0.9383671291355389,28.353193999999494,1.4858717371801504,0.6064567769477055
28.59061799999968,1.2581876146347293,0.9095517609391675,28.59870999999949,1.413747120599487,0.6961045891141943
28.846111999999668,1.2734865090825724,0.8967449306296691,28.855649999999475,1.3469786535231565,0.782017075773746
29.089586999999653,1.269744663309522,0.9023479188900746,29.09403299999946,1.2934510337541547,0.8743329775880468
29.338601999999643,1.249717562334222,0.9167556029882603,29.341438999999447,1.2657108123253544,0.9055496264674493
29.583938999999653,1.2234023767022524,0.9415688367129135,29.609505999999445,1.2769625338187,0.8903415154749198
29.83791399999964,1.2071413219950187,0.9583778014941301,29.839493999999444,1.3320993012240274,0.8193703308431165
30.088325999999626,1.2137262067392607,0.9503735325506937,30.083323999999443,1.425430627440912,0.6824083955887585
30.322368999999618,1.244011163394739,0.9215581643543223,30.337532999999446,1.5424029686422038,0.5591426538598363
30.5773609999996,1.2897719858666816,0.8783351120597651,30.578022999999444,1.6638212089554865,0.46575951618641054
30.83183199999959,1.3419196306020373,0.799448594806119,30.823984999999436,1.7673599416249945,0.377356812522234
31.067323999999587,1.3931313567655037,0.7147812166488794,31.074488999999414,1.8300713935908768,0.3250622554251156
31.34061499999959,1.4376193354232223,0.6612415510494487,31.320390999999404,1.8342322186140905,0.3200818214158663
31.57134699999959,1.4692185670928848,0.6238882959800783,31.56897199999938,1.775318433633816,0.36988616150835996
31.816878999999584,1.4833245220934739,0.6089469939523301,31.817494999999372,1.6677803479977817,0.46326929918178583
32.06296299999957,1.480515504960786,0.6139274279615795,32.05982199999936,1.5374159069436903,0.5603877623621486
32.30728799999958,1.470221059792782,0.6226431874777658,32.31219399999936,1.4079279555962332,0.6985948061188189
32.55625899999956,1.4661346034759761,0.626378512984703,32.55714599999933,1.2925036622480337,0.8759338313767342
32.80394599999956,1.478030170425339,0.6164176449662041,32.81145099999933,1.1937440143730729,0.9759871931696904
33.05145499999954,1.504181473703579,0.5877801494130203,33.05544899999936,1.107868497995383,0.9999999999999999
33.29790399999954,1.5345322259697187,0.5603877623621486,33.29861699999935,1.0308632326996612,0.9999999999999999
33.54319799999955,1.5645756223902,0.542956243329776,33.549467999999344,0.9618529195298935,0.9999999999999999
33.79280099999955,1.6043254114325955,0.5068480967627179,33.79893299999933,0.9037057811009559,0.9999999999999999
34.045145999999534,1.6729836812726357,0.45704375667022423,34.06270699999931,0.8613391432018931,0.9999999999999999
34.28253999999953,1.7849350857691673,0.36241551049448595,34.2962679999993,0.8415513071352017,0.9999999999999999
34.54092299999955,1.9355044207489551,0.26654215581643537,34.5433679999993,0.8507630667830813,0.9999999999999999
34.77989699999957,2.0976986788497847,0.19557097118463182,34.78867299999931,0.8925893442248297,0.9999999999999999
35.03743499999959,2.2315776797303757,0.12326574172892212,35.036721999999294,0.9649637565043186,0.9999999999999999
35.272406999999596,2.30497329596475,0.09445037353255072,35.28165199999932,1.058648367323771,0.9999999999999999
35.52392499999959,2.3028067781211634,0.09605122732123796,35.5287219999993,1.1609870095234656,0.9999999999999999
35.76296799999961,2.2275491343058853,0.12406616862326574,35.77865999999927,1.2591319610310259,0.9087513340448239
36.01103999999962,2.097542990538579,0.19557097118463182,36.02572399999925,1.3417242061875299,0.799448594806119
36.25890499999962,1.9428400250082052,0.26405193881181077,36.27177599999925,1.4006521587690326,0.7048203486303807
36.50388699999961,1.7971824514609869,0.3524546424759871,36.52261399999923,1.4329284662601955,0.6674670935610104
36.75630699999962,1.6878391293584114,0.4433475631447884,36.775194999999215,1.4407595810440401,0.6537709000355746
37.00295799999963,1.6253300114559819,0.4869263607257204,37.02424499999921,1.4331847933376611,0.6674670935610104
37.25218599999966,1.6013910983860413,0.5080932052650303,37.27611899999922,1.4217939384153755,0.6848986125933831
37.49577799999969,1.595168935879561,0.5130736392742796,37.514057999999245,1.4150620146558857,0.6961045891141943
37.75057699999969,1.583493039085766,0.5267698327997155,37.75288899999927,1.4150596234737498,0.6961045891141943
37.99673499999969,1.5519679077946376,0.5516720028459623,38.00142099999928,1.4184596583643936,0.6886339381003203
38.24263199999967,1.5009522781151758,0.594005691924582,38.25206999999929,1.419180752610505,0.6886339381003203
38.485902999999674,1.439811306831929,0.6562611170401992,38.50137399999927,1.4120184644493183,0.6973496976165066
38.73781099999969,1.3781203434783467,0.7359480611881895,38.75469199999929,1.3926443427089255,0.7147812166488794
38.99845599999968,1.3210370944987124,0.8355567413731769,38.99659999999927,1.358860083538624,0.7608502312344362
39.22727599999966,1.269607586431511,0.9023479188900746,39.24170699999926,1.3133967262133268,0.853521878335112
39.489136999999644,1.222529498688269,0.9439701173959445,39.487736999999264,1.261780763791866,0.9079509071504801
39.72318999999967,1.1794335871902524,0.9895944503735324,39.73916099999925,1.2095619801709092,0.9559765208110992
39.97881899999966,1.1410555059566612,0.9999999999999999,39.98966399999925,1.1609087183295776,0.9999999999999999
40.22278599999969,1.1076691315251423,0.9999999999999999,40.23094199999927,1.1187542562840345,0.9999999999999999
40.4627529999997,1.0793979436314594,0.9999999999999999,40.48088099999924,1.085756007890281,0.9999999999999999
40.7166699999997,1.0560140561331326,0.9999999999999999,40.72166399999923,1.0629872656054875,0.9999999999999999
40.9626129999997,1.0392349658385427,0.9999999999999999,40.974830999999234,1.047964208913121,0.9999999999999999
41.20568999999968,1.0320981955277435,0.9999999999999999,41.21918399999922,1.0357177880143162,0.9999999999999999
41.45521799999966,1.0409756556989729,0.9999999999999999,41.47276099999921,1.0204330863606037,0.9999999999999999
41.701707999999655,1.071641930498346,0.9999999999999999,41.730711999999215,0.9971362919102293,0.9999999999999999
41.95366399999967,1.1250825257557873,0.9999999999999999,41.964234999999206,0.9656332353032422,0.9999999999999999
42.207133999999684,1.196995961331429,0.9719850586979721,42.20782699999921,0.928828411814539,0.9999999999999999
42.43956299999967,1.2779208225411054,0.8903415154749198,42.453891999999186,0.8919829637985264,0.9999999999999999
42.72163799999969,1.355846680095088,0.763340448239061,42.707740999999196,0.86138927012938,0.9999999999999999
42.94271599999969,1.4200997950527665,0.6861437210956955,42.9521909999992,0.8440285712862269,0.9999999999999999
43.2017799999997,1.4633641623594307,0.6301138384916399,43.20546699999921,0.8430299093459312,0.9999999999999999
43.437111999999686,1.4806856105912556,0.6139274279615795,43.446948999999194,0.8527857308020602,0.9999999999999999
43.685137999999725,1.471904243966493,0.6226431874777658,43.6998079999992,0.8628949138216946,0.9999999999999999
43.933618999999744,1.444699308921641,0.6525257915332622,43.95241199999921,0.8643436058935305,0.9999999999999999
44.185122999999756,1.4118858878102265,0.6973496976165066,44.1989549999992,0.8533320603393244,0.9999999999999999
44.42587099999974,1.3838908390448017,0.7322127356812522,44.439269999999205,0.8310995263271957,0.9999999999999999
44.68092399999975,1.363436372170709,0.7546246887228745,44.68680799999922,0.8035142317319884,0.9999999999999999
44.925729999999746,1.3455429880206449,0.7869975097829954,44.945792999999234,0.7792539214559564,0.9999999999999999
45.17430499999976,1.3222860995096368,0.8330665243685523,45.176288999999244,0.769262704094306,0.9999999999999999
45.42221099999976,1.287804026735247,0.8791355389541088,45.423296999999245,0.7859272713207635,0.9999999999999999
45.66426999999975,1.239869699551703,0.9263607257203842,45.669770999999265,0.8405119039118916,0.9999999999999999
45.90924199999975,1.179915771901647,0.9895944503735324,45.920257999999244,0.9380731048644328,0.9999999999999999
46.154335999999745,1.112661548328322,0.9999999999999999,46.169649999999265,1.069051919586741,0.9999999999999999
46.400755999999774,1.0447240161881417,0.9999999999999999,46.421854999999276,1.209453144465827,0.9559765208110992
46.6742929999998,0.9832794039962398,0.9999999999999999,46.66493999999928,1.3357149146147147,0.8081643543223053
46.90478999999979,0.9355300492178845,0.9999999999999999,46.91978299999926,1.438563442489596,0.658751334044824
47.14927799999982,0.9088629774062259,0.9999999999999999,47.16731299999928,1.5255412487947533,0.5703486303806475
47.39471299999981,0.9096598747673059,0.9999999999999999,47.40727499999931,1.6105372124004622,0.4943970117395944
47.63893099999979,0.9403252076474523,0.9999999999999999,47.66540399999932,1.7053734023020268,0.42716115261472787
47.88927099999979,0.9964226307441257,0.9999999999999999,47.912486999999324,1.8118001915972255,0.3400035574528638
48.1377799999998,1.06630703320124,0.9999999999999999,48.16084099999932,1.9123846478872808,0.27152258982568483
48.38331899999982,1.1372089011164364,0.9999999999999999,48.39792099999934,1.9770830060370326,0.250355745286375
48.63439799999981,1.200989194065663,0.9671824973319103,48.648729999999354,1.9837500472803393,0.250355745286375
48.87514099999977,1.255643648323877,0.9119530416221984,48.88727099999936,1.9287111283460738,0.26654215581643537
49.12774099999977,1.3029382052605794,0.8639274279615795,49.13473299999937,1.8268133083374534,0.326307363927428
49.378599999999764,1.3417852150768894,0.799448594806119,49.40067199999939,1.7017023442317285,0.43214158662397717
49.62648499999976,1.3694087729626427,0.7446638207043758,49.6313129999994,1.5775764977091595,0.5305051583066525
49.87901399999978,1.3836213649040476,0.7322127356812522,49.883831999999394,1.4711533489458213,0.6226431874777658
50.121689999999816,1.3841090330465584,0.7322127356812522,50.12575899999943,1.3919794971329624,0.7172714336535041
50.36556099999982,1.3764107374213328,0.7359480611881895,50.3796649999994,1.3409510346868898,0.8006937033084313
50.606119999999805,1.3702019262763236,0.7434187122020635,50.6225639999994,1.3131799031757496,0.853521878335112
50.86672899999978,1.376256171358409,0.7359480611881895,50.87346799999941,1.3026823055425654,0.8639274279615795
51.10463999999979,1.402461415100339,0.7023301316257561,51.113426999999426,1.3059667534834705,0.8591248665955175
51.36122099999979,1.45106754361174,0.6400747065101388,51.369423999999434,1.3200983194209925,0.8380469583778015
51.60958499999981,1.5162729470888718,0.5803094983991461,51.62239899999942,1.342317017189248,0.7982034863038067
51.8516739999998,1.5817652875313732,0.5267698327997155,51.859817999999414,1.3681376372283895,0.7446638207043758
52.09506399999976,1.6233133241151942,0.4869263607257204,52.114413999999414,1.392046011838591,0.7160263251511918
52.351711999999765,1.622567740182364,0.4869263607257204,52.35552699999941,1.4101641256133846,0.6985948061188189
52.590143999999746,1.582942661067147,0.5267698327997155,52.62192399999941,1.4224732782106635,0.6848986125933831
52.84528299999973,1.5264449856878122,0.5691035218783351,52.852443999999444,1.4288713729229432,0.677427961579509
53.09613199999972,1.4790918199050571,0.6151725364638918,53.10105499999944,1.4281686488998715,0.6786730700818215
53.34093699999971,1.459965462563546,0.6313589469939523,53.344324999999436,1.4176663099463211,0.6936143721095696
53.5851799999997,1.476992825985534,0.6164176449662041,53.60363999999945,1.3970043460136057,0.7085556741373178
53.82758299999971,1.5270787758451032,0.5678584133760227,53.83815599999948,1.3733794358784204,0.7371931696905017
54.07864799999972,1.5988526766596522,0.5118285307719672,54.090730999999494,1.3578711895482711,0.7620953397367485
54.34296199999974,1.6771974164916723,0.45704375667022423,54.332077999999484,1.360040174344826,0.7596051227321239
54.572911999999725,1.7466379758851174,0.3898078975453575,54.59007799999948,1.3834766412601955,0.7322127356812522
54.817405999999735,1.7938526360707183,0.3549448594806119,54.83350999999946,1.42381179110281,0.6836535040910708
55.07094899999972,1.8131721136436336,0.33875844895055135,55.079160999999466,1.469969219503116,0.6226431874777658
55.320818999999716,1.8094299698791065,0.3424937744574884,55.33259199999942,1.5086321407876986,0.586535040910708
55.56731299999973,1.7901679256900977,0.3586801849875489,55.570386999999435,1.5301985856466913,0.5628779793667734
55.825843999999734,1.7597497578230086,0.3798470295268588,55.81953099999943,1.5308349748826735,0.5616328708644611
56.05971499999974,1.7176394418908016,0.41720028459622904,56.064361999999456,1.5134049589583367,0.5840448239060834
56.31836199999975,1.662307960507844,0.46575951618641054,56.32550699999944,1.4853195650414763,0.6064567769477055
56.55492999999974,1.597275173117227,0.5130736392742796,56.576479999999435,1.4549361639288914,0.637584489505514
56.799393999999744,1.5317829329664736,0.5603877623621486,56.80977499999943,1.4275043354335457,0.6799181785841338
57.04600199999979,1.4769873608182922,0.6164176449662041,57.07440799999944,1.4035157170874075,0.7023301316257561
57.294309999999804,1.4403219656516837,0.6537709000355746,57.31041799999944,1.3800517967365742,0.7334578441835646
57.55186599999978,1.421320845478797,0.6861437210956955,57.56104299999945,1.3526759560190584,0.7720562077552474
57.7903219999998,1.4105478854607874,0.6985948061188189,57.80739599999945,1.3204109000777402,0.8380469583778015
58.040290999999804,1.3960384221770465,0.7110458911419424,58.053352999999454,1.2834862821449664,0.883137673425827
58.28424299999979,1.3692957444666969,0.7446638207043758,58.292858999999474,1.2411486817417823,0.9263607257203842
58.535673999999766,1.3277971972080223,0.8280860903593028,58.53783499999947,1.1926534657177694,0.9759871931696904
58.78631799999975,1.2744873616111416,0.8967449306296691,58.78827599999948,1.1391433857144648,0.9999999999999999
59.02419599999977,1.215660237343771,0.9479722518676627,59.03712899999947,1.084631706287238,0.9999999999999999
59.285619999999774,1.1583405220745924,0.9999999999999999,59.28633099999947,1.0355430497404017,0.9999999999999999
59.518778999999775,1.1077625762829757,0.9999999999999999,59.53633899999952,0.9988650096406559,0.9999999999999999
59.77038699999979,1.0654204368182432,0.9999999999999999,59.778194999999535,0.978434023719806,0.9999999999999999
60.01625299999979,1.0304417256601204,0.9999999999999999,60.03573699999953,0.9727806808478048,0.9999999999999999
60.266711999999785,1.0014997282079912,0.9999999999999999,60.29112399999952,0.9771489149776137,0.9999999999999999
60.51669699999976,0.978335657525102,0.9999999999999999,60.52258999999954,0.9853734854411811,0.9999999999999999
60.77029799999977,0.9644519792959393,0.9999999999999999,60.768070999999544,0.9904165284934865,0.9999999999999999
61.01106799999978,0.9679971805163273,0.9999999999999999,61.01613199999954,0.9861434182017134,0.9999999999999999
61.259380999999784,0.9990754619011147,0.9999999999999999,61.261081999999526,0.9701246581325854,0.9999999999999999
61.50242899999978,1.061574707955115,0.9999999999999999,61.51436999999952,0.9448564957719903,0.9999999999999999
61.74671899999978,1.14641707443198,0.9999999999999999,61.757765999999506,0.9155512572987781,0.9999999999999999
62.012879999999804,1.2343889248483588,0.9287620064034151,62.00773099999951,0.8906802344723742,0.9999999999999999
62.24590899999982,1.3065237197979516,0.8591248665955175,62.26370799999952,0.8806699649266777,0.9999999999999999
62.493333999999834,1.3496758607645496,0.7757915332621843,62.50037199999954,0.8959261482012465,0.9999999999999999
62.73944599999985,1.3581223019528463,0.7620953397367485,62.758171999999554,0.9451779127201949,0.9999999999999999
62.985133999999846,1.3350401737587343,0.8106545713269299,62.99930999999953,1.0307931426442145,0.9999999999999999
63.23458699999986,1.2893782539660963,0.8791355389541088,63.25092999999952,1.1386601195332522,0.9999999999999999
63.48293499999987,1.232264604758639,0.9303628601921025,63.49185099999951,1.2406522540098153,0.9263607257203842
63.72790899999987,1.1730179771380367,0.9935965848452507,63.74025299999955,1.316301747403953,0.8503201707577374
63.98240399999987,1.1174332681923393,0.9999999999999999,63.99395799999955,1.363902282858952,0.7533795802205622
64.22027699999987,1.0698038734437856,0.9999999999999999,64.23486299999955,1.3945300583049198,0.7135361081465671
64.46907299999987,1.0348207330403612,0.9999999999999999,64.48019199999959,1.418563491451652,0.6886339381003203
64.71825599999988,1.0157970875394506,0.9999999999999999,64.75010099999959,1.4399922553039588,0.6537709000355746
64.97061799999989,1.011393620534491,0.9999999999999999,64.9782979999996,1.4578428755755033,0.633849163998577
65.22113099999989,1.0130232847623808,0.9999999999999999,65.2226139999996,1.464790094801772,0.6276236214870153
65.46113599999987,1.0096258722655536,0.9999999999999999,65.47702699999964,1.451914875966,0.6388295980078263
65.70842999999988,0.9944267805050283,0.9999999999999999,65.72010999999964,1.4156381446787611,0.6961045891141943
65.95532299999986,0.9683606426371963,0.9999999999999999,65.97054599999966,1.3610044240698613,0.7583600142298116
66.20182499999991,0.9378561521765038,0.9999999999999999,66.21488999999967,1.2976413929000488,0.8727321237993596
66.45991499999992,0.9115194981796951,0.9999999999999999,66.46659299999966,1.233820985890275,0.9287620064034151
66.70322399999996,0.8971696652144034,0.9999999999999999,66.71121799999965,1.1753074646713713,0.9919957310565634
66.94884499999999,0.8984319070728374,0.9999999999999999,66.95311199999965,1.1260303245345022,0.9999999999999999
67.19439599999997,0.9126229919483506,0.9999999999999999,67.20463899999969,1.09046268172671,0.9999999999999999
67.44075900000001,0.9314428731216564,0.9999999999999999,67.45007399999976,1.0760224122340336,0.9999999999999999
67.688198,0.946350926124028,0.9999999999999999,67.69747799999976,1.0950437435914107,0.9999999999999999
67.935731,0.9534581803073481,0.9999999999999999,67.95048799999982,1.1599356578805857,0.9999999999999999
68.18479100000006,0.95494328449227,0.9999999999999999,68.18901999999981,1.2709120794075797,0.8991462113127
68.43479000000006,0.9574421386995859,0.9999999999999999,68.44108399999985,1.4123662797550414,0.6973496976165066
68.68202500000008,0.9683492706294159,0.9999999999999999,68.69206399999989,1.5624739031001378,0.5442013518320883
68.93007000000011,0.9911767595769583,0.9999999999999999,68.9604169999999,1.7029447189529763,0.43089647812166487
69.17603900000012,1.0235714374955276,0.9999999999999999,69.1844489999999,1.8210662614051172,0.3312877979366773
69.42844900000016,1.0580877509054754,0.9999999999999999,69.42934399999993,1.9101988158863838,0.27276769832799713
69.6853370000002,1.0860603387489844,0.9999999999999999,69.67757699999996,1.9714695201207222,0.2516008537886873
69.91630400000021,1.1031225081805123,0.9999999999999999,69.936601,2.0122981104705375,0.2379046602632515
70.16140000000024,1.1105326002347287,0.9999999999999999,70.18221999999996,2.0439990972441535,0.2229633582355034
70.41023900000027,1.1126223215221736,0.9999999999999999,70.42050799999993,2.0782398488587988,0.20926716471006762
70.6562660000003,1.1133839702145327,0.9999999999999999,70.66945499999999,2.120146181878247,0.18187477765919602
70.90376900000027,1.1171070077161604,0.9999999999999999,70.91944800000005,2.1603899975677727,0.16319815012451078
71.1518180000003,1.1258095018480123,0.9999999999999999,71.16280300000008,2.17967087532451,0.14887940234791885
71.40338600000034,1.1373645558061323,0.9999999999999999,71.42150500000014,2.1593639348131077,0.16319815012451078
71.64245200000033,1.149844231360686,0.9999999999999999,71.65777100000014,2.0900828286835766,0.19930629669156885
71.8995290000003,1.162480890557027,0.9999999999999999,71.90134200000013,1.9741652027628032,0.2516008537886873
72.14254800000035,1.1749253397914554,0.992796157950907,72.15705000000015,1.8258700590605639,0.326307363927428
72.3919680000004,1.1851390393558106,0.9831910352187833,72.4194120000001,1.6655316225677066,0.46451440768409824
72.64249000000038,1.1882402160959407,0.9799893276414087,72.66147300000011,1.5128954729723025,0.5840448239060834
72.89075700000038,1.1778476841719645,0.9919957310565634,72.8977910000001,1.380549334692079,0.7334578441835646
73.13689500000037,1.1481959874729062,0.9999999999999999,73.14364600000012,1.2707973593507764,0.9007470651013874
73.38637100000037,1.0985591242138137,0.9999999999999999,73.39570700000013,1.1791377347208918,0.9895944503735324
73.63166800000039,1.036516609255661,0.9999999999999999,73.64197600000013,1.1051324470104382,0.9999999999999999
73.87162600000038,0.9755375297061869,0.9999999999999999,73.89196600000011,1.0603236620060386,0.9999999999999999
74.1202160000004,0.9290034371758937,0.9999999999999999,74.13333500000019,1.0642326253175574,0.9999999999999999
74.37127600000036,0.9089824450057032,0.9999999999999999,74.38128700000021,1.1308202223019765,0.9999999999999999
74.61741600000043,0.9268823483472882,0.9999999999999999,74.6284390000002,1.2559707249430416,0.9111526147278548
74.86381600000048,0.9930660628329777,0.9999999999999999,74.8758950000002,1.4143908515589976,0.6961045891141943
75.11239100000047,1.109892208834911,0.9999999999999999,75.12855200000021,1.5703361679643253,0.5354855923159019
75.35975300000054,1.263059296521222,0.9079509071504801,75.3717390000002,1.691492935044701,0.4396122376378514
75.60166900000053,1.4204826354227467,0.6861437210956955,75.63669300000026,1.7564082187257126,0.3823372465314835
75.85692100000058,1.543023130431904,0.557897545357524,75.86716100000028,1.7542128559124945,0.3848274635361082
76.10914300000056,1.6080554441220902,0.4993774457488439,76.11074500000026,1.684675274225545,0.445837780149413
76.34718600000059,1.6130660627236042,0.4931519032372821,76.36830000000027,1.561597595692134,0.5442013518320883
76.60266600000065,1.5687886385992769,0.5379758093205265,76.6158270000003,1.4124209193214217,0.6973496976165066
76.8502320000006,1.4929106871789106,0.601476342938456,76.85196000000035,1.2669267942267748,0.9055496264674493
77.09904000000056,1.4050905195512644,0.7023301316257561,77.11166600000041,1.1445427526243193,0.9999999999999999
77.35654700000059,1.3227305177136157,0.8318214158662397,77.35653500000045,1.052889859403978,0.9999999999999999
77.59622900000059,1.2570204296599292,0.9095517609391675,77.59341000000047,0.9942588150405954,0.9999999999999999
77.83273800000062,1.2113440744241886,0.9543756670224118,77.84585100000051,0.9689953305056042,0.9999999999999999
78.08076800000065,1.1829332081494226,0.9871931696905015,78.09544800000057,0.9750505638153819,0.9999999999999999
78.33373300000058,1.1664783536895855,0.9999999999999999,78.33257500000059,1.0068089238022115,0.9999999999999999
78.57717700000062,1.1583630732107948,0.9999999999999999,78.58849700000053,1.0529934372574068,0.9999999999999999
78.82167600000064,1.160030944989685,0.9999999999999999,78.84099600000057,1.0963646422618203,0.9999999999999999
79.07075100000067,1.175749650104608,0.9919957310565634,79.08305200000052,1.126338616426652,0.9999999999999999
79.32156900000065,1.2067160934927066,0.9591782283884738,79.33606800000051,1.1448787896516697,0.9999999999999999
79.56718600000067,1.2481369681156824,0.917556029882604,79.57898800000054,1.166054560230862,0.9999999999999999
79.81219200000073,1.2918610831632305,0.8759338313767342,79.82544500000053,1.205282249015012,0.960779082177161
80.06675300000076,1.3304165935987335,0.8231056563500534,80.0892590000005,1.2750740493331871,0.8967449306296691
80.31258600000078,1.3588957568373476,0.7608502312344362,80.31916700000052,1.3823057389516067,0.7322127356812522
80.56368300000078,1.3762937484288458,0.7359480611881895,80.56560500000052,1.5204791270890425,0.5753290643898968
80.79847600000082,1.3864938947784942,0.7272323016720029,80.8272530000006,1.6722456055945354,0.45828886517253653
81.0565250000008,1.3937981591771695,0.7147812166488794,81.06070400000058,1.817831839266708,0.33377801494130205
81.30006500000083,1.4010475213414002,0.7048203486303807,81.31669300000058,1.9402385399629944,0.26529704731412307
81.5483910000008,1.4071384489132372,0.6998399146211314,81.5557760000006,2.0228658461311024,0.23167911775168976
81.79051500000081,1.4088943381596881,0.6985948061188189,81.80149500000063,2.0523974507403797,0.2192280327285664
82.04281700000082,1.4032306498964056,0.7023301316257561,82.05057200000064,2.027973374876833,0.22918890074706516
82.3062760000009,1.3899322156152998,0.7210067591604412,82.29314900000057,1.9644921240195612,0.254091070793312
82.5377620000009,1.374374639782602,0.7371931696905017,82.54245400000059,1.8881273653187862,0.2889541088580576
82.79158700000089,1.3666403972897871,0.7471540377090004,82.7924690000006,1.8251386092406763,0.326307363927428
83.02462000000095,1.3786329796727022,0.7347029526858769,83.04099900000055,1.788626105318722,0.3599252934898612
83.28507400000093,1.419389893457604,0.687388829598008,83.29295400000055,1.7755956619300037,0.36988616150835996
83.52620900000096,1.4916981878898739,0.6027214514407685,83.53736600000056,1.771843030557053,0.3761117040199217
83.77669600000098,1.5906911549807228,0.5143187477765919,83.78944000000061,1.7691009343976076,0.3761117040199217
84.01474100000101,1.7029859107093326,0.43089647812166487,84.02987600000066,1.7725634307145328,0.3748665955176094
84.26856800000107,1.8082842398523042,0.3424937744574884,84.2790690000006,1.7949946092608517,0.3536997509782996
84.51468700000106,1.8852121759996168,0.2901992173603699,84.5248320000006,1.8483723185795358,0.30887584489505515
84.76918500000103,1.9203915669742646,0.2690323728210601,84.77759600000064,1.9321439624856296,0.26654215581643537
85.02804100000105,1.9188082826066082,0.2690323728210601,85.02443300000066,2.0292595670239795,0.22794379224475272
85.25740500000107,1.9024389342824266,0.2814834578441836,85.26631700000065,2.112661382402278,0.18561010316613305
85.50900500000111,1.89718289938375,0.2852187833511206,85.52023200000072,2.1606522132466353,0.16195304162219848
85.75450500000112,1.9195834632885858,0.2690323728210601,85.76732900000074,2.1703858920573635,0.15697260761294915
86.00397400000108,1.9697204318978645,0.2516008537886873,86.0113110000008,2.1547147967257625,0.16693347563144792
86.25536400000111,2.0338772978605046,0.22794379224475272,86.2571380000008,2.1305040906234547,0.17938456065457128
86.49491600000104,2.0914730764589526,0.19806118818925655,86.5071310000008,2.108875268039058,0.18685521166844535
86.73793900000108,2.1236316855381707,0.18062966915688358,86.75068400000077,2.093017630100185,0.19681607968694412
86.99334700000112,2.1181721586739455,0.18436499466382075,87.00037400000079,2.0831439444638127,0.20428673070081815
87.23620800000113,2.072991589636256,0.21175738171469222,87.24562900000078,2.077888872270313,0.20926716471006762
87.48862500000114,1.9970758018379047,0.24413020277481323,87.49563300000081,2.075309307451496,0.20926716471006762
87.7282200000011,1.905439778813395,0.27525791533262184,87.76303100000086,2.071882484254845,0.21175738171469222
87.98040800000108,1.8127127088102588,0.3400035574528638,87.99085000000089,2.06343334061349,0.21175738171469222
88.23088700000112,1.7281863435897133,0.40599430807541803,88.25164700000093,2.047370545065255,0.221718249733191
88.47345400000118,1.6544783781307608,0.47198505869797225,88.48724300000092,2.0225875972404714,0.23167911775168976
88.73342800000124,1.5888695352657656,0.5168089647812166,88.73163400000092,1.989737967520743,0.24786552828175026
88.97578400000125,1.5261767901870371,0.5691035218783351,88.98014600000093,1.9477224851069472,0.26280683030949836
89.22141700000125,1.4632230640733506,0.6301138384916399,89.23007300000098,1.892470203499229,0.2864638918534329
89.46571800000132,1.401607114481753,0.7023301316257561,89.47577200000102,1.8216448979468791,0.3312877979366773
89.71170000000127,1.3477751775799482,0.7795268587691214,89.72629600000104,1.7382116320559977,0.398523657061544
89.98174900000126,1.3117506675728055,0.855923159018143,89.97170900000108,1.6528944679702413,0.47198505869797225
90.21271900000123,1.3028765898444492,0.8639274279615795,90.22121200000109,1.5815097037296897,0.5280149413020278
90.45753400000126,1.3201954309290334,0.8380469583778015,90.46155300000109,1.5387931610848113,0.5603877623621486
90.70205900000126,1.3468842440673932,0.782017075773746,90.71556200000116,1.525912904168311,0.5703486303806475
90.94767400000127,1.3597554334876931,0.7608502312344362,90.97577900000117,1.5265353803324513,0.5691035218783351
91.19762000000124,1.3453340060982486,0.7869975097829954,91.2057570000012,1.5139799136423295,0.5840448239060834
91.45256900000122,1.3038024451290902,0.8623265741728922,91.4531420000012,1.4701985724626079,0.6226431874777658
91.69997600000127,1.244843710054329,0.9215581643543223,91.7012170000012,1.3974300931116836,0.7085556741373178
91.9434890000013,1.1814243474979094,0.9887940234791888,91.94408600000123,1.3116813941779506,0.855923159018143
92.18703900000133,1.1252807100516105,0.9999999999999999,92.20049600000124,1.2312474959854363,0.9343649946638206
92.42968200000134,1.0845696976864265,0.9999999999999999,92.44464300000124,1.1710623488212915,0.9951974386339381
92.6994340000013,1.0623050343369986,0.9999999999999999,92.69008900000125,1.1415785812293173,0.9999999999999999
92.9329390000013,1.0560241627457287,0.9999999999999999,92.93556100000123,1.1492175150455421,0.9999999999999999
93.17857000000129,1.0613660851258602,0.9999999999999999,93.18807600000125,1.198329148997801,0.9703842049092849
93.42389200000133,1.0763207868769955,0.9999999999999999,93.43207100000126,1.2843270001370999,0.883137673425827
93.67290500000132,1.102577310681544,0.9999999999999999,93.67597900000132,1.3900420313135946,0.7197616506581287
93.91319200000135,1.1432916699162887,0.9999999999999999,93.92735200000132,1.4971663915541473,0.5964959089292067
94.16829200000137,1.198550502778262,0.9703842049092849,94.17578100000131,1.599917641294859,0.5093383137673426
94.41234900000138,1.2626293494500986,0.9079509071504801,94.42532200000134,1.700983212324723,0.43214158662397717
94.65822900000141,1.323943080287831,0.8318214158662397,94.67323000000133,1.7995093808712357,0.34996442547136253
94.90908200000146,1.3686013256511147,0.7446638207043758,94.9197230000013,1.8853876909709408,0.2901992173603699
95.1541840000014,1.3895051652608428,0.7210067591604412,95.16619300000129,1.93782213676082,0.26529704731412307
95.40753600000137,1.392557564177892,0.7147812166488794,95.42779900000123,1.935883165165869,0.26529704731412307
95.64750100000141,1.3916808602758035,0.7172714336535041,95.65778100000121,1.8754112087269523,0.29393454286730697
95.91051700000145,1.4019204345679683,0.7023301316257561,95.9052070000012,1.770357418695057,0.3761117040199217
96.14955400000144,1.4316968386553275,0.6674670935610104,96.15221100000123,1.6428681582397882,0.47821060120953407
96.40290200000145,1.4776517508049343,0.6164176449662041,96.4037170000012,1.51554971318731,0.5815546069014584
96.64392500000136,1.5261138118333282,0.5691035218783351,96.65313400000119,1.4056553374498841,0.7023301316257561
96.8916590000013,1.5630300301493174,0.5442013518320883,96.89922400000121,1.3257325071400632,0.8318214158662397
97.14367000000136,1.5825627969637996,0.5267698327997155,97.15494200000124,1.298744837285955,0.8719316969050159
97.38697000000138,1.5898770561631788,0.5143187477765919,97.38705000000124,1.364713075951166,0.7521344717182499
97.63250000000143,1.5964386440572054,0.5130736392742796,97.63652400000126,1.526571943147204,0.5691035218783351
97.88505200000142,1.6112008106927778,0.4943970117395944,97.89201600000128,1.7416270529739908,0.39478833155460696
98.12949800000143,1.6354860097002495,0.48319103521878337,98.13199500000124,1.9655835303330376,0.2528459622909996
98.37416000000144,1.6638319288615897,0.46575951618641054,98.38546400000126,2.1663422458227144,0.15821771611526145
98.62925400000145,1.6897441235112858,0.4396122376378514,98.63890100000124,2.3214742325550715,0.0880469583778015
98.86706300000144,1.710599553252773,0.42591604411241557,98.87838000000121,2.4215854505052543,0.060032017075773735
99.12716300000146,1.725943430764223,0.40972963358235504,99.12593400000122,2.4693416616365065,0.04322305229455705
99.36100500000148,1.7360847192297049,0.398523657061544,99.37191500000118,2.4696922731843896,0.04322305229455705
99.6118570000015,1.7412034061444006,0.39727854855923156,99.62590700000118,2.4224542132442104,0.060032017075773735
99.8590340000015,1.741237457266275,0.39727854855923156,99.8704850000012,2.324700092995039,0.0872465314834578
100.10086300000154,1.7346889626430422,0.402258982568481,100.11033100000122,2.1860820383394284,0.1464781216648879
100.37291400000151,1.7197710683738734,0.41595517609391675,100.36337800000123,2.0430552555736408,0.2229633582355034
100.59841000000148,1.6955934330728093,0.4358769121309142,100.60334500000121,1.9353790236041093,0.26654215581643537
100.84698100000148,1.662556914880087,0.46575951618641054,100.85264700000121,1.8701918147751408,0.297669868374244
101.09641100000148,1.621002760309196,0.4869263607257204,101.10573700000123,1.8365711413527754,0.318836712913554
101.34193700000147,1.5710304244033133,0.5354855923159019,101.34702500000121,1.8209229696002809,0.3312877979366773
101.5912450000015,1.5118017904526675,0.586535040910708,101.60283100000125,1.811013809228727,0.3412486659551761
101.83279900000149,1.4430238509990811,0.6537709000355746,101.84117600000128,1.7985218981543758,0.3524546424759871
102.08020100000148,1.366030793014689,0.7483991462113126,102.08628400000127,1.778757248109548,0.36739594450373536
102.33312200000155,1.283925260560081,0.883137673425827,102.33918100000126,1.7499605960985454,0.3885627890430452
102.57757800000161,1.2033928401475034,0.9639807897545357,102.59031800000128,1.7146853330485887,0.42093561010316616
102.8275680000016,1.1345785134121185,0.9999999999999999,102.83376300000133,1.678817723772895,0.4545535396655994
103.07121500000162,1.0887091523152832,0.9999999999999999,103.09790800000128,1.647953153612903,0.47572038420490925
103.31747500000164,1.0715650985886578,0.9999999999999999,103.32671700000128,1.6241753986545122,0.4869263607257204
103.59006200000161,1.0815750888434574,0.9999999999999999,103.5783860000013,1.601496275226106,0.5080932052650303
103.81559200000154,1.1108691118761456,0.9999999999999999,103.82396300000134,1.5691145629187844,0.5379758093205265
104.06500900000155,1.1480234234041224,0.9999999999999999,104.06986400000136,1.5204270427782727,0.5753290643898968
104.31193100000158,1.1809113142247374,0.9887940234791888,104.32098700000141,1.4596017636263325,0.6326040554962647
104.55817200000169,1.1981437707723175,0.9711846318036286,104.56397500000138,1.3959810511975015,0.7110458911419424
104.8056970000017,1.1922894455599362,0.9759871931696904,104.80828700000139,1.339463764074749,0.8019388118107436
105.06082400000169,1.1617231662113,0.9999999999999999,105.06916900000138,1.3001484681591737,0.8703308431163287
105.30662600000167,1.1115617478799824,0.9999999999999999,105.3116070000014,1.2897264081199251,0.8783351120597651
105.54867900000163,1.0520527901548102,0.9999999999999999,105.55764800000144,1.317794424139413,0.8480078263963003
105.79558200000166,0.9954638951786356,0.9999999999999999,105.80506100000147,1.3887616963394658,0.7222518676627536
106.04861200000174,0.9510497337212438,0.9999999999999999,106.04458300000147,1.4974019452393452,0.5964959089292067
106.28858500000175,0.9227705822825939,0.9999999999999999,106.30739500000148,1.6294940064423846,0.48443614372109567
106.54100100000174,0.9095179198562352,0.9999999999999999,106.54339100000149,1.7652221706007287,0.377356812522234
106.79900400000176,0.9063174025508907,0.9999999999999999,106.79139600000143,1.8823650987441447,0.2901992173603699
107.03954900000176,0.9093260454408099,0.9999999999999999,107.0414450000014,1.9588454270163154,0.25782639630024906
107.28544100000178,0.9178541356578351,0.9999999999999999,107.30888800000143,1.9776126254271236,0.250355745286375
107.52950000000179,0.9334639849725231,0.9999999999999999,107.52753000000146,1.9355734341097355,0.26529704731412307
107.78149900000182,0.9574164827642868,0.9999999999999999,107.77865500000149,1.849054236906649,0.30887584489505515
108.02386400000184,0.9872036501665615,0.9999999999999999,108.0321290000015,1.748855019163309,0.3885627890430452
108.27287500000185,1.016182537002955,0.9999999999999999,108.27549100000154,1.6640340175677615,0.46575951618641054
108.52026000000184,1.0359727431019823,0.9999999999999999,108.52168300000153,1.6087755418407974,0.4993774457488439
108.7698170000019,1.0426175569917786,0.9999999999999999,108.7685360000016,1.5829999530218228,0.5267698327997155
109.01493400000187,1.039179072882808,0.9999999999999999,109.01580600000165,1.5803647550757542,0.5292600498043402
109.26455000000189,1.0347162824578051,0.9999999999999999,109.2643150000017,1.5922225016234608,0.5130736392742796
109.50791300000195,1.0384032409908355,0.9999999999999999,109.5182900000017,1.607208554879452,0.5031127712557809
109.75977600000189,1.0537775907774143,0.9999999999999999,109.7630700000017,1.6134723143340328,0.4931519032372821
110.0003520000019,1.077079358405018,0.9999999999999999,110.00425200000174,1.604083789554748,0.5068480967627179
110.25711700000188,1.099953461521804,0.9999999999999999,110.25017200000178,1.5816904394946025,0.5267698327997155
110.4986550000019,1.1138417225729942,0.9999999999999999,110.4986430000018,1.558810453426729,0.5442013518320883
110.7479770000019,1.1142199924411325,0.9999999999999999,110.76615800000182,1.553508405252966,0.5516720028459623
110.99221000000193,1.1003442648082284,0.9999999999999999,110.9955970000018,1.5822736084034434,0.5267698327997155
111.24635900000199,1.073422494856307,0.9999999999999999,111.24172100000183,1.6512122093485107,0.47323016720028455
111.485771000002,1.03536815093825,0.9999999999999999,111.49264300000189,1.7504606303590589,0.3873176805407328
111.73536800000198,0.990442416650491,0.9999999999999999,111.74262200000184,1.8592339704899097,0.30389541088580574
111.97942900000194,0.946384114484702,0.9999999999999999,111.98444500000188,1.954499267026201,0.26156172180718607
112.23095900000197,0.9123126948192768,0.9999999999999999,112.23293400000189,2.0183651007118706,0.23416933475631446
112.47837400000196,0.8955908786873509,0.9999999999999999,112.47939200000192,2.041057923549395,0.2242084667378157
112.721714000002,0.8975057285412578,0.9999999999999999,112.724859000002,2.0240354937828813,0.23167911775168976
112.969720000002,0.9159985518484735,0.9999999999999999,112.97291100000201,1.979578236718803,0.250355745286375
113.22359500000199,0.9488444371671052,0.9999999999999999,113.22528400000206,1.9226434247671198,0.26654215581643537
113.46870200000204,0.9966758390340842,0.9999999999999999,113.46676400000209,1.863151326475842,0.30140519388118103
113.71161300000209,1.0615185922928578,0.9999999999999999,113.71934100000207,1.8076881175400983,0.3424937744574884
113.96468600000212,1.1413490413852927,0.9999999999999999,113.9762160000021,1.7647442146942351,0.377356812522234
114.20718800000213,1.2267109360663588,0.9383671291355389,114.21800300000208,1.7437006522235954,0.39478833155460696
114.46154300000214,1.3031231933207599,0.8639274279615795,114.45860800000209,1.7509277492691653,0.3873176805407328
114.70736400000212,1.3590826031766445,0.7608502312344362,114.7037440000021,1.7886043405440653,0.3599252934898612
114.95322000000209,1.3884793685288401,0.7234969761650659,114.95186900000212,1.8565535315909678,0.30514051938811815
115.2000180000021,1.390400395217036,0.7197616506581287,115.20026600000209,1.9488523748132807,0.26280683030949836
115.45652800000212,1.3706739176050218,0.7434187122020635,115.46027800000206,2.0483088760914714,0.221718249733191
115.71202800000216,1.339226454378504,0.8031839203130559,115.69662600000206,2.1285974957445046,0.17938456065457128
115.93978900000221,1.3067642476984527,0.8591248665955175,115.9401660000021,2.163206853001263,0.15946282461757375
116.18810700000222,1.2816020488756128,0.8863393810032016,116.19262000000218,2.1373105026043584,0.17564923514763428
116.45270400000221,1.267994003868787,0.903948772678762,116.43852100000217,2.052807322120196,0.2192280327285664
116.69025600000218,1.2674342066793325,0.9055496264674493,116.68315000000216,1.926209284741008,0.26654215581643537
116.93455700000224,1.2812361690765228,0.8863393810032016,116.94122300000218,1.7809848089389253,0.36366061899679836
117.18763300000231,1.3085745908930477,0.8583244397011739,117.19235000000221,1.6390945434990796,0.48070081821415866
117.4271940000023,1.343859526563979,0.7907328352899323,117.42769800000218,1.5172474103679616,0.5790643898968338
117.68651400000232,1.3781364143524177,0.7359480611881895,117.67165800000224,1.425925126162329,0.6824083955887585
117.92405100000232,1.4042723618090438,0.7023301316257561,117.92312300000228,1.3689848136538612,0.7446638207043758
118.16445500000232,1.4206726760727342,0.6861437210956955,118.17536400000236,1.3462491990492491,0.7832621842760583
118.4179660000023,1.4310089751940487,0.6687122020633227,118.43835900000235,1.3567758475593203,0.763340448239061
118.66224800000231,1.4409157726096478,0.6537709000355746,118.66580800000236,1.398310474952705,0.706065457132693
118.92339900000233,1.4548278130977184,0.637584489505514,118.91670100000239,1.4647658302356064,0.6276236214870153
119.15587100000235,1.4724115530325599,0.6226431874777658,119.15786900000239,1.544989819842795,0.557897545357524
119.40844900000238,1.487933565507366,0.6039665599430808,119.4081610000024,1.626580482329534,0.4856812522234081
119.65293200000235,1.4924071285521887,0.6027214514407685,119.66476000000236,1.700151157467961,0.43214158662397717
119.8969480000024,1.4787935831410706,0.6164176449662041,119.90957800000238,1.7592138609877364,0.3798470295268588
120.1504130000024,1.4472796875836402,0.6438100320170757,120.15157300000244,1.8009298599809076,0.3474742084667378
120.39271700000243,1.405879645009993,0.7010850231234438,120.4056330000025,1.8312758703018972,0.3238171469228033
120.64316400000247,1.3667401362251872,0.7471540377090004,120.65060900000248,1.8653443786924098,0.30140519388118103
120.88752800000253,1.3402013860815627,0.8019388118107436,120.89148800000243,1.9212862734460228,0.2677872643187478
121.14075500000256,1.3330176185250222,0.8156350053361794,121.14956600000244,2.012647278206364,0.2379046602632515
121.38556200000257,1.3458143257366881,0.7857524012806831,121.38891700000251,2.1364766044359955,0.17564923514763428
121.63066500000252,1.3721677000628698,0.7434187122020635,121.65424500000252,2.2669127673132308,0.10645677694770543
121.87393900000248,1.4020498855723351,0.7023301316257561,121.87885000000253,2.3723657920449677,0.07283884738527215
122.12653400000247,1.4290366021703176,0.6736926360725721,122.14020300000254,2.4338578475615833,0.05442902881536823
122.37545500000246,1.45387533522714,0.637584489505514,122.37674400000252,2.4480025487978,0.05122732123799358
122.6228750000025,1.4806607636056592,0.6139274279615795,122.6238990000025,2.4223263847558876,0.060032017075773735
122.86680200000254,1.5122686480477538,0.5852899324083957,122.88388400000251,2.370917973165266,0.07283884738527215
123.12403600000258,1.5480129579415414,0.5554073283528993,123.12385200000249,2.308901088375287,0.09284951974386339
123.3793270000026,1.5844711174252437,0.525524724297403,123.3664090000025,2.249252100051004,0.11446104589114196
123.6291900000026,1.6194727330537353,0.4894165777303451,123.61546200000254,2.2011260010674247,0.1400747065101387
123.86326200000256,1.655089298986498,0.47073995019565995,123.85837300000252,2.1695903966944234,0.15697260761294915
124.10161700000255,1.697960687608365,0.4346318036286019,124.10814600000253,2.1547269163138383,0.16693347563144792
124.35513900000254,1.7565513848115701,0.3823372465314835,124.35494400000253,2.1502812253979937,0.16693347563144792
124.59319300000257,1.8351689193582346,0.3200818214158663,124.62993600000253,2.1449543177300403,0.17066880113838495
124.84318300000258,1.9293279785331052,0.26654215581643537,124.85682100000255,2.126152747399748,0.17938456065457128
125.09627300000261,2.025329319068629,0.23167911775168976,125.1049500000025,2.0858611170272736,0.20304162219850586
125.34717100000256,2.106715063688324,0.18810032017075778,125.34630100000244,2.0240330383165177,0.23167911775168976
125.59220600000258,2.1636925764860067,0.15946282461757375,125.60268200000239,1.9465337949213446,0.26280683030949836
125.83567900000267,2.1984584074337983,0.14167556029882603,125.84867800000235,1.862479134266486,0.30140519388118103
126.08217300000273,2.2227657911904846,0.128068303094984,126.10867500000239,1.782977539755743,0.36366061899679836
126.32876600000274,2.2490620238787655,0.11446104589114196,126.33764200000239,1.72075455266852,0.41471006759160434
126.58711600000277,2.2842367801870935,0.10245464247598716,126.58761500000239,1.6863074094558497,0.445837780149413
126.82275800000279,2.3291767245945394,0.08404482390608324,126.83051900000238,1.6850041140157588,0.445837780149413
127.0706600000028,2.381751651597834,0.07123799359658482,127.08775500000237,1.716362438991578,0.41844539309854134
127.31902100000282,2.4389410480917584,0.0520277481323372,127.32879800000241,1.7738303592742521,0.3748665955176094
127.56095300000281,2.49612566377782,0.03361792956243328,127.57409700000242,1.844649969135571,0.3138562789043045
127.81094700000278,2.548468702482242,0.02481323372465313,127.8182270000025,1.9127988285275492,0.27152258982568483
128.06005000000283,2.5907897704717704,0.011205976520811093,128.07507600000253,1.9643258969610577,0.254091070793312
128.32340500000288,2.618559704521671,0.005602988260405588,128.32217500000255,1.9896803819243507,0.24786552828175026
128.5508350000029,2.6281257410820906,0.004002134471718265,128.56698800000248,1.9859569393159737,0.24911063678406256
128.80092000000295,2.617001452971782,0.005602988260405588,128.8031450000025,1.9562331053820006,0.25907150480256136
129.05490800000294,2.5806875138472125,0.012806830309498416,129.0631840000025,1.9068908960284943,0.27525791533262184
129.3034170000029,2.5107127242084135,0.03121664887940234,129.31455000000247,1.8432289573496368,0.3138562789043045
129.54228100000296,2.401846400515055,0.06163287086446106,129.5500200000025,1.7703660197259001,0.3761117040199217
129.789288000003,2.2576840376725205,0.10965848452508,129.80310600000251,1.6936949728689261,0.4383671291355389
130.04009000000303,2.0932008275285843,0.19681607968694412,130.04427400000256,1.6154301415301617,0.4906616862326574
130.281206000003,1.9281658350643505,0.26654215581643537,130.28663900000257,1.5330160269753514,0.5603877623621486
130.528289000003,1.778680944586087,0.36739594450373536,130.54504600000257,1.4461402706414734,0.6463002490217006
130.78615300000308,1.6519756567706683,0.47198505869797225,130.79469500000258,1.3594181850998888,0.7608502312344362
131.0433670000031,1.5471909670710167,0.5554073283528993,131.03616400000254,1.2785316745314017,0.8895410885805762
131.2750680000031,1.460060072301871,0.6313589469939523,131.2841940000026,1.2074325892325541,0.9575773745997865
131.52567700000313,1.3869902569594261,0.7272323016720029,131.52588700000268,1.147183407057062,0.9999999999999999
131.77460900000312,1.32650533147362,0.8318214158662397,131.7713710000027,1.097369646450953,0.9999999999999999
132.02134600000304,1.2787528402709074,0.8887406616862326,132.02649300000274,1.0568170220777795,0.9999999999999999
132.26567400000306,1.2444523832130816,0.9215581643543223,132.27988200000271,1.026278742592865,0.9999999999999999
132.51165400000306,1.224465396340195,0.9399679829242262,132.51725900000267,1.0077063008835538,0.9999999999999999
132.75927800000304,1.2202250409309023,0.9447705442902881,132.76985800000267,1.0035579370256447,0.9999999999999999
133.01036700000304,1.233665917142708,0.9287620064034151,133.01646900000264,1.0156636236997443,0.9999999999999999
133.2524520000031,1.2659968110660331,0.9055496264674493,133.26855200000253,1.0460465181870702,0.9999999999999999
133.4977600000031,1.3166527223280877,0.8492529348986126,133.50952700000252,1.0952548153875614,0.9999999999999999
133.75781100000302,1.379656494456058,0.7334578441835646,133.77693000000264,1.1539340066830852,0.9999999999999999
133.99821400000295,1.443840414421435,0.6525257915332622,134.01157600000275,1.2031096359800102,0.9647812166488793
134.25702200000293,1.4984384328884393,0.5964959089292067,134.25156300000273,1.2289020348275517,0.9383671291355389
134.4941590000029,1.5390440049890186,0.5603877623621486,134.49544100000276,1.2345698790736783,0.9287620064034151
134.74209800000276,1.5690660853680272,0.5379758093205265,134.7414100000028,1.2356880115930748,0.9263607257203842
134.98257100000276,1.5947465296203145,0.5130736392742796,135.00064700000283,1.245214551317339,0.9215581643543223
135.23255200000273,1.6215676391354306,0.4869263607257204,135.2346040000027,1.2637529768216291,0.9063500533617929
135.49064400000273,1.6511872574871025,0.47323016720028455,135.48853900000276,1.281830631704773,0.8863393810032016
135.72444900000275,1.6784404117850207,0.4545535396655994,135.74127700000273,1.2880342666373261,0.8791355389541088
135.97987100000284,1.693832429330885,0.4383671291355389,135.98725700000264,1.2764888003267358,0.8903415154749198
136.2334400000028,1.687938268854796,0.4433475631447884,136.2282960000026,1.2487797369805558,0.917556029882604
136.4769020000028,1.657300634721346,0.47073995019565995,136.47228400000262,1.2116370632133493,0.9543756670224118
136.71482400000275,1.6046864206103273,0.5056029882604055,136.72888500000266,1.1738142578003838,0.992796157950907
136.97351100000273,1.539505099300208,0.5603877623621486,136.9893290000026,1.1430138152603435,0.9999999999999999
137.2133270000027,1.476720688401662,0.6176627534685165,137.21931100000253,1.1235249391044912,0.9999999999999999
137.4603600000026,1.432354973879953,0.6674670935610104,137.46416500000237,1.115519114420545,0.9999999999999999
137.7153530000025,1.4176244653735406,0.6936143721095696,137.71188500000227,1.115327041559237,0.9999999999999999
137.96238500000243,1.4352711702079397,0.662486659551761,137.96748000000218,1.1164232592395522,0.9999999999999999
138.20025300000248,1.4760477370517222,0.6189078619708289,138.21083500000213,1.1116616660636591,0.9999999999999999
138.44713300000242,1.5201188509474057,0.5765741728922091,138.45434900000217,1.0985967390692049,0.9999999999999999
138.71829500000243,1.5438781458643756,0.557897545357524,138.70320000000214,1.0824110436473549,0.9999999999999999
138.94615400000237,1.5303950737134142,0.5628779793667734,138.95385300000197,1.0740238163592268,0.9999999999999999
139.19949900000242,1.4767980634254574,0.6176627534685165,139.20532500000198,1.0840103124853206,0.9999999999999999
139.4538950000025,1.3926749438342219,0.7147812166488794,139.44157100000206,1.1209007074769242,0.9999999999999999
139.6857710000025,1.2919328720682692,0.8759338313767342,139.69317800000198,1.1901411449114956,0.9791889007470651
139.94232000000227,1.1884662662815066,0.9799893276414087,139.93417000000193,1.2925395601883858,0.8759338313767342
140.17924300000226,1.0927014367357666,0.9999999999999999,140.18999900000188,1.4254828329368343,0.6824083955887585
140.43119200000226,1.0111300093753186,0.9999999999999999,140.43060300000187,1.5851185299774346,0.5242796157950907
140.6992200000022,0.9472056206898616,0.9999999999999999,140.68998000000187,1.7644361913227014,0.377356812522234
140.92165700000217,0.9034043798453841,0.9999999999999999,140.9266920000019,1.9532933652892912,0.26156172180718607
141.18109900000218,0.8830456910452575,0.9999999999999999,141.17621700000183,2.141190075235983,0.17440412664532198
141.42041600000218,0.8888402876504576,0.9999999999999999,141.44712200000174,2.307667916499191,0.09284951974386339
141.66637200000213,0.9206286477593721,0.9999999999999999,141.67509500000182,2.4214517318786433,0.060032017075773735
141.92339900000206,0.9761476745569494,0.9999999999999999,141.9190290000018,2.459926685567691,0.047225186766275316
142.16740000000192,1.0502113742989103,0.9999999999999999,142.1657180000018,2.4275379909975063,0.05763073639274279
142.4210300000019,1.1323560854168924,0.9999999999999999,142.41495000000168,2.3504269907166737,0.07764140875133403
142.6553320000019,1.2084839092580113,0.9567769477054427,142.66496300000153,2.26429307415312,0.10725720384204905
142.91285900000196,1.2650180585993487,0.9055496264674493,142.91544100000158,2.2030207377373636,0.13847385272145138
143.18841100000205,1.2935972126859594,0.8735325506937033,143.1564490000016,2.1902917516120244,0.1464781216648879
143.40533900000204,1.2941772282562496,0.8735325506937033,143.40781800000173,2.232994977620888,0.12246531483457841
143.64641200000202,1.2763287187964234,0.8927427961579508,143.65133700000163,2.3129946734342797,0.09124866595517607
143.89231400000213,1.2545708063608842,0.9119530416221984,143.9051020000016,2.3846979532585717,0.06723585912486656
144.14202800000217,1.2430888224165306,0.9231590181430095,144.1475930000015,2.3955593479609822,0.06243329775880468
144.38553000000212,1.2489953449311768,0.917556029882604,144.4042680000015,2.3223376269487925,0.0880469583778015
144.63797600000217,1.2726042616173405,0.8975453575240128,144.65501000000145,2.181230954716203,0.14887940234791885
144.88149100000226,1.310433030503914,0.855923159018143,144.88855400000133,2.0094308003849863,0.24039487726787623
145.14307100000227,1.3588176648440748,0.7608502312344362,145.13855200000134,1.8432871687814796,0.3138562789043045
145.37789000000237,1.413549912623758,0.6961045891141943,145.38349500000143,1.7076806944120018,0.42591604411241557
145.62547100000225,1.4668685629230969,0.626378512984703,145.6234390000014,1.6158088578755279,0.4906616862326574
145.87304300000224,1.508848476829298,0.586535040910708,145.88583900000137,1.5699736487136713,0.5354855923159019
146.12298900000224,1.5309973716847252,0.5616328708644611,146.1244510000014,1.5599338854679279,0.5442013518320883
146.38949800000233,1.5284613132820877,0.5666133048737104,146.37891000000138,1.565621637310678,0.5404660263251511
146.6133120000023,1.5019466502314327,0.590270366417645,146.62184300000135,1.566381130777242,0.5404660263251511
146.87239900000228,1.4566318192606567,0.6350942725008893,146.8703080000014,1.5496067419196273,0.5541622198505869
147.10879400000232,1.400755899056881,0.7048203486303807,147.10774000000134,1.5174341379289524,0.5790643898968338
147.36735500000225,1.3440323217420675,0.78948772678762,147.35825200000124,1.4934382818978789,0.5989861259338314
147.60664600000229,1.2965090390235294,0.8735325506937033,147.60414000000122,1.5195229240766075,0.5778192813945215
147.85710600000226,1.2663219896106015,0.9055496264674493,147.85218600000118,1.6382025680004288,0.4819459267164711
148.10559600000218,1.2535960723055903,0.9143543223052294,148.10168700000114,1.872457219548318,0.2964247598719317
148.34817600000204,1.2490870160718224,0.917556029882604,148.35523500000116,2.2132937325436672,0.13287086446104587
148.6007790000021,1.2409389035817409,0.9263607257203842,148.59753500000116,2.621255380180869,0.005602988260405588
148.841238000002,1.2218263139547236,0.9447705442902881,148.84613900000105,3.0313153833845687,0.0
149.09477100000203,1.1898774144264679,0.9799893276414087,149.11306900000116,3.3629076536244624,0.0
149.34616000000213,1.1472199835511447,0.9999999999999999,149.3454430000012,3.538796756312729,0.0
149.6021420000021,1.1006896907874808,0.9999999999999999,149.58259400000125,3.5221279355756296,0.0
149.83290100000195,1.0600834033302318,0.9999999999999999,149.84348300000133,3.34234567151389,0.0
150.08330600000204,1.0357709966686361,0.9999999999999999,150.08547500000137,3.0720218396461885,0.0
150.32687500000205,1.0348604766754397,0.9999999999999999,150.33095600000138,2.7826244977086843,0.0
150.58366600000213,1.0582952752797048,0.9999999999999999,150.5778180000014,2.517569478669016,0.03041622198505872
150.82977600000197,1.101335179016716,0.9999999999999999,150.82488800000135,2.293025684046267,0.10165421558164354
151.07620600000195,1.1561833458869173,0.9999999999999999,151.0758180000014,2.110934575223662,0.18561010316613305
151.32161900000185,1.2155524480829878,0.9479722518676627,151.32409900000138,1.9684562333114095,0.2528459622909996
151.5677020000018,1.273654152975603,0.8967449306296691,151.56645500000133,1.8598797046674793,0.30389541088580574
151.81426800000185,1.327959044749265,0.8280860903593028,151.81922100000133,1.7763657506460215,0.36988616150835996
152.0632630000019,1.3769426220816474,0.7359480611881895,152.06034600000123,1.70756056702666,0.42591604411241557
152.31279000000185,1.416272774017166,0.694859480611882,152.3243050000011,1.644645023176023,0.47821060120953407
152.56876100000179,1.4387255418455966,0.658751334044824,152.56514300000111,1.5821070844988927,0.5267698327997155
152.8182440000018,1.4397342097079133,0.6562611170401992,152.80700500000103,1.5163078254230573,0.5803094983991461
153.04869600000183,1.4213457688761735,0.6848986125933831,153.0576200000009,1.445186064546979,0.6500355745286375
153.3001480000019,1.3896083824079501,0.7210067591604412,153.30164000000093,1.3700509184525265,0.7446638207043758
153.547102000002,1.3513956534517693,0.774546424759872,153.55200900000074,1.2943622263582804,0.8735325506937033
153.79069600000201,1.3161760605205814,0.8503201707577374,153.79553900000073,1.221644497398037,0.9447705442902881
154.0664160000019,1.2938429000063825,0.8735325506937033,154.03939800000066,1.154538823961224,0.9999999999999999
154.287560000002,1.2905509496964898,0.8783351120597651,154.28948100000068,1.095927144184397,0.9999999999999999
154.53328300000186,1.3061987533262651,0.8591248665955175,154.53740800000057,1.05039977582165,0.9999999999999999
154.79103400000184,1.3385769016424172,0.8044290288153682,154.78738100000058,1.02451109299962,0.9999999999999999
155.03391900000187,1.3888288944051888,0.7222518676627536,155.03787700000055,1.0251766578091057,0.9999999999999999
155.27796700000184,1.4618481051357421,0.6301138384916399,155.27541200000056,1.0555623309957052,0.9999999999999999
155.5290370000019,1.5611187970701368,0.5442013518320883,155.53028900000052,1.110330908800393,0.9999999999999999
155.78193500000185,1.6793968066780207,0.4545535396655994,155.77365600000047,1.1763184342380162,0.9919957310565634
156.02982500000178,1.7919574249364159,0.3561899679829242,156.0225810000005,1.2408288111664125,0.9263607257203842
156.26763900000185,1.8651265512272026,0.30140519388118103,156.2668710000005,1.296465972809409,0.8735325506937033
156.5145110000019,1.8770833437379153,0.29268943436499467,156.51750800000042,1.3374320513889264,0.8056741373176807
156.763079000002,1.8273375664120644,0.326307363927428,156.78497100000047,1.3585773704270505,0.7608502312344362
157.01608400000194,1.7313803529266192,0.4047491995731056,157.01193800000053,1.358436546054906,0.7608502312344362
157.27945700000194,1.6116220385492281,0.4943970117395944,157.25681400000056,1.3419428028411902,0.799448594806119
157.50441500000187,1.4900642379316493,0.6039665599430808,157.51446200000046,1.3187900083073414,0.8455176093916755
157.7723110000018,1.384981313725957,0.7309676271789399,157.7575350000005,1.3002957680568592,0.8703308431163287
158.00217500000173,1.3096465957416343,0.8575240128068302,158.00157800000045,1.2915231513669605,0.8767342582710778
158.2476430000016,1.2739513852095197,0.8967449306296691,158.25349200000048,1.285080852814182,0.883137673425827
158.49273800000168,1.2864425198006408,0.880736392742796,158.4974780000004,1.265238112714537,0.9055496264674493
158.74614300000172,1.35025412799382,0.774546424759872,158.74229400000038,1.2233880200254947,0.9415688367129135
158.99269700000167,1.454385796643297,0.637584489505514,158.99352900000034,1.1642154116644543,0.9999999999999999
159.23656600000174,1.5734722015495413,0.5317502668089648,159.24513600000043,1.1014769454430704,0.9999999999999999
159.4796740000017,1.6780580833795427,0.4545535396655994,159.48705600000042,1.049226185577096,0.9999999999999999
159.7316890000016,1.749716402437579,0.3885627890430452,159.73294100000052,1.0185663879358038,0.9999999999999999
159.98409100000163,1.7834593656294717,0.36241551049448595,160.00177800000054,1.0147644489394672,0.9999999999999999
160.23599700000167,1.783656527687575,0.36241551049448595,160.2313640000005,1.0346218087974726,0.9999999999999999
160.51198200000158,1.7588908532493783,0.3798470295268588,160.48436900000058,1.069564127393242,0.9999999999999999
160.7207620000016,1.7186531186729699,0.41595517609391675,160.7259740000006,1.1081592846036243,0.9999999999999999
160.9698860000016,1.6701275333476884,0.46202419067947353,160.9759730000006,1.1419194536243702,0.9999999999999999
161.22393000000164,1.6178839580522657,0.4906616862326574,161.22716200000056,1.168076164690166,0.9991995731056563
161.46581400000164,1.5644469701074522,0.542956243329776,161.46510200000074,1.1879953366096232,0.9799893276414087
161.7418040000016,1.5127322733343855,0.5852899324083957,161.7170540000007,1.2053889731096104,0.960779082177161
161.95917500000152,1.4671992153877804,0.626378512984703,161.9593890000007,1.2232520193531071,0.9423692636072571
162.20696800000155,1.430173864759667,0.6724475275702597,162.2089710000008,1.2418950354759386,0.9247598719316968
162.4578270000015,1.3999668717860008,0.7048203486303807,162.45856000000083,1.2560969520071994,0.9103521878335111
162.7093530000015,1.3725336822697918,0.7421736036997509,162.70461500000073,1.2587426543372258,0.9095517609391675
162.94691400000147,1.3406189556753842,0.8019388118107436,162.9473250000006,1.2487227647695383,0.917556029882604
163.20095900000146,1.2903050611077114,0.8783351120597651,163.21052900000063,1.2342750797201136,0.9287620064034151
163.44497000000138,1.213407020275383,0.9519743863393809,163.44936800000062,1.2305991150359938,0.935965848452508
163.70261100000138,1.117348752121251,0.9999999999999999,163.69470000000064,1.254170057171342,0.9127534685165422
163.93904100000137,1.017071032990522,0.9999999999999999,163.94392400000052,1.3124812565759878,0.8551227321237993
164.18495000000146,0.9256087182614826,0.9999999999999999,164.19581000000056,1.398092930061826,0.7073105656350054
164.4316190000015,0.8515937146214614,0.9999999999999999,164.46022000000045,1.4892304450577547,0.6039665599430808
164.68590200000145,0.8007328842946907,0.9999999999999999,164.68582400000057,1.5585681125395134,0.5454464603344006
164.94073500000144,0.7779826896574319,0.9999999999999999,164.9332520000007,1.5902238193674398,0.5143187477765919
165.17934900000134,0.7896197663283155,0.9999999999999999,165.18129600000063,1.5914205764411382,0.5130736392742796
165.41931700000123,0.8430206814706797,0.9999999999999999,165.42892700000053,1.5932641674353392,0.5130736392742796
165.67772700000128,0.9402143989084865,0.9999999999999999,165.67975600000065,1.632327454086866,0.48319103521878337
165.92203900000135,1.0647327294081075,0.9999999999999999,165.9212680000008,1.7302691502464538,0.4047491995731056
166.16764800000138,1.1865725603843638,0.981590181430096,166.1722570000007,1.8794660423897072,0.2914443258626824
166.4197440000015,1.2890213330057951,0.8791355389541088,166.42717400000066,2.044418372776792,0.2229633582355034
166.6643840000015,1.372206041590941,0.7434187122020635,166.67074600000066,2.177682843493262,0.1507470651013874
166.9078690000014,1.4374813768516888,0.6612415510494487,166.91763500000062,2.2426360644443415,0.11526147278548558
167.16231000000138,1.4835991477959254,0.6089469939523301,167.1685870000005,2.2289691342159568,0.12406616862326574
167.40632300000124,1.504198136383242,0.5877801494130203,167.40970800000048,2.1558458836976984,0.1644432586268232
167.64919600000115,1.494919034609089,0.5989861259338314,167.66401300000047,2.059857219921312,0.21673781572394166
167.90030500000108,1.4588189145991137,0.633849163998577,167.9100940000005,1.9762071342882763,0.2516008537886873
168.16448100000093,1.403640122748924,0.7023301316257561,168.15562400000059,1.9270251260736786,0.26654215581643537
168.40450400000094,1.3399350683011888,0.8019388118107436,168.40061700000058,1.9165835178579262,0.2690323728210601
168.64801000000085,1.2768180491000505,0.8903415154749198,168.6500350000006,1.9341847095074933,0.26654215581643537
168.89287100000084,1.2206797524095143,0.9447705442902881,168.89749500000062,1.9612262996159715,0.2565812877979366
169.14005100000088,1.1737863608454526,0.992796157950907,169.14147100000048,1.9810775410113144,0.250355745286375
169.40492300000085,1.1346237171582416,0.9999999999999999,169.3873950000005,1.9866298326270682,0.24786552828175026
169.62924200000077,1.0988940374531104,0.9999999999999999,169.63787500000046,1.9889217888113309,0.24786552828175026
169.8827800000008,1.0619240913005343,0.9999999999999999,169.88296600000047,2.0128586729008306,0.2379046602632515
170.13529700000075,1.0214423531247967,0.9999999999999999,170.13783400000045,2.0798106402294443,0.2067769477054429
170.38321900000074,0.9794285258827478,0.9999999999999999,170.3738220000005,2.1894797876524805,0.1464781216648879
170.62011800000067,0.9417136249172985,0.9999999999999999,170.6269040000005,2.3158620225665687,0.09044823906083245
170.88712800000073,0.9166690050617692,0.9999999999999999,170.87376000000046,2.4210637108855697,0.060032017075773735
171.11605900000075,0.9108458918240196,0.9999999999999999,171.1151660000005,2.470748803784275,0.04322305229455705
171.38204000000067,0.9249357874148117,0.9999999999999999,171.36115700000047,2.444482957311802,0.0520277481323372
171.6120350000007,0.9546758799340007,0.9999999999999999,171.62061500000038,2.342251890665596,0.08244397011739592
171.8675170000008,0.9934296258133715,0.9999999999999999,171.8611410000004,2.182312175440744,0.14807897545357523
172.10608700000077,1.0360911136154132,0.9999999999999999,172.12850200000037,1.9917851419060704,0.24662041977943797
172.3565550000008,1.0815337507522547,0.9999999999999999,172.3556120000003,1.7971605160192252,0.3524546424759871
172.61776000000077,1.1307210562735814,0.9999999999999999,172.59605800000014,1.6200711791436238,0.4894165777303451
172.85908500000076,1.1849449981827704,0.9831910352187833,172.85108200000016,1.4760288523807557,0.6189078619708289
173.10205900000082,1.2483222715036457,0.917556029882604,173.10078500000017,1.3754535192906547,0.7371931696905017
173.34754900000092,1.3251144604963578,0.8318214158662397,173.3407230000002,1.3249169259036906,0.8318214158662397
173.60254300000094,1.4166559656083648,0.694859480611882,173.59968400000028,1.3242154428509965,0.8318214158662397
173.8485390000009,1.52002300867313,0.5765741728922091,173.83666400000024,1.3606961519665566,0.7583600142298116
174.11190300000086,1.6277195099411714,0.4856812522234081,174.0906300000002,1.411404469578604,0.6985948061188189
174.33347000000097,1.7298461387910167,0.4047491995731056,174.3351200000003,1.452942696223276,0.6388295980078263
174.58329800000104,1.8176533121004719,0.33502312344361435,174.58751800000027,1.4709375466417707,0.6226431874777658
174.83048700000103,1.8844496968270987,0.2901992173603699,174.83024400000025,1.4650392985865683,0.626378512984703
175.07886000000101,1.9233258930752832,0.26654215581643537,175.08215500000026,1.4476953888214463,0.6438100320170757
175.32187500000097,1.927329287852942,0.26654215581643537,175.33415200000016,1.4372856072421467,0.6612415510494487
175.57192500000093,1.893310355704985,0.2864638918534329,175.5732440000002,1.4461528439495754,0.6463002490217006
175.83294900000084,1.825630382168756,0.326307363927428,175.8180810000002,1.4729275146179959,0.6201529704731412
176.07583800000086,1.7369865371289523,0.398523657061544,176.06506300000018,1.502520980991615,0.5890252579153327
176.31482700000095,1.6454646767107315,0.47821060120953407,176.3074690000002,1.516686749015078,0.5790643898968338
176.59420700000115,1.5686728210222167,0.5379758093205265,176.56866900000023,1.5008460104865442,0.594005691924582
176.80816000000124,1.51977764097351,0.5765741728922091,176.8059380000001,1.4533810095560897,0.6388295980078263
177.07437700000122,1.5049724381734344,0.5877801494130203,177.0525720000001,1.383441909602554,0.7322127356812522
177.30336700000132,1.52476374892721,0.5703486303806475,177.30888100000007,1.304628221916842,0.8607257203842048
177.54766800000124,1.574701365615374,0.5317502668089648,177.54787900000002,1.2285569035672372,0.9383671291355389
177.80323300000114,1.6441424606443702,0.47821060120953407,177.80004100000002,1.1607888742610557,0.9999999999999999
178.04567600000112,1.7161419721828362,0.41969050160085386,178.04293600000008,1.1008021987142278,0.9999999999999999
178.2937180000012,1.7677083871501185,0.377356812522234,178.28982400000012,1.0443223653599483,0.9999999999999999
178.54474700000117,1.7776397124874108,0.36864105300604766,178.54982100000004,0.9874891708499332,0.9999999999999999
178.78987800000115,1.7363948327134162,0.398523657061544,178.78478299999998,0.9306418896379961,0.9999999999999999
179.05261300000117,1.6526557800437858,0.47198505869797225,179.03734800000004,0.877777159615928,0.9999999999999999
179.28775800000116,1.5445165181890843,0.557897545357524,179.28023700000003,0.8343516352266944,0.9999999999999999
179.53461200000112,1.4290085714598126,0.6749377445748844,179.52645500000014,0.8066009086450594,0.9999999999999999
179.78005700000122,1.3169430511855842,0.8492529348986126,179.77273400000016,0.7997093085046219,0.9999999999999999
180.03569100000124,1.2126665752771157,0.9519743863393809,180.02082400000026,0.8178812175363557,0.9999999999999999
180.28648400000137,1.1176019952165377,0.9999999999999999,180.27168300000028,0.8653773725780899,0.9999999999999999
180.5256070000015,1.0324551150244707,0.9999999999999999,180.5251330000003,0.943349466592498,0.9999999999999999
180.7838510000015,0.9577174416806011,0.9999999999999999,180.7590550000002,1.04456298790707,0.9999999999999999
181.01551900000155,0.8947697388132778,0.9999999999999999,181.00314000000026,1.1528870929432815,0.9999999999999999
181.26683800000166,0.8475681260610528,0.9999999999999999,181.24868300000026,1.2505839602475772,0.9159551760939166
181.52098100000154,0.8240799938453465,0.9999999999999999,181.4934100000003,1.3277895553529733,0.8280860903593028
181.76020800000163,0.8320144892371203,0.9999999999999999,181.74982100000022,1.381962724650853,0.7322127356812522
182.0109640000016,0.8706661975503601,0.9999999999999999,181.99526800000027,1.4150662028976613,0.6961045891141943
182.25613000000152,0.9295287974065413,0.9999999999999999,182.25190400000022,1.4318383156555399,0.6674670935610104
182.50694600000145,0.9943531760979074,0.9999999999999999,182.48461300000022,1.4349194545151196,0.662486659551761
182.75499000000138,1.054556107537053,0.9999999999999999,182.73161500000023,1.4243086832885639,0.6824083955887585
182.99804800000132,1.1029029089145113,0.9999999999999999,182.99234500000043,1.4006135929383698,0.7048203486303807
183.24706200000134,1.135124264685174,0.9999999999999999,183.22519200000056,1.3669710684829086,0.7471540377090004
183.49151200000134,1.1508801877759172,0.9999999999999999,183.47463900000048,1.3291637153412577,0.825595873354678
183.74040400000135,1.1524945995179579,0.9999999999999999,183.7176330000005,1.2933698593256355,0.8743329775880468
183.98991200000137,1.1454301552060506,0.9999999999999999,183.9694620000006,1.264868512448295,0.9055496264674493
184.23842400000137,1.1355554380041257,0.9999999999999999,184.22688100000062,1.2464398643826116,0.9199573105656349
184.47953400000134,1.1278063516477492,0.9999999999999999,184.45796600000062,1.2390105510901992,0.9263607257203842
184.75017300000133,1.126749666179847,0.9999999999999999,184.70678900000058,1.240340578776427,0.9263607257203842
184.97848400000134,1.1384524477004965,0.9999999999999999,184.95984800000062,1.2436833029428063,0.9231590181430095
185.2308950000013,1.1672933681243618,0.9999999999999999,185.20212500000056,1.243150469685869,0.9231590181430095
185.49064200000123,1.2159171306759482,0.9479722518676627,185.45946100000066,1.2368710504208225,0.9263607257203842
185.72087200000115,1.2833682179489032,0.8839381003201707,185.69209000000058,1.2245824355815749,0.9399679829242262
185.97362600000125,1.3663030306467159,0.7471540377090004,185.9423150000005,1.2065706918143613,0.9591782283884738
186.21650200000124,1.4580535777391876,0.633849163998577,186.1903750000005,1.1834163670746665,0.9871931696905015
186.46638200000123,1.5500936776123477,0.5541622198505869,186.4381060000005,1.1560058447432842,0.9999999999999999
186.72057100000126,1.6328108599939672,0.48319103521878337,186.6799080000005,1.125872647293836,0.9999999999999999
186.97449600000115,1.6993131127356877,0.43214158662397717,186.9244230000005,1.0960366991243418,0.9999999999999999
187.21441300000117,1.7508427066155408,0.3873176805407328,187.18242500000053,1.0715289535199448,0.9999999999999999
187.46195600000127,1.79236408495052,0.3561899679829242,187.44749200000052,1.0598959609294818,0.9999999999999999
187.71162500000125,1.8293815470596713,0.3250622554251156,187.67066100000054,1.0690695524566987,0.9999999999999999
187.9559300000012,1.8632714113525939,0.30140519388118103,187.91893300000066,1.105933529700505,0.9999999999999999
188.19952400000108,1.8931590187645781,0.2864638918534329,188.16519700000063,1.1776298293789615,0.9919957310565634
188.43896400000105,1.915994526732055,0.2690323728210601,188.40541900000076,1.289136734415724,0.8791355389541088
188.68829800000103,1.9259033324512869,0.26654215581643537,188.6660320000006,1.4355438970300263,0.662486659551761
188.9382220000011,1.9169926159122896,0.2690323728210601,188.90524300000064,1.597017619219851,0.5130736392742796
189.18082900000115,1.8879683609933766,0.2889541088580576,189.14968700000077,1.7412718923975432,0.39727854855923156
189.43081000000123,1.8427699331830483,0.3138562789043045,189.39887400000077,1.8330499026532237,0.32132692991817857
189.67631500000118,1.790339933432911,0.3586801849875489,189.64732500000073,1.8492218397303877,0.30887584489505515
189.9291990000012,1.741323096489052,0.39727854855923156,189.8864840000008,1.7894672583562303,0.3599252934898612
190.16919900000113,1.7054965967225701,0.42716115261472787,190.13896900000074,1.672688726075722,0.45828886517253653
190.4194300000011,1.6865104765107115,0.445837780149413,190.39902800000073,1.5263709475145621,0.5691035218783351
190.6741280000011,1.6781057157546613,0.4545535396655994,190.64539100000067,1.378064068231899,0.7359480611881895
190.91523600000107,1.6630173470269445,0.46575951618641054,190.87844700000073,1.2485199449936242,0.917556029882604
191.16567900000112,1.6280611530308837,0.4856812522234081,191.13009000000085,1.1473525731742042,0.9999999999999999
191.42168400000108,1.5727474776304333,0.5342404838135895,191.37028200000088,1.0760706713004589,0.9999999999999999
191.66262100000105,1.5046269411072495,0.5877801494130203,191.6232500000008,1.0329545651043905,0.9999999999999999
191.90564400000102,1.432263218193956,0.6674670935610104,191.8641380000008,1.0171313632609316,0.9999999999999999
192.15524200000107,1.3624190331370991,0.7558697972251868,192.11412500000085,1.0279609106130896,0.9999999999999999
192.42317300000116,1.2990958032239126,0.8719316969050159,192.36400200000088,1.0640137914681604,0.9999999999999999
192.65281800000113,1.2444993238179654,0.9215581643543223,192.60652500000077,1.1214637224749153,0.9999999999999999
192.8931350000011,1.1988959071776377,0.9703842049092849,192.85387900000086,1.1921298180075746,0.9759871931696904
193.1487610000012,1.1594280414308298,0.9999999999999999,193.1064180000009,1.263547557074486,0.9063500533617929
193.38771800000114,1.1213097505569172,0.9999999999999999,193.34920800000086,1.324420805709729,0.8318214158662397
193.6381920000012,1.0824294962124494,0.9999999999999999,193.60068600000082,1.3705665871847912,0.7434187122020635
193.88412400000126,1.0435082460278644,0.9999999999999999,193.8481960000009,1.4047025135787552,0.7023301316257561
194.13330900000125,1.0073673920578226,0.9999999999999999,194.09352600000102,1.432072575414863,0.6674670935610104
194.3921330000012,0.9773150224928607,0.9999999999999999,194.33740600000104,1.4567236665847572,0.6350942725008893
194.62624500000132,0.9561339834381555,0.9999999999999999,194.58064600000102,1.478127195729448,0.6164176449662041
194.87246900000127,0.9442860861586138,0.9999999999999999,194.82954700000096,1.4906358742535148,0.6027214514407685
195.12242800000132,0.9410135832425934,0.9999999999999999,195.09713500000097,1.4889490298485697,0.6039665599430808
195.37739800000125,0.9414870155809458,0.9999999999999999,195.324124000001,1.474689605398501,0.6201529704731412
195.62584900000132,0.9406202040881957,0.9999999999999999,195.58092500000092,1.4554341323131008,0.6350942725008893
195.8653460000012,0.935967592999747,0.9999999999999999,195.81885400000104,1.443030872209111,0.6537709000355746
196.1223850000012,0.9274572734301698,0.9999999999999999,196.0636330000012,1.4499104961397045,0.6400747065101388
196.35785900000116,0.918291706786836,0.9999999999999999,196.30995900000127,1.4863006862182186,0.6064567769477055
196.60423700000123,0.9192880191596372,0.9999999999999999,196.5688780000012,1.5535759880760405,0.5516720028459623
196.85169000000118,0.9477972539738858,0.9999999999999999,196.80557700000122,1.640377035443213,0.48070081821415866
197.10278400000124,1.0165048284081335,0.9999999999999999,197.05694400000115,1.7277687100404369,0.40599430807541803
197.35417000000123,1.1248446059799442,0.9999999999999999,197.30129400000112,1.7969551408407944,0.3524546424759871
197.59675100000115,1.2615225561260437,0.9079509071504801,197.5513310000011,1.8343287882899233,0.3200818214158663
197.84177100000113,1.4080144194243636,0.6985948061188189,197.79729400000107,1.8340328414153633,0.3200818214158663
198.09010400000116,1.5415421255576096,0.5603877623621486,198.04588900000107,1.7983711387362922,0.3524546424759871
198.3360570000011,1.6357445395858192,0.48319103521878337,198.30596700000106,1.7373124588746072,0.398523657061544
198.58410800000104,1.6700944830529598,0.46202419067947353,198.534226000001,1.6678112541759336,0.46326929918178583
198.84030100000098,1.639127193260038,0.48070081821415866,198.7869680000009,1.6117447278732437,0.4943970117395944
199.08522400000103,1.5533329490374514,0.5516720028459623,199.03427700000083,1.5883120250411435,0.5168089647812166
199.3267050000011,1.4363757510575317,0.6612415510494487,199.2784580000008,1.6064846870186489,0.5043578797580932
199.58010100000106,1.3150654356478593,0.851120597652081,199.52171300000066,1.6572976836689837,0.47073995019565995
199.82007400000097,1.2082340170078625,0.9567769477054427,199.77334100000056,1.7188752016026434,0.41595517609391675
200.08921600000104,1.12445987305009,0.9999999999999999,200.0247350000005,1.7717530677359463,0.3761117040199217
200.31516000000104,1.0662741808170204,0.9999999999999999,200.27068400000047,1.807665250629191,0.3424937744574884
200.56561200000098,1.0320298974488042,0.9999999999999999,200.52867500000042,1.8280807167540931,0.3250622554251156
200.81326200000103,1.0164494654830962,0.9999999999999999,200.76654800000043,1.8404892597297644,0.3163464959089292
201.06039000000104,1.0133589242203003,0.9999999999999999,201.01467700000032,1.8524254364930897,0.30887584489505515
201.3053440000009,1.017666439667739,0.9999999999999999,201.2541040000002,1.8672179644691227,0.30016008537886874
201.54921500000074,1.0271768581602085,0.9999999999999999,201.51758300000037,1.8819683827333598,0.2901992173603699
201.80243400000077,1.0408228829250654,0.9999999999999999,201.75168400000047,1.8865311217106426,0.2901992173603699
202.07029600000072,1.0583886071571649,0.9999999999999999,201.99806200000035,1.8707301711618347,0.297669868374244
202.3121930000007,1.0819358259500678,0.9999999999999999,202.2449760000003,1.8330696786252207,0.32132692991817857
202.5465240000006,1.1147650078326705,0.9999999999999999,202.49756700000032,1.7769080854317059,0.36988616150835996
202.79656400000047,1.157831484495762,0.9999999999999999,202.76692700000027,1.705108079542926,0.43089647812166487
203.04763900000043,1.2075895932020617,0.9575773745997865,202.98800100000025,1.6217739298921683,0.4869263607257204
203.3044080000004,1.2583455697421897,0.9095517609391675,203.2420350000003,1.5341052795072168,0.5603877623621486
203.5450870000005,1.3054361876758382,0.8607257203842048,203.49012900000034,1.4516958696089435,0.6388295980078263
203.78304200000056,1.346097583924259,0.7832621842760583,203.72762000000037,1.383662685983362,0.7322127356812522
204.0315330000006,1.3777675704505825,0.7359480611881895,203.97866700000029,1.33533069423566,0.8094094628246176
204.2729410000006,1.3961355918345064,0.7110458911419424,204.22950500000027,1.30810349907666,0.8583244397011739
204.52952700000057,1.3975678923767525,0.7085556741373178,204.47348900000023,1.2999742875997917,0.8711312700106723
204.77743200000057,1.382447024628584,0.7322127356812522,204.72745200000023,1.3095406664222118,0.8575240128068302
205.02727900000056,1.3552670734170347,0.7645855567413733,204.97597400000032,1.337983740666483,0.8044290288153682
205.2668450000006,1.3230517885405129,0.8318214158662397,205.21681200000032,1.3853659075407028,0.7284774101743152
205.51270700000052,1.2921960882186918,0.8759338313767342,205.46392800000024,1.4459937108385437,0.6463002490217006
205.76284500000054,1.265915471313924,0.9055496264674493,205.7173820000002,1.5064794948975977,0.5877801494130203
206.0107470000005,1.2422264862921155,0.9247598719316968,205.9782300000002,1.5523825520408274,0.5516720028459623
206.26366400000055,1.2152752298985423,0.9479722518676627,206.21129600000017,1.5777837922733835,0.5305051583066525
206.52914800000062,1.1808258724994936,0.9887940234791888,206.45759700000022,1.5876604876700096,0.5180540732835289
206.75163600000073,1.141319814986387,0.9999999999999999,206.69927800000025,1.5931207428203034,0.5130736392742796
207.00778800000066,1.1056240930718557,0.9999999999999999,206.9464370000001,1.6050858900126055,0.5043578797580932
207.25479700000062,1.0858753328973445,0.9999999999999999,207.19429400000013,1.6282278904560994,0.4856812522234081
207.4985710000006,1.0936529744296815,0.9999999999999999,207.4411590000002,1.6602483452340437,0.47073995019565995
207.76394000000053,1.1367240910935221,0.9999999999999999,207.71325900000022,1.6932893544782355,0.4383671291355389
207.9893900000005,1.2131763936283153,0.9519743863393809,207.94250000000022,1.7195136489647787,0.41595517609391675
208.2443440000005,1.3040570645809542,0.8623265741728922,208.18667900000017,1.7363092362564905,0.398523657061544
208.4816160000005,1.3770988175441343,0.7359480611881895,208.43613000000016,1.7490867612446683,0.3885627890430452
208.73095900000047,1.4100528886986585,0.6985948061188189,208.6821180000001,1.7663158373439876,0.377356812522234
208.9815350000005,1.4024464314378071,0.7023301316257561,208.9236650000001,1.7906331750870135,0.3586801849875489
209.23796900000056,1.3665798001646154,0.7471540377090004,209.17962000000014,1.81488651884743,0.33626823194592675
209.4739990000006,1.316168565888486,0.8503201707577374,209.41881100000026,1.8282700369864644,0.3250622554251156
209.7198750000005,1.2627455664285723,0.9079509071504801,209.67440800000023,1.8247904347254,0.326307363927428
209.96859200000057,1.2153222374948016,0.9479722518676627,209.91796000000016,1.8052991885984355,0.3449839914621131
210.21851700000047,1.1815009368105425,0.9887940234791888,210.16843300000005,1.773384942740491,0.3748665955176094
210.46915400000046,1.1674356552377247,0.9999999999999999,210.4354780000001,1.7352939687487907,0.402258982568481
210.7119630000005,1.1768026169465982,0.9919957310565634,210.66545200000013,1.6966640196454805,0.4346318036286019
210.96959100000055,1.2108715805024486,0.9543756670224118,210.90893500000013,1.6600753882354993,0.47073995019565995
211.20805200000044,1.267480265425747,0.9055496264674493,211.15345700000006,1.6272218741434226,0.4856812522234081
211.45947300000037,1.340135392531487,0.8019388118107436,211.40583900000013,1.600704477785003,0.5093383137673426
211.71344900000034,1.4174564409429835,0.694859480611882,211.6501660000001,1.5833219648838215,0.5267698327997155
211.9469890000002,1.485707979676488,0.6064567769477055,211.89939300000006,1.5783709188412973,0.5305051583066525
212.19393500000015,1.5348925467222818,0.5603877623621486,212.1482220000001,1.5880053355187085,0.5168089647812166
212.4473200000002,1.5630656681493278,0.5442013518320883,212.39532900000012,1.6112042863479354,0.4943970117395944
212.700997,1.5751863704636624,0.5317502668089648,212.6379110000001,1.6425369429471701,0.47821060120953407
212.94203399999998,1.5777512661781554,0.5305051583066525,212.88536200000004,1.6779451047065586,0.4545535396655994
213.19747999999993,1.5736537183518082,0.5317502668089648,213.13272299999994,1.7197966431412606,0.41595517609391675
213.437467,1.5609458453978575,0.5442013518320883,213.38273899999996,1.7696263098249647,0.3761117040199217
213.68106100000003,1.5372760193178963,0.5603877623621486,213.6517869999999,1.8206797331892492,0.3312877979366773
213.9391,1.5050983131360025,0.5877801494130203,213.8748329999999,1.8623820405804021,0.30140519388118103
214.18435200000002,1.47090360930113,0.6226431874777658,214.11765299999993,1.8881553075005744,0.2889541088580576
214.42692099999996,1.4409988946685726,0.6537709000355746,214.3681450000001,1.8971715780117675,0.2852187833511206
214.6703119999999,1.4215312307431955,0.6848986125933831,214.61484000000002,1.8917752704005246,0.2864638918534329
214.93096299999996,1.415479500709316,0.6961045891141943,214.86556000000007,1.874751197647225,0.2964247598719317
215.1678209999999,1.4257946287845895,0.6824083955887585,215.11758600000013,1.8467762362070517,0.31012095339736745
215.43282499999984,1.4582250304813138,0.633849163998577,215.3792670000001,1.8061249194740236,0.3449839914621131
215.66441599999987,1.52529983468715,0.5703486303806475,215.60439200000005,1.7554552216193413,0.3848274635361082
215.91021999999995,1.6359271461672296,0.48319103521878337,215.856272,1.7062351060171927,0.42591604411241557
216.163341,1.7807822691224204,0.36366061899679836,216.10434700000002,1.672782465194611,0.45828886517253653
216.40615299999996,1.9314463936679807,0.26654215581643537,216.35431100000002,1.664158270303881,0.46575951618641054
216.6512000000001,2.053435068043206,0.2192280327285664,216.602685,1.6819944854399838,0.44957310565635
216.90522900000002,2.1202775775538067,0.18187477765919602,216.86126000000002,1.7228551120267517,0.41097474208466733
217.14718900000003,2.1158001751369935,0.18436499466382075,217.09575899999996,1.779956295774051,0.36615083600142295
217.39762199999993,2.038528585982008,0.22669868374244043,217.3403559999999,1.8428749676087095,0.3138562789043045
217.64618299999987,1.9049355651600308,0.27525791533262184,217.58786100000003,1.8991707786465368,0.2839736748488082
217.89116799999977,1.7436661166342486,0.39478833155460696,217.8293690000001,1.9406338305573085,0.26529704731412307
218.13666699999973,1.585397876808927,0.5242796157950907,218.0813890000001,1.965479094438637,0.2528459622909996
218.3911309999997,1.4538311373802233,0.637584489505514,218.33239500000013,1.9741690161385221,0.2516008537886873
218.65063299999966,1.3608803767935462,0.7583600142298116,218.57737400000013,1.962696309992714,0.2553361792956243
218.8941869999996,1.3032311421702376,0.8639274279615795,218.82823700000006,1.9227823899287362,0.26654215581643537
219.13109499999945,1.2639348587354449,0.9063500533617929,219.07327600000005,1.851814514986002,0.30887584489505515
219.3810369999995,1.2211944587762713,0.9447705442902881,219.3172330000001,1.7559479590117257,0.3848274635361082
219.6223929999995,1.1591706708178724,0.9999999999999999,219.56514100000018,1.649214381915739,0.47572038420490925
219.87787599999953,1.078645989989838,0.9999999999999999,219.81867000000022,1.5495935847757387,0.5541622198505869
220.12144499999957,0.9946164257248585,0.9999999999999999,220.06858900000032,1.4735475208338027,0.6201529704731412
220.3670099999995,0.9235707756436348,0.9999999999999999,220.3052410000004,1.4334849338983218,0.666221985058698
220.62503099999958,0.8752691697018069,0.9999999999999999,220.55721200000042,1.434754885981126,0.662486659551761
220.86342099999945,0.8529103665157383,0.9999999999999999,220.8047270000004,1.4747762019780173,0.6201529704731412
221.1149649999994,0.8572086882869678,0.9999999999999999,221.04973400000034,1.5453257329113597,0.557897545357524
221.35498299999955,0.890416351614393,0.9999999999999999,221.31908000000035,1.63405043978064,0.48319103521878337
221.61335899999955,0.9592787489872053,0.9999999999999999,221.54419500000031,1.7302992543849505,0.4047491995731056
221.85951199999954,1.0724327696881293,0.9999999999999999,221.79620200000033,1.8281014318669684,0.3250622554251156
222.1000749999994,1.229735747922907,0.9375667022411952,222.0395940000003,1.926426458274952,0.26654215581643537
222.35250699999935,1.4105854752595484,0.6985948061188189,222.28857700000026,2.0282522361026127,0.22918890074706516
222.59154299999938,1.5799960663126529,0.5292600498043402,222.54870100000028,2.134671326730095,0.17689434364994658
222.84486599999937,1.7051385951914895,0.4296513696193526,222.78662600000024,2.2383835467401854,0.12086446104589109
223.1114829999993,1.7664111821751491,0.377356812522234,223.03354500000026,2.325848896168771,0.0872465314834578
223.3405019999993,1.760229997940841,0.3798470295268588,223.27552100000025,2.383949113966129,0.06803628601921026
223.58668299999937,1.695874483087365,0.4358769121309142,223.52275000000026,2.407014304833407,0.060032017075773735
223.82965299999927,1.592625858103402,0.5130736392742796,223.7720730000003,2.399026923622027,0.06163287086446106
224.08855699999924,1.4752432119621361,0.6201529704731412,224.02059000000023,2.3680864053417263,0.07363927427961577
224.33407599999924,1.3648881942073663,0.7508893632159376,224.26909200000017,2.3215249961086806,0.0880469583778015
224.59056999999927,1.2716380183965101,0.8991462113127,224.51595600000007,2.263446730542896,0.10725720384204905
224.82707599999932,1.1964107306938216,0.9719850586979721,224.76351600000012,2.196758887329729,0.14247598719316965
225.07806399999944,1.1373680135313495,0.9999999999999999,225.0138050000001,2.1265554147507997,0.17938456065457128
225.32059199999952,1.0950027923594516,0.9999999999999999,225.25507100000016,2.0619241107008084,0.21175738171469222
225.5665989999995,1.073974018644132,0.9999999999999999,225.5157670000001,2.014933294862533,0.2379046602632515
225.8096579999996,1.0812479549206127,0.9999999999999999,225.74811700000012,1.9983479643636193,0.24413020277481323
226.06460199999964,1.1207860013415627,0.9999999999999999,225.99644100000012,2.0200620146776846,0.23292422625400216
226.3205379999996,1.1886759663954078,0.9799893276414087,226.24964300000008,2.08089913909954,0.2055318392031306
226.5553019999996,1.2737904698735363,0.8967449306296691,226.4944760000002,2.174874062160504,0.1519921736036997
226.8133359999996,1.3648058581633737,0.7521344717182499,226.74027200000018,2.2904644373334886,0.10165421558164354
227.05341799999957,1.453430207520585,0.6388295980078263,226.9973040000003,2.4107871503542446,0.060032017075773735
227.2993729999996,1.53134257121572,0.5603877623621486,227.23676200000034,2.512283745128377,0.03121664887940234
227.55189499999958,1.5891668134660961,0.5143187477765919,227.4791670000003,2.567834244276245,0.016008537886872978
227.7951949999996,1.6211660404783763,0.4869263607257204,227.73564000000027,2.557365163586336,0.020811099252934864
228.04441599999956,1.6282234537556481,0.4856812522234081,227.98369300000033,2.484038414926752,0.038420490928495164
228.29554199999959,1.6177619154372171,0.4906616862326574,228.2329480000004,2.3720342769662555,0.07283884738527215
228.53895499999953,1.593209600041715,0.5130736392742796,228.4764850000004,2.252332178268517,0.11366061899679826
228.78394099999954,1.5557174937881084,0.5491817858413376,228.72079300000033,2.1490980493427343,0.16693347563144792
229.02953299999953,1.5090863878954242,0.586535040910708,228.9898070000003,2.0744892167213926,0.21175738171469222
229.2788649999995,1.4586790331719015,0.633849163998577,229.2131830000003,2.029140039418922,0.22794379224475272
229.54463499999957,1.4104448767287938,0.6985948061188189,229.4638530000003,2.007467576971635,0.24039487726787623
229.78183099999953,1.369040382040833,0.7446638207043758,229.71503300000035,2.0037063454405484,0.24039487726787623
230.02060999999958,1.3380320879787106,0.8044290288153682,229.96359000000035,2.0164787771030213,0.23541444325862676
230.28070299999956,1.318127868086474,0.846762717893988,230.20661400000037,2.052145953547029,0.2192280327285664
230.51781099999945,1.3099495742443712,0.8567235859124867,230.4500960000003,2.119196311364451,0.18311988616150832
230.78962799999945,1.3141155837269252,0.853521878335112,230.70212200000017,2.2155210836898593,0.13207043756670225
231.01879999999935,1.3284902624292005,0.825595873354678,230.96017800000016,2.3239622011495324,0.0872465314834578
231.26875799999928,1.348852383245923,0.7782817502668091,231.19624200000015,2.421210118427524,0.060032017075773735
231.51426699999928,1.3736620254988372,0.7371931696905017,231.438835,2.4903589272247912,0.03601921024546422
231.7571309999993,1.4045517402033554,0.7023301316257561,231.690834,2.5237800126146928,0.03041622198505872
232.00672699999924,1.4405132669545355,0.6537709000355746,231.93758199999996,2.5191453035046076,0.03041622198505872
232.2550839999993,1.4738654464919543,0.6201529704731412,232.1901909999999,2.485732694269507,0.037620064034151544
232.49854999999934,1.487951538587387,0.6039665599430808,232.43306699999965,2.444602305066121,0.0520277481323372
232.73917599999933,1.4612624121729396,0.6313589469939523,232.68251899999962,2.4173206571982138,0.060032017075773735
232.99251999999925,1.3837211699171812,0.7322127356812522,232.93697599999956,2.4141365430949246,0.060032017075773735
233.2484539999992,1.2706945870389041,0.9007470651013874,233.1872159999995,2.4322012247286278,0.05602988260405547
233.4900349999991,1.1520437043912317,0.9999999999999999,233.4209039999994,2.4580264369821596,0.04882604055496264
233.7608529999991,1.0490178151817988,0.9999999999999999,233.6684079999995,2.4746985160092208,0.04242262540021343
233.98919399999906,0.9679728140371688,0.9999999999999999,233.92297799999963,2.4694638947233085,0.04322305229455705
234.246592999999,0.9071587950599614,0.9999999999999999,234.1653989999996,2.435841127705836,0.05442902881536823
234.49025099999898,0.8623701394178979,0.9999999999999999,234.41441099999966,2.372735934654652,0.07283884738527215
234.727007999999,0.8276591032726133,0.9999999999999999,234.65683399999972,2.287451700744007,0.10245464247598716
234.97890699999897,0.7971221575524744,0.9999999999999999,234.90229599999975,2.1965038238455397,0.14247598719316965
235.22243499999888,0.7680868524618586,0.9999999999999999,235.15629499999957,2.1230097989225434,0.18062966915688358
235.47243299999886,0.7434418984562225,0.9999999999999999,235.3972279999995,2.0886442762016415,0.20055140519388115
235.72137399999886,0.7314654503703389,0.9999999999999999,235.65337999999946,2.105446710230741,0.18810032017075778
235.9747939999988,0.742870776114326,0.9999999999999999,235.8946209999995,2.173065781146174,0.15448239060832444
236.21091599999878,0.7896955519006059,0.9999999999999999,236.1424509999995,2.276808117482794,0.10405549626467449
236.45731899999882,0.8773917425957702,0.9999999999999999,236.38893699999963,2.3883748232458797,0.06563500533617932
236.70829999999876,0.9946290472924808,0.9999999999999999,236.66201299999946,2.468983399387028,0.04322305229455705
236.94985599999876,1.1132729021156167,0.9999999999999999,236.8888919999995,2.485266350295317,0.037620064034151544
237.19985899999864,1.2044727623891636,0.963180362860192,237.13682499999933,2.4252435922166815,0.05763073639274279
237.4458179999985,1.2542817163304172,0.9119530416221984,237.37920799999935,2.3014841721618167,0.09605122732123796
237.68824599999843,1.2626968882551282,0.9079509071504801,237.62700899999913,2.145378479065495,0.16942369263607251
237.94738499999858,1.2400430439030437,0.9263607257203842,237.879265999999,1.9927400431068731,0.24537531127712553
238.18432799999854,1.2007801312310904,0.967982924226254,238.12426799999903,1.87204447788609,0.2964247598719317
238.45245399999845,1.1595704071639343,0.9999999999999999,238.37089799999902,1.7986279834495749,0.3524546424759871
238.6852559999984,1.1284113588771425,0.9999999999999999,238.62164699999906,1.7738169563742667,0.3748665955176094
238.93331399999835,1.1134477675036052,0.9999999999999999,238.87517599999904,1.7863139033901168,0.36241551049448595
239.19761199999837,1.1124402323326013,0.9999999999999999,239.11916699999898,1.8187408147763922,0.3325329064389896
239.4251089999983,1.1194922447982412,0.9999999999999999,239.3581959999989,1.8528828119904468,0.30887584489505515
239.67674199999823,1.1279330584326366,0.9999999999999999,239.6110439999988,1.8718004144360547,0.297669868374244
239.93097599999822,1.1368165988604195,0.9999999999999999,239.86453599999876,1.865261472269877,0.30140519388118103
240.16665099999818,1.220926328196202,0.9447705442902881,240.10011199999892,1.8355760585370506,0.3200818214158663
240.42450399999822,1.9171589707928858,0.2690323728210601,240.35285499999887,1.797217941647813,0.3524546424759871
240.66190099999827,3.213673809762625,0.0,240.5989609999988,1.768566014162394,0.377356812522234
240.9226399999982,4.437639013316368,0.0,240.84751799999876,1.7618349484952116,0.3798470295268588
241.1725079999982,5.317684796774669,0.0,241.09835199999867,1.7804879359328938,0.36366061899679836
241.4132759999982,5.86586343722318,0.0,241.33827399999856,1.8214164834090143,0.3312877979366773
241.66030299999815,6.153893640254218,0.0,241.59328499999862,1.8769061426271088,0.29268943436499467
241.90871499999812,6.248767234652478,0.0,241.84133999999858,1.9383720836504912,0.26529704731412307
242.16302099999808,6.201242075074182,0.0,242.08579699999845,2.0017605925579955,0.24163998577018853
242.393237999998,6.048017934827163,0.0,242.32804299999847,2.068396737574636,0.21175738171469222
242.64155299999786,5.813744566952773,0.0,242.57904999999855,2.136423128233245,0.17564923514763428
242.89463999999788,5.513201709320286,0.0,242.82902499999844,2.193183101740954,0.1448772678762006
243.13551299999784,5.154960549139942,0.0,243.08512199999845,2.220331815212488,0.13046958377801493
243.39548499999793,4.749642462470073,0.0,243.32294099999845,2.2044133398786845,0.13847385272145138
243.6428569999979,4.3272633136767835,0.0,243.5694439999985,2.1464425049106137,0.16942369263607251
243.89034199999776,3.9688148917609567,0.0,243.8137649999985,2.0602539189720277,0.21424759871931692
244.1412919999978,3.690439995344396,0.0,244.06730699999872,1.9625778260236064,0.2553361792956243
244.3872409999978,3.4038748796173315,0.0,244.32725599999875,1.8649994779200294,0.30140519388118103
244.6420209999979,3.090273142589643,0.0,244.5629069999988,1.7715607795582116,0.3761117040199217
244.88086599999795,2.763887485990285,0.0,244.8072039999988,1.6808015209041236,0.4520633226609747
245.11698699999803,2.4362552744601382,0.053628601921024525,245.05836699999887,1.592924090116129,0.5130736392742796
245.36596699999805,2.1231298652620163,0.18062966915688358,245.30934599999892,1.5154129526265545,0.5815546069014584
245.6150289999981,1.8404466865955778,0.3163464959089292,245.54997399999894,1.4606781410088234,0.6313589469939523
245.86079999999802,1.5989528423455304,0.5105834222696549,245.79751999999903,1.4377847913935593,0.6599964425471364
246.12575799999803,1.4017183143614935,0.7023301316257561,246.05591899999897,1.4492746451488472,0.641319815012451
246.36380899999807,1.246257043950824,0.9207577374599786,246.2970009999991,1.4880357964333377,0.6039665599430808
246.599636999998,1.1278397985275581,0.9999999999999999,246.53841999999918,1.5371433834579191,0.5603877623621486
246.85424999999805,1.0408175691768764,0.9999999999999999,246.78768199999917,1.5759019844007436,0.5317502668089648
247.09984299999792,0.9778128973898415,0.9999999999999999,247.03877999999918,1.5850866170316642,0.5242796157950907
247.3486259999979,0.9322728552776965,0.9999999999999999,247.28281599999914,1.554643554000143,0.55042689434365
247.59861499999784,0.898854490618761,0.9999999999999999,247.54333699999924,1.4909362434841262,0.6027214514407685
247.8389339999978,0.8742196952662947,0.9999999999999999,247.7827889999992,1.4196166882666805,0.6861437210956955
248.0969939999977,0.8557870910637863,0.9999999999999999,248.02685999999923,1.3747353916587477,0.7371931696905017
248.33888999999778,0.8407887227691746,0.9999999999999999,248.27464799999933,1.380669991596962,0.7334578441835646
248.59391099999777,0.8265455860963552,0.9999999999999999,248.5287139999993,1.4403339585079513,0.6537709000355746
248.8304999999977,0.8110781145317285,0.9999999999999999,248.7722319999993,1.5368461288186681,0.5603877623621486
249.08880799999773,0.7939057257227563,0.9999999999999999,249.01574299999928,1.6414518927115074,0.47945570971184637
249.3423469999977,0.7755096432252555,0.9999999999999999,249.26869799999935,1.720405277326915,0.41471006759160434
249.58479199999766,0.7568460713915055,0.9999999999999999,249.5167559999992,1.745092056781999,0.39478833155460696
249.83478699999765,0.7370391713828462,0.9999999999999999,249.7656869999992,1.7024324153729837,0.43214158662397717
250.0751379999976,0.7137743278349068,0.9999999999999999,250.0078889999991,1.6004690959369188,0.5093383137673426
250.32027799999753,0.685970463627394,0.9999999999999999,250.256244999999,1.46387169881779,0.6301138384916399
250.56168799999762,0.6552586383189537,0.9999999999999999,250.50238699999903,1.321959990393841,0.8330665243685523
250.82213399999742,0.6244518451846668,0.9999999999999999,250.74963599999904,1.1968008715194611,0.9719850586979721
251.06715199999746,0.5957576143410757,0.9999999999999999,250.99912099999904,1.1014666717756627,0.9999999999999999
251.31075999999746,0.5698768706586972,0.9999999999999999,251.24023899999895,1.0432627192599004,0.9999999999999999
251.56074999999743,0.546714556806635,0.9999999999999999,251.49692399999896,1.024694119174912,0.9999999999999999
251.79967999999735,0.527554326342669,0.9999999999999999,251.7368759999989,1.0408082428505194,0.9999999999999999
252.0544889999972,0.516273483216786,0.9999999999999999,251.9978009999989,1.0777157718050216,0.9999999999999999
252.31994599999723,0.5170553773687029,0.9999999999999999,252.2358449999988,1.1129134571164643,0.9999999999999999
252.5476599999971,0.5310670281931706,0.9999999999999999,252.48546599999875,1.1260992578598135,0.9999999999999999
252.81233499999706,0.5556186772568438,0.9999999999999999,252.7253329999988,1.1119402477464269,0.9999999999999999
253.0484649999971,0.5852037814641252,0.9999999999999999,252.97631499999866,1.080912060310701,0.9999999999999999
253.29110899999705,0.6129437438390242,0.9999999999999999,253.2164799999987,1.048580757851568,0.9999999999999999
253.5404119999972,0.6329910915056073,0.9999999999999999,253.4669199999988,1.0271442560180037,0.9999999999999999
253.77940399999716,0.6415235630143438,0.9999999999999999,253.7088399999987,1.023950479921053,0.9999999999999999
254.02846799999713,0.640113449049053,0.9999999999999999,253.96289899999866,1.042795716731204,0.9999999999999999
254.28179299999715,0.6364971449315715,0.9999999999999999,254.21097699999873,1.085431140372901,0.9999999999999999
254.52777499999718,0.6383933697711626,0.9999999999999999,254.45438599999866,1.1503874170974888,0.9999999999999999
254.78641499999716,0.6478160836363217,0.9999999999999999,254.69896999999864,1.229848193177973,0.9367662753468516
255.03641099999712,0.6618204003876588,0.9999999999999999,254.95506599999857,1.3114399253228661,0.855923159018143
255.26492399999705,0.67624433079878,0.9999999999999999,255.20805599999846,1.3859850725450962,0.7272323016720029
255.5205639999969,0.6883624452544931,0.9999999999999999,255.4495759999985,1.4538531473046812,0.637584489505514
255.77794199999695,0.6980034352167207,0.9999999999999999,255.6950309999986,1.52075919128783,0.5753290643898968
256.0188099999971,0.7063578325041586,0.9999999999999999,255.93693999999857,1.5904886735092836,0.5143187477765919
256.260064999997,0.7143367710388405,0.9999999999999999,256.19054899999855,1.6612644206629326,0.46824973319103524
256.5045849999968,0.7205282763750916,0.9999999999999999,256.43598699999853,1.724970555539149,0.41097474208466733
256.7666409999967,0.7215409350804715,0.9999999999999999,256.6830409999986,1.7676304142149384,0.377356812522234
257.03196299999667,0.7153045576992849,0.9999999999999999,256.92882499999865,1.775933978835666,0.36988616150835996
257.25563299999664,0.7024824211194227,0.9999999999999999,257.1787879999987,1.7483576388015862,0.3898078975453575
257.4999299999967,0.6862012612800591,0.9999999999999999,257.4262089999985,1.695398467782402,0.4358769121309142
257.7423199999967,0.6719593317467164,0.9999999999999999,257.6761679999985,1.6331496086700008,0.48319103521878337
258.0023399999967,0.666324725001255,0.9999999999999999,257.9236249999984,1.5777851571833565,0.5305051583066525
258.2432529999967,0.6761769397652827,0.9999999999999999,258.16241899999835,1.5441803753401764,0.557897545357524
258.48673199999666,0.7046164665957998,0.9999999999999999,258.42050299999835,1.5422501486764337,0.5591426538598363
258.7432199999967,0.7452374167748501,0.9999999999999999,258.6635239999983,1.5755316576713652,0.5317502668089648
258.99885799999674,0.7822121872373449,0.9999999999999999,258.9095069999983,1.6423224104690701,0.47821060120953407
259.2328709999968,0.8030980759682343,0.9999999999999999,259.1640019999983,1.7331792645687232,0.4035040910707933
259.4762659999969,0.8054397443097215,0.9999999999999999,259.41194199999825,1.832348186276026,0.322572038420491
259.7312369999969,0.7932071196299881,0.9999999999999999,259.6664969999983,1.9214080484789082,0.2677872643187478
259.9707329999969,0.7721739575101287,0.9999999999999999,259.90067599999816,1.983919634610898,0.250355745286375
260.23412199999694,0.7475790552934145,0.9999999999999999,260.14963899999805,2.0106679996646473,0.2379046602632515
260.479620999997,0.7225046083832516,0.9999999999999999,260.3939769999981,2.001052923677981,0.24163998577018853
260.7194689999971,0.6981793705656683,0.9999999999999999,260.637040999998,1.9659458589767245,0.2528459622909996
260.96200199999726,0.675085955494649,0.9999999999999999,260.88799199999806,1.9208118358680317,0.2677872643187478
261.2124299999972,0.6540734133278994,0.9999999999999999,261.130438999998,1.8713193517471014,0.297669868374244
261.47743599999717,0.637577801338006,0.9999999999999999,261.38232299999794,1.8111974778468936,0.3412486659551761
261.7078739999971,0.6279225617260712,0.9999999999999999,261.63088899999786,1.735216583133869,0.402258982568481
261.95918299999704,0.6282759486631131,0.9999999999999999,261.87779299999784,1.644162300111228,0.47821060120953407
262.2053159999972,0.6414194001847267,0.9999999999999999,262.12229899999784,1.546942498292758,0.5554073283528993
262.45250099999686,0.6673138982757115,0.9999999999999999,262.37134899999774,1.4577141080495275,0.633849163998577
262.6932889999969,0.7014865111910509,0.9999999999999999,262.62031399999773,1.390136303401237,0.7197616506581287
262.9514079999968,0.7363796225487009,0.9999999999999999,262.8751899999978,1.3537146359892,0.7695659907506225
263.1964689999968,0.7643173506920257,0.9999999999999999,263.110176999998,1.3511400735225432,0.774546424759872
263.4477499999968,0.7781021024343029,0.9999999999999999,263.3732239999981,1.3773696035318994,0.7359480611881895
263.6871919999968,0.7724627170653471,0.9999999999999999,263.610149999998,1.422346937410488,0.6848986125933831
263.93275299999686,0.7461783282681149,0.9999999999999999,263.8535499999979,1.4737453759093047,0.6201529704731412
264.180236999997,0.7028100135599624,0.9999999999999999,264.1025149999979,1.518306876840751,0.5778192813945215
264.43369099999694,0.6497620998726968,0.9999999999999999,264.3491749999978,1.5455765925515272,0.5566524368552117
264.6811609999969,0.5948554503815416,0.9999999999999999,264.60392999999766,1.5511796573873626,0.5516720028459623
264.9366739999969,0.5441402137313006,0.9999999999999999,264.8418079999975,1.5357662128384897,0.5603877623621486
265.17646799999716,0.5018075921731103,0.9999999999999999,265.0912989999974,1.5028876465593641,0.5890252579153327
265.4288529999973,0.47149854560568416,0.9999999999999999,265.34179599999726,1.456702535052275,0.6350942725008893
265.6664479999972,0.45781577105201277,0.9999999999999999,265.5841999999971,1.400644998360462,0.7048203486303807
265.9292689999972,0.4668432604496579,0.9999999999999999,265.83675299999703,1.3386025395045462,0.8044290288153682
266.171859999997,0.5044943757252173,0.9999999999999999,266.09279799999706,1.2757870180649278,0.8951440768409819
266.41782399999687,0.5707125996214827,0.9999999999999999,266.33872299999723,1.2177524966046485,0.947171824973319
266.65821699999674,0.6523886617141411,0.9999999999999999,266.5761189999973,1.1681621604077854,0.9991995731056563
266.90676599999694,0.727615953205534,0.9999999999999999,266.82400299999716,1.1281972997957648,0.9999999999999999
267.1557439999968,0.7786775221235819,0.9999999999999999,267.08207999999723,1.0974047916990497,0.9999999999999999
267.40414299999696,0.8001500587341752,0.9999999999999999,267.3475199999973,1.0762652051957595,0.9999999999999999
267.64517899999686,0.796940509816977,0.9999999999999999,267.5725369999974,1.0679870386313195,0.9999999999999999
267.893991999997,0.7772759567152099,0.9999999999999999,267.8124399999974,1.0757541722454755,0.9999999999999999
268.14391099999705,0.7491388189509421,0.9999999999999999,268.07406399999746,1.099710632625034,0.9999999999999999
268.39902799999703,0.7183981491033012,0.9999999999999999,268.3088799999972,1.1354438212591578,0.9999999999999999
268.643342999997,0.6887109866494163,0.9999999999999999,268.5619489999971,1.1739727770464785,0.992796157950907
268.88095199999685,0.6623998981755728,0.9999999999999999,268.80350399999736,1.2044206359218026,0.963180362860192
269.15457399999684,0.6411252558236262,0.9999999999999999,269.05591199999725,1.2190479953571933,0.9455709711846317
269.3834619999966,0.6258362948442423,0.9999999999999999,269.2945719999973,1.2180614445500375,0.9455709711846317
269.6348999999968,0.6169305060616993,0.9999999999999999,269.54265099999725,1.2111971223251548,0.9543756670224118
269.88408399999685,0.6142725520668082,0.9999999999999999,269.7965669999972,1.2131627692278806,0.9519743863393809
270.1264619999967,0.6167115647502549,0.9999999999999999,270.04149999999737,1.2354499678331983,0.9279615795090714
270.37435099999675,0.6219356604186536,0.9999999999999999,270.2954009999972,1.2804257017214202,0.8871398078975453
270.6183369999969,0.6267769225446612,0.9999999999999999,270.54534599999704,1.339727783391652,0.8019388118107436
270.8687149999968,0.6281969682617484,0.9999999999999999,270.78753199999704,1.3977700570579354,0.7085556741373178
271.14859899999664,0.6239432431092815,0.9999999999999999,271.0328269999973,1.4395754367518931,0.6575062255425115
271.35922299999675,0.6134414668357449,0.9999999999999999,271.29091899999736,1.4581453935678856,0.633849163998577
271.6132569999967,0.598450657367777,0.9999999999999999,271.5253479999975,1.4564424907801716,0.6350942725008893
271.8671539999969,0.5829733654557289,0.9999999999999999,271.77779499999724,1.4427119133038087,0.6537709000355746
272.108028999997,0.5709880505509142,0.9999999999999999,272.0263029999973,1.4258193670010357,0.6824083955887585
272.35951299999704,0.564278222755675,0.9999999999999999,272.2674779999974,1.411544037225121,0.6985948061188189
272.6104759999968,0.5599040856691911,0.9999999999999999,272.5134709999974,1.4000901386097522,0.7048203486303807
272.851914999997,0.5526206111873329,0.9999999999999999,272.7710549999977,1.3860553228745802,0.7272323016720029
273.1025479999969,0.5394512218796418,0.9999999999999999,273.01654099999774,1.3627845149488516,0.7558697972251868
273.3394189999969,0.5227507220404908,0.9999999999999999,273.25792199999785,1.3288868714214428,0.825595873354678
273.59941399999695,0.5076117048472332,0.9999999999999999,273.53988499999804,1.2910499301606064,0.8783351120597651
273.84008999999696,0.4989037162720926,0.9999999999999999,273.7692069999983,1.262852405547963,0.9079509071504801
274.092500999997,0.49971915568882364,0.9999999999999999,274.0027419999984,1.260487944575568,0.9079509071504801
274.34055199999716,0.5098651539853143,0.9999999999999999,274.2523869999983,1.2951615942884667,0.8735325506937033
274.579853999997,0.5258059411634444,0.9999999999999999,274.5067859999983,1.3644148737882442,0.7533795802205622
274.8338509999968,0.5423786624049578,0.9999999999999999,274.7507359999985,1.450532948590534,0.6400747065101388
275.08122299999695,0.5551763324086142,0.9999999999999999,275.0212019999988,1.5268759523433322,0.5691035218783351
275.32827099999696,0.5627931456778225,0.9999999999999999,275.24187099999875,1.573561859590098,0.5317502668089648
275.6053049999971,0.5668183646199887,0.9999999999999999,275.4887579999987,1.5858084528488399,0.5230345072927784
275.8167959999971,0.5697254101814112,0.9999999999999999,275.73770499999875,1.572829952605348,0.5342404838135895
276.06613299999714,0.5727001408788086,0.9999999999999999,275.98226599999884,1.55305564420515,0.5516720028459623
276.3112929999973,0.5749443467079393,0.9999999999999999,276.22917299999904,1.5444687246523132,0.557897545357524
276.5560979999975,0.5741127655016067,0.9999999999999999,276.48225699999904,1.5520574148835675,0.5516720028459623
276.82859399999757,0.5676337379396315,0.9999999999999999,276.724013999999,1.5677595447844412,0.5392209178228388
277.0568729999975,0.5554979484022755,0.9999999999999999,276.968949999999,1.5808223275849504,0.5292600498043402
277.30524699999734,0.5416422383325867,0.9999999999999999,277.21533299999874,1.5866072338697121,0.5217893987904662
277.55438799999723,0.5318029588154523,0.9999999999999999,277.4659869999988,1.5893687438425346,0.5143187477765919
277.7963159999975,0.5302621388075697,0.9999999999999999,277.7109409999986,1.5987458634898428,0.5118285307719672
278.0453909999975,0.5374377181480292,0.9999999999999999,277.96049399999873,1.6224489209389397,0.4869263607257204
278.30337299999746,0.549583150188666,0.9999999999999999,278.21327999999886,1.661030353399919,0.46824973319103524
278.5417259999974,0.5607352525825025,0.9999999999999999,278.4566839999988,1.7089393647527673,0.42591604411241557
278.81769899999756,0.5659485523016679,0.9999999999999999,278.7061689999989,1.7582187898555381,0.3810921380291712
279.04217199999744,0.5642902178656068,0.9999999999999999,278.95775799999905,1.8036520442272201,0.3462290999644254
279.2845229999975,0.5589831043434446,0.9999999999999999,279.19694999999905,1.8451277333381808,0.3138562789043045
279.5390299999975,0.555218551970665,0.9999999999999999,279.4475829999989,1.8864711359545758,0.2901992173603699
279.7879019999974,0.5571233026670973,0.9999999999999999,279.69450499999897,1.9337951535536615,0.26654215581643537
280.0369089999978,0.5658323646733168,0.9999999999999999,279.94609899999864,1.9937474880131607,0.24413020277481323
280.28192599999784,0.5789277470964864,0.9999999999999999,280.19604399999884,2.0738022315289766,0.21175738171469222
280.5263899999977,0.5925432109469931,0.9999999999999999,280.442012999999,2.179425626136309,0.14887940234791885
280.7743099999978,0.6044333132698931,0.9999999999999999,280.68204499999905,2.310189605930582,0.09124866595517607
281.02130299999754,0.6145369232757895,0.9999999999999999,280.927004999999,2.4597799082542267,0.047225186766275316
281.2722509999979,0.6241202975436312,0.9999999999999999,281.1739059999989,2.617621554311541,0.005602988260405588
281.5140929999979,0.6345095325880046,0.9999999999999999,281.4184169999988,2.771424132934201,0.0
281.7655259999978,0.6462269586721878,0.9999999999999999,281.6644159999989,2.9103210823847205,0.0
282.01468799999765,0.6565478923417905,0.9999999999999999,281.91179899999855,3.026445872128864,0.0
282.2625619999978,0.6584807880376062,0.9999999999999999,282.1693259999984,3.11171241761246,0.0
282.5023959999978,0.6465575414937227,0.9999999999999999,282.4117889999984,3.1532754177754923,0.0
282.756269999998,0.6223597079621064,0.9999999999999999,282.67879399999845,3.135776985923674,0.0
283.00426099999794,0.5929178213544023,0.9999999999999999,282.9076139999985,3.054489376146839,0.0
283.2625549999981,0.5662678302709927,0.9999999999999999,283.1594879999986,2.9230086683611685,0.0
283.492499999998,0.5487424641400998,0.9999999999999999,283.39933199999865,2.7657089244511104,0.0
283.7475239999978,0.5444554191602761,0.9999999999999999,283.6525099999986,2.605624856040646,0.006403415154749208
283.98942599999776,0.555353293935335,0.9999999999999999,283.89041699999865,2.4560521329473595,0.05042689434364996
284.2422789999978,0.581649291671585,0.9999999999999999,284.1573459999985,2.3202155056210834,0.0880469583778015
284.50233699999785,0.6231095211844944,0.9999999999999999,284.3961289999985,2.195772330573223,0.14247598719316965
284.7298849999982,0.6784534842127621,0.9999999999999999,284.6341609999985,2.080146993366888,0.2067769477054429
284.9863169999981,0.7429563050639671,0.9999999999999999,284.8841419999986,1.9716454942325152,0.2516008537886873
285.22980599999795,0.8071046035558594,0.9999999999999999,285.1391579999986,1.869259934894718,0.297669868374244
285.4752779999981,0.8613443622286193,0.9999999999999999,285.3811839999987,1.7721078553214777,0.3761117040199217
285.716530999998,0.8998587056697409,0.9999999999999999,285.6311459999988,1.6771524491732288,0.45704375667022423
285.964429999998,0.9209523397301592,0.9999999999999999,285.8857429999987,1.5810405312024929,0.5280149413020278
286.212986999998,0.9251827210682065,0.9999999999999999,286.12503899999876,1.4814820493600063,0.6101921024546425
286.4640339999977,0.9140894014102917,0.9999999999999999,286.370942999999,1.3793656595119361,0.7334578441835646
286.7099879999977,0.8908401042864504,0.9999999999999999,286.62008199999894,1.27907711692361,0.887940234791889
286.9543359999976,0.8595314964982836,0.9999999999999999,286.86084399999896,1.1866620471352647,0.9807897545357522
287.2019509999977,0.8261519889506884,0.9999999999999999,287.1107549999989,1.1068947562937126,0.9999999999999999
287.4515279999978,0.8102755369623458,0.9999999999999999,287.3562819999986,1.0421755247256466,0.9999999999999999
287.71590399999775,0.8580776695768422,0.9999999999999999,287.60807399999857,0.9946140630410849,0.9999999999999999
287.9458629999979,1.0168835770489002,0.9999999999999999,287.85266899999874,0.9682145876644057,0.9999999999999999
288.2031249999977,1.2592205745329976,0.9087513340448239,288.1101079999989,0.9684060118804538,0.9999999999999999
288.4405019999976,1.5210404620329543,0.5753290643898968,288.35055099999886,0.9993698304445009,0.9999999999999999
288.69313099999766,1.7596477654585114,0.3798470295268588,288.5956139999989,1.0601129754680398,0.9999999999999999
288.9364009999976,1.9596886662552007,0.2565812877979366,288.84503099999904,1.1446245490018034,0.9999999999999999
289.1867519999974,2.1188369249072663,0.18436499466382075,289.09565899999893,1.244134263114644,0.9215581643543223
289.4342799999974,2.2416553947644218,0.11766275346851653,289.33641299999886,1.3512002254955195,0.774546424759872
289.6766139999973,2.3326800123199773,0.08324439701173962,289.590454999999,1.464253611187097,0.6288687299893276
289.93461199999723,2.4051126078980234,0.06163287086446106,289.8380049999989,1.5876892039358055,0.5180540732835289
290.17052099999705,2.4642904017891425,0.04322305229455705,290.0863349999989,1.7247903631181674,0.41097474208466733
290.41709699999706,2.510369792978865,0.03121664887940234,290.346763999999,1.8663878068336681,0.30016008537886874
290.68167799999713,2.5382043554569202,0.026414087513340453,290.58526899999885,1.9880380560814466,0.24786552828175026
290.931529999997,2.5467439226130058,0.02481323372465313,290.8241649999988,2.0628479605305543,0.21175738171469222
291.16554799999716,2.538959348655313,0.026414087513340453,291.0727029999989,2.0768468591510905,0.20926716471006762
291.42196999999715,2.5199554971154248,0.03041622198505872,291.32950699999907,2.0323080918467467,0.22794379224475272
291.66791699999715,2.4945264055674983,0.03361792956243328,291.5624769999989,1.942568457477715,0.26405193881181077
291.9183779999971,2.465572745642552,0.04322305229455705,291.8261839999988,1.8243564682688662,0.3275524724297403
292.17550599999686,2.4344132798768454,0.05442902881536823,292.05496799999884,1.692282949624127,0.4383671291355389
292.40543099999707,2.4029553604269096,0.06163287086446106,292.3070199999987,1.5594014130039853,0.5442013518320883
292.6602869999971,2.3768546940282818,0.07203842049092844,292.54978299999846,1.4400286832857891,0.6537709000355746
292.90284099999724,2.3695858756106647,0.07363927427961577,292.79507899999845,1.3495535311637161,0.7757915332621843
293.1441789999974,2.408832401024626,0.060032017075773735,293.0405259999987,1.3021712304949171,0.8655282817502667
293.39729599999737,2.536887412288473,0.026414087513340453,293.2919659999985,1.308100631318623,0.8583244397011739
293.64760799999726,2.8181932003123444,0.0,293.5474329999984,1.369883707568505,0.7446638207043758
293.8901469999973,3.2966812802870593,0.0,293.78449899999856,1.4811831869411543,0.6126823194592672
294.1515539999972,3.9158647226105563,0.0,294.0360089999985,1.629664016457711,0.48443614372109567
294.3862359999972,4.55202538787628,0.0,294.2827589999987,1.8000883859771115,0.3487193169690501
294.6329769999974,5.120331580632822,0.0,294.52761899999865,1.9751274737354154,0.2516008537886873
294.87538799999777,5.5807062326373025,0.0,294.77607099999864,2.1373211978346096,0.17564923514763428
295.1306419999979,5.911591196454715,0.0,295.03064599999885,2.2736897492475756,0.10565635005336181
295.3989389999981,6.084241883633918,0.0,295.27501399999903,2.3765813606839252,0.07203842049092844
295.62085999999806,6.057667338951891,0.0,295.51925099999914,2.440279251423116,0.0520277481323372
295.8720599999981,5.805715886994047,0.0,295.7648789999991,2.463279592935963,0.04402347918890075
296.12305199999815,5.3695478326684665,0.0,296.016788999999,2.454459999459179,0.05042689434364996
296.3670659999981,4.864237323567434,0.0,296.26183199999906,2.4283061908104346,0.05763073639274279
296.6149729999981,4.384022845725023,0.0,296.517065999999,2.396858867278575,0.06163287086446106
296.85989799999794,3.9621697199763526,0.0,296.7661009999989,2.3688392195277745,0.07363927427961577
297.1139769999978,3.604366665836313,0.0,297.0018319999989,2.3496395888265504,0.07844183564567765
297.35810699999763,3.308751075845686,0.0,297.2504619999987,2.3389644575222253,0.08324439701173962
297.60514099999784,3.0711680533164305,0.0,297.50574399999886,2.3291473378043612,0.08404482390608324
297.8511639999978,2.8857386145447457,0.0,297.7434169999992,2.308791005300575,0.09284951974386339
298.0979239999977,2.745397402577756,0.0,298.01047299999914,2.2679239557021376,0.10645677694770543
298.34788099999764,2.6436773964509808,0.0,298.24036799999925,2.2093321241513353,0.1344717182497332
298.60056499999774,2.5787863301306606,0.012806830309498416,298.49417699999907,2.1495852147405445,0.16693347563144792
298.85704399999764,2.5573336245472227,0.020811099252934864,298.7375299999992,2.1115069622041176,0.18561010316613305
299.08702599999776,2.5932002168741883,0.010405549626467473,298.990817999999,2.1113012602938297,0.18561010316613305
299.34056699999775,2.691559906007887,0.0,299.2270889999992,2.1496138258242405,0.16693347563144792
299.58456299999756,2.819675028890678,0.0,299.47758899999906,2.2109861241378854,0.1344717182497332
299.85257999999754,2.915989658114936,0.0,299.72019299999886,2.2729015735468785,0.10565635005336181
300.0861659999978,2.936784801730111,0.0,299.9675809999988,2.318745160651128,0.08964781216648875
300.3381709999976,2.87650316951469,0.0,300.2185909999988,2.346377980224905,0.08004268943436497
300.57748799999774,2.7664638408350335,0.0,300.4603169999988,2.3638214558648376,0.07443970117395947
300.8255009999976,2.65900304733411,0.0,300.70978899999875,2.379539762344669,0.07203842049092844
301.07076499999755,2.608711679551511,0.006403415154749208,300.95527299999884,2.3973841076511255,0.06163287086446106
301.3192709999976,2.655264414786182,0.0,301.22021899999856,2.415269614027796,0.060032017075773735
301.5702089999976,2.813342980786222,0.0,301.4582029999987,2.423315555353986,0.05763073639274279
301.82584999999756,3.0714927964888985,0.0,301.6967959999986,2.4088114116172723,0.060032017075773735
302.0606679999977,3.3986534809793634,0.0,301.9466259999988,2.3635403595313997,0.07443970117395947
302.3071969999976,3.7554600894932824,0.0,302.18884499999876,2.2954646630456312,0.10165421558164354
302.5571639999976,4.097791374331737,0.0,302.44020899999873,2.226313065022918,0.12566702241195304
302.80200299999774,4.338983595149656,0.0,302.6861519999988,2.180019910803507,0.14887940234791885
303.05668999999784,4.291654626443178,0.0,302.9401259999989,2.173445463282452,0.15323728210601215
303.3011969999978,3.9033313619160475,0.0,303.1863169999989,2.208793481176075,0.13527214514407682
303.5440559999978,3.3995528784565128,0.0,303.43457699999925,2.2728887251700076,0.10565635005336181
303.788965999998,2.9295304603482406,0.0,303.67622699999924,2.3405407393884494,0.08244397011739592
304.0458539999981,2.5250764159863306,0.03041622198505872,303.9212859999991,2.3794804544448533,0.07203842049092844
304.29329099999785,2.1804022670286,0.14887940234791885,304.17822899999913,2.3621491903545984,0.07443970117395947
304.535315999998,1.8891551905232002,0.2889541088580576,304.423118999999,2.279189254727637,0.10325506937033087
304.7832139999979,1.6486867154092941,0.47572038420490925,304.66653099999905,2.1460592881436713,0.16942369263607251
305.0323219999977,1.4591922858766435,0.6326040554962647,304.9151529999991,1.9924569860763066,0.24662041977943797
305.27634299999767,1.323634088731783,0.8318214158662397,305.16833499999916,1.8462375880304465,0.31136606189967975
305.53471799999755,1.2522091522543009,0.9151547491995731,305.41079999999914,1.7250813924659463,0.41097474208466733
305.78116099999744,1.2742367862482535,0.8967449306296691,305.68775999999946,1.635028629393164,0.48319103521878337
306.02370799999744,1.4455181893296165,0.6463002490217006,305.90046899999965,1.5741558295830607,0.5317502668089648
306.2870479999975,1.7868756838319915,0.36117040199217365,306.14836399999933,1.5376254122334951,0.5603877623621486
306.52189799999746,2.232281169939946,0.12246531483457841,306.40821099999937,1.518841836062445,0.5778192813945215
306.76379899999756,2.673439556435632,0.0,306.6497169999994,1.511036220792981,0.586535040910708
307.0078909999978,2.9882300086017817,0.0,306.8983509999993,1.5067779669020962,0.5877801494130203
307.259778999998,3.075762685437576,0.0,307.1393929999993,1.497096761403189,0.5964959089292067
307.52722699999805,2.90554300101888,0.0,307.39686099999943,1.4736302538722605,0.6201529704731412
307.7561999999981,2.5546303061631193,0.021611526147278567,307.6374519999993,1.4328118880434673,0.6674670935610104
308.0099229999981,2.1635775308791225,0.15946282461757375,307.88287699999927,1.3772785753368462,0.7359480611881895
308.2522489999981,1.8275065488218183,0.326307363927428,308.1258489999993,1.314480592207262,0.8527214514407684
308.50741999999826,1.5675238903234967,0.5392209178228388,308.37440699999894,1.2539527147984415,0.9143543223052294
308.74222699999837,1.3743997691519165,0.7371931696905017,308.6221519999989,1.2029252988396744,0.9647812166488793
308.99732499999845,1.2362911974080033,0.9263607257203842,308.8763319999988,1.1628599474006276,0.9999999999999999
309.24213899999836,1.1406905553300162,0.9999999999999999,309.1190199999987,1.1318081131498197,0.9999999999999999
309.4872039999984,1.0737222995932945,0.9999999999999999,309.3669229999987,1.1098606459986444,0.9999999999999999
309.7322069999984,1.0201240401028626,0.9999999999999999,309.6168959999986,1.1045344878103125,0.9999999999999999
309.9821859999984,0.9655625527318475,0.9999999999999999,309.8642659999985,1.1315019999412594,0.9999999999999999
310.22703399999835,0.9009072734470271,0.9999999999999999,310.1055319999987,1.2092259980965425,0.9567769477054427
310.4750809999984,0.8256438136776103,0.9999999999999999,310.35344999999865,1.3512792410748822,0.774546424759872
310.7361609999984,0.746922714493484,0.9999999999999999,310.5994579999988,1.5586780296553733,0.5442013518320883
310.97420599999845,0.6747527316419875,0.9999999999999999,310.8404389999989,1.8098432740052823,0.3424937744574884
311.2156119999982,0.6170989061622362,0.9999999999999999,311.0908849999989,2.057132359550083,0.21798292422625395
311.4655709999982,0.578358761351429,0.9999999999999999,311.347779999999,2.2373554664720894,0.12086446104589109
311.7138829999983,0.5600723008584798,0.9999999999999999,311.5894369999986,2.3039383405219405,0.09525080042689434
311.96146599999844,0.5612103643896276,0.9999999999999999,311.8317689999989,2.258198934810823,0.10965848452508
312.20551999999844,0.5785615520563331,0.9999999999999999,312.0833239999989,2.1400860015442444,0.17440412664532198
312.46350999999834,0.6078849731465138,0.9999999999999999,312.33172999999897,1.995234121855616,0.24413020277481323
312.7100179999984,0.6449202474954648,0.9999999999999999,312.58883999999887,1.8555745949577347,0.30514051938811815
312.9652409999984,0.6855072938766893,0.9999999999999999,312.82329299999896,1.7380735192870138,0.398523657061544
313.2030969999982,0.7252824921218088,0.9999999999999999,313.0760989999987,1.6494471074834758,0.47572038420490925
313.45050199999827,0.7604448638720475,0.9999999999999999,313.33773099999877,1.5897375850223479,0.5143187477765919
313.70051699999823,0.7879803159072608,0.9999999999999999,313.57667999999865,1.5552150604875519,0.5491817858413376
313.958496999998,0.8057927763950076,0.9999999999999999,313.8215089999985,1.5377490271107992,0.5603877623621486
314.192235999998,0.8130687553159848,0.9999999999999999,314.06699099999867,1.5248658971507758,0.5703486303806475
314.4421889999979,0.8108424969276262,0.9999999999999999,314.3134119999986,1.505148991624496,0.5877801494130203
314.68409899999773,0.8020394192016453,0.9999999999999999,314.5751979999985,1.4728644628135803,0.6201529704731412
314.9395319999977,0.7902776835279794,0.9999999999999999,314.8003679999987,1.4290549377549129,0.6736926360725721
315.2027259999977,0.7787922603320877,0.9999999999999999,315.05246999999883,1.3792914800553269,0.7334578441835646
315.42952699999773,0.7692744732533152,0.9999999999999999,315.30177799999893,1.3336275440445213,0.8143898968338671
315.67095099999773,0.7608085439285828,0.9999999999999999,315.5468919999988,1.3046355728118482,0.8607257203842048
315.9215199999978,0.7504955965265049,0.9999999999999999,315.8039239999989,1.3051036845205435,0.8607257203842048
316.17097199999785,0.735205055030046,0.9999999999999999,316.03899399999875,1.343444323156989,0.791977943792245
316.41536299999774,0.7136717933445428,0.9999999999999999,316.2852099999986,1.4192027361298334,0.687388829598008
316.6709869999977,0.6869261302457247,0.9999999999999999,316.5437739999985,1.5217880665573609,0.5753290643898968
316.9138829999979,0.6573520123531724,0.9999999999999999,316.78928899999846,1.6329699294570377,0.48319103521878337
317.1660249999977,0.6270988313428107,0.9999999999999999,317.02920499999834,1.731980499876596,0.4035040910707933
317.40597299999774,0.598484269999707,0.9999999999999999,317.2726729999985,1.8008734858786855,0.3474742084667378
317.67018999999766,0.5751732462344537,0.9999999999999999,317.52566399999847,1.8285279937100203,0.3250622554251156
317.9029329999978,0.5615345267975582,0.9999999999999999,317.7684929999986,1.8123293939209875,0.3400035574528638
318.15882399999776,0.5599705828290887,0.9999999999999999,318.0180359999986,1.7564858524108713,0.3823372465314835
318.4143339999978,0.5693538377354782,0.9999999999999999,318.2698879999986,1.6700179821243335,0.46202419067947353
318.6486529999977,0.5856407343493785,0.9999999999999999,318.5179609999987,1.5649711473210677,0.5404660263251511
318.8986599999977,0.6041695636465325,0.9999999999999999,318.7622999999987,1.4544933861150855,0.637584489505514
319.1397239999978,0.6208404212856528,0.9999999999999999,319.01238499999886,1.3521845592819033,0.7733013162575597
319.3992179999978,0.632934231997235,0.9999999999999999,319.2579599999988,1.2695141597935338,0.9023479188900746
319.636446999998,0.6401806421015092,0.9999999999999999,319.5049829999988,1.212571465006827,0.9527748132337246
319.8906219999979,0.6444015919106281,0.9999999999999999,319.75431499999866,1.181371012694424,0.9887940234791888
320.1339859999979,0.6475985608528134,0.9999999999999999,320.0017479999987,1.1718387428893238,0.9935965848452507
320.38354899999786,0.6502307901057,0.9999999999999999,320.25492599999876,1.1782366465784877,0.9911953041622198
320.63443599999766,0.6501681674688029,0.9999999999999999,320.4983139999987,1.1931594596570996,0.9759871931696904
320.87944699999747,0.6454235009436726,0.9999999999999999,320.7371439999987,1.2092021397126376,0.9567769477054427
321.1194029999973,0.6364069286197753,0.9999999999999999,321.01469399999866,1.2233358703955348,0.9423692636072571
321.37026899999745,0.6249516733629844,0.9999999999999999,321.2348989999987,1.2380931069614054,0.9263607257203842
321.62317099999746,0.6118002699837501,0.9999999999999999,321.5098119999989,1.258900477767319,0.9087513340448239
321.8703309999975,0.5968261935850211,0.9999999999999999,321.7396899999987,1.2893815015933099,0.8791355389541088
322.12477199999745,0.5817661481214749,0.9999999999999999,321.97612999999865,1.3280178574451351,0.825595873354678
322.36108699999727,0.5712841464785157,0.9999999999999999,322.22733499999873,1.3671297346273559,0.7471540377090004
322.61596699999706,0.571509828472358,0.9999999999999999,322.47301099999885,1.395681873481587,0.7110458911419424
322.873831999997,0.5881269069255091,0.9999999999999999,322.72102399999886,1.4017963810131562,0.7023301316257561
323.10741199999705,0.6228066389346262,0.9999999999999999,322.97155399999895,1.3782566431882453,0.7359480611881895
323.35689299999717,0.669798695781308,0.9999999999999999,323.20963799999885,1.3270171802995794,0.8305763073639274
323.6063749999971,0.7156233405000488,0.9999999999999999,323.4709969999987,1.2592818995485384,0.9087513340448239
323.8538039999972,0.7456310493281334,0.9999999999999999,323.7069509999986,1.1921444543726532,0.9759871931696904
324.1033949999973,0.752148810475985,0.9999999999999999,323.9590769999987,1.145541544644773,0.9999999999999999
324.34354399999734,0.737030127351152,0.9999999999999999,324.2102399999987,1.1382913365150236,0.9999999999999999
324.58707699999724,0.7081224135995411,0.9999999999999999,324.4562489999987,1.182967517819807,0.9871931696905015
324.8519239999971,0.6747389660497202,0.9999999999999999,324.69713899999874,1.2808432609895637,0.8871398078975453
325.0844499999972,0.6450619025682119,0.9999999999999999,324.94171299999874,1.4184004832276413,0.6886339381003203
325.33151399999724,0.624325310673292,0.9999999999999999,325.18850799999865,1.5682326328163927,0.5379758093205265
325.58182699999736,0.6136427493653871,0.9999999999999999,325.43990399999865,1.6976560356544037,0.4346318036286019
325.8323739999972,0.6111611676196854,0.9999999999999999,325.6798529999985,1.7819925501521316,0.36366061899679836
326.08423299999714,0.6145858948368716,0.9999999999999999,325.93582499999854,1.8148518937367897,0.33626823194592675
326.3252289999972,0.6226953220073251,0.9999999999999999,326.1757999999985,1.8070137856064126,0.3437388829598008
326.5797449999973,0.6341330643609593,0.9999999999999999,326.43588599999856,1.7798010691111958,0.36615083600142295
326.81825599999735,0.6464686215872977,0.9999999999999999,326.6737959999987,1.7549951951153753,0.3848274635361082
327.07144399999714,0.6565156436941159,0.9999999999999999,326.9164459999987,1.7458471444391706,0.3910530060476698
327.3143439999972,0.6610554073790617,0.9999999999999999,327.1679129999985,1.7521934667964847,0.3860725720384205
327.57446399999736,0.6580044306196006,0.9999999999999999,327.4198299999986,1.7621158288734686,0.3798470295268588
327.80997199999734,0.6477690103412121,0.9999999999999999,327.66146499999866,1.7606836090897995,0.3798470295268588
328.05390999999724,0.6343528464480984,0.9999999999999999,327.91348299999856,1.7400104476375087,0.39727854855923156
328.3052059999971,0.6254215453356636,0.9999999999999999,328.17344299999866,1.704926293882533,0.43089647812166487
328.55160199999716,0.6300648108461026,0.9999999999999999,328.4042529999986,1.670568528409817,0.46077908217716124
328.79749099999714,0.6545149045509531,0.9999999999999999,328.67523799999867,1.6528447262161576,0.47198505869797225
329.04300299999704,0.6961633856944189,0.9999999999999999,328.9017479999987,1.6598101687069733,0.47073995019565995
329.29485999999696,0.7397920508000465,0.9999999999999999,329.15463399999874,1.686717948908731,0.4445926716471007
329.5400029999971,0.765003849846222,0.9999999999999999,329.40169899999876,1.7172955300896997,0.41720028459622904
329.78691699999735,0.7612384761872631,0.9999999999999999,329.6395719999988,1.7361628636021655,0.398523657061544
330.0429709999976,0.7333850951037387,0.9999999999999999,329.8968589999987,1.7364519279590733,0.398523657061544
330.29053799999735,0.6947580217534022,0.9999999999999999,330.13721399999883,1.7198424487562045,0.41595517609391675
330.5535589999972,0.6589436323163872,0.9999999999999999,330.381601999999,1.6941306234518032,0.4383671291355389
330.77792599999697,0.6355464779505619,0.9999999999999999,330.6267019999989,1.6703131263509283,0.46202419067947353
331.0303339999969,0.628015221227805,0.9999999999999999,330.8790929999988,1.657725434797454,0.47073995019565995
331.27684899999707,0.6341531993399613,0.9999999999999999,331.1266509999988,1.6577462402729017,0.47073995019565995
331.526826999997,0.6484370048724392,0.9999999999999999,331.36684199999877,1.6641980847122995,0.46575951618641054
331.7681709999969,0.6654787998265502,0.9999999999999999,331.62519499999877,1.6718758609806064,0.45953397367484883
332.0133329999969,0.6818748342877958,0.9999999999999999,331.87587399999893,1.679801977193003,0.453308431163287
332.2703339999967,0.6961707879221015,0.9999999999999999,332.11953699999907,1.6885618019160873,0.442102454642476
332.51963199999676,0.7087870166145401,0.9999999999999999,332.36389999999915,1.6982375783858856,0.4333866951262896
332.75887999999713,0.7213219746492383,0.9999999999999999,332.6069559999991,1.7058786901591378,0.42591604411241557
333.0159329999971,0.7345497113723809,0.9999999999999999,332.8524309999991,1.7059130787974506,0.42591604411241557
333.25381699999707,0.7457353395357091,0.9999999999999999,333.11273999999895,1.6925401674884553,0.4383671291355389
333.4992799999973,0.7493432955920987,0.9999999999999999,333.35397699999913,1.6630904816939482,0.46575951618641054
333.76635699999736,0.7413824572890154,0.9999999999999999,333.59892999999926,1.6187563546605226,0.4894165777303451
334.0018859999974,0.7216079734949651,0.9999999999999999,333.84942099999927,1.561484389292005,0.5442013518320883
334.2473349999976,0.6930018031745151,0.9999999999999999,334.09684899999934,1.4927253578915465,0.601476342938456
334.4942909999974,0.6597457190698925,0.9999999999999999,334.3468069999993,1.4137388097522585,0.6961045891141943
334.7507149999974,0.62544779864994,0.9999999999999999,334.5873709999992,1.325375871579773,0.8318214158662397
334.9892189999974,0.5923751859567781,0.9999999999999999,334.83863299999916,1.2331977986882183,0.9303628601921025
335.2332339999974,0.5616523663927807,0.9999999999999999,335.08935799999915,1.148008859875474,0.9999999999999999
335.4935889999976,0.5330440384506048,0.9999999999999999,335.33671899999905,1.0804725806802626,0.9999999999999999
335.7385359999976,0.5052710632926347,0.9999999999999999,335.582160999999,1.0361947888031124,0.9999999999999999
335.98646799999796,0.47748075301759985,0.9999999999999999,335.825105999999,1.0165993568072327,0.9999999999999999
336.22897299999806,0.4507024833816063,0.9999999999999999,336.0738119999989,1.0216821019532065,0.9999999999999999
336.47494099999795,0.4293265615797489,0.9999999999999999,336.3407919999987,1.0504872722884258,0.9999999999999999
336.7189679999979,0.4217825822316427,0.9999999999999999,336.5671929999988,1.100316768476997,0.9999999999999999
336.98171599999813,0.43908370558966664,0.9999999999999999,336.81622799999906,1.1637108152904307,0.9999999999999999
337.21522899999826,0.4908361411076304,0.9999999999999999,337.0662349999988,1.2298458991384291,0.9367662753468516
337.4706959999982,0.5794288995741331,0.9999999999999999,337.31208199999867,1.287990173441288,0.8791355389541088
337.7145619999984,0.6951665487430566,0.9999999999999999,337.55660299999863,1.3293690243711525,0.8243507648523657
337.95808899999867,0.8173297940871189,0.9999999999999999,337.8100259999985,1.349175183830606,0.7770366417644968
338.22454599999867,0.9231328660688339,0.9999999999999999,338.0519389999987,1.3456636353922744,0.7857524012806831
338.4540719999989,1.0005714957361218,0.9999999999999999,338.3074299999989,1.3207226910035765,0.8368018498754892
338.70989099999883,1.0529698189054753,0.9999999999999999,338.5505259999989,1.280534740719397,0.8871398078975453
338.95902399999886,1.0967497957933428,0.9999999999999999,338.8059989999991,1.2333905120191242,0.9287620064034151
339.20404699999864,1.1358693776938922,0.9999999999999999,339.041669999999,1.1870292339448876,0.9807897545357522
339.4470169999986,1.1643950448466636,0.9999999999999999,339.2932849999991,1.1478760362661515,0.9999999999999999
339.69538099999863,1.1847999750648912,0.9839914621131269,339.5466259999992,1.1203166191437637,0.9999999999999999
339.9434139999985,1.199216255624811,0.9703842049092849,339.7851529999991,1.1074254566744957,0.9999999999999999
340.1978869999985,1.2072438511259895,0.9583778014941301,340.0320109999993,1.11069349941589,0.9999999999999999
340.4294689999983,1.2086589843624145,0.9567769477054427,340.2830999999991,1.1280577356238348,0.9999999999999999
340.6814729999979,1.2042093670331266,0.963180362860192,340.52836699999904,1.1548045159501008,0.9999999999999999
340.9283139999978,1.1950565449716455,0.974386339381003,340.77074099999896,1.186323788430209,0.981590181430096
341.1718309999977,1.1825795113181259,0.9871931696905015,341.02595699999904,1.2176820879554253,0.947171824973319
341.43131899999804,1.167919921192527,0.9991995731056563,341.2803949999993,1.2418055752774755,0.9255602988260404
341.6680399999983,1.1512690616215262,0.9999999999999999,341.51625799999937,1.2519951838109875,0.9159551760939166
341.9109719999985,1.1304673392537825,0.9999999999999999,341.76417399999934,1.2450191576837146,0.9215581643543223
342.16604899999857,1.0972907271116321,0.9999999999999999,342.0056469999994,1.2243198061252698,0.9407684098185698
342.4099649999986,1.040758178344312,0.9999999999999999,342.2622609999995,1.1994463504174975,0.9703842049092849
342.6590589999984,0.9853362017184996,0.9999999999999999,342.50354199999947,1.1822388049355503,0.9887940234791888
342.9027999999984,0.9483298978694075,0.9999999999999999,342.7575149999997,1.1831738019239761,0.9871931696905015
343.1581859999983,0.924416051262005,0.9999999999999999,343.00161799999967,1.2080423557901925,0.9567769477054427
343.3977019999982,0.9067249034452811,0.9999999999999999,343.25007700000003,1.255572258956068,0.9119530416221984
343.64802299999815,0.8876221858408553,0.9999999999999999,343.49558000000013,1.3175333389306645,0.8480078263963003
343.90299699999815,0.860120593167573,0.9999999999999999,343.74223100000023,1.381997626618164,0.7322127356812522
344.1429619999981,0.820359454890969,0.9999999999999999,344.0202170000002,1.4388235164594356,0.658751334044824
344.3891179999981,0.7693307373885598,0.9999999999999999,344.2364700000001,1.4837929926688334,0.6077018854500178
344.63654999999807,0.7118871103332862,0.9999999999999999,344.48694600000016,1.516480028058048,0.5803094983991461
344.8950649999983,0.6538488181731039,0.9999999999999999,344.73211700000024,1.537228423890323,0.5603877623621486
345.13340099999823,0.5997917045673782,0.9999999999999999,344.97563899999994,1.546484031928847,0.5566524368552117
345.37505199999845,0.5522781026095753,0.9999999999999999,345.22594399999997,1.545780076177826,0.5566524368552117
345.62648099999836,0.5136123828991005,0.9999999999999999,345.4709930000001,1.5402467819116539,0.5603877623621486
345.88974299999825,0.4879036091653641,0.9999999999999999,345.7223820000001,1.540580748087156,0.5603877623621486
346.1210569999982,0.481472229905947,0.9999999999999999,345.96747600000026,1.5602722474604764,0.5442013518320883
346.36494999999826,0.4996846295427473,0.9999999999999999,346.2158870000002,1.608128824457953,0.4993774457488439
346.61279499999836,0.5426514337359186,0.9999999999999999,346.45730700000007,1.683315003229496,0.4470828886517254
346.85685899999817,0.6041385774082879,0.9999999999999999,346.71887899999984,1.7774457876342882,0.36988616150835996
347.1138049999982,0.673182443720564,0.9999999999999999,346.9648119999997,1.8807581782382095,0.2914443258626824
347.35993299999836,0.7364901060670599,0.9999999999999999,347.2162519999996,1.9887848998261681,0.24786552828175026
347.6224919999982,0.7818046530763241,0.9999999999999999,347.44976299999956,2.1019870770938462,0.1918356456776948
347.85540699999825,0.8018905080808418,0.9999999999999999,347.6997429999996,2.2224325516933754,0.128068303094984
348.0973109999981,0.7972631778002829,0.9999999999999999,347.9450689999996,2.3507362788239945,0.07764140875133403
348.34844699999815,0.7753588271948366,0.9999999999999999,348.19146799999953,2.4847980938485006,0.037620064034151544
348.5964609999981,0.7476231963228793,0.9999999999999999,348.44515599999943,2.619747707492353,0.005602988260405588
348.85804399999824,0.7253375879406166,0.9999999999999999,348.69306099999966,2.7480916630823375,0.0
349.10702399999843,0.7150324642923359,0.9999999999999999,348.9611089999997,2.8557548474908536,0.0
349.3325479999982,0.7149089320551654,0.9999999999999999,349.18499399999973,2.9204978449061656,0.0
349.5905259999982,0.7154993420343844,0.9999999999999999,349.42824899999937,2.922842117461207,0.0
349.83185799999814,0.7077276712091315,0.9999999999999999,349.6757979999992,2.8617715962630266,0.0
350.08243299999816,0.688108338978979,0.9999999999999999,349.92977199999905,2.754790221133381,0.0
350.3661189999982,0.6591791817998922,0.9999999999999999,350.17577299999897,2.626122770950414,0.004002134471718265
350.57618199999814,0.6279954671317756,0.9999999999999999,350.4238039999989,2.4966230106348126,0.03361792956243328
350.8244729999982,0.6014895183669652,0.9999999999999999,350.67330699999894,2.3778755611115123,0.07203842049092844
351.0844609999982,0.5850685855339308,0.9999999999999999,350.91539699999913,2.272349919065116,0.10565635005336181
351.3235839999979,0.5817990011492664,0.9999999999999999,351.16415599999925,2.17544448290486,0.1519921736036997
351.5661019999978,0.5916275684128967,0.9999999999999999,351.40742299999926,2.079781865057101,0.2067769477054429
351.8128629999978,0.6105451253032951,0.9999999999999999,351.67898199999934,1.986502076285229,0.24786552828175026
352.06220899999784,0.631062995629977,0.9999999999999999,351.90402199999943,1.9118666671131668,0.27152258982568483
352.3072649999978,0.6446587251338414,0.9999999999999999,352.1508959999997,1.8781965631482413,0.29268943436499467
352.55777299999767,0.6453572596244351,0.9999999999999999,352.4053979999997,1.9024850745102466,0.2814834578441836
352.79825899999753,0.6322360521577509,0.9999999999999999,352.64878999999974,1.9919494423636355,0.24662041977943797
353.06314199999736,0.609564021496193,0.9999999999999999,352.89683899999966,2.134645495683988,0.17689434364994658
353.32731299999733,0.585216466721096,0.9999999999999999,353.14511799999985,2.2793712238468196,0.10325506937033087
353.5655729999974,0.567038594748902,0.9999999999999999,353.3905699999999,2.3362199602277007,0.08324439701173962
353.7945199999975,0.5593842597593528,0.9999999999999999,353.6381600000002,2.258910278809818,0.10965848452508
354.0460169999976,0.5611839898091905,0.9999999999999999,353.88816000000037,2.0811898673953975,0.2055318392031306
354.2904479999974,0.5672273873998399,0.9999999999999999,354.1321940000005,1.8615111505284418,0.30265030238349344
354.53743399999746,0.5708196183367265,0.9999999999999999,354.3831890000005,1.6464952680204767,0.47821060120953407
354.7838859999975,0.5662849511707739,0.9999999999999999,354.63257800000054,1.463789054517607,0.6301138384916399
355.0284359999974,0.5516451559716244,0.9999999999999999,354.8874190000006,1.3276170510626328,0.8293311988616151
355.2977359999974,0.5296531400551878,0.9999999999999999,355.1280700000005,1.2432807976024223,0.9231590181430095
355.54430399999717,0.506358967067458,0.9999999999999999,355.37057100000055,1.2090152749315148,0.9567769477054427
355.778297999997,0.488868301451075,0.9999999999999999,355.6205020000006,1.216881216451282,0.947171824973319
356.02409799999697,0.4824771707181826,0.9999999999999999,355.86838800000055,1.2528765771807515,0.9151547491995731
356.276687999997,0.4888452958494091,0.9999999999999999,356.1187260000007,1.2997612395772922,0.8711312700106723
356.5299779999971,0.5057647021303595,0.9999999999999999,356.36332400000066,1.3438241505639255,0.7907328352899323
356.78596799999724,0.5287028132053029,0.9999999999999999,356.6159320000009,1.3806683161394997,0.7334578441835646
357.0105929999973,0.552193356908877,0.9999999999999999,356.860151000001,1.4172296933772048,0.694859480611882
357.25952699999715,0.5714311200517455,0.9999999999999999,357.12520900000106,1.4653696802888194,0.626378512984703
357.5067789999972,0.5835811643842469,0.9999999999999999,357.35086400000097,1.530825536578361,0.5616328708644611
357.7522629999973,0.5887208201867523,0.9999999999999999,357.61743200000103,1.608100756505689,0.4993774457488439
358.00890499999724,0.5895621838067213,0.9999999999999999,357.845506000001,1.6817347266980982,0.4508182141586624
358.2471899999972,0.5902748061042207,0.9999999999999999,358.102265000001,1.735550544807443,0.4010138740661686
358.4931989999971,0.595879217769159,0.9999999999999999,358.34738800000105,1.7564806795858232,0.3823372465314835
358.74666599999716,0.6102349750395722,0.9999999999999999,358.59582000000086,1.740347843343819,0.39727854855923156
358.9924329999973,0.6328818406165709,0.9999999999999999,358.8388150000006,1.6941673492510403,0.4383671291355389
359.24241099999716,0.6565877337895316,0.9999999999999999,359.09491800000035,1.6287375595170197,0.48443614372109567
359.4952829999971,0.6704641300058225,0.9999999999999999,359.36289500000015,1.5528700142646668,0.5516720028459623
359.7292579999971,0.6711835103259536,0.9999999999999999,359.5808320000002,1.4756762811217083,0.6201529704731412
360.005257999997,0.6648344626771123,0.9999999999999999,359.8261780000003,1.4096703326082505,0.6985948061188189
360.2278099999969,0.6620789994903535,0.9999999999999999,360.0786940000005,1.3688343657173907,0.7446638207043758
360.4818109999969,0.672055372454013,0.9999999999999999,360.3218340000006,1.3643088761722821,0.7533795802205622
360.7243109999968,0.700047390006737,0.9999999999999999,360.57426500000076,1.3998715832387432,0.7048203486303807
360.97088799999676,0.7466475655666969,0.9999999999999999,360.81971100000084,1.470951249252829,0.6226431874777658
361.214894999997,0.8070194684094881,0.9999999999999999,361.067289000001,1.570905814801502,0.5354855923159019
361.4672669999971,0.870829243603387,0.9999999999999999,361.31632500000103,1.6947442449633339,0.4371220206332266
361.71086399999706,0.9245348455021101,0.9999999999999999,361.56374400000107,1.8368665485460427,0.3175916044112415
361.977645999997,0.9576527247883528,0.9999999999999999,361.81372200000095,1.9883309281006885,0.24786552828175026
362.218822999997,0.966807315334527,0.9999999999999999,362.05491700000096,2.135534628833724,0.17564923514763428
362.456882999997,0.9545175642170138,0.9999999999999999,362.3040490000012,2.263213356750219,0.10725720384204905
362.70328299999716,0.9259559387606814,0.9999999999999999,362.5600930000013,2.3617965245255554,0.07443970117395947
362.95969799999716,0.8861934253362802,0.9999999999999999,362.8024450000013,2.431123088493664,0.05602988260405547
363.20275199999713,0.8387574777106299,0.9999999999999999,363.0529600000011,2.473934796926055,0.04242262540021343
363.450327999997,0.7864465319212565,0.9999999999999999,363.2910480000011,2.4883482389684013,0.03601921024546422
363.69334299999684,0.7331412149738281,0.9999999999999999,363.54261600000103,2.4700209372522806,0.04322305229455705
363.9482599999969,0.6830526700162148,0.9999999999999999,363.791554000001,2.4157253870434205,0.060032017075773735
364.1946639999968,0.6403642764722044,0.9999999999999999,364.03707000000105,2.3291952343146236,0.08404482390608324
364.45268799999667,0.6092692626223508,0.9999999999999999,364.28445600000117,2.2237334998459195,0.12726787620064028
364.6891569999966,0.5933742888083972,0.9999999999999999,364.5500560000012,2.117163259433093,0.18436499466382075
364.93844299999665,0.5947931657509884,0.9999999999999999,364.7770340000014,2.0257096882442496,0.22918890074706516
365.1767499999967,0.6130644089278137,0.9999999999999999,365.02706400000125,1.9579191896057024,0.25782639630024906
365.43674699999656,0.6447790543532766,0.9999999999999999,365.2863310000012,1.9141409203396664,0.27152258982568483
365.6801669999966,0.6848330835256795,0.9999999999999999,365.517138000001,1.890939597868719,0.2877090003557452
365.9276869999966,0.7294210016112205,0.9999999999999999,365.77121100000113,1.8855791993078523,0.2901992173603699
366.17365199999637,0.7778849511235331,0.9999999999999999,366.02275100000094,1.8975992368120198,0.2852187833511206
366.4207659999966,0.8333266846017757,0.9999999999999999,366.26563100000095,1.926025278540384,0.26654215581643537
366.66710799999646,0.8988800258856573,0.9999999999999999,366.5186840000008,1.9681854040914781,0.2528459622909996
366.910178999996,0.9712756218478443,0.9999999999999999,366.758645000001,2.021302898290867,0.23167911775168976
367.1631189999958,1.0392449389690037,0.9999999999999999,367.0271050000011,2.0824797032819817,0.20428673070081815
367.40872199999575,1.0877923254900748,0.9999999999999999,367.252457000001,2.145134803081395,0.16942369263607251
367.6786549999959,1.1035158396719942,0.9999999999999999,367.49859900000104,2.196384868075823,0.14247598719316965
367.9029859999959,1.0801212187039413,0.9999999999999999,367.7524310000009,2.2226472165040527,0.128068303094984
368.145997999996,1.0213846858329825,0.9999999999999999,367.99430900000095,2.2157052411849305,0.13207043756670225
368.392948999996,0.9384693580930299,0.9999999999999999,368.2423630000009,2.1743417173077324,0.1519921736036997
368.6498749999959,0.8462047001144704,0.9999999999999999,368.49537700000116,2.100891105559586,0.1918356456776948
368.9139209999961,0.7586298994297014,0.9999999999999999,368.7349170000012,1.999919580414019,0.24163998577018853
369.141428999996,0.6843578032489471,0.9999999999999999,368.98490900000115,1.8798057263215027,0.2914443258626824
369.38336899999615,0.6250828424690122,0.9999999999999999,369.2339130000013,1.7535009272907087,0.3860725720384205
369.6272589999962,0.5782912852873949,0.9999999999999999,369.4787330000013,1.6378209517811364,0.4819459267164711
369.87530699999616,0.5411670808713807,0.9999999999999999,369.72525600000125,1.5495959117299114,0.5541622198505869
370.1278639999962,0.5117357515199973,0.9999999999999999,369.97616600000123,1.5026757126439954,0.5890252579153327
370.3712809999962,0.4894960786728595,0.9999999999999999,370.2231520000014,1.5064883735429477,0.5877801494130203
370.62127299999617,0.47467845755969534,0.9999999999999999,370.4730280000015,1.5661600503428976,0.5404660263251511
370.87972299999603,0.4674537102738894,0.9999999999999999,370.7256850000014,1.6867648056529598,0.4445926716471007
371.1165889999964,0.46659081557606163,0.9999999999999999,370.96774500000146,1.8732727724902192,0.2964247598719317
371.36157599999626,0.4695784214034697,0.9999999999999999,371.21176100000156,2.1206347874556246,0.18187477765919602
371.6065529999964,0.4738866961665422,0.9999999999999999,371.4595830000015,2.402981361074249,0.06163287086446106
371.8584739999964,0.4782786190987812,0.9999999999999999,371.70205900000144,2.6739300182333983,0.0
372.11294799999655,0.48291019079731556,0.9999999999999999,371.95369200000135,2.8809473011520854,0.0
372.3515029999962,0.48857870959951655,0.9999999999999999,372.20266200000145,2.9862136883006904,0.0
372.60439299999643,0.4952532727580666,0.9999999999999999,372.4667270000014,2.978947437653077,0.0
372.84873499999657,0.5015961595648786,0.9999999999999999,372.70183600000155,2.8720608062216453,0.0
373.10132299999646,0.5060536221153042,0.9999999999999999,372.9453120000016,2.69267800919517,0.0
373.3507869999964,0.5081656458227136,0.9999999999999999,373.19576700000175,2.474214746433343,0.04242262540021343
373.5987019999966,0.5092269812808383,0.9999999999999999,373.4418370000018,2.2490594422265024,0.11446104589114196
373.8541379999965,0.5125057421864101,0.9999999999999999,373.6877510000019,2.0410942853597827,0.2242084667378157
374.0983649999966,0.5221785151626706,0.9999999999999999,373.9322780000021,1.8637722412286042,0.30140519388118103
374.3422499999968,0.5414341388298346,0.9999999999999999,374.1878000000018,1.721290876830832,0.41221985058697974
374.58381899999705,0.5693717612218057,0.9999999999999999,374.42963400000167,1.6102067463082375,0.4943970117395944
374.8306179999972,0.5997642717873092,0.9999999999999999,374.6975720000019,1.5206757888529978,0.5753290643898968
375.0757319999973,0.6230533720208935,0.9999999999999999,374.9225280000018,1.4416966268765066,0.6537709000355746
375.3366989999972,0.631716372883644,0.9999999999999999,375.17061300000194,1.3663720263724397,0.7471540377090004
375.5711979999974,0.6243919595099975,0.9999999999999999,375.42337400000196,1.2936711917796617,0.8735325506937033
375.81800299999765,0.6048781979587027,0.9999999999999999,375.6616220000017,1.2271543637974591,0.9383671291355389
376.06850099999764,0.5795216655041542,0.9999999999999999,375.923030000002,1.1731770849916345,0.9935965848452507
376.31205799999793,0.5557952007248896,0.9999999999999999,376.1596660000021,1.1389126049946374,0.9999999999999999
376.580430999998,0.5406896924183989,0.9999999999999999,376.40591900000203,1.129699544932432,0.9999999999999999
376.81199999999825,0.5396456627964902,0.9999999999999999,376.6633170000021,1.1454458851550195,0.9999999999999999
377.0643999999981,0.5555812051003332,0.9999999999999999,376.89525600000206,1.1790434885033798,0.9895944503735324
377.30841799999826,0.5866978431487107,0.9999999999999999,377.1406750000021,1.2183444590774761,0.9455709711846317
377.55751799999854,0.6255536536896454,0.9999999999999999,377.39422400000217,1.2506271061757774,0.9159551760939166
377.7998129999985,0.6624749950474738,0.9999999999999999,377.639848000002,1.2671699527830544,0.9055496264674493
378.04942099999874,0.6896276405897763,0.9999999999999999,377.89662600000213,1.2663948073258253,0.9055496264674493
378.304274999999,0.703744731300716,0.9999999999999999,378.1372450000021,1.2559466552128755,0.9111526147278548
378.54848199999907,0.7062415340053305,0.9999999999999999,378.3822240000022,1.249779346467445,0.9167556029882603
378.789263999999,0.7005285734537469,0.9999999999999999,378.62746800000224,1.2628319796847545,0.9079509071504801
379.0426819999989,0.6902050152560054,0.9999999999999999,378.8738680000022,1.305058405709628,0.8607257203842048
379.2940789999987,0.6800402867041242,0.9999999999999999,379.125006000002,1.3766828282281007,0.7359480611881895
379.53309699999875,0.6754462635563385,0.9999999999999999,379.3717280000022,1.4673301611612466,0.626378512984703
379.80190799999866,0.6817571942332186,0.9999999999999999,379.6192810000021,1.5608537200602852,0.5442013518320883
380.0340059999986,0.7031327596694844,0.9999999999999999,379.86732100000216,1.640524863865524,0.48070081821415866
380.27425299999874,0.7402533843761946,0.9999999999999999,380.1112850000021,1.692839998925833,0.4383671291355389
380.5348719999988,0.7883428132483487,0.9999999999999999,380.35464100000223,1.7117915611121242,0.42218071860547846
380.7813609999986,0.8371863077174971,0.9999999999999999,380.60607200000203,1.6995483971367848,0.43214158662397717
381.0191699999985,0.8744219271100134,0.9999999999999999,380.85115800000233,1.6647478695157585,0.46575951618641054
381.2667449999987,0.8887551773384539,0.9999999999999999,381.1020160000024,1.6196957519500024,0.4894165777303451
381.5150519999986,0.8761566078431821,0.9999999999999999,381.35356800000244,1.577304221236909,0.5305051583066525
381.7616849999988,0.8407695254797516,0.9999999999999999,381.5987450000025,1.5470402715002929,0.5554073283528993
382.03659999999894,0.79420062174111,0.9999999999999999,381.83676900000245,1.5333640536102,0.5603877623621486
382.2566659999991,0.7505426851223722,0.9999999999999999,382.0916020000024,1.5373259451333667,0.5603877623621486
382.50592799999885,0.7201276677905358,0.9999999999999999,382.35608200000246,1.5611311666004766,0.5442013518320883
382.7665069999986,0.707991284112247,0.9999999999999999,382.58308400000254,1.6108167805608766,0.4943970117395944
383.0201009999988,0.7143756005645038,0.9999999999999999,382.8304890000025,1.698841977773605,0.43214158662397717
383.25063399999897,0.7342963022505956,0.9999999999999999,383.0747950000026,1.8337134397688295,0.3200818214158663
383.4965769999989,0.7578739971308768,0.9999999999999999,383.3257770000026,2.0066011792876455,0.24039487726787623
383.7578349999989,0.7747829494388626,0.9999999999999999,383.5704750000025,2.1860580278639046,0.1464781216648879
383.98868999999894,0.7786917474083667,0.9999999999999999,383.8238410000024,2.330663604632848,0.08404482390608324
384.2601189999991,0.7689748973835431,0.9999999999999999,384.0738270000023,2.410158995495606,0.060032017075773735
384.4945819999989,0.7497316205598343,0.9999999999999999,384.3197830000023,2.4151186636273407,0.060032017075773735
384.7353199999988,0.727852676043322,0.9999999999999999,384.5700300000025,2.3549993129066356,0.07524012806830309
385.00819999999857,0.7111345302291844,0.9999999999999999,384.80704200000235,2.2489092804500452,0.11446104589114196
385.2286009999986,0.7063552517939955,0.9999999999999999,385.0599620000023,2.1188179444417097,0.18436499466382075
385.4795959999985,0.7172906088523324,0.9999999999999999,385.3150910000023,1.9855617973417015,0.24911063678406256
385.7257129999985,0.7431459174013745,0.9999999999999999,385.5639940000025,1.8664863874543571,0.30016008537886874
385.9764179999983,0.7780188102752773,0.9999999999999999,385.8034920000026,1.7779061350458818,0.36864105300604766
386.22360399999826,0.8121158010471633,0.9999999999999999,386.0412610000025,1.7402893899666663,0.39727854855923156
386.4674969999982,0.8348640765710025,0.9999999999999999,386.29225600000257,1.7744166321044075,0.37113127001067236
386.7179369999982,0.8391698922640795,0.9999999999999999,386.5393050000022,1.8895133834690858,0.2889541088580576
386.96292199999806,0.8247623690708777,0.9999999999999999,386.7960480000021,2.0691828635606404,0.21175738171469222
387.2098359999979,0.7966449670342314,0.9999999999999999,387.0341120000022,2.272797706381718,0.10565635005336181
387.466923999998,0.7613072727436135,0.9999999999999999,387.27955700000234,2.452756969246139,0.05042689434364996
387.70245999999815,0.7248001979611084,0.9999999999999999,387.5301350000024,2.571517323129435,0.01520811099252936
387.9657919999984,0.6913621289084981,0.9999999999999999,387.77902000000245,2.6125853047934586,0.006403415154749208
388.20739799999853,0.6620794819192561,0.9999999999999999,388.0235150000024,2.5786285903982487,0.012806830309498416
388.4489519999983,0.6363436547291927,0.9999999999999999,388.28161800000254,2.4843751141858172,0.038420490928495164
388.6959349999984,0.6136237615146313,0.9999999999999999,388.5235190000026,2.349279480975884,0.07924226254002135
388.9440909999986,0.5942906036016505,0.9999999999999999,388.7760640000025,2.1928157939311337,0.1456776947705443
389.1880609999986,0.5802335521709694,0.9999999999999999,389.0146590000023,2.0302558827705117,0.22794379224475272
389.43617399999874,0.5756033341608231,0.9999999999999999,389.26428400000236,1.871406207710859,0.297669868374244
389.6929089999987,0.585173046222105,0.9999999999999999,389.51434400000244,1.7227756530400753,0.41097474208466733
389.9324429999986,0.6115323135487618,0.9999999999999999,389.75712700000224,1.5922033351715636,0.5130736392742796
390.1840059999987,0.6515546422785897,0.9999999999999999,390.0302170000024,1.4868942730779269,0.6039665599430808
390.4263309999988,0.696987235877458,0.9999999999999999,390.2537440000023,1.4117907712506077,0.6973496976165066
390.674315999999,0.7375303645937483,0.9999999999999999,390.49992800000234,1.3693708739111945,0.7446638207043758
390.92428999999896,0.764348989376649,0.9999999999999999,390.74796500000235,1.3589705658933253,0.7608502312344362
391.1693139999988,0.7724894620600304,0.9999999999999999,390.9938370000022,1.376136373582343,0.7359480611881895
391.41623899999865,0.7631564617100491,0.9999999999999999,391.24629800000224,1.4145630621245207,0.6961045891141943
391.6650939999984,0.742679209527953,0.9999999999999999,391.4977970000024,1.4705832405272699,0.6226431874777658
391.93324099999853,0.718271605598282,0.9999999999999999,391.7388130000023,1.54520357354213,0.557897545357524
392.1648739999985,0.6943935264264883,0.9999999999999999,391.99285100000236,1.6425985388701225,0.47821060120953407
392.4093409999985,0.6719380414894792,0.9999999999999999,392.23478100000244,1.7654611199851593,0.377356812522234
392.65620899999834,0.6495390837152758,0.9999999999999999,392.4827110000024,1.9087990973390256,0.27525791533262184
392.9027129999983,0.6258005072679645,0.9999999999999999,392.7392510000025,2.0556700123437137,0.21798292422625395
393.1491099999984,0.6014270184931292,0.9999999999999999,392.97577500000267,2.1796476692402518,0.14887940234791885
393.3984919999983,0.5805586571754233,0.9999999999999999,393.2344660000028,2.256562270512797,0.11205976520811102
393.6444409999982,0.5692532870883574,0.9999999999999999,393.4682920000029,2.2732183053242245,0.10565635005336181
393.8934039999982,0.5723835723474081,0.9999999999999999,393.7145240000029,2.228559124701925,0.12406616862326574
394.1398269999982,0.5893865497567685,0.9999999999999999,393.96977700000315,2.1302506273254673,0.17938456065457128
394.3919499999983,0.6124073507734443,0.9999999999999999,394.21301500000345,1.9932245885488091,0.24413020277481323
394.6438759999984,0.6292787713047521,0.9999999999999999,394.4664160000035,1.8382682614465078,0.3163464959089292
394.8874089999983,0.6314440956914238,0.9999999999999999,394.70496600000354,1.6883230994964042,0.442102454642476
395.15018199999827,0.6184717862941403,0.9999999999999999,394.9554010000035,1.5619342743716835,0.5442013518320883
395.3752859999981,0.5954189635513217,0.9999999999999999,395.19971500000344,1.4694208383528844,0.6238882959800783
395.6454329999984,0.5686796213894283,0.9999999999999999,395.4537050000035,1.411113909942563,0.6985948061188189
395.87011699999834,0.5435995064941763,0.9999999999999999,395.69883000000345,1.3784519670996724,0.7359480611881895
396.1496889999983,0.5236597413359197,0.9999999999999999,395.9488860000035,1.3582239386412986,0.7608502312344362
396.36873399999837,0.5102355009769777,0.9999999999999999,396.2008300000034,1.3372865973632224,0.8056741373176807
396.6221089999983,0.5026952528871591,0.9999999999999999,396.45219600000354,1.3066174506413468,0.8591248665955175
396.8675499999983,0.4987308076954103,0.9999999999999999,396.69361100000367,1.2639248762160258,0.9063500533617929
397.1146249999983,0.4950461482579772,0.9999999999999999,396.94034400000334,1.2135846344181118,0.9503735325506937
397.3570149999984,0.4889359945658296,0.9999999999999999,397.1871940000034,1.1633878010620702,0.9999999999999999
397.60609999999855,0.4794728124861841,0.9999999999999999,397.4291370000035,1.1202544023351748,0.9999999999999999
397.85256099999873,0.4675770815255293,0.9999999999999999,397.7042540000034,1.0870822446077588,0.9999999999999999
398.1025809999988,0.4553973065061788,0.9999999999999999,397.9326550000033,1.0618771744526525,0.9999999999999999
398.3601519999987,0.4453391074728657,0.9999999999999999,398.1755250000033,1.040213540538852,0.9999999999999999
398.5988899999988,0.4396317492665261,0.9999999999999999,398.42683100000335,1.019400154100088,0.9999999999999999
398.84746199999887,0.4396537149539289,0.9999999999999999,398.6722730000032,1.0025966917271125,0.9999999999999999
399.0967159999987,0.4461788273559145,0.9999999999999999,398.92493400000325,0.9986376349147473,0.9999999999999999
399.34645899999873,0.4599841680804148,0.9999999999999999,399.17549700000336,1.017162449676204,0.9999999999999999
399.64882499999885,0.4813440731439281,0.9999999999999999,399.4141930000035,1.0630602603347068,0.9999999999999999
399.85006899999894,0.5095259274335091,0.9999999999999999,399.66816700000356,1.131433549074638,0.9999999999999999
400.088399999999,0.5424778172526034,0.9999999999999999,399.90652000000335,1.206762162248073,0.9591782283884738
400.33034399999895,0.5778246166870358,0.9999999999999999,400.1514680000035,1.2686265187864785,0.903948772678762
400.57629099999906,0.6139935823659576,0.9999999999999999,400.4116010000036,1.3020583790566658,0.8655282817502667
400.83182199999874,0.6510190265577154,0.9999999999999999,400.65000800000354,1.3039548413654531,0.8623265741728922
401.07441799999884,0.6902680508823612,0.9999999999999999,400.91240900000355,1.2816433462647148,0.8863393810032016
401.31736799999885,0.7330228395326102,0.9999999999999999,401.1500880000035,1.247485919879264,0.9191568836712913
401.58414899999906,0.7770860630120783,0.9999999999999999,401.3922950000037,1.213330723836696,0.9519743863393809
401.815663999999,0.8152005571915371,0.9999999999999999,401.63726700000365,1.186607508120696,0.9807897545357522
402.0647189999991,0.838427247813728,0.9999999999999999,401.8979000000036,1.1724746529976504,0.9935965848452507
402.316065999999,0.8422911073449217,0.9999999999999999,402.1337840000035,1.1775226535348744,0.9919957310565634
402.57101599999896,0.8289617845121334,0.9999999999999999,402.3838230000036,1.2080352488862283,0.9567769477054427
402.81466899999907,0.805387492117943,0.9999999999999999,402.63272100000364,1.2622206787211654,0.9079509071504801
403.0619649999991,0.7792826897136054,0.9999999999999999,402.8873210000037,1.322751495796299,0.8318214158662397
403.2989919999991,0.7557551522943594,0.9999999999999999,403.1306960000035,1.3636189280885291,0.7546246887228745
403.5498209999992,0.7365326712790465,0.9999999999999999,403.3781460000035,1.3672250721807404,0.7471540377090004
403.8084709999992,0.7214420223442464,0.9999999999999999,403.6191770000034,1.3345572086901027,0.8118996798292422
404.04311899999936,0.7103645889467209,0.9999999999999999,403.8691690000033,1.2800449949248862,0.8871398078975453
404.3008419999995,0.7036992869217421,0.9999999999999999,404.12001700000314,1.2226300507426973,0.9439701173959445
404.5462339999994,0.7019626346714984,0.9999999999999999,404.3677920000031,1.1803064482694017,0.9895944503735324
404.79613999999947,0.7050037714574967,0.9999999999999999,404.61178200000296,1.1660377357574656,0.9999999999999999
405.05112699999927,0.7119705596373117,0.9999999999999999,404.8650410000029,1.1844288709543522,0.9847918890074705
405.2852179999991,0.7221525348220195,0.9999999999999999,405.11029700000284,1.2287330221570514,0.9383671291355389
405.5284649999989,0.7360774663957657,0.9999999999999999,405.37724800000296,1.2811714915262404,0.8871398078975453
405.7944469999988,0.7556181517087818,0.9999999999999999,405.60285400000305,1.320643302081165,0.8368018498754892
406.0409599999987,0.7820011471919542,0.9999999999999999,405.854505000003,1.334761196314497,0.8118996798292422
406.2837789999986,0.8134298885315011,0.9999999999999999,406.0978740000032,1.3253489133671736,0.8318214158662397
406.52229899999884,0.8434112623444305,0.9999999999999999,406.35250200000297,1.3046583136825578,0.8607257203842048
406.765849999999,0.8621717207766607,0.9999999999999999,406.6105250000029,1.286851264276626,0.880736392742796
407.012263999999,0.8624975467980881,0.9999999999999999,406.8373510000028,1.2798820032401657,0.8871398078975453
407.27886499999886,0.8446910207782189,0.9999999999999999,407.09446500000286,1.2791869634685102,0.887940234791889
407.5058139999991,0.8163546732822051,0.9999999999999999,407.3383700000029,1.2681413760114575,0.903948772678762
407.749766999999,0.7853536425931688,0.9999999999999999,407.58512200000314,1.232415508738227,0.9303628601921025
408.0020509999989,0.75550810835115,0.9999999999999999,407.8367390000031,1.1700846363229056,0.9951974386339381
408.25356699999884,0.7264177151338425,0.9999999999999999,408.0762170000032,1.0893569619716137,0.9999999999999999
408.49658299999896,0.6969469133361205,0.9999999999999999,408.33785700000334,1.0015008221020494,0.9999999999999999
408.7501489999989,0.6686608935606807,0.9999999999999999,408.59105200000334,0.9170755465188154,0.9999999999999999
408.996094999999,0.6466316020623788,0.9999999999999999,408.82567500000357,0.8453281476145995,0.9999999999999999
409.2497369999988,0.6361327218634125,0.9999999999999999,409.07775800000366,0.7943490609413335,0.9999999999999999
409.4842159999991,0.6385093656337029,0.9999999999999999,409.31972600000364,0.7715563866964229,0.9999999999999999
409.7335189999991,0.6513122590021997,0.9999999999999999,409.5640290000038,0.78005977198833,0.9999999999999999
409.99108699999925,0.6700831660447676,0.9999999999999999,409.8211340000039,0.8117413818329738,0.9999999999999999
410.2406279999993,0.6921844010464019,0.9999999999999999,410.0579820000039,0.8486784872314718,0.9999999999999999
410.4876589999991,0.7187996386746871,0.9999999999999999,410.3075660000039,0.8769940984442767,0.9999999999999999
410.7252179999992,0.7532107403106795,0.9999999999999999,410.553962000004,0.8939165592076452,0.9999999999999999
410.97711199999935,0.7953929149756559,0.9999999999999999,410.80548200000413,0.9025211552096071,0.9999999999999999
411.23226899999946,0.8391569091692628,0.9999999999999999,411.05225400000427,0.9066384423881939,0.9999999999999999
411.4675759999994,0.874873280441505,0.9999999999999999,411.2978650000043,0.9110678451685735,0.9999999999999999
411.7246559999994,0.8938122513975364,0.9999999999999999,411.54475400000433,0.9226424865660507,0.9999999999999999
411.96708499999943,0.8903848392664333,0.9999999999999999,411.79470300000435,0.9501803711987474,0.9999999999999999
412.2099529999994,0.8648351672290552,0.9999999999999999,412.0400320000042,1.001591541341802,0.9999999999999999
412.45586999999944,0.8226169817345852,0.9999999999999999,412.28758700000435,1.0798524015769724,0.9999999999999999
412.7174919999994,0.7731225457070131,0.9999999999999999,412.5325820000043,1.1804216958507525,0.9895944503735324
412.95623699999936,0.726949697141215,0.9999999999999999,412.78324200000446,1.2906920027866606,0.8783351120597651
413.2013919999995,0.6916267459710187,0.9999999999999999,413.0535390000043,1.392162457452832,0.7160263251511918
413.45136699999955,0.6685936839431696,0.9999999999999999,413.2759290000041,1.4641352360106978,0.6288687299893276
413.7040899999998,0.6551077777279628,0.9999999999999999,413.5253890000042,1.4926376873530531,0.601476342938456
413.9450219999997,0.6479536068929141,0.9999999999999999,413.7789400000041,1.4790428908076,0.6151725364638918
414.18836799999974,0.644315903508378,0.9999999999999999,414.02573200000415,1.4388454904811339,0.658751334044824
414.4380009999997,0.6415550147459005,0.9999999999999999,414.27180400000424,1.3905133182551477,0.7197616506581287
414.6940079999997,0.6364638502888734,0.9999999999999999,414.5196980000042,1.3467930063309486,0.782017075773746
414.95757399999957,0.6265387563908966,0.9999999999999999,414.7615640000043,1.3124059821701728,0.8551227321237993
415.18443899999943,0.6123724646970136,0.9999999999999999,415.00828400000427,1.287008722597778,0.880736392742796
415.42231399999974,0.5980856064652456,0.9999999999999999,415.25297500000437,1.268737833402521,0.903948772678762
415.6757449999999,0.5887088766535808,0.9999999999999999,415.50336300000487,1.256905581358956,0.9095517609391675
415.9227729999998,0.5874333506114704,0.9999999999999999,415.746332000005,1.253318366281698,0.9143543223052294
416.1671409999998,0.5944373045732894,0.9999999999999999,415.9988660000051,1.2630540226898215,0.9079509071504801
416.41519899999975,0.6085728877231035,0.9999999999999999,416.25924300000503,1.2928187747954527,0.8751334044823905
416.6637629999997,0.6280878915437842,0.9999999999999999,416.4968620000052,1.3473672949857343,0.7795268587691214
416.92426899999975,0.6515188311442446,0.9999999999999999,416.73481900000536,1.4253987741360188,0.6824083955887585
417.16631499999977,0.6779938457390153,0.9999999999999999,416.9812860000054,1.5151266905934722,0.5815546069014584
417.4211569999997,0.7077389893795925,0.9999999999999999,417.2338640000054,1.595857312764045,0.5130736392742796
417.6562419999996,0.7422646132744403,0.9999999999999999,417.4802240000055,1.6470326867779002,0.47696549270722155
417.9062129999998,0.7828269407909598,0.9999999999999999,417.7243190000056,1.656130031433332,0.47073995019565995
418.1654749999996,0.8272508068761926,0.9999999999999999,417.9723390000056,1.6212108016419633,0.4869263607257204
418.39670099999944,0.8691614001026723,0.9999999999999999,418.22599200000536,1.5524534551249825,0.5516720028459623
418.6433229999994,0.9007274027712809,0.9999999999999999,418.4874310000056,1.4668458045768022,0.626378512984703
418.89668099999926,0.9156438318288225,0.9999999999999999,418.7244690000058,1.3812386548345899,0.7322127356812522
419.1426439999991,0.9104053916815442,0.9999999999999999,418.9682960000059,1.3099430215486203,0.8567235859124867
419.39116999999914,0.8855864460722709,0.9999999999999999,419.2268180000061,1.264507288162411,0.9055496264674493
419.63571299999893,0.8466238286898381,0.9999999999999999,419.4789750000061,1.2512094050515374,0.9159551760939166
419.88456799999904,0.8014467965453668,0.9999999999999999,419.71614000000596,1.2662149576283597,0.9055496264674493
420.131984999999,0.757220523130395,0.9999999999999999,419.9534380000058,1.2914382263701398,0.8767342582710778
420.393528999999,0.7179854570568469,0.9999999999999999,420.2055110000057,1.303365353848533,0.8631270010672357
420.63435299999907,0.6840807918967834,0.9999999999999999,420.4509500000057,1.2885813734988298,0.8791355389541088
420.9048849999991,0.6536998880961157,0.9999999999999999,420.7214670000057,1.2493686439551184,0.917556029882604
421.12495199999904,0.6254414280697699,0.9999999999999999,420.94397900000564,1.1986288409976897,0.9703842049092849
421.3909449999993,0.5989431532543137,0.9999999999999999,421.20440800000574,1.1516168054984237,0.9999999999999999
421.6244989999992,0.5746840640661056,0.9999999999999999,421.44043200000584,1.1240898614296575,0.9999999999999999
421.8709289999991,0.5532058469376328,0.9999999999999999,421.6888180000058,1.1324929172191536,0.9999999999999999
422.11256699999916,0.5343885911168339,0.9999999999999999,421.93983400000576,1.1910128890898684,0.9791889007470651
422.36651499999914,0.5173361862346604,0.9999999999999999,422.1882880000057,1.303357864360157,0.8631270010672357
422.6318959999992,0.5005399245900977,0.9999999999999999,422.4311510000058,1.454859491354437,0.637584489505514
422.8684029999993,0.4828954007979959,0.9999999999999999,422.6832460000057,1.6119292154406235,0.4943970117395944
423.1017999999994,0.46433450574743956,0.9999999999999999,422.9300160000056,1.734138907700426,0.402258982568481
423.34836099999944,0.44520193481848247,0.9999999999999999,423.17599100000547,1.7912270528693792,0.3574350764852366
423.6043589999996,0.4261492436389437,0.9999999999999999,423.4366640000055,1.7752160649700066,0.36988616150835996
423.8424659999997,0.4079293570680487,0.9999999999999999,423.66648100000526,1.7002711477723271,0.43214158662397717
424.1017459999996,0.39080839361728414,0.9999999999999999,423.9259400000054,1.5937704365657952,0.5130736392742796
424.3459809999995,0.37444944702564414,0.9999999999999999,424.1648450000056,1.4877869507363688,0.6039665599430808
424.58506099999965,0.3590163202793286,0.9999999999999999,424.41481200000555,1.410302762497293,0.6985948061188189
424.8374629999995,0.3464033746460029,0.9999999999999999,424.6693420000054,1.377322663099054,0.7359480611881895
425.08245699999964,0.3393771306279863,0.9999999999999999,424.90319000000534,1.3903810741931844,0.7197616506581287
425.3268799999996,0.3405503092279242,0.9999999999999999,425.1563690000055,1.442582465268618,0.6537709000355746
425.5788679999995,0.3513473102721948,0.9999999999999999,425.4017460000054,1.524690879649872,0.5703486303806475
425.8423339999995,0.37060153556495806,0.9999999999999999,425.64960000000553,1.6283821710496547,0.4856812522234081
426.07234399999936,0.3942040936979805,0.9999999999999999,425.8965810000057,1.7443841139470677,0.39478833155460696
426.3173169999994,0.4174740708142036,0.9999999999999999,426.14490900000567,1.8597036968812835,0.30389541088580574
426.56629699999945,0.43870388985651576,0.9999999999999999,426.39792700000567,1.9581887340902084,0.25782639630024906
426.81875199999934,0.45971121557743433,0.9999999999999999,426.6408290000057,2.0236447282499275,0.23167911775168976
427.0662169999995,0.4829629285346585,0.9999999999999999,426.89293600000565,2.044086154279304,0.2229633582355034
427.31308699999926,0.5091342822334959,0.9999999999999999,427.1407930000057,2.0206217645752624,0.23292422625400216
427.5569539999993,0.5363600590988734,0.9999999999999999,427.3873900000057,1.9684320061408984,0.2528459622909996
427.84149299999933,0.560993360335635,0.9999999999999999,427.6337860000058,1.9092456968735294,0.27401280683030954
428.05616599999945,0.5793221436907907,0.9999999999999999,427.87879100000606,1.860673538454971,0.30389541088580574
428.33050799999944,0.589519122766687,0.9999999999999999,428.12731700000603,1.832823058776163,0.322572038420491
428.5492679999994,0.592563870452705,0.9999999999999999,428.393271000006,1.8284823220315518,0.3250622554251156
428.80230799999936,0.5917687157052551,0.9999999999999999,428.627816000006,1.8455311764794167,0.3138562789043045
429.0622849999995,0.5905431327179107,0.9999999999999999,428.87322100000614,1.876490666296593,0.29268943436499467
429.29070599999943,0.5902598767716642,0.9999999999999999,429.11523200000624,1.9092941830534427,0.27401280683030954
429.5417769999993,0.5898071049464649,0.9999999999999999,429.36921800000624,1.9293826519101807,0.26654215581643537
429.7898079999994,0.586407969147215,0.9999999999999999,429.61516600000635,1.9246760359411816,0.26654215581643537
430.0362439999996,0.5769979460564477,0.9999999999999999,429.8604900000064,1.8927180926729188,0.2864638918534329
430.30178299999966,0.559318422709505,0.9999999999999999,430.1098870000065,1.8418980718102058,0.3151013874066168
430.5326699999998,0.5331939064773832,0.9999999999999999,430.3579750000063,1.7853972225648602,0.36241551049448595
430.7807589999999,0.5016112843283375,0.9999999999999999,430.5973400000062,1.7339154509755503,0.4035040910707933
431.03041300000007,0.47010994151923363,0.9999999999999999,430.8498270000066,1.6929808294373918,0.4383671291355389
431.27004600000043,0.44346051645414597,0.9999999999999999,431.10125400000635,1.6633774812042288,0.46575951618641054
431.51564300000064,0.42319223219742635,0.9999999999999999,431.34121100000635,1.6429414933861268,0.47821060120953407
431.7659530000006,0.40832052715704675,0.9999999999999999,431.6033750000063,1.6287330829277238,0.48443614372109567
432.0191540000006,0.39729668930331774,0.9999999999999999,431.8387160000065,1.6206091032526986,0.4881714692280328
432.2710760000007,0.3900202314622185,0.9999999999999999,432.08128900000673,1.6228808634368477,0.4869263607257204
432.51189600000066,0.3894326091787196,0.9999999999999999,432.3297020000067,1.6443321639267536,0.47821060120953407
432.7614770000007,0.401350145610901,0.9999999999999999,432.5836340000067,1.6951319338170547,0.4371220206332266
432.99942500000054,0.43202860792287406,0.9999999999999999,432.84278900000703,1.7776645032478724,0.36864105300604766
433.24887800000056,0.48287975250550147,0.9999999999999999,433.07191900000737,1.8782273183416986,0.29268943436499467
433.5124650000004,0.5465358235489657,0.9999999999999999,433.3269360000076,1.9717216263169848,0.2516008537886873
433.7493880000004,0.6085942690614431,0.9999999999999999,433.5707620000077,2.034310882155408,0.22794379224475272
434.0112830000005,0.6546246852005329,0.9999999999999999,433.8214150000076,2.054801282037486,0.21798292422625395
434.23881000000034,0.6767455944815187,0.9999999999999999,434.07075300000764,2.0367824785025226,0.22794379224475272
434.48903500000034,0.6747322128293616,0.9999999999999999,434.31247200000763,1.9933660857193687,0.24413020277481323
434.7355840000005,0.6538183433646971,0.9999999999999999,434.56067400000757,1.9392438353014363,0.26529704731412307
434.9804280000003,0.6213369616784312,0.9999999999999999,434.8120650000074,1.8849225354954084,0.2901992173603699
435.2370780000003,0.5839766007786422,0.9999999999999999,435.06016300000744,1.8347911103415622,0.3200818214158663
435.48202700000024,0.5467954871957801,0.9999999999999999,435.30869700000756,1.787278756213691,0.36117040199217365
435.7365310000006,0.5138540576541447,0.9999999999999999,435.5505850000075,1.7382218048707934,0.398523657061544
435.9760280000007,0.4885123513766433,0.9999999999999999,435.8035140000076,1.6877404197293375,0.4433475631447884
436.2366760000005,0.47283005047817095,0.9999999999999999,436.0674470000075,1.642067304752581,0.47821060120953407
436.4785670000005,0.46690538270401977,0.9999999999999999,436.29636400000777,1.6085548575746142,0.4993774457488439
436.7185110000006,0.4685715700313396,0.9999999999999999,436.54508600000787,1.587108863733909,0.5217893987904662
436.9695190000007,0.47468407685021125,0.9999999999999999,436.791673000008,1.5649065923485372,0.5404660263251511
437.21657500000083,0.48117684214031997,0.9999999999999999,437.036103000008,1.5290237967372333,0.5653681963713981
437.4659260000007,0.48421175321034726,0.9999999999999999,437.284944000008,1.48040809582744,0.6139274279615795
437.7069860000009,0.4818828855518207,0.9999999999999999,437.53979100000805,1.437143392294472,0.6612415510494487
437.97655100000077,0.47495514598626104,0.9999999999999999,437.7811380000081,1.4246943596079582,0.6824083955887585
438.2050240000007,0.46617868865398027,0.9999999999999999,438.0297610000079,1.4620510762272512,0.6301138384916399
438.4645610000007,0.45847225106645,0.9999999999999999,438.27827800000813,1.5524575085158934,0.5516720028459623
438.7038900000009,0.4534865035299317,0.9999999999999999,438.5215960000084,1.679851745632457,0.453308431163287
438.9474150000007,0.45077092366161503,0.9999999999999999,438.7746760000085,1.8163375075610535,0.33626823194592675
439.1890270000008,0.4486191718592427,0.9999999999999999,439.0125610000085,1.9331355501114489,0.26654215581643537
439.4429010000008,0.44578915476031666,0.9999999999999999,439.2801290000083,2.0107446012833767,0.2379046602632515
439.69251900000097,0.44212977815237436,0.9999999999999999,439.5131350000082,2.0471196478235387,0.221718249733191
439.9559190000009,0.4381161620643822,0.9999999999999999,439.77714600000826,2.056853957857158,0.21798292422625395
440.1824450000007,0.4337163842424892,0.9999999999999999,440.0024880000084,2.0603220668046105,0.21424759871931692
440.44282900000087,0.4276811707364834,0.9999999999999999,440.2600040000087,2.070975689669156,0.21175738171469222
440.6775010000008,0.41767114202529443,0.9999999999999999,440.4999020000087,2.090412512985785,0.19930629669156885
440.9285080000007,0.40093486013175883,0.9999999999999999,440.7484080000087,2.107895298260404,0.18685521166844535
441.18935900000093,0.37634076724114546,0.9999999999999999,440.99687200000847,2.104059717201073,0.1918356456776948
441.4201980000011,0.3456105917526202,0.9999999999999999,441.2462130000086,2.0615921583419183,0.21300249021700463
441.6718270000011,0.3128124560990878,0.9999999999999999,441.5016840000087,1.9760874338346879,0.2516008537886873
441.91825400000107,0.2826271809703966,0.9999999999999999,441.73574500000854,1.8579209005874482,0.30389541088580574
442.16502000000105,0.2587024449676827,0.9999999999999999,441.9802340000086,1.7276187328270785,0.40723941657773033
442.42702100000093,0.24286000326447055,0.9999999999999999,442.2406830000086,1.6081321835012838,0.4993774457488439
442.66138400000096,0.23500443269373694,0.9999999999999999,442.4894860000084,1.5171796036414542,0.5790643898968338
442.9149250000013,0.2340046882586506,0.9999999999999999,442.73464200000853,1.4607055791830208,0.6313589469939523
443.1615280000012,0.23993961869336153,0.9999999999999999,442.97399600000847,1.4308106278951862,0.669957310565635
443.4104970000013,0.2550738469189036,0.9999999999999999,443.2251330000086,1.4124328375515274,0.6973496976165066
443.64907500000106,0.2821795727452532,0.9999999999999999,443.4699780000086,1.3943575076976487,0.7147812166488794
443.8943120000014,0.3224408257247944,0.9999999999999999,443.74299700000876,1.3761952923734997,0.7359480611881895
444.14327200000145,0.3745978052622285,0.9999999999999999,443.97095600000875,1.3682415625528286,0.7446638207043758
444.41167600000136,0.4342406470610898,0.9999999999999999,444.21283800000884,1.3870255948226995,0.7272323016720029
444.6361320000014,0.4935461256993714,0.9999999999999999,444.45919600000894,1.4468071259419009,0.6438100320170757
444.89068000000157,0.5430228447660576,0.9999999999999999,444.703271000009,1.5507722453424848,0.5529171113482746
445.1351500000015,0.5753802560460677,0.9999999999999999,444.95824700000884,1.6862993556682804,0.445837780149413
445.3817840000016,0.5890707842715177,0.9999999999999999,445.19776900000886,1.826435899216901,0.326307363927428
445.6488710000015,0.5885343985496138,0.9999999999999999,445.4578750000088,1.93717648968817,0.26529704731412307
445.88479400000136,0.5810893213690536,0.9999999999999999,445.7007850000087,1.9921987923772142,0.24662041977943797
446.12315600000125,0.5737033578977936,0.9999999999999999,445.9392910000089,1.9860005874671496,0.24911063678406256
446.3852350000013,0.5707298524219209,0.9999999999999999,446.18990300000866,1.931805095877741,0.26654215581643537
446.62237400000157,0.57300952846017,0.9999999999999999,446.4433450000088,1.8495719778240567,0.30887584489505515
446.87209500000137,0.5780036805590133,0.9999999999999999,446.68521500000884,1.7582419236509288,0.3810921380291712
447.1333550000012,0.5809143526468986,0.9999999999999999,446.94528600000876,1.6746764210963558,0.45704375667022423
447.36998300000135,0.5763003358209366,0.9999999999999999,447.182432000009,1.6106245185566967,0.4943970117395944
447.6113470000011,0.5608767337899121,0.9999999999999999,447.43139500000916,1.5710381874466504,0.5354855923159019
447.8799410000011,0.535593131096623,0.9999999999999999,447.6842480000092,1.5542951169100079,0.55042689434365
448.11283400000116,0.5049061607469949,0.9999999999999999,447.9237690000092,1.5532981355384021,0.5516720028459623
448.3646090000011,0.4744218718500142,0.9999999999999999,448.1716290000095,1.557496915357519,0.5466915688367129
448.606620000001,0.4489700241909728,0.9999999999999999,448.44506000000956,1.5567675977649493,0.5466915688367129
448.8720960000011,0.43204981250494856,0.9999999999999999,448.6731070000094,1.545502033069749,0.5566524368552117
449.112077000001,0.42665217001746936,0.9999999999999999,448.9180680000095,1.5229388797352383,0.5753290643898968
449.35139300000094,0.43549537739915173,0.9999999999999999,449.1639520000096,1.4928275280870291,0.601476342938456
449.60202200000094,0.4595347771964562,0.9999999999999999,449.4099010000096,1.4629381705406732,0.6301138384916399
449.8395970000009,0.49494975223384496,0.9999999999999999,449.6729980000097,1.4404382311609583,0.6537709000355746
450.088691000001,0.5320087610002597,0.9999999999999999,449.90590700000973,1.4293314365796388,0.6736926360725721
450.35762400000095,0.5597245027170845,0.9999999999999999,450.1606900000098,1.4307002229094807,0.669957310565635
450.58468800000094,0.5727075395076026,0.9999999999999999,450.4028270000099,1.4448461891977948,0.6525257915332622
450.83156300000087,0.5726604774906119,0.9999999999999999,450.65181900000965,1.4715658634259485,0.6226431874777658
451.072672000001,0.5655508426742288,0.9999999999999999,450.9018390000097,1.5086618804064051,0.586535040910708
451.3266920000011,0.5588745727568212,0.9999999999999999,451.1458500000095,1.5512177995288,0.5516720028459623
451.5761470000011,0.5600641949391912,0.9999999999999999,451.4158360000096,1.5913655381556886,0.5130736392742796
451.83112200000096,0.5754571377887008,0.9999999999999999,451.6445160000094,1.6199254036468282,0.4894165777303451
452.0771070000009,0.6083688051836984,0.9999999999999999,451.8909680000095,1.6317764140119317,0.48443614372109567
452.32413500000104,0.6570939249421346,0.9999999999999999,452.1369070000095,1.6343227372637137,0.48319103521878337
452.56364800000114,0.7153795932076099,0.9999999999999999,452.3868840000092,1.6442116063298644,0.47821060120953407
452.8076510000013,0.7751630032818094,0.9999999999999999,452.6316840000094,1.6728786074572837,0.45704375667022423
453.06167400000135,0.8298236588928056,0.9999999999999999,452.8792160000093,1.7189930906824147,0.41595517609391675
453.33250600000133,0.8753688566822042,0.9999999999999999,453.1288010000094,1.7718096381987043,0.3761117040199217
453.5550440000011,0.9099180137595329,0.9999999999999999,453.38127500000945,1.818641087181177,0.3325329064389896
453.8059730000012,0.9315080686338058,0.9999999999999999,453.62848800000944,1.853095362900707,0.30763073639274274
454.05462200000136,0.9374857408388564,0.9999999999999999,453.8647550000096,1.8761617112911164,0.29393454286730697
454.2941340000012,0.9270524982329016,0.9999999999999999,454.11332400000964,1.897215118006554,0.2852187833511206
454.5422060000013,0.9030157409942577,0.9999999999999999,454.3628040000096,1.9294109968738191,0.26654215581643537
454.8014970000014,0.8711845404788111,0.9999999999999999,454.62687500000965,1.981058752833282,0.250355745286375
455.0450500000014,0.8381471531393269,0.9999999999999999,454.8628910000096,2.0487204613578998,0.221718249733191
455.3076460000013,0.8091099362713077,0.9999999999999999,455.10848800000963,2.116828619618212,0.18436499466382075
455.53436800000105,0.7872518035915752,0.9999999999999999,455.35002900000967,2.160717593240913,0.16195304162219848
455.7823040000009,0.7743258117551073,0.9999999999999999,455.59791900000965,2.1554044804512005,0.1644432586268232
456.0347200000009,0.7712809119418247,0.9999999999999999,455.8559580000094,2.0889623802250057,0.20055140519388115
456.27933900000073,0.7776234313527661,0.9999999999999999,456.09396900000934,1.969975379623584,0.2516008537886873
456.5456950000008,0.790406168498358,0.9999999999999999,456.34386800000925,1.8236920845248452,0.330042689434365
456.76966900000093,0.804298017562792,0.9999999999999999,456.59044400000926,1.6817570332669187,0.4508182141586624
457.03070200000076,0.8129025385825691,0.9999999999999999,456.8363250000091,1.5721464884025276,0.5354855923159019
457.2647550000007,0.8113047465884123,0.9999999999999999,457.0897330000091,1.5116998235194097,0.586535040910708
457.5182740000009,0.7974994960714983,0.9999999999999999,457.3398840000095,1.5033696002028867,0.5877801494130203
457.760687000001,0.7728329464462461,0.9999999999999999,457.5848750000093,1.536480628690284,0.5603877623621486
458.01659700000107,0.7411243952749162,0.9999999999999999,457.82686400000927,1.592065251148961,0.5130736392742796
458.2626030000011,0.706753120684026,0.9999999999999999,458.09288000000913,1.6502413508200566,0.47447527570259695
458.5039680000011,0.6735984706802814,0.9999999999999999,458.32683700000916,1.6955712057475494,0.4358769121309142
458.7624680000011,0.6452405062327532,0.9999999999999999,458.56968000000904,1.722209439835194,0.41221985058697974
459.0069510000012,0.6250114366515976,0.9999999999999999,458.8137060000091,1.7321225497384134,0.4035040910707933
459.25329400000106,0.6154731664526603,0.9999999999999999,459.06563800000913,1.729324191524888,0.4047491995731056
459.5008560000011,0.6178177084902802,0.9999999999999999,459.31311800000896,1.7140839763847806,0.42093561010316616
459.74728000000107,0.6316774019265942,0.9999999999999999,459.57277400000896,1.6831679349117126,0.4470828886517254
459.995245000001,0.6551565184708956,0.9999999999999999,459.80867300000915,1.6344554204559418,0.48319103521878337
460.24440700000076,0.6855141338921485,0.9999999999999999,460.0517220000091,1.5711965577384324,0.5354855923159019
460.48731100000083,0.7193750146923478,0.9999999999999999,460.30780500000924,1.5026254261738423,0.5890252579153327
460.7373040000011,0.7531545765005895,0.9999999999999999,460.54967500000913,1.4412581845537538,0.6537709000355746
461.0027960000011,0.7830832898845902,0.9999999999999999,460.8037250000092,1.399199453947145,0.7048203486303807
461.2307980000011,0.8061251897702622,0.9999999999999999,461.0528640000092,1.3832508269067356,0.7322127356812522
461.4803030000009,0.8211303206418237,0.9999999999999999,461.2947630000093,1.3899236193794835,0.7210067591604412
461.7256890000011,0.8284111533372204,0.9999999999999999,461.53718800000934,1.4055623454748558,0.7023301316257561
461.973050000001,0.8288726251838162,0.9999999999999999,461.7952600000093,1.415104018513631,0.6961045891141943
462.22396500000093,0.8230428682852651,0.9999999999999999,462.0317300000094,1.4114562714091137,0.6985948061188189
462.46546200000097,0.8109519959850285,0.9999999999999999,462.2981430000094,1.3982073244406958,0.706065457132693
462.7170000000009,0.7936822016208126,0.9999999999999999,462.5303960000094,1.3841937720273791,0.7322127356812522
462.97941300000093,0.7749730797687076,0.9999999999999999,462.77845800000966,1.3791868364656659,0.7347029526858769
463.21104200000093,0.7598056356644438,0.9999999999999999,463.02378800000963,1.3922815304552763,0.7147812166488794
463.4562190000008,0.7519991359858228,0.9999999999999999,463.2768240000094,1.4290501641166053,0.6736926360725721
463.7076960000008,0.7526785053357298,0.9999999999999999,463.5168870000094,1.48763659705707,0.6039665599430808
463.95450700000066,0.7600619126040903,0.9999999999999999,463.7677400000095,1.5583656755671498,0.5454464603344006
464.2025200000007,0.7703756799749902,0.9999999999999999,464.01866200000944,1.6278498364816674,0.4856812522234081
464.4740700000007,0.7801103552021866,0.9999999999999999,464.2667420000095,1.6876125688231705,0.4445926716471007
464.69246700000065,0.7874693426270738,0.9999999999999999,464.5122040000096,1.7389942308886788,0.398523657061544
464.94355800000073,0.7928221194459816,0.9999999999999999,464.7743070000096,1.7893620491628375,0.3599252934898612
465.1895940000005,0.7996899858166255,0.9999999999999999,465.00457400000965,1.8455558902078013,0.3138562789043045
465.43592900000044,0.8126379426272254,0.9999999999999999,465.26823600000944,1.9113747669734695,0.27152258982568483
465.6863900000006,0.8324958138053854,0.9999999999999999,465.50024900000955,1.9866718286192457,0.24786552828175026
465.9323500000008,0.8542522572494141,0.9999999999999999,465.7654010000097,2.068674995597446,0.21175738171469222
466.1832130000007,0.8691812037300383,0.9999999999999999,465.99235700001,2.1550257534097335,0.16693347563144792
466.4342170000007,0.8692563598035553,0.9999999999999999,466.24876700000993,2.246684237967385,0.11446104589114196
466.6705560000007,0.8515081159344042,0.9999999999999999,466.49537100001015,2.348663767383704,0.07924226254002135
466.9197580000008,0.8184568922646743,0.9999999999999999,466.74130800001006,2.4669784237518426,0.04322305229455705
467.1690560000008,0.7760408933005929,0.9999999999999999,466.98993600001006,2.5990066014230058,0.00800426894343653
467.4220190000009,0.7312088494225524,0.9999999999999999,467.2389480000101,2.729630460867837,0.0
467.663906000001,0.6898032881412076,0.9999999999999999,467.48489700001033,2.8403706480048974,0.0
467.9114350000012,0.6557951053085705,0.9999999999999999,467.73433800001027,2.9179524390544187,0.0
468.1600000000013,0.6305542779356554,0.9999999999999999,467.9767850000105,2.95583544873251,0.0
468.4088550000011,0.6124793582514576,0.9999999999999999,468.2256420000106,2.955670724858761,0.0
468.6922590000011,0.5983252528491472,0.9999999999999999,468.4765850000106,2.9257113786297086,0.0
468.89887300000123,0.5845824822595487,0.9999999999999999,468.7314290000108,2.8731246122753142,0.0
469.14653800000127,0.5688470378668532,0.9999999999999999,468.9725480000109,2.7976173411272,0.0
469.39805000000126,0.5507914250619335,0.9999999999999999,469.2165250000109,2.6979837896198093,0.0
469.64799600000134,0.5318380186794669,0.9999999999999999,469.4598600000108,2.580082395153881,0.012806830309498416
469.8948890000012,0.5143939581746959,0.9999999999999999,469.71662400001094,2.456759892845994,0.04962646744930626
470.14304600000116,0.5007279664804196,0.9999999999999999,469.9705880000111,2.3428309203261573,0.08244397011739592
470.3858510000011,0.49215588463961946,0.9999999999999999,470.20660100001123,2.250288731035419,0.11446104589114196
470.64824600000117,0.4887836082407148,0.9999999999999999,470.4597710000115,2.1851615064361383,0.1464781216648879
470.8824180000012,0.49059327263297614,0.9999999999999999,470.69859500001144,2.145810975958695,0.16942369263607251
471.1253170000012,0.4985902777956259,0.9999999999999999,470.9526990000113,2.125953383423421,0.17938456065457128
471.3773390000014,0.5143076461309195,0.9999999999999999,471.2007460000112,2.1196553619409872,0.18187477765919602
471.62471400000135,0.5382952470050515,0.9999999999999999,471.4515590000112,2.122652732644609,0.18062966915688358
471.88598400000126,0.5683252271503991,0.9999999999999999,471.68992300001116,2.1324599511088667,0.17938456065457128
472.130641000001,0.5987280468656972,0.9999999999999999,471.94143100001116,2.1474599369910212,0.16817858413376022
472.365967000001,0.621926493108859,0.9999999999999999,472.1887920000111,2.164291993193325,0.15946282461757375
472.6174390000011,0.632361578207122,0.9999999999999999,472.43290600001126,2.1713048245558153,0.15572749911063674
472.8565750000011,0.6293550009862696,0.9999999999999999,472.68134700001116,2.1488178727951333,0.16693347563144792
473.1069100000011,0.6171748205608133,0.9999999999999999,472.92775500001125,2.082066922961057,0.20428673070081815
473.35540500000104,0.6027305556407314,0.9999999999999999,473.1851660000111,1.9743153946313,0.2516008537886873
473.6113260000011,0.5929463341518049,0.9999999999999999,473.4358600000111,1.8431267951210808,0.3138562789043045
473.8548860000011,0.592677785801242,0.9999999999999999,473.6741360000111,1.7091174327521919,0.42591604411241557
474.09774300000123,0.6033235360044,0.9999999999999999,473.92756900001126,1.5895666477440145,0.5143187477765919
474.3507840000012,0.6231826870131137,0.9999999999999999,474.16410700001126,1.4956238300188045,0.5989861259338314
474.59429300000113,0.6489269965312665,0.9999999999999999,474.4166970000116,1.432364025819882,0.6674670935610104
474.84318300000126,0.6768098640896307,0.9999999999999999,474.66445400001174,1.3985690101565726,0.706065457132693
475.0960450000013,0.7034217937201863,0.9999999999999999,474.9094010000118,1.386387613513036,0.7272323016720029
475.33552600000115,0.7262764747289152,0.9999999999999999,475.155356000012,1.381729237655125,0.7322127356812522
475.5860350000012,0.7442250264125221,0.9999999999999999,475.4129270000121,1.368104324847096,0.7446638207043758
475.8406360000012,0.7564888111742725,0.9999999999999999,475.6542730000121,1.3343380083473766,0.8118996798292422
476.08504200000124,0.7630624527559291,0.9999999999999999,475.90031600001214,1.2785453572925674,0.8895410885805762
476.3431360000012,0.7655139076798819,0.9999999999999999,476.150031000012,1.2064997911826916,0.9591782283884738
476.5724720000013,0.7673656172085559,0.9999999999999999,476.39992700001204,1.1286301540989983,0.9999999999999999
476.82916400000136,0.7727124897193534,0.9999999999999999,476.64442000001213,1.0571096223428953,0.9999999999999999
477.0734870000014,0.7853586461484316,0.9999999999999999,476.89386400001223,1.002456701569002,0.9999999999999999
477.3234790000013,0.8085589622072004,0.9999999999999999,477.13920400001217,0.9700240474206645,0.9999999999999999
477.56086100000135,0.8442386456630305,0.9999999999999999,477.38723200001226,0.9566449032870291,0.9999999999999999
477.81584700000144,0.8918518516876152,0.9999999999999999,477.6467600000123,0.9517746764607464,0.9999999999999999
478.0567970000015,0.9479211885941606,0.9999999999999999,477.88229300001234,0.9437097045895533,0.9999999999999999
478.30822900000146,1.0061930692385548,0.9999999999999999,478.1283050000123,0.9279214490887014,0.9999999999999999
478.55076000000145,1.0574771237972298,0.9999999999999999,478.3808570000121,0.9090471411768719,0.9999999999999999
478.8078920000015,1.0906527178816992,0.9999999999999999,478.6223070000121,0.8954787266189148,0.9999999999999999
479.0598940000016,1.0962817969388412,0.9999999999999999,478.8717770000122,0.8942064709514457,0.9999999999999999
479.3040460000018,1.0729508104716408,0.9999999999999999,479.1211590000123,0.9067939811577898,0.9999999999999999
479.5601490000019,1.029096624570454,0.9999999999999999,479.3696620000122,0.9258659630301576,0.9999999999999999
479.7915520000018,0.9782529621630693,0.9999999999999999,479.6134910000121,0.938730427401529,0.9999999999999999
480.0420070000018,0.9313579892958646,0.9999999999999999,479.86654200001215,0.9368563101416938,0.9999999999999999
480.29011200000184,0.8921789990920603,0.9999999999999999,480.1105290000119,0.9205905079152571,0.9999999999999999
480.53932600000195,0.8587996040109817,0.9999999999999999,480.36349200001195,0.8965752215368712,0.9999999999999999
480.7847940000019,0.8279502080503122,0.9999999999999999,480.60471800001216,0.8739229931757724,0.9999999999999999
481.03431400000176,0.7988388606038546,0.9999999999999999,480.85383700001216,0.8628277149636542,0.9999999999999999
481.27876800000183,0.7728953475841404,0.9999999999999999,481.10053700001185,0.8731029314719372,0.9999999999999999
481.529602000002,0.7525662243491289,0.9999999999999999,481.3478470000118,0.9120665560527798,0.9999999999999999
481.7922940000021,0.7401829574848786,0.9999999999999999,481.5959160000117,0.9807113624477715,0.9999999999999999
482.022691000002,0.7366562822658491,0.9999999999999999,481.83831000001186,1.0698929569052695,0.9999999999999999
482.27049600000186,0.7404196681217818,0.9999999999999999,482.088284000012,1.1591513240326865,0.9999999999999999
482.51598900000175,0.7478859149772683,0.9999999999999999,482.33700100001187,1.2225483272718378,0.9439701173959445
482.77333800000184,0.7548643176800611,0.9999999999999999,482.58647800001205,1.2432626429258282,0.9231590181430095
483.02185300000167,0.7582784092713244,0.9999999999999999,482.8350050000122,1.2251761245854769,0.9399679829242262
483.2609150000019,0.7568414726828026,0.9999999999999999,483.08188500001205,1.19172898673685,0.9759871931696904
483.5158190000019,0.7520222903684026,0.9999999999999999,483.3218340000123,1.1735677024280968,0.9935965848452507
483.76392300000197,0.7473961197003214,0.9999999999999999,483.58279800001236,1.1976755923641422,0.9711846318036286
484.0282170000019,0.7477422778877993,0.9999999999999999,483.82115300001226,1.2782130463216095,0.8903415154749198
484.24975800000186,0.757799687997676,0.9999999999999999,484.0667760000124,1.4127664969148839,0.6973496976165066
484.5062210000018,0.7803600155182109,0.9999999999999999,484.3208060000126,1.5806241958672507,0.5292600498043402
484.74978400000157,0.8135552392976593,0.9999999999999999,484.56758300001275,1.7444593449136563,0.39478833155460696
484.9929440000018,0.8508018804353863,0.9999999999999999,484.81272100001246,1.863302612630859,0.30140519388118103
485.2418510000019,0.8831360302659741,0.9999999999999999,485.06270500001256,1.9091285992147884,0.27401280683030954
485.48728300000187,0.9031781918000944,0.9999999999999999,485.3202190000125,1.8782975214125537,0.29268943436499467
485.73692000000204,0.9085331048265582,0.9999999999999999,485.55421500001233,1.7894536659220952,0.3599252934898612
485.99226200000226,0.9027024634887734,0.9999999999999999,485.8016040000121,1.6701704097002805,0.46202419067947353
486.23319200000236,0.8942199870171496,0.9999999999999999,486.0470760000121,1.5420190574834653,0.5591426538598363
486.47998500000233,0.8918043861154686,0.9999999999999999,486.2970570000122,1.4159409614618423,0.694859480611882
486.73140200000245,0.8994614838101618,0.9999999999999999,486.5482030000123,1.297028021028213,0.8735325506937033
486.9787990000024,0.9144155868195566,0.9999999999999999,486.7976780000121,1.1899396514840612,0.9799893276414087
487.25135000000245,0.929636908414414,0.9999999999999999,487.04179600001225,1.0994448961170862,0.9999999999999999
487.47291600000233,0.9369796411075563,0.9999999999999999,487.2957840000124,1.0299022495986816,0.9999999999999999
487.7238650000023,0.93061563647163,0.9999999999999999,487.5312960000125,0.984788614898878,0.9999999999999999
487.9722960000023,0.9094758493300341,0.9999999999999999,487.79178900001233,0.9668577096803328,0.9999999999999999
488.2098810000022,0.8770027958559459,0.9999999999999999,488.03694800001216,0.9781078445039546,0.9999999999999999
488.46277900000223,0.839385992568546,0.9999999999999999,488.2753190000124,1.0184971196035417,0.9999999999999999
488.70842900000235,0.8014529565340452,0.9999999999999999,488.5319880000124,1.0843967675727328,0.9999999999999999
488.9501570000024,0.764729171598894,0.9999999999999999,488.7674920000126,1.1659424781779142,0.9999999999999999
489.2017000000026,0.7288720009646026,0.9999999999999999,489.0200720000126,1.2477131300368085,0.917556029882604
489.44925700000266,0.6945218522442257,0.9999999999999999,489.2640240000126,1.3163824920099236,0.8503201707577374
489.70462000000293,0.664175916428786,0.9999999999999999,489.5159540000128,1.3673797176870988,0.7471540377090004
489.9669970000029,0.6408112595890887,0.9999999999999999,489.7860510000129,1.4041525283531755,0.7023301316257561
490.1955080000031,0.6262996242152267,0.9999999999999999,490.007299000013,1.4345905354129387,0.6637317680540733
490.4679100000032,0.6197923512916231,0.9999999999999999,490.2592110000129,1.4667583963859374,0.626378512984703
490.6919090000032,0.6177147976958101,0.9999999999999999,490.502616000013,1.5051802225312492,0.5877801494130203
490.93494100000345,0.6147925444345755,0.9999999999999999,490.76063500001305,1.5509875551721473,0.5516720028459623
491.1885350000035,0.6064628786066019,0.9999999999999999,490.996550000013,1.607273258311897,0.5031127712557809
491.43281400000365,0.5912532233141049,0.9999999999999999,491.246263000013,1.6837441739726469,0.4470828886517254
491.6964150000034,0.5719077828020944,0.9999999999999999,491.4913410000129,1.7956629554483725,0.3536997509782996
491.93035800000365,0.5532753345265298,0.9999999999999999,491.7545430000128,1.9529206440221678,0.26156172180718607
492.1728000000036,0.539587661087997,0.9999999999999999,491.9919340000129,2.146706115296611,0.16942369263607251
492.4252060000038,0.5331545289579225,0.9999999999999999,492.23934300001287,2.348686473768462,0.07924226254002135
492.67022200000366,0.5336853268989481,0.9999999999999999,492.4872730000128,2.520398430434719,0.03041622198505872
492.9187890000038,0.5387487267256386,0.9999999999999999,492.7261990000128,2.6323598356578017,0.0024012806830309426
493.16616100000385,0.5451940944693022,0.9999999999999999,493.0026290000127,2.677420355959422,0.0
493.41209700000405,0.5503839202318273,0.9999999999999999,493.2296400000127,2.668779318695299,0.0
493.66297300000394,0.5526650494072654,0.9999999999999999,493.4744780000127,2.6273039348426597,0.004002134471718265
493.91234700000405,0.5509536494439795,0.9999999999999999,493.72154600001267,2.571139716522641,0.01520811099252936
494.16122400000427,0.5446590622960921,0.9999999999999999,493.9725180000127,2.510273890401037,0.03121664887940234
494.39832700000414,0.5339167743776765,0.9999999999999999,494.2139080000128,2.442267322273837,0.0520277481323372
494.651266000004,0.5203353590462698,0.9999999999999999,494.46382000001284,2.3551861732221746,0.07524012806830309
494.90585600000406,0.5071693321876021,0.9999999999999999,494.7121100000127,2.2424973082073865,0.1160618996798292
495.1413430000042,0.4972641542982254,0.9999999999999999,494.9637560000125,2.108057723316458,0.18685521166844535
495.3881530000043,0.49212729786665266,0.9999999999999999,495.2137430000124,1.9632334600675432,0.2553361792956243
495.64509200000435,0.4911403980574031,0.9999999999999999,495.4516090000123,1.82386742287132,0.330042689434365
495.8821170000044,0.4927501668082217,0.9999999999999999,495.7066040000122,1.7063742980883734,0.42591604411241557
496.1426200000044,0.49655762265972114,0.9999999999999999,495.9467260000124,1.6210694295884513,0.4869263607257204
496.3766910000046,0.5036936586594487,0.9999999999999999,496.20671600001236,1.5686129331404277,0.5379758093205265
496.6424250000045,0.5162767394931775,0.9999999999999999,496.44718300001256,1.5428377180385078,0.5591426538598363
496.87495300000455,0.5358751793443549,0.9999999999999999,496.69427400001246,1.535505498635929,0.5603877623621486
497.12531900000437,0.5622531492163583,0.9999999999999999,496.94263500001244,1.5390082959525424,0.5603877623621486
497.3733300000043,0.5924498636913785,0.9999999999999999,497.18968700001255,1.5485856486685723,0.5554073283528993
497.6217690000041,0.6218041768750218,0.9999999999999999,497.4317690000126,1.5642492691694538,0.542956243329776
497.86365100000415,0.6467931373562039,0.9999999999999999,497.6821210000128,1.5849474818638347,0.525524724297403
498.11676800000384,0.667135249746079,0.9999999999999999,497.9256630000128,1.6007100756811727,0.5093383137673426
498.3602890000037,0.6851483932131097,0.9999999999999999,498.1756490000127,1.596147465962392,0.5130736392742796
498.6161630000037,0.7029830550581708,0.9999999999999999,498.42303500001293,1.5629547907947585,0.5442013518320883
498.8565490000037,0.7202830261891665,0.9999999999999999,498.6744860000128,1.504583814143409,0.5877801494130203
499.1070200000036,0.734148290822118,0.9999999999999999,498.91956900001264,1.4348481175756371,0.662486659551761
499.3685420000037,0.7401000117161011,0.9999999999999999,499.1705620000126,1.3744848237456044,0.7371931696905017
499.6078320000035,0.7348678129137516,0.9999999999999999,499.4224470000127,1.3425369894244605,0.7969583778014941
499.84781400000327,0.7200663276966528,0.9999999999999999,499.66752600001286,1.3480325380655735,0.7795268587691214
500.0968830000032,0.7022334447220088,0.9999999999999999,499.9124160000128,1.3857947083125546,0.7284774101743152
500.33832300000324,0.6901416055991212,0.9999999999999999,500.1578690000129,1.437979815014708,0.6599964425471364
500.5883030000031,0.689447039330977,0.9999999999999999,500.4054230000128,1.482478234750349,0.6101921024546425
500.84074900000314,0.6982895102325257,0.9999999999999999,500.66679400001294,1.5020428669834405,0.590270366417645
501.08396400000316,0.7087394266735543,0.9999999999999999,500.8981910000129,1.4915653509721905,0.6027214514407685
501.3318720000032,0.7126072734686575,0.9999999999999999,501.14884400001296,1.4565399278077715,0.6350942725008893
501.5782410000031,0.7053693556862355,0.9999999999999999,501.398811000013,1.4079908485563233,0.6985948061188189
501.8282540000032,0.6865975570213935,0.9999999999999999,501.6476720000131,1.3580826597203066,0.7620953397367485
502.0873380000031,0.6586124984254231,0.9999999999999999,501.8946770000131,1.3177498461732287,0.8480078263963003
502.32861100000343,0.624759100950125,0.9999999999999999,502.13828000001314,1.2944784114808159,0.8735325506937033
502.5816990000034,0.5890404446468767,0.9999999999999999,502.3850210000132,1.2898507613101464,0.8783351120597651
502.8146110000033,0.5556376922022044,0.9999999999999999,502.6316830000133,1.300544424415584,0.8687299893276413
503.0693170000033,0.5279108681126655,0.9999999999999999,502.88110900001345,1.3217158774917772,0.8330665243685523
503.3146550000034,0.5074949301797405,0.9999999999999999,503.13166700001335,1.348151688530298,0.7795268587691214
503.5660770000034,0.4946501074914759,0.9999999999999999,503.37497800001336,1.3749722855516278,0.7371931696905017
503.8067050000032,0.48889425270595493,0.9999999999999999,503.62188200001356,1.398781422458805,0.706065457132693
504.06473600000334,0.48915407637490405,0.9999999999999999,503.87383100001335,1.4191026805300626,0.6886339381003203
504.31690900000325,0.49436384306426456,0.9999999999999999,504.12188400001327,1.4365224916945545,0.6612415510494487
504.5584340000032,0.5050997907851332,0.9999999999999999,504.3648040000133,1.4532156570517056,0.6388295980078263
504.79629200000323,0.5245283005137162,0.9999999999999999,504.61875500001327,1.4697033108252766,0.6226431874777658
505.05180900000306,0.5568990817699788,0.9999999999999999,504.8628390000132,1.481363868665085,0.6101921024546425
505.29470800000297,0.6044905646749932,0.9999999999999999,505.10331600001314,1.4811637514369913,0.6126823194592672
505.5453690000029,0.6638514163124878,0.9999999999999999,505.3553210000131,1.4673175808903864,0.626378512984703
505.804659000003,0.725233806590982,0.9999999999999999,505.602381000013,1.4459445367712673,0.6463002490217006
506.04660500000296,0.7758828854956681,0.9999999999999999,505.8488380000128,1.4278896194894828,0.6786730700818215
506.28755100000285,0.8052183320050443,0.9999999999999999,506.09574900001263,1.4238094925460327,0.6836535040910708
506.53250300000286,0.8087392832588147,0.9999999999999999,506.34383500001275,1.4401183419381691,0.6537709000355746
506.78199000000285,0.7901730192575728,0.9999999999999999,506.5907270000129,1.4781703026572268,0.6164176449662041
507.04755500000283,0.7600475092757222,0.9999999999999999,506.84072300001293,1.534006421798087,0.5603877623621486
507.28200700000286,0.7313349570921989,0.9999999999999999,507.09181700001295,1.599945268118947,0.5093383137673426
507.51761700000293,0.714500163955903,0.9999999999999999,507.3425990000128,1.6682421988043876,0.46326929918178583
507.776511000003,0.714175672496203,0.9999999999999999,507.594199000013,1.7379282763627064,0.398523657061544
508.01756700000305,0.7296404436696682,0.9999999999999999,507.8386750000129,1.8191574489150866,0.3312877979366773
508.26049300000324,0.7571656332111019,0.9999999999999999,508.07803800001284,1.926831176593563,0.26654215581643537
508.5163960000033,0.7906835882023759,0.9999999999999999,508.339174000013,2.071893649218417,0.21175738171469222
508.76148500000323,0.8202770194517011,0.9999999999999999,508.5833220000132,2.245047272920032,0.11446104589114196
509.0215200000033,0.8333952034193127,0.9999999999999999,508.83965400001335,2.411309792206531,0.060032017075773735
509.25955800000287,0.8218485876178294,0.9999999999999999,509.0686880000134,2.5272716020396873,0.03041622198505872
509.5025830000027,0.7886123642257921,0.9999999999999999,509.3114970000137,2.565107707687017,0.01680896478121668
509.74944300000266,0.7451969406084475,0.9999999999999999,509.5978890000137,2.5213652485255014,0.03041622198505872
509.9970450000026,0.7020063752941103,0.9999999999999999,509.8107090000139,2.4114357971649723,0.060032017075773735
510.25491400000243,0.6642968033383778,0.9999999999999999,510.05829300001375,2.262761207122537,0.10725720384204905
510.4898620000024,0.6337407919627798,0.9999999999999999,510.3051670000136,2.102405262532419,0.1918356456776948
510.7428680000023,0.6106665699276665,0.9999999999999999,510.55730100001364,1.9506574290391652,0.26280683030949836
510.9904550000022,0.5954520932038926,0.9999999999999999,510.8062530000137,1.819798598923032,0.3312877979366773
511.23831300000217,0.5884752592015547,0.9999999999999999,511.04538600001354,1.716946414242684,0.41844539309854134
511.4883020000023,0.5891829953923761,0.9999999999999999,511.30244000001346,1.6432188326873245,0.47821060120953407
511.72428800000233,0.595539736533581,0.9999999999999999,511.5543290000134,1.5906759125771688,0.5143187477765919
511.9722590000023,0.6054130898867137,0.9999999999999999,511.78690900001334,1.5451475384337119,0.557897545357524
512.2293020000023,0.6185441448412294,0.9999999999999999,512.0368780000133,1.4976731740344085,0.5964959089292067
512.4646480000023,0.6353572502522173,0.9999999999999999,512.291262000013,1.449994826567074,0.6400747065101388
512.7172320000024,0.6547581483097181,0.9999999999999999,512.5356420000132,1.4118448600300195,0.6973496976165066
512.9513670000026,0.6738614913500061,0.9999999999999999,512.7791910000132,1.3949151365338643,0.7122909996442547
513.2002450000027,0.6887362226389757,0.9999999999999999,513.0331920000133,1.4071319890790632,0.6998399146211314
513.4535340000026,0.6952548972266472,0.9999999999999999,513.2791460000134,1.4502988022348997,0.6400747065101388
513.6941400000027,0.6904746571913578,0.9999999999999999,513.5281730000133,1.5187123070035684,0.5778192813945215
513.9389530000026,0.6752120767926235,0.9999999999999999,513.7755240000137,1.5979883442104317,0.5118285307719672
514.1915270000021,0.6546974025568971,0.9999999999999999,514.0187000000135,1.6677012403364286,0.46326929918178583
514.4340340000022,0.635239894895373,0.9999999999999999,514.2705270000137,1.7085517503643168,0.42591604411241557
514.7040650000021,0.6211417025718748,0.9999999999999999,514.5129270000135,1.711694792951959,0.42218071860547846
514.9314810000022,0.6133747473881255,0.9999999999999999,514.7621590000136,1.6830995212483582,0.4470828886517254
515.1794680000022,0.6096735504532756,0.9999999999999999,515.0104580000136,1.635641874460004,0.48319103521878337
515.4335150000023,0.6063620295728768,0.9999999999999999,515.2565070000135,1.5806820001469175,0.5292600498043402
515.6809270000024,0.6012940282559984,0.9999999999999999,515.5109600000138,1.5251751443920891,0.5703486303806475
515.9264040000021,0.5945073976106914,0.9999999999999999,515.7545520000139,1.4734769918208022,0.6201529704731412
516.1714030000022,0.5878927696196892,0.9999999999999999,516.0135150000137,1.4274433425544357,0.6811632870864462
516.4152490000022,0.5846237558323718,0.9999999999999999,516.2504320000138,1.388661376991267,0.7222518676627536
516.6726610000021,0.5881146725327961,0.9999999999999999,516.4958930000137,1.359448953607667,0.7608502312344362
516.9098970000024,0.6006038144648311,0.9999999999999999,516.7475080000138,1.345413220086604,0.7869975097829954
517.1601860000027,0.6219783542766483,0.9999999999999999,516.9999340000139,1.3568356967071344,0.763340448239061
517.4112130000026,0.6498937751058381,0.9999999999999999,517.2384440000139,1.4039882748707215,0.7023301316257561
517.6561660000029,0.6812161932709451,0.9999999999999999,517.486352000014,1.4905871127682722,0.6027214514407685
517.9257630000029,0.7133079839242423,0.9999999999999999,517.7389390000142,1.609108667682916,0.4981323372465314
518.147286000003,0.7445115340476138,0.9999999999999999,517.9784160000144,1.7354251561190261,0.4010138740661686
518.3981260000031,0.7736724222845133,0.9999999999999999,518.2295080000146,1.836673078072883,0.3175916044112415
518.6502070000031,0.7986598694871898,0.9999999999999999,518.4769160000147,1.8876964744386342,0.2889541088580576
518.8971790000031,0.8164399979845474,0.9999999999999999,518.7226140000148,1.8830797371824373,0.2901992173603699
519.1460570000033,0.8239310111023298,0.9999999999999999,518.9695300000146,1.8363095386248165,0.3200818214158663
519.3931950000033,0.8193002669618764,0.9999999999999999,519.2259330000145,1.7696124638453505,0.3761117040199217
519.6375770000033,0.8039996306991173,0.9999999999999999,519.4690170000148,1.7033930030386766,0.43089647812166487
519.8810910000033,0.7820197767947872,0.9999999999999999,519.7189490000146,1.6541449598963511,0.47198505869797225
520.1267140000033,0.7576415711965272,0.9999999999999999,519.9593190000147,1.632597419210301,0.48319103521878337
520.3755550000031,0.7334807083582144,0.9999999999999999,520.2070570000147,1.6409271543837507,0.47945570971184637
520.6355520000031,0.7103463455438226,0.9999999999999999,520.456647000015,1.6710073027660313,0.46077908217716124
520.8751550000032,0.6883466772611643,0.9999999999999999,520.702807000015,1.7049609399712413,0.43089647812166487
521.1317010000031,0.6680476119606328,0.9999999999999999,520.9672800000149,1.7211917295515393,0.41346495908929204
521.3736810000033,0.6515927763491434,0.9999999999999999,521.1996980000148,1.7000040505047955,0.43214158662397717
521.6257290000032,0.6424392516203106,0.9999999999999999,521.4517230000147,1.6332593439709713,0.48319103521878337
521.8657140000035,0.6430239541455766,0.9999999999999999,521.6970750000145,1.5322676693180237,0.5603877623621486
522.1167060000034,0.6528679318018233,0.9999999999999999,521.9468600000146,1.4201522286062809,0.6861437210956955
522.3879220000033,0.6690759361042813,0.9999999999999999,522.1892390000143,1.3188708582845254,0.8455176093916755
522.6094630000033,0.6893786503936054,0.9999999999999999,522.4361380000141,1.2428303913880614,0.9239594450373532
522.8751870000033,0.7132687793304601,0.9999999999999999,522.6847270000143,1.1944219772031879,0.9751867662753468
523.1030100000033,0.7419920785591387,0.9999999999999999,522.931664000014,1.1663408654348977,0.9999999999999999
523.3499260000034,0.7768635745525775,0.9999999999999999,523.1811340000139,1.1470098785156506,0.9999999999999999
523.5970590000032,0.8185464426789066,0.9999999999999999,523.4299760000139,1.1252992962793393,0.9999999999999999
523.842747000003,0.8668459462788909,0.9999999999999999,523.690569000014,1.0952112909741047,0.9999999999999999
524.0961920000032,0.9194052086269809,0.9999999999999999,523.9289430000139,1.0579532039126787,0.9999999999999999
524.3411400000031,0.9711895056445294,0.9999999999999999,524.174897000014,1.0208178580446272,0.9999999999999999
524.5882090000036,1.0150212787058297,0.9999999999999999,524.4293610000141,0.9927883367637901,0.9999999999999999
524.8350800000037,1.0440676944896188,0.9999999999999999,524.6626260000137,0.9796965239234217,0.9999999999999999
525.0926680000039,1.0532115714222077,0.9999999999999999,524.9121810000138,0.980915268298279,0.9999999999999999
525.3308720000044,1.0397779463653505,0.9999999999999999,525.1617780000139,0.9920604147688729,0.9999999999999999
525.5969030000043,1.0055641781040892,0.9999999999999999,525.409237000014,1.011092903953337,0.9999999999999999
525.8244140000045,0.9564048999156249,0.9999999999999999,525.6651820000138,1.0451191769312786,0.9999999999999999
526.0793580000046,0.8992833338127585,0.9999999999999999,525.9045110000139,1.1040167141618027,0.9999999999999999
526.3217810000046,0.8409532472221549,0.9999999999999999,526.1503960000143,1.190778235580007,0.9791889007470651
526.574732000005,0.787318638483631,0.9999999999999999,526.403281000014,1.2991278945195757,0.8719316969050159
526.8216860000049,0.7428584247429924,0.9999999999999999,526.648274000014,1.4151994251781894,0.6961045891141943
527.0797700000052,0.7105020813325131,0.9999999999999999,526.896585000014,1.5234433960654146,0.5728388473852721
527.3122960000051,0.6911742530286162,0.9999999999999999,527.1456750000146,1.6120918655152106,0.4943970117395944
527.5846650000053,0.6832080627943,0.9999999999999999,527.3975920000146,1.6782876255894743,0.4545535396655994
527.8143440000056,0.6819860385927828,0.9999999999999999,527.636614000014,1.7295071011925731,0.4047491995731056
528.0588870000056,0.6817529981804782,0.9999999999999999,527.890548000014,1.7769029796828832,0.36988616150835996
528.2998050000059,0.6791480609824081,0.9999999999999999,528.1646690000134,1.8265845620807246,0.326307363927428
528.5481670000054,0.6743346857683175,0.9999999999999999,528.3829270000133,1.88101091008267,0.2901992173603699
528.8161790000054,0.6702177821304287,0.9999999999999999,528.6269680000134,1.9385890040092266,0.26529704731412307
529.0421490000056,0.669851964625457,0.9999999999999999,528.8745430000134,1.9926198235398243,0.24662041977943797
529.2932110000057,0.674996172856012,0.9999999999999999,529.1165150000134,2.030005970554366,0.22794379224475272
529.539021000006,0.6861439387893029,0.9999999999999999,529.3698400000135,2.0346220812694695,0.22794379224475272
529.7974380000062,0.7028336245277033,0.9999999999999999,529.6209600000134,1.9947449251319538,0.24413020277481323
530.0534090000061,0.7232656057290292,0.9999999999999999,529.8647680000133,1.9097281617799724,0.27276769832799713
530.2845170000064,0.7455927980910881,0.9999999999999999,530.1103890000129,1.7934787873723108,0.3549448594806119
530.529314000006,0.764605425181037,0.9999999999999999,530.3652410000133,1.6680887089572147,0.46326929918178583
530.7749410000062,0.7737592586816114,0.9999999999999999,530.6042710000132,1.5534456912392725,0.5516720028459623
531.0268370000061,0.7697223886970663,0.9999999999999999,530.8612600000135,1.4616737442894125,0.6301138384916399
531.2751870000055,0.7537657518270446,0.9999999999999999,531.1110690000138,1.3932134361122475,0.7147812166488794
531.5181740000057,0.7338292422042197,0.9999999999999999,531.3700430000137,1.338132155728489,0.8044290288153682
531.7771120000057,0.7216877225533096,0.9999999999999999,531.5984860000141,1.2841491399371403,0.883137673425827
532.0146320000055,0.7302878303146015,0.9999999999999999,531.841174000014,1.2254676309340138,0.9399679829242262
532.2665550000053,0.7696463802442041,0.9999999999999999,532.0900400000137,1.1635543065645735,0.9999999999999999
532.5153590000054,0.8425084121102823,0.9999999999999999,532.3422380000134,1.103180466882395,0.9999999999999999
532.7577750000049,0.943250797897886,0.9999999999999999,532.5816920000132,1.0498036394416541,0.9999999999999999
533.0097070000054,1.0591808296124792,0.9999999999999999,532.8357280000131,1.0092509575053945,0.9999999999999999
533.2706590000055,1.172420527578715,0.9935965848452507,533.0826520000132,0.9873207616289426,0.9999999999999999
533.5025690000053,1.2706800142731336,0.9007470651013874,533.3356960000134,0.9883238411957783,0.9999999999999999
533.7565430000052,1.351060019980068,0.774546424759872,533.5738390000133,1.012410141433461,0.9999999999999999
533.9960090000054,1.4170162255264673,0.694859480611882,533.8253510000139,1.05406258913203,0.9999999999999999
534.2481700000053,1.4724730809440212,0.6226431874777658,534.0838690000139,1.0990689444313215,0.9999999999999999
534.4950170000056,1.5224325447884244,0.5753290643898968,534.3257890000143,1.1300966006672133,0.9999999999999999
534.7389910000054,1.5730079931673528,0.5342404838135895,534.5912500000143,1.138913127382887,0.9999999999999999
534.9924400000057,1.6300756573128394,0.48443614372109567,534.819309000014,1.13338781188627,0.9999999999999999
535.2418900000058,1.6992645985607244,0.43214158662397717,535.0665500000132,1.1287436012412166,0.9999999999999999
535.4803220000061,1.7848641350484118,0.36241551049448595,535.3184320000129,1.1372044446052914,0.9999999999999999
535.7433350000059,1.8855946085525364,0.2901992173603699,535.5525030000128,1.1672188807214563,0.9999999999999999
535.9781870000058,1.9929861795055763,0.24413020277481323,535.8068210000125,1.2222331331556684,0.9439701173959445
536.2271780000066,2.092136691296062,0.19806118818925655,536.053996000013,1.2992205218144879,0.8719316969050159
536.4807630000064,2.162168753095235,0.15946282461757375,536.3033670000132,1.386452089839216,0.7272323016720029
536.727131000006,2.183505352332146,0.14727854855923153,536.5522430000135,1.4663175630109155,0.626378512984703
536.9755080000064,2.1640241407287415,0.15946282461757375,536.7921390000134,1.5235427546223095,0.5728388473852721
537.2179910000066,2.135310173215071,0.17689434364994658,537.0380260000138,1.5493473560925182,0.5541622198505869
537.4686320000063,2.119485744032322,0.18187477765919602,537.2915680000137,1.5418735499929788,0.5603877623621486
537.7345250000064,2.1235001902288473,0.18062966915688358,537.5385040000131,1.509522809179151,0.586535040910708
537.976025000007,2.1488603472204137,0.16693347563144792,537.7865520000134,1.4666265513593992,0.626378512984703
538.2114690000068,2.1994279852134464,0.1400747065101387,538.0339320000134,1.4264915379299457,0.6824083955887585
538.4589010000068,2.2804282513140643,0.10325506937033087,538.2777570000133,1.3986923583620614,0.706065457132693
538.7048070000071,2.393930386563751,0.06323372465314829,538.5223360000132,1.385548732631142,0.7284774101743152
538.9548070000072,2.5333875338910445,0.028014941302027776,538.7783760000136,1.3863281589335446,0.7272323016720029
539.1965630000068,2.6779484466581795,0.0,539.0363050000134,1.4015326098688636,0.7023301316257561
539.4439440000067,2.791219239281891,0.0,539.2732220000138,1.435104089426411,0.662486659551761
539.705552000007,2.836110512379147,0.0,539.5187160000136,1.4931005431933642,0.6002312344361437
539.9531230000065,2.7964667196517734,0.0,539.7688920000136,1.579020919596394,0.5292600498043402
540.1948510000063,2.6798063363671534,0.0,540.0213940000136,1.688920641747207,0.4408573461401637
540.4332200000063,2.5100138604787747,0.03121664887940234,540.2601070000137,1.8064713589819852,0.3437388829598008
540.6888660000061,2.314070429077497,0.09124866595517607,540.5057140000139,1.9076587245303842,0.27525791533262184
540.9521810000062,2.111126699118783,0.18561010316613305,540.7541120000142,1.9695143783750297,0.2516008537886873
541.1812270000061,1.9172035463652324,0.2690323728210601,541.0052160000142,1.9783397911487781,0.250355745286375
541.4307600000061,1.744628388095014,0.39478833155460696,541.246820000014,1.9373433729717777,0.26529704731412307
541.6767140000062,1.590113794984028,0.5143187477765919,541.4971440000143,1.8612972177995664,0.30265030238349344
541.9147950000057,1.4576518114570192,0.633849163998577,541.7420930000142,1.7685005549815602,0.377356812522234
542.1654340000056,1.3724646178205393,0.7421736036997509,541.9895090000135,1.6770896268031281,0.45704375667022423
542.4194520000054,1.3963950075412308,0.7098007826396301,542.2520600000134,1.6020461650666817,0.5080932052650303
542.6628470000055,1.5952909162345734,0.5130736392742796,542.4860490000135,1.5532064867863682,0.5516720028459623
542.9128450000053,1.9569933573653193,0.25907150480256136,542.7337440000138,1.5352063783566554,0.5603877623621486
543.1605100000056,2.376023353109858,0.07283884738527215,542.9871300000143,1.549808689051886,0.5541622198505869
543.412562000006,2.7513922687838486,0.0,543.2377610000145,1.599110562502364,0.5093383137673426
543.6554780000059,3.044108457810795,0.0,543.4751690000144,1.6837432328802802,0.4470828886517254
543.898966000006,3.253846687590502,0.0,543.7251590000144,1.796976162481494,0.3524546424759871
544.1469450000059,3.3936757119561927,0.0,543.9806720000145,1.9190514034961121,0.2690323728210601
544.4003430000057,3.4801581330938793,0.0,544.2249450000145,2.0240530537439376,0.23167911775168976
544.646307000006,3.5283027260902022,0.0,544.4750100000143,2.090208853438235,0.19930629669156885
544.8891150000062,3.5486038371416972,0.0,544.7173040000141,2.1045835236548083,0.18934542867307008
545.1350980000053,3.545745414703952,0.0,544.9608140000138,2.064282505479844,0.21175738171469222
545.3996140000052,3.515938016143085,0.0,545.2203160000139,1.9741067337775615,0.2516008537886873
545.6331460000057,3.43948761532366,0.0,545.4602690000138,1.8437388624466273,0.3138562789043045
545.8774690000055,3.260403309729205,0.0,545.705650000014,1.6863528593276178,0.445837780149413
546.1239070000056,2.887479393972046,0.0,545.9495650000139,1.5184348504085186,0.5778192813945215
546.3769610000056,2.4335326044467323,0.05522945570971185,546.201603000014,1.3573716230393993,0.7620953397367485
546.6229520000053,2.0593520765439965,0.21673781572394166,546.443560000014,1.2188688111870845,0.9455709711846317
546.8683320000049,1.7631013391390666,0.377356812522234,546.7146650000142,1.1146990046905532,0.9999999999999999
547.125370000005,1.528016635748924,0.5666133048737104,546.9486780000141,1.052596310048339,0.9999999999999999
547.373258000005,1.3404365851771236,0.8019388118107436,547.1911870000137,1.0379650157595173,0.9999999999999999
547.6132650000046,1.1903987925857331,0.9791889007470651,547.450022000014,1.0744193464359744,0.9999999999999999
547.8629190000047,1.0709970588433326,0.9999999999999999,547.6835650000137,1.159335498136592,0.9999999999999999
548.1028820000045,0.9784847082896196,0.9999999999999999,547.9364870000138,1.2785894824482027,0.8895410885805762
548.3544320000044,0.9108933847400609,0.9999999999999999,548.1779380000137,1.4066957187659825,0.7010850231234438
548.6177990000042,0.8643995004750369,0.9999999999999999,548.429049000014,1.5167604387567222,0.5790643898968338
548.8463750000045,0.8325867078782296,0.9999999999999999,548.6783530000141,1.5931929598948278,0.5130736392742796
549.1027590000041,0.8086512144377038,0.9999999999999999,548.9236900000144,1.6357930985927727,0.48319103521878337
549.3510410000039,0.788257681178604,0.9999999999999999,549.1711070000147,1.6546450116983646,0.47073995019565995
549.5905810000037,0.7699189710269595,0.9999999999999999,549.4227410000145,1.6646529652018003,0.46575951618641054
549.8409390000033,0.754429622912906,0.9999999999999999,549.6690950000146,1.680954240242096,0.4520633226609747
550.0881010000035,0.7438913065673407,0.9999999999999999,549.9232560000153,1.711719661027281,0.42218071860547846
550.3465460000035,0.7394603801955714,0.9999999999999999,550.1631880000156,1.7513588242618447,0.3873176805407328
550.5809250000036,0.7393719836661502,0.9999999999999999,550.4130790000158,1.7828329027520082,0.36366061899679836
550.8303550000038,0.7381251462502748,0.9999999999999999,550.6616290000156,1.7878624568422483,0.36117040199217365
551.0789210000038,0.7273212034931476,0.9999999999999999,550.9115950000156,1.7588169257662172,0.3798470295268588
551.3235300000039,0.7003546301263662,0.9999999999999999,551.1541610000153,1.70054088074675,0.43214158662397717
551.5714450000036,0.6568741037732775,0.9999999999999999,551.3960700000155,1.6251216334591492,0.4869263607257204
551.8338750000034,0.6025597033784927,0.9999999999999999,551.6480660000155,1.5465619145012393,0.5566524368552117
552.073821000004,0.5463487125378833,0.9999999999999999,551.8936870000161,1.4795506389904753,0.6139274279615795
552.3139400000043,0.49641468455072224,0.9999999999999999,552.1436180000161,1.4396049527005021,0.6575062255425115
552.5628160000042,0.45790728432317346,0.9999999999999999,552.388639000016,1.4400494970954776,0.6537709000355746
552.8099000000042,0.43273951051631054,0.9999999999999999,552.6365180000157,1.4896707073444684,0.6039665599430808
553.084725000004,0.41984085886983624,0.9999999999999999,552.8960310000155,1.5882661837440795,0.5168089647812166
553.3283350000038,0.41585745227324045,0.9999999999999999,553.1379110000153,1.7221624046001924,0.41221985058697974
553.5513450000037,0.4157891600689567,0.9999999999999999,553.3819830000149,1.8662073829434962,0.30016008537886874
553.8050680000036,0.41458579789265654,0.9999999999999999,553.6278730000149,1.9920770653727828,0.24662041977943797
554.045551000003,0.4090716747612031,0.9999999999999999,553.8847830000149,2.077493735559898,0.20926716471006762
554.3015360000028,0.39891632893627693,0.9999999999999999,554.1259360000147,2.1120100387622314,0.18561010316613305
554.5464640000026,0.38592385956932335,0.9999999999999999,554.3838110000146,2.101312152809509,0.1918356456776948
554.7914610000025,0.37204055418941845,0.9999999999999999,554.616963000014,2.0635992305141837,0.21175738171469222
555.0469830000023,0.3584554415290903,0.9999999999999999,554.8627960000146,2.0229433250785496,0.23167911775168976
555.2890870000022,0.3457166732595009,0.9999999999999999,555.1109690000146,2.0013620460740165,0.24163998577018853
555.535014000002,0.33478010716335094,0.9999999999999999,555.3577590000144,2.011754728252224,0.2379046602632515
555.7859930000025,0.3277721546411373,0.9999999999999999,555.624488000015,2.051456469073706,0.2192280327285664
556.0305190000023,0.3276167718759312,0.9999999999999999,555.8512700000151,2.103084336572215,0.1918356456776948
556.2997950000023,0.3374768664980825,0.9999999999999999,556.108778000015,2.1417852335073184,0.17440412664532198
556.5249350000023,0.3590047212946127,0.9999999999999999,556.3526210000153,2.146755430446433,0.16942369263607251
556.7726950000022,0.3912073483608445,0.9999999999999999,556.5985640000148,2.1099139826093882,0.18561010316613305
557.0303360000021,0.4303158813013082,0.9999999999999999,556.8480420000149,2.0345923367353302,0.22794379224475272
557.2682400000018,0.4711053778788922,0.9999999999999999,557.0940070000148,1.9337259275427992,0.26654215581643537
557.5142350000018,0.5106492591077354,0.9999999999999999,557.342525000015,1.826762038038915,0.326307363927428
557.7630920000018,0.5501196815538434,0.9999999999999999,557.6058980000151,1.7353608328991055,0.4010138740661686
558.0073750000015,0.5922765189737074,0.9999999999999999,557.8421230000156,1.6768428142266039,0.45704375667022423
558.2566110000016,0.6387496684537183,0.9999999999999999,558.0800110000157,1.6587609663569685,0.47073995019565995
558.5036730000015,0.6884093800761852,0.9999999999999999,558.3306500000159,1.6768906958604026,0.45704375667022423
558.7525030000016,0.7369031840551212,0.9999999999999999,558.5765840000162,1.7177812927417033,0.41720028459622904
559.0055530000017,0.7790924587427865,0.9999999999999999,558.8294640000165,1.7605907729472148,0.3798470295268588
559.2479660000016,0.811687012403251,0.9999999999999999,559.0765520000167,1.786956875362451,0.36117040199217365
559.5052510000013,0.8339335331605779,0.9999999999999999,559.3265500000164,1.7859067764776626,0.36241551049448595
559.7510930000014,0.847948404752991,0.9999999999999999,559.5701060000164,1.7571900332542896,0.3823372465314835
559.992282000002,0.8569679370187565,0.9999999999999999,559.8194550000169,1.7106638539605183,0.42591604411241557
560.2420910000018,0.8640344611740175,0.9999999999999999,560.0648540000163,1.6631096413044932,0.46575951618641054
560.4870490000017,0.8715892220565468,0.9999999999999999,560.3124260000166,1.6272768156370399,0.4856812522234081
560.7570260000015,0.8805654089700733,0.9999999999999999,560.5593290000159,1.6044565632196162,0.5068480967627179
560.9844880000015,0.8914339782382728,0.9999999999999999,560.810821000016,1.5873160776171178,0.5205442902881537
561.2252210000013,0.9034307583297729,0.9999999999999999,561.0541890000156,1.5673128337895812,0.5392209178228388
561.4784080000013,0.9150516187454163,0.9999999999999999,561.2963020000157,1.5393454666058677,0.5603877623621486
561.7324360000019,0.9239797128571873,0.9999999999999999,561.5536940000153,1.5039593453165097,0.5877801494130203
561.975152000002,0.929832579313663,0.9999999999999999,561.7957580000152,1.468401567267831,0.6251334044823907
562.2243820000017,0.9377916522870993,0.9999999999999999,562.0615110000152,1.442718281287032,0.6537709000355746
562.4651280000018,0.9580866734513286,0.9999999999999999,562.2968280000149,1.4346266940303392,0.6637317680540733
562.7110490000015,0.9999166403827433,0.9999999999999999,562.5372130000152,1.4451860374936525,0.6500355745286375
562.963470000002,1.0644121181690869,0.9999999999999999,562.7892480000153,1.4666281853037877,0.626378512984703
563.2074300000021,1.1399470427672425,0.9999999999999999,563.0352290000151,1.485303514204086,0.6064567769477055
563.4614640000021,1.2059600474607794,0.9599786552828175,563.283754000015,1.4894657156352722,0.6039665599430808
563.7049950000023,1.2445984637332628,0.9215581643543223,563.536265000015,1.4766148623935607,0.6176627534685165
563.9633520000017,1.2506062316088522,0.9159551760939166,563.7827900000149,1.4536310379260846,0.6388295980078263
564.2048280000018,1.2300063820623137,0.9367662753468516,564.0248410000144,1.4306279230847796,0.6712024190679473
564.4467650000016,1.1939988454681116,0.9751867662753468,564.2757150000141,1.4141728715993207,0.6961045891141943
564.6937910000016,1.1525227591709486,0.9999999999999999,564.5188040000144,1.405814752535509,0.7010850231234438
564.9407300000015,1.1105452298784333,0.9999999999999999,564.7621630000141,1.4027450921914237,0.7023301316257561
565.1902480000017,1.0680489350088542,0.9999999999999999,565.0180370000141,1.4006119718292631,0.7048203486303807
565.4512690000018,1.0220346299471137,0.9999999999999999,565.2730210000143,1.3976532709415501,0.7085556741373178
565.6849220000021,0.9707330563571767,0.9999999999999999,565.5027310000141,1.3952525809774357,0.7110458911419424
565.9358890000021,0.9165646996736312,0.9999999999999999,565.7599070000146,1.3939460120554552,0.7147812166488794
566.1858730000021,0.8662205738323989,0.9999999999999999,566.0087100000143,1.39193013501525,0.7172714336535041
566.4308460000018,0.8269063882776719,0.9999999999999999,566.2538610000146,1.387327269539458,0.7272323016720029
566.6777570000022,0.8024886836767324,0.9999999999999999,566.5031660000142,1.3838093470499484,0.7322127356812522
566.9201580000022,0.7916341514146067,0.9999999999999999,566.7491530000142,1.393446334375922,0.7147812166488794
567.185159000002,0.7893461000600688,0.9999999999999999,566.9999110000145,1.4322663073587074,0.6674670935610104
567.421122000002,0.7906952299957521,0.9999999999999999,567.2471370000144,1.5085848809487519,0.586535040910708
567.6692220000023,0.7916142037142017,0.9999999999999999,567.4865300000142,1.6128565443311542,0.4931519032372821
567.9146210000023,0.7877108047410876,0.9999999999999999,567.7464980000143,1.719193979442933,0.41595517609391675
568.1614750000025,0.7741359732976363,0.9999999999999999,567.9814420000143,1.8021090151451484,0.3474742084667378
568.4269570000029,0.747162347238055,0.9999999999999999,568.228362000014,1.8511418079652127,0.30887584489505515
568.6593130000024,0.7065113288771857,0.9999999999999999,568.4803490000139,1.8704024051514208,0.297669868374244
568.9097770000026,0.6556218950239664,0.9999999999999999,568.735289000014,1.8714769208548998,0.297669868374244
569.1527020000025,0.6001584006589203,0.9999999999999999,568.9718450000139,1.866024205007562,0.30140519388118103
569.4047880000023,0.5461903891450748,0.9999999999999999,569.2288580000143,1.85973081769777,0.30389541088580574
569.6493640000025,0.4991624859269528,0.9999999999999999,569.470809000014,1.8506146537155483,0.30887584489505515
569.9047430000031,0.4632291773879715,0.9999999999999999,569.7337080000135,1.8358743558823183,0.3200818214158663
570.1446890000027,0.4400820054997617,0.9999999999999999,569.9625620000139,1.8172143950052217,0.33502312344361435
570.3956560000023,0.4278748099743744,0.9999999999999999,570.2165520000135,1.7983428606636513,0.3524546424759871
570.6520350000022,0.4212749324605838,0.9999999999999999,570.4599790000133,1.7783873278726532,0.36739594450373536
570.8972950000026,0.41375299068389904,0.9999999999999999,570.711890000013,1.7521186364986976,0.3860725720384205
571.1391910000027,0.4014003235795585,0.9999999999999999,570.9518370000131,1.7159142841528316,0.41969050160085386
571.3810920000027,0.38429522921982795,0.9999999999999999,571.204382000013,1.6730983808627018,0.45704375667022423
571.6405030000029,0.3648591667235446,0.9999999999999999,571.4588170000128,1.6338669034488795,0.48319103521878337
571.880513000003,0.34557746262590405,0.9999999999999999,571.6987220000124,1.6123456861503487,0.4943970117395944
572.1333970000028,0.3276028516954169,0.9999999999999999,571.9446930000121,1.6238559896404583,0.4869263607257204
572.3714240000033,0.31089648273724685,0.9999999999999999,572.1972470000123,1.6803419580691237,0.4520633226609747
572.6178200000032,0.29507043837939756,0.9999999999999999,572.4365580000124,1.7829028636074367,0.36366061899679836
572.8763890000032,0.2805926035858641,0.9999999999999999,572.6896350000123,1.9121881801633815,0.27152258982568483
573.1294230000033,0.2696607945853253,0.9999999999999999,572.9393970000123,2.026874712292635,0.22918890074706516
573.3674820000033,0.265772322530229,0.9999999999999999,573.187023000012,2.0844365870107144,0.20428673070081815
573.6104950000029,0.271948635443639,0.9999999999999999,573.4253840000116,2.0659374284761167,0.21175738171469222
573.8540350000026,0.28896272154965214,0.9999999999999999,573.6769670000114,1.975840097653128,0.2516008537886873
574.1095560000025,0.31523941868514965,0.9999999999999999,573.9248650000112,1.8318839543460976,0.322572038420491
574.3533280000024,0.3485619968514505,0.9999999999999999,574.1729770000112,1.6572005268133985,0.47073995019565995
574.6106850000026,0.3872469664061361,0.9999999999999999,574.4179190000108,1.47557461694881,0.6201529704731412
574.8685870000025,0.43062980495869163,0.9999999999999999,574.6654820000108,1.3089667532098057,0.8583244397011739
575.1042380000022,0.47899514037827307,0.9999999999999999,574.9094430000112,1.1771022349469018,0.9919957310565634
575.3481890000023,0.5334993267343872,0.9999999999999999,575.1562200000113,1.098435963901129,0.9999999999999999
575.5951630000022,0.5960349769122608,0.9999999999999999,575.4118590000115,1.0867472843649142,0.9999999999999999
575.8400260000022,0.6688207595948745,0.9999999999999999,575.6553680000117,1.1446112872509413,0.9999999999999999
576.103988000002,0.7519149043192181,0.9999999999999999,575.8997130000116,1.2619890848492057,0.9079509071504801
576.3354170000019,0.8412613399045081,0.9999999999999999,576.1501530000108,1.4195081978218012,0.6861437210956955
576.5832980000022,0.9286919086605308,0.9999999999999999,576.4013230000108,1.5961784056874504,0.5130736392742796
576.8339010000024,1.0027144412051125,0.9999999999999999,576.6471510000106,1.7771747005090073,0.36988616150835996
577.0813450000024,1.051960405634004,0.9999999999999999,576.8931290000108,1.9564145404307132,0.25907150480256136
577.3300010000022,1.069518191458681,0.9999999999999999,577.143231000011,2.1356866548819693,0.17564923514763428
577.5774740000021,1.0550832498444342,0.9999999999999999,577.405517000011,2.3200233409687887,0.0880469583778015
577.8301690000023,1.0144974755689646,0.9999999999999999,577.6348860000111,2.5089319664014162,0.03121664887940234
578.0765620000026,0.9575080723446429,0.9999999999999999,577.8853440000111,2.688265757833333,0.0
578.3301400000029,0.8933508370388031,0.9999999999999999,578.1282690000115,2.828814070683584,0.0
578.5625700000029,0.8296734026428675,0.9999999999999999,578.3801620000114,2.8976294786854955,0.0
578.8158580000024,0.772878678585404,0.9999999999999999,578.6368130000117,2.877716009007401,0.0
579.0683550000023,0.7283835861611693,0.9999999999999999,578.889198000012,2.7795660317611657,0.0
579.3183350000022,0.7001565577890135,0.9999999999999999,579.1302480000121,2.632218446408802,0.0024012806830309426
579.5702940000026,0.6887824731903528,0.9999999999999999,579.3750700000121,2.467260212685992,0.04322305229455705
579.801175000003,0.6906272665537275,0.9999999999999999,579.6171460000121,2.3101881481054156,0.09124866595517607
580.0476500000035,0.6982417360793964,0.9999999999999999,579.8620780000119,2.1753775803124733,0.1519921736036997
580.3007320000034,0.703332610157327,0.9999999999999999,580.1099650000122,2.062623975242871,0.21175738171469222
580.5470050000034,0.6994416495502832,0.9999999999999999,580.3604040000121,1.9615159701504572,0.2565812877979366
580.7956140000032,0.6847853085539275,0.9999999999999999,580.6178480000117,1.8639003905943448,0.30140519388118103
581.0380940000038,0.6619114944759041,0.9999999999999999,580.8541600000112,1.7701880483499477,0.3761117040199217
581.2874430000036,0.6357402196345011,0.9999999999999999,581.1021660000114,1.686340854785275,0.445837780149413
581.5320800000034,0.6137341716341393,0.9999999999999999,581.3501540000111,1.6180422946909698,0.4906616862326574
581.7885470000032,0.6057394145721494,0.9999999999999999,581.6012890000112,1.5658621541497904,0.5404660263251511
582.027974000003,0.6222461722957127,0.9999999999999999,581.8446150000104,1.5237783376582628,0.5715937388829598
582.276050000003,0.66976147256153,0.9999999999999999,582.10202300001,1.4823898586878228,0.6101921024546425
582.5472910000028,0.7482411966725331,0.9999999999999999,582.3396470000099,1.4342914865339509,0.6649768765563857
582.7807490000024,0.8513745519033342,0.9999999999999999,582.5915680000095,1.377283215738336,0.7359480611881895
583.0247050000022,0.9679369839083136,0.9999999999999999,582.83206500001,1.3157327706639967,0.8503201707577374
583.2703150000025,1.081829573149605,0.9999999999999999,583.0830380000097,1.261182217271296,0.9079509071504801
583.5176690000026,1.1719204835321886,0.9935965848452507,583.3330430000094,1.2291500392793324,0.9383671291355389
583.7859970000028,1.2169817484973726,0.947171824973319,583.5720200000097,1.2300384175394,0.9367662753468516
584.0255880000033,1.2071084581638574,0.9591782283884738,583.8385450000096,1.2584526100795776,0.9095517609391675
584.253806000003,1.152529913329799,0.9999999999999999,584.0744950000093,1.2928713675545795,0.8751334044823905
584.5169000000031,1.076639273795777,0.9999999999999999,584.3219610000097,1.3111353346096841,0.855923159018143
584.7548340000034,1.0021961273833186,0.9999999999999999,584.5692940000097,1.3040945112410192,0.8623265741728922
585.0028780000033,0.9426510028054628,0.9999999999999999,584.8113650000099,1.2755079887806215,0.8951440768409819
585.2528990000035,0.9019233336386233,0.9999999999999999,585.0844410000099,1.23562245584175,0.9263607257203842
585.4988730000034,0.8776510154051286,0.9999999999999999,585.3091280000098,1.1959903571970076,0.9719850586979721
585.7736920000035,0.8628067490435678,0.9999999999999999,585.5596520000099,1.1656677125903188,0.9999999999999999
585.9886230000033,0.8475967154544856,0.9999999999999999,585.8062620000098,1.1486124811227945,0.9999999999999999
586.2386100000037,0.8250678027043296,0.9999999999999999,586.0510230000095,1.1434658110321558,0.9999999999999999
586.4933980000038,0.7956606794353915,0.9999999999999999,586.3117160000094,1.1471828153444548,0.9999999999999999
586.7328240000038,0.7648830945983983,0.9999999999999999,586.5425780000093,1.1607922408391458,0.9999999999999999
586.9987760000034,0.7379029318116191,0.9999999999999999,586.7977240000093,1.1916497945390774,0.9759871931696904
587.2244510000036,0.7172474242150989,0.9999999999999999,587.0425580000087,1.2479588105834432,0.917556029882604
587.4787240000039,0.7031507240933169,0.9999999999999999,587.2869960000086,1.3309607633171399,0.8218605478477411
587.7217570000043,0.6943787390070498,0.9999999999999999,587.538676000008,1.431944784138762,0.6674670935610104
587.9771810000045,0.6879323380222774,0.9999999999999999,587.7875930000077,1.5351136088163986,0.5603877623621486
588.2226840000044,0.6785801788227146,0.9999999999999999,588.0320900000078,1.6233026346438746,0.4869263607257204
588.4645950000044,0.6617123140280505,0.9999999999999999,588.2824380000077,1.6809648623217779,0.4520633226609747
588.7150750000045,0.6370836650104421,0.9999999999999999,588.5260710000077,1.7002641334736184,0.43214158662397717
588.9716330000047,0.608911778760697,0.9999999999999999,588.7930390000076,1.686743310930309,0.4445926716471007
589.2106490000049,0.5826657692303872,0.9999999999999999,589.026420000008,1.6565492168598746,0.47073995019565995
589.4621410000049,0.5627995337602574,0.9999999999999999,589.2723760000082,1.6276188556375897,0.4856812522234081
589.7035260000051,0.5523105471101225,0.9999999999999999,589.5190330000083,1.6109909138013223,0.4943970117395944
589.9570890000051,0.5518772472409751,0.9999999999999999,589.7719700000082,1.6089773326009316,0.4993774457488439
590.1965750000047,0.5602557531271632,0.9999999999999999,590.0139950000083,1.6214586558555955,0.4869263607257204
590.452525000005,0.574621464030315,0.9999999999999999,590.2620310000086,1.6517191428946587,0.47323016720028455
590.696633000005,0.5915615827790064,0.9999999999999999,590.5090060000084,1.7097681423290283,0.42591604411241557
590.9414240000051,0.6079568992206676,0.9999999999999999,590.7504020000083,1.8080941930612782,0.3424937744574884
591.1879610000051,0.6221910618194065,0.9999999999999999,591.0129660000082,1.9485847488887629,0.26280683030949836
591.4570060000049,0.6339749712680542,0.9999999999999999,591.2498170000083,2.1146771821183488,0.18436499466382075
591.6889190000047,0.6430165850144367,0.9999999999999999,591.504323000008,2.273325421218077,0.10565635005336181
591.9355700000046,0.6492883391530013,0.9999999999999999,591.7447870000085,2.3874673807586757,0.06563500533617932
592.1767450000049,0.654844912778002,0.9999999999999999,591.9887310000083,2.429572092442551,0.05683030949839917
592.4291760000046,0.6657391553609144,0.9999999999999999,592.238141000008,2.3920141457293513,0.06323372465314829
592.6777790000046,0.6900095463225261,0.9999999999999999,592.484687000008,2.2891757510871944,0.10165421558164354
592.921405000005,0.7334399646382558,0.9999999999999999,592.7517300000079,2.1466948317896115,0.16942369263607251
593.1722720000051,0.7950710156401286,0.9999999999999999,592.9841510000078,1.99041341424268,0.24662041977943797
593.4217570000052,0.8654453169299072,0.9999999999999999,593.2301310000086,1.8375082084315817,0.3175916044112415
593.6662170000052,0.930378560062959,0.9999999999999999,593.4821780000088,1.6960562006200006,0.4358769121309142
593.9160550000056,0.9757936764751527,0.9999999999999999,593.727563000009,1.5685759769060403,0.5379758093205265
594.1589260000055,0.9934793192543494,0.9999999999999999,593.9714280000088,1.4586078361269743,0.633849163998577
594.4180210000055,0.9839252795360972,0.9999999999999999,594.223459000009,1.3747794337070154,0.7371931696905017
594.6720430000051,0.9550415855166802,0.9999999999999999,594.4670320000085,1.328989479147963,0.825595873354678
594.9010330000041,0.9182999361241946,0.9999999999999999,594.7163510000088,1.3290134359766737,0.825595873354678
595.154374000004,0.8843518133614119,0.9999999999999999,594.9618160000081,1.3717311916780894,0.7434187122020635
595.4102450000041,0.8580424091940053,0.9999999999999999,595.211779000008,1.4421910192529206,0.6537709000355746
595.6492090000042,0.8352594946726075,0.9999999999999999,595.4577050000078,1.516171828823541,0.5803094983991461
595.8920090000036,0.8066395162782286,0.9999999999999999,595.7081400000079,1.5684647820713582,0.5379758093205265
596.1410950000031,0.7654937234379937,0.9999999999999999,595.9710990000079,1.5858909153550864,0.5230345072927784
596.3930860000032,0.7126584260148909,0.9999999999999999,596.2170610000081,1.5728704959457027,0.5342404838135895
596.6386130000033,0.6548831942266508,0.9999999999999999,596.4601710000082,1.545243758790948,0.557897545357524
596.8823840000032,0.6009125446772421,0.9999999999999999,596.6945770000079,1.5191318596752506,0.5778192813945215
597.1278320000031,0.5590528786898277,0.9999999999999999,596.943394000008,1.5033809348068017,0.5877801494130203
597.3872090000029,0.5366537122800537,0.9999999999999999,597.1888020000079,1.4957627466329602,0.5989861259338314
597.6303420000027,0.5399230542803032,0.9999999999999999,597.4423600000081,1.485579641144765,0.6064567769477055
597.8777880000026,0.5719832367902407,0.9999999999999999,597.6924050000082,1.4627342505685645,0.6301138384916399
598.1273540000027,0.6295487240782021,0.9999999999999999,597.9313180000079,1.4247847210738138,0.6824083955887585
598.3695810000029,0.7023722048360885,0.9999999999999999,598.194734000008,1.3794837151559955,0.7334578441835646
598.6225360000028,0.7764593502075681,0.9999999999999999,598.4305710000083,1.3407630445921732,0.8006937033084313
598.8668990000032,0.8387061726169476,0.9999999999999999,598.6759270000088,1.3214294151776815,0.8330665243685523
599.132812000003,0.8813143374461182,0.9999999999999999,598.9290120000082,1.3297323188658077,0.8243507648523657
599.360830000003,0.903517557645493,0.9999999999999999,599.174490000008,1.3673763397217775,0.7471540377090004
599.607387000003,0.9077808049562439,0.9999999999999999,599.4244090000083,1.429134472753781,0.6736926360725721
599.8522940000029,0.8956199516010342,0.9999999999999999,599.6662890000085,1.501158056959987,0.594005691924582
600.102748000003,0.8670226530362732,0.9999999999999999,599.9240730000083,1.56284646050183,0.5442013518320883
600.3591550000029,0.8226624130195943,0.9999999999999999,600.1665540000082,1.5936603141041115,0.5130736392742796
600.6027430000032,0.767799733718127,0.9999999999999999,600.438423000008,1.5833233719175135,0.5267698327997155
600.848195000003,0.7111008006037143,0.9999999999999999,600.655824000008,1.534144379007943,0.5603877623621486
601.0982000000027,0.6616203226220527,0.9999999999999999,600.9032410000079,1.4567582063228361,0.6350942725008893
601.3431060000021,0.6262104018466722,0.9999999999999999,601.154892000008,1.3667759701919437,0.7471540377090004
601.5917570000021,0.6078388169858446,0.9999999999999999,601.4021760000079,1.2819374423318726,0.8863393810032016
601.8372190000016,0.6051926986014642,0.9999999999999999,601.6531250000072,1.2174962609570033,0.947171824973319
602.0957630000017,0.613522000680088,0.9999999999999999,601.9005060000071,1.1833516786684413,0.9871931696905015
602.3426610000016,0.6253749495551496,0.9999999999999999,602.1568990000076,1.1827004141959443,0.9871931696905015
602.5871930000014,0.6322634084767067,0.9999999999999999,602.3994800000073,1.2145325659845956,0.9479722518676627
602.8296880000019,0.6297066179274354,0.9999999999999999,602.6419990000071,1.2733578822165579,0.8967449306296691
603.0715200000019,0.6197276539709309,0.9999999999999999,602.8873290000074,1.3472722805040713,0.7807719672714337
603.329567000002,0.6076906608432358,0.9999999999999999,603.1376770000073,1.4203192115779926,0.6861437210956955
603.581460000002,0.5984002375959854,0.9999999999999999,603.3916330000071,1.4773900740509618,0.6164176449662041
603.818412000002,0.5942915152729109,0.9999999999999999,603.6419660000072,1.5079933726367356,0.5877801494130203
604.069462000002,0.594723301570871,0.9999999999999999,603.8775900000076,1.5105738298271891,0.586535040910708
604.3114430000019,0.5962763294259609,0.9999999999999999,604.1250390000072,1.4922182520822727,0.6027214514407685
604.5624310000014,0.5947284281192101,0.9999999999999999,604.3918400000072,1.4670197262817817,0.626378512984703
604.8183960000014,0.588680143222285,0.9999999999999999,604.632588000007,1.4528648713973331,0.6388295980078263
605.0507700000016,0.5816048759154943,0.9999999999999999,604.8752730000069,1.462163358166432,0.6301138384916399
