condition 1 time (s),condition 1 tbr,condition 1 nai,condition 2 time (s),condition 2 tbr,condition 2 nai
4.355972,23.658353818010568,0.0,4.346397000000005,17.531033265783197,0.0
4.593529999999998,21.975585485626947,0.0,4.587968000000007,16.295629133737773,0.0
4.846928000000002,19.58529467176011,0.0,4.835845000000009,14.539702644890198,0.0
5.093982000000002,16.88331183262574,0.0,5.086728000000009,12.597481020890587,0.0
5.340767999999998,14.231037800515848,0.0,5.334256000000013,10.723834806133851,0.0
5.579312,11.879334847348726,0.0,5.581276000000013,9.075562507001742,0.0
5.828146000000001,9.946988336982237,0.0,5.832655000000013,7.735897054165768,0.0
6.066680000000007,8.471796119173247,0.0,6.0679520000000124,6.718062849074013,0.0
6.319068000000004,7.432851379515097,0.0,6.313560000000015,5.986546715002574,0.0
6.573443999999999,6.755123555776516,0.0,6.567121000000015,5.468482325355197,0.0
6.822622999999998,6.313398292860199,0.0,6.837927000000019,5.075718009996022,0.0
7.064083000000002,6.002221686887551,0.0,7.061436000000018,4.728671273880384,0.0
7.304534000000005,5.753608772013465,0.0,7.303817000000019,4.390897477000657,0.0
7.5679540000000065,5.523171705021223,0.0,7.562756000000022,4.055559302386314,0.0
7.803072000000006,5.283951314299333,0.0,7.805166000000021,3.7369083555934273,0.07553407934893185
8.051083000000007,5.015855650531085,0.0,8.07220200000002,3.4523517103627976,0.1896405561207189
8.298954000000009,4.71326713844641,0.0,8.295575000000023,3.214576892639594,0.32256697185486605
8.546215000000004,4.372728205415434,0.0,8.538470000000023,3.030473554361463,0.4519328585961343
8.787724000000004,4.010341783026994,0.0,8.789874000000022,2.9026219860996263,0.55637504238725
9.041017000000005,3.6433617268323597,0.11215666327568667,9.035842000000022,2.829254286110084,0.6240250932519499
9.29056400000001,3.300535544596291,0.2750932519498135,9.283871000000028,2.7935016960587356,0.6501356391997288
9.533079000000008,3.017747669744815,0.4649881315700237,9.536418000000024,2.773402179510824,0.6703119701593762
9.786115,2.829299772160164,0.6240250932519499,9.779732000000031,2.751427081974198,0.6916751441166497
10.025184999999997,2.7544919498481715,0.684554086130892,10.02801400000003,2.7189701779993776,0.7201593760596813
10.278483000000007,2.778455076291287,0.6679382841641235,10.269159000000032,2.6702250924974766,0.753390979993218
10.521067000000013,2.8565250084862113,0.6002882332994236,10.511020000000045,2.599586457812202,0.8186673448626653
10.779445000000015,2.944611913439194,0.5136486944727026,10.772178000000046,2.5069087341260143,0.8901322482197355
11.01911700000002,3.0207660267080407,0.46380128857239733,11.012377000000045,2.4025160360405136,0.948118006103764
11.272140000000014,3.08599484706999,0.40445913869108163,11.267545000000052,2.3066272460965314,0.9954221770091556
11.510124000000015,3.146114327639479,0.3652933197694133,11.506119000000051,2.2428529321872315,0.9992370295015258
11.771044000000021,3.204384746448682,0.32968802984062395,11.759681000000048,2.221443493535152,0.9992370295015258
12.026001000000026,3.25222911803768,0.29645642590708715,12.006183000000044,2.2298460639946276,0.9992370295015258
12.256473000000026,3.2766349439316778,0.2893353679213293,12.245458000000049,2.2424224197433444,0.9992370295015258
12.50076300000003,3.2623455585517442,0.29289589691420814,12.501059000000053,2.235867677274573,0.9992370295015258
12.756289000000027,3.193896535031305,0.3320617158358765,12.74052000000005,2.2004319115528324,0.9992370295015258
13.004424000000043,3.064975831668127,0.42582231264835535,12.988801000000052,2.1426779712514423,0.9992370295015258
13.241822000000044,2.9033674299447667,0.5551881993896236,13.235981000000054,2.0802529146536037,0.9992370295015258
13.514440000000054,2.7528513263199472,0.6869277721261444,13.480315000000054,2.03167179110178,0.9992370295015258
13.750779000000058,2.6349085672829045,0.7842488979315022,13.732734000000058,2.0122381094132464,0.9992370295015258
13.98321400000006,2.547417438496333,0.8672431332655137,13.980334000000063,2.03422414907702,0.9992370295015258
14.241220000000057,2.48312781476751,0.9015768056968463,14.234981000000069,2.100026399743011,0.9992370295015258
14.481680000000063,2.4356476830692166,0.9313326551373347,14.488337000000074,2.196423046395271,0.9992370295015258
14.731649000000065,2.393046489404398,0.9534587995930823,14.72575800000008,2.296220786395866,0.9984740590030519
14.975158000000063,2.346847256651036,0.97558494404883,14.972784000000088,2.369843229195999,0.9656663275686673
15.23921600000007,2.297828713695581,0.9977110885045777,15.219824000000084,2.399525273382305,0.948118006103764
15.468526000000079,2.247612727455294,0.9992370295015258,15.46712900000009,2.3826257907609367,0.9603255340793488
15.72349100000008,2.1935861648591692,0.9992370295015258,15.735369000000093,2.327087012356805,0.9885554425228891
15.962897000000085,2.131161165797014,0.9992370295015258,15.959491000000098,2.247624327187437,0.9992370295015258
16.216979000000084,2.062247365547234,0.9992370295015258,16.204124000000107,2.1610251659495816,0.9992370295015258
16.483907000000073,1.999280920563102,0.9992370295015258,16.456658000000097,2.085377496232098,0.9992370295015258
16.70846000000005,1.9555474007716325,0.9992370295015258,16.698589000000087,2.0398263718286382,0.9992370295015258
16.965812000000035,1.9254890406267013,0.9992370295015258,16.949357000000084,2.0409259898557095,0.9992370295015258
17.19893900000003,1.889814199962107,0.9992370295015258,17.19287900000007,2.097340922074088,0.9992370295015258
17.450323000000008,1.8355304354397106,0.9992370295015258,17.446232000000055,2.2031383978381687,0.9992370295015258
17.697308000000003,1.7620372752762967,0.9992370295015258,17.688618000000048,2.333780704539839,0.9839776195320447
17.945219999999978,1.678476262793434,0.9992370295015258,17.941815000000048,2.455729236359696,0.9122583926754831
18.197660999999975,1.599085025507306,0.9992370295015258,18.19226700000004,2.540248774994184,0.8725839267548321
18.43762699999997,1.5396940610897212,0.9992370295015258,18.42969100000003,2.57488627664559,0.8459647338080705
18.688800999999955,1.513550333276788,0.9992370295015258,18.683804000000027,2.570937101556517,0.8495252628009494
18.929481999999958,1.5276232919884394,0.9992370295015258,18.93059500000002,2.5587158990227703,0.8588504577822991
19.184965999999957,1.577353542614672,0.9992370295015258,19.17081500000002,2.5822016376911705,0.8388436758223128
19.429979999999954,1.6447980759424459,0.9992370295015258,19.421923000000028,2.675509383016195,0.7498304510003393
19.697344999999952,1.6966146709279917,0.9992370295015258,19.673371000000014,2.845896769070046,0.6109698202780603
19.923025999999954,1.708262518723407,0.9992370295015258,19.919329000000005,3.0634466275754053,0.428195998643608
20.17294999999995,1.6844555534384866,0.9992370295015258,20.165833999999997,3.273003215042825,0.2893353679213293
20.416803999999956,1.6440954104809642,0.9992370295015258,20.409692000000007,3.4248752000344176,0.20625635808748732
20.663458999999943,1.6085607881586372,0.9992370295015258,20.654870999999982,3.502239339099302,0.16946422516107157
20.91508699999995,1.6015510926461864,0.9992370295015258,20.905951999999967,3.524742491454874,0.15878263818243474
21.171533999999944,1.6531656816120086,0.9992370295015258,21.15285099999995,3.5360738812292074,0.1528484231943031
21.406638999999927,1.7969977977459444,0.9992370295015258,21.404007999999955,3.5774058271436973,0.14343845371312305
21.65695499999992,2.044135182592595,0.9992370295015258,21.646369999999937,3.667350633718457,0.10376398779247202
21.902834999999918,2.32721336366049,0.9885554425228891,21.890733999999917,3.800150506132536,0.05188199389623601
22.15488499999992,2.5216095433408663,0.8825025432349948,22.154133999999914,3.951516280031087,0.0
22.402757999999903,2.5743165211626944,0.8459647338080705,22.3894789999999,4.087908669643934,0.0
22.645127999999897,2.519008944830113,0.884028484231943,22.642686999999885,4.1842901150145115,0.0
22.911686999999894,2.4093757665962756,0.9427772126144455,22.888123999999863,4.232640477705004,0.0
23.142344999999867,2.2883900563466275,0.9992370295015258,23.135572999999855,4.24308793203306,0.0
23.39616499999987,2.1889379912396727,0.9992370295015258,23.402665999999837,4.235711073195168,0.0
23.63861099999986,2.133424091396714,0.9992370295015258,23.631867999999837,4.22364131308718,0.0
23.894969999999855,2.1336323437508558,0.9992370295015258,23.87062599999983,4.2006928985546175,0.0
24.15907099999985,2.1878709009526407,0.9992370295015258,24.122723999999817,4.152812321409919,0.0
24.377959999999845,2.2732268266749385,0.9992370295015258,24.366260999999792,4.075278866055134,0.0
24.62226799999984,2.3494795028335087,0.9748219735503559,24.61512699999978,3.995763391203688,0.0
24.869414999999826,2.3883520052370617,0.9565106815869786,24.860587999999773,3.9718186010392107,0.0
25.117516999999832,2.389111130652126,0.9565106815869786,25.11539899999976,4.0636848156160275,0.0
25.367517999999816,2.36514506197179,0.9671922685656155,25.353782999999755,4.3055395998879735,0.0
25.614197999999814,2.329478895605118,0.9862665310274669,25.60419799999975,4.673322330181813,0.0
25.863612999999802,2.290356848611249,0.9992370295015258,25.854222999999738,5.077970635104731,0.0
26.105080999999785,2.249735623825173,0.9992370295015258,26.099214999999717,5.396852941439347,0.0
26.352673999999773,2.20663605615832,0.9992370295015258,26.346626999999703,5.5485542733497395,0.0
26.598533999999777,2.1589937903779313,0.9992370295015258,26.598102999999686,5.516949144840632,0.0
26.84846199999977,2.1039361639625556,0.9992370295015258,26.839175999999675,5.336732619541791,0.0
27.097511999999742,2.0403321047143006,0.9992370295015258,27.084017999999674,5.061232935412263,0.0
27.353580999999746,1.9711851553831763,0.9992370295015258,27.333575999999653,4.749207614314274,0.0
27.589992999999755,1.9013980753311728,0.9992370295015258,27.57994999999963,4.451644173192273,0.0
27.83997699999975,1.8362273801547668,0.9992370295015258,27.836540999999627,4.197145859179665,0.0
28.08676599999974,1.7813939163747015,0.9992370295015258,28.07846599999961,3.9797807207041433,0.0
28.329649999999734,1.7427443394219242,0.9992370295015258,28.325667999999613,3.784088110220708,0.05493387589013223
28.581368999999736,1.7230081736825436,0.9992370295015258,28.5711459999996,3.609369521273134,0.12589013224821974
28.826407999999734,1.71948804068804,0.9992370295015258,28.818473999999593,3.4756916222872882,0.18133265513733465
29.07443799999973,1.7238636803728702,0.9992370295015258,29.075630999999586,3.4081854682015242,0.22049847405900302
29.343823999999728,1.727822590600233,0.9992370295015258,29.318035999999566,3.4102659647771656,0.22049847405900302
29.570356999999724,1.728464652857693,0.9992370295015258,29.569663999999563,3.455284727228557,0.1884537131230925
29.825866999999715,1.7272961057058123,0.9992370295015258,29.810291999999563,3.499465577236111,0.1742115971515768
30.062750999999704,1.7294395657793555,0.9992370295015258,30.05676599999956,3.505095579428592,0.16946422516107157
30.3087169999997,1.7405408758233534,0.9992370295015258,30.302129999999547,3.452020129868743,0.1896405561207189
30.56318699999969,1.7634880817985572,0.9992370295015258,30.548676999999525,3.3410158737826525,0.258477449983045
30.807265999999682,1.79078579896767,0.9992370295015258,30.798742999999508,3.193487718612656,0.3320617158358765
31.05173099999968,1.8097157483905422,0.9992370295015258,31.062217999999493,3.040695533996206,0.4448118006103764
31.301916999999673,1.8136008335238467,0.9992370295015258,31.291944999999487,2.909188600100672,0.5480671414038657
31.54891599999967,1.8077800492312353,0.9992370295015258,31.54266599999948,2.8091429486527613,0.6382672092234656
31.794825999999674,1.797844042422177,0.9992370295015258,31.78309199999947,2.733668908737392,0.7082909460834181
32.046853999999655,1.7883932078191334,0.9992370295015258,32.03261199999945,2.673650631205806,0.753390979993218
32.29920899999965,1.7837653302449186,0.9992370295015258,32.28109499999944,2.6267761283718496,0.7937436419125129
32.552349999999635,1.782022742466721,0.9992370295015258,32.524539999999426,2.5945387377471496,0.8234147168531706
32.78877199999962,1.7705091184221788,0.9992370295015258,32.7731849999994,2.573813638626695,0.847151576805697
33.03501399999963,1.7406446588249769,0.9992370295015258,33.0209839999994,2.556188432591611,0.8603763987792471
33.281120999999644,1.7013417342543775,0.9992370295015258,33.27038399999939,2.5381606690082545,0.8741098677517801
33.53051399999968,1.6750967765369105,0.9992370295015258,33.518464999999395,2.5157460245696432,0.885554425228891
33.7804449999997,1.6820171689011014,0.9992370295015258,33.7650219999994,2.481363785034814,0.9015768056968463
34.02596499999969,1.732690687050108,0.9992370295015258,34.010361999999404,2.429325820355197,0.9343845371312308
34.28404599999969,1.8260726598611285,0.9992370295015258,34.2664809999994,2.361479247980296,0.9702441505595116
34.507989999999715,1.9443194657567031,0.9992370295015258,34.50360299999939,2.284974646002993,0.9992370295015258
34.7633749999997,2.0446148720043764,0.9992370295015258,34.7482209999994,2.208773179104462,0.9992370295015258
35.0132219999997,2.0729181037266198,0.9992370295015258,34.99753599999946,2.1420295348552454,0.9992370295015258
35.24528299999971,2.0054763528497466,0.9992370295015258,35.24072299999947,2.093655273487922,0.9992370295015258
35.499727999999706,1.8682516191395273,0.9992370295015258,35.504176999999466,2.0699174697976916,0.9992370295015258
35.7437689999997,1.7096013655010365,0.9992370295015258,35.74351199999945,2.081371970208156,0.9992370295015258
35.9908929999997,1.569785673288977,0.9992370295015258,35.981262999999466,2.1326840729786607,0.9992370295015258
36.23897199999968,1.4722400156397493,0.9992370295015258,36.234303999999455,2.2103852431746143,0.9992370295015258
36.48292299999965,1.425864077051545,0.9992370295015258,36.47688299999949,2.2996651865963673,0.9977110885045777
36.72968299999966,1.4305328270474087,0.9992370295015258,36.73737399999948,2.391934535695452,0.9542217700915564
36.98633399999968,1.4778787667809479,0.9992370295015258,36.987343999999496,2.483376995081534,0.9015768056968463
37.230779999999726,1.5544374762255104,0.9992370295015258,37.22284299999948,2.577521879309398,0.8412173618175652
37.456608999999744,1.6416578687505685,0.9992370295015258,37.47337199999949,2.6792004301849786,0.7450830790098338
37.70466099999974,1.7223525106137862,0.9992370295015258,37.71989699999946,2.7866871138826093,0.6572566971854866
37.960090999999736,1.7872296779865502,0.9992370295015258,37.96517399999945,2.8786797379919378,0.571804001356392
38.21253099999973,1.835985719198754,0.9992370295015258,38.210133999999435,2.9180886069085523,0.5409460834181079
38.44759599999973,1.8715396405093228,0.9992370295015258,38.46319799999944,2.882039798516945,0.568243472363513
38.69643599999976,1.8989166335885153,0.9992370295015258,38.72656099999942,2.7828734714789403,0.6620040691759919
38.94162999999974,1.9192609029754486,0.9992370295015258,38.95408799999945,2.655343000932612,0.7652594099694813
39.184495999999726,1.9229902424655705,0.9992370295015258,39.20669199999946,2.535747515180531,0.8748728382502543
39.43854999999974,1.8961102263253466,0.9992370295015258,39.45310699999945,2.4556450918016988,0.9122583926754831
39.68043799999975,1.8335280798320208,0.9992370295015258,39.69810799999948,2.44429163983101,0.9206510681586978
39.93752099999976,1.743901784362901,0.9992370295015258,39.9459759999995,2.5203518130140874,0.884028484231943
40.18800799999977,1.6430980156349548,0.9992370295015258,40.190917999999506,2.6763190290807977,0.7486436080027128
40.415346999999734,1.551883640344201,0.9992370295015258,40.444011999999546,2.864093143349086,0.594354018311292
40.67231699999975,1.4961821106354969,0.9992370295015258,40.68944099999953,3.010832849300079,0.4685486605629028
40.91028699999976,1.5073306518123826,0.9992370295015258,40.93736199999955,3.056126948703589,0.43294337063411326
41.154579999999775,1.6170868050484835,0.9992370295015258,41.17943899999954,2.981983391163291,0.4910986775178027
41.412653999999804,1.8357188193635692,0.9992370295015258,41.42973799999956,2.810765898744428,0.6382672092234656
41.65209299999979,2.128920866194763,0.9992370295015258,41.67971999999956,2.58236904212236,0.8388436758223128
41.905577999999785,2.43188083366926,0.9336215666327569,41.92892699999958,2.337653816175555,0.9809257375381484
42.14633799999981,2.697268853852357,0.7355883350288234,42.17266599999958,2.112768583665339,0.9992370295015258
42.39942499999982,2.9145246728712904,0.5468802984062393,42.415056999999585,1.9389252043068534,0.9992370295015258
42.65866299999986,3.1069127399077674,0.3914038657171922,42.67477299999961,1.8419301911962487,0.9992370295015258
42.89530999999987,3.3092141846980714,0.2739064089521872,42.91855199999963,1.839780321655091,0.9992370295015258
43.1373689999999,3.541424905351805,0.1504747371990505,43.16543299999962,1.938485223111726,0.9992370295015258
43.381695999999934,3.791758902122898,0.05340793489318412,43.41488399999963,2.131147981772983,0.9992370295015258
43.631979999999935,4.024011175415905,0.0,43.66116899999963,2.3974260952382243,0.9504069175991862
43.87255499999992,4.197492982128949,0.0,43.90217999999961,2.711959081629526,0.722533062054934
44.11994599999992,4.285841651484299,0.0,44.1514369999996,3.040126392079064,0.4448118006103764
44.36494399999993,4.288314352840182,0.0,44.39902699999962,3.3379806312616185,0.2596642929806714
44.61176499999994,4.2261030708941565,0.0,44.642978999999585,3.5635600923301847,0.14572736520854526
44.864849999999954,4.132224512363164,0.0,44.89704499999959,3.697094178262854,0.09079348931841304
45.11078199999994,4.049407584429404,0.0,45.143818999999596,3.7449013496902857,0.07248219735503562
45.36273599999998,4.020103838387771,0.0,45.39581799999961,3.723275328883717,0.08163784333672429
45.62935799999998,4.072736062854935,0.0,45.638346999999605,3.6453167389493117,0.11215666327568667
45.85372200000002,4.207878422895991,0.0,45.878809999999575,3.522939217878625,0.15996948118006096
46.09728900000004,4.39391244952196,0.0,46.1277589999996,3.3694018754928963,0.24423533401152933
46.361786000000045,4.568409157242808,0.0,46.408102999999585,3.1971255462301764,0.3320617158358765
46.59774300000003,4.646207237906275,0.0,46.60567199999962,3.0164098205923793,0.4661749745676501
46.850728000000025,4.563655609212742,0.0,46.852762999999605,2.837341540475029,0.6169040352661919
47.09132200000005,4.313463219529249,0.0,47.10320499999962,2.675439461322363,0.7498304510003393
47.34025200000008,3.934160472271649,0.0007629704984740969,47.355635999999606,2.549581112443553,0.8657171922685655
47.582113000000085,3.4913213130078726,0.17539844014920306,47.59508499999959,2.475020373951832,0.9046286876907426
47.82852400000009,3.048163284537635,0.43887758562224477,47.84554499999961,2.45631376558384,0.9122583926754831
48.081108000000086,2.65005097091526,0.7735673109528655,48.088880999999624,2.4841944716536464,0.9008138351983723
48.31446300000006,2.3231374098541866,0.9908443540183112,48.341951999999644,2.5377744808311897,0.8748728382502543
48.57353400000006,2.0787326288345485,0.9992370295015258,48.58678999999967,2.590913321733664,0.8281620888436758
48.815899000000044,1.9159786452975132,0.9992370295015258,48.83384699999967,2.620528656247071,0.7996778569006444
49.076548000000045,1.824697170432776,0.9992370295015258,49.07830599999968,2.6118591146656627,0.8079857578840286
49.317963000000034,1.7867105277087747,0.9992370295015258,49.333159999999694,2.5655046188343213,0.8550356052899287
49.561432000000046,1.7824573988354366,0.9992370295015258,49.58580599999969,2.5027089206784283,0.8916581892166836
49.805614000000034,1.796454165160319,0.9992370295015258,49.821799999999705,2.4709256674317146,0.9061546286876907
50.04892000000005,1.8193455817386657,0.9992370295015258,50.0748659999997,2.524191337321003,0.8809766022380467
50.31244800000003,1.8464010654716436,0.9992370295015258,50.31420399999974,2.679488244540742,0.7450830790098338
50.544077000000065,1.8785350101022014,0.9992370295015258,50.55980199999974,2.89551798578842,0.5634961003730078
50.78997500000005,1.9223686795217416,0.9992370295015258,50.811759999999765,3.108304855845166,0.390217022719566
51.03993300000004,1.9881522530288913,0.9992370295015258,51.05274299999977,3.2714878253480557,0.2893353679213293
51.296212000000025,2.073494422065243,0.9992370295015258,51.305379999999786,3.362492448618916,0.2477958630044083
51.54091800000005,2.15060373317377,0.9992370295015258,51.54614899999979,3.3726631142494936,0.24423533401152933
51.78487200000006,2.179851649166454,0.9992370295015258,51.79367399999978,3.3025968988057954,0.2750932519498135
52.035776000000055,2.143942102344704,0.9992370295015258,52.03867299999979,3.1637778661848284,0.3510512037978976
52.28081300000007,2.060022762817609,0.9992370295015258,52.2896729999998,2.976796609916897,0.4958460495083079
52.529354000000076,1.9640539093049338,0.9992370295015258,52.54489799999981,2.7661888225519498,0.6726856561546287
52.77168800000008,1.8917788171693495,0.9992370295015258,52.79366399999983,2.553917915881334,0.8611393692777212
53.025683000000086,1.8729319569632932,0.9992370295015258,53.034810999999856,2.355936020662361,0.9732960325534079
53.26804200000009,1.920842462825509,0.9992370295015258,53.28968499999987,2.1816688303725824,0.9992370295015258
53.525470000000105,2.025880977703386,0.9992370295015258,53.533550999999896,2.0367650469474268,0.9992370295015258
53.76353500000009,2.150761061253988,0.9992370295015258,53.78472499999991,1.92635621614013,0.9992370295015258
54.005421000000105,2.238711038141468,0.9992370295015258,54.04136399999992,1.857433196818224,0.9992370295015258
54.27789700000012,2.2379942987948276,0.9992370295015258,54.26505199999991,1.8401138919213111,0.9992370295015258
54.50844800000013,2.14252550006428,0.9992370295015258,54.51421099999988,1.8826135911685817,0.9992370295015258
54.78694700000011,1.9917311967131621,0.9992370295015258,54.75603099999987,1.9833496887836721,0.9992370295015258
55.00522400000008,1.8340102061403865,0.9992370295015258,55.01148199999987,2.1244030540408336,0.9992370295015258
55.24673500000008,1.6993240062393187,0.9992370295015258,55.26699799999987,2.273544966849551,0.9992370295015258
55.49361700000007,1.6010249745680525,0.9992370295015258,55.50441299999988,2.392796376106288,0.9534587995930823
55.74566700000008,1.5442301943806347,0.9992370295015258,55.74135099999988,2.4507659051347925,0.9153102746693794
55.99969600000008,1.5379539413582684,0.9992370295015258,55.99287099999988,2.4404305894187504,0.9267548321464902
56.243773000000076,1.5933518520670202,0.9992370295015258,56.241693999999846,2.3837894436623444,0.9603255340793488
56.48971300000005,1.7125084088717535,0.9992370295015258,56.482819999999876,2.314442921584061,0.9938962360122074
56.754462000000046,1.8785894164159187,0.9992370295015258,56.74090099999987,2.2626348066918403,0.9992370295015258
56.98915500000004,2.0561250236533066,0.9992370295015258,56.98410799999989,2.249357108064634,0.9992370295015258
57.22466700000002,2.2026257505441023,0.9992370295015258,57.243684999999886,2.2839530498227205,0.9992370295015258
57.470425000000034,2.290030237615119,0.9992370295015258,57.471117999999905,2.36074334248715,0.9717700915564598
57.72579100000004,2.31199663677764,0.9938962360122074,57.7228039999999,2.4559307665868126,0.9122583926754831
57.98314500000005,2.2769369677746867,0.9992370295015258,57.968481999999916,2.5339527393316077,0.8756358087487284
58.213142000000055,2.202455003038578,0.9992370295015258,58.221650999999895,2.5649421940712904,0.8550356052899287
58.47074900000009,2.1123809219762015,0.9992370295015258,58.46695399999988,2.5408921813124103,0.8725839267548321
58.71227300000009,2.0291159119397477,0.9992370295015258,58.713484999999885,2.4750764383385064,0.9046286876907426
58.96865800000009,1.9665336218275378,0.9992370295015258,58.962631999999886,2.389545400320531,0.9565106815869786
59.200626000000106,1.9271026233049064,0.9992370295015258,59.209094999999884,2.3031915900479594,0.9961851475076295
59.455124000000126,1.9045800088724576,0.9992370295015258,59.45602499999987,2.231174615387003,0.9992370295015258
59.70033400000013,1.8924375848438988,0.9992370295015258,59.700989999999905,2.185978093268766,0.9992370295015258
59.94789000000016,1.8968809669831652,0.9992370295015258,59.95044699999988,2.1737092137337424,0.9992370295015258
60.195273000000164,1.9441683235717075,0.9992370295015258,60.201476999999905,2.1896921975574206,0.9992370295015258
60.44569700000013,2.050068765805484,0.9992370295015258,60.450779999999924,2.2177787595525413,0.9992370295015258
60.687859000000145,2.1888842088292826,0.9992370295015258,60.69282599999992,2.241675799214976,0.9992370295015258
60.93919500000013,2.3196652063724916,0.9931332655137334,60.943326999999925,2.2547335323671476,0.9992370295015258
61.19567100000012,2.412989708316121,0.9397253306205493,61.19730299999995,2.262056540375888,0.9992370295015258
61.43308200000013,2.4565226043008592,0.9122583926754831,61.44425599999997,2.272251800523609,0.9992370295015258
61.68370300000013,2.45177068875964,0.9153102746693794,61.703911999999995,2.288260580215143,0.9992370295015258
61.930608000000106,2.4053387376725572,0.9458290946083417,61.933429,2.3108247139498763,0.9946592065106815
62.17509800000011,2.324158835461859,0.9900813835198372,62.17786999999997,2.342250987306595,0.9771108850457781
62.42631900000012,2.213148317342897,0.9992370295015258,62.43938799999998,2.3847462903218126,0.9595625635808748
62.665133000000104,2.0775852715794487,0.9992370295015258,62.687031999999995,2.436034847381103,0.9305696846388606
62.92432800000012,1.9333284654820273,0.9992370295015258,62.92736400000003,2.489529133567199,0.8985249237029501
63.172648000000116,1.8102530062598414,0.9992370295015258,63.16783200000003,2.5363116494991864,0.8748728382502543
63.44265000000016,1.7413177179019315,0.9992370295015258,63.43025500000003,2.565038224058833,0.8550356052899287
63.65334600000015,1.7422970544382606,0.9992370295015258,63.66535300000003,2.5612496030028438,0.8557985757884028
63.91123800000017,1.8077217149783646,0.9992370295015258,63.90939200000005,2.506551377976369,0.8901322482197355
64.15124000000016,1.9111142787343793,0.9992370295015258,64.16376500000003,2.3852650962451634,0.9587995930824008
64.40525800000016,1.996603264152708,0.9992370295015258,64.42178500000001,2.200149728119232,0.9992370295015258
64.64522200000013,1.9974913184401748,0.9992370295015258,64.65194300000002,1.9844200683505218,0.9992370295015258
64.89920800000016,1.9058409118067752,0.9992370295015258,64.91356800000001,1.782579441602781,0.9992370295015258
65.15555300000017,1.7666026221213107,0.9992370295015258,65.15220800000003,1.618787136785345,0.9992370295015258
65.38268900000016,1.6225171768120568,0.9992370295015258,65.39425700000004,1.4910347310678698,0.9992370295015258
65.65765700000014,1.4985447589540308,0.9992370295015258,65.63828700000002,1.386628284249987,0.9992370295015258
65.88165300000013,1.4053204426240211,0.9992370295015258,65.8846040000001,1.294649281689073,0.9992370295015258
66.1375800000001,1.3449589004326559,0.9992370295015258,66.13682100000013,1.2100669087928786,0.9992370295015258
66.38161400000008,1.315921075163416,0.9992370295015258,66.39327300000018,1.135576552345342,0.9992370295015258
66.6441480000001,1.3181654704403438,0.9992370295015258,66.62624600000017,1.0805733563625761,0.9992370295015258
66.86844200000016,1.3537654150424603,0.9992370295015258,66.8787710000002,1.0560006982901675,0.9992370295015258
67.13653800000021,1.4197616915616005,0.9992370295015258,67.12357800000024,1.0675412244339535,0.9992370295015258
67.3669470000002,1.4979910784124089,0.9992370295015258,67.37063100000029,1.1095169616916523,0.9992370295015258
67.61309800000022,1.5535399584911707,0.9992370295015258,67.6191830000003,1.1629821786457497,0.9992370295015258
67.86243900000022,1.5791266895283451,0.9992370295015258,67.86624400000032,1.205071568472075,0.9992370295015258
68.11161000000025,1.5865512741642154,0.9992370295015258,68.12425100000038,1.2246612992665296,0.9992370295015258
68.36820700000027,1.5936617661250412,0.9992370295015258,68.36314000000046,1.2283003723320676,0.9992370295015258
68.60521900000032,1.6188464216585285,0.9992370295015258,68.61314100000045,1.2339240438356534,0.9992370295015258
68.86214700000038,1.6757710365106022,0.9992370295015258,68.85670100000048,1.263861607773031,0.9992370295015258
69.09872800000038,1.769959187740019,0.9992370295015258,69.10305200000052,1.3415152991771908,0.9992370295015258
69.35020100000034,1.8951573832337227,0.9992370295015258,69.34795100000046,1.4861321311735927,0.9992370295015258
69.59808300000033,2.032541191971283,0.9992370295015258,69.59481100000043,1.6998474539674562,0.9992370295015258
69.8401520000004,2.1601731220474383,0.9992370295015258,69.84719600000044,1.9519540460822191,0.9992370295015258
70.09974200000043,2.271416726734988,0.9992370295015258,70.09357100000041,2.1844494000130004,0.9992370295015258
70.34311100000045,2.3920526293593296,0.9542217700915564,70.34214000000044,2.34842769070099,0.9748219735503559
70.58505300000044,2.5700518910406966,0.8495252628009494,70.59566700000046,2.4324763634736764,0.9336215666327569
70.83893900000041,2.757328177294046,0.6833672431332656,70.83830800000045,2.457877114514765,0.9114954221770091
71.08493100000041,2.9044705376178905,0.5540013563919973,71.11232700000042,2.4562883359792487,0.9122583926754831
71.33915400000039,3.016387555869731,0.4661749745676501,71.33228500000044,2.4580187647066136,0.9114954221770091
71.56577600000035,3.090108575404798,0.40208545269582907,71.58630200000043,2.4846111740735126,0.9008138351983723
71.81475000000039,3.117270037339976,0.3842828077314344,71.8293990000004,2.545899286183992,0.8672431332655137
72.06715900000037,3.093105720116514,0.40208545269582907,72.0671010000004,2.635860270240407,0.7842488979315022
72.31021900000034,3.0262451532227446,0.45668023058663954,72.32464500000044,2.7547054655513428,0.684554086130892
72.57071100000037,2.9330644683306373,0.5255171244489657,72.57075100000046,2.9193813394810917,0.5409460834181079
72.80875700000041,2.8310259718565156,0.6228382502543235,72.8187980000005,3.1471873758290947,0.3641064767717871
73.0511160000004,2.7315760224887424,0.7094777890810445,73.05866200000055,3.4237114139280207,0.20625635808748732
73.32081800000047,2.6377463711284665,0.7830620549338759,73.30103300000054,3.690066123313256,0.09384537131230926
73.54721300000051,2.543582236096534,0.8702950152594099,73.55118000000054,3.867614133028811,0.03128179043743639
73.79821400000047,2.442945276039591,0.9221770091556459,73.79758700000049,3.899523234082228,0.0167853509664293
74.05118000000041,2.3342053088705708,0.9832146490335706,74.04559000000052,3.7802645155644643,0.05569684638860633
74.30616400000044,2.2218175269763307,0.9992370295015258,74.28547900000059,3.560896390251039,0.14649033570701928
74.53511600000049,2.1138794701912267,0.9992370295015258,74.5374270000006,3.3268799005594745,0.265598507968803
74.78616600000049,2.023792995862118,0.9992370295015258,74.7804790000006,3.165449706422994,0.3498643608002712
75.03176100000053,1.9735738788688324,0.9992370295015258,75.03539100000067,3.136649471890639,0.3712275347575449
75.28212400000055,1.9896424230723648,0.9992370295015258,75.28459800000071,3.2490716507704165,0.30001695489996605
75.53130100000054,2.0932301373541784,0.9992370295015258,75.53049300000075,3.451878609084137,0.1896405561207189
75.77928900000055,2.291408582488677,0.9992370295015258,75.7964480000008,3.6595573088757094,0.10681586978636824
76.02000000000054,2.567960727682249,0.8504577822990844,76.02133300000085,3.8036837346284975,0.05188199389623601
76.2641510000006,2.878253466765504,0.571804001356392,76.2744980000009,3.855554218877645,0.03814852492370293
76.52864600000058,3.1725709018556576,0.34393014581213976,76.51431600000092,3.820607734813029,0.04883011190233979
76.76346700000056,3.4152709939305494,0.21337741607324517,76.77787700000096,3.7255514797306883,0.08163784333672429
77.01060000000058,3.592597254927111,0.13809766022380462,77.01131100000094,3.606301303943301,0.13046795523906407
77.26264600000059,3.70772310383664,0.08621566632756862,77.25982200000098,3.495810803996827,0.17539844014920306
77.50360400000062,3.7724215989118126,0.05722278738555444,77.50468500000099,3.4225368311895634,0.20744320108511358
77.75192200000066,3.797926614699887,0.05188199389623601,77.76118800000097,3.4008624697317305,0.2299932180400135
78.00998400000063,3.784714564393723,0.05493387589013223,78.00125300000091,3.4285233284170857,0.20150898609698198
78.2475240000007,3.7138060522643306,0.08240081383519839,78.25232900000098,3.490389642322557,0.17539844014920306
78.4968310000007,3.571968783528619,0.14420142421159715,78.49020500000103,3.5581951712013566,0.14649033570701928
78.73887000000069,3.373245945473375,0.24423533401152933,78.741172000001,3.5925884989667285,0.13809766022380462
78.98936200000072,3.155432275075841,0.35579857578840285,79.00066200000097,3.560501896522271,0.14649033570701928
79.23881000000077,2.950892943178662,0.5124618514750762,79.26765200000096,3.4502068448987373,0.1896405561207189
79.48128600000076,2.778221248925657,0.6679382841641235,79.48602700000095,3.2762719808389997,0.2893353679213293
79.75128300000075,2.6413502624227063,0.779501525940997,79.75242800000096,3.0724921467478787,0.4163275686673449
79.97728900000075,2.534411770380628,0.8756358087487284,79.978057000001,2.8793331710016052,0.571804001356392
80.23979900000074,2.444628802592988,0.9206510681586978,80.24094300000097,2.7293130680690822,0.7118514750762971
80.47534200000074,2.3592601539786764,0.9717700915564598,80.48097300000094,2.6367520514423712,0.7842488979315022
80.7277530000007,2.2711459834687124,0.9992370295015258,80.72801500000098,2.5981102924825157,0.8186673448626653
80.98905500000076,2.184086758793363,0.9992370295015258,80.96704300000097,2.594945347008566,0.8222278738555443
81.22003500000075,2.1107651064322077,0.9992370295015258,81.22377300000092,2.59823658133688,0.8186673448626653
81.46690500000079,2.063308076687692,0.9992370295015258,81.46694100000092,2.5799707577112994,0.840030518819939
81.71686200000086,2.0466726886336186,0.9992370295015258,81.73287200000098,2.5251410570641375,0.8809766022380467
81.97485700000087,2.064245025380239,0.9992370295015258,81.96328500000098,2.436692889713113,0.9298067141403865
82.20984200000085,2.113631952815281,0.9992370295015258,82.21284400000098,2.3305355145539934,0.9855035605289928
82.45992700000087,2.1891552681508566,0.9992370295015258,82.45831500000104,2.232953378626358,0.9992370295015258
82.7054330000009,2.2834024326096483,0.9992370295015258,82.70381200000101,2.173380743585186,0.9992370295015258
82.95988900000096,2.3889909245933336,0.9565106815869786,82.95073300000098,2.1720576965021072,0.9992370295015258
83.19442600000099,2.495603463298734,0.8962360122075279,83.19672100000098,2.222026260228393,0.9992370295015258
83.45330200000097,2.5919849127538663,0.8246015598507971,83.47068200000102,2.289182901424911,0.9992370295015258
83.69240700000098,2.667331655581044,0.7581383519837233,83.70407900000106,2.3338389429743014,0.9839776195320447
83.939394000001,2.7120204727251034,0.722533062054934,83.95231500000101,2.3319418596807906,0.9847405900305187
84.194866000001,2.7140835491453363,0.7213462190573076,84.18582200000101,2.279102669864372,0.9992370295015258
84.428965000001,2.6583462906188453,0.7628857239742287,84.43628000000102,2.185178032035413,0.9992370295015258
84.688313000001,2.5517618572471092,0.8634282807731434,84.68383500000105,2.0646104494356825,0.9992370295015258
84.92630100000102,2.432898170434372,0.9320956256358087,84.94335000000112,1.929449657734446,0.9992370295015258
85.177867000001,2.3355811998934843,0.9824516785350966,85.17857000000112,1.7881416830753314,0.9992370295015258
85.432880000001,2.2820523763767535,0.9992370295015258,85.43124500000108,1.644503399655884,0.9992370295015258
85.675943000001,2.3005027338194184,0.9977110885045777,85.67913000000112,1.4990501128746268,0.9992370295015258
85.91903400000099,2.4260780818813834,0.9351475076297049,85.92550200000115,1.355391649995621,0.9992370295015258
86.17946500000103,2.69126504898863,0.7391488640217023,86.16862900000113,1.222167331922739,0.9992370295015258
86.41293300000103,3.095906284396058,0.39852492370295023,86.4110510000012,1.1073272138559414,0.9992370295015258
86.6584440000011,3.5769242891501527,0.14343845371312305,86.66540400000119,1.0147789430016463,0.9992370295015258
86.91843800000107,4.0200475495042785,0.0,86.90880400000117,0.9458007944395077,0.9992370295015258
87.15739100000103,4.335736042565019,0.0,87.1574350000012,0.90139962222146,0.9992370295015258
87.4173310000011,4.500599857351837,0.0,87.42631300000123,0.8859712056517639,0.9992370295015258
87.64825000000113,4.533913938635024,0.0,87.65179100000121,0.9153283704238651,0.9992370295015258
87.9006720000011,4.467924086618076,0.0,87.90824400000126,1.0266296627966975,0.9992370295015258
88.1456470000011,4.338200568401238,0.0,88.14512000000127,1.2697510876490714,0.9992370295015258
88.40211200000108,4.185470349273314,0.0,88.39109200000132,1.6531478130705908,0.9992370295015258
88.66321400000118,4.047461373583213,0.0,88.63861600000138,2.0949510119174892,0.9992370295015258
88.89486200000114,3.9374507198820963,0.0,88.89206500000137,2.48209523488434,0.9015768056968463
89.13482400000116,3.851587255216135,0.03891149542217703,89.13891900000138,2.7470217988117014,0.6987962021024077
89.38288000000114,3.785148361724631,0.05493387589013223,89.38194000000139,2.879874934415713,0.571804001356392
89.62805500000108,3.7359627350972002,0.07553407934893185,89.63014900000138,2.9043997850569108,0.5540013563919973
89.88471200000109,3.6940693241929035,0.09308240081383516,89.8760950000014,2.8564004552476727,0.6002882332994236
90.12971900000113,3.639550209413456,0.11368260427263478,90.12037900000136,2.7720670571668284,0.6703119701593762
90.38468600000117,3.553705484865331,0.14725330620549337,90.36932100000142,2.679757089303085,0.7427093930145813
90.6278120000012,3.4375901818178622,0.19676161410647675,90.61603400000139,2.591961173122917,0.8246015598507971
90.86636100000122,3.311120326715476,0.27271956595456087,90.86604900000145,2.500564275406664,0.8939471007121057
91.11523900000127,3.1984369555188126,0.32968802984062395,91.12326200000146,2.384636726721624,0.9595625635808748
91.36118200000125,3.117316916401464,0.3842828077314344,91.36026900000144,2.2294770542370337,0.9992370295015258
91.61376200000123,3.0758183009209175,0.4163275686673449,91.60319900000144,2.041463901640112,0.9992370295015258
91.87371700000125,3.069959941262901,0.41870125466259756,91.85520800000145,1.8410647480870401,0.9992370295015258
92.1089160000013,3.077988324387269,0.4151407256697185,92.1002060000015,1.6531707227087422,0.9992370295015258
92.34954000000128,3.0664600259769745,0.42463546965072907,92.37457100000152,1.5037973458700589,0.9992370295015258
92.60949000000133,3.007899348451855,0.47092234655815535,92.59687200000151,1.4158129500656191,0.9992370295015258
92.8589370000013,2.8990127112258897,0.5599355713801288,92.84719300000151,1.4003738226081062,0.9992370295015258
93.10541400000135,2.7555868910771224,0.684554086130892,93.08960800000153,1.4515788857245095,0.9992370295015258
93.3482300000014,2.5970071195498683,0.8186673448626653,93.34820200000155,1.549867966353753,0.9992370295015258
93.5960650000014,2.4410073310315243,0.9252288911495422,93.58472900000154,1.6694566252210203,0.9992370295015258
93.84658600000138,2.3028703063407248,0.9961851475076295,93.83812200000158,1.788388394579424,0.9992370295015258
94.08698200000138,2.2056980723160953,0.9992370295015258,94.0794020000016,1.896111224438954,0.9992370295015258
94.33389000000143,2.181252484754286,0.9992370295015258,94.35184600000159,1.9948755629329766,0.9992370295015258
94.59006900000148,2.261957417545311,0.9992370295015258,94.57538400000159,2.0923628079895895,0.9992370295015258
94.83097600000148,2.4685389710733867,0.9076805696846387,94.8214370000016,2.1923244563429476,0.9992370295015258
95.0958910000015,2.8023600456143902,0.647761953204476,95.07225800000161,2.291712513889783,0.9992370295015258
95.32489500000155,3.2367490652899242,0.3047643268904714,95.31776000000164,2.3817335931397507,0.9603255340793488
95.57279500000153,3.7125769098555983,0.08240081383519839,95.57388100000168,2.453106069735469,0.9153102746693794
95.82018500000159,4.1445696689188685,0.0,95.81696500000169,2.50324440779395,0.8916581892166836
96.07582400000162,4.446664462596587,0.0,96.05887300000175,2.5404382896416533,0.8725839267548321
96.30822200000156,4.568306045308951,0.0,96.30382300000178,2.5658872350193684,0.8527466937945065
96.56439600000154,4.51131864385596,0.0,96.5528060000018,2.5725889017330976,0.847151576805697
96.80551900000157,4.330703650303056,0.0,96.80346700000187,2.552448117597139,0.8634282807731434
97.06106000000167,4.121680291909238,0.0,97.05233700000186,2.502313983651857,0.8924211597151577
97.3191080000017,3.9818859959873696,0.0,97.3025520000019,2.4282882183328325,0.9351475076297049
97.55052100000172,3.9684500992926295,0.0,97.55100700000187,2.3437994366942583,0.9771108850457781
97.79505400000174,4.080514132739713,0.0,97.79391200000184,2.2662154734792397,0.9992370295015258
98.04691800000171,4.281852177405305,0.0,98.03886700000184,2.2106085259696315,0.9992370295015258
98.2935740000017,4.520504101845741,0.0,98.2864570000018,2.1826069874406175,0.9992370295015258
98.54468200000169,4.7471573116100485,0.0,98.5385110000018,2.1812608361413277,0.9992370295015258
98.78803200000175,4.901620337724786,0.0,98.79465300000183,2.2074579755503927,0.9992370295015258
99.03912700000173,4.936655361497931,0.0,99.03170300000178,2.2647447914262755,0.9992370295015258
99.28606800000176,4.873220689900227,0.0,99.27977300000177,2.3478898051420036,0.9748219735503559
99.54796500000184,4.758555779041714,0.0,99.52528800000175,2.446746407826457,0.9183621566632756
99.78133200000184,4.625218086943465,0.0,99.76846300000172,2.5490721060068244,0.8657171922685655
100.02690300000184,4.485392075316016,0.0,100.04270600000174,2.640649920083148,0.779501525940997
100.27235100000192,4.334412929824506,0.0,100.26599200000177,2.710278359670834,0.722533062054934
100.52375900000193,4.15902542062436,0.0,100.51532600000174,2.7618500938290946,0.6750593421498814
100.76921000000193,3.944336900495158,0.0,100.75674300000176,2.809351923022825,0.6382672092234656
101.01472000000196,3.6817521810861074,0.09766022380467958,101.00625900000175,2.864418321615212,0.594354018311292
101.26712100000198,3.382551952756046,0.24186164801627671,101.2527230000017,2.9334891085127675,0.5243302814513394
101.51447200000197,3.081131488629421,0.41039335367921326,101.5067110000017,3.008653267663111,0.47092234655815535
101.76251200000198,2.813915613185466,0.6347066802305865,101.74907100000163,3.0712590354278606,0.41870125466259756
102.01296900000202,2.576499186832177,0.8447778908104442,102.02964600000163,3.106261604097035,0.3937775517124449
102.26607100000206,2.3639927469501467,0.9679552390640894,102.24218100000162,3.107755294267932,0.390217022719566
102.4993850000021,2.189573538800053,0.9992370295015258,102.49166900000164,3.068298092565821,0.4234486266531028
102.77036100000213,2.0612343196110943,0.9992370295015258,102.78164900000161,2.9870621521991008,0.4875381485249237
102.99786100000215,1.9809683523156707,0.9992370295015258,102.98618000000165,2.876492570960523,0.5729908443540183
103.26843300000212,1.9472721469698149,0.9992370295015258,103.25312600000167,2.755852361417505,0.684554086130892
103.49232400000216,1.957585644717349,0.9992370295015258,103.47968400000163,2.6517487566835145,0.7700067819599865
103.74230100000223,2.0111068946063915,0.9992370295015258,103.73468000000163,2.591953549080935,0.8246015598507971
103.99019800000222,2.110196517306402,0.9992370295015258,103.97213800000162,2.598663848745691,0.8186673448626653
104.23877300000224,2.258327375828973,0.9992370295015258,104.23537800000159,2.6769525767345743,0.7474567650050865
104.4887450000023,2.444791351114145,0.9206510681586978,104.46703700000161,2.814247557045957,0.6335198372329603
104.73512600000234,2.6306713912194564,0.790183112919634,104.72051200000163,2.9731571967908326,0.4970328925059343
104.97317900000235,2.764081881594076,0.6750593421498814,104.96496700000165,3.1070884716297957,0.3914038657171922
105.22367100000233,2.819349017606213,0.6287724652424551,105.21597900000164,3.177809003697128,0.34036961681926076
105.47510400000239,2.795918859004886,0.6501356391997288,105.45592100000167,3.169417323791951,0.3463038318073924
105.71862600000239,2.7068374459259528,0.7296541200406917,105.70591400000166,3.0894403984283,0.40208545269582907
105.97553600000238,2.5667209114706813,0.8512207527975584,105.96040400000167,2.955961182820233,0.5089013224821973
106.21101400000236,2.3967889041082184,0.9504069175991862,106.19849800000166,2.787769169234572,0.6560698541878602
106.45532000000237,2.2256630118132685,0.9992370295015258,106.45482000000163,2.604602449374815,0.8151068158697863
106.7069780000024,2.088788250820644,0.9992370295015258,106.70589800000161,2.4250410884829177,0.9351475076297049
106.95080100000249,2.0203589324916993,0.9992370295015258,106.93877700000164,2.261455119529216,0.9992370295015258
107.21628600000251,2.0429527744650673,0.9992370295015258,107.18687000000165,2.1182775265157963,0.9992370295015258
107.45524300000253,2.1589345226428427,0.9992370295015258,107.4379100000017,1.996585562917181,0.9992370295015258
107.70499200000253,2.351541239541117,0.974059003051882,107.71427000000166,1.8971030877931252,0.9992370295015258
107.94502000000253,2.5893641413149124,0.8293489318413023,107.92807900000167,1.8230789281733997,0.9992370295015258
108.20055800000254,2.8313072352055064,0.6228382502543235,108.18007100000169,1.7804621051202407,0.9992370295015258
108.44485800000261,3.0352432817683184,0.44718548660562907,108.42587800000172,1.771199904376533,0.9992370295015258
108.69077400000262,3.1735579453478784,0.341556459816887,108.71981100000171,1.787726946028731,0.9992370295015258
108.93286500000266,3.241688429651525,0.303577483892845,108.92241400000171,1.807355432413782,0.9992370295015258
109.18787800000271,3.256952347772342,0.2952695829094608,109.16972500000176,1.8016260859714632,0.9992370295015258
109.44392500000272,3.246435503578555,0.3012037978975924,109.4138790000017,1.7522892045095455,0.9992370295015258
109.67553900000274,3.230652716497881,0.31069854187860285,109.67181500000176,1.6616345247084148,0.9992370295015258
109.92357800000272,3.2154982466103545,0.3201932858596135,109.91018700000178,1.5481266446777644,0.9992370295015258
110.16956400000275,3.2092706403869085,0.32850118684299767,110.16328400000185,1.4351676622230352,0.9992370295015258
110.42689100000283,3.2240517121560845,0.3166327568667345,110.40373100000184,1.3446743771971736,0.9992370295015258
110.66952200000283,3.263981304725478,0.29289589691420814,110.65418500000189,1.2961592698629176,0.9992370295015258
110.91234600000291,3.318613981154053,0.27034587995930826,110.91641200000188,1.3048651897285073,0.9992370295015258
111.16526600000296,3.36970908125453,0.24423533401152933,111.14981500000194,1.3766979917629367,0.9992370295015258
111.41265400000295,3.389912418194747,0.23592743302814512,111.399821000002,1.4992089147307832,0.9992370295015258
111.66012600000299,3.3602521704147006,0.24898270600203457,111.65235500000203,1.6427696031177659,0.9992370295015258
111.90325500000301,3.2794821073509404,0.2869616819260766,111.88974300000207,1.783434360948622,0.9992370295015258
112.15357600000299,3.166055324220576,0.3498643608002712,112.13636700000205,1.9164725731736798,0.9992370295015258
112.39720300000302,3.0447475857908914,0.44243811461512383,112.39196100000201,2.047317124155666,0.9992370295015258
112.64688300000306,2.9370128225906997,0.5231434384537131,112.62916200000203,2.1796295401227956,0.9992370295015258
112.89197900000313,2.85758705166538,0.6002882332994236,112.886570000002,2.310560758375868,0.9946592065106815
113.14394800000315,2.8135029305953303,0.6347066802305865,113.12944000000194,2.4283846796113946,0.9351475076297049
113.39227600000315,2.791275368435212,0.6536961681926078,113.38186100000198,2.5129266922945708,0.8878433367243133
113.63535100000318,2.7648425894971376,0.6750593421498814,113.62755200000193,2.546298558047931,0.8672431332655137
113.88361200000318,2.7132431812328006,0.7213462190573076,113.89342900000194,2.5260762926098694,0.8809766022380467
114.13284500000323,2.632970439337583,0.790183112919634,114.13997500000195,2.4606643750187116,0.9099694811800609
114.37637300000327,2.5306581222661073,0.8802136317395727,114.36805100000197,2.359424619916426,0.9717700915564598
114.6263700000033,2.412945351585245,0.9397253306205493,114.61254700000197,2.235944070769536,0.9992370295015258
114.89019500000327,2.2858878345367724,0.9992370295015258,114.85734700000201,2.1086342545305596,0.9992370295015258
115.12274000000332,2.157877879236115,0.9992370295015258,115.10466200000202,1.9977410666469542,0.9992370295015258
115.36772100000331,2.039836638511491,0.9992370295015258,115.35270600000202,1.9226863428006453,0.9992370295015258
115.6158620000033,1.948638678414083,0.9992370295015258,115.60777900000203,1.901678359516833,0.9992370295015258
115.8665000000033,1.9092404119696196,0.9992370295015258,115.84519800000206,1.9420640891315448,0.9992370295015258
116.11581600000339,1.9468108591132451,0.9992370295015258,116.09312300000207,2.0303741005066356,0.9992370295015258
116.3578550000034,2.0779832709415293,0.9992370295015258,116.3486310000021,2.129856385670967,0.9992370295015258
116.60782500000344,2.2990428746449716,0.9977110885045777,116.58750900000207,2.1877558824302588,0.9992370295015258
116.85780800000347,2.5765022169346334,0.8447778908104442,116.83749000000206,2.1671671113927924,0.9992370295015258
117.10323300000344,2.8481273917832253,0.6062224482875551,117.09237900000207,2.069365185081573,0.9992370295015258
117.35311300000346,3.0485043191798327,0.4376907426246185,117.33989100000213,1.9241550117710349,0.9992370295015258
117.59374700000349,3.150609916212414,0.35935910478128186,117.58491200000212,1.765061728947796,0.9992370295015258
117.84204500000345,3.1737462611791853,0.341556459816887,117.82343300000217,1.6182607907037039,0.9992370295015258
118.10301900000346,3.1571227621926545,0.35579857578840285,118.09677300000216,1.4986104538646088,0.9992370295015258
118.34109700000347,3.130638602322783,0.37478806375042395,118.32218800000216,1.4145607180386826,0.9992370295015258
118.58173700000346,3.106005967243031,0.3937775517124449,118.57715900000217,1.370170381814121,0.9992370295015258
118.83722400000353,3.082810694819755,0.40920651068158687,118.81058400000218,1.3638275890537808,0.9992370295015258
119.07909700000351,3.062758260695139,0.428195998643608,119.0636090000022,1.3898478962288185,0.9992370295015258
119.32654600000349,3.05507058443801,0.43294337063411326,119.31356700000225,1.445673885164404,0.9992370295015258
119.57813600000348,3.0763434476705207,0.4163275686673449,119.55711200000228,1.5322332636544875,0.9992370295015258
119.82317600000347,3.1440283379028138,0.36766700576466593,119.80862100000229,1.6474941715260432,0.9992370295015258
120.06378700000347,3.2625611196803734,0.29289589691420814,120.06095400000233,1.7794374462775588,0.9992370295015258
120.32094100000344,3.4140531674390258,0.21456425907087143,120.2988360000023,1.9023301860172124,0.9992370295015258
120.56781500000342,3.5682473210526062,0.14420142421159715,120.5419420000024,1.9842174369746486,0.9992370295015258
120.81015800000343,3.701195073172445,0.08926754832146493,120.79188400000245,2.004772753356608,0.9992370295015258
121.07531400000344,3.8004383992978132,0.05188199389623601,121.03779800000247,1.9654440417953314,0.9992370295015258
121.31323700000348,3.857071969335506,0.03814852492370293,121.28188400000249,1.8858518618293643,0.9992370295015258
121.55500000000345,3.85716652143461,0.03814852492370293,121.5345540000025,1.7938752645210025,0.9992370295015258
121.80897800000345,3.7851765377502886,0.05493387589013223,121.80000400000255,1.714146761204708,0.9992370295015258
122.04655700000342,3.634642838120715,0.1152085452695829,122.02448600000257,1.663779290590127,0.9992370295015258
122.30097900000338,3.4216188007194095,0.20863004408273994,122.2806530000026,1.6548849367068716,0.9992370295015258
122.55853200000341,3.186981231348781,0.33680908782638175,122.51891300000257,1.6926779151474507,0.9992370295015258
122.79138000000346,2.9843730941494346,0.4899118345201763,122.77387000000256,1.7752523684331,0.9992370295015258
123.04625800000349,2.8515101124790405,0.6050356052899288,123.01655600000255,1.894730180483432,0.9992370295015258
123.29130300000352,2.791276129625655,0.6536961681926078,123.26460800000261,2.0370159004442385,0.9992370295015258
123.53462300000356,2.7782440061888507,0.6679382841641235,123.50647400000264,2.1824619146414306,0.9992370295015258
123.78218300000357,2.7777062434043502,0.6691251271617498,123.7605150000026,2.3090583270867984,0.9946592065106815
124.03630300000363,2.765700499371053,0.6750593421498814,124.01050400000263,2.397740749071003,0.9504069175991862
124.27299800000364,2.729629322005275,0.7118514750762971,124.25193100000264,2.439640414474054,0.9275178026449643
124.52647400000365,2.660469006691116,0.7628857239742287,124.50075900000267,2.4395587923966864,0.9275178026449643
124.76781800000359,2.553351572135481,0.8611393692777212,124.74898500000269,2.418631505363259,0.936673448626653
125.01813800000359,2.414065471064822,0.9397253306205493,124.99216300000273,2.40849469210131,0.9435401831129195
125.26570900000362,2.2593591550286227,0.9992370295015258,125.25262400000273,2.4382074622826697,0.9282807731434384
125.51568900000359,2.1163642826892577,0.9992370295015258,125.49007900000281,2.518918250616183,0.884028484231943
125.7728390000036,2.0090684155331138,0.9992370295015258,125.73490500000277,2.645750726728455,0.7771278399457444
126.00477200000368,1.9402983870774426,0.9992370295015258,125.9826150000028,2.808863885427074,0.6382672092234656
126.25857100000366,1.896407220615938,0.9992370295015258,126.25000500000284,2.9853488222107423,0.4899118345201763
126.50424500000366,1.862631644348247,0.9992370295015258,126.47809400000288,3.138888098650997,0.3700406917599187
126.76144700000368,1.8314280137561456,0.9992370295015258,126.72382000000287,3.2331727675888646,0.30832485588335024
126.99871200000372,1.7981051383114472,0.9992370295015258,126.97702500000288,3.249890312035797,0.2976432689047134
127.25337200000368,1.758199813582173,0.9992370295015258,127.21889100000291,3.1935048188500677,0.3320617158358765
127.49721600000375,1.7068408355683826,0.9992370295015258,127.46608200000288,3.0908385203216238,0.40208545269582907
127.74460900000378,1.641319415790113,0.9992370295015258,127.71415700000283,2.978967930233496,0.4958460495083079
127.99530100000378,1.5631509395887422,0.9992370295015258,127.96106200000287,2.8865765161179215,0.5646829433706341
128.23622600000377,1.4803139422876672,0.9992370295015258,128.20848100000285,2.829328528860434,0.6240250932519499
128.47962100000373,1.4033747473399687,0.9992370295015258,128.4616750000029,2.8115567240686445,0.6382672092234656
128.73575700000373,1.3387076038636685,0.9992370295015258,128.71841300000293,2.8285427593366057,0.625211936249576
128.9807230000037,1.2888119754845357,0.9992370295015258,128.959592000003,2.874705789654629,0.575364530349271
129.2295590000037,1.2560123083859016,0.9992370295015258,129.19964200000297,2.946922498861422,0.5124618514750762
129.46972300000368,1.246305918977306,0.9992370295015258,129.45805600000298,3.034702666119376,0.44837232960325535
129.7206540000037,1.270823471534291,0.9992370295015258,129.69150000000303,3.111859808449129,0.38546965072906075
129.9751200000037,1.3480479103768106,0.9992370295015258,129.93959400000304,3.1476312890611036,0.3629196337741607
130.23032200000375,1.494635462057492,0.9992370295015258,130.19300600000298,3.1336852635966763,0.3724143777551713
130.4631040000038,1.7083086586771934,0.9992370295015258,130.431454000003,3.0895824133869425,0.40208545269582907
130.71462300000383,1.9527355353243279,0.9992370295015258,130.687106000003,3.044506810390243,0.44243811461512383
130.95803300000378,2.1705751705810346,0.9992370295015258,130.92889600000305,3.0200104564934946,0.46380128857239733
131.21907600000384,2.3166778047998027,0.9938962360122074,131.180565000003,3.019137064768332,0.4649881315700237
131.4490550000039,2.374112325629343,0.9633774160732451,131.4248830000031,3.0279894225211414,0.4531197015937607
131.69834500000383,2.3522622346296633,0.974059003051882,131.67482800000292,3.0210059371549884,0.46380128857239733
131.95233900000366,2.280500856206795,0.9992370295015258,131.9247880000029,2.9748902850988364,0.4958460495083079
132.19635500000376,2.2034907852732046,0.9992370295015258,132.17082600000288,2.8804210180654453,0.571804001356392
132.44535700000375,2.1694987394807703,0.9992370295015258,132.4197920000027,2.7449939124583698,0.7011698880976602
132.68973700000382,2.213929996895544,0.9992370295015258,132.66656900000274,2.585704651793648,0.8305357748389285
132.94925300000386,2.3437130761797165,0.9771108850457781,132.92078300000276,2.419786631100786,0.936673448626653
133.1857080000037,2.5428626851200824,0.871057985757884,133.15904900000263,2.2594322022866544,0.9992370295015258
133.44622500000366,2.783898643739502,0.6620040691759919,133.40404000000265,2.110687301660073,0.9992370295015258
133.69233600000373,3.0365666917371805,0.44718548660562907,133.65566500000259,1.9739956884970813,0.9992370295015258
133.93255000000377,3.262559464145565,0.29289589691420814,133.9158750000026,1.848379403550258,0.9992370295015258
134.18259200000375,3.4172392321905702,0.21337741607324517,134.14986300000263,1.738060435414507,0.9992370295015258
134.4345190000036,3.461393310127807,0.18489318413021366,134.39468700000276,1.6527124007671257,0.9992370295015258
134.66984200000368,3.3832887108941048,0.24186164801627671,134.64179400000282,1.6025260620030333,0.9992370295015258
134.91835400000372,3.20650597780663,0.32968802984062395,134.89222300000276,1.5920105801148132,0.9992370295015258
135.17080300000364,2.9750281618163528,0.4958460495083079,135.1441620000027,1.6157360793771547,0.9992370295015258
135.41514000000362,2.7283216716666843,0.7118514750762971,135.38856100000277,1.6596278824705764,0.9992370295015258
135.6608240000036,2.4921142410138986,0.8962360122075279,135.63757100000262,1.706114326202406,0.9992370295015258
135.90985400000363,2.2786752669116095,0.9992370295015258,135.88901300000262,1.7400379722560726,0.9992370295015258
136.15635400000355,2.0917882624956197,0.9992370295015258,136.1252860000026,1.7491046336159348,0.9992370295015258
136.40578100000343,1.9293840544033185,0.9992370295015258,136.38478600000266,1.7287721273872283,0.9992370295015258
136.65266000000346,1.7843814833971887,0.9992370295015258,136.63077700000247,1.685099601884611,0.9992370295015258
136.90124600000348,1.6508546833855358,0.9992370295015258,136.87124500000246,1.6328205170035879,0.9992370295015258
137.15530100000336,1.5309272689222961,0.9992370295015258,137.1410130000025,1.589502300499134,0.9992370295015258
137.38942800000325,1.4348855461955317,0.9992370295015258,137.37027400000244,1.570718252357924,0.9992370295015258
137.6377340000032,1.374414402480023,0.9992370295015258,137.61252400000245,1.5864965001907883,0.9992370295015258
137.90414200000325,1.355310104412623,0.9992370295015258,137.8575140000025,1.6415152489163267,0.9992370295015258
138.13465400000317,1.3734152952599088,0.9992370295015258,138.10849600000245,1.7369760222349007,0.9992370295015258
138.3868020000031,1.416549813060775,0.9992370295015258,138.35707400000246,1.8706794836132588,0.9992370295015258
138.63318400000318,1.4693824392582766,0.9992370295015258,138.6043450000024,2.036445986363554,0.9992370295015258
138.87142300000318,1.5183329335709268,0.9992370295015258,138.85766200000248,2.2193044489951017,0.9992370295015258
139.12073100000316,1.553534723562699,0.9992370295015258,139.09671500000243,2.4009368453370086,0.948118006103764
139.3682500000032,1.5731374134030882,0.9992370295015258,139.34515400000245,2.5735201283204603,0.847151576805697
139.61869700000312,1.5805853984081204,0.9992370295015258,139.59511300000247,2.739874114199061,0.7035435740929129
139.87485100000316,1.5798616527438765,0.9992370295015258,139.8412870000024,2.902029484212085,0.5575618853848763
140.11311400000324,1.5698866049779998,0.9992370295015258,140.0918830000024,3.0590665306437312,0.431756527636487
140.3619060000032,1.549688221286051,0.9992370295015258,140.3386800000023,3.2054101844658947,0.32968802984062395
140.60882000000322,1.5239405076167638,0.9992370295015258,140.58276500000233,3.326861728551075,0.265598507968803
140.85993300000305,1.5027283064837165,0.9992370295015258,140.8297770000023,3.3946908581968853,0.2335537470328925
141.11738500000305,1.4940625970893069,0.9992370295015258,141.0780750000023,3.374133464132744,0.24304849101390297
141.35380400000304,1.505456518228477,0.9992370295015258,141.33120000000224,3.2486624537282403,0.30001695489996605
141.59534400000305,1.5451617965919247,0.9992370295015258,141.59868500000232,3.0387998136907717,0.4459986436080027
141.84806300000307,1.6213196237987113,0.9992370295015258,141.81455000000224,2.790600156301433,0.6536961681926078
142.09464200000303,1.7322687868683893,0.9992370295015258,142.06502300000216,2.543745162825898,0.8702950152594099
142.368636000003,1.8531670666130213,0.9992370295015258,142.33774000000219,2.320785944702946,0.9916073245167852
142.59461300000288,1.9375455903349428,0.9992370295015258,142.56611400000216,2.1326382175204843,0.9992370295015258
142.84700800000286,1.9494252329332096,0.9992370295015258,142.82323200000212,1.9866489333911803,0.9992370295015258
143.0819740000028,1.887463109362749,0.9992370295015258,143.05313100000205,1.8890734266532145,0.9992370295015258
143.33651000000285,1.7759565068251013,0.9992370295015258,143.30407500000197,1.8406290513670691,0.9992370295015258
143.58053900000274,1.6439169232170614,0.9992370295015258,143.54675300000207,1.8327832897378329,0.9992370295015258
143.82857300000268,1.514525836142294,0.9992370295015258,143.796584000002,1.8491099236446917,0.9992370295015258
144.06972300000277,1.40270967195714,0.9992370295015258,144.05510600000196,1.8691480354252419,0.9992370295015258
144.32967400000277,1.3176488370600945,0.9992370295015258,144.3013870000019,1.8758595700219207,0.9992370295015258
144.59572400000275,1.2652198883397001,0.9992370295015258,144.53857600000194,1.8598422916359783,0.9992370295015258
144.82366200000286,1.2499048567896092,0.9992370295015258,144.80055200000186,1.819993482628256,0.9992370295015258
145.07894900000295,1.2740438508804162,0.9992370295015258,145.04497400000176,1.760213815822652,0.9992370295015258
145.31125700000305,1.339203217977185,0.9992370295015258,145.28001900000174,1.6875559380697749,0.9992370295015258
145.58225300000305,1.4466098711243307,0.9992370295015258,145.53935400000165,1.6117251365047092,0.9992370295015258
145.81332600000303,1.5988274542264276,0.9992370295015258,145.78000000000162,1.5436459764557375,0.9992370295015258
146.056876000003,1.8035106688343427,0.9992370295015258,146.02466700000156,1.4956164795836833,0.9992370295015258
146.30928700000294,2.064952003321598,0.9992370295015258,146.2707940000016,1.4833985216910883,0.9992370295015258
146.55174100000295,2.371653402770999,0.9641403865717191,146.52028300000154,1.5216312986397396,0.9992370295015258
146.79589400000293,2.693851414184806,0.7355883350288234,146.77376100000154,1.619271615350025,0.9992370295015258
147.05589800000283,2.99142493366104,0.48397761953204477,147.02525500000147,1.7748942844185076,0.9992370295015258
147.29473500000282,3.224408606137054,0.31544591386910825,147.27126500000142,1.9746797634736863,0.9992370295015258
147.5452980000027,3.3605479576407564,0.24898270600203457,147.5152190000015,2.19223383508423,0.9992370295015258
147.79061600000273,3.3793246501394596,0.24186164801627671,147.77025000000143,2.3857751826385356,0.9587995930824008
148.03461200000265,3.2748697611959194,0.2893353679213293,148.03153800000146,2.511966631246021,0.8886063072227873
148.28389700000258,3.063989323285749,0.42582231264835535,148.25669100000135,2.5473280814211607,0.8672431332655137
148.53042800000253,2.7895416339533066,0.6536961681926078,148.49858400000136,2.4993854212583253,0.8939471007121057
148.79874600000247,2.512609778635712,0.8878433367243133,148.74699500000116,2.3941610090239767,0.9526958290946083
149.02386200000257,2.291936039530179,0.9992370295015258,148.99789600000125,2.2612481055618767,0.9992370295015258
149.27386700000247,2.161901604398523,0.9992370295015258,149.25728700000127,2.1212672673449022,0.9992370295015258
149.52792100000244,2.1162751423928228,0.9992370295015258,149.49467000000124,1.985359743763829,0.9992370295015258
149.7672530000025,2.1117521911152832,0.9992370295015258,149.7442770000013,1.861541015188822,0.9992370295015258
150.01236000000236,2.092446317763082,0.9992370295015258,149.98620400000127,1.7634342976389865,0.9992370295015258
150.26609600000248,2.0261269461214653,0.9992370295015258,150.2421520000012,1.7140138152293036,0.9992370295015258
150.51915400000237,1.921584205944763,0.9992370295015258,150.48435200000137,1.7428142544260659,0.9992370295015258
150.75752200000227,1.8129754408722134,0.9992370295015258,150.7381880000014,1.8769255487651948,0.9992370295015258
151.00959100000225,1.7373366902783263,0.9992370295015258,150.97412500000144,2.130467061546198,0.9992370295015258
151.25089900000225,1.7186746299405944,0.9992370295015258,151.24011400000134,2.489548203251512,0.8985249237029501
151.49489900000222,1.7670719707274338,0.9992370295015258,151.47091400000136,2.9009163456264657,0.5575618853848763
151.7476300000022,1.8760016103671435,0.9992370295015258,151.72398700000136,3.282564765868419,0.28577483892845035
152.00321800000216,2.0269281089600524,0.9992370295015258,151.96694900000136,3.5597797491609886,0.14649033570701928
152.24527800000212,2.206622721641865,0.9992370295015258,152.20696300000128,3.6911582303622854,0.09308240081383516
152.49476800000195,2.4264154709515995,0.9351475076297049,152.4700340000014,3.679850819172474,0.09766022380467958
152.73674900000196,2.71168457058177,0.722533062054934,152.7088800000014,3.565530827184947,0.14420142421159715
152.97699900000194,3.0734631171653675,0.4163275686673449,152.97243100000145,3.4003715937155476,0.2299932180400135
153.2459710000019,3.494460235830843,0.17539844014920306,153.22739700000136,3.227778096278248,0.31307222787385547
153.4766060000019,3.9382721819902655,0.0,153.4599790000013,3.075009312065445,0.4163275686673449
153.72145100000193,4.362804114853329,0.0,153.69148300000123,2.948800701656815,0.5124618514750762
153.97551300000197,4.733720551263636,0.0,153.9406890000012,2.8409162727164503,0.613343506273313
154.21530700000196,5.02302207868917,0.0,154.18655300000123,2.738659967155358,0.7035435740929129
154.463390000002,5.1988700833615615,0.0,154.4474360000012,2.6374579238628444,0.7842488979315022
154.71721800000196,5.2241554334871045,0.0,154.68699600000116,2.54946697325169,0.8657171922685655
154.9626830000019,5.063957760728739,0.0,154.92942500000117,2.4926632776211726,0.8962360122075279
155.20636000000192,4.7253290367472385,0.0,155.17859400000134,2.4766885504973692,0.9038657171922685
155.46070700000197,4.289910809431179,0.0,155.42597400000133,2.4951990872638534,0.8962360122075279
155.70470200000184,3.8580344822049226,0.03814852492370293,155.6800410000013,2.5331175395934755,0.8763987792472023
155.9423690000019,3.483094967494585,0.1801458121397084,155.92662500000122,2.5724133057579395,0.847151576805697
156.19427500000194,3.1815606471014566,0.3391827738216344,156.16661200000112,2.593867085948828,0.8234147168531706
156.44943000000188,2.952039428531288,0.5124618514750762,156.41255900000115,2.5775605503614867,0.8412173618175652
156.68450900000175,2.7854616383120914,0.6620040691759919,156.67610600000117,2.5092554660750186,0.8901322482197355
156.93833800000166,2.6750823332868303,0.7510172939979656,156.92479500000104,2.391894560459472,0.9542217700915564
157.18775700000165,2.6182632563639783,0.8032383858935234,157.15929600000086,2.255378047726343,0.9992370295015258
157.43105800000168,2.620155105715579,0.8008646998982706,157.40117800000087,2.1485250267546485,0.9992370295015258
157.67989900000168,2.6932251361604544,0.7355883350288234,157.65021600000077,2.112619826646759,0.9992370295015258
157.9291190000016,2.850345831945068,0.6050356052899288,157.9061400000006,2.1662933851536796,0.9992370295015258
158.17009800000162,3.088219771814236,0.40445913869108163,158.15371900000054,2.3132704135486377,0.9938962360122074
158.42098700000156,3.3794398623185993,0.24186164801627671,158.39096400000045,2.543500709334756,0.8702950152594099
158.67307500000152,3.680829707602497,0.09766022380467958,158.63545800000034,2.8171449506876387,0.6335198372329603
158.92164500000155,3.9355760630321988,0.0,158.8830130000004,3.0614209260756726,0.4305696846388606
159.16296800000168,4.088804769982284,0.0,159.13544600000048,3.2011947068596123,0.32968802984062395
159.4179500000018,4.112005105993499,0.0,159.37896000000038,3.2043761061960705,0.32968802984062395
159.6653980000018,4.010777514838841,0.0,159.63592700000038,3.0874539784856077,0.40445913869108163
159.91195500000168,3.8153207234818334,0.0495930824008138,159.87723100000042,2.888680461158071,0.5646829433706341
160.1540050000016,3.571657307919554,0.14420142421159715,160.13805900000042,2.650014933226498,0.7735673109528655
160.4073420000017,3.32442857327092,0.26678535096642925,160.37801400000043,2.408207266812627,0.9435401831129195
160.6445870000016,3.1103689227966873,0.386656493726687,160.6180080000004,2.1892084859638397,0.9992370295015258
160.91313400000152,2.9499796128164046,0.5124618514750762,160.87057000000038,2.0111317844796592,0.9992370295015258
161.1445560000016,2.838490244604665,0.6169040352661919,161.11218200000044,1.8879977626886373,0.9992370295015258
161.39012100000156,2.7555086565236966,0.684554086130892,161.3700140000006,1.8244975629700038,0.9992370295015258
161.63853500000155,2.6825391599472184,0.7403357070193286,161.6052210000006,1.8106356901108427,0.9992370295015258
161.88493300000155,2.6107687725626967,0.810359443879281,161.85324700000055,1.8247772796541009,0.9992370295015258
162.13024900000158,2.541402730266834,0.871820956256358,162.1043920000006,1.8411405292893104,0.9992370295015258
162.3828180000016,2.485537469133948,0.9008138351983723,162.35271100000054,1.8357325663800155,0.9992370295015258
162.62831200000156,2.4678857919671,0.9076805696846387,162.5992270000005,1.796556437897368,0.9992370295015258
162.87264100000152,2.5332075801116956,0.8756358087487284,162.84577800000056,1.7267080473221883,0.9992370295015258
163.1187680000016,2.7327624914569935,0.7082909460834181,163.09335500000068,1.6477861264555618,0.9992370295015258
163.3698580000016,3.0772761262683743,0.4151407256697185,163.34767500000063,1.588665891023668,0.9992370295015258
163.61707500000162,3.490380750917444,0.17539844014920306,163.60190900000057,1.5692780586388015,0.9992370295015258
163.89243100000155,3.839886895000191,0.04196337741607325,163.83929100000043,1.595526012470563,0.9992370295015258
164.12553300000144,4.023339976960653,0.0,164.08522100000025,1.6626054032177706,0.9992370295015258
164.3595430000014,4.011661149110764,0.0,164.33016300000023,1.7586344961813123,0.9992370295015258
164.60350400000127,3.839319780734524,0.04196337741607325,164.59470500000023,1.868722853964985,0.9992370295015258
164.85138400000122,3.5668817882563655,0.14420142421159715,164.8306800000001,1.9759555026275273,0.9992370295015258
165.1054600000013,3.256204425239364,0.2952695829094608,165.07014800000002,2.068949789661057,0.9992370295015258
165.35213700000142,2.956305021556319,0.5089013224821973,165.32455599999994,2.1537818162722178,0.9992370295015258
165.5976330000014,2.699568596910755,0.7332146490335708,165.568604,2.2586820315125005,0.9992370295015258
165.85663400000126,2.5001868113746655,0.8939471007121057,165.8205139999999,2.4096994249611057,0.9427772126144455
166.0892030000014,2.3569740190493462,0.9717700915564598,166.05715099999978,2.5971492563235508,0.8186673448626653
166.3380680000013,2.2595556453172074,0.9992370295015258,166.31045499999985,2.7731863602296367,0.6703119701593762
166.5981040000013,2.2008634382694825,0.9992370295015258,166.5584739999999,2.884029480262863,0.568243472363513
166.83096900000135,2.1860933148495967,0.9992370295015258,166.80435899999995,2.896882095152212,0.5611224143777552
167.0834860000014,2.225495499516061,0.9992370295015258,167.0569189999999,2.806872059662142,0.6418277382163445
167.3278470000014,2.3183778422231107,0.9931332655137334,167.3003129999999,2.634953817585803,0.7842488979315022
167.5818770000014,2.4446122505510117,0.9206510681586978,167.5487219999999,2.4156077951168147,0.9374364191251271
167.82282800000138,2.5719374940879245,0.8495252628009494,167.8100749999999,2.1852382365722587,0.9992370295015258
168.0718460000014,2.66086397709324,0.7628857239742287,168.03952499999986,1.9734459286398103,0.9992370295015258
168.32507400000128,2.6812699954857786,0.7403357070193286,168.2931209999999,1.7978075139489578,0.9992370295015258
168.58710800000122,2.628161631115748,0.7925567989148864,168.5410059999998,1.6635059168633295,0.9992370295015258
168.81991400000115,2.5224780967174216,0.8825025432349948,168.7849779999999,1.566899275092407,0.9992370295015258
169.06010700000127,2.3968941792339553,0.9504069175991862,169.03454899999988,1.501723892482904,0.9992370295015258
169.31342600000127,2.2832830163123936,0.9992370295015258,169.2776069999999,1.4637056195993745,0.9992370295015258
169.55584800000128,2.2084815347372384,0.9992370295015258,169.5275609999999,1.4515950356596723,0.9992370295015258
169.80424700000128,2.1921978261702906,0.9992370295015258,169.77497799999998,1.465803793193158,0.9992370295015258
170.05678400000122,2.2449081984515984,0.9992370295015258,170.0258849999999,1.5081225175281383,0.9992370295015258
170.30566200000123,2.3621488819121343,0.9694811800610376,170.270201,1.5826942494012475,0.9992370295015258
170.5462510000012,2.523204481663573,0.8817395727365208,170.52526699999984,1.6991545559130405,0.9992370295015258
170.7958270000011,2.70265831955734,0.730840963038318,170.7634629999999,1.8732807210079367,0.9992370295015258
171.04156100000128,2.877886846449192,0.571804001356392,171.01490999999984,2.1214938548468654,0.9992370295015258
171.29001200000124,3.022701787102057,0.46142760257714477,171.26403099999996,2.4477892853267704,0.9168362156663276
171.53705900000122,3.1076902164373936,0.390217022719566,171.51240900000005,2.834477563570662,0.6180908782638183
171.80250700000119,3.115601408763082,0.38546965072906075,171.75601599999976,3.2451410673691883,0.3023906408952188
172.03454000000127,3.056770341491731,0.43294337063411326,172.00933999999987,3.631118852801741,0.1174974567650051
172.28540500000122,2.964758945443218,0.5017802644964395,172.27564099999995,3.9421575354549794,0.0
172.5345290000011,2.8756274234530204,0.5741776873516446,172.49960499999986,4.137256836808971,0.0
172.77306800000102,2.8171445386926033,0.6335198372329603,172.74764799999983,4.195207882899586,0.0
173.02116600000096,2.805606641632239,0.6442014242115972,172.99237099999985,4.122815941158464,0.0
173.2704720000009,2.846246266104611,0.6097829772804341,173.23801599999976,3.9537177550325633,0.0
173.52010600000085,2.930456666244993,0.5255171244489657,173.48430599999978,3.7347826040694727,0.07629704984740586
173.77008000000083,3.0395536520748494,0.4459986436080027,173.73624299999975,3.504061209444717,0.16946422516107157
174.0142890000008,3.1476884168966675,0.3629196337741607,173.97968199999977,3.2812719750941923,0.2869616819260766
174.26174000000069,3.226220722864153,0.31425907087148186,174.2396779999998,3.071317106063005,0.41870125466259756
174.50822800000054,3.2509654060071322,0.29645642590708715,174.47473299999976,2.8702379561722866,0.5848592743302815
174.75416600000057,3.208298553541029,0.32850118684299767,174.72808999999972,2.671678576542857,0.753390979993218
175.0120420000006,3.101147099257443,0.3937775517124449,174.9765819999996,2.4736214763414734,0.9053916581892166
175.2546350000006,2.948538312815775,0.5124618514750762,175.23144599999947,2.277194253303376,0.9992370295015258
175.50628400000062,2.777738580105233,0.6691251271617498,175.48494999999951,2.091124901083932,0.9992370295015258
175.74858400000068,2.6135451813948976,0.8044252288911496,175.71218999999957,1.9314735417099034,0.9992370295015258
175.9921390000007,2.4708808812148035,0.9061546286876907,175.96007499999945,1.8147709533979768,0.9992370295015258
176.25959300000065,2.3488105094641747,0.9748219735503559,176.20961499999942,1.7506656387888186,0.9992370295015258
176.49659600000075,2.23903207361791,0.9992370295015258,176.45460599999942,1.7387778877447455,0.9992370295015258
176.73207800000068,2.137827013879885,0.9992370295015258,176.71167799999938,1.760562268246626,0.9992370295015258
176.98609600000069,2.0480234140821936,0.9992370295015258,176.95719099999943,1.7862499758504802,0.9992370295015258
177.23115500000068,1.9784675215513472,0.9992370295015258,177.21001999999945,1.8042008597273822,0.9992370295015258
177.48666700000072,1.9441679264900869,0.9992370295015258,177.4365859999994,1.8374221728002273,0.9992370295015258
177.7285320000007,1.95811274477881,0.9992370295015258,177.6899989999994,1.9261550805604957,0.9992370295015258
177.96919000000065,2.0205000817970262,0.9992370295015258,177.9344839999994,2.096871185147708,0.9992370295015258
178.23517200000066,2.117716816962433,0.9992370295015258,178.1870059999994,2.351830964561721,0.974059003051882
178.4699610000006,2.2254486320684093,0.9992370295015258,178.4279799999995,2.6746751402905997,0.7510172939979656
178.71716600000056,2.3202302994275747,0.9923702950152593,178.67896499999955,3.0367300597486278,0.44718548660562907
178.96839900000055,2.3910452425206055,0.9549847405900305,178.9294079999996,3.4087255891689074,0.22049847405900302
179.21091200000058,2.445292494852673,0.9198880976602237,179.1713529999995,3.7724935664134485,0.05722278738555444
179.46621700000054,2.5037966045434215,0.8916581892166836,179.42349899999948,4.125571692365968,0.0
179.70534200000068,2.591261635856572,0.8269752458460495,179.67243299999944,4.487841072889381,0.0
179.95373800000067,2.7284714448882093,0.7118514750762971,179.93149599999958,4.880583152243932,0.0
180.20019200000067,2.926142201786668,0.5326381824347236,180.16790699999956,5.295699988232057,0.0
180.44927600000062,3.184872492897603,0.33799593082400814,180.41108899999955,5.674316511028736,0.0
180.70148600000056,3.50298230491335,0.16946422516107157,180.6544059999995,5.92883348560563,0.0
180.95143600000043,3.87474109325902,0.03128179043743639,180.9036019999995,5.985132136565838,0.0
181.19449000000037,4.27765673315559,0.0,181.14596399999942,5.813813467065416,0.0
181.44295100000025,4.660819756557878,0.0,181.3978869999994,5.439089625769081,0.0
181.6909060000003,4.953314074632784,0.0,181.6459509999994,4.929312791885394,0.0
181.93540400000023,5.092340624907699,0.0,181.89527699999925,4.3714863949228695,0.0
182.1818360000004,5.050743970189562,0.0,182.1382359999993,3.8415494494654725,0.04120040691759915
182.43573300000054,4.846539304285244,0.0,182.3896219999992,3.3786702275968308,0.24186164801627671
182.6802240000006,4.535108522284718,0.0,182.63521499999925,2.9861564293241663,0.48872499152255
182.92105300000054,4.1838510241772555,0.0,182.8907579999992,2.651578247920665,0.7700067819599865
183.17503900000048,3.839679397708513,0.04196337741607325,183.13927699999934,2.365817350505547,0.9671922685656155
183.41575600000036,3.5223314314792966,0.16115632417768735,183.38661799999917,2.13001788545117,0.9992370295015258
183.6664050000004,3.235917176363874,0.3047643268904714,183.63270899999907,1.9518980812239983,0.9992370295015258
183.93285300000034,2.9810383243093623,0.49228552051542895,183.87077499999907,1.841170308187854,0.9992370295015258
184.16449400000027,2.7612570828714533,0.6762461851475077,184.1186459999989,1.8021684005074345,0.9992370295015258
184.4162860000003,2.5845315537163978,0.8340963038318076,184.36993499999886,1.829856982484265,0.9992370295015258
184.66183900000033,2.4571147239694686,0.9122583926754831,184.62265299999885,1.9109413622833906,0.9992370295015258
184.91188000000034,2.3890112049925047,0.9565106815869786,184.86618999999874,2.025317133696449,0.9992370295015258
185.14737400000027,2.3950594035055675,0.9519328585961342,185.11712199999874,2.1505545994668784,0.9992370295015258
185.40027900000015,2.4841118155611697,0.9008138351983723,185.36119899999878,2.265124214759451,0.9992370295015258
185.64839100000017,2.6424469101391015,0.7783146829433707,185.60143599999887,2.35977463695471,0.9717700915564598
185.89074800000023,2.838496580932614,0.6169040352661919,185.86549299999885,2.4318493084189137,0.9336215666327569
186.14330700000016,3.038843457063236,0.4459986436080027,186.10241299999888,2.476065954334558,0.9038657171922685
186.39163900000005,3.2145898834149227,0.32256697185486605,186.3597909999989,2.4797512932117636,0.9031027466937944
186.63569499999994,3.336558635997754,0.2596642929806714,186.600137999999,2.4324562973164863,0.9336215666327569
186.89738599999998,3.374002848759722,0.24304849101390297,186.84403199999892,2.335300364842234,0.9824516785350966
187.14480799999995,3.3162929092858637,0.27034587995930826,187.09526699999887,2.2024614687974484,0.9992370295015258
187.38527399999995,3.1900524716220824,0.3356222448287555,187.35156899999882,2.0558904163105893,0.9992370295015258
187.62684299999987,3.0480046858849774,0.44006442861987116,187.60311899999877,1.916982678084948,0.9992370295015258
187.87527999999978,2.9408344650127463,0.5207697524584605,187.82909999999887,1.7992002257006643,0.9992370295015258
188.12474099999977,2.901080819997717,0.5575618853848763,188.08069699999893,1.7072778276684193,0.9992370295015258
188.3688229999997,2.9398314689461067,0.5219565954560869,188.33458799999892,1.6382406871845792,0.9992370295015258
188.62199399999977,3.0469011608172494,0.44006442861987116,188.59062099999886,1.5830097336289688,0.9992370295015258
188.87347199999977,3.1917253928172418,0.3320617158358765,188.82089899999892,1.533876519354968,0.9992370295015258
189.11474599999977,3.3222852759289547,0.26915903696168186,189.07843899999878,1.4892670853631012,0.9992370295015258
189.35680299999984,3.383915076010159,0.24186164801627671,189.3188919999989,1.4519971654148187,0.9992370295015258
189.615891,3.3456006904240403,0.2572906069854188,189.56395999999876,1.4260780670578972,0.9992370295015258
189.852876,3.2128947526308926,0.3249406578501187,189.81540899999885,1.4109807857438545,0.9992370295015258
190.09642199999988,3.0157389474945613,0.4661749745676501,190.0598529999988,1.4042681872508886,0.9992370295015258
190.35485099999988,2.792959418497337,0.651322482197355,190.3107719999988,1.4072149842547705,0.9992370295015258
190.59635199999997,2.5794876525797212,0.840030518819939,190.5542919999988,1.427571719581537,0.9992370295015258
190.83929599999993,2.4067910719507455,0.9450661241098677,190.82379799999873,1.479464480005269,0.9992370295015258
191.08992100000003,2.3074023847022254,0.9946592065106815,191.05888999999877,1.5805760615319604,0.9992370295015258
191.3292559999999,2.320607920134166,0.9923702950152593,191.3033039999986,1.746605009761972,0.9992370295015258
191.59841999999978,2.4809990828729522,0.9023397761953204,191.54413799999853,1.9857403799330102,0.9992370295015258
191.82722699999965,2.7924325992552195,0.6525093251949814,191.79325399999854,2.298378723302796,0.9977110885045777
192.07584699999967,3.204655246063666,0.32968802984062395,192.0461769999986,2.6619048537709356,0.7628857239742287
192.31771799999956,3.630333279518287,0.1174974567650051,192.29615699999857,3.0160720024981984,0.4661749745676501
192.5634179999995,3.982332594640331,0.0,192.53918599999858,3.2790279741522066,0.2881485249237029
192.81772499999957,4.205639410257454,0.0,192.79023499999863,3.3988390898047474,0.23118006103763988
193.06292399999958,4.288037097177197,0.0,193.03638299999864,3.3875099030190317,0.23711427602577148
193.31395199999957,4.257317138121321,0.0,193.2793029999987,3.3057831389699697,0.2739064089521872
193.56198599999962,4.164675019072023,0.0,193.53183299999884,3.225211996353547,0.31544591386910825
193.80676399999956,4.071510646323465,0.0,193.77825999999877,3.201927248185138,0.32968802984062395
194.0579099999994,4.02592571625971,0.0,194.02371499999867,3.261270837223327,0.29289589691420814
194.3069799999994,4.040775442781413,0.0,194.29273399999866,3.392310706285978,0.23592743302814512
194.54439499999927,4.09438471513694,0.0,194.52070099999855,3.541266148806853,0.1504747371990505
194.80771599999923,4.138634153603839,0.0,194.77328399999854,3.6353443486152517,0.1152085452695829
195.04081199999902,4.118563611619923,0.0,195.02630499999853,3.622631129200945,0.12054933875890132
195.29173399999902,4.000391011767126,0.0,195.28706399999848,3.500116504991009,0.17302475415395044
195.53678099999905,3.7875620413563107,0.05417090539165822,195.50268299999846,3.298632740615139,0.2762800949474399
195.78528499999905,3.511950687438395,0.1682773821634452,195.7550999999984,3.058092726671896,0.431756527636487
196.03644099999897,3.2139612327354774,0.32256697185486605,195.99814099999855,2.8146506489466154,0.6335198372329603
196.27644399999897,2.927676514983764,0.5314513394370974,196.2440659999984,2.599746822905873,0.8186673448626653
196.53000499999902,2.6780488199524926,0.7450830790098338,196.4921539999984,2.44185851203176,0.9237029501525941
196.768936999999,2.4821644417853412,0.9015768056968463,196.73853699999842,2.359458621968188,0.9717700915564598
197.0189309999989,2.3512381381857765,0.974059003051882,197.0005099999984,2.34995470224899,0.974059003051882
197.2689089999988,2.28875301747786,0.9992370295015258,197.24310399999843,2.380281635450606,0.9603255340793488
197.5189909999988,2.2833000918226665,0.9992370295015258,197.48457999999835,2.3951257778153567,0.9519328585961342
197.7634619999989,2.309474542820226,0.9946592065106815,197.73017799999838,2.352238745972061,0.974059003051882
198.01153799999895,2.341244351046826,0.9771108850457781,197.97563699999841,2.2519765356267087,0.9992370295015258
198.26345899999902,2.3645458023163797,0.9671922685656155,198.22973299999842,2.124715486672781,0.9992370295015258
198.51751299999896,2.374380753403344,0.962614445574771,198.48806999999846,2.006378659553659,0.9992370295015258
198.74934699999892,2.3726349530770054,0.9641403865717191,198.71771999999845,1.9263518595911755,0.9992370295015258
199.01611999999903,2.3690994488931807,0.9664292980671413,198.9684359999984,1.903839632447547,0.9992370295015258
199.26869399999902,2.3832044206356193,0.9603255340793488,199.21276299999843,1.947374567119875,0.9992370295015258
199.5036569999991,2.4469856354272874,0.9175991861648015,199.46587999999838,2.0487476619999336,0.9992370295015258
199.75214799999907,2.598274689842362,0.8186673448626653,199.70771599999844,2.1773166980774166,0.9992370295015258
199.98719099999897,2.8539407475050402,0.6014750762970499,199.9551449999984,2.295379869685571,0.9992370295015258
200.23523499999894,3.1800919480810035,0.34036961681926076,200.20126199999837,2.379976977944742,0.9603255340793488
200.4861129999989,3.4966907735394086,0.1742115971515768,200.45514699999833,2.4245057107955597,0.9351475076297049
200.732451999999,3.7219453235817443,0.08163784333672429,200.69766799999843,2.425437479962989,0.9351475076297049
200.98047799999895,3.8065747499873996,0.05188199389623601,200.95559399999854,2.381145909039394,0.9603255340793488
201.23404499999896,3.742638563938256,0.07248219735503562,201.19439599999856,2.29582153386789,0.9984740590030519
201.4754709999989,3.5555453164462976,0.14725330620549337,201.43757699999853,2.1792585445548562,0.9992370295015258
201.72288199999892,3.2919431158699504,0.27865378094269244,201.7175439999985,2.044944674506825,0.9992370295015258
201.97107999999898,3.003142742473111,0.4744828755510342,201.9451709999984,1.9054826754822023,0.9992370295015258
202.22101399999886,2.7381571304210044,0.7035435740929129,202.18277499999843,1.7690449386360325,0.9992370295015258
202.48154299999882,2.5356677920831294,0.8748728382502543,202.4342129999983,1.6433669942802742,0.9992370295015258
202.72092599999877,2.413815002344461,0.9397253306205493,202.68067099999837,1.5377133908537695,0.9992370295015258
202.96135899999877,2.3632412387818666,0.9694811800610376,202.9527129999984,1.4597944302772348,0.9992370295015258
203.21136799999883,2.353375119304512,0.974059003051882,203.18677899999835,1.4125487490397264,0.9992370295015258
203.45687599999877,2.3531211296718686,0.974059003051882,203.4220379999983,1.3946496935478174,0.9992370295015258
203.6990879999987,2.344907767143199,0.97558494404883,203.66977199999843,1.3984358008342228,0.9992370295015258
203.9476259999986,2.32396547012555,0.9908443540183112,203.92474699999838,1.4106480103150503,0.9992370295015258
204.19554899999844,2.297323211422018,0.9977110885045777,204.16663099999843,1.4190170058976048,0.9992370295015258
204.4466839999983,2.2829260001168112,0.9992370295015258,204.41467899999833,1.4206812307344205,0.9992370295015258
204.69759499999827,2.3054846718727866,0.9954221770091556,204.65757199999837,1.4294114503113722,0.9992370295015258
204.9435229999982,2.3924107632243397,0.9534587995930823,204.90699799999837,1.4702113822888856,0.9992370295015258
205.18943899999817,2.561686476298985,0.8557985757884028,205.1522309999984,1.5639057566697845,0.9992370295015258
205.43092699999812,2.7980925489763147,0.6501356391997288,205.40748899999832,1.7063866246196133,0.9992370295015258
205.68685699999818,3.0294979455982545,0.4519328585961343,205.64577199999835,1.8697274270585011,0.9992370295015258
205.92993599999815,3.1523989238574943,0.35817226178365547,205.89331499999835,2.0158805146131797,0.9992370295015258
206.1848979999981,3.1116896184948004,0.38546965072906075,206.15729199999834,2.1110360471889758,0.9992370295015258
206.4327959999981,2.9308928531283494,0.5255171244489657,206.39381199999826,2.1362092036254148,0.9992370295015258
206.69035799999799,2.6731854045300336,0.753390979993218,206.63729499999826,2.0943357828294493,0.9992370295015258
206.94268499999802,2.4031057055092813,0.948118006103764,206.88142099999823,2.0080970485844514,0.9992370295015258
207.16904699999802,2.1707097629230527,0.9992370295015258,207.13634899999818,1.9095249607471465,0.9992370295015258
207.41963599999795,2.009113071666034,0.9992370295015258,207.38276099999806,1.8330845553285764,0.9992370295015258
207.6696659999979,1.9322060940509842,0.9992370295015258,207.62518099999807,1.815169431439083,0.9992370295015258
207.91008099999794,1.9311116602879141,0.9992370295015258,207.8746529999981,1.886545430341808,0.9992370295015258
208.16494499999797,1.976449400697105,0.9992370295015258,208.11635199999802,2.057863767230554,0.9992370295015258
208.41036699999793,2.0243126521126364,0.9992370295015258,208.3722329999981,2.305443929922827,0.9954221770091556
208.6574279999979,2.041230627471521,0.9992370295015258,208.61724799999814,2.569399535734357,0.8495252628009494
208.90175599999787,2.025168489286794,0.9992370295015258,208.86265899999816,2.7840471956688266,0.6620040691759919
209.1517639999978,1.9958832885151567,0.9992370295015258,209.10457099999815,2.9116514925238346,0.5480671414038657
209.39932099999783,1.9727631746866656,0.9992370295015258,209.35709699999813,2.9463970312565886,0.5124618514750762
209.64921899999797,1.9669441091897175,0.9992370295015258,209.6063959999981,2.9046074564826734,0.5540013563919973
209.892125999998,1.9808287872101211,0.9992370295015258,209.8495209999981,2.8090019786287654,0.6382672092234656
210.1571179999981,2.0099739661568963,0.9992370295015258,210.10263599999803,2.677588400053139,0.7462699220074603
210.39222699999803,2.048812281694807,0.9992370295015258,210.345125999998,2.5217731740402933,0.8825025432349948
210.63706599999793,2.0966056521637104,0.9992370295015258,210.61757299999786,2.348849977824746,0.9748219735503559
210.883043999998,2.1565218251034004,0.9992370295015258,210.83593899999784,2.1673849520400794,0.9992370295015258
211.13043199999788,2.2291530605914613,0.9992370295015258,211.09445499999785,1.9863757939786886,0.9992370295015258
211.37994299999787,2.3090400204236765,0.9946592065106815,211.3378809999979,1.8180867786432595,0.9992370295015258
211.6284909999979,2.379695993867154,0.9603255340793488,211.57926799999797,1.6690254030472438,0.9992370295015258
211.8713589999978,2.416469063352527,0.9374364191251271,211.83783799999793,1.5373438992554247,0.9992370295015258
212.12588499999777,2.39838043579086,0.9504069175991862,212.07458999999798,1.4154780605430546,0.9992370295015258
212.38134499999768,2.3222136335219568,0.9916073245167852,212.32267099999797,1.2972409366416036,0.9992370295015258
212.61831399999758,2.203920442305091,0.9992370295015258,212.57171699999793,1.1810145099484253,0.9992370295015258
212.86327799999748,2.0693705800729787,0.9992370295015258,212.82074299999798,1.07011945785262,0.9992370295015258
213.1163359999975,1.9421074299567331,0.9992370295015258,213.06881499999804,0.9723954636029375,0.9992370295015258
213.3606299999975,1.8374982374347384,0.9992370295015258,213.32129499999817,0.8997519871626415,0.9992370295015258
213.6101119999975,1.7658567967997791,0.9992370295015258,213.5587169999982,0.8649494764442213,0.9992370295015258
213.85056299999755,1.7341890854500353,0.9992370295015258,213.83659399999829,0.8795815792194132,0.9992370295015258
214.1065189999975,1.7478323642377245,0.9992370295015258,214.05864399999834,0.9544250359912465,0.9992370295015258
214.35489899999757,1.8091178553530889,0.9992370295015258,214.3110119999983,1.095623378719184,0.9992370295015258
214.59198599999755,1.9153314183016867,0.9992370295015258,214.5445409999983,1.296528817956419,0.9992370295015258
214.86756399999757,2.0559016066048725,0.9992370295015258,214.79756699999817,1.5242355037291215,0.9992370295015258
215.09196299999752,2.212898561408915,0.9992370295015258,215.0425369999981,1.7220386761473105,0.9992370295015258
215.33339399999744,2.366889004759933,0.9664292980671413,215.28945499999801,1.8430100864028003,0.9992370295015258
215.58457399999736,2.5100908855707864,0.8901322482197355,215.53753199999792,1.8809508617213524,0.9992370295015258
215.8296879999973,2.654500241417791,0.7664462529671074,215.78351499999783,1.860155889216002,0.9992370295015258
216.0820839999974,2.8304931064185146,0.6228382502543235,216.04123999999788,1.8074227731439203,0.9992370295015258
216.33052599999735,3.0780208611538025,0.4151407256697185,216.28377199999787,1.7370388775511136,0.9992370295015258
216.57804999999732,3.4322556953306966,0.19913530010172936,216.53184699999787,1.6492610877482567,0.9992370295015258
216.82355299999716,3.9046208449111175,0.014496439471007093,216.7760699999978,1.5394359655579781,0.9992370295015258
217.06681699999714,4.456186342326163,0.0,217.03428799999773,1.40913659683424,0.9992370295015258
217.31764999999726,4.977844977944708,0.0,217.27308799999776,1.2688528132326293,0.9992370295015258
217.56325099999725,5.3356625880576924,0.0,217.51870499999762,1.134026672656087,0.9992370295015258
217.83015199999718,5.452639777447612,0.0,217.7575139999976,1.0208935171838405,0.9992370295015258
218.05757999999716,5.334041242092162,0.0,218.01070699999755,0.9432901720589265,0.9992370295015258
218.30509899999717,5.0365424861318,0.0,218.27507699999754,0.9112350698814586,0.9992370295015258
218.5535079999972,4.63514577707005,0.0,218.50260599999754,0.9314568932495131,0.9992370295015258
218.81286199999727,4.202984622427515,0.0,218.75307099999756,1.008175186748009,0.9992370295015258
219.05281199999718,3.799518355712821,0.05188199389623601,219.00386299999747,1.1400846363541077,0.9992370295015258
219.29834299999723,3.4644766648009306,0.18489318413021366,219.24734599999732,1.3146153088965802,0.9992370295015258
219.54636399999728,3.220289498619584,0.3166327568667345,219.52220799999725,1.5044816935180592,0.9992370295015258
219.7988119999973,3.0734178015143274,0.4163275686673449,219.74470799999708,1.6733107825289433,0.9992370295015258
220.04230599999724,3.0053205670882246,0.4721091895557816,219.9913549999971,1.7922373829274407,0.9992370295015258
220.28636499999726,2.976128676720086,0.4958460495083079,220.23372199999716,1.854013603196762,0.9992370295015258
220.53374599999714,2.935298453325767,0.5243302814513394,220.48507899999726,1.870519455230515,0.9992370295015258
220.77869399999722,2.846797130820614,0.6085961342828077,220.73819199999718,1.8645787361423671,0.9992370295015258
221.04178599999716,2.7072454719277865,0.7296541200406917,220.97859499999726,1.862022117189489,0.9992370295015258
221.2786609999973,2.5405278114707457,0.8725839267548321,221.2349859999972,1.8864971006137439,0.9992370295015258
221.5277159999972,2.372745781385242,0.9641403865717191,221.5065789999972,1.9507007320737644,0.9992370295015258
221.7811839999971,2.2208713919766216,0.9992370295015258,221.72847099999717,2.0489362651762812,0.9992370295015258
222.02410899999717,2.093425268644032,0.9992370295015258,221.97198299999718,2.164880923034952,0.9992370295015258
222.29309999999722,1.9917666930202536,0.9992370295015258,222.21997799999716,2.282375365575614,0.9992370295015258
222.51398499999715,1.9092441807277125,0.9992370295015258,222.4780099999971,2.3852781666354215,0.9587995930824008
222.76039699999725,1.8303141382562924,0.9992370295015258,222.71595299999714,2.4511670479130703,0.9153102746693794
223.01638399999717,1.7410871812950233,0.9992370295015258,222.9578319999971,2.4570123465342713,0.9122583926754831
223.25152999999705,1.639532657031809,0.9992370295015258,223.20830299999707,2.395737221045994,0.9511698880976601
223.50713199999703,1.5334716355115912,0.9992370295015258,223.4603809999971,2.283375168567533,0.9992370295015258
223.75794999999695,1.432757698279286,0.9992370295015258,223.69967199999718,2.1471881266435746,0.9992370295015258
223.99791899999693,1.3447442173259898,0.9992370295015258,223.96365199999724,2.0120631136844533,0.9992370295015258
224.24951899999692,1.2723503178060023,0.9992370295015258,224.20172399999714,1.8985322039189843,0.9992370295015258
224.500518999997,1.2157703712900085,0.9992370295015258,224.44444999999715,1.8237519243729732,0.9992370295015258
224.73981699999692,1.1731977241075144,0.9992370295015258,224.6990689999971,1.8012815431553748,0.9992370295015258
224.98749599999692,1.1409289127494548,0.9992370295015258,224.93713199999704,1.832349723914402,0.9992370295015258
225.2474629999969,1.1130128865195432,0.9992370295015258,225.186104999997,1.8955114031141802,0.9992370295015258
225.4969359999968,1.0845729827509316,0.9992370295015258,225.431632999997,1.9585830264463528,0.9992370295015258
225.73190999999676,1.0541769522294828,0.9992370295015258,225.67966999999695,2.0040578785411265,0.9992370295015258
225.98598199999677,1.0242302791819229,0.9992370295015258,225.9486749999969,2.029564030360583,0.9992370295015258
226.22995799999688,0.9992387330245911,0.9992370295015258,226.17671699999698,2.040954341349292,0.9992370295015258
226.47207299999687,0.983836424631875,0.9992370295015258,226.42600599999696,2.046190966939604,0.9992370295015258
226.72209199999682,0.9786292382991689,0.9992370295015258,226.666934999997,2.054527024222252,0.9992370295015258
226.9728719999969,0.9813677433462611,0.9992370295015258,226.92291899999705,2.0815912093546745,0.9992370295015258
227.20995399999686,0.9861076927149441,0.9992370295015258,227.17242199999708,2.1456748441425333,0.9992370295015258
227.465217999997,0.9869339650290214,0.9992370295015258,227.43240099999707,2.253110687937452,0.9992370295015258
227.71525199999684,0.9796189657021773,0.9992370295015258,227.66576199999713,2.388337693917667,0.9565106815869786
227.9643449999969,0.9655845512068435,0.9992370295015258,227.92692299999715,2.5215461767659963,0.8825025432349948
228.20787399999696,0.9528412561786553,0.9992370295015258,228.1657209999972,2.627195003332967,0.7925567989148864
228.45747699999686,0.9533860520564623,0.9992370295015258,228.40040999999712,2.692679845357354,0.7367751780264499
228.70634699999695,0.9734804331794427,0.9992370295015258,228.65153599999718,2.73612664973951,0.7035435740929129
228.94776599999693,1.009181077398876,0.9992370295015258,228.89342299999714,2.828149504173092,0.625211936249576
229.20126699999696,1.0507089127705624,0.9992370295015258,229.19225599999723,3.0719559383023642,0.41751441166497116
229.443650999997,1.0927658974793992,0.9992370295015258,229.39030699999736,3.5166169622935914,0.16471685317056634
229.69404699999694,1.1372387405390936,0.9992370295015258,229.6373119999974,4.083932628974777,0.0
229.93736099999697,1.1904829387560871,0.9992370295015258,229.89326599999728,4.616039219268162,0.0
230.18373399999703,1.2591291659325963,0.9992370295015258,230.13362099999745,4.974379767876327,0.0
230.43421499999707,1.3461380658528652,0.9992370295015258,230.38410499999753,5.091520187778987,0.0
230.6828819999972,1.4510886685107662,0.9992370295015258,230.6259979999975,4.973674748870465,0.0
230.92675499999692,1.5750155089666538,0.9992370295015258,230.87997899999743,4.682110114003324,0.0
231.179878999997,1.7164881907105674,0.9992370295015258,231.13340999999735,4.301316336577966,0.0
231.43083199999705,1.8641562127162028,0.9992370295015258,231.3730619999974,3.913619412294625,0.011444557477110871
231.68195099999699,1.9975578385184232,0.9992370295015258,231.6241599999974,3.581153863791345,0.14191251271617494
231.9182059999969,2.0999820461613696,0.9992370295015258,231.86409699999737,3.3366054972834225,0.2596642929806714
232.1726509999969,2.1689848392943363,0.9992370295015258,232.1140379999974,3.183816912173731,0.33799593082400814
232.41778699999693,2.216049417200188,0.9992370295015258,232.36900899999745,3.107735862631393,0.390217022719566
232.66646699999686,2.2624815327624144,0.9992370295015258,232.60795199999743,3.0839568049067494,0.4068328246863343
232.9084049999968,2.3274973521737947,0.9885554425228891,232.85602999999747,3.0772637652110735,0.4151407256697185
233.17033399999684,2.4245777189512303,0.9351475076297049,233.10353699999737,3.0446772013328998,0.44243811461512383
233.4067439999969,2.5579666472970177,0.8588504577822991,233.35208099999738,2.9485473732406846,0.5124618514750762
233.64917199999695,2.7183536352663933,0.7201593760596813,233.61397599999742,2.7753776837871524,0.6703119701593762
233.89772599999688,2.8805121199256662,0.571804001356392,233.85513999999736,2.5533027745606693,0.8619023397761952
234.1451479999969,3.0147209793894083,0.4661749745676501,234.09150599999725,2.343052487141211,0.9771108850457781
234.39109299999697,3.1029509531655863,0.3937775517124449,234.3494569999971,2.2073972479392117,0.9992370295015258
234.651555999997,3.14286771388418,0.36766700576466593,234.60688099999714,2.18371912903281,0.9992370295015258
234.88811199999688,3.153910257128876,0.35817226178365547,234.84044499999717,2.26505595454256,0.9992370295015258
235.14255199999675,3.1716001211039937,0.345116988809766,235.08377699999724,2.3959169885446445,0.9511698880976601
235.38714899999684,3.226685801927119,0.31425907087148186,235.33114399999727,2.499742685095347,0.8939471007121057
235.63004299999682,3.3155598236991226,0.27034587995930826,235.59112399999722,2.523602268011682,0.8817395727365208
235.87749699999668,3.3926216321955125,0.23592743302814512,235.8331889999973,2.4602246083012544,0.9099694811800609
236.12707299999664,3.4015571751549256,0.22643268904713465,236.0774969999973,2.334426399622239,0.9832146490335706
236.38394399999663,3.314348777499656,0.27271956595456087,236.3228019999972,2.182209824172114,0.9992370295015258
236.6273799999966,3.141743179152564,0.36766700576466593,236.56446699999734,2.0362892918122912,0.9992370295015258
236.8679829999967,2.9220082512331644,0.5350118684299763,236.83547599999736,1.9174796800201515,0.9992370295015258
237.10700599999666,2.701011027726078,0.7320278060359444,237.09126499999735,1.8324567247090966,0.9992370295015258
237.35375099999655,2.517778516513523,0.884028484231943,237.32620899999736,1.77574855590133,0.9992370295015258
237.6072659999965,2.3966633576338365,0.9504069175991862,237.55194299999738,1.7339654214042897,0.9992370295015258
237.86289799999642,2.3442355476827554,0.9771108850457781,237.80140199999738,1.6967372232795819,0.9992370295015258
238.10417799999638,2.35081342049467,0.974059003051882,238.05187399999738,1.6670933334476643,0.9992370295015258
238.34917699999633,2.393821404360604,0.9526958290946083,238.29898199999732,1.6606913060192405,0.9992370295015258
238.59671999999628,2.4486488389050862,0.9168362156663276,238.55632399999735,1.6933414788516796,0.9992370295015258
238.8441439999962,2.4988165846611827,0.8939471007121057,238.8097459999973,1.7645149337779096,0.9992370295015258
239.09471999999622,2.5367230086943575,0.8748728382502543,239.04885199999728,1.8442828244754401,0.9992370295015258
239.34064399999625,2.569360632269542,0.8495252628009494,239.29145999999727,1.8912433120552177,0.9992370295015258
239.58665099999627,2.6232956013948256,0.7961173279077653,239.56255699999727,1.8843324321739359,0.9992370295015258
239.8375059999962,2.724188188260913,0.7177856900644286,239.79462499999727,1.8289233659028536,0.9992370295015258
240.08339399999616,2.872573879866433,0.5777382163445235,240.0449459999972,1.7445191952191874,0.9992370295015258
240.33139199999616,3.0490423911549094,0.4376907426246185,240.27592999999732,1.6537286679402383,0.9992370295015258
240.57364299999625,3.2345903796776208,0.3059511698880976,240.5293729999973,1.5716411269228137,0.9992370295015258
240.83779299999605,3.413707801758429,0.21456425907087143,240.77479999999719,1.502964753178087,0.9992370295015258
241.07670299999603,3.5689979354762156,0.14420142421159715,241.02627399999716,1.4462606351463838,0.9992370295015258
241.31776699999608,3.6733117173277536,0.1007121057985758,241.29974999999718,1.3994352819666236,0.9992370295015258
241.56628499999601,3.701436309859274,0.08926754832146493,241.53575699999712,1.3624578358686426,0.9992370295015258
241.82314199999607,3.6439343898310335,0.11215666327568667,241.75872699999712,1.3387806590168347,0.9992370295015258
242.0632299999962,3.5087995791725515,0.16946422516107157,242.01761699999705,1.3323381554723948,0.9992370295015258
242.31112399999637,3.3164004951494883,0.27034587995930826,242.2715889999971,1.3461635785927606,0.9992370295015258
242.55398199999635,3.089050348657682,0.40208545269582907,242.510372999997,1.3767092897309565,0.9992370295015258
242.80152699999638,2.844160490590407,0.6109698202780603,242.75324799999694,1.4136980652317095,0.9992370295015258
243.05398599999637,2.601455664749529,0.8174805018650391,243.00681699999691,1.445988978774436,0.9992370295015258
243.29589399999634,2.3932193643422517,0.9534587995930823,243.25912199999695,1.4668970707075004,0.9992370295015258
243.54553599999633,2.2526346688802805,0.9992370295015258,243.51073299999686,1.4772194355484407,0.9992370295015258
243.79471999999637,2.1989776232901255,0.9992370295015258,243.745035999997,1.490855135643745,0.9992370295015258
244.05658199999624,2.238872634761631,0.9992370295015258,243.9924859999969,1.5242454795201161,0.9992370295015258
244.28698799999617,2.3701984836093386,0.9649033570701933,244.2378929999967,1.585581009502801,0.9992370295015258
244.53050199999626,2.5795591631125268,0.840030518819939,244.50671699999666,1.6738646427532284,0.9992370295015258
244.78288399999627,2.844687601394169,0.6109698202780603,244.7282979999967,1.778966685498244,0.9992370295015258
245.03150899999625,3.132701498693776,0.37360122075279756,244.98018299999669,1.8874163360369696,0.9992370295015258
245.27402899999626,3.3936200151853777,0.23592743302814512,245.25261499999655,1.9844256762121608,0.9992370295015258
245.5219479999962,3.56932569506938,0.14420142421159715,245.47435199999654,2.0528843379511765,0.9992370295015258
245.78196699999617,3.6217468963015023,0.12054933875890132,245.72225899999663,2.0742049462950876,0.9992370295015258
246.02285599999607,3.55182308127785,0.14725330620549337,245.9642909999966,2.0356148422826252,0.9992370295015258
246.28192799999604,3.3933923412347533,0.23592743302814512,246.21218799999653,1.9411012971789954,0.9992370295015258
246.51873599999607,3.1929743936917427,0.3320617158358765,246.46524499999646,1.8113724999875143,0.9992370295015258
246.7713029999961,2.987360005978317,0.4875381485249237,246.7157359999964,1.6741539396577587,0.9992370295015258
247.02176999999602,2.795110607570124,0.6501356391997288,246.95700699999637,1.5531649949068718,0.9992370295015258
247.28414799999598,2.622067022673001,0.7984910139030181,247.2040279999963,1.462382789787991,0.9992370295015258
247.5057689999958,2.4724938942624197,0.9061546286876907,247.4488659999963,1.4057520383505477,0.9992370295015258
247.75267399999578,2.3520064508020204,0.974059003051882,247.7148359999962,1.377474021841385,0.9992370295015258
248.00166099999578,2.2633975484658015,0.9992370295015258,247.95254199999616,1.3621853198131975,0.9992370295015258
248.24876699999564,2.2044498390788743,0.9992370295015258,248.19736499999613,1.341851448069662,0.9992370295015258
248.51323299999547,2.170007389306809,0.9992370295015258,248.45662299999603,1.3053839399372817,0.9992370295015258
248.74228599999543,2.153874830822141,0.9992370295015258,248.6896929999961,1.2536247093406319,0.9992370295015258
248.99163999999544,2.148285426197786,0.9992370295015258,248.93610699999616,1.2042294001696798,0.9992370295015258
249.23656199999536,2.1466762649109232,0.9992370295015258,249.18660599999603,1.1937997694176095,0.9992370295015258
249.4881569999953,2.1408213289612736,0.9992370295015258,249.44064199999607,1.2745369872016121,0.9992370295015258
249.73595199999525,2.1149416142225768,0.9992370295015258,249.70560899999612,1.495538942839595,0.9992370295015258
249.97758199999524,2.0488424790156303,0.9992370295015258,249.9339629999962,1.8640692031752875,0.9992370295015258
250.22594199999537,1.9323342160770216,0.9992370295015258,250.1724509999962,2.3156740287133766,0.9938962360122074
250.47350399999536,1.7756960453879482,0.9992370295015258,250.44243399999635,2.7362800752404235,0.7035435740929129
250.72188699999538,1.6018830227298615,0.9992370295015258,250.68049499999634,3.0196145376917594,0.4649881315700237
250.96993599999533,1.433276529839501,0.9992370295015258,250.92982599999635,3.115436744229957,0.38546965072906075
251.2133679999952,1.286556498457889,0.9992370295015258,251.17787599999636,3.036825630953927,0.44718548660562907
251.4638299999952,1.170792375929735,0.9992370295015258,251.4193409999962,2.8389395515191933,0.6169040352661919
251.71936299999513,1.0877212149843352,0.9992370295015258,251.67683799999617,2.595639515084563,0.821041030857918
251.95842399999518,1.0342092272764898,0.9992370295015258,251.90582799999606,2.3768476576414206,0.961851475076297
252.2041269999952,1.008355483640896,0.9992370295015258,252.18473899999609,2.2247755826005133,0.9992370295015258
252.4566739999951,1.0128970257780534,0.9992370295015258,252.40512199999606,2.1453446499873614,0.9992370295015258
252.72301399999515,1.0541317673492194,0.9992370295015258,252.653665999996,2.1218528342075644,0.9992370295015258
252.95106599999525,1.1359807196472644,0.9992370295015258,252.92123699999593,2.1347582761515222,0.9992370295015258
253.20223999999527,1.2529072427958732,0.9992370295015258,253.15028999999575,2.171379228928992,0.9992370295015258
253.44859599999535,1.3835585202985345,0.9992370295015258,253.3974789999957,2.2267488601195042,0.9992370295015258
253.69099099999534,1.4988943001555137,0.9992370295015258,253.64090199999575,2.2982122980087523,0.9977110885045777
253.93805599999516,1.5801823043696128,0.9992370295015258,253.8879199999958,2.3782121117776445,0.9610885045778229
254.19291299999512,1.6261408514806435,0.9992370295015258,254.14085699999583,2.4466545358558607,0.9183621566632756
254.43775899999505,1.6463347375222224,0.9992370295015258,254.40631299999578,2.4815802271912806,0.9015768056968463
254.68530299999497,1.6519473218698855,0.9992370295015258,254.6367679999958,2.4742291494668884,0.9053916581892166
254.9318999999949,1.6527795103623826,0.9992370295015258,254.90563499999578,2.4279412616830034,0.9351475076297049
255.17879899999477,1.6567226004225823,0.9992370295015258,255.12947999999568,2.3491977364081746,0.9748219735503559
255.42763199999473,1.6689284055342606,0.9992370295015258,255.37607799999563,2.2513418705165504,0.9992370295015258
255.67678799999487,1.6917509562561488,0.9992370295015258,255.6226159999956,2.15986726521748,0.9992370295015258
255.9196989999949,1.7237356925197618,0.9992370295015258,255.87745799999573,2.1048410457755793,0.9992370295015258
256.18207699999493,1.759985766799684,0.9992370295015258,256.1129039999957,2.1075048059997457,0.9992370295015258
256.4216079999949,1.7939957083186455,0.9992370295015258,256.3703149999956,2.179302675401781,0.9992370295015258
256.66205299999484,1.8168218567532977,0.9992370295015258,256.63422499999564,2.3175171557836025,0.9931332655137334
256.9191109999947,1.8221577955127088,0.9992370295015258,256.85860399999564,2.49368761993353,0.8962360122075279
257.1898389999947,1.8131609268506526,0.9992370295015258,257.1041869999957,2.6536514245695373,0.767633095964734
257.40112199999464,1.8015104261916284,0.9992370295015258,257.3560939999957,2.743858005047617,0.7011698880976602
257.6570209999946,1.803343065192817,0.9992370295015258,257.6034929999957,2.747647206738569,0.6976093591047814
257.9030179999946,1.8362039857124426,0.9992370295015258,257.86068999999554,2.684214105500893,0.7403357070193286
258.15150399999453,1.9129086624831864,0.9992370295015258,258.09980699999556,2.582785930932876,0.8388436758223128
258.39648499999447,2.039341012249288,0.9992370295015258,258.34823399999556,2.4696758878738128,0.9069175991861648
258.6437089999944,2.209446927732179,0.9992370295015258,258.59577599999545,2.365827907677587,0.9671922685656155
258.8947579999943,2.406420645597003,0.9450661241098677,258.8412309999954,2.28880635657152,0.9992370295015258
259.13348599999426,2.6027044149380476,0.8174805018650391,259.1110379999953,2.2509109814297292,0.9992370295015258
259.3925909999944,2.770530724075183,0.6714988131570024,259.33266799999535,2.2515099114954173,0.9992370295015258
259.6396349999944,2.887653321828799,0.5646829433706341,259.5880839999953,2.2702950072257457,0.9992370295015258
259.87905899999436,2.944436286576492,0.5136486944727026,259.85115399999546,2.2716524898529946,0.9992370295015258
260.13248899999434,2.943053530402861,0.5172092234655816,260.08068899999546,2.2277475926063808,0.9992370295015258
260.37685799999434,2.8951421049200543,0.5634961003730078,260.3332279999955,2.1366388764823157,0.9992370295015258
260.6218459999943,2.814635959725345,0.6335198372329603,260.5752259999955,2.017668958720751,0.9992370295015258
260.87080399999417,2.710403058229715,0.722533062054934,260.82846199999545,1.8956460512575803,0.9992370295015258
261.1183949999942,2.5857394577937534,0.8305357748389285,261.0731239999954,1.7876418229080868,0.9992370295015258
261.36984299999415,2.4405905631407094,0.9259918616480162,261.31425099999547,1.698909749686221,0.9992370295015258
261.61238999999426,2.2771511054725315,0.9992370295015258,261.5637979999954,1.6268298969229424,0.9992370295015258
261.86401099999426,2.1016289758565208,0.9992370295015258,261.81114699999546,1.5652320013542838,0.9992370295015258
262.1249929999942,1.9244874789002795,0.9992370295015258,262.0657449999955,1.50750829588423,0.9992370295015258
262.3640529999943,1.757859652134559,0.9992370295015258,262.30355099999554,1.4524468141110773,0.9992370295015258
262.60491999999437,1.6154135315132387,0.9992370295015258,262.55303999999546,1.4083903178079304,0.9992370295015258
262.8530409999944,1.5145344326674268,0.9992370295015258,262.8045279999956,1.391433195463751,0.9992370295015258
263.0987649999944,1.4705228932769046,0.9992370295015258,263.05154699999565,1.4178083383718691,0.9992370295015258
263.347826999994,1.487315414820971,0.9992370295015258,263.3009099999956,1.495630513542383,0.9992370295015258
263.5947429999941,1.5481732803461792,0.9992370295015258,263.5418939999956,1.6209979192071293,0.9992370295015258
263.857605999994,1.6196320762940593,0.9992370295015258,263.79400899999564,1.777729902185678,0.9992370295015258
264.086134999994,1.6752893334477936,0.9992370295015258,264.0509239999957,1.9434489845915532,0.9992370295015258
264.3331899999942,1.7126890616025459,0.9992370295015258,264.30834699999565,2.097614816029737,0.9992370295015258
264.5772599999942,1.7454380705499033,0.9992370295015258,264.5388049999958,2.2243006565548686,0.9992370295015258
264.83095999999455,1.78995975496268,0.9992370295015258,264.78276899999605,2.3181366728214146,0.9931332655137334
265.07088799999457,1.855829841960145,0.9992370295015258,265.029738999996,2.393872771588245,0.9526958290946083
265.32329799999474,1.9396104886540062,0.9992370295015258,265.28640999999607,2.483755549571225,0.9015768056968463
265.56989999999485,2.0239423806997867,0.9992370295015258,265.524006999996,2.6121345107170826,0.8079857578840286
265.8199019999947,2.0846800157598038,0.9992370295015258,265.77797399999616,2.76591811296228,0.6750593421498814
266.06437899999474,2.110121546660433,0.9992370295015258,266.03534399999626,2.8945814737275404,0.5646829433706341
266.31941799999476,2.114752568276821,0.9992370295015258,266.27440399999625,2.9476362034997026,0.5124618514750762
266.5687719999948,2.1281271674132864,0.9992370295015258,266.5208189999961,2.9025089061002634,0.55637504238725
266.80927999999466,2.171489564755619,0.9992370295015258,266.769272999996,2.764853861946949,0.6750593421498814
267.0662789999948,2.244650444606826,0.9992370295015258,267.0233069999962,2.558564951162488,0.8588504577822991
267.3043319999948,2.332249212825385,0.9847405900305187,267.257157999996,2.316002016060431,0.9938962360122074
267.5526769999951,2.414591325621288,0.9397253306205493,267.53225899999626,2.067654290919953,0.9992370295015258
267.7990879999949,2.482501553995747,0.9015768056968463,267.75063499999635,1.8382849356809206,0.9992370295015258
268.0530849999945,2.5427186897445617,0.871057985757884,267.9996319999962,1.6452952410368549,0.9992370295015258
268.29525199999443,2.609973920067016,0.8115462868769076,268.25514099999634,1.496083672530114,0.9992370295015258
268.5461869999943,2.6935527113816042,0.7355883350288234,268.52685799999614,1.3886883259743188,0.9992370295015258
268.78854399999415,2.788096822345299,0.6548830111902341,268.7486509999962,1.3156099475755554,0.9992370295015258
269.0511089999942,2.86615159908956,0.594354018311292,268.9986309999964,1.2646629214800749,0.9992370295015258
269.2918369999943,2.902549300909559,0.55637504238725,269.23169999999635,1.223715516334379,0.9992370295015258
269.5398639999942,2.8990060139920635,0.5599355713801288,269.50097699999645,1.184894748871159,0.9992370295015258
269.7832379999944,2.8868009933172205,0.5646829433706341,269.73837099999645,1.145993058850605,0.9992370295015258
270.0232119999945,2.90450251211214,0.5540013563919973,269.9885949999966,1.10870340302837,0.9992370295015258
270.2918079999944,2.980437604343952,0.4946592065106816,270.2297439999966,1.077785858451245,0.9992370295015258
270.52869299999435,3.1175145605522783,0.383095964733808,270.4711469999967,1.05931045877761,0.9992370295015258
270.7700349999943,3.2869499197288534,0.2834011529331977,270.7516179999966,1.0597761433746047,0.9992370295015258
271.01973899999444,3.4398327769916044,0.19438792811122413,270.9739689999969,1.0833426017411623,0.9992370295015258
271.2628359999944,3.537093618521679,0.1528484231943031,271.23149699999686,1.132546158653852,0.9992370295015258
271.5296819999947,3.5665408145047937,0.14420142421159715,271.4810969999968,1.2037273744759371,0.9992370295015258
271.7716579999945,3.5428186051152784,0.1504747371990505,271.7200639999968,1.281616382433219,0.9992370295015258
272.00517399999455,3.4967265237363483,0.1742115971515768,272.0041649999968,1.3461328896194646,0.9992370295015258
272.25779299999476,3.4597279045653155,0.1860800271278399,272.221691999997,1.3866576260526164,0.9992370295015258
272.5027199999949,3.4543255287280683,0.1884537131230925,272.451034999997,1.4068259805885006,0.9992370295015258
272.7527109999948,3.492178120909872,0.17539844014920306,272.70163799999693,1.418464500895263,0.9992370295015258
272.99770599999493,3.5687369950254286,0.14420142421159715,272.9574189999971,1.4352541714767972,0.9992370295015258
273.2482259999951,3.6599057706795723,0.10681586978636824,273.2108239999973,1.46502967471723,0.9992370295015258
273.50219999999524,3.7307584647525394,0.07858596134282807,273.4518009999973,1.5083578564769822,0.9992370295015258
273.743314999995,3.7523190284025434,0.0686673448626653,273.6938509999972,1.5623259277169304,0.9992370295015258
273.99323599999485,3.711227552060649,0.0831637843336724,273.9367629999973,1.6276082825089602,0.9992370295015258
274.23666599999484,3.61569089080675,0.12207527975584943,274.1892949999973,1.7094354874724584,0.9992370295015258
274.4857619999948,3.488951925894119,0.17895896914208204,274.42594099999735,1.8131461273913168,0.9992370295015258
274.750593999995,3.3571419432147325,0.25016954899966093,274.6878739999975,1.936506742359898,0.9992370295015258
274.9852889999948,3.239505745401004,0.3047643268904714,274.96141899999753,2.0647841821735433,0.9992370295015258
275.2241319999949,3.145145590973134,0.36648016276703965,275.19995599999766,2.1779179059577083,0.9992370295015258
275.4821079999945,3.0759546461750578,0.4163275686673449,275.4210029999975,2.262089615217071,0.9992370295015258
275.7220959999947,3.029994712636012,0.4519328585961343,275.6699559999977,2.3164725164368107,0.9938962360122074
275.9689899999946,3.009551767408977,0.4685486605629028,275.9221079999976,2.3520609019120617,0.974059003051882
276.2180679999947,3.0215244083533683,0.46261444557477116,276.1627939999975,2.389870210384089,0.9565106815869786
276.46704699999447,3.05960638126077,0.431756527636487,276.4186829999975,2.4502097298194494,0.9153102746693794
276.71662499999456,3.099969738322167,0.3949643947100712,276.6694869999974,2.53574197235365,0.8748728382502543
276.9604639999945,3.1107934487149493,0.386656493726687,276.9410929999974,2.6230901804042386,0.7961173279077653
277.20806799999434,3.069566364298745,0.4198880976602237,277.2105899999975,2.6700950853549,0.753390979993218
277.45660299999423,2.9681081039787807,0.5005934214988133,277.43043099999767,2.6405548795755163,0.779501525940997
277.70350499999415,2.817323363305096,0.6335198372329603,277.66254199999776,2.5235525909951515,0.8817395727365208
277.955920999994,2.6435647567947997,0.7771278399457444,277.8970519999977,2.342272667545445,0.9771108850457781
278.2004029999942,2.4797744649593825,0.9031027466937944,278.14562299999756,2.1412352696780936,0.9992370295015258
278.4474219999941,2.352508588226342,0.974059003051882,278.4014639999976,1.964086909453618,0.9992370295015258
278.6994359999936,2.274976134605131,0.9992370295015258,278.6414319999976,1.840442018257186,0.9992370295015258
278.9466099999935,2.250815727584622,0.9992370295015258,278.8955219999975,1.7835934259038502,0.9992370295015258
279.2100869999937,2.280892540362062,0.9992370295015258,279.1328039999977,1.7948152970598554,0.9992370295015258
279.4354349999938,2.3663929255254703,0.9671922685656155,279.39275399999775,1.8686901862727052,0.9992370295015258
279.6929849999937,2.5070489649933014,0.8901322482197355,279.6547759999976,1.9916225417999152,0.9992370295015258
279.9321419999936,2.6970132410989986,0.7355883350288234,279.88484199999743,2.1365876953905354,0.9992370295015258
280.1827319999938,2.917347875646521,0.5409460834181079,280.1447319999975,2.2674312535894563,0.9992370295015258
280.42411399999384,3.136826843499538,0.3712275347575449,280.3795559999973,2.35485122160239,0.974059003051882
280.67976599999395,3.319658995778246,0.26915903696168186,280.63939699999725,2.3885878799316265,0.9565106815869786
280.9212979999939,3.4351882046023494,0.1979484571041031,280.8919349999972,2.3760209071457328,0.961851475076297
281.1741299999937,3.4648750269397195,0.18489318413021366,281.12656499999713,2.333992274731756,0.9839776195320447
281.4111629999936,3.414930934542202,0.21337741607324517,281.37251299999707,2.282730575997146,0.9992370295015258
281.6652159999938,3.318465092523043,0.27034587995930826,281.6224819999971,2.2413053203909405,0.9992370295015258
281.9271299999937,3.2155698538355635,0.3201932858596135,281.8592819999972,2.2219866887716906,0.9992370295015258
282.1544519999935,3.126902578377855,0.3783485927433028,282.13404599999757,2.2313171069717135,0.9992370295015258
282.42896299999336,3.0541244907707217,0.4353170566293658,282.3789169999975,2.2687709896160366,0.9992370295015258
282.65377199999335,2.9861071613798957,0.48872499152255,282.73000199999746,2.3239406450684834,0.9908443540183112
282.90063799999325,2.910091747668242,0.5480671414038657,282.9713469999977,2.37439234369094,0.962614445574771
283.14380999999327,2.820141737178085,0.6275856222448288,283.27879399999784,2.390633159742584,0.9557477110885044
283.394165999993,2.721013847046002,0.7177856900644286,283.5588039999981,2.3526531742805528,0.974059003051882
283.64177299999307,2.626087594490874,0.7937436419125129,283.79088199999853,2.265970254283561,0.9992370295015258
283.89171699999304,2.55465160762616,0.8611393692777212,283.968975999999,2.155739061024576,0.9992370295015258
284.145022999993,2.536684180677537,0.8748728382502543,284.2604129999991,2.054498139301806,0.9992370295015258
284.38313299999305,2.608019301625394,0.8127331298745338,284.59253899999953,1.995762902675553,0.9992370295015258
284.6341659999932,2.7724442597099523,0.6703119701593762,284.7724979999998,2.012882841534734,0.9992370295015258
284.876592999993,2.9648841860894506,0.5017802644964395,284.9779340000004,2.128556438063362,0.9992370295015258
285.12358499999317,3.0945320716720803,0.4008986096982028,285.19792300000086,2.348788333338244,0.9748219735503559
285.3785759999933,3.116662808475301,0.38546965072906075,285.435943000001,2.653806422662611,0.767633095964734
285.6230469999934,3.0358254555807807,0.44718548660562907,285.7161930000008,2.9888017599723256,0.48516446252967105
285.8680279999934,2.8781248507759027,0.571804001356392,285.952584000001,3.2688531117845905,0.2917090539165819
286.11695799999336,2.674359368983196,0.7522041369955917,286.2471360000009,3.4174374979960973,0.21337741607324517
286.37350899999353,2.450755323028,0.9153102746693794,286.478530000001,3.4111412237751866,0.2181247880637504
286.6068909999935,2.223868392245169,0.9992370295015258,286.8971650000012,3.28113854344303,0.2869616819260766
286.87477299999347,2.0018181231422707,0.9992370295015258,287.0212130000011,3.08244041388079,0.40920651068158687
287.10429299999356,1.7896911001903177,0.9992370295015258,287.2386610000015,2.8722956515840865,0.5777382163445235
287.3497219999935,1.5935532830166443,0.9992370295015258,287.4536420000018,2.710417742976204,0.722533062054934
287.60561399999335,1.422515158513459,0.9992370295015258,287.6493080000021,2.6467885378148615,0.7771278399457444
287.8517009999931,1.2882270691618993,0.9992370295015258,287.8538720000022,2.6842562203354103,0.7403357070193286
288.09458399999323,1.2045961155856895,0.9992370295015258,288.1624860000024,2.784395588084199,0.6620040691759919
288.3410189999935,1.184957875184415,0.9992370295015258,288.3864370000024,2.905374714828112,0.5540013563919973
288.5895559999935,1.238382644434193,0.9992370295015258,288.66037700000237,3.020369283667129,0.46380128857239733
288.8461429999934,1.3629506572090115,0.9992370295015258,288.9260650000023,3.118095541157717,0.383095964733808
289.08095899999324,1.5400001759366373,0.9992370295015258,289.1723550000024,3.1987404893616853,0.32968802984062395
289.3404739999931,1.7363870526442384,0.9992370295015258,289.3818790000027,3.2699270803286473,0.2893353679213293
289.586076999993,1.9145919828334659,0.9992370295015258,289.62187300000255,3.343451568990183,0.258477449983045
289.8243829999928,2.0413657170394046,0.9992370295015258,289.92475700000244,3.4315595744768714,0.19913530010172936
290.0868029999929,2.099398211856206,0.9992370295015258,290.04919600000255,3.534672668860323,0.1528484231943031
290.33034999999296,2.094107604041283,0.9992370295015258,290.2791720000026,3.6197979512078557,0.12131230925737534
290.569302999993,2.054045646442905,0.9992370295015258,290.54369000000264,3.6310353683885737,0.1174974567650051
290.81644999999304,2.0163017274310215,0.9992370295015258,290.7757370000027,3.5449533761421055,0.1504747371990505
291.0615619999931,2.0082743594759407,0.9992370295015258,291.04074300000235,3.375967950453857,0.24304849101390297
291.31667599999304,2.040391274881441,0.9992370295015258,291.2726470000023,3.153844035126963,0.35817226178365547
291.56351799999317,2.1156875006653655,0.9992370295015258,291.54924600000203,2.9161216868546673,0.5421329264157341
291.805913999993,2.233309199112716,0.9992370295015258,291.826035000002,2.6982701906276763,0.7344014920311971
292.060407999993,2.384011745773838,0.9595625635808748,292.065525000002,2.522877076546809,0.8825025432349948
292.3075099999931,2.5482751986553067,0.8672431332655137,292.2630630000022,2.3949327712288775,0.9526958290946083
292.55325799999304,2.7066075408593755,0.7296541200406917,292.5811240000021,2.3118769292736414,0.9938962360122074
292.80233499999304,2.8487616537492406,0.6062224482875551,292.8061620000022,2.271581551064237,0.9992370295015258
293.0476259999929,2.9819771975504366,0.4910986775178027,293.14300600000234,2.274836680364431,0.9992370295015258
293.2932519999931,3.1101783338549915,0.38903017972193965,293.3725570000023,2.3234961471006454,0.9908443540183112
293.54511499999325,3.2167782231149267,0.3201932858596135,293.63655600000243,2.4208164704819635,0.936673448626653
293.78307599999334,3.2622378435284163,0.29289589691420814,293.86600700000275,2.5626137763264905,0.8557985757884028
294.03601099999344,3.213054484353031,0.3237538148524923,294.04194300000313,2.7220567587612923,0.7177856900644286
294.2749479999935,3.0669867321629605,0.4234486266531028,294.29131100000313,2.853972275247148,0.6014750762970499
294.5433689999936,2.852308454849308,0.6038487622923024,294.54121100000316,2.9229097472022536,0.5338250254323499
294.76924999999363,2.608684179360594,0.8115462868769076,294.74679900000325,2.9183710289834903,0.5409460834181079
295.0213609999937,2.3702958352591885,0.9649033570701933,295.00784000000334,2.84972530246518,0.6050356052899288
295.26777599999366,2.1602016711361243,0.9992370295015258,295.25306100000336,2.7375874862185277,0.7035435740929129
295.51371599999356,1.9939439899481874,0.9992370295015258,295.4764540000036,2.607675457635434,0.8127331298745338
295.7617299999936,1.8819103377314463,0.9992370295015258,295.72158700000386,2.4798421354163085,0.9031027466937944
296.02037399999335,1.8326696343399604,0.9992370295015258,295.97639400000395,2.3619863147750046,0.9694811800610376
296.2543149999933,1.848266652383386,0.9992370295015258,296.2370960000039,2.2491788599393066,0.9992370295015258
296.5043279999932,1.9156469979907498,0.9992370295015258,296.4655710000037,2.1312425749593173,0.9992370295015258
296.74964099999323,2.0059958294142177,0.9992370295015258,296.72294900000355,2.0006242170789275,0.9992370295015258
296.99390099999323,2.087686811351848,0.9992370295015258,296.98923700000375,1.8547537327020724,0.9992370295015258
297.2473849999933,2.138413803614004,0.9992370295015258,297.21420100000364,1.697708476548031,0.9992370295015258
297.4938079999933,2.1508331798168756,0.9992370295015258,297.4581700000038,1.540495692576056,0.9992370295015258
297.7581539999932,2.1305764660926605,0.9992370295015258,297.7067490000038,1.3981311860682617,0.9992370295015258
297.99618899999336,2.0896346623656563,0.9992370295015258,297.9547820000038,1.2834900334531614,0.9992370295015258
298.23811599999357,2.043102735554871,0.9992370295015258,298.21068500000354,1.2037846578161262,0.9992370295015258
298.4911219999935,2.007831365130987,0.9992370295015258,298.45392300000367,1.160098744349037,0.9992370295015258
298.73454499999315,1.9974242311192492,0.9992370295015258,298.71132000000375,1.1508187629709692,0.9992370295015258
298.9778559999933,2.017461722773541,0.9992370295015258,298.96737800000375,1.1782547028688066,0.9992370295015258
299.2264069999933,2.056665077841223,0.9992370295015258,299.19977200000386,1.2465288469030629,0.9992370295015258
299.4744779999933,2.0888426293662947,0.9992370295015258,299.44632400000404,1.3545941423593266,0.9992370295015258
299.7310519999934,2.0912055566294607,0.9992370295015258,299.685196000004,1.4892110565293193,0.9992370295015258
300.00885499999345,2.060094364301608,0.9992370295015258,299.93168800000416,1.6287640454451568,0.9992370295015258
300.21930599999365,2.0109662194876776,0.9992370295015258,300.18575000000413,1.7540437766235653,0.9992370295015258
300.4603349999935,1.9728970311337242,0.9992370295015258,300.4285630000043,1.852574785566267,0.9992370295015258
300.7112639999934,1.9840814126184294,0.9992370295015258,300.6764930000044,1.9180964949864507,0.9992370295015258
300.97963099999356,2.0819530917722857,0.9992370295015258,300.9270870000044,1.948201708882189,0.9992370295015258
301.2122199999935,2.292151890576612,0.9992370295015258,301.17000300000444,1.944734203933273,0.9992370295015258
301.45748399999354,2.6083731445023948,0.8115462868769076,301.42428500000426,1.9151340707817792,0.9992370295015258
301.6982609999936,2.986351012773347,0.48872499152255,301.6628140000041,1.8733353438307365,0.9992370295015258
301.9510619999937,3.3667641071546646,0.24542217700915558,301.9127920000041,1.8300048297205125,0.9992370295015258
302.21108999999376,3.6874473936876044,0.09460834181078327,302.173862000004,1.7832634392759121,0.9992370295015258
302.4525779999937,3.8809587754522354,0.029755849440488282,302.41633800000403,1.724343722865458,0.9992370295015258
302.6929559999936,3.903083944546343,0.01525940996948119,302.655314000004,1.6488509424110893,0.9992370295015258
302.94640199999355,3.7536059102048736,0.0686673448626653,302.90125000000376,1.5555877143427073,0.9992370295015258
303.1875409999936,3.4773702929894625,0.1801458121397084,303.1521240000041,1.4466935080954881,0.9992370295015258
303.4368789999933,3.139659518051038,0.3688538487622923,303.4052210000041,1.328213721366198,0.9992370295015258
303.68558899999357,2.796195525255295,0.6501356391997288,303.64618400000427,1.2132021299207247,0.9992370295015258
303.9294749999933,2.483034373175181,0.9015768056968463,303.8901650000044,1.1210057127834883,0.9992370295015258
304.17685099999346,2.2165943896970406,0.9992370295015258,304.1466900000045,1.0715778426922473,0.9992370295015258
304.4223019999933,1.9998160448091848,0.9992370295015258,304.38335700000454,1.0788826193936123,0.9992370295015258
304.6818159999935,1.8291718391406406,0.9992370295015258,304.6358890000048,1.1490032025377623,0.9992370295015258
304.9182449999934,1.7008544321214276,0.9992370295015258,304.8832830000049,1.2781316452673623,0.9992370295015258
305.1696639999934,1.6136343276529006,0.9992370295015258,305.13487900000507,1.4503232047370358,0.9992370295015258
305.43221199999334,1.5679906944494344,0.9992370295015258,305.39322200000515,1.6374928846392125,0.9992370295015258
305.66492299999334,1.5636322924956079,0.9992370295015258,305.6224090000052,1.8061779812345606,0.9992370295015258
305.9107559999933,1.5950132842540727,0.9992370295015258,305.91847000000524,1.9306840497156028,0.9992370295015258
306.1581769999932,1.648189096055915,0.9992370295015258,306.12098700000536,2.008425731503312,0.9992370295015258
306.3982799999932,1.7067441405805177,0.9992370295015258,306.3675320000052,2.051843772459223,0.9992370295015258
306.65327599999335,1.7584777689074937,0.9992370295015258,306.61851600000523,2.0698665520399127,0.9992370295015258
306.9042389999936,1.7993534025227262,0.9992370295015258,306.85835000000543,2.060956407929192,0.9992370295015258
307.1507369999937,1.8321002686403438,0.9992370295015258,307.1068990000056,2.021398351045029,0.9992370295015258
307.40275799999375,1.8616671806445841,0.9992370295015258,307.38448500000555,1.9523346580517416,0.9992370295015258
307.64222799999396,1.8914791993718876,0.9992370295015258,307.6126880000057,1.8622478822259134,0.9992370295015258
307.89270599999406,1.9216345386192275,0.9992370295015258,307.8860660000057,1.7641420874772729,0.9992370295015258
308.13405699999396,1.954998141596446,0.9992370295015258,308.1026100000058,1.6714362913815894,0.9992370295015258
308.382676999994,2.002092210694661,0.9992370295015258,308.3476990000056,1.5971272750896595,0.9992370295015258
308.6366099999942,2.0749693378781786,0.9992370295015258,308.6134360000058,1.5520307992890312,0.9992370295015258
308.87744799999416,2.1785152237824486,0.9992370295015258,308.8419790000059,1.5439769909661518,0.9992370295015258
309.12256799999403,2.3085930329306965,0.9946592065106815,309.0967310000058,1.5769875300549963,0.9992370295015258
309.3744849999938,2.4535897213987994,0.9137843336724313,309.3383030000059,1.6517545677360879,0.9992370295015258
309.6189339999939,2.5951058153150957,0.821041030857918,309.6030640000059,1.7634673666042158,0.9992370295015258
309.8884159999939,2.7141622931896636,0.7213462190573076,309.843731000006,1.897525657739826,0.9992370295015258
310.11554599999397,2.7981452463688887,0.6489487962021024,310.082218000006,2.0281085802289844,0.9992370295015258
310.364368999994,2.845982915873515,0.6109698202780603,310.36811400000596,2.123295916947219,0.9992370295015258
310.61742999999404,2.867982563867234,0.594354018311292,310.57267700000614,2.159636481041939,0.9992370295015258
310.8595779999942,2.8778755291836613,0.571804001356392,310.854912000006,2.1380046825364802,0.9992370295015258
311.11000399999426,2.8845607160124525,0.5670566293658867,311.09347900000637,2.0785741485227165,0.9992370295015258
311.3591389999941,2.8892353657171537,0.5646829433706341,311.3533190000063,2.0054704226801534,0.9992370295015258
311.60400799999417,2.885570758087968,0.5670566293658867,311.5753710000063,1.9384921194189704,0.9992370295015258
311.85060499999423,2.8640095454177734,0.594354018311292,311.8113280000062,1.8924905782325843,0.9992370295015258
312.1030779999943,2.8161703809411227,0.6335198372329603,312.1224190000061,1.8769978244462837,0.9992370295015258
312.3475639999943,2.737075910063301,0.7035435740929129,312.356498000006,1.8946100514437354,0.9992370295015258
312.5936209999944,2.6291729521597036,0.7925567989148864,312.5604630000058,1.9363834942873415,0.9992370295015258
312.8457509999945,2.507827580636115,0.8901322482197355,312.8043580000058,1.9783372212354475,0.9992370295015258
313.0990429999945,2.389287121861537,0.9565106815869786,313.0563780000058,1.9884292915082924,0.9992370295015258
313.3421089999943,2.279434036208114,0.9992370295015258,313.30915200000584,1.9466729736653234,0.9992370295015258
313.5874669999943,2.174887644945713,0.9992370295015258,313.6345050000059,1.8576417815021875,0.9992370295015258
313.8265509999943,2.073724982740444,0.9992370295015258,313.8555030000059,1.740570422395794,0.9992370295015258
314.0818349999943,1.9758237071010238,0.9992370295015258,314.1111240000059,1.613805791157414,0.9992370295015258
314.33037499999426,1.88360890208588,0.9992370295015258,314.3499120000057,1.4900077315820641,0.9992370295015258
314.5783869999943,1.8025445101106832,0.9992370295015258,314.5470710000055,1.377840134040456,0.9992370295015258
314.8212489999943,1.7386160111871638,0.9992370295015258,314.7979690000056,1.283072537578503,0.9992370295015258
315.06964199999425,1.689693759724662,0.9992370295015258,315.03383700000563,1.2096257599250717,0.9992370295015258
315.32771199999416,1.6499300570236746,0.9992370295015258,315.28185600000563,1.1620356642195797,0.9992370295015258
315.560095999994,1.6148842994549844,0.9992370295015258,315.5287320000057,1.1468624503437104,0.9992370295015258
315.8207249999938,1.5844592255041217,0.9992370295015258,315.77825600000585,1.170530168130974,0.9992370295015258
316.05633799999396,1.5647238486382573,0.9992370295015258,316.0235440000058,1.2350625240610205,0.9992370295015258
316.307870999994,1.5682194952586055,0.9992370295015258,316.29465000000584,1.342038363123724,0.9992370295015258
316.5606559999941,1.6118939540178485,0.9992370295015258,316.5572920000059,1.5030031504743444,0.9992370295015258
316.797302999994,1.7098594341815292,0.9992370295015258,316.7785350000058,1.743582744653907,0.9992370295015258
317.0487879999938,1.8614666592392972,0.9992370295015258,317.0185230000061,2.0849321293734464,0.9992370295015258
317.30274499999376,2.045128927310308,0.9992370295015258,317.27289700000597,2.510580502280952,0.8901322482197355
317.5627429999939,2.214609006955742,0.9992370295015258,317.52517500000596,2.9660568845605475,0.5017802644964395
317.7907039999938,2.309923874673701,0.9946592065106815,317.76444100000623,3.384426941445912,0.24186164801627671
318.04332999999366,2.302371678836591,0.9969481180061037,318.05446500000613,3.699753335334537,0.08926754832146493
318.28719699999357,2.216824219434362,0.9992370295015258,318.25038200000597,3.859498614988032,0.037385554425228916
318.5360169999937,2.109557537846686,0.9992370295015258,318.5044460000058,3.845791010381224,0.03967446592065104
318.7786739999938,2.036847328365348,0.9992370295015258,318.748912000006,3.6862073437331224,0.09460834181078327
319.02750599999376,2.0317192743641015,0.9992370295015258,318.99747000000616,3.441438064963403,0.19320108511359788
319.2772539999937,2.092784380357885,0.9992370295015258,319.2499080000061,3.183862335451762,0.33799593082400814
319.5249279999936,2.184182200022688,0.9992370295015258,319.50311800000605,2.983307154365836,0.4899118345201763
319.770028999994,2.2576592850109996,0.9992370295015258,319.73500000000627,2.9027470826488946,0.55637504238725
320.0195089999939,2.2820185789037577,0.9992370295015258,319.99496300000646,2.996109283384067,0.4816039335367922
320.272871999994,2.2521583294947556,0.9992370295015258,320.2270400000066,3.3046653754580184,0.2739064089521872
320.5133109999941,2.182379853272202,0.9992370295015258,320.48307100000676,3.8423177592744375,0.04120040691759915
320.7719649999941,2.0978207038882495,0.9992370295015258,320.72147500000676,4.559930148442309,0.0
321.01236599999424,2.022203953375679,0.9992370295015258,320.9713340000066,5.337455933066634,0.0
321.26402899999414,1.9710703705015051,0.9992370295015258,321.2397920000067,6.024146444756787,0.0
321.4993409999944,1.9508798342912057,0.9992370295015258,321.46922500000665,6.489238555230296,0.0
321.7531739999941,1.9603137470914,0.9992370295015258,321.7187040000065,6.652865525567347,0.0
322.0014369999941,1.99364055955165,0.9992370295015258,321.96173800000673,6.4997668988703365,0.0
322.2438249999942,2.0421395282754444,0.9992370295015258,322.21270000000663,6.082672607524634,0.0
322.49186299999405,2.095793854682711,0.9992370295015258,322.47820200000666,5.497853255813806,0.0
322.7414029999942,2.1563658072233896,0.9992370295015258,322.70364900000664,4.854678749697056,0.0
322.98874699999425,2.2524764395359442,0.9992370295015258,322.96003700000654,4.251743018047118,0.0
323.23423499999427,2.44524244117443,0.9198880976602237,323.2021590000068,3.7610502462474935,0.06485249237029499
323.49389399999427,2.8032663334821937,0.6453882672092235,323.45161900000676,3.416449326290663,0.21337741607324517
323.7374359999943,3.3755794238337486,0.24304849101390297,323.69857100000684,3.206180447112095,0.32968802984062395
323.9779259999944,4.184112492987178,0.0,323.94515600000693,3.0867452001748226,0.40445913869108163
324.2257769999942,5.207797825368539,0.0,324.1952120000071,3.0152378633795878,0.4661749745676501
324.47595999999425,6.359367292705793,0.0,324.46270700000736,2.971046433417026,0.49821973550356047
324.7228689999942,7.482509414741653,0.0,324.6795640000073,2.964486767368391,0.5017802644964395
324.96959799999416,8.397380944561746,0.0,324.93547100000734,3.027818175452365,0.45430654459138686
325.21418699999407,8.967163593148516,0.0,325.19951800000706,3.194295016730409,0.3320617158358765
325.46451499999404,9.132328675834303,0.0,325.431433000007,3.457985315542758,0.1860800271278399
325.7165589999941,8.903861743390651,0.0,325.67022000000696,3.7538295395924726,0.0686673448626653
325.95604799999404,8.345919332573242,0.0,325.9246360000069,3.977554363727073,0.0
326.20687799999416,7.557687432889436,0.0,326.16820900000704,4.046402695263765,0.0
326.46490099999414,6.654704889268562,0.0,326.4182400000071,3.9483309355836735,0.0
326.7002349999942,5.751215726417483,0.0,326.6656730000071,3.7300714650489013,0.07858596134282807
326.95267599999426,4.933080950581026,0.0,326.91114900000696,3.455327040321373,0.1884537131230925
327.19883799999445,4.241352417410491,0.0,327.16418200000703,3.1808657690127653,0.34036961681926076
327.4481469999941,3.6880033227405704,0.09460834181078327,327.410902000007,2.94736412255979,0.5124618514750762
327.69313299999436,3.2698459861285647,0.2893353679213293,327.66986700000695,2.777073966878679,0.6691251271617498
327.93970099999444,2.9794669055118064,0.4946592065106816,327.90630000000687,2.677064128445861,0.7474567650050865
328.18771599999445,2.801125916705116,0.647761953204476,328.1563080000069,2.642019337430068,0.7783146829433707
328.4444759999945,2.709275897966967,0.7237199050525603,328.4053350000068,2.6586345409547927,0.7628857239742287
328.6792989999944,2.6689955680733357,0.7557646659884708,328.6402370000068,2.708331229706881,0.7284672770430656
328.9373689999945,2.6456846965087695,0.7771278399457444,328.9198820000067,2.7685798807259725,0.6726856561546287
329.1857409999943,2.623260309524814,0.7961173279077653,329.1437860000067,2.8196410109855634,0.6287724652424551
329.4276639999944,2.6070569093710967,0.8127331298745338,329.3869520000065,2.848205939968228,0.6062224482875551
329.6733439999944,2.619962822064058,0.8008646998982706,329.64590800000633,2.8474340747656783,0.6085961342828077
329.92025599999414,2.6884967295716073,0.7403357070193286,329.8853330000063,2.814643436446118,0.6335198372329603
330.167699999994,2.825565316727162,0.6263987792472024,330.14343600000643,2.746754670427194,0.6987962021024077
330.4147489999942,3.0141940667414224,0.4661749745676501,330.3833270000066,2.637784108635743,0.7830620549338759
330.6662179999942,3.215663530840124,0.3201932858596135,330.6357220000066,2.4872267803866177,0.9000508646998983
330.9106909999943,3.3827692863602374,0.24186164801627671,330.9002840000066,2.3129100448386986,0.9938962360122074
331.1606559999943,3.4759037440022253,0.1801458121397084,331.1356220000067,2.145841976182071,0.9992370295015258
331.4084119999944,3.476329738086479,0.1801458121397084,331.3727680000068,2.0195279946323037,0.9992370295015258
331.6608029999944,3.389459180728812,0.23592743302814512,331.6191390000065,1.9651576011424776,0.9992370295015258
331.91387499999445,3.2367527266688985,0.3047643268904714,331.8664370000066,2.0096023143152264,0.9992370295015258
332.1502629999945,3.0475402971843435,0.44006442861987116,332.1351690000067,2.1744820719199396,0.9992370295015258
332.39320099999435,2.859458315140821,0.5955408613089181,332.3627220000068,2.4630161252132385,0.9099694811800609
332.65626299999434,2.71862013402899,0.7201593760596813,332.61075000000665,2.8350727683421506,0.6180908782638183
332.9146259999944,2.6752330732036453,0.7510172939979656,332.85108000000685,3.199730171217153,0.32968802984062395
333.14337399999425,2.7703691331665947,0.6714988131570024,333.10721500000665,3.4622332913628235,0.18489318413021366
333.39806899999445,3.0082651999831986,0.47092234655815535,333.35475500000683,3.5799579709859826,0.14267548321464904
333.6314419999942,3.3346705796694223,0.2596642929806714,333.5983020000069,3.561998520274706,0.14649033570701928
333.87736299999415,3.6518126332020273,0.10910478128179045,333.84331000000697,3.446255994327131,0.1896405561207189
334.1299419999941,3.866602315943441,0.0328077314343845,334.08903000000697,3.274222327459806,0.2893353679213293
334.38669999999416,3.925945446686701,0.0045778229908443316,334.37131700000674,3.0780866356546395,0.4151407256697185
334.6291269999941,3.830209625620934,0.04654120040691758,334.5832460000071,2.8740074581016963,0.5765513733468972
334.8721909999943,3.6200516038048147,0.12131230925737534,334.83129700000717,2.675329251185772,0.7498304510003393
335.11907299999444,3.35701262451269,0.25016954899966093,335.08496100000724,2.49541241027875,0.8962360122075279
335.3671519999943,3.106988462042743,0.3914038657171922,335.3341240000073,2.34234026168454,0.9771108850457781
335.61404299999435,2.9176639717385546,0.5409460834181079,335.58106400000753,2.2231427917045528,0.9992370295015258
335.8645379999943,2.8017002150943937,0.647761953204476,335.82816000000753,2.1414866493244564,0.9992370295015258
336.1272249999943,2.731060030294939,0.7094777890810445,336.0808940000075,2.1033879261778994,0.9992370295015258
336.3617529999943,2.652092769152725,0.7688199389623602,336.31841200000764,2.1134543012323546,0.9992370295015258
336.6112439999944,2.5256028346958868,0.8809766022380467,336.5934360000077,2.1708898437185162,0.9992370295015258
336.85525699999454,2.3488198556163375,0.9748219735503559,336.81710700000764,2.266931299011735,0.9992370295015258
337.09811499999466,2.1423577215990712,0.9992370295015258,337.0619600000076,2.3847837634403826,0.9595625635808748
337.3444869999947,1.9291190692964255,0.9992370295015258,337.3066310000077,2.499236275384261,0.8939471007121057
337.5960429999946,1.7253231452056137,0.9992370295015258,337.55945200000775,2.574806000032839,0.8459647338080705
337.8408939999946,1.5402469626648978,0.9992370295015258,337.8018870000078,2.5799390068659713,0.840030518819939
338.0856809999946,1.3795311836113042,0.9992370295015258,338.0470660000078,2.5100219494361795,0.8901322482197355
338.33567499999464,1.247829992891899,0.9992370295015258,338.3011670000077,2.388310426400971,0.9565106815869786
338.5896709999948,1.1503592392088362,0.9992370295015258,338.54367300000786,2.250450803430022,0.9992370295015258
338.8347849999947,1.0899890759255075,0.9992370295015258,338.79056400000786,2.124291734130169,0.9992370295015258
339.0849529999945,1.0624132591716595,0.9992370295015258,339.04509900000807,2.0225717435272865,0.9992370295015258
339.3304149999945,1.0567727867124892,0.9992370295015258,339.2825340000082,1.9410248136332773,0.9992370295015258
339.5768399999946,1.0653090378321628,0.9992370295015258,339.53564500000834,1.869544200287991,0.9992370295015258
339.82007999999485,1.0898939357609336,0.9992370295015258,339.8051200000085,1.802475699527903,0.9992370295015258
340.0693809999948,1.1426808670061739,0.9992370295015258,340.0266030000085,1.7404552781199403,0.9992370295015258
340.31742999999466,1.2391825027760923,0.9992370295015258,340.2759340000083,1.6880919290648757,0.9992370295015258
340.5632229999946,1.3908301733492148,0.9992370295015258,340.5224630000084,1.6504345006215217,0.9992370295015258
340.8181769999944,1.600979432419128,0.9992370295015258,340.78221300000814,1.6334957140918485,0.9992370295015258
341.05959599999454,1.8545729839150233,0.9992370295015258,341.02263000000823,1.6426725547354715,0.9992370295015258
341.32119299999454,2.1099184097806396,0.9992370295015258,341.266012000008,1.6780438958766857,0.9992370295015258
341.5545119999947,2.306096357289716,0.9954221770091556,341.517431000008,1.7248546976883903,0.9992370295015258
341.8260939999946,2.3958130235458635,0.9511698880976601,341.76286300000794,1.7580599965664536,0.9992370295015258
342.05110499999466,2.372855539619278,0.9641403865717191,342.0110470000079,1.7570635315854188,0.9992370295015258
342.30003299999464,2.271239035587481,0.9992370295015258,342.25527500000794,1.7150616277486233,0.9992370295015258
342.5470569999946,2.1394473837818846,0.9992370295015258,342.50282100000817,1.6360926102394695,0.9992370295015258
342.7946089999947,2.0200407812223773,0.9992370295015258,342.751087000008,1.5304117538541633,0.9992370295015258
343.041081999995,1.9403867739675595,0.9992370295015258,343.00419800000776,1.4105477452177388,0.9992370295015258
343.2894449999951,1.9078301323483482,0.9992370295015258,343.25067500000796,1.2868455052662928,0.9992370295015258
343.53734899999523,1.9038848397637025,0.9992370295015258,343.4937170000082,1.167326243155238,0.9992370295015258
343.7999219999955,1.8884619127916886,0.9992370295015258,343.7506200000084,1.058474634060145,0.9992370295015258
344.03433099999546,1.826549180262611,0.9992370295015258,343.98698400000825,0.9660864784721791,0.9992370295015258
344.28848399999555,1.717707218737542,0.9992370295015258,344.262164000008,0.8951539337343862,0.9992370295015258
344.5267759999956,1.5903815596292576,0.9992370295015258,344.4897000000081,0.8508099546789385,0.9992370295015258
344.77822999999574,1.4744238835561123,0.9992370295015258,344.728520000008,0.8387865161167575,0.9992370295015258
345.0262889999956,1.3861177592121607,0.9992370295015258,344.9845230000079,0.8657389028885306,0.9992370295015258
345.2750139999952,1.328557396982836,0.9992370295015258,345.2276880000079,0.9375810984302554,0.9992370295015258
345.52168399999516,1.2957927440671806,0.9992370295015258,345.4735930000079,1.0533638902690439,0.9992370295015258
345.76788899999536,1.2799735774704846,0.9992370295015258,345.7188110000079,1.201292217010681,0.9992370295015258
346.01832099999547,1.2738378949014735,0.9992370295015258,345.9636020000079,1.3627626054937303,0.9992370295015258
346.2622689999955,1.2710941046850834,0.9992370295015258,346.2090710000077,1.5158900811974843,0.9992370295015258
346.5091939999959,1.26916082050682,0.9992370295015258,346.46265400000794,1.642504100833653,0.9992370295015258
346.7572339999961,1.2716104781129836,0.9992370295015258,346.70512800000824,1.7392122152927594,0.9992370295015258
347.0163429999961,1.2854312894333653,0.9992370295015258,346.9674680000084,1.8219823666350048,0.9992370295015258
347.2513619999962,1.3163524207055217,0.9992370295015258,347.2049670000084,1.9161481949025472,0.9992370295015258
347.50516499999617,1.3663628303114153,0.9992370295015258,347.46408600000814,2.0414669090598867,0.9992370295015258
347.74563699999607,1.4291169664291585,0.9992370295015258,347.7077100000081,2.207973083719108,0.9992370295015258
347.99064099999606,1.4895477205279326,0.9992370295015258,347.94648900000817,2.4256460543002536,0.9351475076297049
348.242647999996,1.5314054281712295,0.9992370295015258,348.19321300000803,2.7022390796647655,0.730840963038318
348.48540799999597,1.5467230170219182,0.9992370295015258,348.44161700000814,3.029759985346653,0.4519328585961343
348.7381199999961,1.5379406576170696,0.9992370295015258,348.6896980000081,3.370364404708247,0.24423533401152933
348.9879509999962,1.5125212844916929,0.9992370295015258,348.944802000008,3.657337757983829,0.10910478128179045
349.2328019999961,1.4776154531531969,0.9992370295015258,349.184770000008,3.82877711359783,0.04654120040691758
349.4864779999961,1.4406094141718677,0.9992370295015258,349.4322000000081,3.8662258179892497,0.0328077314343845
349.7253099999963,1.4083567408636521,0.9992370295015258,349.6868210000083,3.8016268543119733,0.05188199389623601
349.97076899999627,1.3895670937693414,0.9992370295015258,349.92733400000833,3.708997964173444,0.08545269582909461
350.2228619999961,1.39148066097457,0.9992370295015258,350.1783190000082,3.6776321587071044,0.09842319430315359
350.4762229999963,1.4225307697525462,0.9992370295015258,350.41900200000816,3.772374443434038,0.05722278738555444
350.7181849999965,1.4960678110488987,0.9992370295015258,350.6699890000082,3.998611238231926,0.0
350.9633389999967,1.6261715815525868,0.9992370295015258,350.9173860000082,4.307001708663731,0.0
351.21069399999675,1.815237532319516,0.9992370295015258,351.165444000008,4.61730058796701,0.0
351.4685839999968,2.041475881825515,0.9992370295015258,351.4213350000081,4.850670196891043,0.0
351.7058409999968,2.258216167920106,0.9992370295015258,351.6605020000082,4.950032834739542,0.0
351.9558019999967,2.4132497165137012,0.9397253306205493,351.9251680000084,4.886454566743053,0.0
352.20194599999684,2.4765725881740384,0.9038657171922685,352.1540310000082,4.664095019845572,0.0
352.45693099999704,2.4534474138735107,0.9137843336724313,352.41875600000816,4.320939946065705,0.0
352.700026999997,2.3739162088762065,0.9633774160732451,352.6595790000083,3.914939959732146,0.011444557477110871
352.94998799999695,2.2776674327078563,0.9992370295015258,352.9005890000084,3.502359169450671,0.16946422516107157
353.1873419999969,2.2026677447644434,0.9992370295015258,353.14375700000846,3.120602246487026,0.383095964733808
353.4458869999971,2.1758908560435466,0.9992370295015258,353.3892460000087,2.7854768357168354,0.6620040691759919
353.6887789999971,2.2034733496371866,0.9992370295015258,353.6376580000085,2.5032376761227852,0.8916581892166836
353.9318599999971,2.266252943104952,0.9992370295015258,353.9027900000085,2.2932893531693126,0.9992370295015258
354.171046999997,2.3406197116377316,0.9778738555442522,354.1388780000085,2.2025771242717025,0.9992370295015258
354.42943799999705,2.4219868910112545,0.9351475076297049,354.3894960000085,2.289605011253416,0.9992370295015258
354.6859919999971,2.5267075535591053,0.8802136317395727,354.6288330000085,2.583479559933833,0.83646998982706
354.9233579999973,2.6758219563707994,0.7498304510003393,354.8807590000087,3.0362565811607984,0.44718548660562907
355.17097699999704,2.8767162692534827,0.5729908443540183,355.1392990000087,3.534305893014735,0.1528484231943031
355.4188649999972,3.114515269220708,0.38546965072906075,355.38236900000896,3.9693648279625444,0.0
355.6684569999973,3.349909555090223,0.25491692099016616,355.62138200000896,4.276501978608922,0.0
355.9083629999973,3.537188248993666,0.1528484231943031,355.87071600000877,4.436833618749657,0.0
356.15243299999764,3.6502227484746324,0.10986775178026446,356.1214930000087,4.459162538557234,0.0
356.40188199999756,3.6906938175860207,0.09308240081383516,356.3589960000085,4.362771323385611,0.0
356.6583099999975,3.6788408889729958,0.09766022380467958,356.6089820000085,4.172910572936188,0.0
356.8973369999975,3.6435159773259,0.11215666327568667,356.85497800000826,3.9206476286303498,0.007629704984740553
357.1442129999975,3.6189174751879785,0.12131230925737534,357.1094230000084,3.6391155048813992,0.11368260427263478
357.3912749999973,3.629729107200364,0.11826042726347911,357.3523400000085,3.3613633152686235,0.2477958630044083
357.66225699999734,3.6782109622314616,0.09766022380467958,357.60589400000856,3.1156483126851433,0.38546965072906075
357.8932929999976,3.742698843409927,0.07248219735503562,357.8533060000086,2.917430019912678,0.5409460834181079
358.16217399999766,3.78408153976842,0.05493387589013223,358.0969580000086,2.7613227043351287,0.6762461851475077
358.3932269999976,3.762253690224517,0.06485249237029499,358.3492770000089,2.6244761248791586,0.7961173279077653
358.63354699999763,3.6539962782356863,0.10910478128179045,358.58922600000903,2.4793083383555046,0.9031027466937944
358.8912849999976,3.464298157126336,0.18489318413021366,358.8343340000091,2.3072375355025954,0.9946592065106815
359.1492619999975,3.221215038940305,0.3166327568667345,359.08560200000903,2.1061318149977946,0.9992370295015258
359.3712039999978,2.9616339360005552,0.5053407934893185,359.335603000009,1.8894372898632568,0.9992370295015258
359.62366099999775,2.717333288073039,0.7201593760596813,359.5995680000092,1.6812192268916308,0.9992370295015258
359.8662129999978,2.5116668450241977,0.8886063072227873,359.8259480000094,1.5080003035551446,0.9992370295015258
360.1167599999976,2.3553589905981736,0.9732960325534079,360.0790360000096,1.389235717914445,0.9992370295015258
360.3616569999975,2.2487659400116398,0.9992370295015258,360.3247910000095,1.327573002526744,0.9992370295015258
360.6113369999974,2.1803781605646293,0.9992370295015258,360.57479400000943,1.3048820521524762,0.9992370295015258
360.8513009999974,2.135594640603163,0.9992370295015258,360.82121400000943,1.2925241696661516,0.9992370295015258
361.10021999999725,2.1116136636302882,0.9992370295015258,361.0662030000093,1.269461420920182,0.9992370295015258
361.35026899999724,2.1201771231353432,0.9992370295015258,361.3130890000091,1.2296994148182696,0.9992370295015258
361.6022289999972,2.176464236211754,0.9992370295015258,361.57254700000937,1.1771873689667691,0.9992370295015258
361.8515469999973,2.2865580935499357,0.9992370295015258,361.8161370000093,1.1195436169468629,0.9992370295015258
362.08839399999744,2.4415180427076586,0.924465920651068,362.06007500000936,1.0648645249149098,0.9992370295015258
362.3493859999974,2.619997302218151,0.8008646998982706,362.3058130000094,1.021003654009796,0.9992370295015258
362.5900459999974,2.7987868086336225,0.6489487962021024,362.54965400000935,0.9973602904406816,0.9992370295015258
362.8399929999973,2.965734631195884,0.5017802644964395,362.80963900000967,1.0046221195970908,0.9992370295015258
363.0814089999973,3.1308754416444584,0.37478806375042395,363.04632600000997,1.0517493221207967,0.9992370295015258
363.3319089999971,3.3150603673378805,0.2715327229569345,363.28958900001015,1.1392564407035122,0.9992370295015258
363.57124599999713,3.5221012708495385,0.16115632417768735,363.55364600001025,1.253096842724086,0.9992370295015258
363.83074099999703,3.710015196149273,0.0839267548321465,363.7901980000103,1.3715514978898713,0.9992370295015258
364.07363899999694,3.803280561911614,0.05188199389623601,364.06777600001027,1.4745989260836545,0.9992370295015258
364.3282509999968,3.7533519719156194,0.0686673448626653,364.28453300001024,1.551948917185565,0.9992370295015258
364.56500799999685,3.5752689951122716,0.14420142421159715,364.5445440000101,1.604293120906645,0.9992370295015258
364.8175559999969,3.3212310385534827,0.26915903696168186,364.7798080000099,1.639603015996411,0.9992370295015258
365.06532599999673,3.043874183531419,0.44243811461512383,365.0324820000101,1.6691324238451726,0.9992370295015258
365.3098229999968,2.781639706903057,0.6643777551712445,365.27441300001016,1.6979743733918005,0.9992370295015258
365.5606459999968,2.557870602384454,0.8588504577822991,365.52550700001024,1.7203608518573559,0.9992370295015258
365.84239999999676,2.3841518665781476,0.9595625635808748,365.76706600001023,1.7270989713785152,0.9992370295015258
366.051764999997,2.2628463212969883,0.9992370295015258,366.02902600001033,1.7189307336579969,0.9992370295015258
366.31425399999694,2.1878133574391416,0.9992370295015258,366.27234900001,1.7155856758561132,0.9992370295015258
366.55404299999697,2.1458543167895985,0.9992370295015258,366.51300900000984,1.7456955026339844,0.9992370295015258
366.8153229999971,2.1208684425532938,0.9992370295015258,366.77041900001,1.8233085652005834,0.9992370295015258
367.0434079999967,2.1009314719544845,0.9992370295015258,367.0061750000101,1.9341182270746469,0.9992370295015258
367.29371299999667,2.0816091397374956,0.9992370295015258,367.28302300001025,2.052031794393105,0.9992370295015258
367.5417609999964,2.0639139122379033,0.9992370295015258,367.50300000001005,2.1601430096648713,0.9992370295015258
367.7812429999964,2.0505952509905008,0.9992370295015258,367.74942200001016,2.2536819719724805,0.9992370295015258
368.03482199999615,2.0424742964312763,0.9992370295015258,367.9979950000099,2.332385089836917,0.9847405900305187
368.28051099999635,2.0363826549786928,0.9992370295015258,368.24797600000994,2.391257631964633,0.9549847405900305
368.52713699999646,2.0250218074637805,0.9992370295015258,368.5133610000099,2.4174156947332146,0.9374364191251271
368.7744899999965,1.9947356249639623,0.9992370295015258,368.7438460000101,2.3980136971972996,0.9504069175991862
369.0295379999963,1.929281493049653,0.9992370295015258,368.98780000001005,2.3304447999268856,0.9855035605289928
369.2660059999964,1.8246332289413694,0.9992370295015258,369.24131000001,2.2246660953876476,0.9992370295015258
369.5168429999965,1.697657755276126,0.9992370295015258,369.4886960000101,2.1025583927179095,0.9992370295015258
369.76801399999647,1.5763071533106896,0.9992370295015258,369.7402630000101,1.9894178251900998,0.9992370295015258
370.0237139999963,1.4936729372804154,0.9992370295015258,369.97868100001006,1.9123096795025951,0.9992370295015258
370.2606089999963,1.4839810555484019,0.9992370295015258,370.22816600001,1.8965875957686031,0.9992370295015258
370.51019899999636,1.5738130080280266,0.9992370295015258,370.5162010000101,1.959284002403137,0.9992370295015258
370.75220599999653,1.7697739042254854,0.9992370295015258,370.73174800000993,2.0958499573889147,0.9992370295015258
371.00273199999634,2.03995269079205,0.9992370295015258,370.97617500000985,2.2812119450304045,0.9992370295015258
371.24653899999635,2.305680501524143,0.9954221770091556,371.2190700000097,2.4903129458952256,0.8985249237029501
371.4910999999963,2.4866583549798627,0.9000508646998983,371.4611520000097,2.7132280728372753,0.7213462190573076
371.7481809999963,2.556691948317064,0.859613428280773,371.70957700000963,2.9470493536817832,0.5124618514750762
372.00156199999606,2.553968868044959,0.8611393692777212,371.9580960000096,3.1855594972138936,0.33799593082400814
372.2441329999962,2.5431637424801115,0.8702950152594099,372.2139780000096,3.410478757344725,0.22049847405900302
372.4906809999962,2.5767655054024092,0.8447778908104442,372.45884400000966,3.595485347727947,0.13657171922685651
372.7295659999964,2.6680332750556914,0.756951508986097,372.70594800000976,3.7164120509262832,0.08163784333672429
372.98662599999614,2.781690193090846,0.6643777551712445,372.95991100001,3.7663843151732905,0.06027466937945066
373.2362959999961,2.8578993454252815,0.6002882332994236,373.19591100001,3.757036908503242,0.0686673448626653
373.4762219999962,2.850330579270616,0.6050356052899288,373.44487500000986,3.7015958098645765,0.08850457782299083
373.72412799999614,2.746299378425434,0.6987962021024077,373.7049060000098,3.6063846874764205,0.13046795523906407
373.9765269999962,2.5636167282653664,0.8550356052899287,373.9419460000096,3.4716393855114998,0.18133265513733465
374.2161619999961,2.3349668819538483,0.9824516785350966,374.1924580000094,3.2971679469509008,0.2762800949474399
374.4874989999963,2.096074974294817,0.9992370295015258,374.44388200000947,3.0906311688902193,0.40208545269582907
374.7171469999963,1.8814510127630637,0.9992370295015258,374.6838600000094,2.865184341121554,0.594354018311292
374.97845099999614,1.7226678704818448,0.9992370295015258,374.96725800000934,2.6373784835479666,0.7842488979315022
375.2099799999961,1.6437935513274387,0.9992370295015258,375.19947300000945,2.422658229007356,0.9351475076297049
375.4558809999961,1.655705698573875,0.9992370295015258,375.54466600000933,2.2335327654602306,0.9992370295015258
375.7139579999959,1.7581116246157729,0.9992370295015258,376.00907100000967,2.075841624120685,0.9992370295015258
375.94941699999606,1.9515511243167862,0.9992370295015258,376.1748010000101,1.9490397938066784,0.9992370295015258
376.2098469999963,2.2465375162200614,0.9992370295015258,376.34934000001033,1.8448146022350023,0.9992370295015258
376.4496299999963,2.6497303004689963,0.7747541539504917,376.5541360000106,1.750571923855271,0.9992370295015258
376.69914899999657,3.1335995562688366,0.3724143777551713,376.7312950000109,1.6726951844829452,0.9992370295015258
376.9425369999965,3.6377847574990705,0.11368260427263478,376.916615000011,1.6226222424432406,0.9992370295015258
377.19559899999655,4.098615585304889,0.0,377.1612960000109,1.59749781411993,0.9992370295015258
377.43905899999635,4.474128193929115,0.0,377.4113170000107,1.588907580994192,0.9992370295015258
377.69507599999656,4.748931172096527,0.0,377.65999200001073,1.5899750866434155,0.9992370295015258
377.92792199999667,4.922965999062824,0.0,377.90564100001046,1.5964603630356513,0.9992370295015258
378.1864259999965,4.994056194672783,0.0,378.1509910000106,1.6064771851958972,0.9992370295015258
378.4228569999966,4.955153039439081,0.0,378.40148600001044,1.6201752594780443,0.9992370295015258
378.67286699999664,4.815400726166664,0.0,378.6434520000103,1.6397166623720312,0.9992370295015258
378.9247869999968,4.613211078502353,0.0,378.8985760000102,1.6711570053852869,0.9992370295015258
379.17281199999684,4.385380640475251,0.0,379.13792000001035,1.729198600063467,0.9992370295015258
379.4192319999968,4.153170812530103,0.0,379.3859430000101,1.8384691091256353,0.9992370295015258
379.6644819999968,3.9351691099301638,0.0,379.62897200001015,1.9996971626394973,0.9992370295015258
379.9084959999967,3.7484353675054987,0.07095625635808751,379.89294700001034,2.127323022647436,0.9992370295015258
380.1565629999969,3.5997013941072953,0.1358087487283825,380.13182200001023,2.1649808460141142,0.9992370295015258
380.41108999999716,3.483935060890355,0.1801458121397084,380.37341900001013,2.1308305098578435,0.9992370295015258
380.6555169999971,3.394158940872629,0.23592743302814512,380.61791000001006,2.0486291720971983,0.9992370295015258
380.8975979999972,3.32806489471057,0.26441166497117663,380.86381400001017,1.9366197261871072,0.9992370295015258
381.1559109999971,3.2855680362058117,0.28458799593082396,381.16834700001016,1.8083937539749972,0.9992370295015258
381.393777999997,3.262698623508908,0.29289589691420814,381.3640000000104,1.6765753116916187,0.9992370295015258
381.6397429999968,3.2507877308022226,0.29645642590708715,381.61904000001044,1.55478417203895,0.9992370295015258
381.884571999997,3.245066984022688,0.3023906408952188,381.87586100001045,1.45664472524774,0.9992370295015258
382.152105999997,3.2495168947181092,0.2976432689047134,382.1048520000105,1.3929523516050573,0.9992370295015258
382.38875699999727,3.2687004410192615,0.2917090539165819,382.3547950000106,1.3681743752566822,0.9992370295015258
382.63145799999717,3.3002954488256835,0.2750932519498135,382.6151770000102,1.380248909484318,0.9992370295015258
382.88542599999727,3.3355069459788185,0.2596642929806714,382.8543140000103,1.4209084781602728,0.9992370295015258
383.1265739999973,3.3600640791414085,0.24898270600203457,383.09266000001014,1.4783504431774086,0.9992370295015258
383.3733229999973,3.354289123882211,0.25254323499491355,383.3511790000101,1.537859508766061,0.9992370295015258
383.62086399999725,3.300914664288601,0.2750932519498135,383.58856600001013,1.586844503971294,0.9992370295015258
383.8724779999974,3.1942660154509763,0.3320617158358765,383.83020900001014,1.615676962099566,0.9992370295015258
384.1193239999974,3.046163944888896,0.44006442861987116,384.0937490000101,1.6196737701882047,0.9992370295015258
384.3607009999976,2.8783628736444764,0.571804001356392,384.32696300001004,1.5961874981148862,0.9992370295015258
384.6121269999975,2.7075074068823928,0.7296541200406917,384.58464000001004,1.5474160485784099,0.9992370295015258
384.86232599999727,2.537251412593749,0.8748728382502543,384.82449400000996,1.4805873738967688,0.9992370295015258
385.1016549999973,2.367869573764175,0.9664292980671413,385.0696170000097,1.40790840220949,0.9992370295015258
385.3616439999973,2.206545089832912,0.9992370295015258,385.3171610000096,1.3439104935120694,0.9992370295015258
385.61123199999747,2.0672654086361,0.9992370295015258,385.5669990000096,1.301960638743987,0.9992370295015258
385.8496199999974,1.9617868377144296,0.9992370295015258,385.8199860000098,1.2903995988858725,0.9992370295015258
386.1046689999975,1.8950728523598999,0.9992370295015258,386.06693900000977,1.3133526709172305,0.9992370295015258
386.34012799999743,1.8700859044855096,0.9992370295015258,386.3054650000098,1.3722453126165348,0.9992370295015258
386.59456799999725,1.893015216395015,0.9992370295015258,386.55477400000984,1.4664327206868988,0.9992370295015258
386.8419199999973,1.971241685905587,0.9992370295015258,386.8012510000098,1.5894043413727144,0.9992370295015258
387.0904769999972,2.1070720535931278,0.9992370295015258,387.05510700000997,1.7212257303409484,0.9992370295015258
387.3335029999972,2.2877660906376596,0.9992370295015258,387.30105600000974,1.8335259491706382,0.9992370295015258
387.58953699999745,2.479642431048035,0.9031027466937944,387.5455410000097,1.902777065242485,0.9992370295015258
387.8315159999974,2.631329822405,0.790183112919634,387.7978950000096,1.9153012755476397,0.9992370295015258
388.0793669999975,2.700254827087666,0.7320278060359444,388.0495490000098,1.8708035372894496,0.9992370295015258
388.32550899999757,2.6731821828855122,0.753390979993218,388.2908220000098,1.7821588211694486,0.9992370295015258
388.5827959999974,2.568133711811096,0.8504577822990844,388.53784300000984,1.6694158828307608,0.9992370295015258
388.8153779999975,2.4200345370498515,0.936673448626653,388.7904420000099,1.553151987980124,0.9992370295015258
389.0657089999975,2.267335957174219,0.9992370295015258,389.0413160000098,1.4502374400223155,0.9992370295015258
389.3213949999976,2.1403622478826856,0.9992370295015258,389.27840400000986,1.3711905787656398,0.9992370295015258
389.5656779999976,2.0521588191779108,0.9992370295015258,389.5283120000097,1.3242882106811278,0.9992370295015258
389.82666399999744,2.0008039569314766,0.9992370295015258,389.77263100001,1.318482993766278,0.9992370295015258
390.05664899999755,1.9786016546815763,0.9992370295015258,390.02606000001,1.364951804731352,0.9992370295015258
390.30581599999766,1.9831924818564555,0.9992370295015258,390.29558500000996,1.4739420748436245,0.9992370295015258
390.55723099999784,2.0197410147822614,0.9992370295015258,390.5136420000098,1.647035404449225,0.9992370295015258
390.7964099999978,2.091862422157862,0.9992370295015258,390.76041000000976,1.869671769492486,0.9992370295015258
391.0474029999981,2.1933379893952374,0.9992370295015258,391.0150090000099,2.117754555139186,0.9992370295015258
391.29670599999804,2.3085926842677025,0.9946592065106815,391.26956200001,2.3585374256221554,0.9717700915564598
391.54827799999794,2.4197971583677447,0.936673448626653,391.5092090000099,2.551707582542626,0.8634282807731434
391.7928439999979,2.526205886454473,0.8809766022380467,391.75257300000993,2.6585147187742653,0.7628857239742287
392.0379389999983,2.6406143956197803,0.779501525940997,392.0085540000099,2.6617643585610686,0.7628857239742287
392.28947499999805,2.7800714638820736,0.6679382841641235,392.25751100001,2.5811889868951496,0.8388436758223128
392.54487799999816,2.9458840819561916,0.5136486944727026,392.4925010000102,2.4636156876549564,0.9092065106815869
392.79277599999784,3.117672469816227,0.383095964733808,392.7525270000102,2.351986604890464,0.974059003051882
393.0363029999979,3.255151678017641,0.2952695829094608,392.99501100001015,2.2695560710533296,0.9992370295015258
393.2741329999979,3.3166200591687005,0.27034587995930826,393.23743500001,2.216965439968577,0.9992370295015258
393.527187999998,3.2761813362186234,0.2893353679213293,393.50449700001,2.1765526036723424,0.9992370295015258
393.798550999998,3.1329519392562792,0.3724143777551713,393.73287400001004,2.1303901266840155,0.9992370295015258
394.01913499999824,2.902352740777231,0.5575618853848763,393.9865770000098,2.0747424931621845,0.9992370295015258
394.30057699999855,2.611442443781887,0.8091726008816549,394.26123100000956,2.015489736043886,0.9992370295015258
394.5196249999985,2.299326910474266,0.9977110885045777,394.47870500000965,1.9615722103775952,0.9992370295015258
394.7726129999986,2.0053273486983536,0.9992370295015258,394.7305890000096,1.917869632862524,0.9992370295015258
395.00355099999877,1.7529018224895576,0.9992370295015258,394.97313000000963,1.8819048149190145,0.9992370295015258
395.25851499999874,1.5507322977282882,0.9992370295015258,395.2232800000098,1.847353095845097,0.9992370295015258
395.51602099999866,1.3996168306247654,0.9992370295015258,395.4897500000098,1.8129161660683926,0.9992370295015258
395.75740599999864,1.2972358356458804,0.9992370295015258,395.7211940000098,1.7847683566754577,0.9992370295015258
396.00835499999874,1.2391566694405158,0.9992370295015258,395.9655890000099,1.7741409329535383,0.9992370295015258
396.27474399999886,1.2161889319318848,0.9992370295015258,396.20540500001,1.7906828682256708,0.9992370295015258
396.50033399999893,1.20897812242719,0.9992370295015258,396.45591000000996,1.8400555339826825,0.9992370295015258
396.74357499999877,1.187404991329052,0.9992370295015258,396.71832400001006,1.922950949575712,0.9992370295015258
396.9947189999988,1.1281318522696855,0.9992370295015258,396.95138200000997,2.035167694703566,0.9992370295015258
397.2416029999988,1.0378174438653411,0.9992370295015258,397.20239700001014,2.1650754342261567,0.9992370295015258
397.4984999999988,0.9422557571653042,0.9992370295015258,397.45417000001027,2.2935217826020633,0.9992370295015258
397.7294929999987,0.862468015304419,0.9992370295015258,397.69671700001027,2.392939932045954,0.9534587995930823
397.97965299999885,0.8063943816856081,0.9992370295015258,397.9632750000101,2.4365134229925234,0.9298067141403865
398.2296219999989,0.7717235573377097,0.9992370295015258,398.19519900001023,2.410775894901572,0.9427772126144455
398.4706229999989,0.7508032955399186,0.9992370295015258,398.4451850000104,2.3210018328842525,0.9916073245167852
398.7190339999989,0.735260371204475,0.9992370295015258,398.69192600001037,2.182213267755299,0.9992370295015258
398.97551699999906,0.7183461325534877,0.9992370295015258,398.93966700001045,2.01552655755418,0.9992370295015258
399.2249679999991,0.6988377232962892,0.9992370295015258,399.1796390000104,1.84543638579341,0.9992370295015258
399.464970999999,0.681692525564666,0.9992370295015258,399.4322340000106,1.6985852001024142,0.9992370295015258
399.7112779999989,0.6771490723002795,0.9992370295015258,399.69278600001064,1.6000335520184277,0.9992370295015258
399.95458999999914,0.6978314354503852,0.9992370295015258,399.9300820000107,1.5708682571994694,0.9992370295015258
400.20211599999925,0.7531065007765835,0.9992370295015258,400.1726560000108,1.629492377884965,0.9992370295015258
400.4566989999992,0.8433268597054908,0.9992370295015258,400.4206870000108,1.784304744761793,0.9992370295015258
400.715969999999,0.9567440342656037,0.9992370295015258,400.66857400001095,2.0212807662218504,0.9992370295015258
400.9507289999989,1.0712519971168282,0.9992370295015258,400.91510000001085,2.301402837542459,0.9977110885045777
401.1913919999987,1.1636651272129817,0.9992370295015258,401.17353200001077,2.5695970650291655,0.8495252628009494
401.4399399999988,1.2213071859769378,0.9992370295015258,401.41827000001086,2.7714418338273976,0.6714988131570024
401.6894149999987,1.2458772497588229,0.9992370295015258,401.6625630000109,2.8685755965013295,0.5907934893184129
401.94051399999876,1.249730583880711,0.9992370295015258,401.906120000011,2.849580370786817,0.6050356052899288
402.1838319999987,1.2495467898196169,0.9992370295015258,402.1667950000109,2.7333246293182087,0.7082909460834181
402.42674499999885,1.2605215958133211,0.9992370295015258,402.401782000011,2.5595614522670758,0.8565615462868769
402.6781759999989,1.294188985454269,0.9992370295015258,402.6498590000111,2.3782562497376833,0.9610885045778229
402.9196819999988,1.3545754429113772,0.9992370295015258,402.894638000011,2.2321771257538967,0.9992370295015258
403.1785689999987,1.4336155625605356,0.9992370295015258,403.14772600001106,2.139201640213023,0.9992370295015258
403.4196679999987,1.509565989910982,0.9992370295015258,403.3946240000111,2.086941892602747,0.9992370295015258
403.66999199999884,1.5612799913408222,0.9992370295015258,403.63657200001114,2.047936881786695,0.9992370295015258
403.9195919999988,1.5890808650462451,0.9992370295015258,403.88609900001126,1.9989662460049855,0.9992370295015258
404.15960599999886,1.614187633838414,0.9992370295015258,404.1335080000112,1.9277209368590589,0.9992370295015258
404.4032009999988,1.6597531297474095,0.9992370295015258,404.3820490000115,1.8343613286883742,0.9992370295015258
404.6548339999989,1.732431474322247,0.9992370295015258,404.6268810000116,1.7308009528795671,0.9992370295015258
404.90836999999925,1.8190010721957992,0.9992370295015258,404.88252400001153,1.6375196894603596,0.9992370295015258
405.173146999999,1.8957419251787133,0.9992370295015258,405.12157800001154,1.5759192781608662,0.9992370295015258
405.3983049999994,1.9387959627524722,0.9992370295015258,405.3664710000117,1.5604347196954347,0.9992370295015258
405.64860199999924,1.935962223557544,0.9992370295015258,405.61050000001165,1.5972738440868635,0.9992370295015258
405.8919129999993,1.9002336073634625,0.9992370295015258,405.8707910000116,1.6845556805797293,0.9992370295015258
406.14137599999924,1.8630067762538904,0.9992370295015258,406.1089010000117,1.8173513201706075,0.9992370295015258
406.3882229999989,1.8553388018948211,0.9992370295015258,406.3547750000117,1.9893873961807422,0.9992370295015258
406.6386919999988,1.8898493822088436,0.9992370295015258,406.6011950000117,2.1869619428416662,0.9992370295015258
406.88316999999887,1.966490647097528,0.9992370295015258,406.85001900001157,2.3811813519609144,0.9603255340793488
407.133838999999,2.0850278403941602,0.9992370295015258,407.10651700001165,2.5393806100832625,0.8741098677517801
407.3825999999988,2.2537718680543035,0.9992370295015258,407.3476050000116,2.6408980396964297,0.779501525940997
407.6259919999988,2.4866994198333208,0.9000508646998983,407.5984440000115,2.680289841951692,0.7427093930145813
407.8709849999988,2.7843175619789617,0.6620040691759919,407.8440400000115,2.665101019031529,0.7581383519837233
408.1264589999988,3.11757959108355,0.383095964733808,408.0995760000115,2.6088121607451664,0.8115462868769076
408.3838679999989,3.4302188056607728,0.20150898609698198,408.3404630000116,2.5261436247497637,0.8809766022380467
408.614491999999,3.6696722667820545,0.10223804679552391,408.5885120000114,2.430150357086478,0.9343845371312308
408.86592299999904,3.800452726759292,0.05188199389623601,408.84298700001136,2.3284261149592185,0.9862665310274669
409.1140339999989,3.8029109550162197,0.05188199389623601,409.0814180000115,2.219295415580159,0.9992370295015258
409.3664479999989,3.6838924371353716,0.09537131230925737,409.3434660000116,2.098715659176471,0.9992370295015258
409.6079569999988,3.4826008723895234,0.1801458121397084,409.58940500001165,1.9660508042578324,0.9992370295015258
409.8563709999988,3.265220823785535,0.29289589691420814,409.8212770000119,1.8248839130327594,0.9992370295015258
410.10192799999885,3.0998796494593797,0.3949643947100712,410.07722000001166,1.6806951506059757,0.9992370295015258
410.35102999999884,3.0319485643592277,0.44955917260088163,410.31711600001177,1.5395024390523417,0.9992370295015258
410.5986919999989,3.079395710248685,0.4139538826720923,410.5646290000117,1.406701567898857,0.9992370295015258
410.84491799999927,3.2367401158861155,0.3047643268904714,410.8161220000117,1.2873893411576298,0.9992370295015258
411.0884729999991,3.466561302840117,0.18133265513733465,411.0666840000117,1.1861800538715943,0.9992370295015258
411.33895099999916,3.707585271853621,0.08621566632756862,411.30853100001195,1.1072488620245236,0.9992370295015258
411.588913999999,3.8925612298718915,0.02136317395727363,411.56900800001176,1.0526397018964093,0.9992370295015258
411.83587999999907,3.973200436517047,0.0,411.80692500001174,1.0204670925927029,0.9992370295015258
412.07721199999924,3.9409577144842483,0.0,412.0544700000117,1.003275118263691,0.9992370295015258
412.3352649999993,3.8425160191572507,0.04120040691759915,412.29737700001186,0.9898418381712377,0.9992370295015258
412.58151099999924,3.7578817760328267,0.0686673448626653,412.54394200001155,0.9679392686248617,0.9992370295015258
412.8421669999994,3.7477554452706565,0.07095625635808751,412.79045900001154,0.9294479470282413,0.9992370295015258
413.07292799999925,3.8212873061181893,0.04806714140386569,413.03843300001165,0.8750035930402181,0.9992370295015258
413.3203589999993,3.9297606555560964,0.003814852492370318,413.31181200001157,0.8134546472026163,0.9992370295015258
413.56112599999915,3.984776271895868,0.0,413.5386280000114,0.7555146556606498,0.9992370295015258
413.807732999999,3.9315148562002693,0.003814852492370318,413.79519500001146,0.709411810666621,0.9992370295015258
414.06710399999895,3.777796042127342,0.05645981688708034,414.04378500001144,0.6797711576183612,0.9992370295015258
414.3062729999989,3.5556571191731345,0.14725330620549337,414.2788040000114,0.6682211200118593,0.9992370295015258
414.5550979999991,3.3021256669958636,0.2750932519498135,414.5234400000113,0.6740256133751839,0.9992370295015258
414.7986279999993,3.048119947068748,0.43887758562224477,414.77408500001144,0.6943206915410502,0.9992370295015258
415.05546899999945,2.815632347149955,0.6335198372329603,415.0259780000115,0.7235862768459801,0.9992370295015258
415.29607699999934,2.6160688667433876,0.8044252288911496,415.3133830000114,0.7518289669029614,0.9992370295015258
415.5540789999992,2.452935939245655,0.9153102746693794,415.51786200001146,0.7673699730901957,0.9992370295015258
415.7913589999993,2.3279255995992543,0.9877924720244149,415.75775700001157,0.7647425448791554,0.9992370295015258
416.05134799999945,2.2449583847875543,0.9992370295015258,416.0093030000117,0.7499264550823171,0.9992370295015258
416.29278999999934,2.2114156172179187,0.9992370295015258,416.2644250000118,0.7337258232876499,0.9992370295015258
416.5431159999994,2.2285726613405887,0.9992370295015258,416.51381500001173,0.7236947317632028,0.9992370295015258
416.7849649999995,2.2725837956553976,0.9992370295015258,416.7528040000118,0.7213105490919199,0.9992370295015258
417.02650299999965,2.3141853211546697,0.9938962360122074,417.00447100001196,0.7239756544176816,0.9992370295015258
417.28045399999974,2.344691270258382,0.9763479145473041,417.2523340000119,0.729671368980814,0.9992370295015258
417.5290009999999,2.369337075240253,0.9656663275686673,417.49537100001214,0.739649111822106,0.9992370295015258
417.77552299999985,2.397924148739776,0.9504069175991862,417.74222000001225,0.7581935541497579,0.9992370295015258
418.0234399999999,2.4353866311305703,0.9313326551373347,418.0007860000123,0.7930807082132646,0.9992370295015258
418.271353,2.4767037520435924,0.9038657171922685,418.2362640000123,0.854743608683757,0.9992370295015258
418.52096,2.509257261609218,0.8901322482197355,418.4981790000121,0.9541686419144989,0.9992370295015258
418.76530000000025,2.519899180944785,0.884028484231943,418.73618600001186,1.0977049140140704,0.9992370295015258
419.01179300000035,2.499947467781337,0.8939471007121057,418.985593000012,1.281318057019387,0.9992370295015258
419.25903900000037,2.445851323804755,0.9198880976602237,419.2239390000118,1.488647828908451,0.9992370295015258
419.5060550000005,2.3604235746817683,0.9717700915564598,419.49035100001197,1.6945354520497613,0.9992370295015258
419.76490700000056,2.253987266787334,0.9992370295015258,419.72771500001215,1.8630404418387387,0.9992370295015258
420.0170820000007,2.1471141456517255,0.9992370295015258,419.9743480000122,1.9519086011129563,0.9992370295015258
420.2539520000007,2.0692496074142,0.9992370295015258,420.21487600001217,1.9394707663552468,0.9992370295015258
420.51839300000046,2.0469493065589157,0.9992370295015258,420.4607300000121,1.8439926313843087,0.9992370295015258
420.7508180000004,2.0918410398459417,0.9992370295015258,420.7190890000123,1.70354927523712,0.9992370295015258
420.9920950000006,2.1873799954252924,0.9992370295015258,420.9561370000123,1.5528675683282298,0.9992370295015258
421.2454850000009,2.2886492111671193,0.9992370295015258,421.20546900001233,1.41660935275712,0.9992370295015258
421.4865720000009,2.346571740591156,0.97558494404883,421.4529970000122,1.3104264954374125,0.9992370295015258
421.73139400000093,2.3349322001412625,0.9824516785350966,421.70861600001217,1.2433085333297171,0.9992370295015258
421.9765870000008,2.25883242692826,0.9992370295015258,421.9534380000123,1.216323606354942,0.9992370295015258
422.2354450000007,2.140086704062481,0.9992370295015258,422.20372300001225,1.2192848986986644,0.9992370295015258
422.4829490000009,2.003602393414767,0.9992370295015258,422.44518400001215,1.2304334975693814,0.9992370295015258
422.72415600000085,1.8685230424440011,0.9992370295015258,422.6943490000123,1.2293345246414944,0.9992370295015258
422.9700690000009,1.7447928787347717,0.9992370295015258,422.9462810000125,1.2149495888842836,0.9992370295015258
423.22212600000086,1.634273598645571,0.9992370295015258,423.18867300001244,1.204434600710429,0.9992370295015258
423.4664690000009,1.5344870435016356,0.9992370295015258,423.4342980000122,1.2196542735749865,0.9992370295015258
423.7285730000008,1.4405598474041539,0.9992370295015258,423.6896200000123,1.2736756767846718,0.9992370295015258
423.96163900000096,1.3497773713757313,0.9992370295015258,423.93423000001223,1.362799495978971,0.9992370295015258
424.2083330000009,1.2677319502935416,0.9992370295015258,424.19264100001203,1.4695991359818854,0.9992370295015258
424.4651810000007,1.2085601229317882,0.9992370295015258,424.4231390000122,1.572195489188118,0.9992370295015258
424.70759000000066,1.185023131193842,0.9992370295015258,424.67958000001204,1.6512783267370652,0.9992370295015258
424.9535510000005,1.2019637871789788,0.9992370295015258,424.9220970000121,1.6935470700410251,0.9992370295015258
425.2099490000005,1.2565462022143834,0.9992370295015258,425.17566500001203,1.6990592675219465,0.9992370295015258
425.4499020000004,1.3435726992439032,0.9992370295015258,425.4138480000119,1.683669031494528,0.9992370295015258
425.69501600000046,1.4591803528565928,0.9992370295015258,425.66525400001217,1.6696626060961106,0.9992370295015258
425.94697300000047,1.5996776769569543,0.9992370295015258,425.90973300001195,1.6743013727367924,0.9992370295015258
426.19033800000045,1.7573483550410347,0.9992370295015258,426.16781400001196,1.7064510417982661,0.9992370295015258
426.43699100000055,1.9166166940098481,0.9992370295015258,426.4051950000121,1.7660504385406663,0.9992370295015258
426.68436600000064,2.0533715577085268,0.9992370295015258,426.648591000012,1.842613290109139,0.9992370295015258
426.9477490000007,2.1412759256810547,0.9992370295015258,426.91224300001204,1.9181719213049682,0.9992370295015258
427.1852500000008,2.1628350664032117,0.9992370295015258,427.15024400001204,1.9722517702752773,0.9992370295015258
427.44559400000065,2.115924715596509,0.9992370295015258,427.40333600001213,1.9873532255766908,0.9992370295015258
427.67557900000077,2.0126937634485254,0.9992370295015258,427.64335400001204,1.9553084857135206,0.9992370295015258
427.92555700000077,1.8740122329189044,0.9992370295015258,427.891784000012,1.8829148555376494,0.9992370295015258
428.1921170000006,1.7207422003227173,0.9992370295015258,428.13811900001195,1.7912480657784338,0.9992370295015258
428.41652100000084,1.5676287327974359,0.9992370295015258,428.39114400001205,1.7033652476281003,0.9992370295015258
428.6680760000009,1.4230320310164222,0.9992370295015258,428.6318010000121,1.6303943462379042,0.9992370295015258
428.91292400000094,1.2913345283018736,0.9992370295015258,428.8898870000122,1.571284143250636,0.9992370295015258
429.18155400000114,1.1752075707378091,0.9992370295015258,429.1241780000122,1.5201415410884316,0.9992370295015258
429.41389100000106,1.0758020391507415,0.9992370295015258,429.3741300000121,1.4702818565013103,0.9992370295015258
429.6559610000011,0.9931327101951631,0.9992370295015258,429.626199000012,1.4181744182509324,0.9992370295015258
429.9154220000012,0.9252431485941772,0.9992370295015258,429.86956300001214,1.3657769190343665,0.9992370295015258
430.1502210000011,0.8685378700472555,0.9992370295015258,430.12332400001236,1.319237218143942,0.9992370295015258
430.39879100000127,0.8190505674084397,0.9992370295015258,430.3706410000123,1.286754023169377,0.9992370295015258
430.65122400000115,0.7738237546655413,0.9992370295015258,430.6309720000123,1.2787479743620094,0.9992370295015258
430.89592700000094,0.732109602957413,0.9992370295015258,430.8696390000123,1.3050270226375735,0.9992370295015258
431.142499000001,0.6960444191104339,0.9992370295015258,431.1141310000124,1.3683854853565598,0.9992370295015258
431.40733000000097,0.6689727319532455,0.9992370295015258,431.35898200001225,1.4591844868337054,0.9992370295015258
431.63544200000075,0.6532383466028764,0.9992370295015258,431.6089910000123,1.561580387913311,0.9992370295015258
431.8894670000007,0.6499707648326064,0.9992370295015258,431.8677500000123,1.6670393706468936,0.9992370295015258
432.1305140000007,0.6606433233901876,0.9992370295015258,432.10530200001256,1.779376053410139,0.9992370295015258
432.3810740000005,0.6877700427060817,0.9992370295015258,432.35773400001256,1.911719753627499,0.9992370295015258
432.6213620000006,0.734986153370047,0.9992370295015258,432.5967730000127,2.079007261924324,0.9992370295015258
432.88099600000055,0.8057652643661489,0.9992370295015258,432.89316000001276,2.290036642750392,0.9992370295015258
433.12097000000074,0.8990999166115361,0.9992370295015258,433.18815500001267,2.5407355346776477,0.8725839267548321
433.3663030000006,1.0044528737079206,0.9992370295015258,433.3762170000126,2.8184817982989623,0.6335198372329603
433.61285300000077,1.0985959520151554,0.9992370295015258,433.6210490000126,3.1078565869857577,0.390217022719566
433.86183800000066,1.1582740073736244,0.9992370295015258,433.8610350000126,3.3911715881912476,0.23592743302814512
434.10688000000073,1.174537520814586,0.9992370295015258,434.1109840000127,3.6572654490016867,0.10910478128179045
434.3588240000007,1.1536104080904774,0.9992370295015258,434.35211500001276,3.9074963385420096,0.013733468972533079
434.6046700000007,1.1078305554944827,0.9992370295015258,434.58609500001273,4.143264766028924,0.0
434.84823600000055,1.0505354171747783,0.9992370295015258,434.83686200001273,4.347781284627259,0.0
435.09822100000036,0.9929072451586187,0.9992370295015258,435.0933000000126,4.489633245858184,0.0
435.3491820000004,0.9457780643482661,0.9992370295015258,435.3550080000128,4.545911353002321,0.0
435.5976650000002,0.921038431911861,0.9992370295015258,435.56684300001274,4.51332951176704,0.0
435.8648210000002,0.9301459665698355,0.9992370295015258,435.8182400000128,4.404165727395776,0.0
436.08513500000015,0.9806020548519336,0.9992370295015258,436.0639150000129,4.235314102522457,0.0
436.3336680000001,1.069418844747668,0.9992370295015258,436.3506100000129,4.0132756920308985,0.0
436.5861430000001,1.1780458645515766,0.9992370295015258,436.60272000001277,3.733393763927567,0.07629704984740586
436.83246200000036,1.2763842306252315,0.9992370295015258,436.85022800001275,3.3992419129293756,0.23118006103763988
437.08064200000035,1.3393266919497462,0.9992370295015258,437.1272080000128,3.0447045982378014,0.44243811461512383
437.3196080000006,1.360884964262517,0.9992370295015258,437.3445580000126,2.711079263364838,0.722533062054934
437.5751070000004,1.3533848072092958,0.9992370295015258,437.5464670000127,2.4265124882078206,0.9351475076297049
437.82508900000045,1.3340713450100066,0.9992370295015258,437.7947820000127,2.2043003155454772,0.9992370295015258
438.0681040000004,1.317143144877152,0.9992370295015258,438.0686900000126,2.0471336373632614,0.9992370295015258
438.3161450000005,1.308733641343249,0.9992370295015258,438.3396940000126,1.9516599309653777,0.9992370295015258
438.5662500000005,1.3092451943610337,0.9992370295015258,438.5472290000125,1.9107702772177613,0.9992370295015258
438.8187340000005,1.3164510263921587,0.9992370295015258,438.82325100001236,1.9148846609427375,0.9992370295015258
439.0701410000006,1.3285925126441855,0.9992370295015258,439.14764100001236,1.9531228204836681,0.9992370295015258
439.3006200000008,1.3437835252911743,0.9992370295015258,439.3614880000123,2.011576440524691,0.9992370295015258
439.5506540000006,1.3615125003889081,0.9992370295015258,439.65215100001234,2.0763758504781884,0.9992370295015258
439.8017300000006,1.3837297996521527,0.9992370295015258,439.8526170000125,2.1426472951397098,0.9992370295015258
440.0509260000007,1.4126682747938148,0.9992370295015258,440.0774080000125,2.2170154810376457,0.9992370295015258
440.2959000000007,1.4481385070384243,0.9992370295015258,440.29895400001243,2.3087504545798128,0.9946592065106815
440.5534770000008,1.4866642574019133,0.9992370295015258,440.5763930000124,2.4162880139205334,0.9374364191251271
440.7920450000004,1.52261695639314,0.9992370295015258,440.82437200001226,2.5243655025880214,0.8809766022380467
441.0425360000004,1.5482703718587498,0.9992370295015258,441.0998220000122,2.6050945050661953,0.8139199728721601
441.2982710000004,1.5537336627588716,0.9992370295015258,441.3322080000123,2.6252632806061467,0.7937436419125129
441.5339360000003,1.5299301160480028,0.9992370295015258,441.5662840000125,2.561381910535463,0.8557985757884028
441.7808240000005,1.4755668868991059,0.9992370295015258,441.7802360000124,2.413650110446705,0.9397253306205493
442.0219980000005,1.3973980249127576,0.9992370295015258,442.01300600001275,2.2096646901725916,0.9992370295015258
442.2787160000005,1.3067682467530395,0.9992370295015258,442.2721100000128,1.992130102754085,0.9992370295015258
442.52785500000033,1.2158532762237877,0.9992370295015258,442.529472000013,1.8011621312698152,0.9992370295015258
442.7648080000004,1.137406002901247,0.9992370295015258,442.7835480000132,1.6673599830497277,0.9992370295015258
443.01153200000016,1.0808829777244953,0.9992370295015258,443.05690000001323,1.612625450339808,0.9992370295015258
443.2704850000002,1.0523952423985623,0.9992370295015258,443.2804170000131,1.64611839216822,0.9992370295015258
443.53533700000025,1.05620744198373,0.9992370295015258,443.574024000013,1.7634098021665643,0.9992370295015258
443.757863,1.0941765615721522,0.9992370295015258,443.90443800001316,1.9423865651966223,0.9992370295015258
444.00235800000013,1.1614798228595316,0.9992370295015258,444.20794700001363,2.1392663255144178,0.9992370295015258
444.25638000000015,1.2423034563333475,0.9992370295015258,444.41278600001397,2.294563880650923,0.9992370295015258
444.5007410000001,1.3146714430070032,0.9992370295015258,444.6613240000144,2.360141521502448,0.9717700915564598
444.75800599999997,1.3657453120859948,0.9992370295015258,444.8733890000147,2.318803738385711,0.9931332655137334
445.00088,1.40130695160912,0.9992370295015258,445.12271200001504,2.1869237613986767,0.9992370295015258
445.25276400000007,1.4430475223156587,0.9992370295015258,445.4937730000152,1.9992897063121238,0.9992370295015258
445.49878400000017,1.5158402867410339,0.9992370295015258,445.7237380000152,1.7926119799634024,0.9992370295015258
445.73596500000014,1.6378740425522917,0.9992370295015258,445.9058510000155,1.602694583375183,0.9992370295015258
445.98272200000014,1.8075227587924563,0.9992370295015258,446.1503210000161,1.4787928324412432,0.9992370295015258
446.23677500000036,2.0057579775577823,0.9992370295015258,446.36678600001653,1.4761557197010455,0.9992370295015258
446.48578800000024,2.1993131089046725,0.9992370295015258,446.59970700001674,1.587143465559076,0.9992370295015258
446.74076499999995,2.352166865235045,0.974059003051882,446.80211400001707,1.7545700693524082,0.9992370295015258
446.9788259999998,2.4441786256600033,0.9206510681586978,447.0402990000171,1.9309437042741737,0.9992370295015258
447.22174699999994,2.481105356252688,0.9023397761953204,447.2680630000172,2.0921938114681016,0.9992370295015258
447.47341999999975,2.4901606545866537,0.8985249237029501,447.5465450000173,2.2299895593257695,0.9992370295015258
447.7207250000001,2.505212026752775,0.8908952187182094,447.76199800001734,2.3441041135629503,0.9771108850457781
447.9647119999999,2.5495086841416823,0.8657171922685655,448.0771400000173,2.439007725487834,0.9282807731434384
448.2158250000001,2.628333196747164,0.7925567989148864,448.3640800000172,2.523413588767833,0.8817395727365208
448.4637970000001,2.730060701461383,0.7106646320786708,448.6139160000173,2.6118738080322075,0.8079857578840286
448.70675800000026,2.8337755492679597,0.6192777212614446,448.8546190000173,2.726735873269737,0.7130383180739234
448.9524670000002,2.9151154337291123,0.5445066124109869,449.06114900001745,2.891726840365472,0.5646829433706341
449.20809700000007,2.9493723831964456,0.5124618514750762,449.3275170000175,3.105743995428517,0.3937775517124449
449.4495240000003,2.9197982808570178,0.5409460834181079,449.6055030000178,3.3245579331909005,0.26678535096642925
449.6969660000003,2.830462009412185,0.6228382502543235,449.84051900001805,3.5130309265867865,0.1682773821634452
449.94689000000034,2.706559006222404,0.7296541200406917,450.01008200001814,3.661880821886245,0.10605289928789423
450.19602900000035,2.587097110687639,0.8305357748389285,450.31526000001827,3.7748773838134655,0.05722278738555444
450.44443700000045,2.511434558979854,0.8893692777212614,450.57181400001866,3.8722628126930774,0.03128179043743639
450.68684900000045,2.5035493153519983,0.8916581892166836,450.79671000001883,3.9878677707881147,0.0
450.93195000000054,2.563180766025409,0.8550356052899287,451.080284000019,4.1596436899369795,0.0
451.2032280000006,2.6711528751257996,0.753390979993218,451.3462740000192,4.4159095294060915,0.0
451.4321570000006,2.7990136021157195,0.6489487962021024,451.5151230000195,4.751856209061735,0.0
451.6776290000005,2.915501371392736,0.5445066124109869,451.76122900001957,5.112604302615566,0.0
451.9326230000006,2.9955014460900315,0.4816039335367922,452.05000200001945,5.407109854430914,0.0
452.17450900000057,3.0292484478221677,0.4531197015937607,452.22005800001966,5.551842066530705,0.0
452.4294980000006,3.015655608363989,0.4661749745676501,452.39904800001943,5.511956147106849,0.0
452.66866800000065,2.9611361118629724,0.5053407934893185,452.70286900001963,5.303067419249902,0.0
452.91397100000063,2.8773067913331585,0.571804001356392,453.0622890000194,4.9763188126657845,0.0
453.1656370000005,2.7805126251360868,0.6667514411664972,453.36986600001967,4.599939811675247,0.0
453.4113890000005,2.6856839069382197,0.7403357070193286,453.6068410000201,4.23092151850294,0.0
453.65492000000063,2.6058098696269116,0.8139199728721601,453.82266700002054,3.891501886525547,0.022889114954221742
453.91250800000074,2.557780383828678,0.8588504577822991,454.01139100002086,3.579260616192907,0.14267548321464904
454.15947300000073,2.5699829117020454,0.8495252628009494,454.275079000021,3.282783541255987,0.28577483892845035
454.4107520000008,2.671996333504367,0.753390979993218,454.547182000021,2.9916927327943044,0.48397761953204477
454.65183300000064,2.8859956046719546,0.5646829433706341,454.77661300002137,2.70086921621704,0.7320278060359444
454.8961810000006,3.204771108243289,0.32968802984062395,455.06665100002175,2.4099121966821064,0.9427772126144455
455.14620600000046,3.58226962211523,0.14191251271617494,455.24259200002217,2.1256178422458394,0.9992370295015258
455.38665000000026,3.965525780002846,0.0,455.41511100002225,1.8603459920935148,0.9992370295015258
455.63923700000026,4.322977285603357,0.0,455.62365700002215,1.6246433407576741,0.9992370295015258
455.88880500000033,4.637682412079115,0.0,455.8886700000222,1.4238938488791475,0.9992370295015258
456.1392870000002,4.890984207563871,0.0,456.1186410000223,1.2590535714295457,0.9992370295015258
456.37634300000013,5.049718361631074,0.0,456.3729220000224,1.128574988304455,0.9992370295015258
456.6247660000001,5.079135359655687,0.0,456.62195400002247,1.0291953264926412,0.9992370295015258
456.87314200000014,4.964417096794589,0.0,456.8889570000225,0.9559110050822482,0.9992370295015258
457.1232920000001,4.725920512932822,0.0,457.14495700002254,0.9023234910034863,0.9992370295015258
457.3673599999999,4.407235123871236,0.0,457.3878650000225,0.861911850464817,0.9992370295015258
457.615416,4.054792845052161,0.0,457.6109190000227,0.8292635922472598,0.9992370295015258
457.8613129999999,3.7047381915628357,0.08697863682604272,457.8518150000227,0.8022844594467182,0.9992370295015258
458.1279659999999,3.381547385791972,0.24186164801627671,458.11697400002254,0.7862719660437429,0.9992370295015258
458.35987399999993,3.1029315831713724,0.3937775517124449,458.35710200002234,0.7934746177464195,0.9992370295015258
458.60674799999975,2.8834931153441374,0.568243472363513,458.58953200002225,0.8397519258662366,0.9992370295015258
458.87865999999974,2.7242968643130867,0.7177856900644286,458.8361680000224,0.9374506554278141,0.9992370295015258
459.1019979999997,2.6151562877175567,0.8044252288911496,459.0946480000225,1.0860356140551262,0.9992370295015258
459.3474909999997,2.5434661170313104,0.8702950152594099,459.37951500002254,1.264512362904775,0.9992370295015258
459.5990479999997,2.4933266649781345,0.8962360122075279,459.63459700002255,1.4313123672703012,0.9992370295015258
459.84195499999964,2.4438525430181293,0.9214140386571719,459.8737380000224,1.5430190608550016,0.9992370295015258
460.09752099999963,2.376927968796725,0.961851475076297,460.10963100002215,1.5784969788026282,0.9992370295015258
460.33655599999986,2.2872075680189035,0.9992370295015258,460.34610100002226,1.5441596248051035,0.9992370295015258
460.5881129999999,2.1810177742215506,0.9992370295015258,460.83556600002237,1.4633330539987925,0.9992370295015258
460.8335719999996,2.068143164758915,0.9992370295015258,461.043688000023,1.3626606960741048,0.9992370295015258
461.08456499999966,1.9559071853928884,0.9992370295015258,461.30494800002384,1.263990936969901,0.9992370295015258
461.3344949999993,1.8473789515848458,0.9992370295015258,461.53761800002417,1.1817450098318325,0.9992370295015258
461.57744299999933,1.742262661328726,0.9992370295015258,461.67262400002465,1.118615184540236,0.9992370295015258
461.82229099999915,1.6427212408449627,0.9992370295015258,461.91570200002474,1.0632096703890885,0.9992370295015258
462.0787629999993,1.558773212081042,0.9992370295015258,462.2136550000248,0.9986750248952881,0.9992370295015258
462.31782299999924,1.5103786773902093,0.9992370295015258,462.44333900002505,0.9196191577978611,0.9992370295015258
462.57565899999923,1.5253025303673373,0.9992370295015258,462.64036700002515,0.8337984614768191,0.9992370295015258
462.8163219999991,1.634175588194322,0.9992370295015258,462.8675970000252,0.7523751885558428,0.9992370295015258
463.0577329999992,1.863649689620806,0.9992370295015258,463.1382340000253,0.6840660269851734,0.9992370295015258
463.3211029999992,2.212961044827554,0.9992370295015258,463.38505500002526,0.6353747899089888,0.9992370295015258
463.5836029999992,2.6235321633766184,0.7961173279077653,463.62157800002524,0.6130366405842225,0.9992370295015258
463.8014659999992,2.9872012260498058,0.4875381485249237,463.8683120000255,0.6276984277137442,0.9992370295015258
464.05301199999906,3.2127444779450336,0.3249406578501187,464.1594440000256,0.6979411144391933,0.9992370295015258
464.29539299999897,3.275364824390158,0.2893353679213293,464.42785000002567,0.852377845429149,0.9992370295015258
464.55041799999907,3.2042541137677194,0.32968802984062395,464.6543700000258,1.1181405501281638,0.9992370295015258
464.7988239999992,3.0467050724528635,0.44006442861987116,464.8443600000256,1.466198675069982,0.9992370295015258
465.05351299999927,2.84927685910818,0.6062224482875551,465.1227350000254,1.7717071425657256,0.9992370295015258
465.29623699999934,2.651908528973305,0.7700067819599865,465.37421700002545,1.9438309603499389,0.9992370295015258
465.53673099999935,2.4848622665376188,0.9008138351983723,465.6088870000254,2.0032923106507736,0.9992370295015258
465.7867259999992,2.3737098308158675,0.9633774160732451,465.87168600002536,2.0001072131254625,0.9992370295015258
466.0287639999994,2.3397281964563725,0.9786368260427263,466.0952310000254,1.9739625715219367,0.9992370295015258
466.27664499999946,2.390665045661253,0.9557477110885044,466.3376900000255,1.9476160493629213,0.9992370295015258
466.54971299999954,2.5142481379932375,0.8870803662258392,466.5575740000256,1.9307691608835267,0.9992370295015258
466.77158699999956,2.6742603805920204,0.7522041369955917,466.8334980000257,1.9224296469347142,0.9992370295015258
467.02204699999953,2.8155607648081293,0.6335198372329603,467.07350100002583,1.9168055071092216,0.9992370295015258
467.2711859999998,2.8822056443104938,0.568243472363513,467.2774550000257,1.9074327971824945,0.9992370295015258
467.5212029999997,2.8457484968915496,0.6109698202780603,467.5378980000259,1.8904656048295494,0.9992370295015258
467.76804199999964,2.7221140733523077,0.7177856900644286,467.8091050000257,1.8675869001605179,0.9992370295015258
468.0083069999997,2.5577875920960915,0.8588504577822991,468.04614800002565,1.8477551748205305,0.9992370295015258
468.2582929999998,2.403120021496824,0.948118006103764,468.2775560000255,1.8424599662605314,0.9992370295015258
468.52375099999983,2.295285571071276,0.9992370295015258,468.54900400002543,1.8566455436989369,0.9992370295015258
468.750167,2.255800239449603,0.9992370295015258,468.7740060000255,1.8802527008755592,0.9992370295015258
468.99618499999974,2.290249509770687,0.9992370295015258,469.03654500002534,1.8904383221948209,0.9992370295015258
469.26085799999987,2.385900588685309,0.9580366225839266,469.2629230000253,1.8626722681038173,0.9992370295015258
469.5014699999999,2.5107254083374877,0.8901322482197355,469.529884000025,1.7844785218165025,0.9992370295015258
469.75938299999956,2.6197647378982833,0.8020515428958969,469.8182690000251,1.6619293490086173,0.9992370295015258
469.99247899999943,2.675525553457267,0.7498304510003393,470.04634800002515,1.5185880018412243,0.9992370295015258
470.23693399999945,2.665739447806134,0.7581383519837233,470.2734040000251,1.3847621416745444,0.9992370295015258
470.48382199999946,2.607857754194879,0.8127331298745338,470.4798680000249,1.2893724125957036,0.9992370295015258
470.74177199999934,2.538291068426898,0.8741098677517801,470.76227700002477,1.2544789114873436,0.9992370295015258
470.98243399999933,2.4910861090539385,0.896998982706002,470.97654400002466,1.292186952482528,0.9992370295015258
471.2267029999996,2.485594318419321,0.9008138351983723,471.2865380000249,1.3991167657989205,0.9992370295015258
471.4705819999994,2.5162517029736606,0.885554425228891,471.529063000025,1.552964392836609,0.9992370295015258
471.7245929999994,2.5516903133624256,0.8634282807731434,471.7715920000252,1.712448417367087,0.9992370295015258
471.9750639999994,2.5496306078245423,0.8657171922685655,472.00964500002493,1.8295136331671988,0.9992370295015258
472.21599499999945,2.4826464591640987,0.9015768056968463,472.32252600002505,1.8734299155086398,0.9992370295015258
472.46852599999943,2.3479284323505305,0.9748219735503559,472.60383300002513,1.8484596297486657,0.9992370295015258
472.71386699999965,2.162941864139453,0.9992370295015258,472.84875000002546,1.7819662672638206,0.9992370295015258
472.97422599999976,1.95667750124457,0.9992370295015258,473.0317920000257,1.7005064820398965,0.9992370295015258
473.20819099999983,1.7553590218336503,0.9992370295015258,473.2428310000256,1.6186554927916148,0.9992370295015258
473.46483300000006,1.574692531077698,0.9992370295015258,473.4472690000256,1.5432660850627764,0.9992370295015258
473.6992720000002,1.4237523450532545,0.9992370295015258,473.69419900002555,1.4795410813949847,0.9992370295015258
473.9522020000001,1.3103577320042676,0.9992370295015258,473.94297500002546,1.4321348329913275,0.9992370295015258
474.196751,1.2446427935171949,0.9992370295015258,474.1950240000256,1.4051353296383124,0.9992370295015258
474.45011100000016,1.2370312108753467,0.9992370295015258,474.43437000002575,1.4083170646345247,0.9992370295015258
474.6915260000003,1.29110627203275,0.9992370295015258,474.68049400002576,1.4622871836944205,0.9992370295015258
474.9369980000003,1.394959695539364,0.9992370295015258,474.93338400002585,1.5904377647963561,0.9992370295015258
475.1875380000004,1.518381155095544,0.9992370295015258,475.18528500002583,1.7994437493626203,0.9992370295015258
475.4345430000005,1.6241805666198785,0.9992370295015258,475.4288560000255,2.0689959490722805,0.9992370295015258
475.68307100000044,1.6881201382128979,0.9992370295015258,475.6702090000255,2.3573001036244814,0.9717700915564598
475.9294270000003,1.7064331263056631,0.9992370295015258,475.9206180000252,2.6101398903381132,0.810359443879281
476.18940000000066,1.6899030395470969,0.9992370295015258,476.1646820000252,2.7835397138121754,0.6620040691759919
476.4238680000006,1.6609664645600446,0.9992370295015258,476.4115630000251,2.8692653914406616,0.5896066463207867
476.6722940000008,1.6449746481597551,0.9992370295015258,476.69542800002534,2.898003235675751,0.5599355713801288
476.92227500000104,1.6527797736364975,0.9992370295015258,476.9055080000253,2.9126488604612777,0.5480671414038657
477.16268500000086,1.6750695411171594,0.9992370295015258,477.1530400000252,2.938365836860841,0.5219565954560869
477.4297330000006,1.6946361743392362,0.9992370295015258,477.4078300000252,2.9687407089019238,0.49940657850118686
477.67226400000084,1.7023822786379255,0.9992370295015258,477.65500600002514,2.9753327194659462,0.4958460495083079
477.9131270000008,1.7016690186166208,0.9992370295015258,477.9149560000252,2.9281608357868834,0.5314513394370974
478.1556940000008,1.7026419806130904,0.9992370295015258,478.15210600002524,2.8127294963832687,0.6347066802305865
478.4096640000009,1.7157115409079786,0.9992370295015258,478.39707100002505,2.6341597320072414,0.7889962699220077
478.6538480000008,1.7500507997008452,0.9992370295015258,478.64754300002494,2.41343207955168,0.9397253306205493
478.8970350000005,1.8071301785471034,0.9992370295015258,478.900445000025,2.178970008055343,0.9992370295015258
479.1530150000004,1.8786714236253514,0.9992370295015258,479.1418990000249,1.95639182051942,0.9992370295015258
479.40088300000053,1.9471511279988984,0.9992370295015258,479.3919710000251,1.7607071622275263,0.9992370295015258
479.65090500000053,1.9952582899847182,0.9992370295015258,479.6408720000252,1.5946848754709306,0.9992370295015258
479.89724900000044,2.0125563672801987,0.9992370295015258,479.8893680000251,1.4551380944410301,0.9992370295015258
480.13725000000034,1.9986679386043817,0.9992370295015258,480.12342600002523,1.3382708606748905,0.9992370295015258
480.38879200000014,1.9614601930419875,0.9992370295015258,480.3769080000253,1.2416800490465967,0.9992370295015258
480.64298800000006,1.908859650572303,0.9992370295015258,480.62270200002536,1.1646440590715073,0.9992370295015258
480.8919430000003,1.8475568543059366,0.9992370295015258,480.8688190000252,1.1080829004189066,0.9992370295015258
481.13125600000023,1.7806569241176358,0.9992370295015258,481.1326740000252,1.0736514337141663,0.9992370295015258
481.37869600000045,1.7116755102699517,0.9992370295015258,481.3607260000253,1.0608030318892447,0.9992370295015258
481.62933300000043,1.644522985002819,0.9992370295015258,481.6186470000254,1.0634082242230343,0.9992370295015258
481.9022650000004,1.5847973768256842,0.9992370295015258,481.8620530000253,1.0688187662954418,0.9992370295015258
482.11971700000043,1.5348577559917613,0.9992370295015258,482.11711500002525,1.0655558347204896,0.9992370295015258
482.36773300000056,1.497572772127998,0.9992370295015258,482.3579190000252,1.052319393512644,0.9992370295015258
482.6170970000005,1.4753362352996617,0.9992370295015258,482.604071000025,1.0381614792863534,0.9992370295015258
482.86510500000054,1.46872223745148,0.9992370295015258,482.8464830000248,1.0370029461145194,0.9992370295015258
483.1203120000005,1.4720683945813668,0.9992370295015258,483.1026650000248,1.0627186950498508,0.9992370295015258
483.35676600000045,1.476274829229017,0.9992370295015258,483.3455660000248,1.1254248536489624,0.9992370295015258
483.6191700000006,1.4725828646889723,0.9992370295015258,483.5895290000245,1.2274282891658155,0.9992370295015258
483.85025600000057,1.4552054592613257,0.9992370295015258,483.8354990000247,1.359914781922102,0.9992370295015258
484.10427400000054,1.4269444412342531,0.9992370295015258,484.08206800002483,1.504178631516021,0.9992370295015258
484.3490570000006,1.4062095868745779,0.9992370295015258,484.33856500002486,1.639328154893134,0.9992370295015258
484.5951580000009,1.4277908563719264,0.9992370295015258,484.57816600002496,1.7490778418368684,0.9992370295015258
484.852290000001,1.5362290274795798,0.9992370295015258,484.8336270000247,1.824863311526748,0.9992370295015258
485.108020000001,1.7627053462449018,0.9992370295015258,485.07513000002484,1.8657080709567957,0.9992370295015258
485.3420730000009,2.09559622931845,0.9992370295015258,485.32315500002494,1.8777564190587928,0.9992370295015258
485.58652600000084,2.475374134668993,0.9046286876907426,485.587499000025,1.8726069359664246,0.9992370295015258
485.82717400000064,2.824911437210269,0.6263987792472024,485.8174850000252,1.863933203260617,0.9992370295015258
486.0831250000004,3.0920162606199573,0.40208545269582907,486.0655120000252,1.8591924203279357,0.9992370295015258
486.32949800000057,3.2639234663958536,0.29289589691420814,486.3149340000251,1.8581862571968373,0.9992370295015258
486.59115400000076,3.365404650057761,0.24542217700915558,486.56647000002533,1.8572203484056637,0.9992370295015258
486.81982200000044,3.4382063453783287,0.19438792811122413,486.8064320000254,1.8554750116439835,0.9992370295015258
487.0850160000004,3.5146407217607547,0.1659036961681926,487.06154700002537,1.8554146892905417,0.9992370295015258
487.3197560000004,3.6016498659893545,0.1342828077314344,487.3096060000254,1.8592381619683584,0.9992370295015258
487.5677840000005,3.6793126446494497,0.09766022380467958,487.55727000002565,1.8650374995402372,0.9992370295015258
487.8144350000003,3.7092499885175476,0.0839267548321465,487.7968740000257,1.8626041186189728,0.9992370295015258
488.05725000000007,3.657784232268454,0.10910478128179045,488.04657600002554,1.8356024743182793,0.9992370295015258
488.316753,3.514597298678652,0.1659036961681926,488.2968490000253,1.773543437443398,0.9992370295015258
488.55530200000004,3.296625536934196,0.2762800949474399,488.54398700002537,1.6852959874191036,0.9992370295015258
488.80782799999986,3.038999862452928,0.4459986436080027,488.7988220000254,1.596189146435845,0.9992370295015258
489.0497939999999,2.7838044721997153,0.6620040691759919,489.03536700002536,1.5384357742803279,0.9992370295015258
489.29719600000004,2.5726569816625036,0.847151576805697,489.2868220000251,1.5504647010844077,0.9992370295015258
489.5428720000001,2.4392463885733653,0.9275178026449643,489.53983200002494,1.6792614328547963,0.9992370295015258
489.78741599999984,2.405970987549409,0.9450661241098677,489.786797000025,1.963896429116267,0.9992370295015258
490.035441,2.4800717876950245,0.9031027466937944,490.0277030000248,2.4026781960279315,0.948118006103764
490.2901780000001,2.639178370752642,0.7830620549338759,490.2746820000248,2.9152251105011775,0.5445066124109869
490.5307950000003,2.826636933669317,0.625211936249576,490.5225150000249,3.3612360749417753,0.2477958630044083
490.7862670000004,2.987681977959944,0.4875381485249237,490.7753580000248,3.6285009688726393,0.11826042726347911
491.0266960000003,3.1002708384112694,0.3949643947100712,491.027751000025,3.704873285003675,0.08697863682604272
491.2874730000004,3.1790133970988235,0.34036961681926076,491.26580200002496,3.6448661805222615,0.11215666327568667
491.52146400000026,3.23931686451341,0.3047643268904714,491.51127100002503,3.518759007213104,0.16234316717531358
491.76338500000037,3.270777770694487,0.2893353679213293,491.75625100002503,3.385619568641999,0.24186164801627671
492.0133520000003,3.242971178693919,0.303577483892845,492.0132980000251,3.287612363273872,0.2834011529331977
492.26091200000025,3.1383455372016464,0.3700406917599187,492.25608300002506,3.2414650049397595,0.303577483892845
492.5169360000004,2.968163016711071,0.5005934214988133,492.49823100002544,3.23887626549689,0.3047643268904714
492.7705040000006,2.7653471273731243,0.6750593421498814,492.75069000002566,3.25387049755762,0.2952695829094608
493.00214700000026,2.5678649286015496,0.8504577822990844,492.99373800002564,3.2579707509424805,0.29408273991183453
493.2535110000004,2.405428558588368,0.9458290946083417,493.2611350000258,3.23026766767046,0.31188538487622924
493.5040620000003,2.2947044507268783,0.9992370295015258,493.4857760000258,3.166051041591496,0.3498643608002712
493.74848700000035,2.240185031303359,0.9992370295015258,493.7370930000257,3.0819348233848505,0.40920651068158687
494.0028380000005,2.226977995238167,0.9992370295015258,493.98181200002585,3.008806441805728,0.46973550356052896
494.26018500000066,2.2238567635653617,0.9992370295015258,494.23776000002584,2.96520897775476,0.5017802644964395
494.49906900000093,2.2035264499454965,0.9992370295015258,494.47720400002595,2.9348751116612624,0.5243302814513394
494.74048700000105,2.168715357754861,0.9992370295015258,494.72457700002593,2.8851261432526316,0.5670566293658867
494.9900190000011,2.1521806265355092,0.9992370295015258,494.9697000000262,2.7946661960274732,0.6501356391997288
495.2359030000011,2.1940908792109046,0.9992370295015258,495.2280990000262,2.6622448236392793,0.7616988809766022
495.4943080000011,2.316483430658725,0.9938962360122074,495.4693320000262,2.5002591135674033,0.8939471007121057
495.7281850000013,2.508016895841519,0.8901322482197355,495.7156620000262,2.329747373790059,0.9862665310274669
495.97388400000136,2.7270744135022813,0.7130383180739234,495.9612550000262,2.1731142503513152,0.9992370295015258
496.23565900000125,2.9260403815039995,0.5326381824347236,496.21126800002594,2.04688784915885,0.9992370295015258
496.46856800000114,3.077639570256617,0.4151407256697185,496.4646280000259,1.9580632998144138,0.9992370295015258
496.7164330000013,3.1803912087022788,0.34036961681926076,496.704590000026,1.9039788335387926,0.9992370295015258
496.96484300000117,3.249030356054503,0.30001695489996605,496.95131700002617,1.8763030336773026,0.9992370295015258
497.21289500000137,3.30162959808691,0.2750932519498135,497.20053500002615,1.8663286453960886,0.9992370295015258
497.4581630000011,3.3445176629852686,0.2572906069854188,497.45536000002625,1.8693430284715895,0.9992370295015258
497.70218100000125,3.3660046112352724,0.24542217700915558,497.70049800002596,1.8883468091779825,0.9992370295015258
497.9590790000013,3.3469930510479755,0.2572906069854188,497.947879000026,1.9332472807827004,0.9992370295015258
498.20211600000147,3.2777497146187797,0.2881485249237029,498.2059250000259,2.01417798278296,0.9992370295015258
498.4490990000014,3.159928702778842,0.35342488979315023,498.438272000026,2.1355589362595637,0.9992370295015258
498.7007110000016,3.0027099893129985,0.4744828755510342,498.690243000026,2.293115350876394,0.9992370295015258
498.9494640000017,2.8194354413144596,0.6287724652424551,498.93217100002624,2.480643600537296,0.9023397761953204
499.1987710000017,2.624506208529537,0.7961173279077653,499.1830100000264,2.6977250155482397,0.7355883350288234
499.4413100000019,2.429757129311277,0.9343845371312308,499.43057900002634,2.9466077135519226,0.5124618514750762
499.6877250000017,2.244380160202279,0.9992370295015258,499.68040300002656,3.2239611705683378,0.3166327568667345
499.9352880000019,2.07404615187704,0.9992370295015258,499.9389850000265,3.515998909863732,0.1659036961681926
500.18721500000186,1.9209565725963125,0.9992370295015258,500.1722870000264,3.7841600544866516,0.05493387589013223
500.44599200000187,1.7873674536406459,0.9992370295015258,500.4229730000263,3.9775111387926816,0.0
500.6805670000018,1.6779316945581937,0.9992370295015258,500.6682890000261,4.050615328881319,0.0
500.9270710000016,1.5979603841140824,0.9992370295015258,500.9343910000263,3.987068034926915,0.0
501.16906400000164,1.5498751283748189,0.9992370295015258,501.16389500002606,3.806983741617842,0.05111902339776191
501.4198610000013,1.529921178905587,0.9992370295015258,501.41140100002605,3.553466129684174,0.14725330620549337
501.6749900000013,1.5289588571917154,0.9992370295015258,501.65950500002583,3.2716012005964776,0.2893353679213293
501.91709600000127,1.5342614430914179,0.9992370295015258,501.91478000002576,3.000185803651793,0.47685656154628686
502.1680900000014,1.533254850471983,0.9992370295015258,502.1513150000256,2.7725392037350813,0.6703119701593762
502.4111320000013,1.5186191195363083,0.9992370295015258,502.3987130000258,2.61993167221307,0.8008646998982706
502.65803900000117,1.4908491522861782,0.9992370295015258,502.6451820000257,2.574038335050056,0.847151576805697
502.910737000001,1.4574222002018842,0.9992370295015258,502.8965110000256,2.6562396356975424,0.764072566971855
503.14971000000105,1.4289162969332954,0.9992370295015258,503.13644600002556,2.85005775949176,0.6050356052899288
503.4015700000011,1.4143693900826833,0.9992370295015258,503.3890190000255,3.0885753274579013,0.40327229569345546
503.6636040000011,1.41697267709647,0.9992370295015258,503.6359880000253,3.294635211862965,0.2774669379450661
503.90496600000137,1.43194706836575,0.9992370295015258,503.89096100002513,3.426888657723565,0.2038826720922346
504.1434450000012,1.4497206124351867,0.9992370295015258,504.1474470000254,3.483462041152193,0.1801458121397084
504.39203100000105,1.4564790516869188,0.9992370295015258,504.3804680000254,3.4847824678068475,0.1801458121397084
504.643398000001,1.443007703703984,0.9992370295015258,504.6328760000254,3.453189044427819,0.1884537131230925
504.8833190000011,1.4173194828238365,0.9992370295015258,504.87396000002536,3.3995994671417233,0.23118006103763988
505.1436160000015,1.3982674214584927,0.9992370295015258,505.12991600002545,3.322177466789307,0.26915903696168186
505.3856630000015,1.4042594589426942,0.9992370295015258,505.3773510000256,3.2130745177905475,0.3237538148524923
505.6332610000014,1.4505795423400256,0.9992370295015258,505.6239850000256,3.069758789930167,0.41870125466259756
505.8992170000015,1.5502711019764064,0.9992370295015258,505.8736100000256,2.904284866376784,0.5540013563919973
506.13597600000145,1.7106790479397411,0.9992370295015258,506.11046900002566,2.741808965097362,0.7023567310952866
506.3800130000014,1.9283357571126887,0.9992370295015258,506.36287700002583,2.61187977586191,0.8079857578840286
506.62144700000147,2.1863071355850496,0.9992370295015258,506.6135260000257,2.5354048275067154,0.8756358087487284
506.8814590000013,2.4556721954539,0.9122583926754831,506.85830300002567,2.5173370726740756,0.884028484231943
507.11247800000115,2.698901089482877,0.7344014920311971,507.0998320000258,2.5468228739531353,0.8672431332655137
507.36639400000115,2.8820630915210734,0.568243472363513,507.35018300002594,2.6105199437354782,0.810359443879281
507.61327000000097,2.990694374270916,0.48397761953204477,507.5935410000258,2.694698912140679,0.7355883350288234
507.85620700000084,3.0489021861687253,0.4376907426246185,507.847375000026,2.781202140805703,0.6643777551712445
508.1209390000007,3.0961298406671744,0.39852492370295023,508.0873710000259,2.853329627290543,0.6026619192946762
508.3500740000005,3.144570993906015,0.36766700576466593,508.3389870000259,2.9001707566298256,0.5587487283825026
508.59607500000044,3.166564073358996,0.348677517802645,508.6030300000258,2.9202906705823812,0.5409460834181079
508.84892100000064,3.1282063803364677,0.3771617497456765,508.8313780000257,2.9219308820301904,0.5361987114276027
509.1061470000008,3.020279117614672,0.46380128857239733,509.08133200002584,2.917562223315284,0.5409460834181079
509.3450580000008,2.858996354486629,0.5967277043065446,509.32788700002595,2.913568412749653,0.5480671414038657
509.5905220000007,2.668332605377527,0.7557646659884708,509.5723590000259,2.90452753405759,0.5540013563919973
509.8364770000007,2.467650755939831,0.9084435401831129,509.82676100002607,2.8756060881876353,0.5741776873516446
510.0904650000009,2.2716207403529842,0.9992370295015258,510.06938000002606,2.812201893324567,0.6370803662258393
510.32735800000097,2.0928311953868333,0.9992370295015258,510.32239000002596,2.7086439518867804,0.7260935910478128
510.5749050000011,1.943020681832911,0.9992370295015258,510.58267600002625,2.5720464546650508,0.8483384198033233
510.8283260000011,1.8256771021969236,0.9992370295015258,510.8151690000262,2.418334621589378,0.9374364191251271
511.07269100000104,1.7367326175266038,0.9992370295015258,511.06580900002626,2.267680716549775,0.9992370295015258
511.3386700000011,1.6698824717465037,0.9992370295015258,511.3082190000265,2.138891262451368,0.9992370295015258
511.5811130000011,1.6210356456028123,0.9992370295015258,511.55922800002656,2.0450039417384263,0.9992370295015258
511.81863500000117,1.5878615511476135,0.9992370295015258,511.8476950000266,1.9974686390247196,0.9992370295015258
512.0829700000011,1.5722604002124314,0.9992370295015258,512.1616190000267,2.005705513898847,0.9992370295015258
512.3139670000011,1.580615707640974,0.9992370295015258,512.4762080000266,2.0720013282277865,0.9992370295015258
512.5610610000007,1.6243568206501062,0.9992370295015258,512.702554000027,2.180485591286064,0.9992370295015258
512.8066780000006,1.714185213655155,0.9992370295015258,512.9015810000274,2.295538074388073,0.9992370295015258
513.0521470000007,1.8502164637922434,0.9992370295015258,513.1102620000273,2.3759973457873715,0.961851475076297
513.3071410000008,2.0131819598431697,0.9992370295015258,513.2886210000273,2.39087716728032,0.9549847405900305
513.5526110000009,2.169623644011017,0.9992370295015258,513.5388170000274,2.330736441244876,0.9855035605289928
513.8060940000009,2.2847384577902425,0.9992370295015258,513.7947850000273,2.204430335375844,0.9992370295015258
514.0538680000006,2.333545282165173,0.9847405900305187,514.0312980000273,2.032609616834243,0.9992370295015258
514.2973320000008,2.3109723421722013,0.9946592065106815,514.2788510000273,1.840497891063471,0.9992370295015258
514.5577790000006,2.233401948323885,0.9992370295015258,514.5307340000272,1.652326787189412,0.9992370295015258
514.7865750000005,2.1268184069669385,0.9992370295015258,514.7758280000273,1.4852787813372441,0.9992370295015258
515.0321970000006,2.0195959846661413,0.9992370295015258,515.0358280000273,1.345626148165821,0.9992370295015258
515.2897340000006,1.9398279385054593,0.9992370295015258,515.2705090000271,1.2285464345284314,0.9992370295015258
515.5278600000007,1.9170736726130628,0.9992370295015258,515.5245730000274,1.1269361281251304,0.9992370295015258
515.8023920000006,1.9823132799383014,0.9992370295015258,515.7784070000275,1.0417534961089876,0.9992370295015258
516.0262240000008,2.1460903367733333,0.9992370295015258,516.0356040000273,0.9804540241500407,0.9992370295015258
516.2713380000009,2.3731248729559464,0.9641403865717191,516.3709360000273,0.9491533696962039,0.9992370295015258
516.5217880000008,2.596290077433161,0.821041030857918,516.6215570000275,0.949126175491019,0.9992370295015258
516.7758420000008,2.7561828542418088,0.684554086130892,516.8602790000276,0.9772558238333725,0.9992370295015258
517.0160090000007,2.8216968732704175,0.6275856222448288,517.1120000000278,1.0286782892859518,0.9992370295015258
517.2643740000007,2.79576987252465,0.6501356391997288,517.3296700000279,1.0974488038791934,0.9992370295015258
517.5093390000006,2.7045976763445205,0.730840963038318,517.529503000028,1.1784060854646337,0.9992370295015258
517.7658890000007,2.5905793383327658,0.8281620888436758,517.7430560000281,1.2731848965684402,0.9992370295015258
518.0172990000009,2.503338531282202,0.8916581892166836,517.9910510000283,1.3952144939103701,0.9992370295015258
518.254165000001,2.484564010026778,0.9008138351983723,518.2673730000281,1.56259373013708,0.9992370295015258
518.5010000000008,2.549472194743526,0.8657171922685655,518.5053010000283,1.779861088047417,0.9992370295015258
518.746869000001,2.6721529298548727,0.753390979993218,518.7398950000285,2.0304909416968853,0.9992370295015258
518.998416000001,2.7926561898429085,0.651322482197355,518.9858810000284,2.2876256985119388,0.9992370295015258
519.2432590000011,2.853924066775587,0.6014750762970499,519.2674240000285,2.53180895604981,0.8779247202441505
519.4977090000011,2.830653388280606,0.6228382502543235,519.5469850000286,2.7575604727190357,0.6821804001356392
519.7507660000009,2.7307557511403235,0.7094777890810445,519.8588090000286,2.9681258665350185,0.5005934214988133
519.9811010000008,2.5802004512840773,0.8388436758223128,520.1699860000286,3.1692453618348706,0.3463038318073924
520.2341630000009,2.4108080839414328,0.9427772126144455,520.3922630000292,3.3636557735068666,0.2477958630044083
520.480512000001,2.249897184091215,0.9992370295015258,520.5622390000295,3.5388073757128047,0.1516615801966769
520.7314860000008,2.1124039477120027,0.9992370295015258,520.7819140000296,3.6616106724139663,0.10681586978636824
520.9729050000008,1.9986135180670512,0.9992370295015258,520.9678290000298,3.6859077394541844,0.09537131230925737
521.2314800000007,1.9020637108731686,0.9992370295015258,521.2136190000299,3.5794415638838935,0.14267548321464904
521.4683120000005,1.8198493063953602,0.9992370295015258,521.4550070000299,3.355861863772574,0.25016954899966093
521.7289350000004,1.752705514540677,0.9992370295015258,521.6994480000299,3.0651498633972056,0.42582231264835535
521.9625140000006,1.7036058769417943,0.9992370295015258,521.95094100003,2.7611798455558576,0.6762461851475077
522.2293800000009,1.6806476861473634,0.9992370295015258,522.19747800003,2.4844279081653076,0.9008138351983723
522.4628920000011,1.6988637609806445,0.9992370295015258,522.4434910000299,2.2538616974965353,0.9992370295015258
522.7057370000009,1.783602815946211,0.9992370295015258,522.6887820000301,2.07024874684699,0.9992370295015258
522.9565340000009,1.9672735105815558,0.9992370295015258,522.9374080000301,1.9284135493947705,0.9992370295015258
523.2009090000009,2.2708912839740667,0.9992370295015258,523.2174300000303,1.8208237714183215,0.9992370295015258
523.483351000001,2.674696251436794,0.7510172939979656,523.4438380000304,1.740131444610192,0.9992370295015258
523.705436000001,3.1100742353127044,0.38903017972193965,523.6904360000303,1.6820237965829745,0.9992370295015258
523.9432580000008,3.5017971543497683,0.17065106815869782,523.9508710000304,1.6426302928828809,0.9992370295015258
524.1968090000008,3.796869146626926,0.05188199389623601,524.1783140000304,1.6159496920905891,0.9992370295015258
524.4432730000005,3.974604830678677,0.0,524.4196750000306,1.5994314261548344,0.9992370295015258
524.6930460000009,4.041097984890938,0.0,524.6706440000304,1.5949981098105224,0.9992370295015258
524.9454530000006,4.014369620210802,0.0,524.9225630000301,1.6092236654990972,0.9992370295015258
525.1859140000008,3.912744156640352,0.011444557477110871,525.1680230000302,1.6453588748541401,0.9992370295015258
525.4504480000012,3.7541265643167177,0.0686673448626653,525.4230110000306,1.6938030867614735,0.9992370295015258
525.6814480000011,3.5577315262156475,0.14725330620549337,525.6655480000308,1.7265041683830298,0.9992370295015258
525.9389560000013,3.3507610037432465,0.25491692099016616,525.9661510000305,1.7134415574606205,0.9992370295015258
526.179891000001,3.1673119722023366,0.348677517802645,526.1651370000309,1.6493339598839392,0.9992370295015258
526.4288940000004,3.03979383367935,0.4459986436080027,526.4298120000309,1.5525577291577792,0.9992370295015258
526.702816,2.9960313731122756,0.4816039335367922,526.6898450000309,1.4474459961672355,0.9992370295015258
526.9143239999999,3.0517000103215617,0.4353170566293658,526.9283240000304,1.3520518426472996,0.9992370295015258
527.1683049999998,3.200511196330795,0.32968802984062395,527.1744800000304,1.2774020973384494,0.9992370295015258
527.411164,3.4142404845938055,0.21456425907087143,527.4053220000301,1.2302970133732931,0.9992370295015258
527.656998,3.6405909915346104,0.11368260427263478,527.6493910000299,1.2125255788870557,0.9992370295015258
527.907874,3.80972618762096,0.05111902339776191,527.9042250000302,1.2176006812105418,0.9992370295015258
528.1690319999994,3.8583175384149664,0.037385554425228916,528.1448230000302,1.2300888373506842,0.9992370295015258
528.4052449999992,3.7676180779033253,0.059511698880976564,528.3853200000304,1.2325984248029187,0.9992370295015258
528.6442759999995,3.5646216220974263,0.14420142421159715,528.6326960000307,1.21843816219748,0.9992370295015258
528.8968129999995,3.29157215284577,0.27865378094269244,528.9044390000303,1.1941247531237589,0.9992370295015258
529.1524819999998,2.9914659305953326,0.48397761953204477,529.1660490000304,1.1738824052396977,0.9992370295015258
529.3871199999995,2.699033150488997,0.7332146490335708,529.3768140000303,1.1731027804147345,0.9992370295015258
529.6502959999995,2.435071599849175,0.9313326551373347,529.6313000000298,1.2020237830987772,0.9992370295015258
529.9002169999995,2.2074651036204096,0.9992370295015258,529.8719540000297,1.2637677450993294,0.9992370295015258
530.1383079999995,2.015788438195999,0.9992370295015258,530.1126780000299,1.354682325079684,0.9992370295015258
530.3781329999996,1.854807696436926,0.9992370295015258,530.3638130000298,1.4631541340031844,0.9992370295015258
530.6265549999994,1.7173987143051739,0.9992370295015258,530.6078550000294,1.5699921398501957,0.9992370295015258
530.8742119999996,1.5961114930504485,0.9992370295015258,530.8563990000291,1.651402421803414,0.9992370295015258
531.1406059999997,1.4867677549945943,0.9992370295015258,531.1103780000294,1.6871225047800857,0.9992370295015258
531.3686639999995,1.3945200915926907,0.9992370295015258,531.3625460000295,1.6693356288401586,0.9992370295015258
531.6276219999996,1.3314618751307439,0.9992370295015258,531.6258860000296,1.6036482439516284,0.9992370295015258
531.8656489999994,1.308453430255587,0.9992370295015258,531.85034800003,1.5041034698596814,0.9992370295015258
532.1201819999998,1.331706010168816,0.9992370295015258,532.10618100003,1.387746721736608,0.9992370295015258
532.3587229999996,1.40113696893257,0.9992370295015258,532.3492130000302,1.2702836150600862,0.9992370295015258
532.6138449999994,1.5069946281821824,0.9992370295015258,532.5921270000297,1.1634449931303947,0.9992370295015258
532.8541339999995,1.6281596180582727,0.9992370295015258,532.8370870000297,1.0750734425526518,0.9992370295015258
533.1005549999993,1.736260949813751,0.9992370295015258,533.0891500000289,1.0101028326138644,0.9992370295015258
533.3505389999998,1.808320729313627,0.9992370295015258,533.3350930000292,0.9734433761539097,0.9992370295015258
533.5990079999996,1.8458694224839758,0.9992370295015258,533.5898500000288,0.9726818985527037,0.9992370295015258
533.8433119999992,1.8840401471649804,0.9992370295015258,533.8491660000285,1.0216920568734456,0.9992370295015258
534.0902799999991,1.9794159881007545,0.9992370295015258,534.0816840000283,1.1434082542166957,0.9992370295015258
534.3581869999994,2.187488138235943,0.9992370295015258,534.3297200000277,1.3630646696279807,0.9992370295015258
534.5871759999997,2.5335726340252145,0.8756358087487284,534.5742050000275,1.6945282868510725,0.9992370295015258
534.8371409999995,2.9874146190851034,0.4875381485249237,534.8352010000273,2.1117085026369438,0.9992370295015258
535.0854839999997,3.4552521406261363,0.1884537131230925,535.0674980000267,2.536189008977513,0.8748728382502543
535.3375429999996,3.802938981405365,0.05188199389623601,535.3174890000258,2.860831820843331,0.594354018311292
535.5775119999996,3.9269870526653237,0.0045778229908443316,535.5618270000257,3.0136568673768616,0.4661749745676501
535.8259349999996,3.812454992001636,0.0503560528992879,535.8294050000259,2.99141367591166,0.48397761953204477
536.0835099999997,3.5180307163275955,0.16234316717531358,536.0643830000259,2.8417724846533847,0.613343506273313
536.3204329999998,3.130147759784288,0.37478806375042395,536.307360000026,2.6293166962308856,0.7925567989148864
536.5659389999995,2.723977814296928,0.7177856900644286,536.5655830000265,2.4129190784377452,0.9404883011190234
536.8183559999995,2.347898213261142,0.9748219735503559,536.7989020000264,2.2381446471503743,0.9992370295015258
537.0608789999998,2.0263226364833233,0.9992370295015258,537.0489020000266,2.1379565332159065,0.9992370295015258
537.3094019999988,1.7693802592631764,0.9992370295015258,537.2969750000268,2.1322501711026667,0.9992370295015258
537.5614669999987,1.5795936720479806,0.9992370295015258,537.5445060000269,2.2223831976198394,0.9992370295015258
537.8042209999984,1.4554751063351155,0.9992370295015258,537.7912320000269,2.387723589773098,0.9572736520854527
538.0455819999985,1.394631322026998,0.9992370295015258,538.0563560000272,2.5878944631362266,0.8305357748389285
538.2924609999986,1.3945616799422689,0.9992370295015258,538.2802060000276,2.7817677666303173,0.6631909121736183
538.5509969999991,1.4483937411404566,0.9992370295015258,538.5393120000272,2.9401777735315653,0.5207697524584605
538.8063309999992,1.545214918957046,0.9992370295015258,538.7744560000274,3.0528906145830694,0.4353170566293658
539.039546999999,1.6705313091913416,0.9992370295015258,539.0188080000271,3.128921744196721,0.3759749067480501
539.2878409999987,1.8096043104468054,0.9992370295015258,539.2973440000269,3.183408716980048,0.33799593082400814
539.5355669999985,1.9510010955679662,0.9992370295015258,539.5248000000265,3.2181025858084342,0.3190064428619871
539.7858939999979,2.090006893492725,0.9992370295015258,539.762164000027,3.21849230824407,0.3190064428619871
540.0320349999979,2.225676977691026,0.9992370295015258,540.0145450000266,3.1670161803346457,0.348677517802645
540.2719619999982,2.360308928656603,0.9717700915564598,540.2665000000263,3.055136621029227,0.43294337063411326
540.5243819999985,2.496274973335042,0.8947100712105798,540.508082000026,2.8941563514760835,0.5646829433706341
540.7750029999982,2.631748612896307,0.790183112919634,540.768019000026,2.7060970917455998,0.730840963038318
541.0238429999986,2.7602010010365197,0.677433028145134,541.0100320000262,2.5124862156866805,0.8878433367243133
541.2662159999987,2.8717542295104526,0.5789250593421499,541.2764540000259,2.327194528813545,0.9885554425228891
541.5242249999984,2.95073599678685,0.5124618514750762,541.5039240000262,2.15571797964553,0.9992370295015258
541.7605919999988,2.9881825587033135,0.4875381485249237,541.7423650000262,2.000762314256231,0.9992370295015258
542.0175419999982,2.9949310914020217,0.4816039335367922,541.9994550000263,1.8639261827705347,0.9992370295015258
542.2634499999983,2.9894861669198622,0.48397761953204477,542.2444640000265,1.7484988830055797,0.9992370295015258
542.5056519999979,2.98592329662993,0.48872499152255,542.5049270000267,1.6593318731584656,0.9992370295015258
542.758437999998,2.986964834026428,0.4875381485249237,542.7360350000267,1.6015210543015745,0.9992370295015258
542.9960409999983,2.983926019518268,0.4899118345201763,542.9792210000267,1.578849372478682,0.9992370295015258
543.2509789999981,2.9628235615128515,0.5041539504916921,543.2319880000268,1.594661896266181,0.9992370295015258
543.4928789999977,2.906043174813833,0.5540013563919973,543.4900500000269,1.6517877269105943,0.9992370295015258
543.7470359999975,2.7991148430935238,0.6489487962021024,543.7255410000267,1.7555793430495192,0.9992370295015258
543.9874299999974,2.6384937334833607,0.7830620549338759,543.9731080000266,1.914244250858423,0.9992370295015258
544.2564899999969,2.4343782143781176,0.9313326551373347,544.2235140000274,2.1296393088166345,0.9992370295015258
544.4924599999969,2.209352225497758,0.9992370295015258,544.4734860000278,2.392633778586605,0.9534587995930823
544.7405049999973,1.990005012391201,0.9992370295015258,544.7169510000276,2.68472572664633,0.7403357070193286
544.977570999997,1.7932028970985519,0.9992370295015258,544.9669620000274,2.9866885102698486,0.48872499152255
545.2328699999972,1.6214515292708613,0.9992370295015258,545.2097960000276,3.280389033356679,0.2869616819260766
545.4830009999972,1.4721174630629115,0.9992370295015258,545.4661810000275,3.547687742859232,0.1495422177009155
545.7224489999974,1.3450768277356475,0.9992370295015258,545.7549620000275,3.7752460747942194,0.05722278738555444
545.9683019999974,1.2431252909893378,0.9992370295015258,545.9607050000271,3.947062699562952,0.0
546.2203999999974,1.169007883909369,0.9992370295015258,546.2524210000269,4.034052402195718,0.0
546.4802549999972,1.1219067568073964,0.9992370295015258,546.483654000027,4.011176958805271,0.0
546.716622999997,1.0952211141356742,0.9992370295015258,546.7022170000271,3.87875438973557,0.03051881993896238
546.957583999997,1.0784846987819916,0.9992370295015258,546.9404360000274,3.6659601292033095,0.10376398779247202
547.2130329999968,1.0623856110643046,0.9992370295015258,547.2077990000278,3.409361401356799,0.22049847405900302
547.4595699999971,1.0457697052277073,0.9992370295015258,547.4446520000273,3.1363970765157028,0.3712275347575449
547.7084629999968,1.0380468368755098,0.9992370295015258,547.6887490000275,2.8684037443215877,0.5919803323160393
547.9509749999968,1.0605585943666762,0.9992370295015258,547.9401020000279,2.632798386211778,0.790183112919634
548.198812999997,1.143672610272654,0.9992370295015258,548.1887130000277,2.468664424683491,0.9069175991861648
548.4390209999972,1.3129910203951038,0.9992370295015258,548.433174000028,2.425746582189057,0.9351475076297049
548.7038109999975,1.5743119419437246,0.9992370295015258,548.678621000028,2.546864858526326,0.8672431332655137
548.9336749999977,1.9090822163287848,0.9992370295015258,548.9279730000281,2.823047623162145,0.6275856222448288
549.1831719999976,2.2753515941148454,0.9992370295015258,549.1748530000283,3.153874755780793,0.35817226178365547
549.4284769999977,2.6194308311240433,0.8020515428958969,549.4274740000285,3.4004279711186305,0.2299932180400135
549.6856759999976,2.8952325995195562,0.5634961003730078,549.6669240000286,3.4832258647933076,0.1801458121397084
549.9296049999974,3.077977494572159,0.4151407256697185,549.9153250000286,3.406282821263939,0.22287216005425564
550.1755789999972,3.1644079729618686,0.3510512037978976,550.174316000029,3.2201291239494245,0.3166327568667345
550.4275379999972,3.1672777049215766,0.348677517802645,550.407605000029,2.9822585053446957,0.4910986775178027
550.669469999997,3.1089369688301858,0.390217022719566,550.6616210000291,2.737581803923466,0.7035435740929129
550.927554999997,3.009423345286497,0.4685486605629028,550.9035800000288,2.5112670015267637,0.8893692777212614
551.1715319999973,2.8838619863626236,0.568243472363513,551.1524370000288,2.3063935835234224,0.9954221770091556
551.4249639999969,2.7415959007837434,0.7023567310952866,551.4030690000287,2.1144974787426247,0.9992370295015258
551.6633929999967,2.593256680989999,0.8234147168531706,551.648032000029,1.9301989977300895,0.9992370295015258
551.9098709999969,2.4554484372949696,0.9122583926754831,551.893926000029,1.7579191156198128,0.9992370295015258
552.155774999997,2.345853156166198,0.97558494404883,552.1428220000291,1.608984966092161,0.9992370295015258
552.4179689999967,2.2753304004372885,0.9992370295015258,552.3862980000292,1.496090246348816,0.9992370295015258
552.6510099999967,2.242490793590093,0.9992370295015258,552.6393970000291,1.4274353036249137,0.9992370295015258
552.9070069999964,2.2346479653208684,0.9992370295015258,552.8903470000291,1.4053541320413239,0.9992370295015258
553.1459289999959,2.2325409982815154,0.9992370295015258,553.1267440000292,1.4239480251985521,0.9992370295015258
553.3942719999958,2.220357971878545,0.9992370295015258,553.3895530000295,1.470656866220395,0.9992370295015258
553.6482649999955,2.1872561534055803,0.9992370295015258,553.6224660000291,1.5304793682771913,0.9992370295015258
553.8857169999955,2.1265798843144776,0.9992370295015258,553.8754990000288,1.5957267826385402,0.9992370295015258
554.1535959999952,2.0435104357134484,0.9992370295015258,554.1194380000287,1.6631317176420928,0.9992370295015258
554.3826119999951,1.9606859973190764,0.9992370295015258,554.386064000029,1.7286298214757496,0.9992370295015258
554.635934999995,1.9087323131640854,0.9992370295015258,554.615903000029,1.7888640102358602,0.9992370295015258
554.883418999995,1.9104308967092287,0.9992370295015258,554.8678130000288,1.8500490911661702,0.9992370295015258
555.135838999995,1.973202317716254,0.9992370295015258,555.1046250000296,1.9284517899408187,0.9992370295015258
555.3798669999952,2.0827069286091424,0.9992370295015258,555.3666840000295,2.0411158904215316,0.9992370295015258
555.6238489999951,2.205205668305583,0.9992370295015258,555.6067280000294,2.1963194170202094,0.9992370295015258
555.8733869999951,2.3003459078980697,0.9977110885045777,555.8546360000294,2.3837355568375758,0.9603255340793488
556.1273969999949,2.334610303562365,0.9824516785350966,556.1029740000293,2.566543174466346,0.8519837232960324
556.3725069999945,2.2926860242202385,0.9992370295015258,556.3453730000297,2.6898500105743643,0.7403357070193286
556.6123939999944,2.186482568065247,0.9992370295015258,556.6074830000298,2.7056186744064563,0.730840963038318
556.8689779999944,2.049224629904903,0.9992370295015258,556.8421090000298,2.600914655289013,0.8174805018650391
557.1117299999939,1.91565434972411,0.9992370295015258,557.1024330000301,2.4030645761909906,0.948118006103764
557.3601729999942,1.8028845197752479,0.9992370295015258,557.3469200000301,2.1600444989912395,0.9992370295015258
557.6016059999948,1.711184378258968,0.9992370295015258,557.5880170000302,1.9186782263019535,0.9992370295015258
557.8458729999949,1.6347070163895117,0.9992370295015258,557.8599690000299,1.711269491064637,0.9992370295015258
558.0979239999955,1.5686760015970485,0.9992370295015258,558.08732600003,1.5512372396982181,0.9992370295015258
558.3392999999953,1.5100296123970323,0.9992370295015258,558.3326440000293,1.4351927708031158,0.9992370295015258
558.5888619999952,1.4588419095751124,0.9992370295015258,558.5841090000283,1.352468931754729,0.9992370295015258
558.837806999995,1.4195493863402822,0.9992370295015258,558.8361850000282,1.2948563438516092,0.9992370295015258
559.0888279999949,1.3960093479169573,0.9992370295015258,559.1351970000283,1.2643281717828732,0.9992370295015258
559.3348209999951,1.3873048660372982,0.9992370295015258,559.316942000028,1.2755498279803932,0.9992370295015258
559.5817189999947,1.3891521939098284,0.9992370295015258,559.5660980000279,1.3506051226409606,0.9992370295015258
559.8296849999948,1.39826905211334,0.9992370295015258,559.8164170000284,1.5121640668588627,0.9992370295015258
560.0941709999946,1.416861049856136,0.9992370295015258,560.0704080000282,1.7654393888067599,0.9992370295015258
560.3267969999947,1.4548267896268767,0.9992370295015258,560.3080020000281,2.0768563338228847,0.9992370295015258
560.5821479999945,1.5242502147328845,0.9992370295015258,560.5693970000277,2.3759487008696443,0.961851475076297
560.8202019999943,1.6299248051665205,0.9992370295015258,560.8023360000278,2.5910516037474793,0.8281620888436758
561.0647569999938,1.7604929065813524,0.9992370295015258,561.0547360000278,2.688617842585397,0.7403357070193286
561.309094999994,1.8904908462378334,0.9992370295015258,561.2972640000281,2.677553234225011,0.7462699220074603
561.5616569999946,1.9946460016305685,0.9992370295015258,561.5456160000278,2.5884734398727485,0.8305357748389285
561.8290709999948,2.0617826310262943,0.9992370295015258,561.7946960000279,2.454312069795353,0.9130213631739572
562.0530659999948,2.1035392167207245,0.9992370295015258,562.0435410000279,2.3040161437374898,0.9961851475076295
562.3030479999944,2.1496888449975478,0.9992370295015258,562.2846590000279,2.1621254532240677,0.9992370295015258
562.5520429999937,2.2304462008576076,0.9992370295015258,562.5552310000279,2.05195095168601,0.9992370295015258
562.8080129999939,2.3579711733179884,0.9717700915564598,562.7820660000282,2.0045815703071166,0.9992370295015258
563.0514469999935,2.5175032406829927,0.884028484231943,563.0356580000281,2.0680064790546813,0.9992370295015258
563.2983639999933,2.678757602793916,0.7450830790098338,563.2795070000279,2.3091162289291187,0.9946592065106815
563.5428209999933,2.81232781212197,0.6358935232282129,563.5594560000281,2.7904448007840923,0.6536961681926078
563.7906989999934,2.908789109680093,0.5480671414038657,563.8592930000284,3.4659861057673336,0.18133265513733465
564.0341299999934,2.9737198065721753,0.4970328925059343,564.0254420000281,4.060393049111069,0.0
564.2826779999934,3.0162821427477913,0.4661749745676501,564.272460000028,4.301512175964066,0.0
564.5346919999935,3.042294590129104,0.4448118006103764,564.530808000028,4.199738745837557,0.0
564.7806409999936,3.053733517205103,0.4353170566293658,564.768351000028,3.8939932199565455,0.01983723296032552
565.0399619999938,3.047570557418926,0.44006442861987116,565.0208140000278,3.5013432782717016,0.17183791115632419
565.281594999994,3.0181526770622984,0.4649881315700237,565.2602850000275,3.0937735008226968,0.40208545269582907
565.5184469999939,2.9629487713609857,0.5041539504916921,565.5367170000276,2.7102513042644354,0.722533062054934
565.7664849999936,2.885157584051904,0.5670566293658867,565.7583470000276,2.3693663262077496,0.9656663275686673
566.0221639999937,2.790521457735707,0.6536961681926078,566.0047490000276,2.0783373309156974,0.9992370295015258
566.2690109999936,2.684365118518537,0.7403357070193286,566.2520910000277,1.8383934276715872,0.9992370295015258
566.5214199999941,2.570691938434089,0.8495252628009494,566.4956340000276,1.647169758591369,0.9992370295015258
566.7629929999941,2.4513635216602494,0.9153102746693794,566.7475800000278,1.4991191464832936,0.9992370295015258
567.0091539999938,2.3283925924456965,0.9862665310274669,566.9949020000279,1.3868449008595134,0.9992370295015258
567.252242999994,2.202896169436296,0.9992370295015258,567.2388670000278,1.3018621910249217,0.9992370295015258
567.500079999994,2.0787497003535567,0.9992370295015258,567.4788700000278,1.2347612458370816,0.9992370295015258
567.7481309999945,1.9658253033887254,0.9992370295015258,567.7333590000276,1.1757936990629911,0.9992370295015258
567.9907179999946,1.8786304668773708,0.9992370295015258,567.9874300000275,1.1176452173720295,0.9992370295015258
568.2540259999948,1.82613492873693,0.9992370295015258,568.2252940000278,1.0567902387110633,0.9992370295015258
568.4904479999947,1.8053149361235379,0.9992370295015258,568.4677460000277,0.9946663475306557,0.9992370295015258
568.7449239999951,1.8090942685400173,0.9992370295015258,568.7256510000273,0.9364635950139518,0.9992370295015258
568.9814119999945,1.8348278923722554,0.9992370295015258,568.9661410000269,0.8893398560470063,0.9992370295015258
569.2314079999942,1.8879106208221115,0.9992370295015258,569.217719000027,0.8593049908196702,0.9992370295015258
569.4987249999946,1.9834089661808727,0.9992370295015258,569.463108000027,0.8485581366874306,0.9992370295015258
569.7302849999945,2.138094567331899,0.9992370295015258,569.7122090000269,0.853350635948033,0.9992370295015258
569.9766499999943,2.354166997636879,0.974059003051882,569.9563300000268,0.8638744111851805,0.9992370295015258
570.2258259999941,2.605904595809824,0.8139199728721601,570.2143980000274,0.867401367721958,0.9992370295015258
570.4747039999942,2.8442871933772884,0.6109698202780603,570.4582280000274,0.85356203537291,0.9992370295015258
570.7181859999947,3.0190420280144674,0.4649881315700237,570.7002720000276,0.8206307997473463,0.9992370295015258
570.9706509999946,3.100140333889283,0.3949643947100712,570.9472620000276,0.7786823807215807,0.9992370295015258
571.2117539999946,3.0801989202600843,0.41276703967446593,571.1925930000278,0.7449268115530516,0.9992370295015258
571.4624899999945,2.964600435391728,0.5017802644964395,571.4435150000274,0.733605243445681,0.9992370295015258
571.7184279999944,2.765114862951016,0.6750593421498814,571.6870040000272,0.7493297366641827,0.9992370295015258
571.9595469999945,2.509853023073519,0.8901322482197355,571.9379130000273,0.7870592792119435,0.9992370295015258
572.2007919999944,2.2443467825540817,0.9992370295015258,572.1859080000278,0.8379026641461806,0.9992370295015258
572.4563229999947,2.0110463029868573,0.9992370295015258,572.4302700000278,0.8931020675359209,0.9992370295015258
572.7107369999945,1.8286962008853502,0.9992370295015258,572.6783530000281,0.9464803821646869,0.9992370295015258
572.9456789999948,1.695158643502371,0.9992370295015258,572.933111000028,0.9955291903689144,0.9992370295015258
573.1981159999947,1.5994457201750796,0.9992370295015258,573.188442000028,1.0424353005689357,0.9992370295015258
573.4448919999942,1.529793502165893,0.9992370295015258,573.4280680000279,1.0935615761398685,0.9992370295015258
573.6924489999942,1.4796447219602518,0.9992370295015258,573.6791140000279,1.1563911380679055,0.9992370295015258
573.9303689999944,1.450018949147321,0.9992370295015258,573.9195570000279,1.2350709344781712,0.9992370295015258
574.1908589999945,1.453206113779664,0.9992370295015258,574.1797020000276,1.3281580166891624,0.9992370295015258
574.4348739999946,1.5122205750460995,0.9992370295015258,574.4158270000278,1.425147102970064,0.9992370295015258
574.6769599999946,1.6464730656569555,0.9992370295015258,574.672374000028,1.5072680551565392,0.9992370295015258
574.9289479999944,1.8476356762503552,0.9992370295015258,574.9106720000276,1.5497426514831922,0.9992370295015258
575.1703869999942,2.0685903846078095,0.9992370295015258,575.156258000028,1.533657518914524,0.9992370295015258
575.4208569999938,2.2449830658445826,0.9992370295015258,575.4102820000277,1.4594162297188258,0.9992370295015258
575.6697899999938,2.333994182054963,0.9839776195320447,575.6481750000279,1.3456938547101411,0.9992370295015258
575.9228659999937,2.3260943084422054,0.9885554425228891,575.8968660000281,1.2174973702703742,0.9992370295015258
576.1666909999938,2.2312857700597832,0.9992370295015258,576.145790000028,1.0965297124101334,0.9992370295015258
576.4192069999938,2.0697298425642403,0.9992370295015258,576.4026610000279,0.9970751875198047,0.9992370295015258
576.6652149999937,1.8708828072688535,0.9992370295015258,576.6350700000281,0.9271652576834387,0.9992370295015258
576.9077239999934,1.6712741372899307,0.9992370295015258,576.890751000028,0.888158307524397,0.9992370295015258
577.1751249999935,1.5078142712398774,0.9992370295015258,577.1390520000281,0.8759067489273967,0.9992370295015258
577.4006159999932,1.4104607222220975,0.9992370295015258,577.3800380000278,0.8813610142141789,0.9992370295015258
577.6563139999935,1.398402593867448,0.9992370295015258,577.6298210000277,0.8914215695843009,0.9992370295015258
577.8942709999935,1.476313417040338,0.9992370295015258,577.8914390000277,0.8921852395184356,0.9992370295015258
578.1391969999936,1.6286403822326727,0.9992370295015258,578.1238590000271,0.8757565971489398,0.9992370295015258
578.3881439999935,1.8175827557587483,0.9992370295015258,578.3657630000272,0.8444025864787199,0.9992370295015258
578.6431479999936,1.9917388920559231,0.9992370295015258,578.6162320000267,0.807710878176703,0.9992370295015258
578.8946519999938,2.1069568406751085,0.9992370295015258,578.8657450000267,0.7755090475642534,0.9992370295015258
579.1389439999934,2.147314212727462,0.9992370295015258,579.1133170000263,0.7555824853368982,0.9992370295015258
579.3890679999935,2.1300913435980178,0.9992370295015258,579.363307000026,0.7537578014243359,0.9992370295015258
579.6238919999935,2.0894464776393216,0.9992370295015258,579.6099700000261,0.7757936696665855,0.9992370295015258
579.8729629999938,2.062244399381179,0.9992370295015258,579.8550910000263,0.8264977374438786,0.9992370295015258
580.1198529999938,2.082133777388837,0.9992370295015258,580.1154390000264,0.9043931659111732,0.9992370295015258
580.3862939999945,2.1663333252180896,0.9992370295015258,580.3549790000266,0.9951954675004024,0.9992370295015258
580.6169059999944,2.301796136936847,0.9977110885045777,580.6027160000265,1.071817836137659,0.9992370295015258
580.8620009999945,2.44826020008333,0.9168362156663276,580.8630180000265,1.1097252033695628,0.9992370295015258
581.115960999994,2.561612032743555,0.8557985757884028,581.1011230000264,1.1003218861059945,0.9992370295015258
581.359901999994,2.613757936849604,0.8044252288911496,581.3426890000262,1.0501436430867312,0.9992370295015258
581.6038469999945,2.5973948015655566,0.8186673448626653,581.5834840000264,0.9730371066890229,0.9992370295015258
581.8533239999944,2.523089273576021,0.8817395727365208,581.8401020000265,0.8841626996665031,0.9992370295015258
582.1029089999943,2.414218314346154,0.9397253306205493,582.0805070000265,0.7977973799463436,0.9992370295015258
582.3452839999943,2.302181909681515,0.9977110885045777,582.3299870000263,0.726427751550923,0.9992370295015258
582.5967759999942,2.218039223634484,0.9992370295015258,582.5814400000263,0.6795517380804476,0.9992370295015258
582.8451979999941,2.1780973737567186,0.9992370295015258,582.833488000026,0.6604836445442429,0.9992370295015258
583.0977379999937,2.1709609478822247,0.9992370295015258,583.0753570000259,0.6626254224380593,0.9992370295015258
583.3363029999934,2.1623180733916008,0.9992370295015258,583.3248820000258,0.672100508065888,0.9992370295015258
583.5991239999937,2.1242263840755062,0.9992370295015258,583.5722380000261,0.6785982177752259,0.9992370295015258
583.8391229999935,2.0549616977343583,0.9992370295015258,583.8215060000264,0.6792381218930389,0.9992370295015258
584.0832629999934,1.96971864687627,0.9992370295015258,584.0733950000263,0.6750704826816594,0.9992370295015258
584.3298239999936,1.885223812227762,0.9992370295015258,584.3166130000261,0.6669418209235617,0.9992370295015258
584.5765939999936,1.8127972744856884,0.9992370295015258,584.5614110000259,0.6564947255025197,0.9992370295015258
584.8441149999938,1.7570023160462491,0.9992370295015258,584.807395000026,0.646811122628361,0.9992370295015258
585.0677819999936,1.7156549116840374,0.9992370295015258,585.0556990000264,0.6435607329429938,0.9992370295015258
585.3231549999934,1.6803097508821019,0.9992370295015258,585.2973830000267,0.6558750879830261,0.9992370295015258
585.5797039999936,1.6388313219228379,0.9992370295015258,585.5463610000263,0.6954059192778979,0.9992370295015258
585.8177199999939,1.5828932877591146,0.9992370295015258,585.7968520000267,0.7707767193968467,0.9992370295015258
586.071642999994,1.5090812790485761,0.9992370295015258,586.0560600000264,0.8783355717750014,0.9992370295015258
586.3175739999939,1.4202067077236782,0.9992370295015258,586.303936000026,1.0003908350324826,0.9992370295015258
586.5740309999934,1.324607499708775,0.9992370295015258,586.5379420000261,1.1152901662842742,0.9992370295015258
586.8223679999934,1.2352849450563181,0.9992370295015258,586.7920620000262,1.207456340469805,0.9992370295015258
587.0794769999939,1.1677915368775749,0.9992370295015258,587.0356930000262,1.2699222156285526,0.9992370295015258
587.299444999994,1.1368041489820502,0.9992370295015258,587.2910690000259,1.3035750317756063,0.9992370295015258
587.5723169999942,1.1505427684739333,0.9992370295015258,587.5400140000262,1.3134886838006148,0.9992370295015258
587.8008299999943,1.2070022233642128,0.9992370295015258,587.7803410000263,1.3062541584628795,0.9992370295015258
588.0582389999942,1.2951752270634302,0.9992370295015258,588.027510000026,1.2880200664663848,0.9992370295015258
588.300765999994,1.4002342468591762,0.9992370295015258,588.2743040000261,1.263755582873381,0.9992370295015258
588.5583289999936,1.5068013484287612,0.9992370295015258,588.5388270000258,1.2379308049337778,0.9992370295015258
588.7878129999935,1.601365071946016,0.9992370295015258,588.768034000026,1.215643570096924,0.9992370295015258
589.0277379999932,1.6752052843589245,0.9992370295015258,589.0139440000258,1.203414627299822,0.9992370295015258
589.2777109999934,1.7307842599496552,0.9992370295015258,589.258767000026,1.2082361650603615,0.9992370295015258
589.5414139999933,1.786121172644336,0.9992370295015258,589.5184200000263,1.2329209310002553,0.9992370295015258
589.7833089999932,1.866006118869106,0.9992370295015258,589.7593980000265,1.2687086342482594,0.9992370295015258
590.0241529999932,1.9773089104174737,0.9992370295015258,590.0052380000261,1.2948591287022235,0.9992370295015258
590.2699239999934,2.097019772847885,0.9992370295015258,590.2521240000266,1.2943593724582365,0.9992370295015258
590.5158909999938,2.1904530770983714,0.9992370295015258,590.5021240000267,1.2671942567440257,0.9992370295015258
590.7758659999937,2.236174936136248,0.9992370295015258,590.7460970000269,1.2243181883889036,0.9992370295015258
591.0079169999941,2.2422062546354256,0.9992370295015258,590.9996540000272,1.1783826890578266,0.9992370295015258
591.2784169999937,2.2450453779556003,0.9992370295015258,591.2425350000269,1.1387912318007192,0.9992370295015258
591.5103939999938,2.2903328999757826,0.9992370295015258,591.4919250000264,1.1104928919788786,0.9992370295015258
591.7499079999938,2.4157051435521155,0.9374364191251271,591.7437100000268,1.0938940456487964,0.9992370295015258
592.022335999994,2.6391298639521716,0.7830620549338759,591.9877170000265,1.0853489938684044,0.9992370295015258
592.2527419999942,2.9519750241150997,0.5124618514750762,592.2291320000265,1.0795978788448422,0.9992370295015258
592.517248999994,3.3166650749900874,0.27034587995930826,592.4786340000268,1.0720307901725796,0.9992370295015258
592.7396509999941,3.671038294699613,0.10223804679552391,592.7346210000264,1.0606561419269043,0.9992370295015258
592.9943599999938,3.9419612303568874,0.0,593.0095860000263,1.0453115236454438,0.9992370295015258
593.2780609999943,4.063704987648619,0.0,593.219401000026,1.0270285012266702,0.9992370295015258
593.4856359999942,4.000624415724679,0.0,593.4738920000258,1.00912860952032,0.9992370295015258
593.7331319999944,3.770268752618251,0.059511698880976564,593.7222880000255,0.9970463682920635,0.9992370295015258
594.0165279999948,3.4499586543340466,0.1896405561207189,593.9748480000258,0.9966494522221565,0.9992370295015258
594.2348149999947,3.132835190932227,0.37360122075279756,594.2182060000255,1.0112469859888407,0.9992370295015258
594.4787849999946,2.8812773075524833,0.5706171583587658,594.4622450000254,1.0396598649588777,0.9992370295015258
594.7406959999939,2.7035735217704473,0.730840963038318,594.7030390000253,1.0797653517337924,0.9992370295015258
595.002764999994,2.570835361095082,0.8495252628009494,594.9618520000253,1.1318361997070616,0.9992370295015258
595.241144999994,2.4495494723076052,0.9160732451678534,595.2074930000255,1.1976329593965798,0.9992370295015258
595.480301999994,2.319062912726088,0.9931332655137334,595.4484370000255,1.2768014139408297,0.9992370295015258
595.7530639999941,2.1811608040528805,0.9992370295015258,595.7003670000258,1.3621428228887267,0.9992370295015258
595.9650499999938,2.053531726774742,0.9992370295015258,595.9469000000256,1.4387252652824223,0.9992370295015258
596.2210459999934,1.9586873219054528,0.9992370295015258,596.2101060000257,1.4920264637990353,0.9992370295015258
596.4685739999934,1.9155136488695104,0.9992370295015258,596.4414430000254,1.518798313021912,0.9992370295015258
596.7071399999934,1.9326009193870122,0.9992370295015258,596.6995030000254,1.5307934643969405,0.9992370295015258
596.9580529999932,1.9982102025786603,0.9992370295015258,596.9346040000253,1.5462570033816714,0.9992370295015258
597.2040569999931,2.0805037335080967,0.9992370295015258,597.1795130000249,1.5736811868421667,0.9992370295015258
597.459123999993,2.144575184758191,0.9992370295015258,597.4314280000249,1.6021589963176304,0.9992370295015258
597.7375399999927,2.1734855223615934,0.9992370295015258,597.6750170000248,1.6093711774744233,0.9992370295015258
597.9526249999927,2.171817160836743,0.9992370295015258,597.9204850000249,1.5800252482071122,0.9992370295015258
598.1894799999925,2.156557639407784,0.9992370295015258,598.1724430000247,1.5145978157246605,0.9992370295015258
598.4355389999922,2.1425567231299203,0.9992370295015258,598.4185520000249,1.4253291344257195,0.9992370295015258
598.6859429999924,2.1334663532544824,0.9992370295015258,598.6715720000252,1.3276789044118478,0.9992370295015258
598.9699219999924,2.1227529316135074,0.9992370295015258,598.9123610000253,1.2350621550884426,0.9992370295015258
599.1829479999923,2.0977726955587204,0.9992370295015258,599.1657940000256,1.1560415363184118,0.9992370295015258
599.4329189999926,2.050645757361823,0.9992370295015258,599.4221860000259,1.094368891958657,0.9992370295015258
599.6732949999927,1.9915689962997805,0.9992370295015258,599.6613420000259,1.050548680727571,0.9992370295015258
599.9224809999926,1.9463066558613968,0.9992370295015258,599.9077390000261,1.0240386886320376,0.9992370295015258
600.1888379999922,1.9394212842205503,0.9992370295015258,600.1627490000261,1.0152937098360222,0.9992370295015258
600.4342739999923,1.9767045256763744,0.9992370295015258,600.3971960000264,1.0259239323810587,0.9992370295015258
600.6657039999919,2.0383379801918977,0.9992370295015258,600.6489980000264,1.0579824968873854,0.9992370295015258
600.928749999992,2.090608769684888,0.9992370295015258,600.8924830000262,1.1138941318263786,0.9992370295015258
601.172333999992,2.1038940264678625,0.9992370295015258,601.1434720000259,1.196085830772486,0.9992370295015258
601.403709999992,2.064134085334368,0.9992370295015258,601.3965380000255,1.307469873348379,0.9992370295015258
601.6712319999912,1.9802742282408348,0.9992370295015258,601.6464920000252,1.4484449100076375,0.9992370295015258
601.9120539999911,1.8828908382248453,0.9992370295015258,601.879830000025,1.6094897783785767,0.9992370295015258
602.1811899999914,1.8110320772290742,0.9992370295015258,602.132877000025,1.7673374131889241,0.9992370295015258
602.4143099999912,1.789035784145388,0.9992370295015258,602.4072010000251,1.889395220528424,0.9992370295015258
602.6428589999913,1.8072905869747766,0.9992370295015258,602.6326610000249,1.9502701735739993,0.9992370295015258
602.9002169999914,1.8261577794161632,0.9992370295015258,602.8893380000247,1.9515338378614837,0.9992370295015258
603.1461289999914,1.8046161529199445,0.9992370295015258,603.1205990000249,1.91665750519771,0.9992370295015258
603.4236499999913,1.7270142030275497,0.9992370295015258,603.373793000025,1.8721091170522781,0.9992370295015258
603.6436289999921,1.6010155236802752,0.9992370295015258,603.6156900000244,1.8379044648978469,0.9992370295015258
603.8895449999918,1.4450789598602745,0.9992370295015258,603.8797350000242,1.8269266697747812,0.9992370295015258
604.1436229999916,1.2799490346787192,0.9992370295015258,604.108421000024,1.8441517548382191,0.9992370295015258
604.3855619999912,1.1263292641824365,0.9992370295015258,604.3584050000242,1.8837748433602224,0.9992370295015258
604.6269629999911,1.0028662960904886,0.9992370295015258,604.6139070000243,1.9287525674558135,0.9992370295015258
604.8798879999908,0.9234146106744981,0.9992370295015258,604.8550320000245,1.956429435308184,0.9992370295015258
605.1350999999909,0.8935296333174552,0.9992370295015258,605.1014510000241,1.946518373570374,0.9992370295015258
605.3978839999908,0.9086006140383984,0.9992370295015258,605.3469270000242,1.8891193362428291,0.9992370295015258
605.6154409999913,0.9553300319651518,0.9992370295015258,605.5967360000241,1.7893619547308888,0.9992370295015258
605.8644419999912,1.018597083521751,0.9992370295015258,605.8467360000243,1.6654655918125145,0.9992370295015258
606.1123169999913,1.0895197375847057,0.9992370295015258,606.1037170000242,1.5387570164968813,0.9992370295015258
606.3728649999912,1.1690509046338553,0.9992370295015258,606.3380940000243,1.4242943253223186,0.9992370295015258
606.6507759999911,1.2653843282871913,0.9992370295015258,606.5847570000242,1.3309904496061336,0.9992370295015258
606.9047479999913,1.3852991162609745,0.9992370295015258,606.8336050000244,1.2657561979033924,0.9992370295015258
607.1271649999916,1.5263525756652117,0.9992370295015258,607.0970480000244,1.237508132165506,0.9992370295015258
,,,607.3401360000242,1.2572817024134044,0.9992370295015258
,,,607.5840940000245,1.3317022008152837,0.9992370295015258
,,,607.8300710000243,1.453882674331656,0.9992370295015258
,,,608.0740380000244,1.5968819872054065,0.9992370295015258
,,,608.3289010000242,1.7195856287133071,0.9992370295015258
,,,608.5777430000243,1.7863319981999892,0.9992370295015258
,,,608.8254130000238,1.78104498207138,0.9992370295015258
,,,609.0705030000236,1.7072364298993972,0.9992370295015258
,,,609.3104930000235,1.5851243037234315,0.9992370295015258
,,,609.5523550000233,1.4444674850482868,0.9992370295015258
