condition 1 time (s),condition 1 tbr,condition 1 nai,condition 2 time (s),condition 2 tbr,condition 2 nai
4.356986999999996,16.98615492145343,0.0,4.3556150000000065,25.55501469367421,0.0
4.5881180000000015,18.26833135197805,0.0,4.632038000000004,22.481799854936753,0.0
4.839094000000001,18.339618354555768,0.0,4.969233,19.28630482932116,0.0
5.091122000000001,16.517671964177335,0.0,5.193523000000002,16.512114402097133,0.0
5.337465000000004,14.329483173954694,0.0,5.4391169999999995,14.23496653098367,0.0
5.585391000000003,12.43059856602239,0.0,5.738443999999998,12.40673618307971,0.0
5.838455000000002,10.994766012616092,0.0,5.889513999999995,10.96026252539089,0.0
6.083386000000001,10.001169777812416,0.0,6.108832999999996,9.84586204035295,0.0
6.325741999999998,9.374111755705723,0.0,6.447641,9.032514923951172,0.0
6.577173,9.015596839268467,0.0,6.654276000000001,8.473510932603148,0.0
6.828385000000002,8.86219527504895,0.0,7.005214,8.089041302046166,0.0
7.066354000000001,8.800457736450989,0.0,7.282590999999995,7.745640601066226,0.0
7.33821,8.696522165192516,0.0,7.456771999999995,7.3283403038136345,0.0
7.576118,8.50767909548448,0.0,7.589183999999993,6.811236067882177,0.0
7.807973000000002,8.21379147609926,0.0,7.813165999999992,6.194667808611221,0.0
8.058276999999999,7.811339001575004,0.0,8.075141999999992,5.523860683809137,0.0
8.315023000000009,7.311666329596392,0.0,8.30353799999999,4.861312387192266,0.12923076923076918
8.551614000000011,6.754011033786563,0.0,8.550475999999993,4.2509130943441455,0.5831623931623933
8.80583000000001,6.167481549637978,0.0,8.80858199999999,3.7059186709170575,0.9569230769230769
9.045018000000008,5.564525847220715,0.0,9.047519999999993,3.223173033075862,0.9992307692307691
9.309874000000013,4.959818940799016,0.08846153846153847,9.292896999999991,2.7970402353871053,0.9992307692307691
9.55243500000001,4.370157134302244,0.479059829059829,9.538502,2.427227330949325,0.9992307692307691
9.787889000000007,3.8034890040952036,0.9161538461538461,9.782973000000002,2.108993937041106,0.9992307692307691
10.035254000000004,3.272727711983544,0.9992307692307691,10.02851700000001,1.833907595513065,0.9992307692307691
10.292805000000008,2.7983459124424885,0.9992307692307691,10.279450000000011,1.5977523749563636,0.9992307692307691
10.547957000000011,2.4007616027276266,0.9992307692307691,10.522466000000014,1.3963120132496458,0.9992307692307691
10.780370000000008,2.095434916998487,0.9992307692307691,10.773474000000018,1.2249833541927502,0.9992307692307691
11.050548000000012,1.8880894863709825,0.9992307692307691,11.022678000000026,1.08151676733377,0.9992307692307691
11.277408000000007,1.7739031395727989,0.9992307692307691,11.294977000000031,0.9687927045501599,0.9992307692307691
11.527393000000009,1.7317058139975443,0.9992307692307691,11.511586000000039,0.8942877007180314,0.9992307692307691
11.769649000000012,1.7272645408497052,0.9992307692307691,11.765559000000039,0.8658381920852788,0.9992307692307691
12.024068000000018,1.7265789105088487,0.9992307692307691,12.011548000000039,0.8868183242152883,0.9992307692307691
12.258534000000015,1.7075645274227218,0.9992307692307691,12.255891000000048,0.9508126640543331,0.9992307692307691
12.51438400000002,1.6705847791549253,0.9992307692307691,12.498788000000056,1.0377182675735037,0.9992307692307691
12.771767000000022,1.6382083801993883,0.9992307692307691,12.753446000000062,1.1211675619504073,0.9992307692307691
13.021808000000018,1.6394934754690453,0.9992307692307691,12.998318000000063,1.1814216374098818,0.9992307692307691
13.250918000000018,1.6872825538111105,0.9992307692307691,13.254888000000065,1.2144673844513845,0.9992307692307691
13.50089800000002,1.7692360826912312,0.9992307692307691,13.496179000000069,1.2272750414607172,0.9992307692307691
13.750846000000015,1.8559085598872966,0.9992307692307691,13.744217000000072,1.2285560015178683,0.9992307692307691
14.000722000000017,1.9171852697096126,0.9992307692307691,13.99012200000007,1.2231383140765835,0.9992307692307691
14.241806000000022,1.9377335177757593,0.9992307692307691,14.236250000000075,1.2104584927913598,0.9992307692307691
14.493026000000025,1.9201883137016726,0.9992307692307691,14.488499000000077,1.1867541604404244,0.9992307692307691
14.737732000000024,1.8799227916572097,0.9992307692307691,14.743010000000075,1.1505966658865106,0.9992307692307691
15.015751000000026,1.8371473478759828,0.9992307692307691,14.978987000000073,1.106458788457271,0.9992307692307691
15.24010000000003,1.8094994734909062,0.9992307692307691,15.221936000000074,1.0647966826066226,0.9992307692307691
15.478088000000035,1.8072708047595691,0.9992307692307691,15.479117000000077,1.0384792232531666,0.9992307692307691
15.729498000000037,1.8329656942542545,0.9992307692307691,15.717570000000077,1.0344465176577566,0.9992307692307691
15.971920000000038,1.8828092097068385,0.9992307692307691,15.97195100000008,1.0444338624612128,0.9992307692307691
16.225893000000045,1.9504362315830837,0.9992307692307691,16.22896500000008,1.0467934656383147,0.9992307692307691
16.472526000000038,2.0268219346563328,0.9992307692307691,16.467365000000086,1.0268323372511818,0.9992307692307691
16.71747600000002,2.0979027828885424,0.9992307692307691,16.71086800000008,0.9871538507498396,0.9992307692307691
16.969049000000016,2.144850753934984,0.9992307692307691,16.959318000000064,0.9401629162729669,0.9992307692307691
17.21203,2.1530804041806437,0.9992307692307691,17.204426000000048,0.8992790974601786,0.9992307692307691
17.46599599999999,2.120700252707058,0.9992307692307691,17.453320000000048,0.8749009563104632,0.9992307692307691
17.715009999999985,2.0571989538719437,0.9992307692307691,17.700313000000037,0.8730544765457053,0.9992307692307691
17.957416999999968,1.9778459490272686,0.9992307692307691,17.94961500000004,0.8953178658714432,0.9992307692307691
18.22925899999996,1.8964745175987596,0.9992307692307691,18.194979000000046,0.9380031457132161,0.9992307692307691
18.452875999999954,1.8167587906311544,0.9992307692307691,18.439623000000047,0.993699232654241,0.9992307692307691
18.702398999999936,1.7335863788004977,0.9992307692307691,18.68513100000004,1.0553810423686891,0.9992307692307691
18.946866999999926,1.640538594811757,0.9992307692307691,18.94789600000005,1.1181314916487923,0.9992307692307691
19.193800999999915,1.5365924419999863,0.9992307692307691,19.17523700000005,1.1779514179464008,0.9992307692307691
19.4413159999999,1.4265918267785105,0.9992307692307691,19.42473200000005,1.2300331196849559,0.9992307692307691
19.68971299999988,1.317635397742598,0.9992307692307691,19.678216000000038,1.2682234751725354,0.9992307692307691
19.933587999999872,1.217451271947719,0.9992307692307691,19.926985000000023,1.2871990702243177,0.9992307692307691
20.188972999999883,1.1340126463422138,0.9992307692307691,20.16689800000003,1.2837977405165044,0.9992307692307691
20.43829599999987,1.075960542500006,0.9992307692307691,20.420479000000018,1.2596726163011482,0.9992307692307691
20.67779599999988,1.051023124005288,0.9992307692307691,20.670022,1.221947626510566,0.9992307692307691
20.925897999999858,1.0628916367490562,0.9992307692307691,20.91037499999999,1.1792137944062304,0.9992307692307691
21.178748999999858,1.1119488281746013,0.9992307692307691,21.158901999999987,1.1387849523341922,0.9992307692307691
21.433608999999844,1.1951820437158263,0.9992307692307691,21.405281999999975,1.1045888764303295,0.9992307692307691
21.676316999999827,1.3079875940429364,0.9992307692307691,21.65081999999997,1.0785288819634606,0.9992307692307691
21.91453099999982,1.4412507106287318,0.9992307692307691,21.902738999999936,1.0628971661840643,0.9992307692307691
22.167594999999803,1.5756990089052683,0.9992307692307691,22.14952999999992,1.0611935717086818,0.9992307692307691
22.410951999999792,1.6861763655421154,0.9992307692307691,22.39708999999991,1.0748036113907022,0.9992307692307691
22.686556999999794,1.7562908823724084,0.9992307692307691,22.641045999999903,1.1009780599221042,0.9992307692307691
22.903837999999777,1.7808938238394327,0.9992307692307691,22.8894699999999,1.1329048091563947,0.9992307692307691
23.169926999999774,1.7586346870985183,0.9992307692307691,23.13905199999989,1.1611399346240108,0.9992307692307691
23.402279999999788,1.6896332430267682,0.9992307692307691,23.402662999999865,1.1781412520293948,0.9992307692307691
23.648770999999794,1.5792745687561662,0.9992307692307691,23.632057999999848,1.181920834748601,0.9992307692307691
23.902769999999794,1.4408708385174278,0.9992307692307691,23.87690399999984,1.176825129777626,0.9992307692307691
24.146191999999782,1.2942721535492376,0.9992307692307691,24.128310999999826,1.170314669083289,0.9992307692307691
24.395148999999773,1.1598225699739744,0.9992307692307691,24.372299999999814,1.1677980417539187,0.9992307692307691
24.648643999999777,1.0519633362308027,0.9992307692307691,24.629283999999807,1.1699080417774683,0.9992307692307691
24.886554999999756,0.9767762787816394,0.9992307692307691,24.87069999999979,1.1733872811266153,0.9992307692307691
25.137011999999732,0.9338498799317583,0.9992307692307691,25.118735999999775,1.1721907146929096,0.9992307692307691
25.38133899999971,0.9182720991609779,0.9992307692307691,25.363265999999783,1.1586861922629388,0.9992307692307691
25.623890999999702,0.9219135898576546,0.9992307692307691,25.608791999999763,1.128665373305926,0.9992307692307691
25.8948619999997,0.9365968900267663,0.9992307692307691,25.861800999999748,1.0842275683269518,0.9992307692307691
26.124727999999685,0.9586694775534688,0.9992307692307691,26.10535899999973,1.0336285504416332,0.9992307692307691
26.378518999999667,0.997026822538502,0.9992307692307691,26.35365799999972,0.9865025358878141,0.9992307692307691
26.61397299999967,1.071575921586262,0.9992307692307691,26.609594999999715,0.9476501525629506,0.9992307692307691
26.86637699999966,1.2003291364812547,0.9992307692307691,26.848649999999704,0.9138936667398944,0.9992307692307691
27.116013999999662,1.381359041363932,0.9992307692307691,27.103662999999703,0.8781345351559132,0.9992307692307691
27.360345999999648,1.5874917787765939,0.9992307692307691,27.345532999999687,0.8369885722832997,0.9992307692307691
27.614664999999636,1.781609128968028,0.9992307692307691,27.59549699999966,0.7920772364514901,0.9992307692307691
27.856657999999637,1.933680235303072,0.9992307692307691,27.840715999999656,0.7483942594353873,0.9992307692307691
28.10601399999963,2.0272299093214414,0.9992307692307691,28.092767999999644,0.712634554065515,0.9992307692307691
28.35827499999962,2.0593735207541193,0.9992307692307691,28.33627599999963,0.6923527829556554,0.9992307692307691
28.59998499999962,2.03741742189925,0.9992307692307691,28.582662999999613,0.6957386866720507,0.9992307692307691
28.841935999999595,1.9767169821658426,0.9992307692307691,28.83764899999959,0.7310455170078457,0.9992307692307691
29.091443999999587,1.8973355921596364,0.9992307692307691,29.079153999999562,0.8049922436526524,0.9992307692307691
29.33944499999957,1.8163317652711692,0.9992307692307691,29.323454999999544,0.9177550677781023,0.9992307692307691
29.596651999999548,1.7431160682886138,0.9992307692307691,29.566918999999526,1.0564925602202386,0.9992307692307691
29.83457299999953,1.6803922389727666,0.9992307692307691,29.822865999999507,1.1950432238249356,0.9992307692307691
30.084569999999513,1.6271168171235064,0.9992307692307691,30.06284399999949,1.3021883249344999,0.9992307692307691
30.331268999999505,1.5784752241809352,0.9992307692307691,30.31092299999949,1.3537194130560413,0.9992307692307691
30.577197999999495,1.5274290095187721,0.9992307692307691,30.556234999999457,1.3439902987559207,0.9992307692307691
30.826866999999485,1.4701703912385753,0.9992307692307691,30.816922999999456,1.2873768662715626,0.9992307692307691
31.074044999999458,1.4089952037220526,0.9992307692307691,31.07528899999945,1.209439086730601,0.9992307692307691
31.32291699999945,1.3516897363571516,0.9992307692307691,31.302845999999438,1.1356159846876712,0.9992307692307691
31.57881799999945,1.305695737905579,0.9992307692307691,31.548787999999426,1.0834429528686798,0.9992307692307691
31.81787399999944,1.2757002530698074,0.9992307692307691,31.791180999999415,1.058980998306706,0.9992307692307691
32.06284499999944,1.2638909444561872,0.9992307692307691,32.05037799999941,1.0567166006024138,0.9992307692307691
32.32635099999944,1.2697517350092895,0.9992307692307691,32.29163699999939,1.0637153463976463,0.9992307692307691
32.559248999999426,1.2910977012357727,0.9992307692307691,32.538232999999366,1.0675861469721064,0.9992307692307691
32.80555599999942,1.3242731956285474,0.9992307692307691,32.78080399999938,1.0622493168571763,0.9992307692307691
33.05452199999945,1.3628354279755324,0.9992307692307691,33.03821499999938,1.047375760071262,0.9992307692307691
33.299473999999464,1.395669039217641,0.9992307692307691,33.2815759999994,1.0264781627188024,0.9992307692307691
33.563032999999436,1.4109719750527927,0.9992307692307691,33.540275999999416,1.0048587207351904,0.9992307692307691
33.796029999999405,1.4001854444103297,0.9992307692307691,33.77173799999943,0.9886679472504999,0.9992307692307691
34.045368999999404,1.3658848056883068,0.9992307692307691,34.0269449999994,0.9827337569712142,0.9992307692307691
34.305462999999385,1.3217593355093702,0.9992307692307691,34.278892999999414,0.9881267813716816,0.9992307692307691
34.53734999999939,1.2828738381689169,0.9992307692307691,34.5112549999994,1.0008905625629518,0.9992307692307691
34.79029099999938,1.2608486705264337,0.9992307692307691,34.764516999999415,1.012453548769277,0.9992307692307691
35.03333499999938,1.2602692702279952,0.9992307692307691,35.01444199999944,1.0129091591905364,0.9992307692307691
35.27806799999937,1.2772428416993462,0.9992307692307691,35.26237599999945,0.9959596738782202,0.9992307692307691
35.53803799999939,1.304753435448951,0.9992307692307691,35.508117999999456,0.9634114454955633,0.9992307692307691
35.773452999999385,1.3416737342674676,0.9992307692307691,35.761811999999466,0.9254941763391383,0.9992307692307691
36.027925999999404,1.4005319671775505,0.9992307692307691,36.00311399999946,0.8955481895441258,0.9992307692307691
36.27700999999939,1.5027087647799042,0.9992307692307691,36.25114499999946,0.8827090760610278,0.9992307692307691
36.5318839999994,1.6697435339482412,0.9992307692307691,36.498588999999455,0.8890545698479448,0.9992307692307691
36.78672599999939,1.9052478700857194,0.9992307692307691,36.7561059999995,0.9119120033499826,0.9992307692307691
37.01861999999936,2.172050728587156,0.9992307692307691,36.991059999999486,0.9477823723564234,0.9992307692307691
37.269552999999355,2.4084021292300175,0.9992307692307691,37.235761999999504,0.9929683664821236,0.9992307692307691
37.50654099999937,2.5682291275657683,0.9992307692307691,37.483304999999504,1.0449695581709346,0.9992307692307691
37.76206599999938,2.646048791048959,0.9992307692307691,37.733786999999516,1.1014529608949382,0.9992307692307691
38.03561199999937,2.66819299863363,0.9992307692307691,37.98134499999951,1.1601981945593653,0.9992307692307691
38.25244199999937,2.6630151441053784,0.9992307692307691,38.22683099999952,1.2200785385156538,0.9992307692307691
38.501280999999366,2.646186030349483,0.9992307692307691,38.48425099999954,1.280972508011265,0.9992307692307691
38.74809499999936,2.6201498311332525,0.9992307692307691,38.74380499999954,1.3458300585153538,0.9992307692307691
38.995189999999354,2.5790984589216523,0.9992307692307691,38.96776799999953,1.4214457966634721,0.9992307692307691
39.246653999999324,2.518111103859808,0.9992307692307691,39.22033499999954,1.5128719281624075,0.9992307692307691
39.48870499999934,2.4410389054406965,0.9992307692307691,39.46690299999952,1.6162781141903688,0.9992307692307691
39.73554499999931,2.364375691856563,0.9992307692307691,39.71219099999953,1.7186177494244599,0.9992307692307691
39.983727999999324,2.3092204983938105,0.9992307692307691,39.96016999999952,1.8039117398213524,0.9992307692307691
40.237006999999316,2.288715832825325,0.9992307692307691,40.210659999999535,1.8595517338588354,0.9992307692307691
40.481463999999285,2.3057683535161453,0.9992307692307691,40.45039699999954,1.8816000390636631,0.9992307692307691
40.725878999999274,2.3505030158917806,0.9992307692307691,40.70035999999956,1.8734008761595284,0.9992307692307691
40.97935399999932,2.4012584512502886,0.9992307692307691,40.94535799999959,1.841728210076914,0.9992307692307691
41.23417099999929,2.433503583074718,0.9992307692307691,41.195317999999574,1.7973275860219275,0.9992307692307691
41.472216999999304,2.427059662543449,0.9992307692307691,41.44687599999959,1.7539702274642548,0.9992307692307691
41.71768299999931,2.375754009638352,0.9992307692307691,41.69285999999958,1.7238030293672861,0.9992307692307691
41.96471599999931,2.2911855311969824,0.9992307692307691,41.954473999999614,1.709612754774057,0.9992307692307691
42.21070699999932,2.1932439442138896,0.9992307692307691,42.17935699999963,1.7050120220170035,0.9992307692307691
42.46376199999931,2.103273351901265,0.9992307692307691,42.43244999999964,1.6997776984617499,0.9992307692307691
42.70706499999934,2.042563890065812,0.9992307692307691,42.676730999999634,1.6829256916041422,0.9992307692307691
42.957069999999355,2.0256403147009836,0.9992307692307691,42.92573699999964,1.6468427409072939,0.9992307692307691
43.20483299999937,2.0509388512655575,0.9992307692307691,43.170671999999634,1.5885258045268813,0.9992307692307691
43.45802299999936,2.0995761332407126,0.9992307692307691,43.42892199999963,1.5099303794161587,0.9992307692307691
43.699875999999364,2.1400158479116485,0.9992307692307691,43.66952799999963,1.4178755321982874,0.9992307692307691
43.94672699999936,2.141373178638296,0.9992307692307691,43.91484599999962,1.3222519012376068,0.9992307692307691
44.19671999999937,2.0964179554163076,0.9992307692307691,44.16643899999961,1.232394720844046,0.9992307692307691
44.44319399999938,2.0211060065859243,0.9992307692307691,44.420307999999615,1.1544765490153521,0.9992307692307691
44.69342099999936,1.9397164142038807,0.9992307692307691,44.66022399999962,1.092094469705021,0.9992307692307691
44.939936999999375,1.8693548748413225,0.9992307692307691,44.898263999999614,1.0471288208872858,0.9992307692307691
45.19447599999936,1.8088331783657776,0.9992307692307691,45.15667199999961,1.0215642322913652,0.9992307692307691
45.43476199999938,1.7429438967837636,0.9992307692307691,45.402685999999626,1.02030603135282,0.9992307692307691
45.67627899999938,1.6594692629545746,0.9992307692307691,45.65316899999964,1.0476886192420254,0.9992307692307691
45.923012999999415,1.558094896722352,0.9992307692307691,45.900705999999644,1.1073297302568852,0.9992307692307691
46.17557699999943,1.4474782219530506,0.9992307692307691,46.14141499999964,1.2027757515589366,0.9992307692307691
46.41622199999942,1.3401087826206444,0.9992307692307691,46.41190499999962,1.334633386233584,0.9992307692307691
46.674300999999396,1.2480133813605692,0.9992307692307691,46.63324099999964,1.4967465483312978,0.9992307692307691
46.91163699999941,1.180999098949627,0.9992307692307691,46.88327099999966,1.674152532561371,0.9992307692307691
47.15993099999942,1.1464664349962537,0.9992307692307691,47.12820999999964,1.8436285626461721,0.9992307692307691
47.40700399999941,1.1477085186861222,0.9992307692307691,47.38371299999963,1.9805872908423534,0.9992307692307691
47.6612449999994,1.183010194827446,0.9992307692307691,47.62688299999965,2.0668070248313577,0.9992307692307691
47.90210599999939,1.2455882835682397,0.9992307692307691,47.86913399999963,2.0947700829877154,0.9992307692307691
48.150084999999414,1.325260214147022,0.9992307692307691,48.1118309999996,2.067200278767699,0.9992307692307691
48.39506299999945,1.4084794049287481,0.9992307692307691,48.369411999999635,1.9952763664122681,0.9992307692307691
48.644343999999485,1.4751664726929703,0.9992307692307691,48.618720999999624,1.8955441487297728,0.9992307692307691
48.90789399999952,1.5048747140617917,0.9992307692307691,48.86036899999963,1.7847570530693262,0.9992307692307691
49.14015599999951,1.4874819328153086,0.9992307692307691,49.10612899999964,1.677559953668012,0.9992307692307691
49.38500799999955,1.4270917530598102,0.9992307692307691,49.354118999999635,1.582866358158727,0.9992307692307691
49.63435799999953,1.3412186223717137,0.9992307692307691,49.61379499999965,1.504194692454709,0.9992307692307691
49.88236499999952,1.2534568489955356,0.9992307692307691,49.851827999999664,1.439580119802073,0.9992307692307691
50.13195199999955,1.1864924504141134,0.9992307692307691,50.10038099999968,1.3827022156154727,0.9992307692307691
50.37875699999955,1.1615379314040977,0.9992307692307691,50.342222999999684,1.3272036890755365,0.9992307692307691
50.62203099999959,1.2003860013727126,0.9992307692307691,50.59035099999967,1.2696849015079752,0.9992307692307691
50.87840399999961,1.3227852673845777,0.9992307692307691,50.8367069999997,1.2092214986635244,0.9992307692307691
51.1199079999996,1.534331422686418,0.9992307692307691,51.086613999999706,1.1481012444963337,0.9992307692307691
51.364746999999596,1.8154215207630537,0.9992307692307691,51.336484999999726,1.0905030801725784,0.9992307692307691
51.611800999999616,2.12352240477505,0.9992307692307691,51.58132799999973,1.0410901207447485,0.9992307692307691
51.86416299999961,2.4055716511408853,0.9992307692307691,51.82466199999974,1.004784808108183,0.9992307692307691
52.11908899999961,2.6164724506368673,0.9992307692307691,52.077244999999756,0.9858256483028676,0.9992307692307691
52.36419699999962,2.7311150797803436,0.9992307692307691,52.32466699999975,0.9858132943509034,0.9992307692307691
52.60550199999964,2.7508472078485866,0.9992307692307691,52.56576799999978,0.9999917553247534,0.9992307692307691
52.84988699999963,2.7049619317490676,0.9992307692307691,52.82494499999977,1.0181732237495325,0.9992307692307691
53.09406699999963,2.635810371430904,0.9992307692307691,53.06733499999978,1.0288470093233288,0.9992307692307691
53.34390999999964,2.5833753953358505,0.9992307692307691,53.31487499999978,1.0250456981675973,0.9992307692307691
53.58787899999966,2.5726053083616756,0.9992307692307691,53.55884699999977,1.0065453567058222,0.9992307692307691
53.83995599999964,2.60657930665284,0.9992307692307691,53.806240999999766,0.9766096696720586,0.9992307692307691
54.089901999999626,2.668397907581937,0.9992307692307691,54.05624299999976,0.9411950645124499,0.9992307692307691
54.339255999999665,2.725523165757095,0.9992307692307691,54.306858999999776,0.9083630695709461,0.9992307692307691
54.58037899999968,2.7416815997137416,0.9992307692307691,54.547344999999765,0.8863691885122482,0.9992307692307691
54.8394159999997,2.69049638235302,0.9992307692307691,54.792282999999784,0.8827155830530006,0.9992307692307691
55.08324299999969,2.5648364797035517,0.9992307692307691,55.04364899999976,0.906660354965632,0.9992307692307691
55.32037499999968,2.3817225981454793,0.9992307692307691,55.29121699999976,0.9697931359017973,0.9992307692307691
55.57990399999967,2.1718064181353243,0.9992307692307691,55.54408999999976,1.0816772400221293,0.9992307692307691
55.82272999999967,1.9648800860330442,0.9992307692307691,55.78167399999977,1.2411478899304784,0.9992307692307691
56.06872899999969,1.7835354954947984,0.9992307692307691,56.03074999999979,1.431185924944485,0.9992307692307691
56.31536699999968,1.641214597952362,0.9992307692307691,56.2856929999998,1.6246780864511983,0.9992307692307691
56.579342999999696,1.5431393757698515,0.9992307692307691,56.533748999999816,1.7948024020557087,0.9992307692307691
56.81308499999969,1.48883112543809,0.9992307692307691,56.78936099999977,1.9236335372882847,0.9992307692307691
57.05801399999967,1.471384788191357,0.9992307692307691,57.020661999999795,2.0025360507423033,0.9992307692307691
57.30606399999969,1.4755224885441298,0.9992307692307691,57.28668499999982,2.030497043519021,0.9992307692307691
57.56466399999968,1.4839596383700517,0.9992307692307691,57.51636999999982,2.013548508447114,0.9992307692307691
57.8020169999997,1.483941998285458,0.9992307692307691,57.7742589999998,1.9650504275522345,0.9992307692307691
58.053014999999704,1.4691881427153686,0.9992307692307691,58.0107389999998,1.9013739440334465,0.9992307692307691
58.297216999999705,1.440376111035148,0.9992307692307691,58.2576059999998,1.8347122110286977,0.9992307692307691
58.548448999999714,1.4024021778716447,0.9992307692307691,58.509049999999846,1.7685027944544969,0.9992307692307691
58.7919969999997,1.3616809522966458,0.9992307692307691,58.75220899999986,1.6990006460937814,0.9992307692307691
59.045064999999674,1.3281395606780477,0.9992307692307691,59.00466599999987,1.6202115946066118,0.9992307692307691
59.28638099999965,1.3133252103165292,0.9992307692307691,59.25007399999986,1.5287722148716525,0.9992307692307691
59.529189999999645,1.3284393553562024,0.9992307692307691,59.491956999999864,1.4273846267350079,0.9992307692307691
59.79043699999965,1.3806706984069956,0.9992307692307691,59.735953999999886,1.3253199044261046,0.9992307692307691
60.03932299999967,1.4625334532547734,0.9992307692307691,59.98528499999989,1.234698369687009,0.9992307692307691
60.283242999999665,1.5495370123689014,0.9992307692307691,60.230910999999885,1.1656868387023838,0.9992307692307691
60.52517799999967,1.6134451538285721,0.9992307692307691,60.499880999999874,1.1233752806749315,0.9992307692307691
60.78185499999968,1.6369964398790553,0.9992307692307691,60.72464399999988,1.1100348297712401,0.9992307692307691
61.01629099999968,1.620350691137925,0.9992307692307691,60.97257099999986,1.1276566546500884,0.9992307692307691
61.267271999999686,1.5773000472948533,0.9992307692307691,61.22393999999986,1.1755162575377969,0.9992307692307691
61.518408999999664,1.5312746886644937,0.9992307692307691,61.478944999999854,1.2467232471869725,0.9992307692307691
61.76438499999965,1.5056540720020701,0.9992307692307691,61.72061199999987,1.3256254844259188,0.9992307692307691
62.00832999999966,1.5160130090691486,0.9992307692307691,61.96486599999987,1.3937511664221338,0.9992307692307691
62.25996899999971,1.568188182007429,0.9992307692307691,62.20845699999989,1.4374160729421923,0.9992307692307691
62.50631399999971,1.6534456855043365,0.9992307692307691,62.45775699999989,1.4505565471499926,0.9992307692307691
62.750656999999705,1.7485424331852482,0.9992307692307691,62.707275999999865,1.4333278264019447,0.9992307692307691
62.99905899999969,1.8249623267452715,0.9992307692307691,62.95362399999987,1.3912734775744169,0.9992307692307691
63.24455699999969,1.8593216035687492,0.9992307692307691,63.20952699999987,1.3354297143794385,0.9992307692307691
63.49874199999968,1.8464244046456888,0.9992307692307691,63.444372999999864,1.278176251219393,0.9992307692307691
63.744963999999705,1.8038306205278891,0.9992307692307691,63.69783399999986,1.2304134062382144,0.9992307692307691
63.985214999999684,1.7604569145047924,0.9992307692307691,63.94441899999984,1.20307945108051,0.9992307692307691
64.25406599999968,1.7395939502966282,0.9992307692307691,64.18679999999983,1.2059790609925574,0.9992307692307691
64.4846509999997,1.746122582526324,0.9992307692307691,64.43581699999983,1.2469534318395146,0.9992307692307691
64.73176699999968,1.7659098410711807,0.9992307692307691,64.68864999999984,1.3274578518225697,0.9992307692307691
64.97486599999971,1.7763441713919264,0.9992307692307691,64.94723899999984,1.4314018090277598,0.9992307692307691
65.22280899999969,1.7599753501529398,0.9992307692307691,65.18176799999985,1.524787965947543,0.9992307692307691
65.47022699999967,1.7080336795250555,0.9992307692307691,65.42426899999987,1.5757261660379185,0.9992307692307691
65.72443399999965,1.619531250300176,0.9992307692307691,65.67611999999986,1.5724629772168974,0.9992307692307691
65.96936599999968,1.5044343636304491,0.9992307692307691,65.92006999999984,1.5216095177286721,0.9992307692307691
66.21357999999972,1.382112500807248,0.9992307692307691,66.17070099999987,1.4352914240768273,0.9992307692307691
66.46407199999979,1.2759772955517394,0.9992307692307691,66.41460699999985,1.3255501481479057,0.9992307692307691
66.71059399999977,1.2086222975735978,0.9992307692307691,66.66454199999987,1.2040492322624545,0.9992307692307691
66.96012799999976,1.194213896852186,0.9992307692307691,66.9078629999999,1.081166763703041,0.9992307692307691
67.21013799999977,1.2323155238832049,0.9992307692307691,67.15592599999994,0.9644598664296821,0.9992307692307691
67.46699399999979,1.3055936695373456,0.9992307692307691,67.40169099999996,0.8585356151676762,0.9992307692307691
67.69842799999984,1.3876266660041514,0.9992307692307691,67.65176799999995,0.7658981004226239,0.9992307692307691
67.94518899999989,1.4589342685040738,0.9992307692307691,67.89591099999998,0.6877685187833328,0.9992307692307691
68.19770399999993,1.5144516580790168,0.9992307692307691,68.15675899999997,0.6238591721366511,0.9992307692307691
68.43919799999992,1.5586443547575901,0.9992307692307691,68.39001199999998,0.5727137841751911,0.9992307692307691
68.6957249999999,1.5972102701372366,0.9992307692307691,68.63851999999999,0.5325441365438908,0.9992307692307691
68.93867299999994,1.6316479347800827,0.9992307692307691,68.88589900000004,0.5015739335410736,0.9992307692307691
69.18824799999993,1.659584946490417,0.9992307692307691,69.13704200000005,0.47765199499726274,0.9992307692307691
69.43328699999998,1.6788029983753907,0.9992307692307691,69.41304200000008,0.45771173912053437,0.9992307692307691
69.68686400000001,1.693106282536259,0.9992307692307691,69.63934500000005,0.43922035830968387,0.9992307692307691
69.92583300000005,1.7100488432866334,0.9992307692307691,69.87628700000008,0.4216631754020767,0.9992307692307691
70.18323700000012,1.7354048432881752,0.9992307692307691,70.12438100000011,0.40690744837665,0.9992307692307691
70.43033500000014,1.7709095063291174,0.9992307692307691,70.36926800000006,0.39831260491177534,0.9992307692307691
70.68282800000017,1.8123160454981049,0.9992307692307691,70.61765400000013,0.39933639718008285,0.9992307692307691
70.92068300000017,1.8498045872925912,0.9992307692307691,70.8768570000001,0.4117045029253576,0.9992307692307691
71.16535300000018,1.8705763963053876,0.9992307692307691,71.11568500000018,0.43404773572644345,0.9992307692307691
71.41043500000018,1.862260319309424,0.9992307692307691,71.3705650000002,0.4606846241139457,0.9992307692307691
71.66524800000013,1.8165417173571763,0.9992307692307691,71.61051400000015,0.4826425069228858,0.9992307692307691
71.92683400000016,1.7325986174528267,0.9992307692307691,71.85907200000018,0.4922783426392053,0.9992307692307691
72.15522900000018,1.6183789721545234,0.9992307692307691,72.11646900000015,0.48682725368458635,0.9992307692307691
72.40392100000022,1.4894581049343119,0.9992307692307691,72.35235400000016,0.4684210918387822,0.9992307692307691
72.65220500000018,1.3648211188470596,0.9992307692307691,72.6154200000002,0.44268800048013873,0.9992307692307691
72.90629200000018,1.2617403513478558,0.9992307692307691,72.84745100000018,0.41555054048697493,0.9992307692307691
73.14457800000021,1.1910503480875332,0.9992307692307691,73.0983910000002,0.39105614944460004,0.9992307692307691
73.39379200000025,1.1557702746767446,0.9992307692307691,73.34081300000017,0.37098814456539403,0.9992307692307691
73.64785300000023,1.1500556996319329,0.9992307692307691,73.5933590000002,0.3554409527641642,0.9992307692307691
73.89448400000018,1.1637401264066587,0.9992307692307691,73.84384300000028,0.3435384537449415,0.9992307692307691
74.14446100000018,1.1893811650126236,0.9992307692307691,74.08419900000025,0.3346057775733961,0.9992307692307691
74.39186500000025,1.2259011671114455,0.9992307692307691,74.33698900000026,0.3287454271956834,0.9992307692307691
74.63438900000018,1.2764369939976714,0.9992307692307691,74.58689500000027,0.32636654623142985,0.9992307692307691
74.88335600000019,1.3415286874991619,0.9992307692307691,74.83491300000027,0.32761225776269587,0.9992307692307691
75.13863900000023,1.4104732533863764,0.9992307692307691,75.07441000000024,0.3319083810401351,0.9992307692307691
75.37576100000022,1.4668599073858295,0.9992307692307691,75.31974400000027,0.33732797240987866,0.9992307692307691
75.63845300000025,1.5014659486254875,0.9992307692307691,75.56522100000028,0.3412155301078486,0.9992307692307691
75.87369300000024,1.5157513238375917,0.9992307692307691,75.83026900000024,0.34277644140307517,0.9992307692307691
76.11884700000022,1.520324502449003,0.9992307692307691,76.06528600000024,0.3444497580829117,0.9992307692307691
76.36821800000023,1.5292632186217392,0.9992307692307691,76.31463600000022,0.3507274078384017,0.9992307692307691
76.61883700000021,1.556195774703329,0.9992307692307691,76.55974900000024,0.3657170108109719,0.9992307692307691
76.8578780000002,1.6107537974792892,0.9992307692307691,76.80652800000027,0.39095095805676905,0.9992307692307691
77.11429800000019,1.691612726556253,0.9992307692307691,77.04972800000034,0.4241913645682517,0.9992307692307691
77.35845800000018,1.7753983844054682,0.9992307692307691,77.30699400000037,0.45916107770516623,0.9992307692307691
77.6119040000002,1.8288795555865145,0.9992307692307691,77.55182800000036,0.48748479913615395,0.9992307692307691
77.84977000000023,1.8379598440487595,0.9992307692307691,77.79904900000035,0.5026533423859246,0.9992307692307691
78.09872400000029,1.8137043493431233,0.9992307692307691,78.04846400000034,0.5038468669366091,0.9992307692307691
78.34866000000032,1.7769304394630152,0.9992307692307691,78.29540900000028,0.4955802600720267,0.9992307692307691
78.59392700000026,1.7444302861987078,0.9992307692307691,78.54171800000027,0.4844093550021602,0.9992307692307691
78.84147600000026,1.7230231369077216,0.9992307692307691,78.78971200000029,0.4759358627401725,0.9992307692307691
79.08888500000026,1.711647365543418,0.9992307692307691,79.0323460000003,0.4727859647193724,0.9992307692307691
79.33951700000028,1.7097361969498306,0.9992307692307691,79.28796900000032,0.47493941937461137,0.9992307692307691
79.61400200000031,1.7193990827764596,0.9992307692307691,79.52587000000041,0.48111847698102017,0.9992307692307691
79.84025600000037,1.7471380892114976,0.9992307692307691,79.77675200000036,0.488460717440798,0.9992307692307691
80.07676500000038,1.8039292423101387,0.9992307692307691,80.0227310000004,0.4928895279948302,0.9992307692307691
80.32417000000038,1.8929625526569276,0.9992307692307691,80.28822500000042,0.4915793944611253,0.9992307692307691
80.57364700000042,2.0028833357862665,0.9992307692307691,80.52105900000043,0.48397613639092496,0.9992307692307691
80.81673500000043,2.1169451070656105,0.9992307692307691,80.76681300000038,0.4709310010694937,0.9992307692307691
81.07558600000046,2.22040001153142,0.9992307692307691,81.01230300000034,0.4538865355761447,0.9992307692307691
81.31666100000051,2.306268798283711,0.9992307692307691,81.26486500000041,0.4339212241872697,0.9992307692307691
81.57070400000049,2.373821763526615,0.9992307692307691,81.50939400000047,0.4126522965016109,0.9992307692307691
81.81260300000052,2.418866271887396,0.9992307692307691,81.75870800000051,0.3933938417808732,0.9992307692307691
82.05702900000054,2.4278413292623466,0.9992307692307691,82.00623900000052,0.38123749055280215,0.9992307692307691
82.30747700000052,2.3847388391538553,0.9992307692307691,82.25030300000057,0.3801205745229005,0.9992307692307691
82.55938100000051,2.2879322322927127,0.9992307692307691,82.4988400000006,0.3904947598152407,0.9992307692307691
82.81433600000055,2.1535511267461973,0.9992307692307691,82.75765200000052,0.4107668279033695,0.9992307692307691
83.04830600000051,2.003178003301256,0.9992307692307691,82.99118500000058,0.43920736436763974,0.9992307692307691
83.29581100000054,1.8552548266513185,0.9992307692307691,83.24019800000059,0.47502078219173793,0.9992307692307691
83.54583700000055,1.7221535931745802,0.9992307692307691,83.49662900000055,0.5181818414011294,0.9992307692307691
83.80061300000052,1.6096593263892673,0.9992307692307691,83.74403300000058,0.5676986021405295,0.9992307692307691
84.04012800000054,1.5182736085017925,0.9992307692307691,83.98914300000062,0.6195711446548771,0.9992307692307691
84.28705300000055,1.4443877270380159,0.9992307692307691,84.23151300000066,0.666660121771431,0.9992307692307691
84.53825900000052,1.3828017064027491,0.9992307692307691,84.48160100000068,0.7010931759288982,0.9992307692307691
84.7836390000005,1.3294985228771847,0.9992307692307691,84.72286400000067,0.7172244703353751,0.9992307692307691
85.03311100000049,1.2815157888870634,0.9992307692307691,84.97331900000064,0.7136146483250907,0.9992307692307691
85.2735620000005,1.2393169569273867,0.9992307692307691,85.21974700000064,0.6932292118340098,0.9992307692307691
85.52816900000043,1.205085733275458,0.9992307692307691,85.4636310000006,0.662099146548159,0.9992307692307691
85.7729420000005,1.1801076829945283,0.9992307692307691,85.71618800000061,0.6268446749158587,0.9992307692307691
86.04354400000058,1.1656716804130591,0.9992307692307691,85.96114300000066,0.5920780979361014,0.9992307692307691
86.2739340000006,1.163800216898303,0.9992307692307691,86.21068100000068,0.559774077836443,0.9992307692307691
86.51942800000064,1.1753904575255631,0.9992307692307691,86.4586190000007,0.529477664739923,0.9992307692307691
86.76373800000064,1.199244545740876,0.9992307692307691,86.69498900000067,0.5000281834680232,0.9992307692307691
87.00919600000067,1.2321961781170878,0.9992307692307691,86.95187000000067,0.4705333251967276,0.9992307692307691
87.2779550000006,1.2634140970877115,0.9992307692307691,87.1881880000007,0.4409725429711713,0.9992307692307691
87.50297600000059,1.278441891995783,0.9992307692307691,87.44474900000077,0.41171773308459353,0.9992307692307691
87.7469740000006,1.2703107304886945,0.9992307692307691,87.68502100000083,0.3832326109127514,0.9992307692307691
87.9999930000006,1.241606345076046,0.9992307692307691,87.94907800000082,0.3561549135440815,0.9992307692307691
88.24906200000062,1.1995031346959868,0.9992307692307691,88.17497900000086,0.3321429472684377,0.9992307692307691
88.49802900000064,1.1536858025743748,0.9992307692307691,88.4305030000009,0.31452093508177187,0.9992307692307691
88.7399060000006,1.1138316376522743,0.9992307692307691,88.67607700000096,0.30767004483509697,0.9992307692307691
88.9925920000006,1.0877906969488065,0.9992307692307691,88.92188000000097,0.31554572916808044,0.9992307692307691
89.2356480000006,1.079680965797233,0.9992307692307691,89.17510400000094,0.33936231752465246,0.9992307692307691
89.48047300000061,1.0889652687583307,0.9992307692307691,89.41848700000092,0.37585589963205496,0.9992307692307691
89.74769100000064,1.1111746820286734,0.9992307692307691,89.66393500000095,0.41684298221712907,0.9992307692307691
89.98914100000069,1.1402374810318954,0.9992307692307691,89.91579500000091,0.4531868532011933,0.9992307692307691
90.22796200000069,1.168613973719721,0.9992307692307691,90.15883800000091,0.4788097354615526,0.9992307692307691
90.48934200000073,1.1888052247848417,0.9992307692307691,90.40649500000097,0.49095199567133907,0.9992307692307691
90.72148600000078,1.1984578670235937,0.9992307692307691,90.655655000001,0.4902059543688901,0.9992307692307691
90.97079800000078,1.200838813905666,0.9992307692307691,90.89799300000104,0.4790702575879138,0.9992307692307691
91.2112500000008,1.2002291936317282,0.9992307692307691,91.15620500000101,0.46145447864844746,0.9992307692307691
91.46713700000082,1.199032412800818,0.9992307692307691,91.39939900000103,0.4413812847718853,0.9992307692307691
91.71260700000087,1.1960813783754833,0.9992307692307691,91.64470600000104,0.4234645413126117,0.9992307692307691
91.9565820000009,1.1894970870591355,0.9992307692307691,91.88933200000108,0.41253737315703964,0.9992307692307691
92.20658700000092,1.1840006260919567,0.9992307692307691,92.13520000000109,0.4125130146880833,0.9992307692307691
92.46268800000087,1.1886238041112203,0.9992307692307691,92.38812600000115,0.4240987672180219,0.9992307692307691
92.70719100000088,1.2119957028788266,0.9992307692307691,92.63258400000119,0.4425838069236182,0.9992307692307691
92.94748900000086,1.261677865671821,0.9992307692307691,92.89328800000118,0.4596309020051852,0.9992307692307691
93.20196400000084,1.3377064673110768,0.9992307692307691,93.13468300000122,0.46806735392851856,0.9992307692307691
93.44232900000085,1.429005742112491,0.9992307692307691,93.37817200000121,0.46451633589123964,0.9992307692307691
93.6960920000009,1.5196726675352035,0.9992307692307691,93.62672800000124,0.44903819999569555,0.9992307692307691
93.94352600000097,1.5924669996352392,0.9992307692307691,93.87135200000122,0.4245219151897857,0.9992307692307691
94.19154000000097,1.6361624801357997,0.9992307692307691,94.12134000000118,0.39532626149064987,0.9992307692307691
94.43797200000097,1.6549703989099254,0.9992307692307691,94.36722300000119,0.3656545943126054,0.9992307692307691
94.68144100000097,1.6634906739067172,0.9992307692307691,94.61253400000113,0.3386917969763779,0.9992307692307691
94.926498000001,1.6737330171062048,0.9992307692307691,94.85993500000114,0.31613693908652957,0.9992307692307691
95.17677500000107,1.6862151458153969,0.9992307692307691,95.10389300000116,0.2978303381893844,0.9992307692307691
95.42433000000105,1.6941453340092447,0.9992307692307691,95.34841700000119,0.28281112230112243,0.9992307692307691
95.67031400000107,1.6894434247266605,0.9992307692307691,95.6207590000012,0.2705871194239039,0.9992307692307691
95.92029100000103,1.66827503904477,0.9992307692307691,95.84232900000124,0.26115934520807604,0.9992307692307691
96.16426700000106,1.6324347100078356,0.9992307692307691,96.09073200000127,0.25513636292448,0.9992307692307691
96.42901300000106,1.5886252380692374,0.9992307692307691,96.33830200000129,0.25249277897037925,0.9992307692307691
96.6629070000011,1.546769116870105,0.9992307692307691,96.5902000000013,0.2523374640379311,0.9992307692307691
96.9199730000011,1.516393486596579,0.9992307692307691,96.83765000000137,0.25380444717512995,0.9992307692307691
97.16400400000106,1.5026740681767738,0.9992307692307691,97.08007300000143,0.25658187095869645,0.9992307692307691
97.40801500000106,1.5037873661362204,0.9992307692307691,97.33122300000146,0.26116205211702515,0.9992307692307691
97.6522900000011,1.5149166238461027,0.9992307692307691,97.58308500000147,0.26946665664374253,0.9992307692307691
97.90069300000116,1.5363818059688072,0.9992307692307691,97.82995600000146,0.283995779263852,0.9992307692307691
98.15812100000112,1.577971559836321,0.9992307692307691,98.06898800000145,0.3068558943712578,0.9992307692307691
98.39452600000112,1.6541035930403087,0.9992307692307691,98.32234900000145,0.3380864457935083,0.9992307692307691
98.66471100000112,1.7727395290177779,0.9992307692307691,98.56318900000147,0.37499618275351015,0.9992307692307691
98.89464000000115,1.92541354934277,0.9992307692307691,98.82301600000146,0.41272168818568206,0.9992307692307691
99.14197100000116,2.0902382563189144,0.9992307692307691,99.05861100000148,0.44565098947307863,0.9992307692307691
99.38548600000118,2.2447776082753568,0.9992307692307691,99.31752000000148,0.4695248381414735,0.9992307692307691
99.62945500000113,2.375345374400446,0.9992307692307691,99.5575060000015,0.4818566204452028,0.9992307692307691
99.88855800000113,2.477954067421488,0.9992307692307691,99.80165800000148,0.48228885347673306,0.9992307692307691
100.12586300000116,2.5503638269208446,0.9992307692307691,100.06082600000151,0.47250938614399207,0.9992307692307691
100.37384900000117,2.58708247680488,0.9992307692307691,100.29563800000152,0.45590268867177786,0.9992307692307691
100.62273100000122,2.580385047975811,0.9992307692307691,100.55486300000149,0.43674069907666563,0.9992307692307691
100.87672600000128,2.5256901176559614,0.9992307692307691,100.79416900000155,0.4187538971761182,0.9992307692307691
101.11784300000134,2.428028897994508,0.9992307692307691,101.05025800000156,0.4037168911094513,0.9992307692307691
101.38309500000138,2.302637482282941,0.9992307692307691,101.29330100000163,0.39093915159975556,0.9992307692307691
101.62017400000134,2.1699777126653657,0.9992307692307691,101.54616500000164,0.3785538305964825,0.9992307692307691
101.87222100000128,2.049736292716209,0.9992307692307691,101.79070200000163,0.3656064635295173,0.9992307692307691
102.10561300000134,1.952992392211516,0.9992307692307691,102.02707900000163,0.3530783327047459,0.9992307692307691
102.36152500000142,1.880331795328397,0.9992307692307691,102.28011300000165,0.3431386342404495,0.9992307692307691
102.59949200000139,1.8220419486912416,0.9992307692307691,102.52343500000163,0.33772209053446706,0.9992307692307691
102.85265300000145,1.762746435992688,0.9992307692307691,102.7758990000016,0.33649046035014474,0.9992307692307691
103.10263600000143,1.6923213468122826,0.9992307692307691,103.02000900000161,0.33731053282783285,0.9992307692307691
103.35756600000146,1.6079027156757373,0.9992307692307691,103.28761000000164,0.33801440653422976,0.9992307692307691
103.59563400000143,1.5088193616243462,0.9992307692307691,103.51934600000165,0.33808382463736236,0.9992307692307691
103.84701000000146,1.395396057906503,0.9992307692307691,103.77190300000169,0.33899696556796766,0.9992307692307691
104.08299800000147,1.2705039841045929,0.9992307692307691,104.01061900000172,0.3432712423908555,0.9992307692307691
104.33950300000149,1.1415852316492192,0.9992307692307691,104.25326900000175,0.3529416783865518,0.9992307692307691
104.59395100000151,1.0224617182919156,0.9992307692307691,104.50803200000172,0.36769155414849264,0.9992307692307691
104.8319710000015,0.928516214588189,0.9992307692307691,104.7540350000017,0.3835756579408003,0.9992307692307691
105.07826100000149,0.8721608382188971,0.9992307692307691,105.00404800000173,0.3942613851508014,0.9992307692307691
105.32532800000153,0.8619797278212836,0.9992307692307691,105.25051800000173,0.3945065808984936,0.9992307692307691
105.57321100000158,0.8988665492499058,0.9992307692307691,105.49135100000176,0.38326756238187853,0.9992307692307691
105.8367400000016,0.9705697470057639,0.9992307692307691,105.73843000000177,0.3642726114800091,0.9992307692307691
106.06977600000161,1.053746195420026,0.9992307692307691,105.98839300000179,0.34399422036039073,0.9992307692307691
106.3131100000017,1.125187385322557,0.9992307692307691,106.23415600000176,0.3290680716334916,0.9992307692307691
106.56113300000169,1.1745473214214712,0.9992307692307691,106.48912200000186,0.32325586470458323,0.9992307692307691
106.80819100000176,1.2075743761811093,0.9992307692307691,106.72509700000191,0.3260629595000126,0.9992307692307691
107.0565560000017,1.237728213958695,0.9992307692307691,106.9829330000019,0.33467100312240244,0.9992307692307691
107.2991630000017,1.2783643829352227,0.9992307692307691,107.2253840000019,0.347354197896688,0.9992307692307691
107.56003900000171,1.3395908807862,0.9992307692307691,107.47668800000191,0.36534643285344737,0.9992307692307691
107.79914800000171,1.424632348768651,0.9992307692307691,107.71626000000192,0.39304820694376574,0.9992307692307691
108.04667300000173,1.528418653945853,0.9992307692307691,107.972228000002,0.43623385088924727,0.9992307692307691
108.29404900000176,1.6409745459284577,0.9992307692307691,108.20669800000199,0.49724563890798223,0.9992307692307691
108.53902200000176,1.7519296557339623,0.9992307692307691,108.45615800000196,0.5684124521125016,0.9992307692307691
108.7910670000018,1.8481462163082005,0.9992307692307691,108.71019300000192,0.6323024615573367,0.9992307692307691
109.03628800000182,1.9165244554525291,0.9992307692307691,108.95728800000195,0.6721572610800208,0.9992307692307691
109.28300900000185,1.9518673949579741,0.9992307692307691,109.20662000000196,0.6818033681161967,0.9992307692307691
109.52960300000183,1.9584675180174393,0.9992307692307691,109.447918000002,0.6658358443940748,0.9992307692307691
109.77891700000178,1.9470799450293692,0.9992307692307691,109.69630700000198,0.6338143548870339,0.9992307692307691
110.02639700000182,1.9289951098300377,0.9992307692307691,109.949355000002,0.5952736095245396,0.9992307692307691
110.27109600000183,1.9116715280415333,0.9992307692307691,110.19385200000205,0.5567224687736857,0.9992307692307691
110.53090400000183,1.8939116563980667,0.9992307692307691,110.44923100000207,0.5206530445245512,0.9992307692307691
110.76945800000183,1.868381893657294,0.9992307692307691,110.69778200000205,0.4859155145478634,0.9992307692307691
111.03354500000174,1.8315293685257326,0.9992307692307691,110.95100600000208,0.4495851733579745,0.9992307692307691
111.26029300000174,1.793376140375239,0.9992307692307691,111.18260100000208,0.41064108210454814,0.9992307692307691
111.51675100000175,1.7736408199236409,0.9992307692307691,111.43658800000212,0.37102847317629406,0.9992307692307691
111.75931200000173,1.789619371116722,0.9992307692307691,111.68543700000217,0.33472366569795964,0.9992307692307691
112.00154100000174,1.8473234412421373,0.9992307692307691,111.94512400000221,0.30600142533965036,0.9992307692307691
112.28859600000177,1.9369235793737078,0.9992307692307691,112.16986600000219,0.2879055271956536,0.9992307692307691
112.50595200000181,2.038645882327618,0.9992307692307691,112.43335200000222,0.2813208184223977,0.9992307692307691
112.74596900000184,2.133067273202302,0.9992307692307691,112.6658550000022,0.2849496103086928,0.9992307692307691
112.99501700000185,2.207667457024344,0.9992307692307691,112.92324600000222,0.2954864559987522,0.9992307692307691
113.24187600000187,2.260379781414749,0.9992307692307691,113.16180700000223,0.30848909436671107,0.9992307692307691
113.50244100000191,2.2950105889940824,0.9992307692307691,113.41058700000221,0.3201375163170556,0.9992307692307691
113.735989000002,2.3163635311612705,0.9992307692307691,113.66414500000224,0.3283933121627698,0.9992307692307691
113.99241500000201,2.3279815405232003,0.9992307692307691,113.90307200000221,0.33318172034896565,0.9992307692307691
114.22900000000203,2.3306314172761327,0.9992307692307691,114.1638920000022,0.33577947306001144,0.9992307692307691
114.48144400000203,2.3230719656170615,0.9992307692307691,114.40296400000217,0.3390925027858884,0.9992307692307691
114.72818500000209,2.305100728487527,0.9992307692307691,114.65120000000216,0.3470940537640223,0.9992307692307691
114.98195400000209,2.280201243129941,0.9992307692307691,114.89775500000223,0.3639905685073094,0.9992307692307691
115.22168800000212,2.2587384322296704,0.9992307692307691,115.1371580000022,0.39212260902058604,0.9992307692307691
115.47287500000218,2.255959898272237,0.9992307692307691,115.39061500000224,0.4287921892411298,0.9992307692307691
115.71764000000223,2.2801183257394877,0.9992307692307691,115.63370400000228,0.4667617828881637,0.9992307692307691
115.97359100000227,2.32638117952295,0.9992307692307691,115.88872000000228,0.49870807009505486,0.9992307692307691
116.21316800000226,2.382065483781472,0.9992307692307691,116.1353370000023,0.5211736340818438,0.9992307692307691
116.46275400000232,2.4307587725212922,0.9992307692307691,116.3821250000023,0.5352824622891854,0.9992307692307691
116.72305800000234,2.459125975199205,0.9992307692307691,116.62722000000228,0.5445806282937226,0.9992307692307691
116.95302700000235,2.4655872654662137,0.9992307692307691,116.86961100000225,0.5538129846610391,0.9992307692307691
117.20502300000227,2.4563245820698087,0.9992307692307691,117.12509400000228,0.5650463456647493,0.9992307692307691
117.44652800000225,2.4354304204680135,0.9992307692307691,117.37442400000228,0.5760038936035332,0.9992307692307691
117.6995590000022,2.403858069583065,0.9992307692307691,117.61848400000231,0.5810023841062609,0.9992307692307691
117.94289900000224,2.3603088929619953,0.9992307692307691,117.87247200000239,0.575363927350932,0.9992307692307691
118.20432800000225,2.304261106011844,0.9992307692307691,118.11494400000238,0.5593494764835457,0.9992307692307691
118.44313700000227,2.2379866748577832,0.9992307692307691,118.35838700000241,0.5370434224588181,0.9992307692307691
118.69000700000227,2.1659357008001736,0.9992307692307691,118.62725800000236,0.5134697130971396,0.9992307692307691
118.94350300000234,2.093784453517766,0.9992307692307691,118.85222700000233,0.4919983583426843,0.9992307692307691
119.18505000000235,2.0290647310724244,0.9992307692307691,119.10166500000228,0.47335007908743726,0.9992307692307691
119.4471640000024,1.9848573592507397,0.9992307692307691,119.34958100000226,0.4564229322934793,0.9992307692307691
119.67695500000242,1.9781710263348669,0.9992307692307691,119.59524700000229,0.4400435330706172,0.9992307692307691
119.92861400000238,2.0249214062976626,0.9992307692307691,119.84450800000232,0.4240818126524884,0.9992307692307691
120.16948300000247,2.1283784959142236,0.9992307692307691,120.09095800000233,0.40938051943593856,0.9992307692307691
120.42689800000247,2.2614060928024786,0.9992307692307691,120.33582100000237,0.39728785581781856,0.9992307692307691
120.67005000000246,2.369808048987146,0.9992307692307691,120.5882410000024,0.3891849779876976,0.9992307692307691
120.91244700000244,2.4062477090102394,0.9992307692307691,120.84129600000246,0.38579997938611477,0.9992307692307691
121.17863300000245,2.3583066273214204,0.9992307692307691,121.07972200000243,0.38658744915960663,0.9992307692307691
121.41113800000248,2.2488826417106726,0.9992307692307691,121.3281140000024,0.38949434226125823,0.9992307692307691
121.6623520000025,2.1192931306725042,0.9992307692307691,121.59171100000242,0.39192243815309735,0.9992307692307691
121.9260110000025,2.004283830571395,0.9992307692307691,121.83254700000242,0.3928951373073411,0.9992307692307691
122.15648500000252,1.9216741028876512,0.9992307692307691,122.07024700000242,0.3932861332437138,0.9992307692307691
122.39780800000254,1.8739056212736471,0.9992307692307691,122.31897200000243,0.3944802208494971,0.9992307692307691
122.64467800000257,1.8470105121778353,0.9992307692307691,122.58633900000244,0.39745932630046643,0.9992307692307691
122.89560200000261,1.817330374668193,0.9992307692307691,122.81229900000245,0.40182818555419014,0.9992307692307691
123.14218100000265,1.7657728454990558,0.9992307692307691,123.06036500000248,0.4058955826897622,0.9992307692307691
123.40007300000266,1.6877377193298102,0.9992307692307691,123.30748900000249,0.40688903154051165,0.9992307692307691
123.64616300000263,1.5905294694458632,0.9992307692307691,123.5523850000025,0.4025090248832619,0.9992307692307691
123.88063300000262,1.4872962338870148,0.9992307692307691,123.80744200000248,0.3919721278159961,0.9992307692307691
124.13496300000267,1.3903160938487937,0.9992307692307691,124.04936900000244,0.37663566477297716,0.9992307692307691
124.39701200000263,1.3082911303526616,0.9992307692307691,124.29734100000243,0.35932843129913017,0.9992307692307691
124.62952200000262,1.246870640668329,0.9992307692307691,124.54731500000244,0.3434008749435482,0.9992307692307691
124.87206000000275,1.209817792084342,0.9992307692307691,124.79320900000248,0.3320858642032873,0.9992307692307691
125.12905300000278,1.2001162434925279,0.9992307692307691,125.03922800000244,0.3284401398314971,0.9992307692307691
125.3739950000028,1.2204007649989503,0.9992307692307691,125.29736200000244,0.3346224777255651,0.9992307692307691
125.61488100000277,1.2744177533749792,0.9992307692307691,125.52663300000245,0.350812353012282,0.9992307692307691
125.86298100000285,1.3683745347246936,0.9992307692307691,125.77717800000246,0.37372720472996945,0.9992307692307691
126.11501100000284,1.5060724012191269,0.9992307692307691,126.03211900000247,0.3969355219359082,0.9992307692307691
126.35736500000287,1.6752042197606365,0.9992307692307691,126.29038300000248,0.41411174278222224,0.9992307692307691
126.61642700000289,1.8406235046850192,0.9992307692307691,126.5157660000025,0.4220411923195474,0.9992307692307691
126.85837200000289,1.9666080456265036,0.9992307692307691,126.76662000000248,0.42068866155842516,0.9992307692307691
127.1022870000029,2.046022133735215,0.9992307692307691,127.01124800000251,0.4123173235626981,0.9992307692307691
127.36082400000298,2.0962657004967964,0.9992307692307691,127.26381100000253,0.4005882973624613,0.9992307692307691
127.60147400000301,2.144056433251066,0.9992307692307691,127.50770800000248,0.389211477993307,0.9992307692307691
127.85677500000305,2.2125608881077605,0.9992307692307691,127.75655000000253,0.380772803276836,0.9992307692307691
128.0930340000031,2.3116615640022533,0.9992307692307691,128.00346600000256,0.3760776913324879,0.9992307692307691
128.3415550000031,2.4372729458920883,0.9992307692307691,128.2579090000026,0.37438959865583576,0.9992307692307691
128.58588200000312,2.5757685336457863,0.9992307692307691,128.49482600000263,0.3744457661070291,0.9992307692307691
128.85980300000315,2.704598294392247,0.9992307692307691,128.74975500000264,0.37524041670431424,0.9992307692307691
129.0882430000032,2.802351426653898,0.9992307692307691,128.99074500000268,0.37608244875256236,0.9992307692307691
129.32917600000326,2.8589954882567077,0.9992307692307691,129.2412980000027,0.37696343655036096,0.9992307692307691
129.58058100000332,2.8783705406193247,0.9992307692307691,129.50390900000266,0.3786665204416885,0.9992307692307691
129.8337220000034,2.870789517157984,0.9992307692307691,129.75205400000266,0.3823788125727054,0.9992307692307691
130.08620700000336,2.8423913466129482,0.9992307692307691,129.98625300000268,0.389110778920119,0.9992307692307691
130.32959000000338,2.787930107448487,0.9992307692307691,130.2362600000026,0.3985533911578334,0.9992307692307691
130.57096300000336,2.694442760670576,0.9992307692307691,130.47933000000262,0.4078069807759067,0.9992307692307691
130.83011600000333,2.5514680306410034,0.9992307692307691,130.72577600000258,0.4116790558353509,0.9992307692307691
131.06610600000337,2.3592976192895163,0.9992307692307691,130.98383000000254,0.40576409869306695,0.9992307692307691
131.32263400000332,2.136038333852155,0.9992307692307691,131.22123600000253,0.3895504461555064,0.9992307692307691
131.56572000000327,1.911061463893609,0.9992307692307691,131.46686100000247,0.36666468833691906,0.9992307692307691
131.8055210000033,1.7131675214378759,0.9992307692307691,131.71476300000234,0.3430753525793785,0.9992307692307691
132.0655280000033,1.5640604581983586,0.9992307692307691,131.96920500000232,0.3250116271718146,0.9992307692307691
132.3091040000033,1.475355362516083,0.9992307692307691,132.21276900000225,0.31708568797317993,0.9992307692307691
132.54691400000337,1.4475451861232482,0.9992307692307691,132.46003500000225,0.3206128811792615,0.9992307692307691
132.79284000000334,1.4749580883837379,0.9992307692307691,132.71353900000219,0.3326852990376957,0.9992307692307691
133.0428290000034,1.54705140191633,0.9992307692307691,132.94995400000218,0.3470074591659607,0.9992307692307691
133.29347700000335,1.6466663194196154,0.9992307692307691,133.19900500000213,0.3572029594812161,0.9992307692307691
133.53730200000336,1.7503840543731388,0.9992307692307691,133.44180500000218,0.3599125396815842,0.9992307692307691
133.7882940000033,1.832150578602395,0.9992307692307691,133.6929210000022,0.35573600089168966,0.9992307692307691
134.02986300000325,1.8693342439874674,0.9992307692307691,133.95840400000225,0.34800211302686734,0.9992307692307691
134.28033400000317,1.8549587673951637,0.9992307692307691,134.18923900000223,0.3406850433688281,0.9992307692307691
134.5353940000032,1.803769289148039,0.9992307692307691,134.43768100000227,0.3363619022218306,0.9992307692307691
134.7897330000031,1.7394742934214558,0.9992307692307691,134.6781690000023,0.33515134146442,0.9992307692307691
135.02616800000314,1.6800661779705945,0.9992307692307691,134.92258600000224,0.3349387550252882,0.9992307692307691
135.2706320000031,1.6343462719757442,0.9992307692307691,135.17964700000226,0.3324297986367185,0.9992307692307691
135.52155500000325,1.603493923249107,0.9992307692307691,135.42758800000232,0.3250915108455077,0.9992307692307691
135.76589400000324,1.584781764401683,0.9992307692307691,135.67661100000234,0.3125950387233629,0.9992307692307691
136.02033600000314,1.572496612384617,0.9992307692307691,135.92543000000228,0.2970285654132075,0.9992307692307691
136.25885500000302,1.5588122095329655,0.9992307692307691,136.1653110000022,0.2818039753293761,0.9992307692307691
136.5238710000031,1.5353531909763254,0.9992307692307691,136.42249000000217,0.26999824500288155,0.9992307692307691
136.7576660000032,1.496139127401747,0.9992307692307691,136.66182100000213,0.2633811150311484,0.9992307692307691
136.99941200000322,1.4397327979590744,0.9992307692307691,136.919884000002,0.2622904072306395,0.9992307692307691
137.26680700000318,1.3672984701534534,0.9992307692307691,137.17031200000193,0.26601447484667956,0.9992307692307691
137.49372200000306,1.284319693418743,0.9992307692307691,137.41375000000187,0.2735205646628923,0.9992307692307691
137.750231000003,1.1956248584527687,0.9992307692307691,137.65661900000197,0.2840104816124921,0.9992307692307691
137.999153000003,1.1032223061623394,0.9992307692307691,137.89707600000187,0.29724489305565005,0.9992307692307691
138.24502700000295,1.0102200969260533,0.9992307692307691,138.14705000000197,0.31328298304038427,0.9992307692307691
138.49425900000284,0.9209664819628681,0.9992307692307691,138.39512100000192,0.33155293423934007,0.9992307692307691
138.73325100000287,0.8408406069591736,0.9992307692307691,138.6430260000019,0.35077543691736185,0.9992307692307691
138.98967500000282,0.7753339962178614,0.9992307692307691,138.8865340000018,0.369620766941768,0.9992307692307691
139.22809200000273,0.7283615571530491,0.9992307692307691,139.13038000000176,0.3876495038129869,0.9992307692307691
139.4893140000027,0.6994971988065511,0.9992307692307691,139.38321100000184,0.4060279649557357,0.9992307692307691
139.72882900000283,0.6853473835369284,0.9992307692307691,139.63176700000173,0.4274989195578054,0.9992307692307691
139.9768550000029,0.6834398288629202,0.9992307692307691,139.8798080000017,0.45436876966751755,0.9992307692307691
140.2227520000028,0.6937487502528399,0.9992307692307691,140.12721200000178,0.48692889215934393,0.9992307692307691
140.4661360000027,0.7182679920806377,0.9992307692307691,140.3866410000017,0.5224547291924633,0.9992307692307691
140.71564300000267,0.7613291759621719,0.9992307692307691,140.61575800000165,0.5550680696601135,0.9992307692307691
140.9607480000027,0.8284868247828723,0.9992307692307691,140.86715500000162,0.5779603751973571,0.9992307692307691
141.2053850000027,0.924548082603607,0.9992307692307691,141.1131290000017,0.5869271478595346,0.9992307692307691
141.4648650000028,1.0505284993440471,0.9992307692307691,141.36117100000166,0.5814305056219674,0.9992307692307691
141.7128160000028,1.2019013038843789,0.9992307692307691,141.6082160000017,0.5631516455741419,0.9992307692307691
141.9611140000028,1.3689506760516108,0.9992307692307691,141.86108700000162,0.5349196712198107,0.9992307692307691
142.1972460000029,1.5351943547865896,0.9992307692307691,142.1007160000016,0.5003792730574447,0.9992307692307691
142.44298300000287,1.6785756668889258,0.9992307692307691,142.34904600000155,0.4642390759229031,0.9992307692307691
142.69746400000273,1.7786270410439406,0.9992307692307691,142.60071600000148,0.4314479988309706,0.9992307692307691
142.93892200000278,1.8281114544415606,0.9992307692307691,142.85516700000142,0.40628604980449656,0.9992307692307691
143.1847750000028,1.8367758081243497,0.9992307692307691,143.09069200000138,0.3911794670932416,0.9992307692307691
143.4362930000028,1.8212249984528124,0.9992307692307691,143.34465100000145,0.3857405517347026,0.9992307692307691
143.70023600000286,1.794658020126637,0.9992307692307691,143.5909060000015,0.3873583777602264,0.9992307692307691
143.93338800000288,1.7668014681392195,0.9992307692307691,143.83233800000144,0.3928568673360985,0.9992307692307691
144.2053320000028,1.7457512809211349,0.9992307692307691,144.0803700000014,0.3993201739445809,0.9992307692307691
144.42700800000293,1.7384816911326308,0.9992307692307691,144.3327940000015,0.4039943124133863,0.9992307692307691
144.6778480000028,1.7537716668727175,0.9992307692307691,144.58015200000148,0.40433072219093474,0.9992307692307691
144.92493000000297,1.8053398355683958,0.9992307692307691,144.84447700000146,0.3986525862151685,0.9992307692307691
145.17030400000297,1.9097822677360587,0.9992307692307691,145.0735580000014,0.3868281729575008,0.9992307692307691
145.4188820000031,2.0729475553262278,0.9992307692307691,145.3119570000014,0.37077354137415075,0.9992307692307691
145.66691700000308,2.274498045450306,0.9992307692307691,145.57140400000128,0.3541431914347409,0.9992307692307691
145.91164700000311,2.4667745605309856,0.9992307692307691,145.81743200000116,0.34104563716933234,0.9992307692307691
146.16251300000303,2.5970598233538578,0.9992307692307691,146.06146800000118,0.3348463059101338,0.9992307692307691
146.4114060000029,2.638351103720246,0.9992307692307691,146.30621400000118,0.33680290608309205,0.9992307692307691
146.6533360000029,2.597091268763386,0.9992307692307691,146.5654460000011,0.34509323654950136,0.9992307692307691
146.9039530000028,2.498797795112594,0.9992307692307691,146.80010400000108,0.3551552897048784,0.9992307692307691
147.14583200000266,2.3717834998356784,0.9992307692307691,147.04905400000095,0.3620000744077134,0.9992307692307691
147.41160500000268,2.238546987839865,0.9992307692307691,147.29650000000095,0.3629490174719522,0.9992307692307691
147.64760200000276,2.113294725999221,0.9992307692307691,147.546489000001,0.357706905339017,0.9992307692307691
147.89207500000265,2.0008705128952022,0.9992307692307691,147.79091000000105,0.34794423523071816,0.9992307692307691
148.1415790000026,1.8989805826940112,0.9992307692307691,148.05570000000097,0.33605021946970165,0.9992307692307691
148.3868980000025,1.8052546659019308,0.9992307692307691,148.28709700000093,0.3240066985738204,0.9992307692307691
148.6367210000025,1.723593920765377,0.9992307692307691,148.530885000001,0.31320761982429796,0.9992307692307691
148.8887220000025,1.6617669884001114,0.9992307692307691,148.78007800000105,0.30485608239911116,0.9992307692307691
149.13378100000259,1.6258107504196941,0.9992307692307691,149.0340170000011,0.3004135093942919,0.9992307692307691
149.37898000000268,1.6165843016832429,0.9992307692307691,149.30145500000117,0.3018259256582868,0.9992307692307691
149.62397600000267,1.6281587986545472,0.9992307692307691,149.52644700000107,0.31046430526103297,0.9992307692307691
149.8770460000027,1.6497430006659686,0.9992307692307691,149.77597100000108,0.32527037390118213,0.9992307692307691
150.1255870000027,1.6705511329466056,0.9992307692307691,150.02738100000116,0.34199561651790356,0.9992307692307691
150.36954000000281,1.6810108255757539,0.9992307692307691,150.27287500000114,0.35490846696827916,0.9992307692307691
150.62643900000268,1.6763459015843227,0.9992307692307691,150.51543000000103,0.35938323767575187,0.9992307692307691
150.85832300000274,1.658259804624136,0.9992307692307691,150.76838000000095,0.35358855641036496,0.9992307692307691
151.10384300000277,1.6321987264627986,0.9992307692307691,151.02034100000088,0.33879202065400676,0.9992307692307691
151.35731400000276,1.6054921500623893,0.9992307692307691,151.26871800000075,0.31872327862454514,0.9992307692307691
151.60379100000267,1.5864447176938365,0.9992307692307691,151.50983900000065,0.2982116459198299,0.9992307692307691
151.87212400000263,1.5836597541487971,0.9992307692307691,151.7486550000006,0.2810517311839736,0.9992307692307691
152.10413900000262,1.6056335768749164,0.9992307692307691,152.00058000000064,0.26879813608243025,0.9992307692307691
152.3465000000025,1.6594400425162141,0.9992307692307691,152.2514690000007,0.26098594870955555,0.9992307692307691
152.5893760000025,1.7467896376054148,0.9992307692307691,152.50553400000064,0.2560800740842986,0.9992307692307691
152.8467750000025,1.8602788005938224,0.9992307692307691,152.73934200000065,0.2524473871680677,0.9992307692307691
153.0867420000025,1.9826161488190497,0.9992307692307691,152.98931500000054,0.2487814376980992,0.9992307692307691
153.34478600000253,2.0912218971292,0.9992307692307691,153.25088700000052,0.24408059448548464,0.9992307692307691
153.5890050000026,2.16425017215509,0.9992307692307691,153.48660200000054,0.2375089478303787,0.9992307692307691
153.84045100000267,2.185031073023308,0.9992307692307691,153.7377540000006,0.2287830735901054,0.9992307692307691
154.08196600000258,2.1587928743436406,0.9992307692307691,153.98758500000054,0.21832884920102644,0.9992307692307691
154.3303580000026,2.1149768180077344,0.9992307692307691,154.23840300000055,0.20748067670702577,0.9992307692307691
154.57228400000258,2.0885683421668304,0.9992307692307691,154.47769700000052,0.19781025842720787,0.9992307692307691
154.8248590000026,2.098985735411253,0.9992307692307691,154.7313130000006,0.19104671959977673,0.9992307692307691
155.0792360000025,2.1440134183866304,0.9992307692307691,154.9672420000006,0.18866747117597713,0.9992307692307691
155.3192540000026,2.20401311964304,0.9992307692307691,155.2161840000006,0.1916699706768856,0.9992307692307691
155.5662470000025,2.253404414360743,0.9992307692307691,155.46961800000048,0.20028904212403043,0.9992307692307691
155.8126040000027,2.2749586854043873,0.9992307692307691,155.7320940000004,0.213493062127289,0.9992307692307691
156.07048900000268,2.2648246319269503,0.9992307692307691,155.96194500000044,0.22837314584300103,0.9992307692307691
156.31112300000274,2.2315383105351243,0.9992307692307691,156.20383700000053,0.24084490165511815,0.9992307692307691
156.5492290000027,2.191455587958051,0.9992307692307691,156.45402300000055,0.24751256042882758,0.9992307692307691
156.81133600000265,2.1596439830868244,0.9992307692307691,156.70254900000052,0.24704846483587992,0.9992307692307691
157.0532050000027,2.142440650141341,0.9992307692307691,156.97443800000045,0.24040585242246623,0.9992307692307691
157.30315300000262,2.1313812602168647,0.9992307692307691,157.19942100000043,0.230773407200188,0.9992307692307691
157.5445140000027,2.1021958358131125,0.9992307692307691,157.43936700000046,0.22237672029452862,0.9992307692307691
157.79293800000264,2.0383634909361468,0.9992307692307691,157.7053340000004,0.21867205100601025,0.9992307692307691
158.04694400000253,1.9490666887200128,0.9992307692307691,157.94174100000043,0.2211052648572041,0.9992307692307691
158.29292200000256,1.8563971170025635,0.9992307692307691,158.1872480000004,0.2292142208102022,0.9992307692307691
158.53652200000255,1.7831242635241042,0.9992307692307691,158.43322700000041,0.241320367501201,0.9992307692307691
158.78854700000252,1.7449904518179318,0.9992307692307691,158.68462300000033,0.2556398289359684,0.9992307692307691
159.03398600000253,1.7488470516076906,0.9992307692307691,158.93058200000033,0.27057478886701614,0.9992307692307691
159.27525000000242,1.7951286143544183,0.9992307692307691,159.17362000000043,0.2849408788604989,0.9992307692307691
159.52379000000244,1.8763259041493017,0.9992307692307691,159.42724800000042,0.29796161711958263,0.9992307692307691
159.77902400000232,1.9717566524092025,0.9992307692307691,159.66771600000035,0.30877770370681923,0.9992307692307691
160.0281010000023,2.045003984433368,0.9992307692307691,159.92765900000038,0.3167069326275568,0.9992307692307691
160.2684160000023,2.0583561264444517,0.9992307692307691,160.1823350000003,0.32175360163215033,0.9992307692307691
160.51799800000228,2.016542137755283,0.9992307692307691,160.40758300000013,0.3255317282286987,0.9992307692307691
160.77243300000222,2.0115889637888813,0.9992307692307691,160.66468500000002,0.33232390011885826,0.9992307692307691
161.00484200000227,2.203768903669555,0.9992307692307691,160.9090829999999,0.3480402501066747,0.9992307692307691
161.25921700000222,2.731936482890509,0.9992307692307691,161.1590779999998,0.3763615161740117,0.9992307692307691
161.50918200000228,3.6155140829856585,0.9992307692307691,161.39842099999962,0.4146794673389563,0.9992307692307691
161.7472290000023,4.780998056963547,0.17871794871794874,161.65645299999957,0.4554445026771564,0.9992307692307691
162.0071600000024,6.119011974475111,0.0,161.89400199999955,0.4896562986097408,0.9992307692307691
162.24710700000253,7.524736918143323,0.0,162.14282399999948,0.5108363433313282,0.9992307692307691
162.49199800000252,8.901962112398598,0.0,162.38521499999942,0.5163724853592,0.9992307692307691
162.7601330000025,10.146617009880266,0.0,162.6321919999994,0.5068915283114297,0.9992307692307691
162.99091800000247,11.117772935980842,0.0,162.8896229999994,0.4852192697896854,0.9992307692307691
163.2328660000024,11.64434777985446,0.0,163.13856399999943,0.45592793783956653,0.9992307692307691
163.48644000000252,11.587851435514553,0.0,163.3916359999994,0.42406104809070355,0.9992307692307691
163.7414160000025,10.98092287445957,0.0,163.62350099999935,0.39428315298964456,0.9992307692307691
163.97929200000257,10.065011168924459,0.0,163.88415199999923,0.37071501383088434,0.9992307692307691
164.22627600000266,9.1672058783111,0.0,164.11911099999926,0.3571202737927423,0.9992307692307691
164.4798080000027,8.602367165024367,0.0,164.36226899999934,0.3563723469304072,0.9992307692307691
164.7317270000027,8.63947145576814,0.0,164.61304099999933,0.36842612172381384,0.9992307692307691
164.9701150000028,9.459861404647953,0.0,164.86819699999944,0.38886513891504954,0.9992307692307691
165.21570500000277,11.068063934759039,0.0,165.10901599999949,0.4097008885228625,0.9992307692307691
165.4620210000027,13.232309631754967,0.0,165.35560199999952,0.4238093654687978,0.9992307692307691
165.70866500000264,15.54144573268351,0.0,165.61184299999954,0.4280781018106773,0.9992307692307691
165.97037600000266,17.535750048334123,0.0,165.85093899999944,0.4235254883289576,0.9992307692307691
166.20290800000262,18.847883878967252,0.0,166.09883799999938,0.41389299698866344,0.9992307692307691
166.4498510000027,19.295942560457934,0.0,166.34173399999943,0.4040537264824261,0.9992307692307691
166.6968780000026,18.90519302825042,0.0,166.60123999999945,0.39812314645738534,0.9992307692307691
166.94733700000265,17.883757221533592,0.0,166.8428189999994,0.3982497903957335,0.9992307692307691
167.18885900000257,16.566944150055363,0.0,167.0828679999994,0.4046095206807655,0.9992307692307691
167.4364070000026,15.330669942110148,0.0,167.3324069999993,0.41549915463027975,0.9992307692307691
167.6849760000026,14.464452865323073,0.0,167.5797859999994,0.4280992238140541,0.9992307692307691
167.93488000000255,14.075885010896162,0.0,167.83775299999942,0.4395754567310439,0.9992307692307691
168.19565800000242,14.099235812624636,0.0,168.07411399999947,0.447454043421757,0.9992307692307691
168.4294810000024,14.347736658356123,0.0,168.32818799999936,0.45044251971550686,0.9992307692307691
168.6813290000024,14.572460354648342,0.0,168.5635599999994,0.4490949701632624,0.9992307692307691
168.92616900000237,14.5358671588208,0.0,168.8144209999993,0.4454321992333016,0.9992307692307691
169.17426800000234,14.057957929946511,0.0,169.05896799999923,0.4413754197909312,0.9992307692307691
169.4228530000024,13.05541062010455,0.0,169.3082369999993,0.4379975954435915,0.9992307692307691
169.6677780000024,11.605512688568655,0.0,169.54984999999937,0.43482075815626037,0.9992307692307691
169.92973600000238,9.93770244947456,0.0,169.80622399999925,0.43109850421528273,0.9992307692307691
170.1689070000025,8.314731286096759,0.0,170.05221599999922,0.4258793550572216,0.9992307692307691
170.42580800000246,6.906313291226017,0.0,170.29170399999919,0.4181431741762663,0.9992307692307691
170.66458700000246,5.761696636738698,0.0,170.53977099999923,0.4072548623402901,0.9992307692307691
170.9156300000024,4.857120296087882,0.12999999999999998,170.78921899999906,0.3940654230785157,0.9992307692307691
171.15691500000233,4.1608802186890905,0.6585470085470085,171.04719999999904,0.3812142901750928,0.9992307692307691
171.3994230000023,3.647304908638438,0.99,171.29011899999904,0.3721766292652929,0.9992307692307691
171.64538400000225,3.294376437088284,0.9992307692307691,171.54662699999903,0.3710223689578441,0.9992307692307691
171.8989550000022,3.079995005982102,0.9992307692307691,171.7804419999991,0.3818076789995248,0.9992307692307691
172.13955000000223,2.9791418808742716,0.9992307692307691,172.02877899999908,0.40670175133168757,0.9992307692307691
172.38549100000225,2.961310478340865,0.9992307692307691,172.27631599999916,0.4433514672934273,0.9992307692307691
172.63881100000228,2.987788873804727,0.9992307692307691,172.51945799999908,0.48394345087458635,0.9992307692307691
172.88614700000227,3.0109433294466914,0.9992307692307691,172.77095999999904,0.5182543024759442,0.9992307692307691
173.13673200000235,2.9858248370771516,0.9992307692307691,173.024777999999,0.5391250733402413,0.9992307692307691
173.38118800000237,2.885444182083221,0.9992307692307691,173.26419599999912,0.5438558100257709,0.9992307692307691
173.63556000000239,2.707344247482257,0.9992307692307691,173.5089939999991,0.5328576785364472,0.9992307692307691
173.8841170000024,2.476465703952927,0.9992307692307691,173.75653899999904,0.5082297975723209,0.9992307692307691
174.11904500000236,2.2310310146557977,0.9992307692307691,173.99855199999902,0.472870999730716,0.9992307692307691
174.37570600000248,2.0065372823583147,0.9992307692307691,174.250877999999,0.43078677392251974,0.9992307692307691
174.6246320000025,1.8286951172164974,0.9992307692307691,174.50451199999898,0.3866709168384343,0.9992307692307691
174.8654500000026,1.710501035665191,0.9992307692307691,174.73999599999894,0.3447963487479686,0.9992307692307691
175.11252400000257,1.6548707724890495,0.9992307692307691,174.99516899999884,0.3080762068559526,0.9992307692307691
175.3639660000025,1.6616183407918848,0.9992307692307691,175.2451869999988,0.27826084527199213,0.9992307692307691
175.60389200000262,1.7308558157086735,0.9992307692307691,175.5010189999988,0.25635568187487834,0.9992307692307691
175.85871400000264,1.8621977528528193,0.9992307692307691,175.7333149999989,0.24258835117595917,0.9992307692307691
176.10727900000265,2.0504621104291316,0.9992307692307691,175.9808889999989,0.23632672182908945,0.9992307692307691
176.3498190000026,2.2763538119994227,0.9992307692307691,176.23492599999884,0.23621484403071658,0.9992307692307691
176.6001300000025,2.503947290561917,0.9992307692307691,176.4771779999988,0.24091663753199433,0.9992307692307691
176.85006500000253,2.694219566759132,0.9992307692307691,176.72298599999883,0.2496423332962394,0.9992307692307691
177.09253300000245,2.818385798104288,0.9992307692307691,176.9697359999989,0.26261610342242475,0.9992307692307691
177.34749500000243,2.860549767345829,0.9992307692307691,177.21776499999888,0.2804849296395096,0.9992307692307691
177.59250700000237,2.822440965164235,0.9992307692307691,177.46721699999884,0.30329362473568033,0.9992307692307691
177.8390350000024,2.72244038467143,0.9992307692307691,177.71967799999888,0.32944357951435765,0.9992307692307691
178.09794300000235,2.5947037519090266,0.9992307692307691,177.95830199999887,0.35541128767150754,0.9992307692307691
178.32478800000226,2.477396268635314,0.9992307692307691,178.21024899999878,0.3770359191847181,0.9992307692307691
178.57471000000228,2.3989121473006176,0.9992307692307691,178.46024199999886,0.3918504133982713,0.9992307692307691
178.8262290000023,2.3629427514579584,0.9992307692307691,178.71225999999885,0.3996626615678151,0.9992307692307691
179.0695370000022,2.3574183318399506,0.9992307692307691,178.96823499999886,0.4016649572985044,0.9992307692307691
179.3217030000022,2.362075889218178,0.9992307692307691,179.20490999999888,0.39970139986029246,0.9992307692307691
179.5666680000022,2.3629800757573465,0.9992307692307691,179.44257799999895,0.3950604539418131,0.9992307692307691
179.8115900000023,2.356574864672522,0.9992307692307691,179.69182399999897,0.3878768017771439,0.9992307692307691
180.06308900000238,2.347674998850621,0.9992307692307691,179.93574499999897,0.37721159889338624,0.9992307692307691
180.30855500000226,2.3422295465675216,0.9992307692307691,180.19073099999892,0.3623225210849577,0.9992307692307691
180.56161400000224,2.3459716455121953,0.9992307692307691,180.43311499999893,0.34299710631675795,0.9992307692307691
180.80603400000223,2.3626678090647353,0.9992307692307691,180.6791029999989,0.3201216536847651,0.9992307692307691
181.04888500000223,2.3946776381227424,0.9992307692307691,180.93900899999883,0.29584654846560143,0.9992307692307691
181.2980340000021,2.44364202165921,0.9992307692307691,181.17745699999878,0.2724871924079556,0.9992307692307691
181.54369500000203,2.5126310084661228,0.9992307692307691,181.42894899999877,0.2521519784590404,0.9992307692307691
181.80392000000202,2.594573223073705,0.9992307692307691,181.67392199999856,0.23648027406948308,0.9992307692307691
182.04181300000212,2.6712523225156524,0.9992307692307691,181.92745299999854,0.22636106233126144,0.9992307692307691
182.2857330000022,2.7256658974369623,0.9992307692307691,182.18433899999857,0.22212109326669838,0.9992307692307691
182.5371660000022,2.74378528355655,0.9992307692307691,182.4147319999986,0.22322321962880515,0.9992307692307691
182.7820930000021,2.7151739112573456,0.9992307692307691,182.6621389999986,0.22849174287849403,0.9992307692307691
183.03270500000212,2.6355208025744026,0.9992307692307691,182.9113179999986,0.2366527930780062,0.9992307692307691
183.28267100000213,2.5077633859971606,0.9992307692307691,183.1746209999985,0.24725367454516464,0.9992307692307691
183.52531900000207,2.347085197463832,0.9992307692307691,183.40720199999848,0.2613363321519626,0.9992307692307691
183.78258400000203,2.1744118969689814,0.9992307692307691,183.66320299999853,0.28095700302563387,0.9992307692307691
184.02010100000194,2.0062142730483377,0.9992307692307691,183.89834799999855,0.3073819610148547,0.9992307692307691
184.26867700000196,1.8515244441285426,0.9992307692307691,184.14143899999843,0.34068341794199497,0.9992307692307691
184.5276650000021,1.713925242503343,0.9992307692307691,184.3942049999985,0.3801826493047644,0.9992307692307691
184.76716100000206,1.5941715299231976,0.9992307692307691,184.64414899999844,0.4239645304162209,0.9992307692307691
185.01714500000216,1.4923940529084467,0.9992307692307691,184.88865599999846,0.46878805678464774,0.9992307692307691
185.27232600000215,1.408067085292174,0.9992307692307691,185.14406699999844,0.5110475817325821,0.9992307692307691
185.50693600000213,1.339860481451833,0.9992307692307691,185.38767299999853,0.5472734898271907,0.9992307692307691
185.7677850000021,1.2860536412908914,0.9992307692307691,185.62982999999838,0.5739753197180201,0.9992307692307691
186.00532900000212,1.2459302483913421,0.9992307692307691,185.87917099999854,0.5879509577550751,0.9992307692307691
186.2429230000021,1.2195206537726504,0.9992307692307691,186.12363099999854,0.5869012025018557,0.9992307692307691
186.50136800000212,1.2055345011149265,0.9992307692307691,186.37310899999844,0.5706476405484473,0.9992307692307691
186.74853500000216,1.2021769844978054,0.9992307692307691,186.6235619999982,0.5409099335404928,0.9992307692307691
186.99183100000218,1.2091430674178134,0.9992307692307691,186.8705649999983,0.501061847579059,0.9992307692307691
187.23728500000206,1.2272823069228387,0.9992307692307691,187.11713699999822,0.45561833460672996,0.9992307692307691
187.49587900000196,1.2549407864140303,0.9992307692307691,187.37425099999828,0.40934801243885177,0.9992307692307691
187.7329890000018,1.288270586060583,0.9992307692307691,187.60818899999828,0.3659836899999313,0.9992307692307691
187.98216300000175,1.3229977521151166,0.9992307692307691,187.85707699999824,0.32797968307288855,0.9992307692307691
188.23054000000167,1.3529139035919764,0.9992307692307691,188.11100499999822,0.2967189240693842,0.9992307692307691
188.47359000000162,1.372563894986115,0.9992307692307691,188.35747099999824,0.2727586993063267,0.9992307692307691
188.71712500000152,1.3785538501813057,0.9992307692307691,188.59922299999823,0.25623158542092456,0.9992307692307691
188.97400100000144,1.3695364477566716,0.9992307692307691,188.84836099999836,0.2472056604532199,0.9992307692307691
189.21818800000142,1.347088224134907,0.9992307692307691,189.0951389999984,0.2464643420977915,0.9992307692307691
189.46578100000144,1.3179376005161885,0.9992307692307691,189.34323299999838,0.255657655203847,0.9992307692307691
189.70846500000138,1.2895842068213124,0.9992307692307691,189.5912359999985,0.2761935034498447,0.9992307692307691
189.95759700000147,1.2688563032450346,0.9992307692307691,189.8402109999985,0.3076865609279603,0.9992307692307691
190.20843500000154,1.261244948871349,0.9992307692307691,190.09627699999848,0.3474995674233749,0.9992307692307691
190.45697300000157,1.270057629888507,0.9992307692307691,190.33613899999838,0.39105453305097254,0.9992307692307691
190.7015570000016,1.29835040218238,0.9992307692307691,190.57833099999831,0.4325763743479688,0.9992307692307691
190.94717600000166,1.3478901355661412,0.9992307692307691,190.84381499999816,0.4666157459155278,0.9992307692307691
191.19788400000172,1.4164609688490104,0.9992307692307691,191.07978499999817,0.48959553406912126,0.9992307692307691
191.4414020000017,1.4943126161692695,0.9992307692307691,191.32525599999803,0.5003257772720282,0.9992307692307691
191.69383400000166,1.5648280003732467,0.9992307692307691,191.56716299999806,0.5005241528198991,0.9992307692307691
191.93586200000158,1.6118070535533477,0.9992307692307691,191.81554499999808,0.49372238105552346,0.9992307692307691
192.1977350000016,1.6254583909720228,0.9992307692307691,192.0631149999979,0.48408966832143824,0.9992307692307691
192.43641000000156,1.6064731380198298,0.9992307692307691,192.3135689999979,0.47541398560965487,0.9992307692307691
192.68043900000143,1.5636956324569808,0.9992307692307691,192.56548199999787,0.46985332475140856,0.9992307692307691
192.93156200000143,1.5082928779700844,0.9992307692307691,192.81021699999792,0.4678637206828189,0.9992307692307691
193.17390800000143,1.4535957093381446,0.9992307692307691,193.05019899999795,0.4678181528694065,0.9992307692307691
193.44788700000143,1.4159446281414516,0.9992307692307691,193.30730299999797,0.4665114525865497,0.9992307692307691
193.67693700000157,1.4089402767042356,0.9992307692307691,193.548739999998,0.4608472581731604,0.9992307692307691
193.92099100000158,1.4378088200453705,0.9992307692307691,193.79976699999781,0.45052439068439,0.9992307692307691
194.16983900000164,1.4987565644921874,0.9992307692307691,194.05586599999782,0.4391442556370995,0.9992307692307691
194.41836200000168,1.5817794808747805,0.9992307692307691,194.2952249999978,0.43206776106447997,0.9992307692307691
194.66330900000168,1.6747361665700242,0.9992307692307691,194.5374609999977,0.4336747241398542,0.9992307692307691
194.9118540000015,1.7681278159238183,0.9992307692307691,194.78142299999777,0.44505630727240447,0.9992307692307691
195.15927100000155,1.8593032308469821,0.9992307692307691,195.03686199999777,0.46292269543112974,0.9992307692307691
195.40163700000147,1.9535673696647662,0.9992307692307691,195.2904259999978,0.4804358381811376,0.9992307692307691
195.6475210000015,2.0650295837806296,0.9992307692307691,195.53428399999783,0.48959463628905586,0.9992307692307691
195.90119700000153,2.2123510040698324,0.9992307692307691,195.7787409999978,0.48504705398698433,0.9992307692307691
196.14806900000153,2.4107297953727675,0.9992307692307691,196.02534399999786,0.4673456428369419,0.9992307692307691
196.39597100000157,2.6614300405452003,0.9992307692307691,196.27116599999783,0.4426961344840457,0.9992307692307691
196.66324700000155,2.941669550778777,0.9992307692307691,196.5185849999978,0.42001293761672887,0.9992307692307691
196.88734800000154,3.202983963921826,0.9992307692307691,196.7711909999978,0.406967634852773,0.9992307692307691
197.1337860000015,3.38041195429055,0.9992307692307691,197.01664199999786,0.40697889539870424,0.9992307692307691
197.3846880000015,3.4187918005005606,0.9992307692307691,197.2626119999978,0.41857795881317444,0.9992307692307691
197.6327420000015,3.3062816527496266,0.9992307692307691,197.5056729999977,0.4367985524491992,0.9992307692307691
197.87604300000154,3.0809182339639563,0.9992307692307691,197.75663699999774,0.45523070545134214,0.9992307692307691
198.12308300000151,2.802311263490119,0.9992307692307691,198.00856599999764,0.46838476278857033,0.9992307692307691
198.36771700000153,2.5202197533605957,0.9992307692307691,198.25367799999768,0.47363277649999846,0.9992307692307691
198.6247960000016,2.267708331557133,0.9992307692307691,198.5155839999977,0.47160762334391,0.9992307692307691
198.86867600000153,2.06191715028501,0.9992307692307691,198.7470349999976,0.4649723013651378,0.9992307692307691
199.12316000000155,1.9072427447203162,0.9992307692307691,198.99030399999762,0.4562804227387134,0.9992307692307691
199.36310100000154,1.8055283699845186,0.9992307692307691,199.24586399999762,0.4468183880944516,0.9992307692307691
199.61002400000154,1.7586845579277768,0.9992307692307691,199.4887629999975,0.43692445618812786,0.9992307692307691
199.86342600000157,1.7642225277537722,0.9992307692307691,199.73775899999742,0.42636635935676287,0.9992307692307691
200.10231800000153,1.8138484896731866,0.9992307692307691,199.98530599999745,0.4153429430577854,0.9992307692307691
200.35228400000145,1.8901799087863522,0.9992307692307691,200.2300029999975,0.40551505278356453,0.9992307692307691
200.6071480000014,1.9664221056872533,0.9992307692307691,200.4762849999975,0.3995236638237186,0.9992307692307691
200.84574700000127,2.0138533738802673,0.9992307692307691,200.72381599999756,0.3995371036530053,0.9992307692307691
201.11631200000136,2.0167247497991965,0.9992307692307691,200.9923199999975,0.405335694015743,0.9992307692307691
201.33912900000126,1.9821472469476924,0.9992307692307691,201.21862999999746,0.41406013615639325,0.9992307692307691
201.59618500000127,1.9327043081675384,0.9992307692307691,201.46265599999745,0.4215148097081951,0.9992307692307691
201.83858900000126,1.890178940426039,0.9992307692307691,201.72050599999758,0.4246726875506935,0.9992307692307691
202.08407000000128,1.8670400197344568,0.9992307692307691,201.96117799999766,0.4234391766885568,0.9992307692307691
202.3314550000013,1.866416199720802,0.9992307692307691,202.20434699999782,0.4204611896120823,0.9992307692307691
202.58096500000133,1.8896036723496892,0.9992307692307691,202.45599799999772,0.42017877920933505,0.9992307692307691
202.82958300000143,1.9386715576060376,0.9992307692307691,202.70737099999772,0.426749985637959,0.9992307692307691
203.08365400000145,2.010789746690911,0.9992307692307691,202.94494599999757,0.4410468954720223,0.9992307692307691
203.32445400000142,2.0937075348962266,0.9992307692307691,203.19680299999752,0.45943164056654107,0.9992307692307691
203.56944800000144,2.167444719045029,0.9992307692307691,203.43967499999744,0.4747033370585979,0.9992307692307691
203.81429600000138,2.2091134260802496,0.9992307692307691,203.68743899999743,0.479277535997523,0.9992307692307691
204.06830000000147,2.201600541790473,0.9992307692307691,203.93944599999745,0.468444943493281,0.9992307692307691
204.32678200000143,2.138957547599476,0.9992307692307691,204.20337599999738,0.4422493222054985,0.9992307692307691
204.56609100000145,2.0288187907477675,0.9992307692307691,204.43332899999749,0.4049644401184001,0.9992307692307691
204.81532100000143,1.8919308139977877,0.9992307692307691,204.67725599999739,0.3627882084429599,0.9992307692307691
205.05465100000126,1.754369856723908,0.9992307692307691,204.9260619999974,0.32152498687098413,0.9992307692307691
205.32075200000128,1.6390624768664879,0.9992307692307691,205.1806649999973,0.2851691866806034,0.9992307692307691
205.5555030000013,1.5589896258341163,0.9992307692307691,205.42328099999727,0.2565440842542035,0.9992307692307691
205.8024420000012,1.5157388060738974,0.9992307692307691,205.66062099999738,0.2379292859009657,0.9992307692307691
206.05349800000113,1.5022186650148306,0.9992307692307691,205.91417699999727,0.23092539400556505,0.9992307692307691
206.29281100000122,1.508895841863539,0.9992307692307691,206.1766119999972,0.23583798629613997,0.9992307692307691
206.53793100000115,1.5277218194734155,0.9992307692307691,206.4106109999972,0.25086800772752355,0.9992307692307691
206.78797200000116,1.5532250163683938,0.9992307692307691,206.6601559999973,0.2729621986784173,0.9992307692307691
207.04886600000106,1.5782212813261487,0.9992307692307691,206.90902199999726,0.2996501693601021,0.9992307692307691
207.288702000001,1.5920674297962183,0.9992307692307691,207.14998699999728,0.3300776849538262,0.9992307692307691
207.54937800000104,1.5847057061556395,0.9992307692307691,207.39307799999725,0.36434620028312925,0.9992307692307691
207.77679200000105,1.5516311159677625,0.9992307692307691,207.64638999999727,0.4028458492732342,0.9992307692307691
208.02948100000114,1.4952495065466185,0.9992307692307691,207.89554299999722,0.4463005691631861,0.9992307692307691
208.27929600000112,1.4217747894395096,0.9992307692307691,208.1348609999972,0.49639479224228267,0.9992307692307691
208.52683300000112,1.3397354929069443,0.9992307692307691,208.3947679999972,0.5559285901149922,0.9992307692307691
208.79476400000112,1.256008653155695,0.9992307692307691,208.6352919999973,0.6270163290320545,0.9992307692307691
209.01303800000116,1.175748393827265,0.9992307692307691,208.87907999999726,0.7079351506842416,0.9992307692307691
209.26092800000117,1.1033119097106097,0.9992307692307691,209.12907299999722,0.791675446767813,0.9992307692307691
209.50879800000106,1.046777949447378,0.9992307692307691,209.3751269999972,0.8667055434011444,0.9992307692307691
209.75785800000105,1.0180702539073774,0.9992307692307691,209.6215629999972,0.920401176477063,0.9992307692307691
210.00279100000103,1.0277463084591425,0.9992307692307691,209.87290699999724,0.9421225836100764,0.9992307692307691
210.2602470000009,1.0782522355857147,0.9992307692307691,210.12202599999722,0.9282116926975226,0.9992307692307691
210.50674200000097,1.160819995918732,0.9992307692307691,210.36473599999715,0.8840599429606518,0.9992307692307691
210.75133300000087,1.2586825225042273,0.9992307692307691,210.61676099999704,0.8218867035152567,0.9992307692307691
211.0007810000008,1.3542830199081206,0.9992307692307691,210.859752999997,0.7549514009415504,0.9992307692307691
211.24438000000077,1.4373137128870166,0.9992307692307691,211.10775699999704,0.6920137628907579,0.9992307692307691
211.49992000000083,1.5088028665378683,0.9992307692307691,211.36141099999702,0.6371436706607134,0.9992307692307691
211.73789200000087,1.583061550444934,0.9992307692307691,211.60448699999688,0.5928376260438518,0.9992307692307691
211.99968300000094,1.681757878311771,0.9992307692307691,211.84732399999683,0.5620676484911579,0.9992307692307691
212.241395000001,1.8225594919448034,0.9992307692307691,212.09895799999683,0.546601116786456,0.9992307692307691
212.49552200000096,2.0053103986742458,0.9992307692307691,212.3447999999968,0.5442603895416395,0.9992307692307691
212.733930000001,2.2109906710158715,0.9992307692307691,212.60217599999675,0.548496007529593,0.9992307692307691
212.99718200000095,2.4149948210862133,0.9992307692307691,212.83958099999674,0.5505372288929724,0.9992307692307691
213.228050000001,2.5997614565947607,0.9992307692307691,213.0848049999968,0.5435195496578413,0.9992307692307691
213.47247200000098,2.753713368698965,0.9992307692307691,213.3342779999968,0.5266998320208977,0.9992307692307691
213.71429000000086,2.864851521405237,0.9992307692307691,213.57971399999673,0.5073254875843687,0.9992307692307691
213.9723760000008,2.9174112244894204,0.9992307692307691,213.84914599999675,0.4993826993832542,0.9992307692307691
214.20877700000077,2.8999067608735087,0.9992307692307691,214.0739949999967,0.5158168917579824,0.9992307692307691
214.46181400000066,2.811952774539425,0.9992307692307691,214.32796799999676,0.561170619268976,0.9992307692307691
214.70627700000063,2.6662851642226952,0.9992307692307691,214.5750999999968,0.6300311491959327,0.9992307692307691
214.95868100000058,2.484503201530376,0.9992307692307691,214.81423099999677,0.7090282816247152,0.9992307692307691
215.22014500000063,2.290826359702031,0.9992307692307691,215.06510899999677,0.7817783440767729,0.9992307692307691
215.4517130000006,2.1065485053184307,0.9992307692307691,215.31172699999672,0.8331665509027044,0.9992307692307691
215.71216100000066,1.9482198761586873,0.9992307692307691,215.56758999999676,0.8521146010891794,0.9992307692307691
215.94114300000066,1.8294735391660129,0.9992307692307691,215.81048899999675,0.8349692090202472,0.9992307692307691
216.19515600000054,1.7596373315979585,0.9992307692307691,216.0556419999967,0.7883304672555331,0.9992307692307691
216.43826100000055,1.740846799672158,0.9992307692307691,216.30495299999671,0.728332412156497,0.9992307692307691
216.6896420000005,1.76546602818566,0.9992307692307691,216.55353299999663,0.6741636184838304,0.9992307692307691
216.93154300000052,1.8171120955224678,0.9992307692307691,216.80351399999662,0.6377986354736913,0.9992307692307691
217.18468600000057,1.8784698527706885,0.9992307692307691,217.05091899999658,0.6190864289198558,0.9992307692307691
217.42950600000052,1.9378898216452756,0.9992307692307691,217.29230199999662,0.6103986914950985,0.9992307692307691
217.6740040000006,1.9897536235779092,0.9992307692307691,217.53583999999648,0.6028558792214173,0.9992307692307691
217.92565100000058,2.030475889650705,0.9992307692307691,217.78685999999652,0.590073944535559,0.9992307692307691
218.17291800000046,2.0520885281127224,0.9992307692307691,218.03387099999654,0.5687326667788422,0.9992307692307691
218.42547400000055,2.0398037765033794,0.9992307692307691,218.28178799999654,0.5384993090729588,0.9992307692307691
218.68149800000054,1.9821746506945077,0.9992307692307691,218.5282659999965,0.5026215645567836,0.9992307692307691
218.91945200000063,1.882759965280611,0.9992307692307691,218.7751149999964,0.4671870786609581,0.9992307692307691
219.1623720000006,1.7614997331068387,0.9992307692307691,219.02691799999636,0.4387601613259461,0.9992307692307691
219.4242990000006,1.6455432968504775,0.9992307692307691,219.26887799999628,0.4212460668629196,0.9992307692307691
219.67463700000062,1.5606777516842296,0.9992307692307691,219.51788299999615,0.41479648384220447,0.9992307692307691
219.9090890000006,1.5246720858652252,0.9992307692307691,219.7628059999961,0.4163172080313217,0.9992307692307691
220.14839500000053,1.5435911992734694,0.9992307692307691,220.00986599999604,0.4214171965258302,0.9992307692307691
220.39696100000054,1.6102495292952104,0.9992307692307691,220.26519399999597,0.4262027661031613,0.9992307692307691
220.64987500000055,1.701724827584834,0.9992307692307691,220.50662099999593,0.42804783024890536,0.9992307692307691
220.8938210000005,1.785070237691336,0.9992307692307691,220.75468199999577,0.4261999809104923,0.9992307692307691
221.14595100000048,1.8312298627660497,0.9992307692307691,221.00577299999588,0.4209804950425112,0.9992307692307691
221.38529200000042,1.8258531448991024,0.9992307692307691,221.25221299999583,0.4133718744753853,0.9992307692307691
221.63882900000033,1.7727212392731944,0.9992307692307691,221.5155249999958,0.40409937323012474,0.9992307692307691
221.88483000000033,1.6883815076879456,0.9992307692307691,221.7466169999958,0.39324507589265006,0.9992307692307691
222.13378700000038,1.592501219672918,0.9992307692307691,221.99144499999585,0.38074864221967264,0.9992307692307691
222.3812090000004,1.5018016953450521,0.9992307692307691,222.2399899999958,0.3672308543264828,0.9992307692307691
222.62719800000036,1.4290286001830128,0.9992307692307691,222.49060799999577,0.3538337302385167,0.9992307692307691
222.88404900000037,1.3809543584385988,0.9992307692307691,222.74059699999586,0.34164881456926044,0.9992307692307691
223.12451000000036,1.3593305229556283,0.9992307692307691,222.9794989999959,0.33223139452374667,0.9992307692307691
223.37203300000039,1.3642298518666904,0.9992307692307691,223.22741599999588,0.3273289044507142,0.9992307692307691
223.61554100000038,1.3924079709730939,0.9992307692307691,223.47976699999583,0.32855849666217685,0.9992307692307691
223.86354600000027,1.4357837154978035,0.9992307692307691,223.7261319999958,0.33758562334976483,0.9992307692307691
224.11142300000031,1.482883540554711,0.9992307692307691,223.9709739999957,0.3555711132811357,0.9992307692307691
224.36152900000033,1.5184741181900288,0.9992307692307691,224.22098099999567,0.3820076467219709,0.9992307692307691
224.60111100000032,1.5309337439232937,0.9992307692307691,224.47016299999558,0.41414185884036064,0.9992307692307691
224.85349900000037,1.519325222189911,0.9992307692307691,224.73206899999562,0.44708542866278217,0.9992307692307691
225.10799900000035,1.4913757856323395,0.9992307692307691,224.96415499999569,0.4752016662864857,0.9992307692307691
225.3465120000003,1.4579905379567117,0.9992307692307691,225.2108569999958,0.4937509071405058,0.9992307692307691
225.59387300000043,1.431203647485264,0.9992307692307691,225.45415499999575,0.4998253387595212,0.9992307692307691
225.84342700000033,1.4233015042600172,0.9992307692307691,225.70013699999566,0.49274870438119217,0.9992307692307691
226.08836900000034,1.4435589671311473,0.9992307692307691,225.95252999999565,0.47481752686674494,0.9992307692307691
226.34403600000033,1.493220940373957,0.9992307692307691,226.19771799999563,0.45167952497258623,0.9992307692307691
226.59045800000035,1.5687429509202824,0.9992307692307691,226.4440309999957,0.43131618075620126,0.9992307692307691
226.82777000000033,1.6595964514296897,0.9992307692307691,226.69051499999563,0.42263188416194747,0.9992307692307691
227.0817570000003,1.7496020038069808,0.9992307692307691,226.9417039999956,0.43323169326585437,0.9992307692307691
227.34104800000026,1.8234620324528317,0.9992307692307691,227.19101699999567,0.46833701593235955,0.9992307692307691
227.57285500000012,1.8711042691690492,0.9992307692307691,227.44044199999567,0.5294302638244406,0.9992307692307691
227.8219680000002,1.8899598884250313,0.9992307692307691,227.68442099999564,0.6142500329064744,0.9992307692307691
228.07273100000012,1.885613481308332,0.9992307692307691,227.93730699999566,0.7170691333784343,0.9992307692307691
228.3138730000002,1.8666955088025354,0.9992307692307691,228.17936099999568,0.8288539093244465,0.9992307692307691
228.56780600000022,1.8414348260128506,0.9992307692307691,228.43295699999555,0.9362835257002673,0.9992307692307691
228.81536100000022,1.8159464650820922,0.9992307692307691,228.67000499999557,1.0224368089439466,0.9992307692307691
229.06449700000022,1.794481625955425,0.9992307692307691,228.9159499999956,1.0703237683731013,0.9992307692307691
229.3071950000002,1.7794119753128723,0.9992307692307691,229.18287799999567,1.069935761963184,0.9992307692307691
229.5583650000002,1.7686888663437395,0.9992307692307691,229.42233399999554,1.0252101115153247,0.9992307692307691
229.80379200000016,1.7530796927597239,0.9992307692307691,229.66732599999563,0.9528611604796808,0.9992307692307691
230.05071200000012,1.7212203346086574,0.9992307692307691,229.90466999999563,0.8739083377174752,0.9992307692307691
230.2956530000001,1.6704459889908114,0.9992307692307691,230.15524299999564,0.805376486214414,0.9992307692307691
230.56423100000004,1.606946148187367,0.9992307692307691,230.40370399999563,0.754261794139317,0.9992307692307691
230.79072999999994,1.5407274053028805,0.9992307692307691,230.64850099999555,0.716986950477436,0.9992307692307691
231.04265399999986,1.4817759922621927,0.9992307692307691,230.8995879999955,0.6847429617939249,0.9992307692307691
231.29062399999975,1.4336483014495598,0.9992307692307691,231.14467699999545,0.6491815292662237,0.9992307692307691
231.5370329999998,1.3953798416255623,0.9992307692307691,231.39155599999535,0.6068493150702594,0.9992307692307691
231.78599599999987,1.3640450509992004,0.9992307692307691,231.64039199999527,0.5614974034433313,0.9992307692307691
232.02867499999982,1.3359700039547833,0.9992307692307691,231.8857659999953,0.5221971338800345,0.9992307692307691
232.27298499999992,1.3095588153735331,0.9992307692307691,232.14169799999536,0.4977158325037189,0.9992307692307691
232.5230219999999,1.2859741724736904,0.9992307692307691,232.39622499999524,0.4920894891619076,0.9992307692307691
232.77296299999983,1.2687246580439444,0.9992307692307691,232.64032499999527,0.5019187786559923,0.9992307692307691
233.0360569999998,1.2648046746932733,0.9992307692307691,232.87425599999537,0.5176738567429487,0.9992307692307691
233.26681799999977,1.2862186610347401,0.9992307692307691,233.13064399999539,0.528808660034711,0.9992307692307691
233.5164259999998,1.353297207657683,0.9992307692307691,233.37284399999533,0.5288072291916399,0.9992307692307691
233.7649559999998,1.4906005026364848,0.9992307692307691,233.61958599999537,0.5160652483011149,0.9992307692307691
234.01081699999995,1.7054956031584187,0.9992307692307691,233.86710899999528,0.492541036957172,0.9992307692307691
234.26199199999996,1.9664121660421139,0.9992307692307691,234.12078499999527,0.4632933173172916,0.9992307692307691
234.49941599999994,2.2129571187617687,0.9992307692307691,234.36666099999533,0.43507772192178135,0.9992307692307691
234.754709,2.3944330469909314,0.9992307692307691,234.61262299999532,0.4149421322311673,0.9992307692307691
235.02394299999992,2.489872277163128,0.9992307692307691,234.85509299999524,0.4086439753983912,0.9992307692307691
235.24814599999993,2.506502593423587,0.9992307692307691,235.10970199999522,0.41790436886637045,0.9992307692307691
235.4947369999999,2.464524030987308,0.9992307692307691,235.35083699999524,0.43889492569033234,0.9992307692307691
235.7414649999999,2.387120764327226,0.9992307692307691,235.6011429999952,0.4638356904936912,0.9992307692307691
235.98953999999986,2.294465598764218,0.9992307692307691,235.84756599999514,0.48514996754260414,0.9992307692307691
236.23087999999981,2.1996099499676376,0.9992307692307691,236.09673899999513,0.49817747617024805,0.9992307692307691
236.4825079999998,2.1087223418129764,0.9992307692307691,236.34553899999509,0.5019378007600703,0.9992307692307691
236.72920399999978,2.0231886161130896,0.9992307692307691,236.59592999999506,0.49835698836213405,0.9992307692307691
236.97364499999972,1.9423663265502098,0.9992307692307691,236.8583789999951,0.49061637067986635,0.9992307692307691
237.2236089999997,1.8709588923037535,0.9992307692307691,237.08785899999503,0.48151799773798737,0.9992307692307691
237.47052799999963,1.8186209867151586,0.9992307692307691,237.331405999995,0.4722535374597681,0.9992307692307691
237.7284099999996,1.7940743566339292,0.9992307692307691,237.579408999995,0.4620110623045882,0.9992307692307691
237.9704449999996,1.7969003889751198,0.9992307692307691,237.8302219999949,0.44869670074009577,0.9992307692307691
238.2223299999996,1.8192078281806165,0.9992307692307691,238.07145599999492,0.43129137621671304,0.9992307692307691
238.46428499999962,1.8508108455560035,0.9992307692307691,238.31973299999493,0.41138986949623185,0.9992307692307691
238.7092509999996,1.8825231015663715,0.9992307692307691,238.5677549999949,0.39238280851886176,0.9992307692307691
238.9602099999996,1.9059508259911109,0.9992307692307691,238.82318799999487,0.3779299008933868,0.9992307692307691
239.2032889999996,1.9124686008279497,0.9992307692307691,239.06474199999494,0.3707282660752141,0.9992307692307691
239.4482199999995,1.8943006990263336,0.9992307692307691,239.31360899999487,0.37162090591284724,0.9992307692307691
239.69512099999946,1.8490876327970738,0.9992307692307691,239.54833599999486,0.3796650558238391,0.9992307692307691
239.94407199999955,1.7827454082889682,0.9992307692307691,239.81037299999485,0.39301093540922777,0.9992307692307691
240.1890049999994,1.7073844646081007,0.9992307692307691,240.05863199999487,0.4092021825116084,0.9992307692307691
240.44055899999947,1.6353855369787265,0.9992307692307691,240.29805599999492,0.42577859008431357,0.9992307692307691
240.69207699999944,1.5775675137800838,0.9992307692307691,240.54161199999487,0.44150012112491227,0.9992307692307691
240.93996399999955,1.5406080903416242,0.9992307692307691,240.80169499999482,0.4567120377909094,0.9992307692307691
241.18248499999953,1.5249920394689773,0.9992307692307691,241.0421379999948,0.472740245318391,0.9992307692307691
241.4443929999995,1.524183690821932,0.9992307692307691,241.28876099999476,0.4898097405272344,0.9992307692307691
241.68080899999967,1.5280819109025394,0.9992307692307691,241.5327929999948,0.5063444143833311,0.9992307692307691
241.93268099999966,1.5264535902616532,0.9992307692307691,241.78281299999483,0.5197605332942117,0.9992307692307691
242.17609399999964,1.5128385207438386,0.9992307692307691,242.0332949999949,0.5272561971584919,0.9992307692307691
242.4209139999996,1.487701189238897,0.9992307692307691,242.27585399999498,0.5276799687861145,0.9992307692307691
242.69056599999962,1.459096037695026,0.9992307692307691,242.52692199999487,0.5210945671379754,0.9992307692307691
242.91513199999963,1.4372056759264855,0.9992307692307691,242.77294699999476,0.5085183857426901,0.9992307692307691
243.16599799999955,1.428031544102105,0.9992307692307691,243.0164319999947,0.4908894197920577,0.9992307692307691
243.41258499999952,1.4312041348960884,0.9992307692307691,243.26687399999471,0.46999868707604164,0.9992307692307691
243.65909099999956,1.4409992045259092,0.9992307692307691,243.5113879999947,0.44900118335266204,0.9992307692307691
243.90152099999955,1.4539947631527186,0.9992307692307691,243.7523319999948,0.43229949987703564,0.9992307692307691
244.14989199999957,1.475758140889711,0.9992307692307691,244.0044439999948,0.424729275803147,0.9992307692307691
244.40094699999952,1.5197865219239923,0.9992307692307691,244.2546149999948,0.43074369430668685,0.9992307692307691
244.65025999999963,1.6002283687891317,0.9992307692307691,244.52404199999467,0.4521832124763202,0.9992307692307691
244.90102099999964,1.724189299723584,0.9992307692307691,244.76201799999467,0.48657430471006513,0.9992307692307691
245.1555779999996,1.8883203814241094,0.9992307692307691,244.99195699999478,0.5274717187681175,0.9992307692307691
245.39444299999965,2.0746855277832887,0.9992307692307691,245.24196399999488,0.5667137962880724,0.9992307692307691
245.6409919999996,2.2498095028442293,0.9992307692307691,245.48593199999493,0.5980152774546617,0.9992307692307691
245.89686499999962,2.380687916818615,0.9992307692307691,245.73200099999494,0.6192625787899256,0.9992307692307691
246.14069899999967,2.453307658707117,0.9992307692307691,245.99117599999488,0.6322745775870194,0.9992307692307691
246.3902219999997,2.4766551365851504,0.9992307692307691,246.23197699999497,0.6402051879861124,0.9992307692307691
246.6285109999997,2.471541901871567,0.9992307692307691,246.47689599999498,0.6456314133160035,0.9992307692307691
246.8744839999998,2.454188500146169,0.9992307692307691,246.72734499999487,0.6492792809142527,0.9992307692307691
247.13206699999978,2.4331926151968135,0.9992307692307691,246.9732989999949,0.6505655478860519,0.9992307692307691
247.3711169999998,2.4177290344327975,0.9992307692307691,247.21744399999488,0.6487165033600507,0.9992307692307691
247.6187719999997,2.420361652716358,0.9992307692307691,247.4746539999949,0.6429725892700922,0.9992307692307691
247.86426399999962,2.452691631672025,0.9992307692307691,247.7244929999949,0.6339946033823489,0.9992307692307691
248.11864499999965,2.516684477394726,0.9992307692307691,247.95998399999488,0.6250522831262628,0.9992307692307691
248.35615399999955,2.593484555330268,0.9992307692307691,248.2113959999949,0.6190639028989391,0.9992307692307691
248.60715599999966,2.6436527888728856,0.9992307692307691,248.46685099999488,0.6165107851453289,0.9992307692307691
248.85613499999965,2.6333697812148493,0.9992307692307691,248.70082799999494,0.6148511187801783,0.9992307692307691
249.10301599999968,2.5522167591745837,0.9992307692307691,248.95071899999496,0.609834758622221,0.9992307692307691
249.34448499999968,2.412472121519981,0.9992307692307691,249.2037969999949,0.5976166530000526,0.9992307692307691
249.61255499999953,2.2436738287052185,0.9992307692307691,249.44423399999496,0.5768359200456531,0.9992307692307691
249.8394809999994,2.0725525180044038,0.9992307692307691,249.70165199999488,0.5485545369223463,0.9992307692307691
250.0992369999993,1.9097325283068907,0.9992307692307691,249.9422499999948,0.5156525509668631,0.9992307692307691
250.36280199999916,1.7553950282582362,0.9992307692307691,250.1911989999948,0.48230962547191836,0.9992307692307691
250.58240099999918,1.6065777409633335,0.9992307692307691,250.43239099999494,0.4525776968199058,0.9992307692307691
250.8330359999993,1.463012353638302,0.9992307692307691,250.68241199999497,0.4291256229461201,0.9992307692307691
251.08638999999926,1.3307372425723052,0.9992307692307691,250.9423809999949,0.4125941651586924,0.9992307692307691
251.32977599999916,1.2201542524825797,0.9992307692307691,251.17960299999498,0.401269625504253,0.9992307692307691
251.5762639999992,1.1419325050826057,0.9992307692307691,251.42147699999498,0.39230690503486687,0.9992307692307691
251.8293099999992,1.1043213012058493,0.9992307692307691,251.67847399999505,0.3831305569915196,0.9992307692307691
252.06965599999913,1.1099909022146823,0.9992307692307691,251.92848899999507,0.37180090284851663,0.9992307692307691
252.31859099999897,1.1504811258295902,0.9992307692307691,252.19192199999497,0.3573042041437953,0.9992307692307691
252.57060699999894,1.2052738757821504,0.9992307692307691,252.41047499999493,0.34039289463743333,0.9992307692307691
252.82003199999892,1.249779700460138,0.9992307692307691,252.66120099999495,0.3234102988029531,0.9992307692307691
253.07189899999895,1.26884031819332,0.9992307692307691,252.90783599999483,0.3093773245450981,0.9992307692307691
253.31359499999905,1.2612656366153732,0.9992307692307691,253.16170199999473,0.30102679173163627,0.9992307692307691
253.569302999999,1.2336119777898065,0.9992307692307691,253.3997069999947,0.29990933935245107,0.9992307692307691
253.81041899999914,1.195582553414272,0.9992307692307691,253.65262899999473,0.3054847312178005,0.9992307692307691
254.05958999999913,1.1572533653090784,0.9992307692307691,253.90000999999467,0.31581935931417365,0.9992307692307691
254.2969609999991,1.1253779684937797,0.9992307692307691,254.14550699999475,0.3293688552755687,0.9992307692307691
254.54890299999914,1.1037105405542453,0.9992307692307691,254.3923209999946,0.34608881018590565,0.9992307692307691
254.79397899999915,1.0913434133196396,0.9992307692307691,254.64675699999464,0.3675788584434646,0.9992307692307691
255.0460079999991,1.08739553096507,0.9992307692307691,254.89618299999464,0.39555545955666466,0.9992307692307691
255.29480599999894,1.093347194348901,0.9992307692307691,255.16826299999454,0.4289471823063151,0.9992307692307691
255.53732299999882,1.1139670939453807,0.9992307692307691,255.39516099999446,0.46229397181721865,0.9992307692307691
255.78258799999895,1.1528709396038077,0.9992307692307691,255.6370999999945,0.48646809005717384,0.9992307692307691
256.03061499999893,1.2075432049981027,0.9992307692307691,255.8815629999945,0.49323216325922903,0.9992307692307691
256.2811129999989,1.2665430915022506,0.9992307692307691,256.13995399999436,0.4807114410727067,0.9992307692307691
256.527899999999,1.3135873774433473,0.9992307692307691,256.3755079999943,0.4536301490722019,0.9992307692307691
256.781844999999,1.3383786945216167,0.9992307692307691,256.62290699999414,0.41961920918801104,0.9992307692307691
257.0210539999989,1.343595744748879,0.9992307692307691,256.87238299999404,0.3861454705012621,0.9992307692307691
257.26783699999885,1.340717286650412,0.9992307692307691,257.1172509999939,0.3591071098392996,0.9992307692307691
257.5230139999988,1.3417747269037121,0.9992307692307691,257.3692749999939,0.3424695348504244,0.9992307692307691
257.77298099999877,1.3533017512206322,0.9992307692307691,257.6209879999939,0.3378293625887466,0.9992307692307691
258.0305669999988,1.3765286961742267,0.9992307692307691,257.86146499999376,0.34385199514086195,0.9992307692307691
258.2573379999988,1.4100206503459867,0.9992307692307691,258.11183199999374,0.3556467643716594,0.9992307692307691
258.5139669999987,1.4522065019858634,0.9992307692307691,258.35778099999374,0.36685582198102973,0.9992307692307691
258.7564709999987,1.5019721287733463,0.9992307692307691,258.62362299999376,0.3727491191322263,0.9992307692307691
259.0044519999987,1.5610906587602955,0.9992307692307691,258.8485689999938,0.37141200625932475,0.9992307692307691
259.2457089999987,1.6301279191362867,0.9992307692307691,259.1000259999937,0.3632138911606183,0.9992307692307691
259.4987659999986,1.7035587841708546,0.9992307692307691,259.35002599999365,0.3503560376261165,0.9992307692307691
259.7437989999987,1.7646978559142488,0.9992307692307691,259.6020209999937,0.33622229278785365,0.9992307692307691
259.99370799999866,1.7958358582155396,0.9992307692307691,259.8684579999937,0.32441575275154466,0.9992307692307691
260.2337169999987,1.7883123571709505,0.9992307692307691,260.0869459999938,0.3177051045545326,0.9992307692307691
260.4837289999986,1.7470237989565793,0.9992307692307691,260.3363699999938,0.3175943926368475,0.9992307692307691
260.7457529999986,1.6864078141371845,0.9992307692307691,260.5823439999938,0.3241272619569405,0.9992307692307691
260.98860499999853,1.6250104897085527,0.9992307692307691,260.8306649999938,0.33619955977870986,0.9992307692307691
261.24363999999866,1.584726427748144,0.9992307692307691,261.0775559999938,0.3516377677075122,0.9992307692307691
261.47768199999877,1.5888386565757748,0.9992307692307691,261.3246399999939,0.3676111581504805,0.9992307692307691
261.72446299999865,1.6549568045508882,0.9992307692307691,261.57560799999385,0.3811330764550177,0.9992307692307691
261.97586699999863,1.7855292625751953,0.9992307692307691,261.8205909999939,0.38960511287622396,0.9992307692307691
262.2189579999989,1.9555907313632206,0.9992307692307691,262.073438999994,0.39151509542668655,0.9992307692307691
262.46388399999887,2.1197638082661414,0.9992307692307691,262.3239959999942,0.38650181946361706,0.9992307692307691
262.7154059999989,2.244386605479627,0.9992307692307691,262.56883099999413,0.37566575156785365,0.9992307692307691
262.959786999999,2.324558434046401,0.9992307692307691,262.82125599999415,0.36177631439006663,0.9992307692307691
263.2050189999991,2.3743659501420162,0.9992307692307691,263.0699179999943,0.34825145404419916,0.9992307692307691
263.4613939999992,2.4108404532318097,0.9992307692307691,263.3148259999941,0.33810716289162585,0.9992307692307691
263.70895099999916,2.4445432495733885,0.9992307692307691,263.55229799999404,0.3329855706938755,0.9992307692307691
263.95453899999916,2.47239518225035,0.9992307692307691,263.8218949999939,0.3331315882447793,0.9992307692307691
264.19486599999914,2.4783719265415765,0.9992307692307691,264.04490499999383,0.3374878015542121,0.9992307692307691
264.45922799999926,2.4447431790779754,0.9992307692307691,264.29846399999377,0.34393967033473727,0.9992307692307691
264.69688899999915,2.3671257450285665,0.9992307692307691,264.54440199999374,0.3506906269417219,0.9992307692307691
264.9351219999991,2.254822429760388,0.9992307692307691,264.7884329999935,0.35709728436317445,0.9992307692307691
265.18426499999896,2.123853356258432,0.9992307692307691,265.0398679999935,0.36344751445205475,0.9992307692307691
265.43126499999914,1.988328538975971,0.9992307692307691,265.28773999999373,0.37033978974300114,0.9992307692307691
265.6781039999992,1.8581006236080873,0.9992307692307691,265.5415849999938,0.37772862604541135,0.9992307692307691
265.930184999999,1.7395151018207,0.9992307692307691,265.78951899999385,0.3835147082368929,0.9992307692307691
266.17855699999893,1.6359081668774025,0.9992307692307691,266.02494299999387,0.38413843513269913,0.9992307692307691
266.428397999999,1.5496116232373165,0.9992307692307691,266.291770999994,0.37639318761819085,0.9992307692307691
266.6742809999991,1.4847000432942576,0.9992307692307691,266.52647599999415,0.3607800668445697,0.9992307692307691
266.9199399999988,1.4480608365892886,0.9992307692307691,266.7703259999939,0.3421427080621562,0.9992307692307691
267.16796699999884,1.4444072493335263,0.9992307692307691,267.0178499999939,0.3273522159082193,0.9992307692307691
267.4207059999989,1.4705624753231563,0.9992307692307691,267.267198999994,0.32177210885104657,0.9992307692307691
267.663309999999,1.5136736197499454,0.9992307692307691,267.5111189999941,0.3274933577197658,0.9992307692307691
267.9074609999992,1.5582423292434642,0.9992307692307691,267.75710599999417,0.3429418594465683,0.9992307692307691
268.1569349999991,1.5889939101406436,0.9992307692307691,268.00869699999396,0.36288010124889436,0.9992307692307691
268.41049799999917,1.6006635214604803,0.9992307692307691,268.263812999994,0.37956364122689945,0.9992307692307691
268.65293499999893,1.5996289790157627,0.9992307692307691,268.50053199999417,0.3861088804842494,0.9992307692307691
268.90980699999903,1.5964091738295103,0.9992307692307691,268.7458789999944,0.379830256077051,0.9992307692307691
269.15187699999893,1.6003119187289394,0.9992307692307691,268.9958599999944,0.36265094293656464,0.9992307692307691
269.3899119999988,1.6102042193879509,0.9992307692307691,269.2479479999942,0.3390646908066859,0.9992307692307691
269.6498909999987,1.6140300208682061,0.9992307692307691,269.49127599999406,0.3136743953622439,0.9992307692307691
269.890835999999,1.6000671974583585,0.9992307692307691,269.74036999999413,0.2899327427953832,0.9992307692307691
270.1357819999991,1.5672656304886234,0.9992307692307691,269.99043699999396,0.2705020204415488,0.9992307692307691
270.38221499999906,1.525962810736716,0.9992307692307691,270.23846299999394,0.2577686136285988,0.9992307692307691
270.627691999999,1.4921506087918657,0.9992307692307691,270.47989499999403,0.25371595151248594,0.9992307692307691
270.88432199999886,1.480778325255291,0.9992307692307691,270.7404719999942,0.2596328350418373,0.9992307692307691
271.1279079999988,1.5004322163115749,0.9992307692307691,270.97894899999415,0.2757910566554327,0.9992307692307691
271.37725199999875,1.550711950637364,0.9992307692307691,271.221484999994,0.3009566358211333,0.9992307692307691
271.61960999999883,1.618060802482144,0.9992307692307691,271.48331399999364,0.33212880253671306,0.9992307692307691
271.8645929999989,1.6743217749691717,0.9992307692307691,271.7235429999935,0.36488713193056577,0.9992307692307691
272.1195769999987,1.690272333476716,0.9992307692307691,271.96789799999334,0.3943295035678804,0.9992307692307691
272.3602259999987,1.6539091502456098,0.9992307692307691,272.2130299999935,0.4160015003790346,0.9992307692307691
272.61216899999874,1.576934328947968,0.9992307692307691,272.46799599999383,0.42690297136679206,0.9992307692307691
272.85860399999876,1.4836750559529226,0.9992307692307691,272.7159109999939,0.42665423057622726,0.9992307692307691
273.1021359999987,1.3953124086447426,0.9992307692307691,272.9620129999941,0.41695047852459505,0.9992307692307691
273.35313499999916,1.3240899658074534,0.9992307692307691,273.2028459999941,0.40103298311281604,0.9992307692307691
273.6041669999993,1.2743900303456306,0.9992307692307691,273.45571699999397,0.38349243330648813,0.9992307692307691
273.84499299999925,1.246947661705155,0.9992307692307691,273.7043469999942,0.36938247194579443,0.9992307692307691
274.095867999999,1.2404138267030071,0.9992307692307691,273.95364699999425,0.36210360646508166,0.9992307692307691
274.34424399999904,1.249649778580347,0.9992307692307691,274.196810999994,0.3616300884749798,0.9992307692307691
274.58724799999914,1.2654689739483271,0.9992307692307691,274.443639999994,0.36524971224739233,0.9992307692307691
274.83981099999926,1.2782616882803173,0.9992307692307691,274.6953509999941,0.3690396518232316,0.9992307692307691
275.09785199999953,1.2824211891516917,0.9992307692307691,274.9394029999942,0.36970283043823404,0.9992307692307691
275.33982399999974,1.2792316021396597,0.9992307692307691,275.184361999994,0.3656479044501802,0.9992307692307691
275.57962699999996,1.2751295289717401,0.9992307692307691,275.433891999994,0.3573533111978806,0.9992307692307691
275.829991,1.278201505437132,0.9992307692307691,275.6848179999942,0.34680590780911635,0.9992307692307691
276.0735170000001,1.2907259494855532,0.9992307692307691,275.93173299999427,0.3365300921712018,0.9992307692307691
276.32960900000023,1.307665996082768,0.9992307692307691,276.173996999994,0.3287355598822867,0.9992307692307691
276.5860290000003,1.3195964099598014,0.9992307692307691,276.4260019999938,0.32528049140475385,0.9992307692307691
276.82074900000003,1.316102165180419,0.9992307692307691,276.669302999994,0.3278935913452806,0.9992307692307691
277.0633249999999,1.294415324376053,0.9992307692307691,276.918630999994,0.3378976553662738,0.9992307692307691
277.3157209999997,1.26068579624043,0.9992307692307691,277.1718229999939,0.35502830632440324,0.9992307692307691
277.5662189999997,1.2276547253837307,0.9992307692307691,277.4118169999939,0.3764425326369332,0.9992307692307691
277.8143039999996,1.2107025464680836,0.9992307692307691,277.66174399999386,0.396980985416181,0.9992307692307691
278.0592559999995,1.2225451005177033,0.9992307692307691,277.9122059999939,0.41085100940271774,0.9992307692307691
278.30827199999965,1.2679643952289545,0.9992307692307691,278.1648099999939,0.4135883471473629,0.9992307692307691
278.5540659999996,1.343794968792473,0.9992307692307691,278.4181279999941,0.40322924543770466,0.9992307692307691
278.7981979999996,1.4400680327912745,0.9992307692307691,278.6674359999939,0.38103870818692687,0.9992307692307691
279.0480099999994,1.5407367808648431,0.9992307692307691,278.90009699999393,0.3512066007524586,0.9992307692307691
279.2904909999996,1.625123259361079,0.9992307692307691,279.14920999999396,0.31936063691688404,0.9992307692307691
279.54887199999973,1.6725079589042449,0.9992307692307691,279.39145299999376,0.29101625838179324,0.9992307692307691
279.79323699999975,1.6696123383372332,0.9992307692307691,279.64551399999385,0.27010047800179204,0.9992307692307691
280.03622399999966,1.6156367824961626,0.9992307692307691,279.8924489999937,0.2580277514127665,0.9992307692307691
280.2886829999996,1.5208955334558385,0.9992307692307691,280.1379099999935,0.2540314325941669,0.9992307692307691
280.53215099999977,1.4030845014388436,0.9992307692307691,280.39381599999354,0.25677724823368775,0.9992307692307691
280.7795669999998,1.2798390807378164,0.9992307692307691,280.6340169999936,0.2647534049693834,0.9992307692307691
281.05860199999995,1.1653410287429329,0.9992307692307691,280.8835909999936,0.2763029072724971,0.9992307692307691
281.27646400000015,1.071625101954744,0.9992307692307691,281.1285859999936,0.29016819551864226,0.9992307692307691
281.53069000000033,1.0081442473434996,0.9992307692307691,281.37396599999374,0.30537674115913505,0.9992307692307691
281.76925900000043,0.980563625699689,0.9992307692307691,281.6390779999938,0.32205614738981087,0.9992307692307691
282.02117500000054,0.9872570519593553,0.9992307692307691,281.86856299999414,0.3428898239650788,0.9992307692307691
282.2617870000004,1.016023661939477,0.9992307692307691,282.12109699999417,0.3725513636198002,0.9992307692307691
282.5177110000005,1.0504863420602821,0.9992307692307691,282.3652389999943,0.41504245434287984,0.9992307692307691
282.77383700000024,1.080540208361696,0.9992307692307691,282.61526599999445,0.4681775167454487,0.9992307692307691
283.00724100000025,1.1041870005373755,0.9992307692307691,282.8587649999946,0.5229495220760755,0.9992307692307691
283.2507660000002,1.1225636394290441,0.9992307692307691,283.1067309999948,0.5672587724400227,0.9992307692307691
283.5027490000003,1.1388010719225505,0.9992307692307691,283.34980499999494,0.591647699310163,0.9992307692307691
283.7522630000004,1.1569254896257866,0.9992307692307691,283.6016709999949,0.5923701262703969,0.9992307692307691
284.0031370000003,1.1793795849745417,0.9992307692307691,283.86397499999515,0.5713407014566158,0.9992307692307691
284.2641340000005,1.2046101799507118,0.9992307692307691,284.1079359999952,0.5350586612674115,0.9992307692307691
284.4971360000006,1.2257970900680415,0.9992307692307691,284.3535699999952,0.49191658601705945,0.9992307692307691
284.7428750000007,1.2341555165336935,0.9992307692307691,284.5915049999953,0.4490451568148869,0.9992307692307691
284.9909100000005,1.222018102135759,0.9992307692307691,284.8438509999955,0.4104858041144981,0.9992307692307691
285.2344880000005,1.1841783649743358,0.9992307692307691,285.09077499999546,0.3778637021993132,0.9992307692307691
285.48609800000037,1.1203893722349902,0.9992307692307691,285.33744799999533,0.35222967914512365,0.9992307692307691
285.7330410000005,1.0392393538911924,0.9992307692307691,285.5831559999953,0.3355502841926132,0.9992307692307691
285.97261300000065,0.9570028852110336,0.9992307692307691,285.82775999999535,0.3298596000539169,0.9992307692307691
286.2241520000005,0.8885962757659599,0.9992307692307691,286.0921439999954,0.3363615585093591,0.9992307692307691
286.47576000000055,0.8418623943200316,0.9992307692307691,286.32506999999555,0.3545109874882104,0.9992307692307691
286.7210800000004,0.8185363900343842,0.9992307692307691,286.5691069999956,0.38089175630458794,0.9992307692307691
286.96848300000033,0.8172578454549844,0.9992307692307691,286.8236309999956,0.409598307916336,0.9992307692307691
287.2196200000004,0.8395991929155702,0.9992307692307691,287.07415499999547,0.43374314970176053,0.9992307692307691
287.46788600000025,0.892567343133114,0.9992307692307691,287.31090899999543,0.4480515563662555,0.9992307692307691
287.71465900000004,0.9850471947886708,0.9992307692307691,287.5701249999955,0.45130322216697716,0.9992307692307691
287.9632130000002,1.1151774869288955,0.9992307692307691,287.81444699999537,0.445876758492435,0.9992307692307691
288.2006330000002,1.2622318531970589,0.9992307692307691,288.05636799999536,0.4363135872908514,0.9992307692307691
288.45317800000043,1.4011805792283094,0.9992307692307691,288.30393199999537,0.42792755254567544,0.9992307692307691
288.70172500000047,1.517399816597593,0.9992307692307691,288.5524179999953,0.4238803524677188,0.9992307692307691
288.9476190000005,1.6052664917769044,0.9992307692307691,288.8023809999954,0.4229457948254613,0.9992307692307691
289.19718800000055,1.6644139884075615,0.9992307692307691,289.05154499999543,0.4207724943637038,0.9992307692307691
289.44595700000053,1.697348592384978,0.9992307692307691,289.30826899999545,0.41315138705657406,0.9992307692307691
289.6859790000004,1.7081070674434093,0.9992307692307691,289.54181899999537,0.3986593958555407,0.9992307692307691
289.93838300000044,1.6995851810837341,0.9992307692307691,289.78889099999526,0.3792766530925082,0.9992307692307691
290.1890090000005,1.672650523850686,0.9992307692307691,290.03662399999524,0.35879399822009916,0.9992307692307691
290.4325700000007,1.631612006649027,0.9992307692307691,290.28594699999536,0.3408368124830492,0.9992307692307691
290.68306800000045,1.5900308299513026,0.9992307692307691,290.53251399999556,0.3279828008943797,0.9992307692307691
290.9299630000005,1.5639156963067222,0.9992307692307691,290.7758909999955,0.3208051497260545,0.9992307692307691
291.1807810000004,1.5608979085906158,0.9992307692307691,291.0389649999954,0.31786921428469006,0.9992307692307691
291.41847900000033,1.5740829399810272,0.9992307692307691,291.2775249999955,0.31691510623199914,0.9992307692307691
291.6698850000003,1.5886670604327848,0.9992307692307691,291.52845899999556,0.31651085093964304,0.9992307692307691
291.93838900000026,1.5953485160003054,0.9992307692307691,291.77037199999563,0.31593180120780756,0.9992307692307691
292.17292200000026,1.593385472939952,0.9992307692307691,292.0253969999955,0.3155603840878232,0.9992307692307691
292.4135720000002,1.5886012464304295,0.9992307692307691,292.2619879999955,0.31582475506945884,0.9992307692307691
292.660967,1.589507646003521,0.9992307692307691,292.5199149999954,0.31619346636514295,0.9992307692307691
292.926526,1.6028874243123152,0.9992307692307691,292.7688389999957,0.3162244690684543,0.9992307692307691
293.15798099999984,1.6322501515591301,0.9992307692307691,293.0119189999956,0.3157707961973031,0.9992307692307691
293.3968609999997,1.6759638877393637,0.9992307692307691,293.2536219999957,0.3153426308760117,0.9992307692307691
293.64506099999966,1.7239748687771512,0.9992307692307691,293.50163599999553,0.3160969390720543,0.9992307692307691
293.8984789999996,1.759109872550134,0.9992307692307691,293.77065799999554,0.319649756512487,0.9992307692307691
294.14293999999984,1.7659232518012933,0.9992307692307691,294.00157599999545,0.32771441826557335,0.9992307692307691
294.3909839999999,1.7410659594205697,0.9992307692307691,294.24591799999536,0.3419148979265779,0.9992307692307691
294.6449639999999,1.6942231869175928,0.9992307692307691,294.4913659999951,0.36248056687438224,0.9992307692307691
294.88496599999974,1.639535458931236,0.9992307692307691,294.7423049999954,0.3872157593081177,0.9992307692307691
295.1362969999996,1.5883491526000892,0.9992307692307691,294.98628399999535,0.41123048240178117,0.9992307692307691
295.38321299999956,1.549297279394293,0.9992307692307691,295.2411569999952,0.42895338127164395,0.9992307692307691
295.6301289999995,1.5339075135957954,0.9992307692307691,295.48028599999526,0.4371331274863846,0.9992307692307691
295.8836439999998,1.5590815086614613,0.9992307692307691,295.73160699999534,0.43631727000928977,0.9992307692307691
296.1274839999998,1.6389447466125062,0.9992307692307691,295.9846449999953,0.4300880440239755,0.9992307692307691
296.3741209999999,1.7707005487349532,0.9992307692307691,296.2315449999951,0.4228122185597241,0.9992307692307691
296.617445,1.9266560205507017,0.9992307692307691,296.4713179999952,0.4180299212383489,0.9992307692307691
296.8697879999999,2.061143233246327,0.9992307692307691,296.7233659999951,0.41824976304538475,0.9992307692307691
297.118763,2.1337708014491477,0.9992307692307691,296.9792469999952,0.4249511675747195,0.9992307692307691
297.3617739999999,2.1287710316206656,0.9992307692307691,297.24211899999534,0.43869524625267514,0.9992307692307691
297.6111339999998,2.0582393474972975,0.9992307692307691,297.4642209999953,0.4592614583031121,0.9992307692307691
297.85364799999985,1.951835084393038,0.9992307692307691,297.7166209999954,0.48497992801812617,0.9992307692307691
298.10606099999984,1.8444952604699316,0.9992307692307691,297.9656429999954,0.5129135740894097,0.9992307692307691
298.36281799999966,1.7668227628944149,0.9992307692307691,298.23305599999526,0.5401610277161216,0.9992307692307691
298.60133299999967,1.738369449344372,0.9992307692307691,298.46201899999494,0.5651888981217018,0.9992307692307691
298.8456529999995,1.7703787374631745,0.9992307692307691,298.70486799999486,0.5879616289917162,0.9992307692307691
299.09611099999967,1.871541439657082,0.9992307692307691,298.949819999995,0.6088276796009751,0.9992307692307691
299.3496079999998,2.050608660456179,0.9992307692307691,299.19782899999507,0.6272666815363834,0.9992307692307691
299.60795499999995,2.3139157386790417,0.9992307692307691,299.44064999999506,0.6395680108883903,0.9992307692307691
299.83508899999987,2.6589189446526595,0.9992307692307691,299.6890479999951,0.6404739500063886,0.9992307692307691
300.083653,3.0617577629707426,0.9992307692307691,299.93661799999495,0.6261202708102935,0.9992307692307691
300.32648600000016,3.4588461781398316,0.9992307692307691,300.19149399999503,0.5976330961580014,0.9992307692307691
300.57864499999994,3.7558221356266235,0.9284615384615383,300.43615899999514,0.5614910584038546,0.9992307692307691
300.82757900000007,3.8720919692506004,0.8776923076923075,300.6794579999952,0.5268320901889771,0.9992307692307691
301.083598,3.787953022351501,0.9199999999999999,300.93355999999505,0.5017320344667744,0.9992307692307691
301.32021599999985,3.5443315823270414,0.9992307692307691,301.1718159999952,0.49039042551853673,0.9992307692307691
301.57319399999983,3.2124519352942653,0.9992307692307691,301.4462999999953,0.49178463476064405,0.9992307692307691
301.8231989999998,2.862166285996811,0.9992307692307691,301.66942099999517,0.49948355130363953,0.9992307692307691
302.06802099999976,2.5399152671048646,0.9992307692307691,301.91968399999513,0.5058340394568152,0.9992307692307691
302.30801399999973,2.26717337738229,0.9992307692307691,302.16374299999495,0.5075950209215916,0.9992307692307691
302.5631169999999,2.0511212041393287,0.9992307692307691,302.41771699999504,0.506605550603218,0.9992307692307691
302.81795000000005,1.890277944007548,0.9992307692307691,302.6581249999953,0.5069417874613975,0.9992307692307691
303.0487740000004,1.7759649497352243,0.9992307692307691,302.9125569999953,0.5121149275591803,0.9992307692307691
303.30556400000035,1.6968807907985584,0.9992307692307691,303.1585669999952,0.523250531228808,0.9992307692307691
303.54400600000054,1.6439659937756885,0.9992307692307691,303.4101509999953,0.5386453343861891,0.9992307692307691
303.79401700000057,1.6083618398725728,0.9992307692307691,303.64901699999507,0.5547098462336115,0.9992307692307691
304.04609100000073,1.5856976347812513,0.9992307692307691,303.906435999995,0.566731039532886,0.9992307692307691
304.2895110000006,1.5837731318641943,0.9992307692307691,304.1435839999952,0.5699586536680248,0.9992307692307691
304.53668600000077,1.6116745422035588,0.9992307692307691,304.4009919999953,0.5612699726806755,0.9992307692307691
304.79363800000056,1.668680267674139,0.9992307692307691,304.6560799999951,0.5408314691715899,0.9992307692307691
305.0335970000005,1.7465333013595725,0.9992307692307691,304.88897199999514,0.5119661453146995,0.9992307692307691
305.27528500000045,1.832032827068941,0.9992307692307691,305.141499999995,0.4799565414260393,0.9992307692307691
305.53098100000034,1.9087817210689613,0.9992307692307691,305.3910379999949,0.44985392493842297,0.9992307692307691
305.77212800000035,1.9577889475722654,0.9992307692307691,305.6333989999951,0.4247449197512052,0.9992307692307691
306.0201360000006,1.9622464886682416,0.9992307692307691,305.8783799999951,0.4064303772331941,0.9992307692307691
306.27444000000065,1.9171382478213979,0.9992307692307691,306.1278479999952,0.39430938892647377,0.9992307692307691
306.51599000000067,1.8362516030715343,0.9992307692307691,306.3744739999954,0.3871819146033912,0.9992307692307691
306.76683200000053,1.7478748352651126,0.9992307692307691,306.6274329999953,0.38587427037924926,0.9992307692307691
307.0174910000007,1.6835163214842768,0.9992307692307691,306.8724259999953,0.3951697778750539,0.9992307692307691
307.2804680000007,1.6668103502499207,0.9992307692307691,307.1189319999953,0.4212124689003635,0.9992307692307691
307.5129090000008,1.7062508662217604,0.9992307692307691,307.37149599999555,0.46945310062983236,0.9992307692307691
307.7577660000008,1.7856555496562816,0.9992307692307691,307.6113299999955,0.5433795369610896,0.9992307692307691
308.0051680000008,1.8565084048980898,0.9992307692307691,307.85851899999534,0.6416790928349132,0.9992307692307691
308.24721400000067,1.8613315821647518,0.9992307692307691,308.1138409999954,0.7543946491756398,0.9992307692307691
308.49651800000066,1.7852831060861167,0.9992307692307691,308.3529339999953,0.8606274055587321,0.9992307692307691
308.7516470000006,1.6653520522270746,0.9992307692307691,308.60470199999503,0.9329123599418767,0.9992307692307691
308.9945290000006,1.552589796479761,0.9992307692307691,308.85185599999494,0.9511152711712875,0.9992307692307691
309.2444850000007,1.483704415159542,0.9992307692307691,309.11588299999516,0.9156524591956684,0.9992307692307691
309.4875730000007,1.475863279813452,0.9992307692307691,309.35125999999525,0.8440978033512484,0.9992307692307691
309.7366950000007,1.5307610872256707,0.9992307692307691,309.5937209999951,0.7579869096568602,0.9992307692307691
309.9964420000008,1.6363165143189455,0.9992307692307691,309.84710799999493,0.6734217301723697,0.9992307692307691
310.2355500000007,1.7710885956782516,0.9992307692307691,310.090698999995,0.5982981024248758,0.9992307692307691
310.49348900000086,1.9088394834374518,0.9992307692307691,310.333928999995,0.5339039356397195,0.9992307692307691
310.7276810000009,2.0269079457307995,0.9992307692307691,310.58300199999513,0.47858727677120977,0.9992307692307691
310.97038700000076,2.11566111139263,0.9992307692307691,310.8379699999949,0.4298094699700404,0.9992307692307691
311.22028600000056,2.181248380613158,0.9992307692307691,311.0819449999949,0.38678174956636796,0.9992307692307691
311.4948480000005,2.2402297667283935,0.9992307692307691,311.3329509999946,0.3511917423071078,0.9992307692307691
311.71374100000065,2.304633945873436,0.9992307692307691,311.57791199999474,0.326039931194534,0.9992307692307691
311.96356300000065,2.373087945661953,0.9992307692307691,311.8278489999947,0.31375977915340436,0.9992307692307691
312.2116200000008,2.4345503029658158,0.9992307692307691,312.071449999995,0.3140785378128075,0.9992307692307691
312.46202300000067,2.4759759434107016,0.9992307692307691,312.3247229999949,0.3234572387308056,0.9992307692307691
312.70602200000076,2.4886878955221707,0.9992307692307691,312.5613529999948,0.33732525592182405,0.9992307692307691
312.9575030000007,2.469408900958199,0.9992307692307691,312.81160499999476,0.35222627500821835,0.9992307692307691
313.2007880000009,2.420070877097847,0.9992307692307691,313.0570889999947,0.36681853853295193,0.9992307692307691
313.45074900000077,2.342128811040893,0.9992307692307691,313.3121329999947,0.3810250617679551,0.9992307692307691
313.69672000000094,2.2360097638522594,0.9992307692307691,313.55142199999455,0.39460582587810655,0.9992307692307691
313.95207000000073,2.1129254685632897,0.9992307692307691,313.8034789999948,0.40683538668462277,0.9992307692307691
314.19084900000064,1.990453588185949,0.9992307692307691,314.04652299999486,0.41692133973820517,0.9992307692307691
314.4408210000006,1.8783699559064142,0.9992307692307691,314.3060379999949,0.4246532256204491,0.9992307692307691
314.6877720000007,1.778110956406121,0.9992307692307691,314.54864299999497,0.4304983798821859,0.9992307692307691
314.9597460000008,1.6900625924630168,0.9992307692307691,314.7976189999953,0.43515301025713204,0.9992307692307691
315.18871500000074,1.6162898406468955,0.9992307692307691,315.04363899999527,0.4386156795123322,0.9992307692307691
315.4339890000005,1.560708447012689,0.9992307692307691,315.2885889999952,0.43976763156609416,0.9992307692307691
315.68155600000046,1.5306072655123442,0.9992307692307691,315.53906099999523,0.4369524031791435,0.9992307692307691
315.93147800000065,1.5344780810084422,0.9992307692307691,315.78356899999534,0.4285438772159843,0.9992307692307691
316.1742710000007,1.5760579771694154,0.9992307692307691,316.03993999999545,0.4141928755968182,0.9992307692307691
316.41679500000095,1.6503048869012982,0.9992307692307691,316.27832199999534,0.3957327490178738,0.9992307692307691
316.6733680000012,1.7442205213764599,0.9992307692307691,316.5258649999957,0.3767146138441045,0.9992307692307691
316.9222310000011,1.8409924455528428,0.9992307692307691,316.7937769999956,0.36081296097748533,0.9992307692307691
317.16205800000114,1.9226929018418293,0.9992307692307691,317.0266599999957,0.34955444554439064,0.9992307692307691
317.40957500000104,1.9731484280918263,0.9992307692307691,317.27174199999564,0.3413315932772526,0.9992307692307691
317.66245200000105,1.9791124100515292,0.9992307692307691,317.52192699999586,0.3327037965812438,0.9992307692307691
317.9081000000011,1.9329347735390805,0.9992307692307691,317.7615819999959,0.3208377455421235,0.9992307692307691
318.16048100000114,1.8429575585120763,0.9992307692307691,318.02351499999617,0.3051781838465595,0.9992307692307691
318.4069840000013,1.7386954345174215,0.9992307692307691,318.2598869999961,0.2880972084428617,0.9992307692307691
318.64450300000135,1.6586858485511558,0.9992307692307691,318.5110189999962,0.2736988393427379,0.9992307692307691
318.9119890000014,1.6333488546542811,0.9992307692307691,318.7769759999964,0.26598781424848605,0.9992307692307691
319.1473390000014,1.672450535952976,0.9992307692307691,319.0003269999964,0.2676218104571737,0.9992307692307691
319.3972860000016,1.762817057373511,0.9992307692307691,319.2499339999964,0.27872426038126386,0.9992307692307691
319.64482000000163,1.868009599959023,0.9992307692307691,319.4978829999963,0.2968770981467581,0.9992307692307691
319.8902740000016,1.9389685401221242,0.9992307692307691,319.74882799999637,0.3179481587856819,0.9992307692307691
320.13422000000173,1.940455168917976,0.9992307692307691,319.998796999996,0.33695064836313854,0.9992307692307691
320.37882400000177,1.8712600619128823,0.9992307692307691,320.2382629999961,0.3502304286265568,0.9992307692307691
320.6348380000017,1.7598022183439959,0.9992307692307691,320.48513499999603,0.35692990528850954,0.9992307692307691
320.8741490000017,1.645927656576254,0.9992307692307691,320.73320399999614,0.35882340231386584,0.9992307692307691
321.1213420000017,1.5616038321363563,0.9992307692307691,320.9801169999965,0.3586277315961185,0.9992307692307691
321.3790650000017,1.522740487177909,0.9992307692307691,321.2255449999966,0.35850119310659145,0.9992307692307691
321.6190820000018,1.5274661317001814,0.9992307692307691,321.4731009999966,0.3601034136531015,0.9992307692307691
321.86710600000185,1.5593310227070538,0.9992307692307691,321.72555499999675,0.3652705380290131,0.9992307692307691
322.1145000000017,1.5966805723895106,0.9992307692307691,321.97611599999703,0.3760425580816401,0.9992307692307691
322.35942100000176,1.6215952433995,0.9992307692307691,322.22253999999697,0.392872739240738,0.9992307692307691
322.6044060000018,1.6241906987232702,0.9992307692307691,322.463051999997,0.4132002122981119,0.9992307692307691
322.856094000002,1.6037476511142554,0.9992307692307691,322.71444499999706,0.4322695397349337,0.9992307692307691
323.10697700000196,1.5664544935851497,0.9992307692307691,322.96816399999716,0.4454645009670488,0.9992307692307691
323.3569310000022,1.5232442914794235,0.9992307692307691,323.21640199999706,0.4496630426893729,0.9992307692307691
323.6030560000021,1.482542724554352,0.9992307692307691,323.4529959999972,0.4442680133137532,0.9992307692307691
323.856053000002,1.4465033403013356,0.9992307692307691,323.7008679999972,0.4310584471584338,0.9992307692307691
324.09689100000196,1.4155352045594756,0.9992307692307691,323.95408199999713,0.41322093431861456,0.9992307692307691
324.33922700000204,1.3872478941974253,0.9992307692307691,324.2014979999972,0.3941588823048572,0.9992307692307691
324.5887010000023,1.3569089891704398,0.9992307692307691,324.4833819999971,0.37637890257502843,0.9992307692307691
324.83470100000204,1.322417409078413,0.9992307692307691,324.6919009999973,0.3615720488924353,0.9992307692307691
325.0912210000022,1.2877821571830077,0.9992307692307691,324.9439539999973,0.3506007273958686,0.9992307692307691
325.3296440000021,1.2621946983240155,0.9992307692307691,325.1846549999972,0.3436823992412742,0.9992307692307691
325.5750940000021,1.258654004972262,0.9992307692307691,325.43708599999707,0.34038758937293173,0.9992307692307691
325.83965700000226,1.2903502341757465,0.9992307692307691,325.6839589999971,0.33942733626812194,0.9992307692307691
326.0738160000024,1.3636578847761467,0.9992307692307691,325.93444099999715,0.33969358907922265,0.9992307692307691
326.3198160000024,1.4722620253798908,0.9992307692307691,326.17704999999694,0.34078708302203436,0.9992307692307691
326.5669370000023,1.5964516299807556,0.9992307692307691,326.42552999999714,0.34276458999448406,0.9992307692307691
326.8103490000024,1.7114885545116822,0.9992307692307691,326.68339099999696,0.34634847560504234,0.9992307692307691
327.0840630000023,1.8033017278305838,0.9992307692307691,326.92213999999706,0.35346963069358506,0.9992307692307691
327.3128860000025,1.8796037356844573,0.9992307692307691,327.17970999999693,0.36715567192690873,0.9992307692307691
327.5621270000024,1.966503962551762,0.9992307692307691,327.4177089999971,0.3909100081631294,0.9992307692307691
327.81010800000246,2.0816862575652557,0.9992307692307691,327.67722399999735,0.4271451410226206,0.9992307692307691
328.0601480000025,2.2104521982581145,0.9992307692307691,327.9140549999974,0.47557381374080354,0.9992307692307691
328.3000720000028,2.3223348879541303,0.9992307692307691,328.1559649999976,0.5323710881717129,0.9992307692307691
328.5626400000028,2.3894271305225567,0.9992307692307691,328.4210369999974,0.5891124422938632,0.9992307692307691
328.8034440000027,2.39543368222918,0.9992307692307691,328.65487599999744,0.6328862632238152,0.9992307692307691
329.0577960000028,2.340398332313121,0.9992307692307691,328.9058799999974,0.6496291832557662,0.9992307692307691
329.2952410000027,2.2404445753321625,0.9992307692307691,329.14918699999737,0.6321678540308898,0.9992307692307691
329.5398430000029,2.1234862279370987,0.9992307692307691,329.40829699999716,0.5855221343177814,0.9992307692307691
329.7864390000031,2.0242973877900203,0.9992307692307691,329.64162699999713,0.523375096756663,0.9992307692307691
330.03266200000314,1.971759904268364,0.9992307692307691,329.89180799999707,0.45971729206218426,0.9992307692307691
330.2830690000031,1.9756396456188376,0.9992307692307691,330.1477759999969,0.40345829195446464,0.9992307692307691
330.5255580000033,2.0203848283128574,0.9992307692307691,330.389807999997,0.35828547745826544,0.9992307692307691
330.77605400000334,2.0736049475425116,0.9992307692307691,330.63512399999695,0.32440537677370673,0.9992307692307691
331.0200040000034,2.1033589262585988,0.9992307692307691,330.8912929999969,0.30022589886690326,0.9992307692307691
331.2659750000034,2.094815566728424,0.9992307692307691,331.13219199999696,0.2834789436741531,0.9992307692307691
331.51950200000323,2.0533286069327596,0.9992307692307691,331.38571799999715,0.27232740848470327,0.9992307692307691
331.7645650000032,1.9936010035182834,0.9992307692307691,331.627493999997,0.26573161452818067,0.9992307692307691
332.0119600000031,1.929609246348977,0.9992307692307691,331.8743979999971,0.2635890246396819,0.9992307692307691
332.2733880000028,1.8678777967165678,0.9992307692307691,332.14288899999724,0.2658892738558334,0.9992307692307691
332.5130560000029,1.8087188461652506,0.9992307692307691,332.3770089999972,0.27192875347671097,0.9992307692307691
332.75834600000303,1.7520139588215522,0.9992307692307691,332.6208859999973,0.27957170878814563,0.9992307692307691
333.007801000003,1.7001334753221677,0.9992307692307691,332.8618559999973,0.2857355194897952,0.9992307692307691
333.25228100000294,1.657969249682374,0.9992307692307691,333.1061459999973,0.2875273351559734,0.9992307692307691
333.512735000003,1.6300860754972932,0.9992307692307691,333.36205199999716,0.28342213789749904,0.9992307692307691
333.746307000003,1.616554437958849,0.9992307692307691,333.6107269999971,0.27382532029322454,0.9992307692307691
333.99513800000295,1.611218161478106,0.9992307692307691,333.85952399999724,0.26130580659101055,0.9992307692307691
334.24437000000296,1.606315681582272,0.9992307692307691,334.0985999999972,0.2493479698331484,0.9992307692307691
334.486203000003,1.5965779588304798,0.9992307692307691,334.35716299999706,0.24106320785742558,0.9992307692307691
334.73427600000304,1.5827809082451787,0.9992307692307691,334.6031329999969,0.2385181866288071,0.9992307692307691
334.98633100000325,1.5708801703430058,0.9992307692307691,334.846011999997,0.24245589537470097,0.9992307692307691
335.22609000000324,1.5658063399386974,0.9992307692307691,335.09168399999714,0.2525628950502779,0.9992307692307691
335.4844310000031,1.572100527249946,0.9992307692307691,335.3549579999971,0.2679758533597206,0.9992307692307691
335.7360550000034,1.5966633611260272,0.9992307692307691,335.5859319999972,0.287677279979819,0.9992307692307691
335.9710470000035,1.6553011045203023,0.9992307692307691,335.8305529999972,0.31063305342047115,0.9992307692307691
336.22765400000344,1.7734039227104774,0.9992307692307691,336.0868419999969,0.3352450030733014,0.9992307692307691
336.46390100000326,1.969803251255104,0.9992307692307691,336.3319279999972,0.35890938700871805,0.9992307692307691
336.7281480000035,2.244254653698071,0.9992307692307691,336.5870439999974,0.3782214577461215,0.9992307692307691
336.9768540000036,2.5722044621831954,0.9992307692307691,336.82200099999733,0.39016084201148654,0.9992307692307691
337.2111890000036,2.912122245770642,0.9992307692307691,337.07386299999723,0.39372053759688747,0.9992307692307691
337.4606470000034,3.2188038994415895,0.9992307692307691,337.32339599999733,0.3908117283284417,0.9992307692307691
337.70666600000345,3.457587950290526,0.9992307692307691,337.57114399999756,0.3859464966977096,0.9992307692307691
337.9594660000033,3.6003019359064803,0.9992307692307691,337.82130599999766,0.385591176968146,0.9992307692307691
338.20828300000335,3.6275377955164867,0.9992307692307691,338.0661229999978,0.39786292411835045,0.9992307692307691
338.45500200000345,3.5416526992315633,0.9992307692307691,338.3136519999977,0.4307737964248295,0.9992307692307691
338.69496900000354,3.3741824557936373,0.9992307692307691,338.5572059999977,0.4921049546416506,0.9992307692307691
338.9410940000035,3.1648211901552568,0.9992307692307691,338.8036489999975,0.5890282598739283,0.9992307692307691
339.19748100000356,2.943506244881817,0.9992307692307691,339.05911599999763,0.7246612156793415,0.9992307692307691
339.44246300000367,2.7277536946492087,0.9992307692307691,339.3051619999979,0.8932679296160895,0.9992307692307691
339.6879790000036,2.527032257958254,0.9992307692307691,339.54720699999785,1.0784674640417282,0.9992307692307691
339.95445700000363,2.343420177039044,0.9992307692307691,339.8231989999978,1.2558222230598008,0.9992307692307691
340.17591300000356,2.172663337941581,0.9992307692307691,340.0497839999979,1.3982163150634526,0.9992307692307691
340.4318510000036,2.011162403755679,0.9992307692307691,340.30164999999795,1.4836485833325617,0.9992307692307691
340.68135800000334,1.8628779335983057,0.9992307692307691,340.5405109999979,1.5018772386249868,0.9992307692307691
340.92139300000326,1.7384577926651732,0.9992307692307691,340.7847889999979,1.456208573802206,0.9992307692307691
341.1887780000033,1.650431013744232,0.9992307692307691,341.02963899999787,1.3608845452837917,0.9992307692307691
341.4151410000033,1.607678638055702,0.9992307692307691,341.2848159999978,1.2352277470783999,0.9992307692307691
341.6661570000031,1.608983332202613,0.9992307692307691,341.52527099999776,1.098536471985977,0.9992307692307691
341.9150850000032,1.6417804895926291,0.9992307692307691,341.7776579999978,0.9663271359647128,0.9992307692307691
342.1626050000033,1.6868585012227126,0.9992307692307691,342.01816199999786,0.8472171439428235,0.9992307692307691
342.4060100000034,1.7277620603825468,0.9992307692307691,342.2765539999977,0.7437009521147575,0.9992307692307691
342.65235300000325,1.7563897009534157,0.9992307692307691,342.51964899999774,0.6560353747583181,0.9992307692307691
342.9048010000032,1.7716723215268737,0.9992307692307691,342.7605779999979,0.5835150836393775,0.9992307692307691
343.15232100000327,1.7750650120016769,0.9992307692307691,343.0256009999978,0.5250581962814005,0.9992307692307691
343.3979150000034,1.7664056680939129,0.9992307692307691,343.26248299999787,0.4811588664926014,0.9992307692307691
343.65230300000314,1.7414462152745216,0.9992307692307691,343.50915399999775,0.45431152781408307,0.9992307692307691
343.8913390000033,1.6950920545582095,0.9992307692307691,343.75262999999796,0.44578627796686643,0.9992307692307691
344.1419070000033,1.628093545156668,0.9992307692307691,344.00021499999787,0.4535390521513005,0.9992307692307691
344.4049600000032,1.5497342818747697,0.9992307692307691,344.24857299999775,0.4731037983770544,0.9992307692307691
344.6398250000032,1.4744221749669455,0.9992307692307691,344.4956599999979,0.49882756099543285,0.9992307692307691
344.8850470000033,1.41898415635445,0.9992307692307691,344.74857299999775,0.5253062660571377,0.9992307692307691
345.13778800000347,1.3995578242405475,0.9992307692307691,344.99573499999775,0.5480762032355007,0.9992307692307691
345.3782050000034,1.430401023447155,0.9992307692307691,345.24648399999774,0.5640589490890289,0.9992307692307691
345.6253850000033,1.519992875298553,0.9992307692307691,345.486460999998,0.5716358535134279,0.9992307692307691
345.87295300000335,1.6636187537272016,0.9992307692307691,345.7369499999979,0.5704852518201544,0.9992307692307691
346.12288700000335,1.8363114501421531,0.9992307692307691,345.98257699999783,0.5617305800164161,0.9992307692307691
346.3693700000034,1.9871302600662561,0.9992307692307691,346.2488399999978,0.5472033010703871,0.9992307692307691
346.61140400000335,2.063922639843846,0.9992307692307691,346.48381999999754,0.528877625409008,0.9992307692307691
346.86331600000346,2.0454139429678655,0.9992307692307691,346.7206089999977,0.5093109423410849,0.9992307692307691
347.11844000000343,1.9442296644468682,0.9992307692307691,346.98002299999774,0.492009161931615,0.9992307692307691
347.3640570000034,1.7932411809678634,0.9992307692307691,347.2201329999977,0.47945513609462964,0.9992307692307691
347.6114890000034,1.6282731590602728,0.9992307692307691,347.4891279999977,0.4715893822972115,0.9992307692307691
347.85239100000337,1.478502042666561,0.9992307692307691,347.71445899999776,0.4655199406786699,0.9992307692307691
348.1008280000035,1.3655529934834718,0.9992307692307691,347.9584349999978,0.45727985747577776,0.9992307692307691
348.35080100000357,1.3018434455137722,0.9992307692307691,348.2174219999977,0.44559384610161845,0.9992307692307691
348.59475800000365,1.289538317989487,0.9992307692307691,348.50249199999763,0.43331112148187384,0.9992307692307691
348.86557500000373,1.3189347225454267,0.9992307692307691,348.7037429999974,0.4257928159977785,0.9992307692307691
349.10047000000355,1.368514191281498,0.9992307692307691,348.9688129999975,0.4275112523175361,0.9992307692307691
349.3379580000037,1.4129823570429207,0.9992307692307691,349.19920599999733,0.4392565573312806,0.9992307692307691
349.58844500000373,1.4351764080681384,0.9992307692307691,349.44922799999745,0.4586598745117999,0.9992307692307691
349.8343860000035,1.4339457796674941,0.9992307692307691,349.69482399999737,0.4813253722032692,0.9992307692307691
350.0814340000037,1.418309533703944,0.9992307692307691,349.94093599999724,0.5025345452803216,0.9992307692307691
350.3328120000036,1.399367159260887,0.9992307692307691,350.1878469999973,0.5186114465481308,0.9992307692307691
350.58081600000384,1.3872131175788665,0.9992307692307691,350.4378539999973,0.5278419983361654,0.9992307692307691
350.82517500000387,1.3890197002043965,0.9992307692307691,350.69525199999737,0.5295226103448044,0.9992307692307691
351.0711790000038,1.4074664184659713,0.9992307692307691,350.9352279999974,0.5234144395055956,0.9992307692307691
351.31582800000353,1.4415892879138357,0.9992307692307691,351.17794299999736,0.5095085643440145,0.9992307692307691
351.5667810000033,1.4874239104205778,0.9992307692307691,351.4329839999974,0.48899296885547966,0.9992307692307691
351.8130100000034,1.5357581840467798,0.9992307692307691,351.67559899999753,0.46558899996911807,0.9992307692307691
352.0810730000033,1.5747344818110123,0.9992307692307691,351.9249429999977,0.4444146020027128,0.9992307692307691
352.31298400000344,1.5993160548413679,0.9992307692307691,352.170485999998,0.42925948851631496,0.9992307692307691
352.5551440000035,1.6122254776572642,0.9992307692307691,352.41839399999805,0.42084950399110344,0.9992307692307691
352.81012500000355,1.6173969109013338,0.9992307692307691,352.661473999998,0.4171050515553747,0.9992307692307691
353.04945300000355,1.619008101070809,0.9992307692307691,352.9078169999983,0.4142601506122965,0.9992307692307691
353.2955930000035,1.6234428116027175,0.9992307692307691,353.1638139999983,0.40852119606008824,0.9992307692307691
353.55005400000357,1.637187931801534,0.9992307692307691,353.4123239999982,0.39752771386246505,0.9992307692307691
353.79259500000353,1.664962458738059,0.9992307692307691,353.65618699999817,0.38095078955867234,0.9992307692307691
354.0359360000035,1.7080787503007024,0.9992307692307691,353.9147209999983,0.3613960166569953,0.9992307692307691
354.2959870000035,1.7635055475028116,0.9992307692307691,354.15419099999826,0.3436799600805377,0.9992307692307691
354.5403910000036,1.8203915460534372,0.9992307692307691,354.3970539999985,0.3325332328029274,0.9992307692307691
354.7791400000036,1.8602762204642516,0.9992307692307691,354.64448699999826,0.3305524321397255,0.9992307692307691
355.03476400000363,1.8653542170801878,0.9992307692307691,354.8944569999981,0.33743056456152903,0.9992307692307691
355.2839270000036,1.8289815894605155,0.9992307692307691,355.165604999998,0.35097021113842886,0.9992307692307691
355.5303470000037,1.758518900390972,0.9992307692307691,355.3824719999981,0.3708717315271881,0.9992307692307691
355.77878200000373,1.6679464617792346,0.9992307692307691,355.63437699999787,0.40160065799514333,0.9992307692307691
356.0222350000035,1.5707381105473484,0.9992307692307691,355.8873689999979,0.45024287345765424,0.9992307692307691
356.2646620000034,1.4751229555952592,0.9992307692307691,356.1274569999979,0.5215602135890148,0.9992307692307691
356.53576100000356,1.3851345497085914,0.9992307692307691,356.3798669999977,0.6137749979732706,0.9992307692307691
356.7605690000036,1.302548864936135,0.9992307692307691,356.6294969999977,0.7174541070032633,0.9992307692307691
357.0191310000037,1.2279643332775083,0.9992307692307691,356.8694729999975,0.8177651721359973,0.9992307692307691
357.26377900000347,1.16602462315182,0.9992307692307691,357.12496599999776,0.8982814953510436,0.9992307692307691
357.50467600000354,1.128864196262296,0.9992307692307691,357.3664939999976,0.9435749667450816,0.9992307692307691
357.7560550000035,1.1333016043466082,0.9992307692307691,357.63158099999765,0.9431495260259741,0.9992307692307691
357.99933600000327,1.1941602446783761,0.9992307692307691,357.8632019999977,0.8965246259135242,0.9992307692307691
358.2493210000031,1.3162090907999038,0.9992307692307691,358.11217099999783,0.815375048472853,0.9992307692307691
358.503353000003,1.4874293357693167,0.9992307692307691,358.3789429999978,0.7183928183403927,0.9992307692307691
358.7403930000031,1.6802394023474214,0.9992307692307691,358.60815299999786,0.6223457660320042,0.9992307692307691
358.9928070000031,1.859546679388944,0.9992307692307691,358.85749299999793,0.5370545078760428,0.9992307692307691
359.2472920000029,1.9941257388618783,0.9992307692307691,359.10537399999805,0.46612263674297905,0.9992307692307691
359.486860000003,2.0681621854329597,0.9992307692307691,359.351896999998,0.40954977833794326,0.9992307692307691
359.7538740000031,2.0829179933070505,0.9992307692307691,359.5953189999978,0.36550544175631383,0.9992307692307691
359.9843630000031,2.0526978000232736,0.9992307692307691,359.8488569999978,0.3316732329555159,0.9992307692307691
360.23141000000317,1.9958316258903994,0.9992307692307691,360.09072699999786,0.30565901577908705,0.9992307692307691
360.4712380000034,1.9267962396838638,0.9992307692307691,360.3411639999981,0.2852260872226462,0.9992307692307691
360.72992600000345,1.854542411064804,0.9992307692307691,360.58816199999796,0.26853047407421765,0.9992307692307691
360.9658490000033,1.7827920109947648,0.9992307692307691,360.8410839999981,0.2545582564433784,0.9992307692307691
361.2144340000035,1.7125672696890404,0.9992307692307691,361.08622499999825,0.2440625557433036,0.9992307692307691
361.4735120000037,1.6447320997011212,0.9992307692307691,361.3235949999982,0.24004297027411048,0.9992307692307691
361.71244200000365,1.5805496561165517,0.9992307692307691,361.58409699999817,0.24734021454942232,0.9992307692307691
361.9574060000038,1.521843212791138,0.9992307692307691,361.82213799999823,0.2705512971894236,0.9992307692307691
362.2056570000038,1.4699473704270283,0.9992307692307691,362.0729349999984,0.3114429044695135,0.9992307692307691
362.4516300000036,1.4248841666394618,0.9992307692307691,362.31673199999835,0.36698345684669303,0.9992307692307691
362.69919800000366,1.3834058368550324,0.9992307692307691,362.56671099999835,0.4292774223087062,0.9992307692307691
362.97105500000356,1.3439765506750847,0.9992307692307691,362.83927699999833,0.48753963007230594,0.9992307692307691
363.1990620000032,1.3115956328336706,0.9992307692307691,363.0667049999982,0.5299775380249715,0.9992307692307691
363.46735000000336,1.3001793120512473,0.9992307692307691,363.3066179999982,0.5482693039477485,0.9992307692307691
363.6997970000033,1.3335247069985772,0.9992307692307691,363.5663399999983,0.5407593826285569,0.9992307692307691
363.940293000003,1.4337744984545304,0.9992307692307691,363.79873499999826,0.5131583886881261,0.9992307692307691
364.1802890000029,1.6078132489672319,0.9992307692307691,364.0556339999981,0.47506531913458394,0.9992307692307691
364.43777100000307,1.8398391951623538,0.9992307692307691,364.2991549999981,0.4350644373158766,0.9992307692307691
364.6816690000031,2.093163166761003,0.9992307692307691,364.54672999999804,0.3985315760192584,0.9992307692307691
364.9294860000033,2.3246899934264897,0.9992307692307691,364.78912499999797,0.36811611761166374,0.9992307692307691
365.1749730000033,2.4986483716866976,0.9992307692307691,365.039139999998,0.3446130120074158,0.9992307692307691
365.43054800000306,2.5944014137260907,0.9992307692307691,365.29818499999794,0.32733485315964495,0.9992307692307691
365.6819850000031,2.605173143495241,0.9992307692307691,365.53737399999795,0.31525936239849855,0.9992307692307691
365.9228090000031,2.538132914460023,0.9992307692307691,365.7904309999979,0.30753620763924455,0.9992307692307691
366.16416300000304,2.41202441524701,0.9992307692307691,366.04541999999793,0.303505099907468,0.9992307692307691
366.4152560000029,2.255484885002737,0.9992307692307691,366.2815679999978,0.30245710476729376,0.9992307692307691
366.65766400000314,2.099431537770304,0.9992307692307691,366.5315149999976,0.3028750262805851,0.9992307692307691
366.90522100000317,1.967195126014978,0.9992307692307691,366.78150099999766,0.30202173089485385,0.9992307692307691
367.1562320000029,1.8673928568873892,0.9992307692307691,367.01950599999753,0.29742479662220367,0.9992307692307691
367.40715000000256,1.7972410635772573,0.9992307692307691,367.2689539999978,0.28832392410985386,0.9992307692307691
367.6496000000025,1.748839228901599,0.9992307692307691,367.52179199999773,0.2756182942353458,0.9992307692307691
367.89715100000257,1.7119362343484976,0.9992307692307691,367.7637509999978,0.26104737701599806,0.9992307692307691
368.1461270000026,1.6771778737584675,0.9992307692307691,368.0217859999978,0.24640078745602195,0.9992307692307691
368.40226800000283,1.6399160982850935,0.9992307692307691,368.26498699999775,0.2331344236511105,0.9992307692307691
368.6409110000031,1.6003418650471968,0.9992307692307691,368.5126529999978,0.22196044204816281,0.9992307692307691
368.889314000003,1.5638616226363764,0.9992307692307691,368.75332599999774,0.21272731754926671,0.9992307692307691
369.142445000003,1.5405304245153393,0.9992307692307691,369.00490199999786,0.2048801010008097,0.9992307692307691
369.38135800000316,1.5411627011190019,0.9992307692307691,369.25040599999795,0.19774820335575577,0.9992307692307691
369.6287580000032,1.5710070033222894,0.9992307692307691,369.5013019999979,0.1913478949797232,0.9992307692307691
369.8859330000032,1.6234250082883366,0.9992307692307691,369.7432409999982,0.1865258139370884,0.9992307692307691
370.12430000000296,1.6772123422095788,0.9992307692307691,369.9907409999984,0.1845604846861127,0.9992307692307691
370.37819300000285,1.7059729395847438,0.9992307692307691,370.2419139999984,0.18696218062789427,0.9992307692307691
370.62410300000295,1.6962066914236795,0.9992307692307691,370.51190499999836,0.19479383181166346,0.9992307692307691
370.86653000000325,1.6557655454355262,0.9992307692307691,370.7337579999982,0.20807591613028606,0.9992307692307691
371.1119630000032,1.6085445541224344,0.9992307692307691,370.98268599999824,0.2256362493000573,0.9992307692307691
371.36288800000307,1.5807246032001387,0.9992307692307691,371.2285829999983,0.2458700490681029,0.9992307692307691
371.61080300000305,1.5924067559227058,0.9992307692307691,371.4801819999982,0.2678879945969521,0.9992307692307691
371.8549740000029,1.6509942311746502,0.9992307692307691,371.72731599999787,0.2922061516464043,0.9992307692307691
372.10204100000294,1.7495229123258924,0.9992307692307691,371.97319899999786,0.31997715615806427,0.9992307692307691
372.357667000003,1.8685085295851387,0.9992307692307691,372.2201079999979,0.35119834504114267,0.9992307692307691
372.596329000003,1.9795355834236272,0.9992307692307691,372.473178999998,0.3840710733658334,0.9992307692307691
372.845473000003,2.054104869286923,0.9992307692307691,372.723259999998,0.41517649431633286,0.9992307692307691
373.0943170000032,2.074550350915444,0.9992307692307691,372.97677799999815,0.44028399183602007,0.9992307692307691
373.3489720000032,2.0425992936068984,0.9992307692307691,373.206247999998,0.4555964274636788,0.9992307692307691
373.59581600000325,1.9727851304408137,0.9992307692307691,373.462408999998,0.4584366957437448,0.9992307692307691
373.85188100000323,1.8811860056764238,0.9992307692307691,373.7215479999979,0.44858903383322435,0.9992307692307691
374.0831660000032,1.7788693184060071,0.9992307692307691,373.97715699999776,0.42901731806587345,0.9992307692307691
374.3381190000032,1.6703774633934032,0.9992307692307691,374.2031859999979,0.4048333463717646,0.9992307692307691
374.58192600000353,1.5551466003867653,0.9992307692307691,374.44466499999805,0.38124861941147037,0.9992307692307691
374.82444400000367,1.4341888744721045,0.9992307692307691,374.70856199999804,0.3620455534700969,0.9992307692307691
375.1100120000038,1.315123401827442,0.9992307692307691,374.9436259999979,0.3490020437650647,0.9992307692307691
375.33152800000374,1.2133039701686672,0.9992307692307691,375.19198299999823,0.3415620550334598,0.9992307692307691
375.5760000000037,1.1470560449468308,0.9992307692307691,375.4379129999983,0.3371605613817179,0.9992307692307691
375.8180270000037,1.1308799973806591,0.9992307692307691,375.6868989999981,0.3322043091669008,0.9992307692307691
376.0683830000035,1.174280709660997,0.9992307692307691,375.93477699999823,0.32385631687395333,0.9992307692307691
376.31742400000365,1.2818138771515164,0.9992307692307691,376.1797319999984,0.3119983579112339,0.9992307692307691
376.5633490000038,1.4524699020020997,0.9992307692307691,376.42615299999846,0.29911776584972827,0.9992307692307691
376.80970400000376,1.676068570192911,0.9992307692307691,376.6740579999986,0.2894300190001271,0.9992307692307691
377.0609220000038,1.9288534351794704,0.9992307692307691,376.9340429999987,0.28752230698183734,0.9992307692307691
377.3002990000039,2.1779648718955498,0.9992307692307691,377.16757599999886,0.2966212585140562,0.9992307692307691
377.55167500000397,2.391009077016478,0.9992307692307691,377.419032999999,0.316780428745568,0.9992307692307691
377.79473100000394,2.544266202865552,0.9992307692307691,377.6645079999991,0.3439725929053077,0.9992307692307691
378.0511810000039,2.625382856957278,0.9992307692307691,377.91692999999935,0.37136624935386064,0.9992307692307691
378.29993500000364,2.635283471093427,0.9992307692307691,378.16003499999937,0.3919205781415184,0.9992307692307691
378.53638200000347,2.583977312140383,0.9992307692307691,378.4099749999995,0.40098843267960416,0.9992307692307691
378.78228500000364,2.487677508706802,0.9992307692307691,378.6544249999996,0.3979092569659793,0.9992307692307691
379.0413790000036,2.3600793639678304,0.9992307692307691,378.9099449999997,0.38562404537037065,0.9992307692307691
379.2843610000035,2.2122502744648327,0.9992307692307691,379.1547779999996,0.36924195858126974,0.9992307692307691
379.55534400000363,2.056331502906585,0.9992307692307691,379.4016779999995,0.35422514610979405,0.9992307692307691
379.77258000000364,1.9138356041091316,0.9992307692307691,379.64671899999956,0.34445769040694035,0.9992307692307691
380.0210840000037,1.808400970478358,0.9992307692307691,379.8936869999997,0.34094628903855934,0.9992307692307691
380.2665510000037,1.7559672347930113,0.9992307692307691,380.1460459999997,0.34136479183436486,0.9992307692307691
380.5210320000039,1.7573978216241146,0.9992307692307691,380.3946599999999,0.34131422160975133,0.9992307692307691
380.7674340000039,1.7967528795338372,0.9992307692307691,380.63620099999963,0.3368202964859851,0.9992307692307691
381.01559300000395,1.8483170939707645,0.9992307692307691,380.89030899999983,0.32566936453450795,0.9992307692307691
381.2612140000041,1.8840998970482028,0.9992307692307691,381.13619,0.30849757877143097,0.9992307692307691
381.52303500000414,1.8813363211823564,0.9992307692307691,381.3947369999999,0.2882774402621813,0.9992307692307691
381.7610870000042,1.8305707697560352,0.9992307692307691,381.6362239999999,0.2687500129749738,0.9992307692307691
382.00900900000426,1.7403840491192613,0.9992307692307691,381.876799,0.2534946534210284,0.9992307692307691
382.2545860000046,1.6336735489588663,0.9992307692307691,382.12443199999996,0.2441313386237958,0.9992307692307691
382.4937670000045,1.5372212725969259,0.9992307692307691,382.36729999999983,0.23984911179928878,0.9992307692307691
382.75842900000464,1.467894814504774,0.9992307692307691,382.61346899999995,0.23850792151300404,0.9992307692307691
382.98981000000487,1.4274604097397214,0.9992307692307691,382.87346,0.23845185926053689,0.9992307692307691
383.24067200000474,1.4034728839561221,0.9992307692307691,383.1224170000003,0.23942009182289384,0.9992307692307691
383.48782600000465,1.3780904264225506,0.9992307692307691,383.3617180000005,0.2423700974992893,0.9992307692307691
383.7346040000044,1.3352363975295656,0.9992307692307691,383.61040700000063,0.24895471215309287,0.9992307692307691
383.97971800000454,1.2696434286084441,0.9992307692307691,383.86294400000077,0.26063355865662796,0.9992307692307691
384.22577200000444,1.1887598070270873,0.9992307692307691,384.10289700000084,0.277436909035071,0.9992307692307691
384.4762820000044,1.1061003155962408,0.9992307692307691,384.35474400000066,0.29725859267993665,0.9992307692307691
384.7293110000044,1.0364766573560869,0.9992307692307691,384.6082730000006,0.31582890137241615,0.9992307692307691
384.9712020000044,0.9929568723279274,0.9992307692307691,384.8513580000005,0.32809457657434427,0.9992307692307691
385.2223050000045,0.983933272900762,0.9992307692307691,385.0913550000003,0.33108323661004796,0.9992307692307691
385.46509300000434,1.01211962996698,0.9992307692307691,385.3454060000002,0.32442873280257334,0.9992307692307691
385.7176180000044,1.0751663035932932,0.9992307692307691,385.592957,0.3102207869087647,0.9992307692307691
385.9650380000043,1.1639373740085324,0.9992307692307691,385.835383,0.2917811136572357,0.9992307692307691
386.21115200000423,1.263494725631141,0.9992307692307691,386.087004,0.2726511427361048,0.9992307692307691
386.4630480000042,1.3577065090454776,0.9992307692307691,386.32932399999993,0.255957367917399,0.9992307692307691
386.7025300000041,1.4355454916426038,0.9992307692307691,386.574982,0.24413903219172398,0.9992307692307691
386.9589220000042,1.4973571614734897,0.9992307692307691,386.826104,0.23873705094532596,0.9992307692307691
387.1964560000039,1.5549267386346242,0.9992307692307691,387.06754499999977,0.2399425295351667,0.9992307692307691
387.44578600000386,1.6234874563879713,0.9992307692307691,387.32757199999963,0.24666869011377213,0.9992307692307691
387.69534000000397,1.7076947872838897,0.9992307692307691,387.5755519999995,0.25699548434718833,0.9992307692307691
387.938328000004,1.7969837961238768,0.9992307692307691,387.8161619999996,0.2686673863411937,0.9992307692307691
388.19015400000393,1.871422943409121,0.9992307692307691,388.06614499999966,0.27979712759485703,0.9992307692307691
388.432814000004,1.919653477534761,0.9992307692307691,388.31373199999956,0.2892163091103431,0.9992307692307691
388.68919500000413,1.953612500981661,0.9992307692307691,388.56160599999976,0.2966061416429525,0.9992307692307691
388.93208900000417,1.9974017805697164,0.9992307692307691,388.8096079999998,0.30235508978943126,0.9992307692307691
389.19850700000393,2.067211656577093,0.9992307692307691,389.0749129999995,0.30705874287271834,0.9992307692307691
389.43111300000396,2.1604099431973416,0.9992307692307691,389.30657399999956,0.31088966662462125,0.9992307692307691
389.6741140000041,2.2589672975212522,0.9992307692307691,389.5439409999994,0.3128858208245633,0.9992307692307691
389.92515200000395,2.3365233074906886,0.9992307692307691,389.8091599999994,0.3115734811792209,0.9992307692307691
390.16815000000395,2.367731730573685,0.9992307692307691,390.0410499999994,0.30618462365612875,0.9992307692307691
390.43362700000375,2.3391212072552814,0.9992307692307691,390.2898799999995,0.2973315804422243,0.9992307692307691
390.6616760000037,2.2546832707417988,0.9992307692307691,390.54588199999955,0.286629037750501,0.9992307692307691
390.91166800000366,2.1359580620590086,0.9992307692307691,390.79148099999975,0.27585053588088837,0.9992307692307691
391.1635700000038,2.01354508959669,0.9992307692307691,391.0358679999999,0.26645681349032946,0.9992307692307691
391.4083770000038,1.912632499713063,0.9992307692307691,391.2830089999998,0.25857252599931513,0.9992307692307691
391.6507690000039,1.8424671222698978,0.9992307692307691,391.5343729999999,0.2516526368228553,0.9992307692307691
391.90025900000387,1.7959301226409683,0.9992307692307691,391.7743460000001,0.24466422084286962,0.9992307692307691
392.14927900000373,1.759216013856713,0.9992307692307691,392.0242820000003,0.23739109460625787,0.9992307692307691
392.3966070000038,1.7220728867135635,0.9992307692307691,392.2787860000002,0.23169044951007886,0.9992307692307691
392.6472090000038,1.6801847458772994,0.9992307692307691,392.51362700000016,0.23122602063129138,0.9992307692307691
392.8935760000038,1.6331471437272782,0.9992307692307691,392.78884800000037,0.2398268132441097,0.9992307692307691
393.13572900000395,1.580191789278549,0.9992307692307691,393.0083860000006,0.25898785474472336,0.9992307692307691
393.386022000004,1.5183059862030484,0.9992307692307691,393.25984000000074,0.2864554750264537,0.9992307692307691
393.6394860000041,1.4464620897296865,0.9992307692307691,393.5067050000005,0.31649455109767,0.9992307692307691
393.87949500000406,1.3695351794928852,0.9992307692307691,393.7583060000004,0.3423291332714174,0.9992307692307691
394.14553000000416,1.301041706666981,0.9992307692307691,393.9990390000004,0.3589547777799988,0.9992307692307691
394.38252000000443,1.2594582694654783,0.9992307692307691,394.24828000000036,0.364882365305055,0.9992307692307691
394.6316170000043,1.2636007191737855,0.9992307692307691,394.4938890000002,0.3634448937928415,0.9992307692307691
394.8700580000042,1.3329521348784523,0.9992307692307691,394.7515470000002,0.3618372518707129,0.9992307692307691
395.1175810000041,1.4886818498662588,0.9992307692307691,394.99496600000015,0.3674043278376603,0.9992307692307691
395.37003300000424,1.745403099037763,0.9992307692307691,395.2399010000002,0.3833385099646755,0.9992307692307691
395.61392000000427,2.080910272310904,0.9992307692307691,395.4937300000003,0.4067449712918929,0.9992307692307691
395.8645920000044,2.403218475949547,0.9992307692307691,395.732252,0.43075420152035787,0.9992307692307691
396.10570200000427,2.5944054072372005,0.9992307692307691,395.9861380000001,0.44879770382868983,0.9992307692307691
396.35360400000457,2.6088008787520343,0.9992307692307691,396.229219,0.4568156760476871,0.9992307692307691
396.6045720000047,2.488402022262118,0.9992307692307691,396.4795710000002,0.45304644139137823,0.9992307692307691
396.85663300000476,2.302964112565106,0.9992307692307691,396.73708800000026,0.43807005490437984,0.9992307692307691
397.0952140000049,2.1075909916914553,0.9992307692307691,396.97157100000027,0.4146471727830406,0.9992307692307691
397.3419280000048,1.9348740461970524,0.9992307692307691,397.21670900000004,0.38664632141229954,0.9992307692307691
397.591865000005,1.797315069601392,0.9992307692307691,397.4683289999999,0.35867839021723225,0.9992307692307691
397.8486370000051,1.694376458771924,0.9992307692307691,397.71509100000003,0.3355461554568496,0.9992307692307691
398.1065350000052,1.61774369833763,0.9992307692307691,397.9682220000001,0.3206620650750711,0.9992307692307691
398.3394100000053,1.5548661050392723,0.9992307692307691,398.2101459999999,0.3151602574217673,0.9992307692307691
398.5825270000052,1.495417734105441,0.9992307692307691,398.45561799999973,0.31796889142783996,0.9992307692307691
398.83988900000526,1.4394926236923378,0.9992307692307691,398.7125079999995,0.3265807699166763,0.9992307692307691
399.07799700000527,1.3983547347635996,0.9992307692307691,398.95240699999954,0.3387686988608951,0.9992307692307691
399.3253360000054,1.3897259556920918,0.9992307692307691,399.1999469999996,0.3536187225825721,0.9992307692307691
399.56869600000533,1.4287610540163247,0.9992307692307691,399.4517199999997,0.3715655433686347,0.9992307692307691
399.82915100000554,1.5198793583987011,0.9992307692307691,399.6939169999998,0.3941568902053053,0.9992307692307691
400.0658720000057,1.65145773286658,0.9992307692307691,399.9380079999999,0.4226629046119344,0.9992307692307691
400.3238790000057,1.7945924835498026,0.9992307692307691,400.1898539999999,0.4570223949874543,0.9992307692307691
400.57190300000565,1.9116468784872573,0.9992307692307691,400.436384,0.49537909272604375,0.9992307692307691
400.8100510000058,1.9789028604347476,0.9992307692307691,400.6858260000001,0.5330634934263424,0.9992307692307691
401.0636340000058,2.002274557035647,0.9992307692307691,400.92772499999995,0.5629888194463275,0.9992307692307691
401.31153200000614,2.0080276926939473,0.9992307692307691,401.20673100000005,0.5786374667435911,0.9992307692307691
401.5540830000059,2.023902688827026,0.9992307692307691,401.4237549999999,0.5771277300537765,0.9992307692307691
401.8035190000061,2.0655687126385582,0.9992307692307691,401.67027699999977,0.5603355525616514,0.9992307692307691
402.05212800000595,2.1322524253646797,0.9992307692307691,401.9201189999999,0.5338370513059947,0.9992307692307691
402.29711500000593,2.2113738821758777,0.9992307692307691,402.1743339999998,0.5049996703476828,0.9992307692307691
402.5438880000057,2.2835413878492963,0.9992307692307691,402.414805,0.4805795996706518,0.9992307692307691
402.79483200000556,2.3307083951523175,0.9992307692307691,402.6673709999999,0.4646557380910893,0.9992307692307691
403.03446300000576,2.341285094578153,0.9992307692307691,402.9102729999999,0.45740194403253376,0.9992307692307691
403.2938010000057,2.3078205137647467,0.9992307692307691,403.181353,0.45544622709154364,0.9992307692307691
403.5354290000059,2.2291162203221018,0.9992307692307691,403.41131100000024,0.45458577824403773,0.9992307692307691
403.78275100000593,2.1105787804247034,0.9992307692307691,403.651781,0.45280287433948424,0.9992307692307691
404.0330040000058,1.9647971655324583,0.9992307692307691,403.9050619999999,0.4498294408792739,0.9992307692307691
404.2764260000056,1.8094855652517416,0.9992307692307691,404.15106799999984,0.44653701698315473,0.9992307692307691
404.5339370000057,1.6640169016609987,0.9992307692307691,404.4235739999998,0.44449508186219217,0.9992307692307691
404.7719930000059,1.5460144478539268,0.9992307692307691,404.6410289999999,0.44458072714856595,0.9992307692307691
405.017422000006,1.4678930433371937,0.9992307692307691,404.89050099999974,0.4458906186790602,0.9992307692307691
405.26481700000625,1.4325279912707536,0.9992307692307691,405.1345849999997,0.44604763987939666,0.9992307692307691
405.51480600000656,1.4306581414151154,0.9992307692307691,405.3884269999996,0.4418535949966062,0.9992307692307691
405.78788100000645,1.4423301199200111,0.9992307692307691,405.6332519999994,0.4313919417059544,0.9992307692307691
406.00881700000645,1.4473075292779032,0.9992307692307691,405.88866099999944,0.4160303430625868,0.9992307692307691
406.2541120000065,1.4370623116396954,0.9992307692307691,406.13179799999926,0.39990363472758955,0.9992307692307691
406.50153500000624,1.418522489876758,0.9992307692307691,406.3742919999992,0.38791258363341413,0.9992307692307691
406.75356000000653,1.4065846737653238,0.9992307692307691,406.64420199999904,0.38464039781773574,0.9992307692307691
407.00877200000656,1.4172832900328678,0.9992307692307691,406.87308999999897,0.3931806032294537,0.9992307692307691
407.24711300000644,1.4651265591642038,0.9992307692307691,407.12597099999874,0.4148272085983665,0.9992307692307691
407.49226600000617,1.5591458620434744,0.9992307692307691,407.3735159999987,0.4496168709649552,0.9992307692307691
407.7422140000063,1.6992533764282278,0.9992307692307691,407.6290159999989,0.49721154325263245,0.9992307692307691
407.9869800000063,1.8749855129585735,0.9992307692307691,407.87140199999874,0.5568887357492153,0.9992307692307691
408.2376220000064,2.0642045278958934,0.9992307692307691,408.1078249999987,0.6256364251049398,0.9992307692307691
408.4876240000064,2.2327226547160115,0.9992307692307691,408.3575469999986,0.6955605481336553,0.9992307692307691
408.7342480000063,2.345815732181875,0.9992307692307691,408.6110869999986,0.7532631417088334,0.9992307692307691
408.98730500000624,2.3829650387642296,0.9992307692307691,408.8775259999987,0.783615025977545,0.9992307692307691
409.2261720000062,2.3529233398475062,0.9992307692307691,409.09462099999865,0.7786460839674899,0.9992307692307691
409.4746630000059,2.2904961692792702,0.9992307692307691,409.34808999999893,0.741721699173711,0.9992307692307691
409.72207300000593,2.237248382802965,0.9992307692307691,409.588568999999,0.68460732558092,0.9992307692307691
409.967197000006,2.219782289007481,0.9992307692307691,409.8439009999991,0.6212797952767375,0.9992307692307691
410.21922200000597,2.2465484464332635,0.9992307692307691,410.0887279999989,0.5627511374574343,0.9992307692307691
410.472077000006,2.3127487776224855,0.9992307692307691,410.3362959999989,0.5145833720030588,0.9992307692307691
410.717087000006,2.40374595736012,0.9992307692307691,410.5887029999989,0.4772941648004503,0.9992307692307691
410.96999500000595,2.4995776452480456,0.9992307692307691,410.83225199999873,0.4486505973449077,0.9992307692307691
411.2199450000061,2.584481505835475,0.9992307692307691,411.07865899999877,0.42602387384145196,0.9992307692307691
411.4770660000062,2.6527961030535403,0.9992307692307691,411.3281869999988,0.4085617077385667,0.9992307692307691
411.7002940000061,2.7058819116345187,0.9992307692307691,411.57739699999905,0.397682070112117,0.9992307692307691
411.95431900000597,2.747873969327351,0.9992307692307691,411.816456999999,0.3947357228623914,0.9992307692307691
412.21103800000606,2.785141179160817,0.9992307692307691,412.09403899999904,0.39858304754675283,0.9992307692307691
412.4522800000057,2.828815846330999,0.9992307692307691,412.31899699999906,0.4050300048619088,0.9992307692307691
412.6950010000058,2.8960359920725836,0.9992307692307691,412.56039599999906,0.4091034105650099,0.9992307692307691
412.94114100000576,3.008318570485999,0.9992307692307691,412.8097369999992,0.40762702823631614,0.9992307692307691
413.18573500000565,3.1784728872059045,0.9992307692307691,413.0631919999992,0.4005373650641836,0.9992307692307691
413.4542430000056,3.398115323028549,0.9992307692307691,413.3066939999993,0.39030827633191584,0.9992307692307691
413.6772740000055,3.6336096670627134,0.9946153846153846,413.5566899999994,0.38111667099901403,0.9992307692307691
413.9312480000055,3.8330433033976345,0.8992307692307692,413.80471399999936,0.37782334024637493,0.9992307692307691
414.18123300000536,3.944587644549513,0.842820512820513,414.0561249999995,0.3838400852492747,0.9992307692307691
414.4281790000054,3.9399406953406366,0.842820512820513,414.2986639999996,0.3989531678441246,0.9992307692307691
414.6795480000055,3.8231921568732172,0.9053846153846153,414.54602699999947,0.41920197043922147,0.9992307692307691
414.9190080000057,3.6236153494492043,0.9992307692307691,414.79225399999956,0.4398582119190143,0.9992307692307691
415.1686590000057,3.378373271633667,0.9992307692307691,415.0429819999995,0.4582130354671988,0.9992307692307691
415.4186080000058,3.1143850954281067,0.9992307692307691,415.3064829999997,0.474243410620818,0.9992307692307691
415.6694150000061,2.8417915631892976,0.9992307692307691,415.53145299999954,0.48973177053919836,0.9992307692307691
415.91743200000604,2.561238963351319,0.9992307692307691,415.78614099999976,0.5058459865580344,0.9992307692307691
416.16936400000606,2.2784583944551837,0.9992307692307691,416.03000199999985,0.5237721451725871,0.9992307692307691
416.4063510000059,2.009979088348627,0.9992307692307691,416.29285000000004,0.5438640523792094,0.9992307692307691
416.67112100000554,1.773058699013208,0.9992307692307691,416.52820999999994,0.5649574624803678,0.9992307692307691
416.9027160000053,1.5765454979512445,0.9992307692307691,416.77418700000015,0.5856688481249377,0.9992307692307691
417.15512400000557,1.421441852511001,0.9992307692307691,417.01457900000014,0.6047873388274592,0.9992307692307691
417.3955790000052,1.3052383240111993,0.9992307692307691,417.26597,0.621113571978223,0.9992307692307691
417.64612000000517,1.2243611852673826,0.9992307692307691,417.50951799999984,0.6325821859547772,0.9992307692307691
417.89201500000524,1.176243201818182,0.9992307692307691,417.76057,0.6354789604655531,0.9992307692307691
418.1478700000053,1.1606664342853272,0.9992307692307691,418.0024580000001,0.6255169563136245,0.9992307692307691
418.3861880000051,1.1791795227387594,0.9992307692307691,418.25180500000005,0.6013351873063593,0.9992307692307691
418.6341890000051,1.2312804254778384,0.9992307692307691,418.5138860000002,0.5666567997543053,0.9992307692307691
418.8821480000052,1.3068662037491579,0.9992307692307691,418.7529130000002,0.5304550901307608,0.9992307692307691
419.1281980000053,1.3839902907866692,0.9992307692307691,418.9983090000001,0.5043699013320599,0.9992307692307691
419.3801130000053,1.4381940015986023,0.9992307692307691,419.25031600000017,0.4979322935470851,0.9992307692307691
419.61967100000504,1.4562363451479063,0.9992307692307691,419.5017860000001,0.5149326510550103,0.9992307692307691
419.8822840000051,1.4393181917954256,0.9992307692307691,419.75853600000016,0.5527399418236036,0.9992307692307691
420.1182430000053,1.3990511860136194,0.9992307692307691,419.9860880000002,0.6027620071915267,0.9992307692307691
420.3882020000053,1.3556644311736328,0.9992307692307691,420.24110600000046,0.6524201164002252,0.9992307692307691
420.6181570000053,1.3337836577610371,0.9992307692307691,420.4836010000005,0.687440065484347,0.9992307692307691
420.86472300000554,1.3575698947749384,0.9992307692307691,420.7265030000006,0.6961922801415529,0.9992307692307691
421.1265660000056,1.4437973976585117,0.9992307692307691,420.9860120000007,0.6748230203896556,0.9992307692307691
421.35797300000553,1.5900625220657003,0.9992307692307691,421.22395600000067,0.6288818700693918,0.9992307692307691
421.60840300000547,1.767554338409947,0.9992307692307691,421.46902900000066,0.5693689583746295,0.9992307692307691
421.8625000000055,1.9353578122323603,0.9992307692307691,421.7371020000008,0.507662890843326,0.9992307692307691
422.10046000000546,2.0621825153739364,0.9992307692307691,421.9719380000008,0.4522451057228938,0.9992307692307691
422.35042900000536,2.1337752738245106,0.9992307692307691,422.221421000001,0.4083232361760256,0.9992307692307691
422.60088700000534,2.1487888578483947,0.9992307692307691,422.4628560000008,0.3791436670092393,0.9992307692307691
422.83822400000537,2.112159807076558,0.9992307692307691,422.7147170000009,0.3661935560082407,0.9992307692307691
423.09125500000533,2.032580261918677,0.9992307692307691,422.967081000001,0.3684335350947061,0.9992307692307691
423.3422400000055,1.9222236250981255,0.9992307692307691,423.210153000001,0.38187506818296874,0.9992307692307691
423.5862560000055,1.7952746187149198,0.9992307692307691,423.45012200000104,0.3995517909021319,0.9992307692307691
423.83294700000545,1.665042907092597,0.9992307692307691,423.70755200000116,0.41343597205773497,0.9992307692307691
424.0810380000056,1.540849018711963,0.9992307692307691,423.9626950000011,0.41741229191951834,0.9992307692307691
424.3426880000055,1.4272883386362751,0.9992307692307691,424.191782000001,0.41000592611204356,0.9992307692307691
424.5877820000055,1.3266730999353071,0.9992307692307691,424.45980700000086,0.3940671112362378,0.9992307692307691
424.8202010000055,1.2427988983951541,0.9992307692307691,424.6908180000008,0.37467962440543756,0.9992307692307691
425.06858400000544,1.182702945205584,0.9992307692307691,424.93915000000106,0.3565093989932012,0.9992307692307691
425.3241840000053,1.1537050777743343,0.9992307692307691,425.1902580000011,0.3427229086568318,0.9992307692307691
425.56470400000524,1.160035595722502,0.9992307692307691,425.4376760000009,0.33475205652927886,0.9992307692307691
425.821245000005,1.1987888974302519,0.9992307692307691,425.68152300000077,0.33241207257902144,0.9992307692307691
426.064176000005,1.2557986471615024,0.9992307692307691,425.93149700000066,0.3346367874755265,0.9992307692307691
426.32058900000527,1.3097564731544158,0.9992307692307691,426.17740200000077,0.3410842079243274,0.9992307692307691
426.5539610000051,1.343970542555712,0.9992307692307691,426.42387600000075,0.3526500384484913,0.9992307692307691
426.80458100000493,1.3545870673713232,0.9992307692307691,426.67033500000065,0.3709061387486935,0.9992307692307691
427.04908400000494,1.349936002376428,0.9992307692307691,426.9154090000007,0.39729101684461504,0.9992307692307691
427.2994890000047,1.3451991117289992,0.9992307692307691,427.16269500000055,0.4316261607592907,0.9992307692307691
427.5630040000048,1.3526723934453864,0.9992307692307691,427.43803100000076,0.4704346841573674,0.9992307692307691
427.79732100000473,1.3718954251027111,0.9992307692307691,427.67572500000057,0.5066894357716085,0.9992307692307691
428.0593390000048,1.3875904838888407,0.9992307692307691,427.9079960000005,0.5324924014619723,0.9992307692307691
428.2868340000049,1.3823375705316785,0.9992307692307691,428.1591230000007,0.543976155961635,0.9992307692307691
428.53611800000454,1.349540205809192,0.9992307692307691,428.4105190000008,0.5425842095374324,0.9992307692307691
428.8121280000046,1.2946852991642015,0.9992307692307691,428.65654000000086,0.5326802511958395,0.9992307692307691
429.0316530000047,1.2301105529414214,0.9992307692307691,428.90088400000093,0.518395819898948,0.9992307692307691
429.2836970000047,1.1697575197347845,0.9992307692307691,429.1529050000008,0.5022030512828142,0.9992307692307691
429.5290690000048,1.124414932511473,0.9992307692307691,429.3964270000007,0.48477566034319813,0.9992307692307691
429.78029200000464,1.0992660106295267,0.9992307692307691,429.6471950000008,0.4650434235158379,0.9992307692307691
430.0190030000047,1.0937822970377735,0.9992307692307691,429.88738400000085,0.44154312786910305,0.9992307692307691
430.26819300000454,1.1044445223240988,0.9992307692307691,430.1409780000008,0.41344838121567135,0.9992307692307691
430.5212080000046,1.1309716057481327,0.9992307692307691,430.38644300000067,0.38145860655692365,0.9992307692307691
430.76554200000436,1.17568029601347,0.9992307692307691,430.6440080000008,0.3476838280557628,0.9992307692307691
431.01553300000444,1.2409191495990655,0.9992307692307691,430.8770790000008,0.3147482077502235,0.9992307692307691
431.26208700000444,1.323080321168618,0.9992307692307691,431.12447800000075,0.2849622785717161,0.9992307692307691
431.5054660000044,1.4111831354281463,0.9992307692307691,431.3865270000008,0.2599608590229888,0.9992307692307691
431.7580300000044,1.4914903163370614,0.9992307692307691,431.62547400000074,0.24109958209972332,0.9992307692307691
432.01712800000445,1.5557264321644448,0.9992307692307691,431.8782890000008,0.22989145828918456,0.9992307692307691
432.25259800000435,1.6043609707733646,0.9992307692307691,432.1182750000007,0.2276449653985466,0.9992307692307691
432.4987120000043,1.642528460674626,0.9992307692307691,432.3698860000007,0.2344198674014445,0.9992307692307691
432.7460640000042,1.67430424197871,0.9992307692307691,432.61136100000067,0.24802364893142093,0.9992307692307691
432.9955580000043,1.7015744454833626,0.9992307692307691,432.8596160000006,0.26392859728154006,0.9992307692307691
433.24101700000415,1.7229532112576142,0.9992307692307691,433.11266200000057,0.2772164188802652,0.9992307692307691
433.4998820000041,1.7369360162470162,0.9992307692307691,433.3555890000007,0.28503336862248496,0.9992307692307691
433.7403900000041,1.7409427386488514,0.9992307692307691,433.6121350000007,0.28768146581599097,0.9992307692307691
433.983929000004,1.7315889993789313,0.9992307692307691,433.8580930000007,0.2878666344255606,0.9992307692307691
434.2317390000041,1.708321425628149,0.9992307692307691,434.09855600000066,0.28893941464608086,0.9992307692307691
434.4828320000039,1.670401698156883,0.9992307692307691,434.3453900000008,0.2927748369195063,0.9992307692307691
434.7276980000038,1.6182437022586915,0.9992307692307691,434.5909700000009,0.29823556504901444,0.9992307692307691
434.9736540000037,1.5537186450407043,0.9992307692307691,434.84405100000106,0.3020075271948489,0.9992307692307691
435.2290460000039,1.4828767864449286,0.9992307692307691,435.11686900000086,0.3017624086908452,0.9992307692307691
435.47261200000395,1.4191761834054168,0.9992307692307691,435.3349160000007,0.2980244096990054,0.9992307692307691
435.73615100000393,1.3799978457302169,0.9992307692307691,435.5888860000008,0.2930030112353842,0.9992307692307691
435.9617780000041,1.3765826381751092,0.9992307692307691,435.83311400000076,0.28863720132803505,0.9992307692307691
436.21007000000395,1.407491404314774,0.9992307692307691,436.0765570000007,0.28556808940235723,0.9992307692307691
436.48105300000384,1.4586613342025831,0.9992307692307691,436.33062700000045,0.28300949290586175,0.9992307692307691
436.711606000004,1.5065371337642288,0.9992307692307691,436.5785340000007,0.2794907293948881,0.9992307692307691
436.9596290000039,1.5255459354696976,0.9992307692307691,436.82804300000043,0.2739575778041936,0.9992307692307691
437.201057000004,1.4995736503737493,0.9992307692307691,437.07396800000066,0.26675890278713366,0.9992307692307691
437.4436190000042,1.4288447562520354,0.9992307692307691,437.31892000000073,0.25961809920390144,0.9992307692307691
437.69597700000435,1.3271636767034731,0.9992307692307691,437.56279100000074,0.25434009379105277,0.9992307692307691
437.9403300000045,1.213565552244085,0.9992307692307691,437.8152000000007,0.25218135145498966,0.9992307692307691
438.18769200000446,1.1048573112484708,0.9992307692307691,438.0542400000006,0.2535912153959193,0.9992307692307691
438.4462460000045,1.0125451908273175,0.9992307692307691,438.33222300000045,0.25840691400919774,0.9992307692307691
438.68812300000445,0.9412560077157878,0.9992307692307691,438.56116000000037,0.2663759605293512,0.9992307692307691
438.9342970000043,0.8903767435222509,0.9992307692307691,438.7996960000003,0.27686274847749903,0.9992307692307691
439.1785800000043,0.8558641359660468,0.9992307692307691,439.05687900000055,0.2883479718543745,0.9992307692307691
439.43259000000415,0.8311829737878714,0.9992307692307691,439.2937820000006,0.29803970076512587,0.9992307692307691
439.6970010000042,0.8103664775842141,0.9992307692307691,439.5401290000006,0.30260315523517656,0.9992307692307691
439.9279190000043,0.7928809970755432,0.9992307692307691,439.7948530000009,0.3001720550307776,0.9992307692307691
440.1819580000044,0.7841050829756439,0.9992307692307691,440.0341530000009,0.29133154247259985,0.9992307692307691
440.41644700000427,0.7891446843574825,0.9992307692307691,440.29012400000096,0.2788000366547052,0.9992307692307691
440.66242300000425,0.807814735136692,0.9992307692307691,440.53216400000105,0.2659098435981694,0.9992307692307691
440.91989700000437,0.8346870452401856,0.9992307692307691,440.78166100000095,0.2550453578216273,0.9992307692307691
441.1615940000046,0.8624523896481244,0.9992307692307691,441.02905000000095,0.24720432005790988,0.9992307692307691
441.4081550000047,0.8862488616994372,0.9992307692307691,441.3088160000011,0.2421550463147233,0.9992307692307691
441.65725300000474,0.9050941891265376,0.9992307692307691,441.54545900000124,0.23925751572064993,0.9992307692307691
441.90716500000457,0.9218406960415242,0.9992307692307691,441.7694850000011,0.23875776783483826,0.9992307692307691
442.14954800000453,0.942815303953503,0.9992307692307691,442.0190110000011,0.24299645443853446,0.9992307692307691
442.4035690000046,0.975478974702393,0.9992307692307691,442.27508800000123,0.2550958787598514,0.9992307692307691
442.64438100000484,1.0247406948803943,0.9992307692307691,442.51664900000134,0.27625373759482064,0.9992307692307691
442.89832900000494,1.0941734953650686,0.9992307692307691,442.7771520000015,0.3041540619562597,0.9992307692307691
443.140463000005,1.1851521116685222,0.9992307692307691,443.0095620000012,0.333469184047092,0.9992307692307691
443.38477500000505,1.2948828241651533,0.9992307692307691,443.26329800000116,0.35790240032474185,0.9992307692307691
443.6323200000051,1.4161216534144474,0.9992307692307691,443.50617200000113,0.37215191435701195,0.9992307692307691
443.89127500000495,1.5395218506263784,0.9992307692307691,443.7562240000011,0.37321902552677766,0.9992307692307691
444.17041400000505,1.656400197077743,0.9992307692307691,443.9991240000013,0.36144256840858996,0.9992307692307691
444.38899700000513,1.7595557400650927,0.9992307692307691,444.24719300000135,0.34089759379876966,0.9992307692307691
444.6396050000052,1.842423773661894,0.9992307692307691,444.49376800000135,0.31830367014579364,0.9992307692307691
444.8819910000051,1.8989985255282367,0.9992307692307691,444.74372600000146,0.3004029315932445,0.9992307692307691
445.1199430000049,1.9302635735720144,0.9992307692307691,444.9856900000015,0.2907784277754643,0.9992307692307691
445.3695410000047,1.9466213183985501,0.9992307692307691,445.24520000000143,0.2884965734306123,0.9992307692307691
445.62176600000464,1.9635766820774982,0.9992307692307691,445.4876170000015,0.2896634019499282,0.9992307692307691
445.8657700000046,1.9931055871952301,0.9992307692307691,445.7346510000015,0.29015079336204574,0.9992307692307691
446.11125700000474,2.036968129242917,0.9992307692307691,445.99702800000165,0.2874068886622624,0.9992307692307691
446.3552780000048,2.0900639202643125,0.9992307692307691,446.2299130000016,0.2806921200607738,0.9992307692307691
446.6171650000049,2.1424313236824792,0.9992307692307691,446.4769470000017,0.27056153742152317,0.9992307692307691
446.85455200000473,2.1843348269541067,0.9992307692307691,446.72150000000147,0.2586025120407522,0.9992307692307691
447.0991170000046,2.2104473050677873,0.9992307692307691,446.96742900000163,0.24673638385394284,0.9992307692307691
447.36310700000456,2.2229558861514165,0.9992307692307691,447.25145700000166,0.2363892168740292,0.9992307692307691
447.6031060000046,2.2343167519981515,0.9992307692307691,447.46459800000173,0.22798968830713662,0.9992307692307691
447.8571490000047,2.260285903156328,0.9992307692307691,447.7189460000017,0.22131538630764797,0.9992307692307691
448.08855200000477,2.3027207673377394,0.9992307692307691,447.95702500000164,0.21617361860144996,0.9992307692307691
448.3406520000046,2.3410299827350936,0.9992307692307691,448.21294800000186,0.21286276703604484,0.9992307692307691
448.59893800000475,2.3408903294293006,0.9992307692307691,448.45497500000204,0.212206528359994,0.9992307692307691
448.8325440000048,2.279566835581834,0.9992307692307691,448.70476000000195,0.2153093566757035,0.9992307692307691
449.07944500000474,2.164519001797088,0.9992307692307691,448.9562140000018,0.22364785582325175,0.9992307692307691
449.3325110000048,2.0232200454154237,0.9992307692307691,449.1997350000019,0.23902317943587767,0.9992307692307691
449.57841800000494,1.8828597217076932,0.9992307692307691,449.45679300000194,0.26327869214893485,0.9992307692307691
449.823906000005,1.75819818988532,0.9992307692307691,449.6959030000019,0.2975265837995591,0.9992307692307691
450.08050500000513,1.652669370321915,0.9992307692307691,449.94275200000214,0.34077375207729443,0.9992307692307691
450.31957800000504,1.5626297487798797,0.9992307692307691,450.19322700000214,0.389338584654898,0.9992307692307691
450.57900700000476,1.482391015949006,0.9992307692307691,450.4507070000023,0.4361514600574402,0.9992307692307691
450.8156340000046,1.4089717778877513,0.9992307692307691,450.69269500000235,0.4724221473261422,0.9992307692307691
451.0599460000047,1.3449499971986212,0.9992307692307691,450.9262100000024,0.49268679099307855,0.9992307692307691
451.3094390000048,1.2977122408238948,0.9992307692307691,451.17709500000217,0.4974123366860216,0.9992307692307691
451.5529860000049,1.277048727577672,0.9992307692307691,451.4345550000021,0.49157827625600303,0.9992307692307691
451.8043900000051,1.294118572606521,0.9992307692307691,451.6729110000023,0.4809815039287226,0.9992307692307691
452.04826100000525,1.3597989579144456,0.9992307692307691,451.9180940000022,0.46860909115490235,0.9992307692307691
452.3123740000052,1.4821510935479794,0.9992307692307691,452.1744390000021,0.45484160593042716,0.9992307692307691
452.5491580000054,1.666543937520891,0.9992307692307691,452.41547800000217,0.43883792262675936,0.9992307692307691
452.7950900000053,1.9085490722021938,0.9992307692307691,452.66020600000235,0.4199430135290957,0.9992307692307691
453.0523080000053,2.1793860100189217,0.9992307692307691,452.90824700000235,0.39851424047126555,0.9992307692307691
453.2937360000054,2.4308140382700305,0.9992307692307691,453.15924100000245,0.37560295770154095,0.9992307692307691
453.53369600000576,2.6211408291631106,0.9992307692307691,453.4112720000026,0.3524445291682654,0.9992307692307691
453.7877200000057,2.7249931914174703,0.9992307692307691,453.6600780000024,0.33008841523195986,0.9992307692307691
454.0376950000058,2.733764984946556,0.9992307692307691,453.89915000000235,0.3093527518950233,0.9992307692307691
454.27670000000575,2.658635362322643,0.9992307692307691,454.1566390000023,0.2907308605209516,0.9992307692307691
454.5312300000058,2.524477138595716,0.9992307692307691,454.3916180000025,0.2747292093484589,0.9992307692307691
454.7740470000057,2.360194654885262,0.9992307692307691,454.6394870000027,0.2624319254210543,0.9992307692307691
455.05262500000583,2.193058343721261,0.9992307692307691,454.8920760000028,0.2555148248596852,0.9992307692307691
455.2690110000057,2.0461108866565247,0.9992307692307691,455.1375320000028,0.25616350693656786,0.9992307692307691
455.5199970000057,1.9388441131466083,0.9992307692307691,455.38012000000305,0.26623141708751374,0.9992307692307691
455.7736840000056,1.887002942363037,0.9992307692307691,455.632418000003,0.2856984995865068,0.9992307692307691
456.02248800000547,1.8979634010629194,0.9992307692307691,455.874463000003,0.3115796676974467,0.9992307692307691
456.2565860000055,1.9619078812772432,0.9992307692307691,456.122015000003,0.3383931974715581,0.9992307692307691
456.50569100000547,2.0487670075833764,0.9992307692307691,456.37956900000285,0.36049664535802967,0.9992307692307691
456.75076400000563,2.120226561399983,0.9992307692307691,456.64563300000293,0.37416642098901953,0.9992307692307691
456.9997520000055,2.149698998170106,0.9992307692307691,456.8799000000031,0.3784615782330949,0.9992307692307691
457.2450460000057,2.1304873939659914,0.9992307692307691,457.1130890000029,0.3745549740475378,0.9992307692307691
457.4930680000057,2.071923430178047,0.9992307692307691,457.36055100000306,0.36434817224719784,0.9992307692307691
457.7566700000055,1.9890589542588515,0.9992307692307691,457.623559000003,0.34991652401175405,0.9992307692307691
457.9884080000057,1.893041100807786,0.9992307692307691,457.861903000003,0.3334975816720936,0.9992307692307691
458.2509520000056,1.7910054718291428,0.9992307692307691,458.12442400000305,0.3174526696140269,0.9992307692307691
458.48581300000575,1.692878478925229,0.9992307692307691,458.35298300000295,0.30426489504591653,0.9992307692307691
458.72931600000584,1.618312414110381,0.9992307692307691,458.6025660000028,0.2957324395050211,0.9992307692307691
458.9803020000057,1.5905561900933072,0.9992307692307691,458.8472170000028,0.29133405667867507,0.9992307692307691
459.2302980000056,1.625113372058147,0.9992307692307691,459.0931850000029,0.2882829516597258,0.9992307692307691
459.50914300000545,1.7194735227561868,0.9992307692307691,459.34040300000294,0.28380636730461556,0.9992307692307691
459.7226370000055,1.8507287395205338,0.9992307692307691,459.5932330000029,0.2771883070936816,0.9992307692307691
459.9790620000055,1.9882772167142426,0.9992307692307691,459.833118000003,0.2704053096829865,0.9992307692307691
460.2174030000055,2.105541764806496,0.9992307692307691,460.0871700000032,0.26683931922457604,0.9992307692307691
460.4745830000054,2.1861948374534617,0.9992307692307691,460.3302680000033,0.2688423612679606,0.9992307692307691
460.71440700000534,2.2238931650439824,0.9992307692307691,460.57482500000333,0.2762049734804119,0.9992307692307691
460.96465600000533,2.216229609060706,0.9992307692307691,460.8267410000034,0.28557411649139836,0.9992307692307691
461.2171970000053,2.1641142476680235,0.9992307692307691,461.06924500000326,0.29173072104065323,0.9992307692307691
461.4662520000052,2.0731852799783748,0.9992307692307691,461.3297280000032,0.29039364721180533,0.9992307692307691
461.7070200000052,1.9538882341640527,0.9992307692307691,461.5641740000033,0.28036182766978424,0.9992307692307691
461.95300700000496,1.8222383227760988,0.9992307692307691,461.8126380000032,0.2638177344536726,0.9992307692307691
462.2036210000049,1.6960395126500605,0.9992307692307691,462.0619500000033,0.24522841623774316,0.9992307692307691
462.45285400000506,1.5919768513642967,0.9992307692307691,462.31296100000327,0.23071615474083162,0.9992307692307691
462.71650000000517,1.528197270161131,0.9992307692307691,462.5575970000032,0.22731096667439551,0.9992307692307691
462.9399850000055,1.522253643669235,0.9992307692307691,462.80156100000335,0.2419023105130874,0.9992307692307691
463.1907740000054,1.5832788925905719,0.9992307692307691,463.08053200000336,0.27902514833181563,0.9992307692307691
463.4407820000055,1.7025547624983572,0.9992307692307691,463.3088240000036,0.33838039532581077,0.9992307692307691
463.69526200000547,1.8483492035149567,0.9992307692307691,463.55581400000375,0.4127929066705132,0.9992307692307691
463.9321580000056,1.9768369463627387,0.9992307692307691,463.79668600000366,0.4893080331124767,0.9992307692307691
464.17559500000567,2.0545381236741966,0.9992307692307691,464.0538340000037,0.5527354741346745,0.9992307692307691
464.4311940000056,2.0720039600820166,0.9992307692307691,464.30532700000373,0.5915924517740039,0.9992307692307691
464.67262300000573,2.03939354346237,0.9992307692307691,464.54322300000393,0.6024597715574439,0.9992307692307691
464.9221890000058,1.9775586390716067,0.9992307692307691,464.79665000000386,0.5897335908152609,0.9992307692307691
465.1779580000057,1.9112207321518833,0.9992307692307691,465.0321380000041,0.5614630186140898,0.9992307692307691
465.4140610000058,1.864899916671607,0.9992307692307691,465.2915960000043,0.5260362718834963,0.9992307692307691
465.6663990000059,1.8614663359253156,0.9992307692307691,465.5381290000043,0.490164859515648,0.9992307692307691
465.9329630000059,1.915762450146891,0.9992307692307691,465.79802600000437,0.4589501287202437,0.9992307692307691
466.15931800000584,2.0251310660617916,0.9992307692307691,466.02205400000435,0.4370162748030787,0.9992307692307691
466.41086900000573,2.1610849873683704,0.9992307692307691,466.27336600000433,0.42803364094624385,0.9992307692307691
466.65274700000595,2.2746835449333718,0.9992307692307691,466.5166590000042,0.433570742190484,0.9992307692307691
466.9042580000058,2.3290459144401683,0.9992307692307691,466.79861200000425,0.4512323541286773,0.9992307692307691
467.1627380000059,2.3190764273799913,0.9992307692307691,467.0266350000042,0.47534926363100005,0.9992307692307691
467.4084600000057,2.263683966840962,0.9992307692307691,467.26658900000433,0.49909061534005905,0.9992307692307691
467.65345800000574,2.1925258236485816,0.9992307692307691,467.5145310000042,0.5163231523149506,0.9992307692307691
467.8934620000059,2.1330777408901707,0.9992307692307691,467.76369200000426,0.5228351106152179,0.9992307692307691
468.14792100000574,2.100979492240853,0.9992307692307691,468.0106070000041,0.5178408264298957,0.9992307692307691
468.3838480000057,2.0969732377519055,0.9992307692307691,468.25390600000424,0.5039100811213839,0.9992307692307691
468.6352810000057,2.1119953549115937,0.9992307692307691,468.4967960000043,0.48534719664076786,0.9992307692307691
468.8838990000055,2.1370978588042338,0.9992307692307691,468.7517880000044,0.4655046736277946,0.9992307692307691
469.1488880000054,2.1681290023240227,0.9992307692307691,469.0117210000043,0.44586847028564813,0.9992307692307691
469.3788970000054,2.207532551100349,0.9992307692307691,469.23971100000404,0.4273179686757977,0.9992307692307691
469.62529800000544,2.2585815103511626,0.9992307692307691,469.5026010000041,0.41134581449093155,0.9992307692307691
469.87995900000544,2.315651271864675,0.9992307692307691,469.74448600000414,0.4006496115803233,0.9992307692307691
470.12883700000543,2.362776785589062,0.9992307692307691,469.98485000000403,0.39843254434050446,0.9992307692307691
470.38458400000513,2.379152042172961,0.9992307692307691,470.23076200000395,0.40707973082903726,0.9992307692307691
470.6129030000055,2.351478037462003,0.9992307692307691,470.4814040000042,0.4261858691066728,0.9992307692307691
470.86577600000567,2.281170864186252,0.9992307692307691,470.7307330000043,0.4526493705429089,0.9992307692307691
471.11744900000554,2.1852524901155657,0.9992307692307691,470.9788040000043,0.48277707890690985,0.9992307692307691
471.3593120000056,2.0873606430779033,0.9992307692307691,471.2273040000044,0.5120955915736702,0.9992307692307691
471.60314300000556,2.011596519081286,0.9992307692307691,471.4682700000044,0.5366141574201856,0.9992307692307691
471.8687860000056,1.9815662048023923,0.9992307692307691,471.72162500000417,0.5532088350203196,0.9992307692307691
472.09873100000544,2.017132917107455,0.9992307692307691,471.9707030000043,0.5601756739965225,0.9992307692307691
472.3478620000055,2.127332030390077,0.9992307692307691,472.2156320000041,0.5573067277151926,0.9992307692307691
472.6013750000055,2.301159253132991,0.9992307692307691,472.46560500000413,0.5459552606316116,0.9992307692307691
472.85234700000547,2.5067614801398923,0.9992307692307691,472.71466600000394,0.5285613725185262,0.9992307692307691
473.0861980000055,2.699847939303523,0.9992307692307691,472.972692000004,0.5082682334502052,0.9992307692307691
473.33556400000566,2.8384780511380687,0.9992307692307691,473.1994640000042,0.4878479904453753,0.9992307692307691
473.59077000000553,2.8932006433197595,0.9992307692307691,473.47261000000395,0.4682833959855299,0.9992307692307691
473.8297990000056,2.8547576923906255,0.9992307692307691,473.7019680000038,0.4491660885211824,0.9992307692307691
474.08674400000564,2.7365120145779547,0.9992307692307691,473.950043000004,0.4290261510280346,0.9992307692307691
474.3361930000058,2.5656959472752168,0.9992307692307691,474.19499100000377,0.40620131836490625,0.9992307692307691
474.5938100000057,2.375121237653775,0.9992307692307691,474.4382470000037,0.3798516476459239,0.9992307692307691
474.82739200000583,2.195952382565839,0.9992307692307691,474.7009710000037,0.3505958219928612,0.9992307692307691
475.0679740000058,2.051561837707829,0.9992307692307691,474.94788800000356,0.3203830318526934,0.9992307692307691
475.32251500000586,1.9541272666539484,0.9992307692307691,475.18533000000355,0.2913779044805382,0.9992307692307691
475.57393600000603,1.9086226050295299,0.9992307692307691,475.4422210000034,0.2653230584422511,0.9992307692307691
475.8232450000058,1.914970383859874,0.9992307692307691,475.68502200000347,0.24342770525959345,0.9992307692307691
476.0693610000057,1.9676923493267706,0.9992307692307691,475.94447900000347,0.22672309612655306,0.9992307692307691
476.31384100000565,2.057647376795507,0.9992307692307691,476.1794750000037,0.21636965518241463,0.9992307692307691
476.5588410000055,2.172779590647232,0.9992307692307691,476.4269800000037,0.21334972741111546,0.9992307692307691
476.8194510000055,2.29912414054146,0.9992307692307691,476.6889140000037,0.21759934723017402,0.9992307692307691
477.05443200000553,2.42717843203714,0.9992307692307691,476.91727700000376,0.2275499247815726,0.9992307692307691
477.30407700000575,2.55672548775914,0.9992307692307691,477.1648380000037,0.24045677949502026,0.9992307692307691
477.5548950000059,2.695374853047945,0.9992307692307691,477.4081000000036,0.25341478028386444,0.9992307692307691
477.7979670000058,2.849137966694999,0.9992307692307691,477.6604890000037,0.2643121292023829,0.9992307692307691
478.0590340000057,3.0155518956113294,0.9992307692307691,477.91311400000376,0.27236678978504547,0.9992307692307691
478.2934210000057,3.184855996854565,0.9992307692307691,478.1580350000036,0.2783224360837444,0.9992307692307691
478.53852000000575,3.348903020616776,0.9992307692307691,478.39878800000366,0.2843308490766782,0.9992307692307691
478.78546600000567,3.506249117620156,0.9992307692307691,478.64992500000403,0.29413888129501037,0.9992307692307691
479.03770700000575,3.655991416163064,0.9861538461538462,478.8988500000041,0.31228944215572974,0.9992307692307691
479.27657100000556,3.792015117705263,0.9199999999999999,479.14228600000393,0.34169843002459127,0.9992307692307691
479.5388080000059,3.9010788232788203,0.8584615384615384,479.40077600000404,0.38109751860804364,0.9992307692307691
479.77735600000597,3.959408589924488,0.8284615384615386,479.6366760000043,0.4258998510392055,0.9992307692307691
480.0192610000059,3.9489924214930623,0.8344444444444445,479.89661800000414,0.46999309873747974,0.9992307692307691
480.27116700000573,3.8727764061013565,0.8761538461538461,480.1340330000042,0.5076795940849721,0.9992307692307691
480.51665200000576,3.753819672341671,0.9299999999999999,480.379073000004,0.5339307355634744,0.9992307692307691
480.7667300000057,3.624380671810655,0.9992307692307691,480.62755800000417,0.5454427154978208,0.9992307692307691
481.01485500000564,3.518623960461369,0.9992307692307691,480.87843700000394,0.5410842725422426,0.9992307692307691
481.2722600000057,3.46202210936968,0.9992307692307691,481.1444530000038,0.5221189068298419,0.9992307692307691
481.510294000006,3.4577693602258353,0.9992307692307691,481.3693940000038,0.49384741426485046,0.9992307692307691
481.754295000006,3.477330836244993,0.9992307692307691,481.6293660000039,0.4649911229642015,0.9992307692307691
482.0032170000059,3.4684123627279266,0.9992307692307691,481.86984100000393,0.4441384095005448,0.9992307692307691
482.2497350000059,3.455950862234895,0.9992307692307691,482.11126800000386,0.43527374073502545,0.9992307692307691
482.4913620000058,3.7125050535487505,0.9515384615384614,482.3661390000036,0.4356635284096769,0.9992307692307691
482.7439370000059,4.65875176438035,0.26367521367521374,482.61123900000365,0.438585322328595,0.9992307692307691
482.9993990000057,6.598142492387113,0.0,482.8617320000036,0.4381558379166587,0.9992307692307691
483.23772200000553,9.551430389765887,0.0,483.11206400000344,0.4338186561963769,0.9992307692307691
483.4917820000056,13.246128591140582,0.0,483.3569050000034,0.4298560931218235,0.9992307692307691
483.74126400000586,17.214203033159343,0.0,483.5992360000038,0.4318473075504098,0.9992307692307691
483.9800990000058,20.875348763917316,0.0,483.84276500000374,0.44289553075733457,0.9992307692307691
484.23210600000584,23.589227894202992,0.0,484.0891840000037,0.46097566507381393,0.9992307692307691
484.48641600000593,24.773309962536153,0.0,484.36166100000395,0.4789164487932072,0.9992307692307691
484.72412100000605,24.15793317515703,0.0,484.5907970000039,0.48804289539164936,0.9992307692307691
484.97037400000613,22.058486932354977,0.0,484.8347740000041,0.48192747732283636,0.9992307692307691
485.21603300000623,19.243257000491372,0.0,485.0873950000041,0.45933335946529674,0.9992307692307691
485.4687960000064,16.43437519941274,0.0,485.3338790000041,0.423748498106519,0.9992307692307691
485.73911800000684,13.956113843329073,0.0,485.5745220000041,0.3810926488682239,0.9992307692307691
485.9677090000069,11.814525228887886,0.0,485.8248420000041,0.3380112492656394,0.9992307692307691
486.2126480000068,9.943589150063694,0.0,486.07450000000415,0.3000763517083543,0.9992307692307691
486.46508200000676,8.316432682391806,0.0,486.32759200000424,0.27031736202702095,0.9992307692307691
486.70756200000676,6.93070287986028,0.0,486.5649460000041,0.2491129363443123,0.9992307692307691
486.9519210000068,5.788852789950174,0.0,486.81700700000414,0.2349340635204989,0.9992307692307691
487.2002200000067,4.884188536436644,0.11846153846153841,487.06247900000403,0.22582678573530882,0.9992307692307691
487.4481340000065,4.19299652978644,0.6298290598290598,487.31440300000384,0.22025584219548014,0.9992307692307691
487.69359200000684,3.682195371409385,0.9730769230769231,487.57089100000405,0.2178236861252879,0.9992307692307691
487.9450080000069,3.318371148919156,0.9992307692307691,487.802970000004,0.2189050396080029,0.9992307692307691
488.1910140000069,3.070461291786318,0.9992307692307691,488.0654390000038,0.22421015478292888,0.9992307692307691
488.44611300000713,2.9134222659838667,0.9992307692307691,488.30219800000395,0.2340736594587119,0.9992307692307691
488.6880260000074,2.828588489164339,0.9992307692307691,488.55381600000374,0.24759669188048877,0.9992307692307691
488.95357500000745,2.8055230490129426,0.9992307692307691,488.8178290000039,0.26289816601988325,0.9992307692307691
489.1840740000075,2.838222152387517,0.9992307692307691,489.05279900000386,0.2773506394921434,0.9992307692307691
489.4340520000079,2.91448080980181,0.9992307692307691,489.29513400000354,0.28929668528969227,0.9992307692307691
489.6729880000078,3.013179147568735,0.9992307692307691,489.53977400000366,0.2988523096501443,0.9992307692307691
489.9303880000077,3.103961987398084,0.9992307692307691,489.7868280000035,0.307844580657744,0.9992307692307691
490.1693520000075,3.152849219917304,0.9992307692307691,490.03968600000366,0.31881219593340593,0.9992307692307691
490.4182150000075,3.1380342669713923,0.9992307692307691,490.2927640000038,0.33321365110557144,0.9992307692307691
490.6612440000076,3.0579455785589165,0.9992307692307691,490.53013600000395,0.350513920888715,0.9992307692307691
490.9172650000077,2.9218647969619616,0.9992307692307691,490.7882050000038,0.36868165862112495,0.9992307692307691
491.1660730000077,2.7440352672907204,0.9992307692307691,491.02500200000384,0.38476843578431064,0.9992307692307691
491.4086260000075,2.5400710844645547,0.9992307692307691,491.27304700000354,0.3955337289884441,0.9992307692307691
491.6542120000075,2.326009961008303,0.9992307692307691,491.52065500000367,0.3985176884406163,0.9992307692307691
491.9085890000076,2.118289794096605,0.9992307692307691,491.77456000000365,0.3928301770730032,0.9992307692307691
492.15696000000753,1.9309145281587596,0.9992307692307691,492.0251020000036,0.3798310036572052,0.9992307692307691
492.39853700000765,1.7734547965562544,0.9992307692307691,492.2639010000036,0.3630820735121829,0.9992307692307691
492.64755900000756,1.6510551300414313,0.9992307692307691,492.5106830000038,0.3472554918178603,0.9992307692307691
492.89655700000765,1.5651283371537241,0.9992307692307691,492.76517900000385,0.3359934331801324,0.9992307692307691
493.15201600000773,1.5124307543836004,0.9992307692307691,493.0137090000038,0.3315725922953032,0.9992307692307691
493.41793000000774,1.48560678511822,0.9992307692307691,493.2525460000038,0.3349164462590443,0.9992307692307691
493.62779000000785,1.4733222324853743,0.9992307692307691,493.5010400000037,0.3460571804679834,0.9992307692307691
493.8809170000078,1.4628713339186832,0.9992307692307691,493.7480780000039,0.36543731268403545,0.9992307692307691
494.13181000000776,1.4445851287042624,0.9992307692307691,494.00203700000395,0.3940688327815828,0.9992307692307691
494.37867100000784,1.4158632495040018,0.9992307692307691,494.2444550000038,0.43188295794657255,0.9992307692307691
494.6275080000078,1.3806158868215785,0.9992307692307691,494.49249600000365,0.47563803743722244,0.9992307692307691
494.87036400000795,1.3462864606410778,0.9992307692307691,494.7368200000036,0.5186947100721475,0.9992307692307691
495.1207130000079,1.3171803602576018,0.9992307692307691,494.9929430000036,0.5528783982723694,0.9992307692307691
495.3788600000077,1.2908185929801754,0.9992307692307691,495.2531570000035,0.5721515728796995,0.9992307692307691
495.6171100000075,1.261443901214406,0.9992307692307691,495.48601500000336,0.5756313590052329,0.9992307692307691
495.8626950000076,1.225061891709433,0.9992307692307691,495.7285680000032,0.5679062916867099,0.9992307692307691
496.1102600000075,1.1812086189590028,0.9992307692307691,495.9864210000034,0.5559146307245358,0.9992307692307691
496.36117200000734,1.1336071367693057,0.9992307692307691,496.2285250000034,0.5453435201603177,0.9992307692307691
496.6201120000075,1.0909506103584343,0.9992307692307691,496.49238000000344,0.5392796052587732,0.9992307692307691
496.85321000000766,1.0662935563341778,0.9992307692307691,496.71749700000356,0.5384074259384255,0.9992307692307691
497.10572100000786,1.0738487649650819,0.9992307692307691,496.9634890000036,0.5413708111818174,0.9992307692307691
497.35412500000774,1.1226861777498311,0.9992307692307691,497.2154220000036,0.5461928846040047,0.9992307692307691
497.59409100000767,1.2086382454703966,0.9992307692307691,497.4610080000036,0.5514424645476659,0.9992307692307691
497.8373520000078,1.3133324926137295,0.9992307692307691,497.72034800000387,0.555364158605523,0.9992307692307691
498.0918260000078,1.4164597161144623,0.9992307692307691,497.9598340000036,0.5558192807789382,0.9992307692307691
498.3367340000079,1.5064750910058997,0.9992307692307691,498.21550300000365,0.5504904805019609,0.9992307692307691
498.5817240000078,1.5770011670796453,0.9992307692307691,498.4491580000036,0.5378595829929191,0.9992307692307691
498.83106700000803,1.6222688570126222,0.9992307692307691,498.6991430000035,0.5176238504653425,0.9992307692307691
499.07859100000803,1.6381832855941945,0.9992307692307691,498.9451060000035,0.4908073794493323,0.9992307692307691
499.3266120000081,1.6275496308836321,0.9992307692307691,499.19318000000345,0.4601119033101056,0.9992307692307691
499.579441000008,1.5998615762754163,0.9992307692307691,499.44003400000344,0.4297184998469731,0.9992307692307691
499.829717000008,1.5681795621565164,0.9992307692307691,499.69819700000346,0.40406504195061116,0.9992307692307691
500.0767880000078,1.547038350421378,0.9992307692307691,499.93163800000366,0.3871383548689453,0.9992307692307691
500.31775700000804,1.550403331347786,0.9992307692307691,500.17587600000365,0.38296732254154287,0.9992307692307691
500.55933800000815,1.5870036036366484,0.9992307692307691,500.43442200000374,0.3942233217935257,0.9992307692307691
500.80823900000826,1.6536319007877198,0.9992307692307691,500.6782760000036,0.4188733866756661,0.9992307692307691
501.05370600000833,1.7332887018545673,0.9992307692307691,500.94156500000366,0.4497225390858722,0.9992307692307691
501.30317400000854,1.799791019708821,0.9992307692307691,501.1681910000038,0.47749013664377365,0.9992307692307691
501.55524300000855,1.8277611582061775,0.9992307692307691,501.4153840000039,0.49571636669453467,0.9992307692307691
501.8052850000087,1.8056888897270154,0.9992307692307691,501.6620910000038,0.5027223379395794,0.9992307692307691
502.04913500000856,1.7398055888964508,0.9992307692307691,501.91402500000385,0.5003680310507785,0.9992307692307691
502.3006800000086,1.649043398006249,0.9992307692307691,502.16605800000394,0.4917017567170122,0.9992307692307691
502.5516500000087,1.5598969019493494,0.9992307692307691,502.41016600000387,0.4792477315547532,0.9992307692307691
502.7880840000086,1.4991542899240389,0.9992307692307691,502.66125200000374,0.4641861060472994,0.9992307692307691
503.0406210000088,1.4871719436573267,0.9992307692307691,502.9100910000036,0.4463229044192664,0.9992307692307691
503.29592200000866,1.532229585380596,0.9992307692307691,503.1493510000037,0.4248835197577434,0.9992307692307691
503.5529630000087,1.628638637598376,0.9992307692307691,503.4012790000038,0.4000963498694934,0.9992307692307691
503.7782050000086,1.7590644837093115,0.9992307692307691,503.6517330000039,0.3745410522568818,0.9992307692307691
504.0458030000087,1.906510771948932,0.9992307692307691,503.9103290000037,0.3530527555470839,0.9992307692307691
504.2891340000088,2.0650179786415848,0.9992307692307691,504.1636410000036,0.3410009758396896,0.9992307692307691
504.5272310000087,2.2402770558529914,0.9992307692307691,504.4016710000036,0.3416828321971241,0.9992307692307691
504.7735980000087,2.445951334212674,0.9992307692307691,504.64056200000346,0.35621879298738485,0.9992307692307691
505.01484300000834,2.694892213654719,0.9992307692307691,504.88741300000345,0.38434207916723967,0.9992307692307691
505.26474300000825,2.9797162257195184,0.9992307692307691,505.1450040000036,0.4246895291353826,0.9992307692307691
505.51508500000824,3.2608187819547836,0.9992307692307691,505.3779060000035,0.47527648492688945,0.9992307692307691
505.7555830000081,3.487113793035859,0.9992307692307691,505.62533500000364,0.5339834832788971,0.9992307692307691
506.0147130000082,3.626395623989076,0.9992307692307691,505.8793270000039,0.5973401400512369,0.9992307692307691
506.2574310000084,3.673898053973762,0.9776923076923076,506.14094100000386,0.6607233992148784,0.9992307692307691
506.5006400000082,3.639313560569968,0.9923076923076922,506.369282000004,0.7226649963023748,0.9992307692307691
506.7605540000082,3.5339345919166734,0.9992307692307691,506.63040100000404,0.7879544365820355,0.9992307692307691
506.9919650000083,3.3686854866662284,0.9992307692307691,506.865234000004,0.8664427825719166,0.9992307692307691
507.24086100000835,3.1570713513825215,0.9992307692307691,507.117780000004,0.967847379882063,0.9992307692307691
507.5067410000084,2.916591132898955,0.9992307692307691,507.38032900000394,1.0938044603918922,0.9992307692307691
507.74338300000824,2.66869795377165,0.9992307692307691,507.611457000004,1.2328026480577645,0.9992307692307691
507.9918830000082,2.433464247672406,0.9992307692307691,507.8545330000039,1.3624127431032356,0.9992307692307691
508.23180100000803,2.2217389603529387,0.9992307692307691,508.107390000004,1.4588680264767717,0.9992307692307691
508.48263200000815,2.036363234254786,0.9992307692307691,508.34930100000406,1.5075718911440692,0.9992307692307691
508.72976800000805,1.8774622915014672,0.9992307692307691,508.601859000004,1.5078730713908537,0.9992307692307691
508.97610000000805,1.7436977096759076,0.9992307692307691,508.849904000004,1.4702183480151152,0.9992307692307691
509.221754000008,1.6336807872395438,0.9992307692307691,509.0906010000041,1.4078026313129692,0.9992307692307691
509.475066000008,1.5494572307362193,0.9992307692307691,509.3445970000043,1.3313950993522612,0.9992307692307691
509.7260480000081,1.4958710100829111,0.9992307692307691,509.5985760000042,1.2456229199047686,0.9992307692307691
509.97396700000803,1.4765303887979464,0.9992307692307691,509.8400540000041,1.1504630253293837,0.9992307692307691
510.2155530000081,1.489863641377549,0.9992307692307691,510.08243200000413,1.0478513943705643,0.9992307692307691
510.46745900000815,1.5248235310236604,0.9992307692307691,510.3300030000041,0.9460570061363354,0.9992307692307691
510.7189350000079,1.560839023216531,0.9992307692307691,510.5836700000042,0.8562849865179842,0.9992307692307691
510.96633600000786,1.573551575778077,0.9992307692307691,510.83987500000416,0.7856906391645114,0.9992307692307691
511.2148920000078,1.5476314530120676,0.9992307692307691,511.0767610000042,0.7330046433731274,0.9992307692307691
511.45261900000804,1.4850630311037227,0.9992307692307691,511.3177330000042,0.6903389944508082,0.9992307692307691
511.702612000008,1.3982818762338352,0.9992307692307691,511.5708500000042,0.6483156486957946,0.9992307692307691
511.9674240000078,1.302534051999666,0.9992307692307691,511.81478600000423,0.601414818234661,0.9992307692307691
512.2174070000079,1.2115217041718815,0.9992307692307691,512.0701240000041,0.5492091052356532,0.9992307692307691
512.446566000008,1.1379169372480562,0.9992307692307691,512.329314000004,0.4950858791376749,0.9992307692307691
512.705434000008,1.094730518073594,0.9992307692307691,512.5607460000039,0.4439650260499388,0.9992307692307691
512.9368760000082,1.097132593729719,0.9992307692307691,512.8071070000037,0.40055680468526733,0.9992307692307691
513.1837020000081,1.1638086800546437,0.9992307692307691,513.0637770000038,0.36799098278151804,0.9992307692307691
513.430990000008,1.3120266814969215,0.9992307692307691,513.313763000004,0.34676696001630797,0.9992307692307691
513.6835810000081,1.5464814526287616,0.9992307692307691,513.545453000004,0.33457101885088264,0.9992307692307691
513.9304190000082,1.8461333540165117,0.9992307692307691,513.794930000004,0.32725793740072157,0.9992307692307691
514.1728260000081,2.1610714490779785,0.9992307692307691,514.0439870000042,0.3214387505293011,0.9992307692307691
514.4293980000082,2.433203348626621,0.9992307692307691,514.293344000004,0.31609265939714754,0.9992307692307691
514.6733150000083,2.6219664099543962,0.9992307692307691,514.538927000004,0.31180239410980143,0.9992307692307691
514.9218830000085,2.7133108155158805,0.9992307692307691,514.7884270000039,0.309179796104677,0.9992307692307691
515.1694100000086,2.7142923243484725,0.9992307692307691,515.0483790000039,0.30834996926420377,0.9992307692307691
515.4147770000084,2.64072592070478,0.9992307692307691,515.284173000004,0.3086335185456364,0.9992307692307691
515.6666540000083,2.5082824867072206,0.9992307692307691,515.5231790000041,0.3085350718157194,0.9992307692307691
515.9096820000085,2.328094317724896,0.9992307692307691,515.7733180000041,0.3066643154314017,0.9992307692307691
516.1557220000087,2.114246399330312,0.9992307692307691,516.0167390000042,0.30243375900511565,0.9992307692307691
516.4048070000089,1.8901646430642085,0.9992307692307691,516.271813000004,0.296439518448976,0.9992307692307691
516.6537540000089,1.6830140394553266,0.9992307692307691,516.5192470000038,0.29012330711234435,0.9992307692307691
516.895244000009,1.5150061107790147,0.9992307692307691,516.7646790000039,0.2844395645017564,0.9992307692307691
517.152156000009,1.396410897177717,0.9992307692307691,517.0118420000036,0.27962707577724893,0.9992307692307691
517.400185000009,1.325421693478884,0.9992307692307691,517.2603960000037,0.2754516748053964,0.9992307692307691
517.636377000009,1.2963397947119504,0.9992307692307691,517.5053850000039,0.2714008675623815,0.9992307692307691
517.887402000009,1.3045275355674115,0.9992307692307691,517.7593690000037,0.26680923424963404,0.9992307692307691
518.1378070000092,1.345274245656503,0.9992307692307691,518.0077560000038,0.2619888172964732,0.9992307692307691
518.3903810000091,1.412386167986811,0.9992307692307691,518.2696750000041,0.2580549543265657,0.9992307692307691
518.6388630000091,1.496028668672654,0.9992307692307691,518.4989360000038,0.2562893952751209,0.9992307692307691
518.8777600000094,1.5829979367165499,0.9992307692307691,518.7435960000038,0.2576863973065913,0.9992307692307691
519.1277210000095,1.6631661044097108,0.9992307692307691,518.996934000004,0.26221094102291653,0.9992307692307691
519.3717090000096,1.73046068413244,0.9992307692307691,519.245193000004,0.2686078332990172,0.9992307692307691
519.6346040000097,1.7830480026185191,0.9992307692307691,519.4895330000037,0.2752970575373222,0.9992307692307691
519.8788690000097,1.825739883573584,0.9992307692307691,519.7367370000037,0.28099494649952855,0.9992307692307691
520.1176260000097,1.8667609054389251,0.9992307692307691,519.9799870000038,0.28487351770660774,0.9992307692307691
520.3697030000097,1.910650686121931,0.9992307692307691,520.2301610000039,0.28713610495290176,0.9992307692307691
520.6055670000097,1.9554728479907726,0.9992307692307691,520.4901450000038,0.2890710152205877,0.9992307692307691
520.8627130000099,1.9928004738708294,0.9992307692307691,520.7239590000038,0.29278020172520347,0.9992307692307691
521.1207670000098,2.013009858631932,0.9992307692307691,520.9704230000038,0.3004961610362886,0.9992307692307691
521.3535610000098,2.0122517872620036,0.9992307692307691,521.2315630000037,0.313653780038889,0.9992307692307691
521.5950570000099,1.994619088779792,0.9992307692307691,521.4647740000036,0.3322521567091028,0.9992307692307691
521.8540320000099,1.96873256398032,0.9992307692307691,521.7143430000035,0.35404418775407603,0.9992307692307691
522.0990730000101,1.9444286910727766,0.9992307692307691,521.9685380000036,0.3746003162920714,0.9992307692307691
522.3389960000102,1.929164728544999,0.9992307692307691,522.2149600000038,0.38841004072665786,0.9992307692307691
522.5921150000105,1.9267124070225807,0.9992307692307691,522.4568350000039,0.39130886704602613,0.9992307692307691
522.8404430000103,1.937579286576293,0.9992307692307691,522.7134540000038,0.38279054276222113,0.9992307692307691
523.0814850000102,1.961623092845352,0.9992307692307691,522.956373000004,0.36609277087700176,0.9992307692307691
523.3369840000104,1.9970037865243189,0.9992307692307691,523.1922910000039,0.346233733622387,0.9992307692307691
523.5844750000102,2.036255789189705,0.9992307692307691,523.4522470000039,0.32725212479601956,0.9992307692307691
523.8304460000103,2.0686863484058047,0.9992307692307691,523.6896640000037,0.31049477605940734,0.9992307692307691
524.0823480000103,2.0829946545916145,0.9992307692307691,523.9372210000039,0.29548160961154823,0.9992307692307691
524.3254040000105,2.071166439614936,0.9992307692307691,524.1840950000038,0.28212686461357517,0.9992307692307691
524.5682870000107,2.033093912050682,0.9992307692307691,524.4340880000041,0.27097103578007753,0.9992307692307691
524.821421000011,1.976766741413362,0.9992307692307691,524.7226620000041,0.26279735518158875,0.9992307692307691
525.059336000011,1.9130661727689298,0.9992307692307691,524.9262160000033,0.2584404047865666,0.9992307692307691
525.3061780000114,1.8507625788672912,0.9992307692307691,525.1754320000028,0.25836122054317506,0.9992307692307691
525.5625880000113,1.790191850335303,0.9992307692307691,525.4186250000024,0.2622157328193273,0.9992307692307691
525.8131650000114,1.7228960831431477,0.9992307692307691,525.6679330000022,0.26891609238662517,0.9992307692307691
526.0615870000123,1.6418595454598974,0.9992307692307691,525.9289370000023,0.27717297241752537,0.9992307692307691
526.3040400000122,1.5464211520505748,0.9992307692307691,526.1609610000022,0.28611581974340056,0.9992307692307691
526.5514900000122,1.4431430020372984,0.9992307692307691,526.408758000002,0.2953997537305484,0.9992307692307691
526.7938970000122,1.345228990459276,0.9992307692307691,526.6566160000019,0.3045886872864233,0.9992307692307691
527.0478830000123,1.2691901441047109,0.9992307692307691,526.9021160000018,0.3126691868747115,0.9992307692307691
527.3100370000127,1.2316451837289812,0.9992307692307691,527.1471210000018,0.31814224311559763,0.9992307692307691
527.543031000013,1.2443951844064332,0.9992307692307691,527.396093000002,0.31988187801687734,0.9992307692307691
527.7900020000129,1.307568965497779,0.9992307692307691,527.6544940000019,0.3177724229618224,0.9992307692307691
528.0393070000127,1.4089601665391298,0.9992307692307691,527.8957500000016,0.31341007435009577,0.9992307692307691
528.2861240000127,1.52868559978347,0.9992307692307691,528.147207000002,0.3091998064570524,0.9992307692307691
528.535339000013,1.6467925405705637,0.9992307692307691,528.3931640000018,0.3072188011255251,0.9992307692307691
528.7809360000126,1.7461054000920475,0.9992307692307691,528.6371140000018,0.3095185545779953,0.9992307692307691
529.0224670000124,1.8147582397200486,0.9992307692307691,528.8855600000016,0.3175450698840675,0.9992307692307691
529.2737950000127,1.8487693142715,0.9992307692307691,529.1387400000017,0.33122918350826835,0.9992307692307691
529.5224110000128,1.8509035275383687,0.9992307692307691,529.3827000000017,0.34830196941505986,0.9992307692307691
529.7679630000129,1.8263763608411585,0.9992307692307691,529.6269530000015,0.3648260435078345,0.9992307692307691
530.0337060000129,1.7809446820780948,0.9992307692307691,529.8774240000016,0.3764989948830699,0.9992307692307691
530.2620480000129,1.7191412663596484,0.9992307692307691,530.1228630000022,0.38070182599637,0.9992307692307691
530.5097140000125,1.6468539815584813,0.9992307692307691,530.3873510000025,0.3779734282142504,0.9992307692307691
530.7616450000127,1.5764379614489277,0.9992307692307691,530.6170640000026,0.3717014878915596,0.9992307692307691
531.0040560000126,1.5245506418233938,0.9992307692307691,530.8727750000028,0.366926425468575,0.9992307692307691
531.2584290000127,1.506897608422281,0.9992307692307691,531.1263620000028,0.36861599410549917,0.9992307692307691
531.4994620000125,1.530828596559008,0.9992307692307691,531.3658600000027,0.3799908668095654,0.9992307692307691
531.7475130000126,1.5874904101657854,0.9992307692307691,531.6044150000031,0.40255553338010186,0.9992307692307691
531.9974470000124,1.6521477514144318,0.9992307692307691,531.857373000003,0.43513806053674203,0.9992307692307691
532.2433920000124,1.6955862981959697,0.9992307692307691,532.1033510000032,0.4730649841954352,0.9992307692307691
532.4908040000121,1.6991368994165172,0.9992307692307691,532.3636860000031,0.508739787111532,0.9992307692307691
532.7438230000123,1.664596124999253,0.9992307692307691,532.5991580000031,0.5342597510577762,0.9992307692307691
532.9834410000119,1.615698932592197,0.9992307692307691,532.8401340000031,0.543477676544007,0.9992307692307691
533.2359920000118,1.588250001143924,0.9992307692307691,533.0917300000033,0.5337042426693265,0.9992307692307691
533.4748530000119,1.6087309075080594,0.9992307692307691,533.3365280000032,0.506392498866727,0.9992307692307691
533.7367910000125,1.6726593296689807,0.9992307692307691,533.591685000003,0.4668580618784707,0.9992307692307691
533.9807060000124,1.7480729380089621,0.9992307692307691,533.835039000003,0.42196459334825814,0.9992307692307691
534.2172290000124,1.801996581104683,0.9992307692307691,534.0873810000032,0.3795453116786421,0.9992307692307691
534.4666650000124,1.8177647674417126,0.9992307692307691,534.3308190000029,0.3475301729295852,0.9992307692307691
534.7138430000124,1.7952953810241548,0.9992307692307691,534.5807520000028,0.3322163943019496,0.9992307692307691
534.9857480000121,1.7445089429739675,0.9992307692307691,534.8252740000023,0.33663924420786373,0.9992307692307691
535.216253000012,1.6794547825739068,0.9992307692307691,535.0807180000027,0.3583214251043497,0.9992307692307691
535.461836000012,1.6148451025906756,0.9992307692307691,535.3220440000026,0.3878605146517156,0.9992307692307691
535.6997500000124,1.5616389170661007,0.9992307692307691,535.5640260000034,0.4126458913385793,0.9992307692307691
535.9566570000115,1.5256775661202011,0.9992307692307691,535.8176720000034,0.42284983295029116,0.9992307692307691
536.2052590000116,1.5110370467864718,0.9992307692307691,536.0676280000033,0.4153765920482581,0.9992307692307691
536.4414770000113,1.5247702200950326,0.9992307692307691,536.3095360000028,0.39349822804391577,0.9992307692307691
536.7054540000116,1.5804332127200886,0.9992307692307691,536.5543540000024,0.36372246417233334,0.9992307692307691
536.9544930000119,1.6918095815686718,0.9992307692307691,536.806413000002,0.33306337314528156,0.9992307692307691
537.192405000012,1.8602452204401523,0.9992307692307691,537.0539530000021,0.30699073458424625,0.9992307692307691
537.4379040000118,2.070835028751611,0.9992307692307691,537.3035030000017,0.2887531548289748,0.9992307692307691
537.6878690000115,2.3012466455932516,0.9992307692307691,537.5621590000017,0.2797140628657628,0.9992307692307691
537.9313660000117,2.534157779626997,0.9992307692307691,537.7976570000015,0.27931354286270865,0.9992307692307691
538.1845290000119,2.763028246142303,0.9992307692307691,538.0534810000017,0.2856457315483675,0.9992307692307691
538.429383000012,2.987772266895182,0.9992307692307691,538.2869670000017,0.2967537579355351,0.9992307692307691
538.672889000012,3.2023218041010475,0.9992307692307691,538.5433650000019,0.3113215157548897,0.9992307692307691
538.9212720000114,3.387859693329644,0.9992307692307691,538.7827830000014,0.32829069223444196,0.9992307692307691
539.169309000011,3.51667373634754,0.9992307692307691,539.0339060000013,0.3459852950390896,0.9992307692307691
539.420383000011,3.567073709476308,0.9992307692307691,539.2813040000016,0.36226452643083923,0.9992307692307691
539.6586910000105,3.5309308883657984,0.9992307692307691,539.5293040000014,0.3745285416469237,0.9992307692307691
539.9137020000103,3.418323714135652,0.9992307692307691,539.7786560000017,0.3809165303502625,0.9992307692307691
540.1550740000101,3.2536540361239723,0.9992307692307691,540.0228300000012,0.3817027140012262,0.9992307692307691
540.4015480000103,3.0619942739295,0.9992307692307691,540.2735640000013,0.3806916046972499,0.9992307692307691
540.6666470000109,2.8592194474867787,0.9992307692307691,540.5179390000011,0.38424064944813807,0.9992307692307691
540.9028340000109,2.650858037116828,0.9992307692307691,540.7645220000011,0.3978163200370048,0.9992307692307691
541.1484350000112,2.4377885553173284,0.9992307692307691,541.015424000001,0.42283293789409376,0.9992307692307691
541.4199270000111,2.224394482262915,0.9992307692307691,541.2614060000008,0.4560014455414439,0.9992307692307691
541.640810000011,2.0203618552959077,0.9992307692307691,541.521542000001,0.4904866370238802,0.9992307692307691
541.8927650000106,1.835434481224851,0.9992307692307691,541.7534820000005,0.5196432761371588,0.9992307692307691
542.139848000011,1.6756754888549579,0.9992307692307691,542.018638,0.540448606338946,0.9992307692307691
542.3857820000112,1.544873220638214,0.9992307692307691,542.249592,0.5553065312146462,0.9992307692307691
542.6641260000112,1.4460471717005117,0.9992307692307691,542.5014709999999,0.5707879554003653,0.9992307692307691
542.8832170000114,1.3852809114824618,0.9992307692307691,542.7444480000001,0.5938989639290144,0.9992307692307691
543.1287290000115,1.3703839666663702,0.9992307692307691,542.9984559999997,0.6270274385751861,0.9992307692307691
543.3806130000112,1.404904693372163,0.9992307692307691,543.2413579999998,0.6641897799424935,0.9992307692307691
543.6251620000114,1.4821131777521572,0.9992307692307691,543.4895650000004,0.6929570550414256,0.9992307692307691
543.8690770000115,1.5799795002700474,0.9992307692307691,543.7384390000001,0.7015649933816841,0.9992307692307691
544.1251870000115,1.666992409944356,0.9992307692307691,543.9814559999999,0.6854682605086442,0.9992307692307691
544.3623990000109,1.7205852470310856,0.9992307692307691,544.2319319999996,0.6474171778719942,0.9992307692307691
544.623847000011,1.735751307814359,0.9992307692307691,544.4829849999999,0.5946226613708653,0.9992307692307691
544.8774700000113,1.717260546970086,0.9992307692307691,544.7278799999998,0.536208979054266,0.9992307692307691
545.1148740000111,1.6729774792056347,0.9992307692307691,544.9750829999997,0.48096021158357927,0.9992307692307691
545.3683800000108,1.6124523439229244,0.9992307692307691,545.2189509999994,0.4347920013078468,0.9992307692307691
545.6057930000107,1.5470672447428282,0.9992307692307691,545.4713629999993,0.40023424793855006,0.9992307692307691
545.8656640000099,1.4892718871469617,0.9992307692307691,545.7313269999993,0.3776715633002503,0.9992307692307691
546.1076110000103,1.453376665842469,0.9992307692307691,545.9604269999987,0.36659490633875425,0.9992307692307691
546.3556350000102,1.451646190932893,0.9992307692307691,546.214970999999,0.36552409002768155,0.9992307692307691
546.5956230000107,1.4903837907362771,0.9992307692307691,546.4628539999991,0.37178172542655785,0.9992307692307691
546.8420370000105,1.567441962453082,0.9992307692307691,546.7044779999992,0.38238969072063345,0.9992307692307691
547.0891780000105,1.6696090651971942,0.9992307692307691,546.951539999999,0.39406163683145623,0.9992307692307691
547.3390050000106,1.7717714888900147,0.9992307692307691,547.1965359999996,0.40311988136465193,0.9992307692307691
547.5896310000104,1.8398518365277239,0.9992307692307691,547.4444279999992,0.40519982996208675,0.9992307692307691
547.8356500000101,1.8517402365782294,0.9992307692307691,547.7159799999991,0.39777700837238283,0.9992307692307691
548.0800920000104,1.8114955251569587,0.9992307692307691,547.943446999999,0.3826327292818174,0.9992307692307691
548.3274700000105,1.7409143222642025,0.9992307692307691,548.1844979999989,0.36528836250766644,0.9992307692307691
548.5773230000101,1.6643017029834293,0.9992307692307691,548.4419149999992,0.351415908913681,0.9992307692307691
548.8253740000101,1.5994424974948247,0.9992307692307691,548.6952459999992,0.3443807560346055,0.9992307692307691
549.08219200001,1.5588386165739077,0.9992307692307691,548.9477929999993,0.34469214435564405,0.9992307692307691
549.3246540000101,1.5484970336258508,0.9992307692307691,549.1864589999991,0.35115664927688894,0.9992307692307691
549.5671710000107,1.566618733294411,0.9992307692307691,549.4268019999987,0.36212603796189224,0.9992307692307691
549.8117330000107,1.602628782514752,0.9992307692307691,549.687344999999,0.37569255502805476,0.9992307692307691
550.0623220000114,1.6401000506918106,0.9992307692307691,549.9262659999993,0.3898297277653402,0.9992307692307691
550.3329380000115,1.6654518324020735,0.9992307692307691,550.1672819999998,0.40231538256617444,0.9992307692307691
550.5558190000116,1.6767113928331216,0.9992307692307691,550.4194219999997,0.41153266621127865,0.9992307692307691
550.8088740000119,1.6854265733805174,0.9992307692307691,550.6703659999996,0.4175428537786604,0.9992307692307691
551.0512590000118,1.705773519914236,0.9992307692307691,550.9122949999993,0.4220223958090943,0.9992307692307691
551.2971750000123,1.7432597837250576,0.9992307692307691,551.1531829999992,0.4271497652506794,0.9992307692307691
551.5495860000121,1.7932700529985945,0.9992307692307691,551.404657999999,0.4336657357609586,0.9992307692307691
551.7961880000124,1.8442761629401407,0.9992307692307691,551.6586519999985,0.4412344166682062,0.9992307692307691
552.0462230000119,1.883470038235461,0.9992307692307691,551.9060129999988,0.4482696237246475,0.9992307692307691
552.3016430000124,1.8992058745813671,0.9992307692307691,552.1520109999989,0.4522391004852158,0.9992307692307691
552.5390470000123,1.885114779630521,0.9992307692307691,552.3913079999988,0.45023370532566925,0.9992307692307691
552.7961620000125,1.8443266611038382,0.9992307692307691,552.6387279999985,0.43969658090310687,0.9992307692307691
553.0326650000122,1.790278977807522,0.9992307692307691,552.8885439999981,0.4194211810287315,0.9992307692307691
553.2921820000121,1.7419870212165722,0.9992307692307691,553.1411149999981,0.3912133729123723,0.9992307692307691
553.5431220000116,1.7142432147612285,0.9992307692307691,553.4152509999975,0.3605017366879302,0.9992307692307691
553.779709000012,1.707098063194889,0.9992307692307691,553.6336139999974,0.33488878173033,0.9992307692307691
554.0216970000118,1.7047591698072935,0.9992307692307691,553.8774769999976,0.32116379627252656,0.9992307692307691
554.2696900000116,1.6855044978129594,0.9992307692307691,554.1337139999974,0.32255873603192436,0.9992307692307691
554.519717000012,1.6383528935244362,0.9992307692307691,554.3807529999971,0.33802805638119315,0.9992307692307691
554.7639560000121,1.5691614604169695,0.9992307692307691,554.6326299999977,0.36396234312424297,0.9992307692307691
555.0129430000119,1.4940323007920722,0.9992307692307691,554.8827369999977,0.3951347161130972,0.9992307692307691
555.2615080000112,1.4320926703641725,0.9992307692307691,555.1154569999976,0.42619573118829684,0.9992307692307691
555.5063510000114,1.3997661376828354,0.9992307692307691,555.3773799999976,0.4527777619433923,0.9992307692307691
555.7509710000114,1.4074832321502804,0.9992307692307691,555.6106279999975,0.47193899613903617,0.9992307692307691
556.0024570000116,1.4596613157657738,0.9992307692307691,555.8590319999972,0.4824385865954326,0.9992307692307691
556.2524220000115,1.5536248539957596,0.9992307692307691,556.1075689999973,0.4851456655219115,0.9992307692307691
556.4963370000116,1.6744331149182234,0.9992307692307691,556.3514079999972,0.4824769267109567,0.9992307692307691
556.7504170000112,1.7946440288304137,0.9992307692307691,556.6199519999974,0.4770306887975276,0.9992307692307691
556.9893800000107,1.8814264534783431,0.9992307692307691,556.8496949999977,0.4700823693563619,0.9992307692307691
557.2408460000108,1.9172984945526714,0.9992307692307691,557.096727999998,0.4609947928477601,0.9992307692307691
557.4876450000113,1.920333808908136,0.9992307692307691,557.3467199999983,0.4480452414840975,0.9992307692307691
557.7406820000118,1.9555976249258935,0.9992307692307691,557.5976569999985,0.4301192889038717,0.9992307692307691
557.979667000012,2.123556376991763,0.9992307692307691,557.8425889999984,0.406941269740298,0.9992307692307691
558.2310710000118,2.5018014241715543,0.9992307692307691,558.0889989999986,0.3795008292383233,0.9992307692307691
558.4751080000119,3.107668028499252,0.9992307692307691,558.3281069999983,0.3502783650945276,0.9992307692307691
558.7221140000116,3.892799022410474,0.8638461538461538,558.5838559999981,0.3220984306842173,0.9992307692307691
558.974054000012,4.7537132517947285,0.1942735042735043,558.8229919999983,0.29749560013864906,0.9992307692307691
559.2195510000121,5.552713643602457,0.0,559.0763379999987,0.27824578306292364,0.9992307692307691
559.4704910000121,6.15254533988882,0.0,559.3295979999982,0.26500876844052085,0.9992307692307691
559.7159290000121,6.45554369164923,0.0,559.5686779999979,0.2575119488839265,0.9992307692307691
559.976340000012,6.4286180765486485,0.0,559.8160149999981,0.254993425382947,0.9992307692307691
560.2118220000116,6.109253149399308,0.0,560.0631149999982,0.2565604341094654,0.9992307692307691
560.4593690000115,5.592837284372889,0.0,560.3176499999983,0.26130433819692483,0.9992307692307691
560.7062410000117,4.997228409510781,0.07000000000000002,560.5569679999991,0.26928053599939406,0.9992307692307691
560.9476990000119,4.421163058244887,0.4491452991452992,560.814052999999,0.2820521756995034,0.9992307692307691
561.2101510000124,3.908608018238769,0.8576923076923076,561.0694899999988,0.30147462514592693,0.9992307692307691
561.4433810000122,3.455675579648462,0.9992307692307691,561.3119839999982,0.32885719139611774,0.9992307692307691
561.697468000012,3.048462828134545,0.9992307692307691,561.5513379999983,0.36393116869239683,0.9992307692307691
561.9465620000119,2.6857792919327697,0.9992307692307691,561.7958219999985,0.40440311939167695,0.9992307692307691
562.1925330000121,2.370783662200886,0.9992307692307691,562.0428389999987,0.44614035725242995,0.9992307692307691
562.4415110000118,2.1039713040903423,0.9992307692307691,562.3029419999987,0.4845677325922041,0.9992307692307691
562.6801320000119,1.8824771539036642,0.9992307692307691,562.5443169999991,0.5168848382711153,0.9992307692307691
562.9387270000122,1.7026662410339242,0.9992307692307691,562.7876979999993,0.5431681245195349,0.9992307692307691
563.1811860000129,1.56619024422354,0.9992307692307691,563.0366209999991,0.5666528655071862,0.9992307692307691
563.4366300000129,1.483497581467374,0.9992307692307691,563.2845429999993,0.5910940545494465,0.9992307692307691
563.6714540000131,1.4692800329188622,0.9992307692307691,563.5365599999991,0.6161941037838952,0.9992307692307691
563.925631000013,1.5325877231830647,0.9992307692307691,563.7768729999988,0.6352362567055574,0.9992307692307691
564.1674760000132,1.6690589814223769,0.9992307692307691,564.0290049999993,0.6376097938633989,0.9992307692307691
564.4310240000133,1.8549677634015476,0.9992307692307691,564.2798659999996,0.616943015074705,0.9992307692307691
564.6614220000132,2.0473305569656057,0.9992307692307691,564.518400999999,0.5763309032285087,0.9992307692307691
564.9053960000132,2.1959070970273267,0.9992307692307691,564.7748389999992,0.5245153384953707,0.9992307692307691
565.1575310000136,2.274902726089363,0.9992307692307691,565.015779999999,0.4707758364955155,0.9992307692307691
565.4119090000136,2.3036347504722765,0.9992307692307691,565.2623749999992,0.4223883296140246,0.9992307692307691
565.6526390000134,2.3307522646553505,0.9992307692307691,565.5457569999992,0.38338044600292254,0.9992307692307691
565.9001630000131,2.3978925881301967,0.9992307692307691,565.7595509999992,0.3544914238751258,0.9992307692307691
566.1458290000129,2.5141518163742593,0.9992307692307691,566.0061299999998,0.3342441597873288,0.9992307692307691
566.4006640000132,2.64817672778595,0.9992307692307691,566.2504519999995,0.3205312589278801,0.9992307692307691
566.6527860000127,2.743504787395954,0.9992307692307691,566.4990139999998,0.3111224286680072,0.9992307692307691
566.8917450000125,2.7548043237926856,0.9992307692307691,566.7484679999997,0.3038972568028928,0.9992307692307691
567.1366760000128,2.673770955306411,0.9992307692307691,566.9970519999993,0.2964657835575675,0.9992307692307691
567.3904090000133,2.5222416174486133,0.9992307692307691,567.2471029999995,0.28650657749282415,0.9992307692307691
567.6346930000132,2.3333087065086957,0.9992307692307691,567.4874779999991,0.2727747190832905,0.9992307692307691
567.8872410000133,2.1389239556366113,0.9992307692307691,567.7350189999989,0.25603325104945424,0.9992307692307691
568.1346660000131,1.9656225459718568,0.9992307692307691,567.9934139999997,0.23876895947121035,0.9992307692307691
568.3815670000132,1.830616232211331,0.9992307692307691,568.2298199999998,0.22418077265772726,0.9992307692307691
568.6293300000132,1.7436235807013662,0.9992307692307691,568.482985,0.21484037825428953,0.9992307692307691
568.8857890000133,1.7079423745651399,0.9992307692307691,568.7468959999999,0.21171892811961457,0.9992307692307691
569.1148110000134,1.7172847327180087,0.9992307692307691,568.9732209999996,0.21392957454391798,0.9992307692307691
569.3672130000134,1.755371815730171,0.9992307692307691,569.2183389999998,0.21915775038750326,0.9992307692307691
569.6121850000134,1.802630057682327,0.9992307692307691,569.4636429999998,0.22471476561725684,0.9992307692307691
569.8652410000136,1.844826200048612,0.9992307692307691,569.7175209999997,0.22830405818527288,0.9992307692307691
570.1108530000134,1.8765428248194158,0.9992307692307691,569.9684980000001,0.22822760975488576,0.9992307692307691
570.3691180000137,1.8961807543135891,0.9992307692307691,570.2108759999999,0.22383165580206416,0.9992307692307691
570.6041120000133,1.9066502188185144,0.9992307692307691,570.4573539999997,0.21562224957828988,0.9992307692307691
570.8545950000125,1.9120214060296679,0.9992307692307691,570.7076169999995,0.2054098008031951,0.9992307692307691
571.0980530000127,1.9143400649348585,0.9992307692307691,570.9485759999997,0.19593505745420559,0.9992307692307691
571.3541410000129,1.9117395857710555,0.9992307692307691,571.2016269999997,0.19082374805852698,0.9992307692307691
571.5930690000132,1.9004709754511762,0.9992307692307691,571.4485320000001,0.19434378019039555,0.9992307692307691
571.8465600000133,1.8778214377499323,0.9992307692307691,571.6959960000002,0.2099975088398203,0.9992307692307691
572.1020560000131,1.843667909780863,0.9992307692307691,571.9633700000003,0.23830403544973025,0.9992307692307691
572.333582000013,1.8002840855085371,0.9992307692307691,572.2223930000005,0.27537628986886786,0.9992307692307691
572.5840040000132,1.751972477542508,0.9992307692307691,572.4438110000006,0.31376669934773915,0.9992307692307691
572.829467000013,1.702864642882261,0.9992307692307691,572.6899490000003,0.34519727649217113,0.9992307692307691
573.078065000013,1.6595069829506164,0.9992307692307691,572.9381490000004,0.363705630055881,0.9992307692307691
573.3246770000128,1.6324180228495906,0.9992307692307691,573.1912200000004,0.36741233101857884,0.9992307692307691
573.570603000013,1.631776618360754,0.9992307692307691,573.428786000001,0.35809839072083466,0.9992307692307691
573.8325280000125,1.6573401086302706,0.9992307692307691,573.6793000000007,0.3401895491965074,0.9992307692307691
574.0671110000125,1.7024463855309127,0.9992307692307691,573.9261760000012,0.3188851598698761,0.9992307692307691
574.3239180000123,1.7618661600601737,0.9992307692307691,574.1717070000012,0.297882225559165,0.9992307692307691
574.5638850000126,1.8326848794113297,0.9992307692307691,574.4290080000012,0.2790082081523245,0.9992307692307691
574.8218230000124,1.908414659558759,0.9992307692307691,574.6670610000014,0.26279609963389045,0.9992307692307691
575.0566430000127,1.9788721691900486,0.9992307692307691,574.9309990000008,0.2494212207891926,0.9992307692307691
575.3121070000127,2.033143462105248,0.9992307692307691,575.170749000001,0.23939550238611476,0.9992307692307691
575.5527420000127,2.061298326649995,0.9992307692307691,575.4121120000011,0.23346420723528774,0.9992307692307691
575.7991540000124,2.057381216032808,0.9992307692307691,575.6651760000008,0.23186234998715058,0.9992307692307691
576.0483800000121,2.0192631146446636,0.9992307692307691,575.9027500000012,0.23368611113286458,0.9992307692307691
576.2999490000119,1.9488781042043888,0.9992307692307691,576.1610570000009,0.23670483710112686,0.9992307692307691
576.5625080000118,1.8547387061904073,0.9992307692307691,576.4179610000014,0.23855961635443007,0.9992307692307691
576.7889750000113,1.7502812795639857,0.9992307692307691,576.6494200000009,0.23807269103354595,0.9992307692307691
577.0349050000112,1.6517904993084018,0.9992307692307691,576.8953520000007,0.235450846486434,0.9992307692307691
577.2833460000111,1.5751454304283357,0.9992307692307691,577.1419100000002,0.23160227128057273,0.9992307692307691
577.5327490000113,1.5321015902428565,0.9992307692307691,577.3902970000003,0.22779255515323177,0.9992307692307691
577.7834550000113,1.52972553012887,0.9992307692307691,577.635797,0.22531371774228337,0.9992307692307691
578.0269980000115,1.570199331813125,0.9992307692307691,577.8827060000001,0.22535317943108665,0.9992307692307691
578.2740580000115,1.640303147405777,0.9992307692307691,578.1372419999998,0.228676406628173,0.9992307692307691
578.5274390000111,1.71064297493645,0.9992307692307691,578.380564,0.23546265959538987,0.9992307692307691
578.7685430000113,1.7497157396495424,0.9992307692307691,578.633098,0.2451969099446844,0.9992307692307691
579.0174410000114,1.7457192099366725,0.9992307692307691,578.8738099999995,0.2568858290472888,0.9992307692307691
579.2727300000112,1.7113354756509245,0.9992307692307691,579.1230459999994,0.2698160203104046,0.9992307692307691
579.5170940000106,1.6686938047996331,0.9992307692307691,579.3730339999997,0.28395168908022655,0.9992307692307691
579.7725500000107,1.6353386834443524,0.9992307692307691,579.6297069999995,0.2996761349330398,0.9992307692307691
580.0089600000111,1.6216194849013745,0.9992307692307691,579.8647159999994,0.3172074490757303,0.9992307692307691
580.251489000011,1.633377716069326,0.9992307692307691,580.1131309999994,0.33630883424501057,0.9992307692307691
580.5048920000108,1.6758935551433536,0.9992307692307691,580.3591859999993,0.35571876336126246,0.9992307692307691
580.7573040000111,1.7595352032108789,0.9992307692307691,580.6054649999993,0.3731361296820745,0.9992307692307691
580.9998270000115,1.9010615075723574,0.9992307692307691,580.8565779999991,0.3852219246649677,0.9992307692307691
581.2473790000113,2.111279812657167,0.9992307692307691,581.106049999999,0.3886697595046932,0.9992307692307691
581.4937720000111,2.3838173694299556,0.9992307692307691,581.3650859999989,0.38197336124356646,0.9992307692307691
581.7402620000108,2.6909021128569908,0.9992307692307691,581.6062119999989,0.3670544522734982,0.9992307692307691
581.9907360000112,2.9810357201961115,0.9992307692307691,581.8461499999992,0.34818228363812415,0.9992307692307691
582.2365890000113,3.1986454441615058,0.9992307692307691,582.0905919999996,0.3298508143251877,0.9992307692307691
582.4874690000113,3.30757215649103,0.9992307692307691,582.3465729999997,0.31487942757656173,0.9992307692307691
582.7302070000114,3.302489240941008,0.9992307692307691,582.5955799999999,0.303941618489179,0.9992307692307691
582.9947790000116,3.204085174877098,0.9992307692307691,582.8556479999996,0.29575994757539914,0.9992307692307691
583.2394150000115,3.046167348148199,0.9992307692307691,583.0885489999996,0.2887862985224318,0.9992307692307691
583.4707080000112,2.8577450511301796,0.9992307692307691,583.3296099999998,0.28239538866735986,0.9992307692307691
583.7218090000113,2.656330661676653,0.9992307692307691,583.5784889999992,0.27687099653624053,0.9992307692307691
583.9798240000116,2.453750016387648,0.9992307692307691,583.8284639999995,0.27276653104925824,0.9992307692307691
584.2351620000112,2.260009618978925,0.9992307692307691,584.0976719999994,0.2701869893544117,0.9992307692307691
584.4642630000105,2.0854379276063426,0.9992307692307691,584.3210169999993,0.2686852387813484,0.9992307692307691
584.7116740000105,1.93998128490525,0.9992307692307691,584.5735469999989,0.26768424240941885,0.9992307692307691
584.9690950000102,1.8266562386322864,0.9992307692307691,584.8191449999987,0.2668179472364941,0.9992307692307691
585.2171990000096,1.739379314341551,0.9992307692307691,585.0659069999987,0.2668702875174372,0.9992307692307691
585.4557490000097,1.6727849630361487,0.9992307692307691,585.3120599999988,0.26994206437620394,0.9992307692307691
585.7031900000096,1.622660823933199,0.9992307692307691,585.5609989999994,0.2783724660711478,0.9992307692307691
585.9507370000092,1.58717049122769,0.9992307692307691,585.8124809999994,0.29366337113369356,0.9992307692307691
586.2007120000095,1.5693053257628338,0.9992307692307691,586.0594169999994,0.31561288859499137,0.9992307692307691
586.4512560000098,1.577342256481813,0.9992307692307691,586.311177999999,0.3411109543386825,0.9992307692307691
586.7020920000098,1.6178600972865924,0.9992307692307691,586.561831999999,0.36336610060411684,0.9992307692307691
586.9375780000101,1.6869692425168676,0.9992307692307691,586.7962699999991,0.3744531781083752,0.9992307692307691
587.1931910000097,1.768714806842648,0.9992307692307691,587.0503329999993,0.37051167004609875,0.9992307692307691
587.4552600000094,1.8416763521276862,0.9992307692307691,587.3086219999989,0.35386317873158835,0.9992307692307691
587.6791300000096,1.889721945328979,0.9992307692307691,587.5448589999995,0.33029375432341856,0.9992307692307691
587.9355710000096,1.9089390650570297,0.9992307692307691,587.7938259999996,0.30539259686244247,0.9992307692307691
588.1759970000098,1.9037599305973347,0.9992307692307691,588.0312369999995,0.2830571540110173,0.9992307692307691
588.4253190000101,1.88423702181676,0.9992307692307691,588.2872129999995,0.26591804838311905,0.9992307692307691
588.6721970000103,1.863627515252976,0.9992307692307691,588.5621889999995,0.2558643054870125,0.9992307692307691
588.9236500000103,1.8596696991134,0.9992307692307691,588.7776519999995,0.2542013545760635,0.9992307692307691
589.1742810000105,1.8926457186710632,0.9992307692307691,589.0279309999995,0.2611614160245654,0.9992307692307691
589.4155970000108,1.9729923342322675,0.9992307692307691,589.2779019999996,0.27472128215603814,0.9992307692307691
589.6687660000109,2.0819266650405894,0.9992307692307691,589.5185419999991,0.290699943708852,0.9992307692307691
589.9078050000111,2.1747539761423456,0.9992307692307691,589.766417999999,0.30451382934053306,0.9992307692307691
590.1587760000109,2.215759685352714,0.9992307692307691,590.0284519999988,0.31259618668342365,0.9992307692307691
590.4087850000111,2.2109576589557998,0.9992307692307691,590.2637299999984,0.31417835327268906,0.9992307692307691
590.6563300000115,2.1997895617721532,0.9992307692307691,590.5256259999985,0.3133270833680643,0.9992307692307691
590.906343000011,2.2261316715120074,0.9992307692307691,590.7630569999981,0.31821566194080275,0.9992307692307691
591.1458120000111,2.3076799116870546,0.9992307692307691,591.007414999998,0.3362742448279894,0.9992307692307691
591.3984870000106,2.4204431771708594,0.9992307692307691,591.2559839999983,0.3685891123517034,0.9992307692307691
591.64203200001,2.507712810369173,0.9992307692307691,591.5118749999982,0.4093642645122401,0.9992307692307691
591.9094600000103,2.5146903203665882,0.9992307692307691,591.7709389999981,0.4506128118449287,0.9992307692307691
592.1464290000104,2.427001379642355,0.9992307692307691,591.9964229999981,0.4863585826961068,0.9992307692307691
592.3840000000101,2.2714792312513983,0.9992307692307691,592.2427899999984,0.514536754258734,0.9992307692307691
592.6358970000098,2.0884170291953117,0.9992307692307691,592.4994409999981,0.5360272633495097,0.9992307692307691
592.88298400001,1.9112791195423984,0.9992307692307691,592.7443249999985,0.5530513090989796,0.9992307692307691
593.1364070000097,1.7608101059307888,0.9992307692307691,592.9932769999982,0.5665708182164915,0.9992307692307691
593.3808770000096,1.6450810842731765,0.9992307692307691,593.234303999998,0.5742188674279949,0.9992307692307691
593.6248370000098,1.5622336726477775,0.9992307692307691,593.4913359999981,0.5712669470560952,0.9992307692307691
593.8748390000097,1.50566819755665,0.9992307692307691,593.7269719999982,0.5531330065870326,0.9992307692307691
594.1212620000096,1.470306559093467,0.9992307692307691,593.977005999998,0.5189537886557141,0.9992307692307691
594.3683790000098,1.4548786875423372,0.9992307692307691,594.223446999998,0.47402316800683353,0.9992307692307691
594.6157450000098,1.461160112501943,0.9992307692307691,594.4734449999975,0.42840968221066333,0.9992307692307691
594.8647480000102,1.491673558725848,0.9992307692307691,594.724523999997,0.392696666706968,0.9992307692307691
595.1240590000101,1.5466127082878058,0.9992307692307691,594.979473999997,0.37366495401722877,0.9992307692307691
595.3727290000099,1.6210792847425712,0.9992307692307691,595.2148499999965,0.37188617239259547,0.9992307692307691
595.6132030000101,1.7053970113783292,0.9992307692307691,595.4648109999958,0.38284727840576743,0.9992307692307691
595.8525390000095,1.7891831188313048,0.9992307692307691,595.7137469999957,0.4006272574464508,0.9992307692307691
596.1056960000095,1.8646974906606149,0.9992307692307691,595.9566609999958,0.42153282494774275,0.9992307692307691
596.3437650000097,1.922714090639586,0.9992307692307691,596.205818999996,0.4446979442223923,0.9992307692307691
596.6051340000106,1.9509388587622876,0.9992307692307691,596.4556499999959,0.470277347176477,0.9992307692307691
596.8480660000107,1.9383435587037166,0.9992307692307691,596.7090619999959,0.4976170570934358,0.9992307692307691
597.088121000011,1.8851736628390978,0.9992307692307691,596.9579209999957,0.5250373821888956,0.9992307692307691
597.3380040000106,1.801083894530964,0.9992307692307691,597.1998449999961,0.5505050982610078,0.9992307692307691
,,,597.4398519999964,0.5720444180204329,0.9992307692307691
,,,597.6913599999958,0.5878449582483106,0.9992307692307691
,,,597.935275999996,0.597150706969328,0.9992307692307691
,,,598.1932829999967,0.599973464780974,0.9992307692307691
,,,598.4328759999964,0.5962992466643788,0.9992307692307691
,,,598.6762069999963,0.5855717425725863,0.9992307692307691
,,,598.9302919999964,0.5676631303956903,0.9992307692307691
,,,599.1816789999963,0.5437268514782294,0.9992307692307691
,,,599.4388109999965,0.5165113361015219,0.9992307692307691
,,,599.6738609999966,0.4897018766193507,0.9992307692307691
,,,599.9215109999966,0.4661691648053444,0.9992307692307691
,,,600.1650919999962,0.44686389074306226,0.9992307692307691
,,,600.4102019999959,0.43094997869453977,0.9992307692307691
,,,600.6614539999955,0.41728532070049795,0.9992307692307691
,,,600.9114369999958,0.4051797881709327,0.9992307692307691
,,,601.1569439999957,0.3938011755709821,0.9992307692307691
,,,601.4202999999957,0.3817753239536865,0.9992307692307691
,,,601.6492409999955,0.3676083450284144,0.9992307692307691
,,,601.9140719999958,0.35026614258295274,0.9992307692307691
,,,602.1472369999959,0.3297817692778753,0.9992307692307691
,,,602.4075669999959,0.3077109074971849,0.9992307692307691
,,,602.6452579999956,0.2867786841280242,0.9992307692307691
