condition 1 time (s),condition 1 tbr,condition 1 nai,condition 2 time (s),condition 2 tbr,condition 2 nai
4.376688000000003,37.93265301195704,0.0,4.336413000000004,32.974081219309085,0.0
4.596680000000002,37.49318386213025,0.0,4.583826000000008,32.59180235215359,0.0
4.8500680000000065,36.56077908140226,0.0,4.831864000000008,32.12012681495755,0.0
5.1107200000000095,34.891874258431486,0.0,5.093768000000003,30.107238699175383,0.0
5.349996000000004,32.73893713581495,0.0,5.3222830000000005,27.879087745343526,0.0
5.588013000000005,30.48467055101322,0.0,5.574801,25.850027631488484,0.0
5.844493000000007,28.35054951504136,0.0,5.820617000000001,24.16083341971011,0.0
6.077233000000002,26.316385502009794,0.0,6.066625000000003,22.76410746402633,0.0
6.322007000000001,23.615292778300965,0.0,6.315040000000005,21.343801073304924,0.0
6.570101999999998,20.375487297922863,0.0,6.567938000000007,19.184192923806407,0.0
6.8195190000000006,18.059664603378376,0.0,6.809046000000006,17.164416755452415,0.0
7.068419999999998,16.510153726384537,0.0,7.0568730000000075,15.735440173461907,0.0
7.311779999999996,15.401675129492954,0.0,7.3122050000000085,14.686820614767115,0.0
7.56077,14.448093636321264,0.0,7.553151000000011,13.879667595532872,0.0
7.810759000000003,13.439962955372504,0.0,7.81605700000001,13.194063590587486,0.0
8.051867000000005,12.315874098172447,0.0,8.04461500000001,12.48393135314937,0.0
8.301697000000006,11.090533877745443,0.0,8.30341600000001,11.678047323782769,0.0
8.547193000000012,9.822879200057848,0.0,8.54494100000001,10.799010631875465,0.0
8.807182000000019,8.588279513324567,0.0,8.793293000000013,9.881208047469624,0.0
9.04455200000002,7.4414745964926725,0.0,9.054374000000022,8.956885946920591,0.0
9.322546000000022,6.406577753162649,0.0,9.285224000000028,8.035398197800298,0.0
9.539988000000024,5.49406819047619,0.0,9.557151000000035,7.136329570615355,0.0
9.785624000000023,4.7101297607014985,0.0,9.783552000000036,6.27704497487447,0.0
10.034555000000024,4.051611212233207,0.0,10.025912000000037,5.466550825997706,0.0
10.299589000000028,3.509489782226581,0.0,10.282976000000035,4.715217925910652,0.0
10.541520000000025,3.0722218913922026,0.0,10.525381000000035,4.038764526496636,0.0
10.777529000000024,2.730109582369367,0.2284172661870503,10.77105400000004,3.4605119645524316,0.0
11.025119000000027,2.474538421998625,0.5017985611510791,11.025201000000042,3.0164386028450885,0.0
11.26906200000003,2.297537150746468,0.6696642685851321,11.263742000000041,2.737107464261948,0.22122302158273374
11.520110000000034,2.188270155171479,0.775179856115108,11.513741000000042,2.6284707776496985,0.33393285371702636
11.781712000000038,2.131076491157655,0.8339328537170264,11.756275000000041,2.6596307153070557,0.30515587529976024
12.019798000000032,2.106119574400207,0.8550873586844808,12.008658000000038,2.7681683326819253,0.1828537170263789
12.267176000000038,2.091867636170206,0.86896197327852,12.258805000000036,2.8834856756774214,0.08478931140801639
12.515642000000037,2.069149791745339,0.8874614594039054,12.50318300000003,2.9489494407352823,0.039311408016444
12.767125000000037,2.027106464198825,0.9244604316546762,12.761570000000034,2.93590748541141,0.05472764645426519
13.003645000000047,1.964125647729184,0.974563206577595,13.013894000000032,2.842091073989429,0.11485097636176768
13.252373000000045,1.8870408507730385,0.9999999999999999,13.237835000000034,2.684379089432383,0.28597122302158273
13.507314000000049,1.8085084720612223,0.9999999999999999,13.501597000000036,2.4939845510035945,0.47781774580335734
13.747820000000043,1.7432299622603709,0.9999999999999999,13.73807900000004,2.3108277873477046,0.6600719424460433
13.997729000000048,1.705587895735107,0.9999999999999999,13.988070000000045,2.172824725204382,0.7895683453237411
14.24123500000005,1.7026374200380445,0.9999999999999999,14.244044000000049,2.101548516872736,0.8612538540596093
14.506744000000046,1.733704080822419,0.9999999999999999,14.478475000000048,2.0916579509780813,0.86896197327852
14.747721000000045,1.7946099655132106,0.9999999999999999,14.734005000000048,2.1264038795576004,0.841127098321343
14.990577000000048,1.8806266886546306,0.9999999999999999,14.968395000000054,2.1845216363280744,0.7787769784172662
15.228120000000049,1.9861661919214957,0.9583761562178827,15.216292000000053,2.2413198369229312,0.7272182254196642
15.47977600000005,2.1040483929625338,0.856628982528263,15.459325000000051,2.2707558397840866,0.6948441247002398
15.72614400000005,2.2238098722193937,0.7416067146282974,15.709219000000049,2.2569665965013206,0.7128297362110313
15.976498000000051,2.332815063455061,0.6372901678657075,15.95853300000005,2.1969320167088924,0.7679856115107914
16.22163800000005,2.413221837032464,0.5629496402877698,16.201851000000048,2.099537968575415,0.8635662898252826
16.46725300000005,2.4471473189855546,0.5341726618705037,16.454627000000052,1.981360513519944,0.961459403905447
16.719157000000042,2.4270773048321894,0.5473621103117506,16.69668700000005,1.858963979097216,0.9999999999999999
16.98841400000005,2.359586709045586,0.6121103117505995,16.946004000000034,1.74315119861246,0.9999999999999999
17.21551600000005,2.2630151037476924,0.7068345323741009,17.205681000000034,1.6390697256341218,0.9999999999999999
17.461944000000038,2.1578049690771794,0.8039568345323742,17.44560100000003,1.5471841602049885,0.9999999999999999
17.700440000000043,2.058313513623585,0.8982528263103802,17.692875000000022,1.4739980990847679,0.9999999999999999
17.974115000000033,1.9699654572639043,0.9676258992805755,17.929352000000005,1.4327887198776743,0.9999999999999999
18.23006600000002,1.8914994432448629,0.9999999999999999,18.175282,1.4346928712093656,0.9999999999999999
18.499071000000015,1.8205996268171183,0.9999999999999999,18.438867999999985,1.4805253363680166,0.9999999999999999
18.688091,1.754822045290257,0.9999999999999999,18.677395999999966,1.5588732296962382,0.9999999999999999
18.936556999999986,1.689812779166886,0.9999999999999999,18.917917999999954,1.6498359354914964,0.9999999999999999
19.196623999999964,1.6218636570684888,0.9999999999999999,19.180273999999944,1.7319509186418756,0.9999999999999999
19.45527099999996,1.5496276596952567,0.9999999999999999,19.413137999999933,1.7892584267749538,0.9999999999999999
19.686488999999963,1.4784412664069702,0.9999999999999999,19.66015899999992,1.8153597164596977,0.9999999999999999
19.929389999999955,1.4199373945555143,0.9999999999999999,19.910613999999903,1.8136095078807113,0.9999999999999999
20.17580899999995,1.3881918461757277,0.9999999999999999,20.1590489999999,1.7932260683822712,0.9999999999999999
20.42744999999994,1.3934141504716666,0.9999999999999999,20.427997999999892,1.7641332930311315,0.9999999999999999
20.67091099999994,1.4347108484249975,0.9999999999999999,20.658502999999865,1.7328248137465827,0.9999999999999999
20.927255999999925,1.498776011027614,0.9999999999999999,20.90309599999986,1.7011621565887625,0.9999999999999999
21.172893999999932,1.565343190373147,0.9999999999999999,21.145965999999838,1.6695026657586824,0.9999999999999999
21.439647999999917,1.6134650422856487,0.9999999999999999,21.394041999999818,1.6390676840593894,0.9999999999999999
21.66885399999991,1.629875943161157,0.9999999999999999,21.641566999999803,1.6097874313381502,0.9999999999999999
21.9192769999999,1.61304462871656,0.9999999999999999,21.898363999999805,1.5790011944871962,0.9999999999999999
22.154757999999898,1.5701494943664833,0.9999999999999999,22.141569999999792,1.5449467408697632,0.9999999999999999
22.412231999999893,1.512294769534198,0.9999999999999999,22.385720999999776,1.511578022703921,0.9999999999999999
22.65830699999989,1.4504145929683077,0.9999999999999999,22.634800999999765,1.489417882894404,0.9999999999999999
22.902468999999893,1.3949344226886233,0.9999999999999999,22.882687999999753,1.495145513132225,0.9999999999999999
23.142403999999875,1.3550560118901678,0.9999999999999999,23.12163099999975,1.5467053396585224,0.9999999999999999
23.40038899999986,1.3391914453489515,0.9999999999999999,23.377164999999735,1.6540247196192026,0.9999999999999999
23.638493999999863,1.3552337913648265,0.9999999999999999,23.653054999999725,1.813873505971734,0.9999999999999999
23.88854699999986,1.408783985711688,0.9999999999999999,23.865597999999704,2.0101650855756175,0.9375642343268242
24.138726999999864,1.5027329630129242,0.9999999999999999,24.11236999999969,2.218997519211655,0.75
24.385497999999878,1.63867675096404,0.9999999999999999,24.360387999999674,2.4131016816391293,0.5629496402877698
24.653329999999865,1.8156104276747493,0.9999999999999999,24.607540999999657,2.560838349915218,0.40827338129496393
24.960724999999858,2.0235422515642165,0.9267728674203494,24.88183399999964,2.631418753619622,0.33153477218225413
25.247780999999836,2.239687623866013,0.7296163069544366,25.10143199999964,2.615146028672517,0.3495203836930455
25.42674099999983,2.433750988621332,0.5461630695443644,25.350895999999636,2.535083309198999,0.42985611510791366
25.616997999999835,2.5823542010093856,0.3806954436450839,25.59991499999963,2.4338955988973794,0.5461630695443644
25.889216999999828,2.681145281509482,0.289568345323741,25.84846999999962,2.3522815144678986,0.61810551558753
26.12078699999983,2.743483407963217,0.2080335731414868,26.104086999999602,2.315858682781502,0.6528776978417266
26.369265999999826,2.7924870082300752,0.15167865707434047,26.3423829999996,2.330474689251276,0.6396882494004796
26.608152999999806,2.8458579484184394,0.1102261048304214,26.590429999999582,2.383183373999773,0.5869304556354915
26.867927999999786,2.9097559568487474,0.07168550873586842,26.831341999999573,2.4492972692614767,0.5329736211031175
27.13926099999978,2.978545464318796,0.01618705035971221,27.083219999999567,2.498781151182463,0.46822541966426867
27.35111299999978,3.043624352770186,0.0,27.34320799999957,2.5085491001778997,0.4586330935251799
27.60257999999976,3.095867222074079,0.0,27.581276999999563,2.4693469109017,0.5053956834532375
27.84703599999976,3.12830773698162,0.0,27.82576499999955,2.3872662499664896,0.5857314148681056
28.105592999999743,3.136750965846838,0.0,28.091201999999544,2.2788874341244623,0.6876498800959233
28.34490699999972,3.121040262261829,0.0,28.32467199999953,2.1640099398258084,0.7979616306954437
28.58693799999971,3.0824819981588014,0.0,28.562631999999514,2.059774907969628,0.8974820143884891
28.8422029999997,3.01936698089271,0.0,28.81554099999951,1.9797913513394714,0.9630010277492291
29.105117999999685,2.928144092052837,0.06089414182939359,29.06601299999949,1.9325652017032904,0.9999999999999999
29.33456599999968,2.807161400788587,0.1410585817060637,29.30857099999948,1.9188593369611597,0.9999999999999999
29.586147999999664,2.6586281366295075,0.30875299760191843,29.556478999999463,1.9316166229498872,0.9999999999999999
29.828142999999667,2.4911323266659275,0.4802158273381294,29.801446999999467,1.95606510789536,0.9815005138746145
30.08926899999964,2.3167565627108537,0.6528776978417266,30.05291199999944,1.9747349053943242,0.9645426515930112
30.326003999999646,2.148132973920755,0.8183453237410073,30.295421999999427,1.9744272123465147,0.9653134635149023
30.572502999999646,1.992474298997981,0.9498972250770811,30.543938999999405,1.9480191993326845,0.9907502569373072
30.82939099999964,1.8504672291082265,0.9999999999999999,30.791324999999382,1.8963478310669613,0.9999999999999999
31.09436499999963,1.7191860855754015,0.9999999999999999,31.041946999999364,1.8280583103679735,0.9999999999999999
31.31933699999961,1.5954023196233338,0.9999999999999999,31.299055999999357,1.755184049062474,0.9999999999999999
31.563796999999607,1.478552152707092,0.9999999999999999,31.537782999999354,1.6881414275579594,0.9999999999999999
31.818243999999606,1.3748013671117305,0.9999999999999999,31.78039299999934,1.6320605004674835,0.9999999999999999
32.057130999999586,1.2943988385157528,0.9999999999999999,32.03419099999933,1.5893397117502177,0.9999999999999999
32.30514899999958,1.2452697532494934,0.9999999999999999,32.27604299999932,1.5592416772903641,0.9999999999999999
32.54900599999957,1.2253698865939682,0.9999999999999999,32.543319999999305,1.5348581943586617,0.9999999999999999
32.79653799999958,1.2228881209473208,0.9999999999999999,32.768096999999294,1.5097150091802154,0.9999999999999999
33.052504999999584,1.224281630879478,0.9999999999999999,33.01957599999929,1.4841591385800639,0.9999999999999999
33.2923869999996,1.223554845321559,0.9999999999999999,33.2627479999993,1.4658494445869568,0.9999999999999999
33.54723699999964,1.223919919311491,0.9999999999999999,33.513772999999304,1.4675718297703322,0.9999999999999999
33.78576599999962,1.231765605924928,0.9999999999999999,33.75509899999932,1.5053610187568158,0.9999999999999999
34.038774999999625,1.2521384095498396,0.9999999999999999,34.011119999999316,1.5940247265949083,0.9999999999999999
34.286352999999615,1.2863732586661916,0.9999999999999999,34.26008999999933,1.7399628853023485,0.9999999999999999
34.53376499999964,1.3312553051372253,0.9999999999999999,34.502786999999316,1.9331248227441722,0.9999999999999999
34.806144999999646,1.382619104464448,0.9999999999999999,34.74923899999933,2.1452712781517786,0.8195443645083933
35.04362499999966,1.4413977958066284,0.9999999999999999,34.99564899999931,2.335060929594735,0.6348920863309352
35.27356899999971,1.5182200462202198,0.9999999999999999,35.242804999999336,2.4693420189655675,0.5053956834532375
35.54098599999971,1.6323563643262864,0.9999999999999999,35.49281099999935,2.5380849524176528,0.42985611510791366
35.770964999999684,1.803006660875709,0.9999999999999999,35.74512799999936,2.5548759398516347,0.4130695443645084
36.02548399999969,2.039173939761401,0.9152106885919834,35.98252399999936,2.5432555493532556,0.42386091127098324
36.2703309999997,2.325489639733738,0.644484412470024,36.23395699999936,2.5226457023213467,0.44544364508393286
36.5233609999997,2.617070104643027,0.3447242206235013,36.48717999999936,2.5051289027199184,0.4634292565947242
36.76742499999971,2.8674558408205533,0.09403905447070911,36.727929999999354,2.495093840854023,0.47781774580335734
37.00326999999971,3.0579355225400846,0.0,37.01503199999936,2.491594642955487,0.4790167865707434
37.25615599999973,3.195973407403596,0.0,37.22493699999937,2.49000990119748,0.4802158273381294
37.49970399999977,3.291355396737177,0.0,37.477024999999365,2.4809084111819897,0.4946043165467625
37.74772199999977,3.349183919862836,0.0,37.714910999999375,2.4483881776635714,0.5329736211031175
38.00818999999977,3.372102133252819,0.0,37.97182299999938,2.382471349695008,0.5869304556354915
38.24700199999977,3.362459875266193,0.0,38.21228599999942,2.285214074598385,0.685251798561151
38.49297499999979,3.318432624467836,0.0,38.465340999999434,2.1754794337789356,0.7871702637889688
38.74913199999976,3.237226863385317,0.0,38.70721999999943,2.0756959308871092,0.8789825282631037
38.990985999999765,3.1185537727775263,0.0,38.952207999999445,1.999986729092127,0.9452723535457347
39.26205999999975,2.9653640797908025,0.026978417266187046,39.204488999999455,1.9524105126326188,0.9838129496402876
39.48642399999978,2.783661003424837,0.16247002398081536,39.44581699999945,1.9274034908526023,0.9999999999999999
39.7323069999998,2.5883573289297206,0.3770983213429257,39.69480499999948,1.9108308746877753,0.9999999999999999
39.97153099999977,2.4048815078224197,0.5689448441247001,39.94980499999949,1.884186317884996,0.9999999999999999
40.226296999999754,2.263719796703485,0.7044364508393285,40.20474999999951,1.834004803542032,0.9999999999999999
40.47034699999975,2.1905386385347416,0.7739808153477219,40.43441999999953,1.7611430675063464,0.9999999999999999
40.722933999999746,2.1940317413604213,0.7703836930455636,40.69380499999956,1.6780532457526705,0.9999999999999999
40.97967099999975,2.2550441527314207,0.7152278177458035,40.933140999999544,1.6054384786462814,0.9999999999999999
41.224281999999796,2.343215439344454,0.6252997601918465,41.17567199999954,1.5654307758647152,0.9999999999999999
41.46118299999979,2.43591785726044,0.5449640287769784,41.42166099999957,1.5759473923998844,0.9999999999999999
41.71361199999979,2.5180267376289946,0.4502398081534772,41.66970799999956,1.6451320200050463,0.9999999999999999
41.95360999999978,2.578705943504162,0.3854916067146283,41.92165199999958,1.7662758859671774,0.9999999999999999
42.20119699999976,2.6052044545522413,0.3591127098321342,42.17468099999956,1.9172073222311594,0.9999999999999999
42.467610999999756,2.584832902497317,0.37829736211031173,42.41066699999956,2.0654757967971,0.8936279547790339
42.69411199999973,2.516309460950427,0.4502398081534772,42.668246999999575,2.178499028608952,0.7823741007194245
42.951030999999766,2.4087198112456445,0.565347721822542,42.906172999999555,2.232948668714501,0.7332134292565947
43.19114399999975,2.2742844800031605,0.6900479616306954,43.15964699999953,2.2198333435045403,0.7488009592326141
43.43580299999978,2.1283376939341214,0.841127098321343,43.41301399999953,2.145740710122711,0.8195443645083933
43.709414999999794,1.986333407000807,0.9576053442959916,43.645571999999525,2.034055505094791,0.9213771839671119
43.93306699999978,1.8622259088399375,0.9999999999999999,43.89884499999953,1.9172954736034886,0.9999999999999999
44.17820299999978,1.7658059494737604,0.9999999999999999,44.14274499999953,1.825089335595243,0.9999999999999999
44.42924399999981,1.7021017550271818,0.9999999999999999,44.393217999999514,1.7765476204233086,0.9999999999999999
44.680560999999784,1.671104596876273,0.9999999999999999,44.644629999999516,1.7733344457833131,0.9999999999999999
44.93339099999977,1.6682170865318313,0.9999999999999999,44.88615499999951,1.8006037557334809,0.9999999999999999
45.1959809999998,1.685397529159948,0.9999999999999999,45.1391979999995,1.8301771515767185,0.9999999999999999
45.41950699999979,1.7128718014527515,0.9999999999999999,45.3800979999995,1.837612971189315,0.9999999999999999
45.684140999999784,1.7422305149861355,0.9999999999999999,45.63340699999948,1.8121593872671709,0.9999999999999999
45.91610199999978,1.768711807891083,0.9999999999999999,45.874176999999506,1.7558983421950753,0.9999999999999999
46.19195299999976,1.7916983768819437,0.9999999999999999,46.12844599999952,1.6800588118766822,0.9999999999999999
46.41332299999979,1.8124450885631185,0.9999999999999999,46.3727399999995,1.5992932458415028,0.9999999999999999
46.6549219999998,1.832887125343425,0.9999999999999999,46.62220399999949,1.5273773649472728,0.9999999999999999
46.90454699999981,1.856381488647768,0.9999999999999999,46.8721409999995,1.4731733344628506,0.9999999999999999
47.1464389999998,1.8885622703308589,0.9999999999999999,47.11040299999947,1.438101232988636,0.9999999999999999
47.40399999999982,1.9349971365606853,0.9999999999999999,47.357751999999465,1.4168289080149357,0.9999999999999999
47.64426299999982,1.9970136633833184,0.947584789311408,47.618973999999454,1.401067474453296,0.9999999999999999
47.89821799999981,2.071131049780795,0.8866906474820143,47.870862999999446,1.3841163532797123,0.9999999999999999
48.14537499999983,2.149117220359569,0.8171462829736212,48.09929299999943,1.3646782122110888,0.9999999999999999
48.38496099999982,2.219510732728231,0.75,48.354238999999424,1.346741216506847,0.9999999999999999
48.641592999999844,2.272478763930231,0.6924460431654678,48.59260199999943,1.3358257502806234,0.9999999999999999
48.88091599999983,2.304460099805377,0.6648681055155876,48.84207699999946,1.3334285311599043,0.9999999999999999
49.124366999999815,2.3184590464132366,0.6504796163069545,49.09501399999949,1.338027814882558,0.9999999999999999
49.40332399999982,2.3216094309556707,0.6480815347721822,49.33803599999949,1.3477323942740682,0.9999999999999999
49.643925999999816,2.321683082346132,0.6480815347721822,49.590823999999486,1.3608563873799615,0.9999999999999999
49.8955569999998,2.3246139969340764,0.6456834532374102,49.84210199999949,1.3761159550671997,0.9999999999999999
50.140080999999796,2.3321950523995065,0.6384892086330934,50.0810429999995,1.3937942914873351,0.9999999999999999
50.3688529999998,2.338881274516949,0.632494004796163,50.33471099999952,1.4160293537590787,0.9999999999999999
50.62141599999984,2.3368588002067128,0.6336930455635491,50.580448999999504,1.4464128378470236,0.9999999999999999
50.875390999999844,2.3272727848774246,0.6420863309352518,50.82160099999954,1.486703638534839,0.9999999999999999
51.11637399999986,2.319366023862141,0.6504796163069545,51.084090999999525,1.5289150603275434,0.9999999999999999
51.36490799999986,2.3240572271924007,0.6468824940047961,51.32346799999955,1.5537472318654317,0.9999999999999999
51.60318599999989,2.3441769803054417,0.6252997601918465,51.5633389999996,1.5421929384767383,0.9999999999999999
51.8622129999999,2.3676276637648255,0.6037170263788969,51.809831999999616,1.4894315978609398,0.9999999999999999
52.13670099999989,2.3680055749296143,0.6025179856115108,52.06274199999962,1.4048643581104545,0.9999999999999999
52.36551899999991,2.3155270141763,0.6528776978417266,52.31623199999964,1.3047272738737372,0.9999999999999999
52.5961199999999,2.2005023037572196,0.7607913669064749,52.565780999999625,1.2058354344749829,0.9999999999999999
52.842590999999906,2.0448643762565566,0.9121274409044193,52.8120809999996,1.123611007601221,0.9999999999999999
53.12288599999992,1.8914255716780788,0.9999999999999999,53.052016999999594,1.0705679525285805,0.9999999999999999
53.416782999999946,1.7832537932973391,0.9999999999999999,53.303345999999614,1.053701882245645,0.9999999999999999
53.63673199999993,1.7507317365821795,0.9999999999999999,53.55442499999962,1.0705894920930004,0.9999999999999999
53.85817899999993,1.8044887795502293,0.9999999999999999,53.7999479999996,1.1090337266502146,0.9999999999999999
54.08556899999996,1.9229941933106607,0.9999999999999999,54.0404069999996,1.1530182234115651,0.9999999999999999
54.342180999999954,2.0435135732213805,0.9121274409044193,54.29035099999959,1.1910446730057866,0.9999999999999999
54.61104699999994,2.088084831975429,0.8697327852004111,54.5322589999996,1.220909478954463,0.9999999999999999
54.873573999999955,2.0245557042869002,0.9260020554984583,54.78313499999961,1.2515854779312954,0.9999999999999999
55.09265099999994,1.8831557311515097,0.9999999999999999,55.03957299999963,1.298964574556384,0.9999999999999999
55.38095999999994,1.7169506794005784,0.9999999999999999,55.27908099999962,1.3761579270476032,0.9999999999999999
55.60641899999997,1.5681622254624303,0.9999999999999999,55.537588999999585,1.4826143219964765,0.9999999999999999
55.837524999999935,1.4605890576220977,0.9999999999999999,55.772600999999575,1.6006931867196048,0.9999999999999999
56.06511499999994,1.4053947045185597,0.9999999999999999,56.01747999999957,1.7062878661624796,0.9999999999999999
56.29571799999995,1.4058840348823103,0.9999999999999999,56.266258999999586,1.782404735570723,0.9999999999999999
56.55908699999995,1.4576472452036486,0.9999999999999999,56.51336499999959,1.8298169265596724,0.9999999999999999
56.79214499999997,1.5429357473338974,0.9999999999999999,56.76004499999958,1.8660846790734156,0.9999999999999999
57.039165000000004,1.627644997010201,0.9999999999999999,57.018092999999574,1.918291473055639,0.9999999999999999
57.29407700000002,1.6771122869384572,0.9999999999999999,57.265168999999574,2.0109071867001163,0.9367934224049331
57.527177000000044,1.6777982895176682,0.9999999999999999,57.501617999999574,2.1447014297605627,0.8207434052757794
57.805123000000044,1.6337828381179136,0.9999999999999999,57.749229999999564,2.2878495092627342,0.6816546762589928
58.04760800000003,1.5547110506774218,0.9999999999999999,58.00137799999957,2.3998695335342988,0.5737410071942446
58.280599000000045,1.4514788675179018,0.9999999999999999,58.24326599999958,2.4633928644512095,0.5149880095923262
58.53310100000005,1.336751675614445,0.9999999999999999,58.49004799999959,2.488749475094731,0.48381294964028776
58.80739200000005,1.2238008884315192,0.9999999999999999,58.73928699999959,2.4980877702998185,0.4718225419664268
59.09537300000002,1.124222708244322,0.9999999999999999,58.988225999999614,2.508541638892403,0.4586330935251799
59.27765400000003,1.0466764400400164,0.9999999999999999,59.2395899999996,2.5253117761945645,0.4418465227817746
59.51812499999999,0.9976342295677266,0.9999999999999999,59.485139999999596,2.53942563155868,0.4274580335731415
59.76114299999999,0.9815932621214368,0.9999999999999999,59.73087499999962,2.5332882789620124,0.434652278177458
60.01948499999998,1.0012258322839593,0.9999999999999999,59.979446999999645,2.490816058153883,0.4802158273381294
60.25203399999999,1.058202030353781,0.9999999999999999,60.23594399999966,2.4093460151891604,0.565347721822542
60.54599299999998,1.163045225145936,0.9999999999999999,60.46793699999967,2.3008047760668764,0.6684652278177459
60.75001699999999,1.358512653703246,0.9999999999999999,60.719320999999645,2.1870149478359666,0.77757793764988
61.01952699999999,1.7158417699976831,0.9999999999999999,60.96963499999963,2.0885122932510125,0.8697327852004111
61.26928300000001,2.29274434384933,0.6744604316546763,61.21292699999961,2.01371841925899,0.9360226104830421
61.496309,3.0729579816836745,0.0,61.459816999999646,1.9616506387969852,0.9791880781089414
61.79269999999998,3.9523308022299872,0.0,61.70886999999965,1.9312185725965147,0.9999999999999999
62.036826999999946,4.790453222942451,0.0,61.96384599999964,1.92189933869199,0.9999999999999999
62.32838499999992,5.455571426677357,0.0,62.20382399999965,1.9330081895952176,0.9999999999999999
62.57835599999992,5.848504930947957,0.0,62.45181499999965,1.9589932960859775,0.9807297019527235
62.77481899999995,5.920878290938919,0.0,62.69233099999961,1.9959391141679528,0.947584789311408
63.007832999999955,5.687212892327318,0.0,62.93677699999958,2.049090215792785,0.9075025693730729
63.23732699999996,5.228190151073727,0.0,63.20863899999958,2.1289925933786176,0.8399280575539569
63.46499799999997,4.659771206729341,0.0,63.437133999999595,2.241520154449308,0.7272182254196642
63.717522,4.081172702826361,0.0,63.684406999999624,2.38085084320901,0.5881294964028777
63.96895200000001,3.544413551913147,0.0,63.9298279999996,2.533855094066491,0.43105515587529986
64.26645300000003,3.063399432135621,0.0,64.17367099999959,2.6842928800582153,0.28597122302158273
64.49552000000006,2.6423622972423817,0.3219424460431654,64.42260299999961,2.8170549619302196,0.13566289825282632
64.71038000000007,2.2859299219189135,0.6840527577937651,64.6762679999996,2.9230594252396984,0.06397738951695782
64.9664030000001,1.995726312163451,0.947584789311408,64.92019099999962,3.000355604358909,0.0030832476875642385
65.2304070000001,1.7695190626129667,0.9999999999999999,65.16754799999964,3.0546259963531206,0.0
65.48511000000009,1.6024665044029096,0.9999999999999999,65.41151699999963,3.092135729885065,0.0
65.73363600000006,1.4900092654505246,0.9999999999999999,65.66121399999965,3.1116188871648256,0.0
65.94821400000009,1.4315383852628025,0.9999999999999999,65.90925699999956,3.101438359449422,0.0
66.20023200000009,1.4304282954101604,0.9999999999999999,66.15427699999954,3.047137605702917,0.0
66.45609700000007,1.4882854926996292,0.9999999999999999,66.40480199999958,2.946833813782449,0.04239465570400824
66.6924070000001,1.5987397308621516,0.9999999999999999,66.64624599999959,2.813829180007613,0.13874614594039056
66.94582900000013,1.748807245152796,0.9999999999999999,66.89655199999959,2.6677080764997374,0.2979616306954437
67.18177800000012,1.9209601952001898,0.9999999999999999,67.14130499999963,2.5258347182663687,0.4418465227817746
67.47663500000016,2.096062558079111,0.8658787255909558,67.39126299999957,2.3991920013128873,0.5737410071942446
67.69662600000015,2.254047367796261,0.7164268585131894,67.63856599999959,2.28959466087724,0.6780575539568346
67.93659900000014,2.373817694834651,0.5965227817745803,67.89058799999955,2.188327115576678,0.775179856115108
68.17446000000021,2.4374133267647258,0.5413669064748201,68.13735299999956,2.0810334663966885,0.8758992805755396
68.4217650000002,2.44092916387997,0.5401678657074341,68.37754799999954,1.9569781136656852,0.9815005138746145
68.68733400000019,2.3949535580592958,0.577338129496403,68.62945499999954,1.8164174239215973,0.9999999999999999
68.91256800000019,2.316193486754038,0.6528776978417266,68.87689699999953,1.6760422963901416,0.9999999999999999
69.1616750000002,2.2251368222231656,0.7392086330935254,69.12814499999959,1.557411015024937,0.9999999999999999
69.41523800000023,2.14484535445536,0.8207434052757794,69.38115599999963,1.470406294758779,0.9999999999999999
69.66293900000025,2.098003484416703,0.8651079136690647,69.62795299999968,1.4113248697153784,0.9999999999999999
69.91084800000023,2.1017527636252895,0.8612538540596093,69.87197999999965,1.3727285036936925,0.9999999999999999
70.14839300000024,2.1623504062937844,0.7979616306954437,70.12077599999965,1.3487713710860871,0.9999999999999999
70.4108240000003,2.270621331232954,0.6960431654676259,70.36184199999967,1.3356311293390126,0.9999999999999999
70.69643000000028,2.4037770190033787,0.5701438848920863,70.60386699999968,1.329602638444938,0.9999999999999999
70.91077800000028,2.5315937394455554,0.43824940047961625,70.87132699999967,1.325503777070027,0.9999999999999999
71.18653200000024,2.6243415896469604,0.34232613908872905,71.10420299999969,1.3175688055685921,0.9999999999999999
71.46740000000021,2.656896286896224,0.30875299760191843,71.35173699999967,1.3040050336663995,0.9999999999999999
71.67452800000024,2.612230329412949,0.35191846522781767,71.60110799999968,1.288682644896713,0.9999999999999999
71.97144200000022,2.4853672700096507,0.4898081534772182,71.84906899999977,1.2780581034414609,0.9999999999999999
72.15941300000028,2.2914347815955804,0.6756594724220623,72.0964749999998,1.280263257362637,0.9999999999999999
72.39272500000027,2.0637192513716984,0.895940390544707,72.34052899999979,1.3059289942537562,0.9999999999999999
72.68244300000032,1.8376895668662154,0.9999999999999999,72.5899939999998,1.366025905126467,0.9999999999999999
72.90003600000037,1.641327257235628,0.9999999999999999,72.8354939999998,1.4643800439082248,0.9999999999999999
73.18166800000037,1.4920891137989964,0.9999999999999999,73.08182399999977,1.5918815248632154,0.9999999999999999
73.44102500000045,1.3968212547130754,0.9999999999999999,73.32532999999975,1.7245433095252911,0.9999999999999999
73.65161800000052,1.3533820245166415,0.9999999999999999,73.57905599999972,1.8288977869097467,0.9999999999999999
73.89954600000057,1.3511707334334244,0.9999999999999999,73.82355499999974,1.878506550770531,0.9999999999999999
74.1188730000006,1.3712916604711685,0.9999999999999999,74.08205599999978,1.869760277927012,0.9999999999999999
74.36333800000058,1.3905951346675722,0.9999999999999999,74.32088199999977,1.8232391793216132,0.9999999999999999
74.63509200000061,1.39151482776597,0.9999999999999999,74.56802699999974,1.7698341702972844,0.9999999999999999
74.86065100000062,1.3708137534343967,0.9999999999999999,74.81267399999969,1.7388038078938235,0.9999999999999999
75.11216700000058,1.3371102000456663,0.9999999999999999,75.06112399999971,1.750828886714166,0.9999999999999999
75.35252000000058,1.3025529005326844,0.9999999999999999,75.30344999999969,1.814898126785317,0.9999999999999999
75.59748500000056,1.2782685290744715,0.9999999999999999,75.55705399999974,1.9199977862935946,0.9999999999999999
75.84867800000055,1.2720053510484308,0.9999999999999999,75.8070499999998,2.031331520778328,0.9236896197327852
76.09105100000056,1.2894342605942004,0.9999999999999999,76.04893099999985,2.105996737473969,0.8550873586844808
76.38865900000056,1.3347390030150372,0.9999999999999999,76.29060599999994,2.1235319948699045,0.8435251798561151
76.58601200000054,1.409171854845482,0.9999999999999999,76.54656899999995,2.0936577789002873,0.8666495375128468
76.83410000000059,1.5086037018834209,0.9999999999999999,76.80724999999988,2.0384866828883306,0.9159815005138745
77.09423900000057,1.6265874910246,0.9999999999999999,77.04375699999996,1.9775284552680432,0.9637718396711201
77.35033100000065,1.7596982727925221,0.9999999999999999,77.28461499999997,1.924999485730768,0.9999999999999999
77.5868060000007,1.9086236753618664,0.9999999999999999,77.53169399999999,1.8889808244642505,0.9999999999999999
77.83593900000074,2.0733783077011854,0.8820657759506679,77.78845300000002,1.8715695084231023,0.9999999999999999
78.08868600000079,2.2495715355779096,0.7176258992805755,78.03083300000007,1.8689380634994996,0.9999999999999999
78.34224500000082,2.4213094565054565,0.554556354916067,78.28240200000008,1.872887699977762,0.9999999999999999
78.56866600000083,2.561353465563069,0.40827338129496393,78.5389110000001,1.876646532395874,0.9999999999999999
78.81910400000085,2.643063998192229,0.3219424460431654,78.7678400000001,1.8776812193969232,0.9999999999999999
79.13410200000085,2.65779593507168,0.30875299760191843,79.01694600000016,1.8832320026764757,0.9999999999999999
79.40307200000088,2.6175652321235843,0.3447242206235013,79.27469500000012,1.9095358471660855,0.9999999999999999
79.74961800000088,2.5409704183979813,0.4250599520383693,79.51533500000012,1.9688900577829243,0.9683967112024665
79.98096000000085,2.445872677679987,0.5353717026378897,79.76063800000013,2.0568577686783294,0.8982528263103802
80.37272700000086,2.3489011478548445,0.6193045563549161,80.00805800000012,2.159614818196756,0.8015587529976019
80.48334000000072,2.261640321671881,0.7080335731414868,80.25958200000014,2.268690021149523,0.6984412470023982
80.67422900000066,2.2366232677717037,0.7320143884892086,80.50267000000017,2.3813945788828925,0.5869304556354915
80.95376700000062,2.2097735944432024,0.7547961630695443,80.74941100000017,2.4921094500292886,0.4790167865707434
81.20112500000063,2.1408412578324736,0.8243405275779376,80.9934620000002,2.584658625236127,0.37829736211031173
81.45016900000066,2.0372172890508513,0.9175231243576567,81.24392900000024,2.6364880500437513,0.33033573141486816
81.68254000000066,1.9167006800766544,0.9999999999999999,81.49343600000029,2.632703029725967,0.33153477218225413
81.9284630000007,1.793066658423788,0.9999999999999999,81.75097500000035,2.5719987630550993,0.39268585131894485
82.23761800000064,1.6737628607998398,0.9999999999999999,81.98500200000034,2.4653190345688385,0.5137889688249401
82.45771800000067,1.5621440806537206,0.9999999999999999,82.23293700000035,2.3298930564921703,0.6408872901678657
82.75636700000065,1.4592896080847777,0.9999999999999999,82.49463100000034,2.185579688206803,0.7787769784172662
83.00622000000061,1.3653607860046344,0.9999999999999999,82.72732800000034,2.0541747903818814,0.9005652620760534
83.27298900000058,1.2806448981320493,0.9999999999999999,82.97119300000033,1.954943909228242,0.9830421377183967
83.56264600000056,1.206910787156217,0.9999999999999999,83.2318280000003,1.9008923606743675,0.9999999999999999
83.74030600000049,1.1515991799850616,0.9999999999999999,83.4797350000003,1.894699401731873,0.9999999999999999
84.05011000000047,1.0978386013672472,0.9999999999999999,83.7186700000003,1.9290008179481586,0.9999999999999999
84.23059900000044,1.0013122615817045,0.9999999999999999,83.96655300000033,1.987023722658995,0.9568345323741007
84.42753800000031,0.8992883316531639,0.9999999999999999,84.21300800000034,2.046524378192059,0.9105858170606371
84.68556000000027,0.823580888023884,0.9999999999999999,84.47700100000036,2.085710102059748,0.8712744090441932
84.87698000000023,0.7904815221068444,0.9999999999999999,84.70954700000033,2.092364615457602,0.8681911613566289
85.08887100000021,0.8062125600693978,0.9999999999999999,84.96098900000032,2.067349667297002,0.8890030832476875
85.34285400000023,0.8724209379027046,0.9999999999999999,85.20395200000033,2.0271986884784425,0.9244604316546762
85.55880300000018,0.9895337928128922,0.9999999999999999,85.4634190000003,1.9980086414006752,0.947584789311408
85.83194300000021,1.1586379271429785,0.9999999999999999,85.70064200000037,2.004058059943762,0.9429599177800616
86.17472200000024,1.38259238830363,0.9999999999999999,85.9556250000004,2.0574181213803024,0.8982528263103802
86.44092500000025,1.665998346244172,0.9999999999999999,86.21104500000041,2.1543494600619346,0.8087529976019187
86.67482200000029,2.0131188391681527,0.9360226104830421,86.44098300000046,2.278453806285312,0.6876498800959233
87.0161950000003,2.419274054316934,0.5557553956834532,86.68934200000051,2.402635333324622,0.5713429256594725
87.27515600000027,2.850364460130957,0.10714285714285716,86.93162200000056,2.4886817055370147,0.48381294964028776
87.51377600000022,3.190288451717596,0.0,87.18170700000059,2.5043649278338314,0.4646282973621103
87.65008300000001,2.9893769633096654,0.008478931140801614,87.43232800000065,2.4416237216205636,0.5401678657074341
88.05782400000004,2.5224047751928342,0.44544364508393286,87.67780900000068,2.315379891319938,0.6528776978417266
88.36079300000006,2.1273483436597562,0.841127098321343,87.93071900000068,2.1518351648342873,0.8099520383693045
88.53249999999987,1.8238470528804989,0.9999999999999999,88.17826200000069,1.9772014303808165,0.9637718396711201
88.85248199999985,1.5992576503055493,0.9999999999999999,88.42469800000072,1.811185283791675,0.9999999999999999
88.9777159999997,1.4421060949522007,0.9999999999999999,88.67388700000076,1.6659353005456987,0.9999999999999999
89.3135709999997,1.3426293472273962,0.9999999999999999,88.92187400000081,1.5471830702333127,0.9999999999999999
89.4697549999996,1.293977827109133,0.9999999999999999,89.16778700000076,1.4558553900843778,0.9999999999999999
89.70798399999958,1.291048904180414,0.9999999999999999,89.4235680000007,1.389539393332656,0.9999999999999999
89.96004999999954,1.3286607282114875,0.9999999999999999,89.6731230000007,1.3429560470208444,0.9999999999999999
90.13870399999948,1.396956574551845,0.9999999999999999,89.90758800000071,1.311076504441285,0.9999999999999999
90.36405999999944,1.4761846898263489,0.9999999999999999,90.15296400000068,1.2935052729808871,0.9999999999999999
90.66850199999946,1.5429806412075604,0.9999999999999999,90.40010500000068,1.292785445935065,0.9999999999999999
90.83988399999947,1.586014041179736,0.9999999999999999,90.6505550000007,1.309849447540964,0.9999999999999999
91.08296099999944,1.6123829646943935,0.9999999999999999,90.89604100000065,1.3414850948062504,0.9999999999999999
91.39871799999949,1.6382876454996955,0.9999999999999999,91.14893500000065,1.3782189664482452,0.9999999999999999
91.61869399999946,1.6790133795014817,0.9999999999999999,91.38556900000067,1.4099255767505874,0.9999999999999999
92.00916699999944,1.744307246411966,0.9999999999999999,91.64549800000073,1.4311663684252973,0.9999999999999999
92.29178999999938,1.838164654510269,0.9999999999999999,91.88705200000079,1.444436682713606,0.9999999999999999
92.59522899999939,1.9570747118419258,0.9815005138746145,92.1284210000008,1.4536017206148473,0.9999999999999999
92.71229599999914,2.084014270239524,0.8720452209660842,92.37936400000082,1.4531575099741574,0.9999999999999999
92.93185599999907,2.139988957032113,0.8243405275779376,92.63499900000073,1.4319611203983187,0.9999999999999999
93.248273999999,2.015791116828266,0.9337101747173688,92.87021600000078,1.3855835336094908,0.9999999999999999
93.36548199999896,1.792888422651975,0.9999999999999999,93.1298820000008,1.3208322752131225,0.9999999999999999
93.60961799999897,2.012776247149208,0.9360226104830421,93.37177200000086,1.2474872185137882,0.9999999999999999
93.85213899999903,2.243292526572602,0.7224220623501199,93.61375100000096,1.1742626341940858,0.9999999999999999
94.12535199999905,2.4467465290297885,0.5341726618705037,93.88324400000097,1.1073528638695866,0.9999999999999999
94.41271499999907,2.619822902130025,0.3447242206235013,94.10913800000101,1.0520438756368389,0.9999999999999999
94.68457799999909,2.7651643045834775,0.18645083932853712,94.354170000001,1.0149989502905086,0.9999999999999999
94.86567699999911,2.886650999359401,0.08093525179856113,94.608988000001,1.0051126236062478,0.9999999999999999
95.11771099999908,2.9882009634457773,0.008478931140801614,94.85491000000096,1.0321371234458938,0.9999999999999999
95.38614999999913,3.0734058174677084,0.0,95.10278000000093,1.1034421658638416,0.9999999999999999
95.60759699999912,3.145456999280399,0.0,95.34789300000095,1.2189060802233973,0.9999999999999999
95.82865099999918,3.2072006493387484,0.0,95.59074800000094,1.3675710512473274,0.9999999999999999
96.11704999999925,3.2612797229151558,0.0,95.84528000000086,1.526418971844608,0.9999999999999999
96.31945599999929,3.310397256843729,0.0,96.0902320000009,1.6645576696245454,0.9999999999999999
96.60457999999927,3.357950705817715,0.0,96.34254800000087,1.7557394983021393,0.9999999999999999
96.81365699999922,3.4097611191275465,0.0,96.58465900000084,1.7926583213815757,0.9999999999999999
97.07810199999925,3.4824450774983426,0.0,96.82995200000084,1.7886982008412147,0.9999999999999999
97.32473599999925,3.7425720729671954,0.0,97.09133700000089,1.7684971062289048,0.9999999999999999
97.58613699999927,12.699743871887305,0.0,97.32456700000091,1.7564790869866043,0.9999999999999999
97.8590839999993,18.14515779083237,0.0,97.57792300000092,1.7712943344946577,0.9999999999999999
98.09000599999935,21.853455950543555,0.0,97.82080400000092,1.8219867197165172,0.9999999999999999
98.31778699999933,24.245104558893118,0.0,98.06565800000097,1.9031088224508257,0.9999999999999999
98.64629899999935,25.711405250935528,0.0,98.31733000000098,1.9861740441065836,0.9583761562178827
98.84629599999938,25.275468490932646,0.0,98.55885100000098,2.0273627912966417,0.9244604316546762
99.04219999999935,23.98521440232616,0.0,98.81565000000099,2.001033738914056,0.9445015416238437
99.29963099999937,22.523323409148535,0.0,99.05968600000097,1.9167163178273525,0.9999999999999999
99.54116599999938,21.07983532971405,0.0,99.310827000001,1.803118987314434,0.9999999999999999
99.8114449999994,19.37779080924559,0.0,99.55032400000101,1.6897200839869557,0.9999999999999999
100.03631399999935,17.47489481663178,0.0,99.80635100000106,1.5986339799124496,0.9999999999999999
100.27784999999929,16.27047748298844,0.0,100.04683400000103,1.545552886478103,0.9999999999999999
100.52982499999929,15.382304855789421,0.0,100.30066800000104,1.5416149998695188,0.9999999999999999
100.78124899999932,14.54426106327999,0.0,100.54581500000106,1.5908329153956904,0.9999999999999999
101.04219899999937,13.70173748959623,0.0,100.80783900000105,1.6829904933047288,0.9999999999999999
101.27220599999941,12.871127831322891,0.0,101.04217100000105,1.7912060475621245,0.9999999999999999
101.5145839999994,12.073580223271481,0.0,101.28886400000106,1.8867997292063756,0.9999999999999999
101.77457499999946,11.337094818254917,0.0,101.55931800000101,1.957525778308901,0.9815005138746145
102.0240569999995,10.700191589696203,0.0,101.78284000000102,2.0041403187600753,0.9429599177800616
102.25707699999951,10.154268870395295,0.0,102.03762400000109,2.0311522214181785,0.9236896197327852
102.50783899999949,9.624666740023553,0.0,102.28886700000109,2.0402389570700903,0.9136690647482014
102.75382499999954,9.049129797952759,0.0,102.52810500000106,2.0298497248816245,0.9244604316546762
103.04607099999956,8.411174982515556,0.0,102.77227500000107,2.0023616451992456,0.9445015416238437
103.25013899999956,7.711725021655201,0.0,103.0287730000011,1.9704256843844594,0.9676258992805755
103.49666399999956,6.967865150670608,0.0,103.26871100000109,1.952469296782715,0.9838129496402876
103.75508299999954,6.218760853900101,0.0,103.51178600000111,1.961438500739674,0.9791880781089414
103.99855599999961,5.514573561174012,0.0,103.76319200000113,1.9996194092865083,0.9460431654676258
104.27196499999962,4.879851314002374,0.0,104.00871900000116,2.054537542987938,0.9005652620760534
104.49256599999958,4.316617475941879,0.0,104.25619600000115,2.09693977744948,0.8658787255909558
104.75769499999959,3.81967464440647,0.0,104.50699600000117,2.092847058372188,0.8681911613566289
104.98367699999963,3.3872286674108794,0.0,104.77002200000118,2.027563026481083,0.9244604316546762
105.22599499999966,3.0191615771596227,0.0,104.99949400000119,1.9143811571834526,0.9999999999999999
105.52954899999966,2.7153162511020903,0.25239808153477217,105.25290700000116,1.7806260425997442,0.9999999999999999
105.74498999999967,2.4723732588738927,0.5041966426858513,105.50288900000115,1.6511325213820955,0.9999999999999999
105.97320999999971,2.2855842462554046,0.6840527577937651,105.74297100000112,1.5431282137076214,0.9999999999999999
106.22359799999975,2.1468483745826696,0.8183453237410073,105.99300200000118,1.46711201620548,0.9999999999999999
106.46793899999979,2.0454913258940275,0.9121274409044193,106.23774400000126,1.4249534601145133,0.9999999999999999
106.7181509999998,1.9716156225389267,0.9668550873586844,106.48372100000122,1.4081615430028487,0.9999999999999999
106.98249299999978,1.9200861308156332,0.9999999999999999,106.73290000000127,1.3998147798750236,0.9999999999999999
107.22544999999978,1.890030758005945,0.9999999999999999,106.98285300000124,1.3834959612888313,0.9999999999999999
107.45980999999982,1.881011132223502,0.9999999999999999,107.22458200000128,1.3523933904598364,0.9999999999999999
107.70741399999982,1.8904778622840093,0.9999999999999999,107.48051100000131,1.3110699834010708,0.9999999999999999
107.95289699999977,1.9145274897894171,0.9999999999999999,107.72259700000129,1.2713718047869706,0.9999999999999999
108.21183599999978,1.9450345432003577,0.9915210688591983,107.9769180000013,1.247704797745539,0.9999999999999999
108.44773699999975,1.9699131579120126,0.9676258992805755,108.21800500000131,1.253119673342768,0.9999999999999999
108.72025799999982,1.9782268830497018,0.9637718396711201,108.46231100000129,1.296365349696357,0.9999999999999999
108.94956899999981,1.9659914745170133,0.9730215827338129,108.70723000000126,1.3810892527634082,0.9999999999999999
109.19016599999982,1.9369092195250164,0.9999999999999999,108.98232700000132,1.5007184744193571,0.9999999999999999
109.4445219999998,1.901883873113138,0.9999999999999999,109.22923400000137,1.6350820493875104,0.9999999999999999
109.68693399999984,1.8795371342626064,0.9999999999999999,109.45777100000137,1.754932442442334,0.9999999999999999
109.93756899999981,1.894365116654505,0.9999999999999999,109.70175000000137,1.836829258256616,0.9999999999999999
110.18249999999988,1.9729791115179602,0.9660842754367934,109.95817900000138,1.8711731797539513,0.9999999999999999
110.44165699999992,2.1360329970411867,0.8279376498800961,110.19876200000134,1.8618421473167714,0.9999999999999999
110.68290099999996,2.375838885246818,0.5965227817745803,110.44649300000138,1.8232718197749906,0.9999999999999999
110.919167,2.6403973026432976,0.32553956834532377,110.69570900000137,1.775466343001339,0.9999999999999999
111.17515600000003,2.8675464720226476,0.09403905447070911,110.93603200000136,1.7389814714486422,0.9999999999999999
111.42270000000006,3.0284336764377433,0.0,111.19000800000141,1.7292821865541712,0.9999999999999999
111.66509500000008,3.131701695476849,0.0,111.4383930000014,1.7469979439427326,0.9999999999999999
111.95471000000009,3.2027604776013487,0.0,111.68665400000145,1.7742308948805687,0.9999999999999999
112.16664600000011,3.266309154683029,0.0,111.93385600000146,1.7826837555654929,0.9999999999999999
112.42261700000012,3.3383972954129835,0.0,112.17983300000148,1.7529950995070789,0.9999999999999999
112.70343800000012,3.4336531430925676,0.0,112.43505400000149,1.6868565283928687,0.9999999999999999
112.90144300000013,3.5804660392540835,0.0,112.67190700000153,1.6017437521784872,0.9999999999999999
113.18527000000014,3.831743375125833,0.0,112.92132400000148,1.521236646516796,0.9999999999999999
113.39714400000008,4.243700566241323,0.0,113.17285300000151,1.466623335365123,0.9999999999999999
113.6459620000001,4.835145772174344,0.0,113.41883600000149,1.4495186880962356,0.9999999999999999
113.91834600000011,5.549593605000031,0.0,113.66137200000149,1.4701752691106895,0.9999999999999999
114.14927500000015,6.248539586038998,0.0,113.9113650000016,1.5220242735335505,0.9999999999999999
114.40927400000015,6.757303896883165,0.0,114.15776400000159,1.5973541838106207,0.9999999999999999
114.63827900000017,6.938146097586739,0.0,114.40925400000164,1.6912197495566652,0.9999999999999999
114.90263200000017,6.760730785642591,0.0,114.66016700000166,1.7990009280803605,0.9999999999999999
115.17273600000021,6.298330787670852,0.0,114.89784800000169,1.9147189012573937,0.9999999999999999
115.3927470000002,5.686271878428855,0.0,115.15176600000174,2.028844646049526,0.9244604316546762
115.62824400000024,5.058979143357578,0.0,115.40182300000177,2.1264477623980937,0.841127098321343
115.88407900000024,4.5045980115109945,0.0,115.64569200000176,2.1921766617273253,0.7727817745803357
116.12714000000022,4.045730150482104,0.0,115.89566600000171,2.2167560372443535,0.75
116.43653800000021,3.663629318530357,0.0,116.13757300000174,2.2022247574163547,0.7583932853717028
116.69977500000023,3.3340148100870595,0.0,116.39077800000173,2.1569015711722503,0.8063549160671463
116.9077170000003,3.0415783169970014,0.0,116.62620800000172,2.0874456164847484,0.8697327852004111
117.14216700000031,2.779113337018062,0.16486810551558756,116.89780900000171,1.9977311836228364,0.947584789311408
117.38209500000035,2.5440015810180037,0.42266187050359705,117.12612200000162,1.8920124817635622,0.9999999999999999
117.60307200000037,2.3375718822480698,0.6336930455635491,117.37515900000162,1.7765222305344435,0.9999999999999999
117.85806800000036,2.16510020764569,0.7979616306954437,117.62268900000164,1.6612693874420168,0.9999999999999999
118.10889000000036,2.0307674876718385,0.9244604316546762,117.86859000000165,1.5576854052967244,0.9999999999999999
118.3493400000003,1.9327663226995289,0.9999999999999999,118.11539500000167,1.475274248903327,0.9999999999999999
118.59258400000037,1.8628525907886453,0.9999999999999999,118.35416200000164,1.4176493216049377,0.9999999999999999
118.85776600000044,1.8094467017188962,0.9999999999999999,118.60475000000169,1.3827335124800069,0.9999999999999999
119.08923200000042,1.762751765330711,0.9999999999999999,118.85835100000166,1.368284155361352,0.9999999999999999
119.3537030000005,1.7142601047398989,0.9999999999999999,119.09922000000172,1.3739850964763247,0.9999999999999999
119.59828100000045,1.6587236919186106,0.9999999999999999,119.34566700000165,1.4001972973992138,0.9999999999999999
119.8329500000005,1.596951987490813,0.9999999999999999,119.59656800000165,1.449198120612675,0.9999999999999999
120.07964700000052,1.5323220750433397,0.9999999999999999,119.84850100000172,1.5233398046218898,0.9999999999999999
120.34089800000048,1.466403088236989,0.9999999999999999,120.10091100000173,1.6228158426933064,0.9999999999999999
120.57959400000047,1.398322848308165,0.9999999999999999,120.33442900000175,1.7439506607707354,0.9999999999999999
120.86670200000049,1.3272146515567853,0.9999999999999999,120.58250000000173,1.8839723161644144,0.9999999999999999
121.09074600000051,1.255540947697579,0.9999999999999999,120.83079900000176,2.0408328979967445,0.9128982528263103
121.33409000000049,1.1912078612208312,0.9999999999999999,121.07672800000168,2.2059455510227166,0.7559952038369305
121.61849000000049,1.1467773468165778,0.9999999999999999,121.33059600000166,2.3608870630055754,0.6097122302158273
121.84345000000044,1.13549116214458,0.9999999999999999,121.57053100000162,2.4865763505331326,0.4886091127098322
122.06649700000038,1.1652341455553685,0.9999999999999999,121.82859500000168,2.5707357908420105,0.3938848920863309
122.36409000000039,1.2331746118690208,0.9999999999999999,122.06773100000171,2.6093459520176117,0.35431654676258983
122.59804700000042,1.3259635362920892,0.9999999999999999,122.31361200000177,2.602892188899144,0.3639088729016786
122.89958000000046,1.424536911866935,0.9999999999999999,122.56755600000177,2.5520344135449062,0.41546762589928055
123.15554700000048,1.5150844606339873,0.9999999999999999,122.80688400000179,2.457869161036464,0.5185851318944844
123.45956800000046,1.5965386509707393,0.9999999999999999,123.05246900000184,2.326855027200218,0.6432853717026378
123.72103600000048,1.6785822166775202,0.9999999999999999,123.3048800000019,2.174183556631346,0.788369304556355
123.97441100000046,1.7735139595734744,0.9999999999999999,123.54846800000195,2.0207658451811996,0.9283144912641315
124.1738220000005,1.889514513362709,0.9999999999999999,123.79281200000196,1.888356073597058,0.9999999999999999
124.47342400000048,2.026968136559696,0.9244604316546762,124.04486400000202,1.792456780147908,0.9999999999999999
124.73721400000055,2.177287611515829,0.7835731414868106,124.29582000000201,1.7409770820700712,0.9999999999999999
124.91808400000049,2.3275929874021273,0.6420863309352518,124.56122300000203,1.7326502967314052,0.9999999999999999
125.16561500000049,2.4662697476144277,0.5113908872901679,124.78627400000201,1.759187188307595,0.9999999999999999
125.35212200000049,2.583909027378374,0.3794964028776979,125.03816700000205,1.8114878597096031,0.9999999999999999
125.56709000000052,2.6718073250733374,0.2943645083932853,125.27954100000207,1.885088515333611,0.9999999999999999
125.82609800000051,2.7210231602755215,0.2416067146282974,125.5311310000021,1.9816166538178188,0.961459403905447
126.10800200000054,2.722969979757776,0.23800959232613905,125.77562400000213,2.102719105349334,0.8604830421377183
126.36399200000054,2.67359048367333,0.2907673860911271,126.01818000000212,2.2439909561976914,0.7224220623501199
126.66008700000053,2.576163877967378,0.3878896882494005,126.2690570000021,2.390142581227195,0.5797362110311751
126.82136800000059,2.4425274025917663,0.538968824940048,126.5215750000021,2.510705651920767,0.4562350119904077
127.04290800000054,2.291644136823504,0.6744604316546763,126.76091900000213,2.5752904462120036,0.3890887290167866
127.36259100000052,2.144447374984897,0.8219424460431656,127.00998400000212,2.5777968512981846,0.3866906474820144
127.61565300000058,2.018837459960126,0.9283144912641315,127.25626200000218,2.5378335493943998,0.42985611510791366
127.91060000000057,1.9252722467074852,0.9999999999999999,127.49783500000221,2.4876439565875765,0.48381294964028776
128.10760700000063,1.8661161615655786,0.9999999999999999,127.75470000000226,2.460894411681143,0.5161870503597122
128.3210980000006,1.83791677759273,0.9999999999999999,127.99916400000237,2.4785368197945647,0.4958033573141487
128.53896300000062,1.833462460456515,0.9999999999999999,128.25158800000239,2.5434444754599435,0.42386091127098324
128.75787500000067,1.841310746213547,0.9999999999999999,128.4906330000024,2.6384820138585594,0.3267386091127098
129.03063100000065,1.8487047113224429,0.9999999999999999,128.7315350000024,2.7320622489842123,0.22721822541966427
129.3066440000007,1.8496413966053789,0.9999999999999999,128.9910760000025,2.7749936773971724,0.16966426858513192
129.5156480000007,1.8499576489056873,0.9999999999999999,129.2301370000025,2.7248509890317556,0.23321342925659466
129.76106600000074,1.8657193786218413,0.9999999999999999,129.48318800000249,2.5849710759216697,0.37829736211031173
130.0239910000007,1.9138283186056586,0.9999999999999999,129.72453400000254,2.391063713941719,0.5785371702637889
130.24153100000072,2.0042922509781325,0.9429599177800616,129.96956800000254,2.1844666440931326,0.7787769784172662
130.48570000000072,2.137642055081755,0.8279376498800961,130.22005200000254,2.0037720802811867,0.9429599177800616
130.7321140000007,2.3056822679235576,0.6648681055155876,130.46238000000258,1.880352616781397,0.9999999999999999
130.97566600000076,2.4966301770649006,0.473021582733813,130.7123590000026,1.834677040253298,0.9999999999999999
131.22205700000077,2.6976269573190965,0.27398081534772184,130.96481500000263,1.869169903061224,0.9999999999999999
131.46661500000081,2.896840564050725,0.07399794450154164,131.21124900000268,1.964261708067818,0.974563206577595
131.74661800000078,3.083744967033187,0.0,131.45379600000265,2.081880735413608,0.8751284686536485
131.96825700000065,3.250380365964179,0.0,131.70619600000268,2.1748632963940118,0.788369304556355
132.20967200000058,3.392686758637035,0.0,131.95305200000277,2.200607524889337,0.7607913669064749
132.4682260000005,3.5097829221588293,0.0,132.21559300000277,2.137310484565473,0.8279376498800961
132.70752400000046,3.598400064011138,0.0,132.4524650000026,1.9980333500755127,0.947584789311408
132.9505520000004,3.65227795294458,0.0,132.68840500000258,1.8229455287830718,0.9999999999999999
133.22688700000043,3.668453699179785,0.0,132.94208100000262,1.6541607265280631,0.9999999999999999
133.45691700000035,3.654830731072686,0.0,133.17989500000257,1.5179913074462852,0.9999999999999999
133.85933300000036,3.6280769969671876,0.0,133.43280900000255,1.4226810460778014,0.9999999999999999
134.0033180000002,3.603606387710245,0.0,133.67795700000258,1.3639176878636752,0.9999999999999999
134.22030300000014,3.5865678449526026,0.0,133.92741800000258,1.3310624908360078,0.9999999999999999
134.4564540000002,3.560962198832075,0.0,134.17496800000262,1.31221323120682,0.9999999999999999
134.68923900000013,3.497666204149471,0.0,134.42189100000266,1.2957694853275195,0.9999999999999999
134.98503500000004,3.3734264092586415,0.0,134.6668730000027,1.270649346309034,0.9999999999999999
135.18109500000006,3.1896866603720198,0.0,134.9114310000028,1.2309471905613294,0.9999999999999999
135.429495,2.9664327037629197,0.026207605344296028,135.16065100000284,1.1796937073768428,0.9999999999999999
135.71346000000003,2.7279779925195804,0.2308153477218225,135.42110500000283,1.1271715571986918,0.9999999999999999
135.939423,2.4996697087871595,0.46822541966426867,135.6549910000029,1.0861443244866875,0.9999999999999999
136.18194599999995,2.3065495643135434,0.6636690647482015,135.90492700000289,1.0677970044675613,0.9999999999999999
136.43058899999988,2.1691825885330993,0.7931654676258993,136.1534930000028,1.0782259236493454,0.9999999999999999
136.68202599999995,2.101294960661622,0.8612538540596093,136.39860000000277,1.1156414056763506,0.9999999999999999
136.9439439999999,2.1025921437447446,0.8612538540596093,136.64313600000278,1.1707895869994804,0.9999999999999999
137.19991899999988,2.1535849788491412,0.8099520383693045,136.89107500000284,1.2328041168360857,0.9999999999999999
137.40948099999986,2.21872572923218,0.75,137.14349100000285,1.2952720721646371,0.9999999999999999
137.6718629999998,2.261708877157622,0.7080335731414868,137.3960620000029,1.3573611431686436,0.9999999999999999
137.9356279999998,2.2629763669055727,0.7068345323741009,137.6385930000029,1.4215151121282767,0.9999999999999999
138.17443499999982,2.2255593123366526,0.7392086330935254,137.8815110000029,1.489955232217767,0.9999999999999999
138.41567499999982,2.1644180204007424,0.7979616306954437,138.12734000000285,1.5626807748324056,0.9999999999999999
138.6792219999998,2.0981216405355907,0.8651079136690647,138.37496600000284,1.6370389080120296,0.9999999999999999
138.90222399999976,2.042390141669971,0.9128982528263103,138.62569600000293,1.7091903737114986,0.9999999999999999
139.15658799999974,2.0062130493362105,0.9414182939362795,138.86324700000293,1.7761134661580642,0.9999999999999999
139.41151499999972,1.992737015656656,0.9498972250770811,139.1227310000029,1.8365224986819713,0.9999999999999999
139.64292399999965,2.015377922584828,0.9337101747173688,139.36824100000285,1.8904234299174987,0.9999999999999999
139.89575399999953,2.1011266245154294,0.8612538540596093,139.60675900000288,1.9369475076129206,0.9999999999999999
140.13977499999947,2.25963041356703,0.710431654676259,139.85596600000284,1.9708840516194424,0.9668550873586844
140.39841199999955,2.47466429269745,0.5017985611510791,140.10787400000282,1.981602295555925,0.961459403905447
140.65512699999954,2.7182366440824532,0.24760191846522778,140.36026000000282,1.9639665508070971,0.974563206577595
140.9061279999996,2.9556893794809596,0.03237410071942442,140.60230500000284,1.9265787011433508,0.9999999999999999
141.12326399999966,3.150624384715874,0.0,140.85422800000282,1.8890562107861233,0.9999999999999999
141.39771799999966,3.2756407427122207,0.0,141.09224100000282,1.871822188173395,0.9999999999999999
141.62577299999958,3.3187006344370302,0.0,141.3407210000028,1.8884640301254048,0.9999999999999999
141.89459699999958,3.279094169350152,0.0,141.59578500000276,1.9410793693555175,0.9961459403905446
142.1436649999995,3.162069991025347,0.0,141.84717700000266,2.020342998002257,0.9283144912641315
142.36364699999945,2.9847803419878955,0.012332990750256954,142.09578200000263,2.1118341516579053,0.8520041109969168
142.62977199999946,2.782965994143491,0.16247002398081536,142.33472600000255,2.2005839722765055,0.7607913669064749
142.84922999999947,2.599363362148331,0.3663069544364508,142.57330200000249,2.2727190949800558,0.6924460431654678
143.1096989999994,2.4612968103942414,0.5149880095923262,142.81611200000245,2.31940808417858,0.6504796163069545
143.35031499999943,2.378929787199958,0.5905275779376499,143.08402200000234,2.3322258168334438,0.6384892086330934
143.59618999999938,2.361483927701128,0.6097122302158273,143.31605500000245,2.3024828495249325,0.6660671462829737
143.84161699999933,2.415747044655719,0.5617505995203838,143.5668230000024,2.226622355554546,0.7392086330935254
144.09923999999927,2.5396150756046514,0.4262589928057554,143.81126800000234,2.115029261875564,0.8504624871531345
144.3514079999993,2.7140391973875646,0.25239808153477217,144.06223800000234,1.9879879237437559,0.9560637204522096
144.6113009999993,2.8961784806808564,0.07399794450154164,144.3042330000024,1.8644452230493511,0.9999999999999999
144.83162199999924,3.0186706213792,0.0,144.55988100000224,1.7584629034976893,0.9999999999999999
145.08544499999934,3.0237688525329443,0.0,144.79461300000224,1.6776148595836822,0.9999999999999999
145.33608299999935,2.9049983875112284,0.07245632065775952,145.0500770000022,1.6268208958768993,0.9999999999999999
145.6020529999995,2.6989055682093728,0.2715827338129496,145.29504900000228,1.6109380366529362,0.9999999999999999
145.8335909999995,2.4499016227937958,0.5317745803357313,145.54808500000226,1.6338669518301905,0.9999999999999999
146.11789299999958,2.1953829931081548,0.7703836930455636,145.78744200000224,1.693733477073073,0.9999999999999999
146.32093899999947,1.9635129853272713,0.975334018499486,146.03338900000236,1.780857240161616,0.9999999999999999
146.5778149999994,1.773526266464675,0.9999999999999999,146.28838300000245,1.8769568202041094,0.9999999999999999
146.8122939999995,1.6354813622710451,0.9999999999999999,146.52977600000247,1.9579618323882497,0.9815005138746145
147.1034509999995,1.5527766704021975,0.9999999999999999,146.78091200000236,1.9983414083961513,0.9468139773895169
147.31480899999954,1.5243293543774714,0.9999999999999999,147.02699100000237,1.9816662978642237,0.961459403905447
147.55230599999965,1.5431709229690438,0.9999999999999999,147.2795720000024,1.9143140474246043,0.9999999999999999
147.81191099999964,1.5933442160400537,0.9999999999999999,147.52260500000244,1.8257490333139184,0.9999999999999999
148.04869399999964,1.6575891239790541,0.9999999999999999,147.76397100000256,1.7496115824464433,0.9999999999999999
148.30721799999947,1.7233821609131805,0.9999999999999999,148.01689100000257,1.7037776972482268,0.9999999999999999
148.55217999999948,1.7846712808991712,0.9999999999999999,148.26687500000241,1.6884828173329969,0.9999999999999999
148.79570999999936,1.8381417096369732,0.9999999999999999,148.5139080000025,1.6933050217007088,0.9999999999999999
149.08263199999942,1.8804038948895854,0.9999999999999999,148.75987300000241,1.70566055706241,0.9999999999999999
149.2996689999995,1.9048522148457616,0.9999999999999999,149.00293800000236,1.714874268305636,0.9999999999999999
149.55107399999943,1.9019783861387183,0.9999999999999999,149.25288800000237,1.713299447228804,0.9999999999999999
149.78694399999932,1.862577275528266,0.9999999999999999,149.50579500000222,1.6975919118134706,0.9999999999999999
150.03292499999927,1.7850703106231862,0.9999999999999999,149.74683600000225,1.6686066376182849,0.9999999999999999
150.2950659999993,1.6779228517816986,0.9999999999999999,149.9933160000022,1.631416894740317,0.9999999999999999
150.5344679999993,1.5565105064238307,0.9999999999999999,150.25033900000207,1.5954451655704462,0.9999999999999999
150.77321799999933,1.4440230579793254,0.9999999999999999,150.48718800000208,1.5700864144037014,0.9999999999999999
151.0248129999993,1.3703926801593895,0.9999999999999999,150.74720000000204,1.5616631108045027,0.9999999999999999
151.27984199999923,1.3650290300345584,0.9999999999999999,150.98197800000207,1.5721439893530569,0.9999999999999999
151.5244439999992,1.4500381190352833,0.9999999999999999,151.22908900000206,1.600778294850219,0.9999999999999999
151.77119799999912,1.6347183679455684,0.9999999999999999,151.47747800000218,1.6438856532071229,0.9999999999999999
152.00782499999926,1.9112954644910616,0.9999999999999999,151.7263040000022,1.696357990302129,0.9999999999999999
152.26379499999933,2.2550169068348924,0.7152278177458035,151.9673360000022,1.7533857729366482,0.9999999999999999
152.50379199999927,2.621977258533669,0.3435251798561151,152.21871700000227,1.8123605570501917,0.9999999999999999
152.75942699999925,2.954479487333325,0.03468653648509764,152.46415200000231,1.8732005894811947,0.9999999999999999
153.0009519999992,3.199461676891434,0.0,152.71416000000227,1.934866836074506,0.9999999999999999
153.24902099999915,3.329712242688133,0.0,152.9692800000022,1.9906494590195734,0.9529804727646454
153.53759799999898,3.3556029605342754,0.0,153.2064240000022,2.0292853231427115,0.9244604316546762
153.75188299999883,3.304549424935462,0.0,153.45887000000218,2.040935595229317,0.9128982528263103
153.9925129999988,3.199876539706044,0.0,153.69884700000225,2.0241956907088854,0.9260020554984583
154.24332099999876,3.05723651150174,0.0,153.95512500000214,1.9904698428991034,0.9529804727646454
154.50439999999878,2.889109794762462,0.0778520041109969,154.19669400000222,1.961286343394639,0.9791880781089414
154.75656299999886,2.7121749010437095,0.25479616306954433,154.44269600000214,1.9587041468742372,0.9807297019527235
155.0065799999989,2.544286526786159,0.42266187050359705,154.69473200000218,1.988051961010577,0.9560637204522096
155.22940699999882,2.3987236911404826,0.5737410071942446,154.9353030000021,2.025040753375534,0.9244604316546762
155.4853599999988,2.282958681666723,0.6864508393285372,155.2126360000021,2.0277510296854824,0.9244604316546762
155.71986199999867,2.1997923035353497,0.7619904076738611,155.44504000000194,1.967038739086013,0.9714799588900308
155.96794399999862,2.1506136304889143,0.813549160671463,155.68294300000187,1.844393230463653,0.9999999999999999
156.2284569999986,2.134435900193546,0.8303357314148682,155.93073200000183,1.6829088099339164,0.9999999999999999
156.4646989999985,2.1499709765989157,0.815947242206235,156.17590000000177,1.511440483412808,0.9999999999999999
156.72680599999848,2.1974656365156973,0.7679856115107914,156.42722600000175,1.355091217195051,0.9999999999999999
156.96628599999852,2.2749231248715014,0.6888489208633094,156.6793930000018,1.2342239175843082,0.9999999999999999
157.20581999999843,2.371091141126133,0.5989208633093526,156.92577700000183,1.1626183170208304,0.9999999999999999
157.46319299999854,2.4675497311632544,0.5053956834532375,157.18163000000183,1.1420654115809856,0.9999999999999999
157.71100899999857,2.548664516688684,0.41546762589928055,157.41900500000187,1.1600622033773498,0.9999999999999999
157.9924239999985,2.605550826867981,0.3591127098321342,157.670625000002,1.1967944632440068,0.9999999999999999
158.1997339999985,2.634414928672006,0.33153477218225413,157.90613000000198,1.2357769852922238,0.9999999999999999
158.4643879999986,2.6355340862274024,0.33153477218225413,158.16655400000198,1.2686410637975187,0.9999999999999999
158.69836599999846,2.6124575963466574,0.35191846522781767,158.41653200000187,1.2958319483384702,0.9999999999999999
158.93546499999846,2.572485404904512,0.39268585131894485,158.6596220000018,1.3224637322954058,0.9999999999999999
159.18962799999844,2.531448037852091,0.43824940047961625,158.90405800000173,1.35324656098672,0.9999999999999999
159.43256599999836,2.5151872158654007,0.4502398081534772,159.14547800000156,1.3884382895161207,0.9999999999999999
159.69336199999833,2.547277551932001,0.4178657074340527,159.40201200000146,1.422782090514246,0.9999999999999999
159.9264849999983,2.6355736843779654,0.33153477218225413,159.6419620000015,1.4484065974749385,0.9999999999999999
160.17642799999834,2.7687460422650405,0.1804556354916067,159.89149900000143,1.459348099806245,0.9999999999999999
160.42239699999837,2.92690791645369,0.06089414182939359,160.1349570000014,1.4558801918808362,0.9999999999999999
160.6723779999983,3.0918632995337125,0.0,160.38181600000138,1.4445487544792637,0.9999999999999999
160.91761899999833,3.2489228729402875,0.0,160.6303810000013,1.4306478459379954,0.9999999999999999
161.18553399999828,3.398213509160304,0.0,160.88230000000146,1.4152378369640983,0.9999999999999999
161.42341899999843,3.5604537042002824,0.0,161.12732000000156,1.3998988021407006,0.9999999999999999
161.66425199999838,3.7696873361927565,0.0,161.3726430000015,1.3881933353895892,0.9999999999999999
161.90935799999838,4.040272835780171,0.0,161.62520900000143,1.3857842624719643,0.9999999999999999
162.15622399999822,4.3351940981212564,0.0,161.86660500000144,1.400404966559808,0.9999999999999999
162.4314239999982,4.567421266543023,0.0,162.11768600000138,1.4405079410239943,0.9999999999999999
162.65383499999822,4.655762836657384,0.0,162.36915900000142,1.5132310212810391,0.9999999999999999
162.89899399999834,4.573788422589158,0.0,162.60994300000155,1.6169641571198328,0.9999999999999999
163.14896299999822,4.350164916047052,0.0,162.85818100000148,1.739135770446979,0.9999999999999999
163.39484799999818,4.041539936139748,0.0,163.1049350000015,1.8599313996027949,0.9999999999999999
163.6579049999981,3.706697513844419,0.0,163.35453800000147,1.962111260841164,0.9776464542651593
163.8869009999982,3.3931677159857383,0.0,163.60443800000135,2.0366967527930777,0.9175231243576567
164.14080999999823,3.1337330267207366,0.0,163.85340000000127,2.080198781165969,0.8758992805755396
164.4121059999982,2.938982538997022,0.05318602261048307,164.10994500000123,2.0968130228898807,0.8658787255909558
164.64342799999827,2.791861936096964,0.15287769784172664,164.3406700000012,2.0972947732568685,0.8658787255909558
164.8922819999982,2.658453309104332,0.30875299760191843,164.58514200000124,2.0983968500549093,0.8643371017471736
165.12626399999812,2.5153224446996334,0.4502398081534772,164.84111900000119,2.1158138955587944,0.8483213429256595
165.3838329999981,2.3608311039593057,0.6097122302158273,165.07999000000117,2.1565195233064474,0.8063549160671463
165.63950899999804,2.202507830876399,0.7583932853717028,165.32918700000116,2.2151437662154674,0.7511990407673862
165.8774269999981,2.044466707797266,0.9121274409044193,165.57659900000112,2.2771282731121967,0.6876498800959233
166.11822999999814,1.8907075872895889,0.9999999999999999,165.82516100000112,2.324069845326531,0.6468824940047961
166.36677099999818,1.7477070386559486,0.9999999999999999,166.08207400000106,2.337116014794595,0.6336930455635491
166.6207429999982,1.6195355295528402,0.9999999999999999,166.32863800000112,2.299790034163618,0.6684652278177459
166.90736799999823,1.506798958668647,0.9999999999999999,166.57548600000112,2.2054980272660734,0.7559952038369305
167.1137209999982,1.4081554967784904,0.9999999999999999,166.8142870000011,2.0655039548154894,0.8936279547790339
167.35084699999817,1.3229309471421304,0.9999999999999999,167.065404000001,1.905601764303867,0.9999999999999999
167.6191969999982,1.2538794311281447,0.9999999999999999,167.30530300000098,1.7517738560918956,0.9999999999999999
167.84870099999807,1.2057731594539964,0.9999999999999999,167.55668600000098,1.6181816295377687,0.9999999999999999
168.09602699999803,1.183341578717188,0.9999999999999999,167.80670600000104,1.505608003441524,0.9999999999999999
168.352140999998,1.1903727186861723,0.9999999999999999,168.0546510000011,1.4072929508454344,0.9999999999999999
168.60701799999796,1.2264447379530474,0.9999999999999999,168.30207800000102,1.315938676042906,0.9999999999999999
168.86835199999803,1.2841418353512246,0.9999999999999999,168.55626300000097,1.2276511336488505,0.9999999999999999
169.09386499999803,1.3500967087615028,0.9999999999999999,168.800354000001,1.143791142297665,0.9999999999999999
169.33530099999803,1.4137722511531299,0.9999999999999999,169.04403300000095,1.0719870921243588,0.9999999999999999
169.58527999999802,1.4778638155415655,0.9999999999999999,169.2845210000009,1.023444555448219,0.9999999999999999
169.82980599999794,1.555443666241396,0.9999999999999999,169.5385700000009,1.0067767421995208,0.9999999999999999
170.1028129999979,1.6636591984055997,0.9999999999999999,169.78661800000086,1.0224070402223366,0.9999999999999999
170.3233239999979,1.8281551038867518,0.9999999999999999,170.0308380000008,1.0660214087880326,0.9999999999999999
170.57796099999766,2.0874868237251687,0.8697327852004111,170.28307100000075,1.132874441708157,0.9999999999999999
170.84651299999751,2.4774604567271377,0.4982014388489209,170.52710500000086,1.219127810776037,0.9999999999999999
171.07284999999754,2.9888253446479123,0.008478931140801614,170.7761460000008,1.323721643124954,0.9999999999999999
171.3157649999976,3.559332753206194,0.0,171.0265890000008,1.4440713153704932,0.9999999999999999
171.57433399999752,4.119034466559787,0.0,171.27157200000076,1.5730185845068263,0.9999999999999999
171.81152899999748,4.613015768694112,0.0,171.53412300000065,1.695758161995507,0.9999999999999999
172.0684279999973,4.995446505474802,0.0,171.7619750000006,1.791239855428381,0.9999999999999999
172.3133789999973,5.219153933689123,0.0,172.01229000000063,1.8423692558954643,0.9999999999999999
172.57824499999714,5.253310021970425,0.0,172.25470900000056,1.8466068529947106,0.9999999999999999
172.8257599999972,5.103311269477652,0.0,172.51467800000054,1.8149922266419833,0.9999999999999999
173.05472099999727,4.821091336778673,0.0,172.75574000000054,1.7657607501037766,0.9999999999999999
173.31996199999736,4.4902741799289565,0.0,173.00514300000057,1.7172101757032596,0.9999999999999999
173.55551999999727,4.183149198423166,0.0,173.26022600000067,1.6828088880134697,0.9999999999999999
173.79490799999726,3.924652247176916,0.0,173.49574600000062,1.6677552575850016,0.9999999999999999
174.03986799999717,3.7065365972595092,0.0,173.75581600000072,1.6693061353555783,0.9999999999999999
174.28796199999715,3.518884173009052,0.0,173.99082100000058,1.6808187975480469,0.9999999999999999
174.54193199999716,3.351553878483085,0.0,174.23730700000056,1.6953046210195168,0.9999999999999999
174.78594699999712,3.1890335888058132,0.0,174.4827650000006,1.7068939624961423,0.9999999999999999
175.03236399999713,3.0158124258931482,0.0,174.7322740000006,1.7110880814553875,0.9999999999999999
175.28336799999713,2.8227975655002755,0.13103802672147996,174.98007300000057,1.7041384216010427,0.9999999999999999
175.51984399999705,2.6117268702003087,0.35311750599520386,175.2361960000005,1.6824968607619961,0.9999999999999999
175.7751929999971,2.396734796241499,0.5749400479616307,175.4774700000005,1.6437153869780743,0.9999999999999999
176.029817999997,2.199453906387276,0.7631894484412469,175.73415300000053,1.5919881470856811,0.9999999999999999
176.26408499999692,2.0422834861437758,0.9128982528263103,175.9832790000006,1.542547050191624,0.9999999999999999
176.52151699999698,1.941018254287616,0.9961459403905446,176.21925600000066,1.51197030874643,0.9999999999999999
176.76146499999683,1.9038848042263408,0.9999999999999999,176.4753750000007,1.5074371435158003,0.9999999999999999
177.0099929999969,1.9311422029884884,0.9999999999999999,176.71624500000053,1.5259422305241284,0.9999999999999999
177.25206199999684,2.0084064250704965,0.9398766700924973,176.97619800000058,1.5598274348477583,0.9999999999999999
177.5013219999968,2.107787320120905,0.8543165467625898,177.20973700000062,1.5967851213451,0.9999999999999999
177.77060199999676,2.1968539388845185,0.7679856115107914,177.45473200000063,1.6213974092189973,0.9999999999999999
177.99908199999666,2.258687777709003,0.710431654676259,177.71035300000062,1.621892317874428,0.9999999999999999
178.24714599999666,2.3026176942166057,0.6660671462829737,177.95168900000056,1.5961566940054968,0.9999999999999999
178.49164299999674,2.3513365995234246,0.6193045563549161,178.20521300000067,1.5528728739953654,0.9999999999999999
178.7390549999968,2.418805618153935,0.5569544364508394,178.44855100000055,1.5059028798386063,0.9999999999999999
178.99708899999683,2.5013166321199676,0.4670263788968825,178.6940020000004,1.4691897551762232,0.9999999999999999
179.2362549999968,2.578443140111795,0.3854916067146283,178.94512300000048,1.4546128925254196,0.9999999999999999
179.48477499999666,2.6214690927934536,0.3435251798561151,179.19303600000046,1.4707487869637659,0.9999999999999999
179.7647829999966,2.60576969414759,0.3591127098321342,179.44109100000043,1.5186311707162825,0.9999999999999999
179.9821329999966,2.5243894908067017,0.4418465227817746,179.68718600000048,1.584768255424929,0.9999999999999999
180.2272479999966,2.39133889219649,0.5785371702637889,179.92856300000048,1.6397424619415248,0.9999999999999999
180.47209199999654,2.230311117329599,0.7332134292565947,180.19230400000043,1.656306297168302,0.9999999999999999
180.7379929999965,2.0650029439308764,0.8936279547790339,180.42903500000028,1.6298054348003723,0.9999999999999999
180.9848229999965,1.9121961529337024,0.9999999999999999,180.6745170000003,1.575641142498918,0.9999999999999999
181.21883399999652,1.7823654878819568,0.9999999999999999,180.9249890000002,1.5164470342464815,0.9999999999999999
181.47448199999639,1.6801255880444412,0.9999999999999999,181.17198100000027,1.4719898761847876,0.9999999999999999
181.72385799999634,1.6064304628369979,0.9999999999999999,181.43535800000012,1.4529051501752668,0.9999999999999999
181.9613739999963,1.5616856462522595,0.9999999999999999,181.66933300000005,1.4571486275197958,0.9999999999999999
182.2092629999963,1.54307093695538,0.9999999999999999,181.91271100000006,1.4695594110417667,0.9999999999999999
182.45922999999627,1.5477362040691218,0.9999999999999999,182.17024500000005,1.4691178874790156,0.9999999999999999
182.71017899999623,1.577098598232357,0.9999999999999999,182.40779200000006,1.4421818209580946,0.9999999999999999
182.95659099999628,1.6316234268891425,0.9999999999999999,182.65488500000004,1.389625470446262,0.9999999999999999
183.20010899999627,1.7055293945532692,0.9999999999999999,182.90195000000003,1.3244918690612497,0.9999999999999999
183.44647599999627,1.7903861304295063,0.9999999999999999,183.157366,1.2622282245066732,0.9999999999999999
183.69564399999624,1.8738663490759442,0.9999999999999999,183.39837599999993,1.2133924020155726,0.9999999999999999
183.93966099999628,1.9415703554514925,0.9953751284686536,183.64977700000006,1.1828549132654629,0.9999999999999999
184.2038519999962,1.9842159079038262,0.959917780061665,183.89783500000007,1.1732864722823078,0.9999999999999999
184.43681399999616,2.0032872123860446,0.9437307297019527,184.14329200000014,1.1869383223208878,0.9999999999999999
184.6821379999962,2.005300967911377,0.9421891058581705,184.38847700000014,1.2246672573413602,0.9999999999999999
184.92872699999614,1.9937083406345921,0.9491264131551901,184.64640500000013,1.2863366125493934,0.9999999999999999
185.19065099999608,1.9654191430522896,0.973792394655704,184.89039000000002,1.371271386227389,0.9999999999999999
185.4443919999961,1.914118907500816,0.9999999999999999,185.13248299999998,1.4758223163409312,0.9999999999999999
185.67093899999597,1.8352153368958728,0.9999999999999999,185.38441199999983,1.5911787185562796,0.9999999999999999
185.919783999996,1.7318434567087504,0.9999999999999999,185.6305749999998,1.7018811213090868,0.9999999999999999
186.17476799999616,1.616614371687998,0.9999999999999999,185.87432699999977,1.7895884984351775,0.9999999999999999
186.4136139999962,1.5099656916183348,0.9999999999999999,186.1208739999997,1.8404242353733407,0.9999999999999999
186.66159799999616,1.4334552141717194,0.9999999999999999,186.3742819999997,1.8507606535308814,0.9999999999999999
186.91579799999616,1.4093821891964475,0.9999999999999999,186.61729599999973,1.8290017611480645,0.9999999999999999
187.15575599999627,1.4580028274107926,0.9999999999999999,186.86425199999968,1.790469372420101,0.9999999999999999
187.41417599999633,1.597476609602074,0.9999999999999999,187.11632899999975,1.7496851287911552,0.9999999999999999
187.6536609999964,1.8380112463752,0.9999999999999999,187.35849699999974,1.718046814141743,0.9999999999999999
187.89351999999633,2.158934295819255,0.8015587529976019,187.6083859999999,1.706239276649086,0.9999999999999999
188.1483689999963,2.5065157067916046,0.46103117505995206,187.8592709999999,1.7237376551293837,0.9999999999999999
188.38948099999638,2.835846549330575,0.11947584789311404,188.10370699999999,1.7752525069782112,0.9999999999999999
188.65496299999631,3.1270063947258118,0.0,188.35433199999994,1.856727003705929,0.9999999999999999
188.88740699999641,3.374333787488276,0.0,188.59775400000004,1.9536504890021795,0.9830421377183967
189.13736199999641,3.5756787396395033,0.0,188.8444439999999,2.04164549604382,0.9128982528263103
189.37902999999642,3.72773033719017,0.0,189.10692699999996,2.0908362403215692,0.86896197327852
189.63588299999637,3.826460940972644,0.0,189.34897000000004,2.07964885746309,0.8758992805755396
189.87877999999642,3.865577348083151,0.0,189.59408400000004,2.006104418703617,0.9414182939362795
190.12841799999634,3.8405485135445705,0.0,189.834853,1.8875116614369407,0.9999999999999999
190.38229799999638,3.7525672311232707,0.0,190.08401499999994,1.7571564643045325,0.9999999999999999
190.63418599999642,3.612183629727639,0.0,190.3302749999999,1.6580677234162486,0.9999999999999999
190.87224399999644,3.4405349117192783,0.0,190.5794509999999,1.629126183205203,0.9999999999999999
191.12049299999637,3.262382063269963,0.0,190.83536199999978,1.6913389521405555,0.9999999999999999
191.36340799999633,3.09507760665734,0.0,191.07539899999972,1.8443609964011967,0.9999999999999999
191.61235499999637,2.9405589275837163,0.05241521068859197,191.3212709999997,2.0704005105123926,0.8866906474820143
191.8609459999965,2.78800880700676,0.157673860911271,191.57328899999968,2.3371511890314505,0.6336930455635491
192.10642099999646,2.624696851159937,0.34232613908872905,191.81772399999969,2.5992932555742194,0.3663069544364508
192.3554519999965,2.452804610313236,0.5293764988009593,192.0660029999997,2.8071996166446365,0.1410585817060637
192.5986339999964,2.2884795215747102,0.6816546762589928,192.31773399999963,2.9220712779070097,0.06474820143884892
192.8569979999964,2.150115487275564,0.815947242206235,192.55705799999956,2.9322178561651553,0.05858170606372045
193.1260429999963,2.048378904746819,0.909044193216855,192.80733099999958,2.852153789878167,0.10637204522096606
193.34154499999624,1.9806351268715159,0.962230215827338,193.05330299999954,2.7097019184983386,0.2619904076738609
193.5884129999963,1.9310067152203785,0.9999999999999999,193.30483999999947,2.5329917618097357,0.43705035971223016
193.83806099999617,1.8812907028985686,0.9999999999999999,193.5548469999993,2.3453980753283608,0.6229016786570745
194.0899729999962,1.8215677672685426,0.9999999999999999,193.7985919999992,2.1650269446645263,0.7979616306954437
194.33192799999637,1.7523365631639922,0.9999999999999999,194.04741699999929,2.01100613744872,0.9367934224049331
194.58255799999645,1.6785536072617,0.9999999999999999,194.28851199999912,1.9071226244799553,0.9999999999999999
194.82543099999634,1.6038567012946445,0.9999999999999999,194.54590999999903,1.874690029984379,0.9999999999999999
195.0827479999963,1.5290136088386248,0.9999999999999999,194.79248699999906,1.9166957341126163,0.9999999999999999
195.32078599999625,1.453639742791345,0.9999999999999999,195.043982999999,2.0026647098542996,0.9445015416238437
195.57674899999625,1.3794109104296834,0.9999999999999999,195.28738499999906,2.0794197517388326,0.8758992805755396
195.8177149999962,1.3093081997729608,0.9999999999999999,195.535758999999,2.105232262918079,0.8550873586844808
196.06555399999618,1.247479413513485,0.9999999999999999,195.79482899999894,2.0683306479288497,0.8882322713257964
196.33105099999602,1.1998142535939211,0.9999999999999999,196.02735499999903,1.9828439638819553,0.961459403905447
196.564088999996,1.1757869332637856,0.9999999999999999,196.27731699999904,1.874483776077836,0.9999999999999999
196.81002099999588,1.1850010072636272,0.9999999999999999,196.52893599999908,1.768318941020839,0.9999999999999999
197.05407399999592,1.2283181364762428,0.9999999999999999,196.78352999999908,1.681668217733475,0.9999999999999999
197.30230899999603,1.2944123219309853,0.9999999999999999,197.02016499999905,1.6193740692718135,0.9999999999999999
197.546712999996,1.3650979811166417,0.9999999999999999,197.26606199999898,1.5747859207080068,0.9999999999999999
197.80221599999592,1.4238443118507256,0.9999999999999999,197.51961999999904,1.5375368658038402,0.9999999999999999
198.06133599999595,1.4638019300716647,0.9999999999999999,197.76084399999903,1.5055941965799693,0.9999999999999999
198.290043999996,1.4886824919722959,0.9999999999999999,198.00298699999894,1.487295496433144,0.9999999999999999
198.547589999996,1.5097548996446057,0.9999999999999999,198.2547209999989,1.4957102547108998,0.9999999999999999
198.79208499999598,1.544359014333618,0.9999999999999999,198.49983099999892,1.5433168682330356,0.9999999999999999
199.03465199999596,1.6139882198546598,0.9999999999999999,198.7491569999989,1.6368070194106,0.9999999999999999
199.28010599999593,1.7349070150382127,0.9999999999999999,198.99768699999888,1.7711384830012598,0.9999999999999999
199.55460399999592,1.8957358828256146,0.9999999999999999,199.24461199999885,1.927338070073299,0.9999999999999999
199.78006799999582,2.051905055817218,0.9051901336073997,199.49969699999886,2.077243244106465,0.8774409044193217
200.02503499999585,2.1610343556127933,0.7979616306954437,199.74108399999878,2.196947132206019,0.7679856115107914
200.27693999999582,2.2124079883805927,0.7535971223021585,199.9927449999987,2.276168347617004,0.6876498800959233
200.51724799999585,2.2181994927359883,0.75,200.23531699999867,2.316605631537336,0.6528776978417266
200.78934899999584,2.1952995292844766,0.7703836930455636,200.48477399999874,2.327491766142683,0.6420863309352518
201.01127799999583,2.1627080301321375,0.7979616306954437,200.7326669999987,2.325511048335133,0.644484412470024
201.26822299999583,2.1420296024747274,0.8231414868105518,200.98263099999858,2.3258756758888937,0.644484412470024
201.50728999999575,2.156917570964449,0.8063549160671463,201.22456099999846,2.3406586744288864,0.631294964028777
201.76053899999576,2.2285157376850147,0.7356115107913669,201.4809929999984,2.3783288827213855,0.5917266187050358
202.00051299999572,2.352447994053871,0.6169064748201439,201.72447499999836,2.4402259775994133,0.5401678657074341
202.2490169999957,2.4735617405123738,0.5017985611510791,201.97145999999833,2.5181449429668916,0.4502398081534772
202.49939799999575,2.526530950344417,0.4418465227817746,202.22280699999826,2.5933380891100555,0.3711031175059952
202.75191099999574,2.5037391583840702,0.4646282973621103,202.47138699999817,2.640593605394977,0.32553956834532377
202.99743199999585,2.440476111375843,0.5401678657074341,202.70816999999806,2.637628400262152,0.33033573141486816
203.24473999999586,2.374701598717324,0.5965227817745803,202.95893999999814,2.5731055242475662,0.3914868105515588
203.49589799999583,2.335694014016595,0.6336930455635491,203.2243829999982,2.4531959326878656,0.5281774580335732
203.74058999999582,2.3436754678981715,0.6252997601918465,203.44977099999818,2.3015980593740166,0.6684652278177459
203.99982399999584,2.4071000742225923,0.5665467625899281,203.71335699999813,2.1485133502643685,0.8183453237410073
204.2328499999958,2.516577308006396,0.4502398081534772,203.94839899999812,2.016035159587861,0.9329393627954778
204.47731299999586,2.6456392029853144,0.3207434052757794,204.1907709999981,1.9174906836321122,0.9999999999999999
204.73178499999588,2.7627090481365633,0.1888489208633093,204.45817699999807,1.863268614798555,0.9999999999999999
204.979713999996,2.846997821390623,0.10868448098663928,204.6912139999981,1.865222458079425,0.9999999999999999
205.22331099999604,2.890518566458654,0.07708119218910588,204.94023799999803,1.9352293174066704,0.9999999999999999
205.4645019999961,2.8897104982841233,0.07708119218910588,205.18926999999803,2.0762639921814436,0.8789825282631037
205.71808799999604,2.8410353930463224,0.11562178828365878,205.42952599999788,2.2651597419842115,0.7044364508393285
205.96544599999598,2.7472190186200605,0.20443645083932857,205.68359599999795,2.457287681113132,0.5209832134292566
206.22044899999597,2.6215994236188087,0.3435251798561151,205.93354099999797,2.611662656765331,0.35311750599520386
206.462968999996,2.4851434335459404,0.4898081534772182,206.17454499999786,2.710796300195258,0.26079136690647486
206.72033799999608,2.3600875925968983,0.6097122302158273,206.42631299999783,2.7567273670635366,0.19364508393285368
206.96184099999607,2.2626729256622085,0.7068345323741009,206.67133099999782,2.759336973464067,0.19364508393285368
207.20663899999602,2.199826304478365,0.7619904076738611,206.9158289999978,2.7279080126318966,0.2308153477218225
207.45750199999605,2.1640719743620727,0.7979616306954437,207.1651539999978,2.6673064026445172,0.2979616306954437
207.6995169999961,2.134907066500485,0.8303357314148682,207.41368199999775,2.578507666795712,0.3854916067146283
207.95169599999602,2.088289031655691,0.8697327852004111,207.66890599999775,2.460294253201698,0.5161870503597122
208.19600199999593,2.0156070505668504,0.9337101747173688,207.91180499999763,2.3172323828286983,0.6516786570743406
208.43878499999596,1.931492416082736,0.9999999999999999,208.1529889999976,2.163116770505534,0.7979616306954437
208.687818999996,1.8617092953094743,0.9999999999999999,208.39892799999754,2.0134634718065323,0.9360226104830421
208.93620599999602,1.8235920864014072,0.9999999999999999,208.6517969999976,1.881074940121017,0.9999999999999999
209.18129599999614,1.8214163233078047,0.9999999999999999,208.90292999999767,1.7736073058880673,0.9999999999999999
209.4353519999961,1.8546754617136383,0.9999999999999999,209.15268599999766,1.6934158132757038,0.9999999999999999
209.67462599999612,1.9205134185283694,0.9999999999999999,209.39197999999763,1.6418867043043612,0.9999999999999999
209.9307679999961,2.0122521872610193,0.9367934224049331,209.64055999999758,1.618044629937039,0.9999999999999999
210.17212199999602,2.120093907517389,0.8447242206235013,209.89345299999752,1.6186463284706556,0.9999999999999999
210.42397299999595,2.234842330433995,0.7320143884892086,210.1384819999975,1.640370858745674,0.9999999999999999
210.66997199999597,2.3501800423242116,0.6193045563549161,210.38847199999753,1.6811241247097009,0.9999999999999999
210.92043099999597,2.4653820242509576,0.5137889688249401,210.6299889999975,1.7401790188928268,0.9999999999999999
211.161816999996,2.585496498372022,0.37829736211031173,210.88043599999742,1.8196682863805216,0.9999999999999999
211.41776699999593,2.7112686857042125,0.2571942446043165,211.12834999999745,1.9215573112592976,0.9999999999999999
211.68065999999578,2.8281280651136504,0.1264131551901336,211.37087999999738,2.0458061855619922,0.9113566289825282
211.9020629999958,2.90945996894832,0.07168550873586842,211.61728799999747,2.1919013420021902,0.7727817745803357
212.14805099999572,2.9363593050366443,0.05472764645426519,211.86638599999745,2.359071216888387,0.6133093525179857
212.4000879999957,2.912896608331862,0.0709146968139774,212.12787299999738,2.546415829754658,0.4190647482014389
212.64700199999572,2.8585903680763027,0.10097636176772869,212.3625109999973,2.749212478955947,0.20083932853717024
212.89014799999572,2.7957405072920816,0.1479958890030832,212.6150419999973,2.9568862736190282,0.03237410071942442
213.1391089999958,2.7437855986014608,0.2080335731414868,212.8529249999972,3.151458302016403,0.0
213.3874829999958,2.7205327381556472,0.24280575539568341,213.1079169999972,3.3114803310096534,0.0
213.64253699999588,2.7463954684102143,0.20443645083932857,213.35095599999713,3.422072697570199,0.0
213.90048799999593,2.8446830113420063,0.11176772867420344,213.59627199999716,3.4820669252242107,0.0
214.13842199999593,3.0357776176778244,0.0,213.84361999999706,3.5065890218993614,0.0
214.3780619999959,3.3160157241435115,0.0,214.09266199999703,3.5230954365096063,0.0
214.62877299999596,3.6353573562711485,0.0,214.34004699999693,3.5551588222116686,0.0
214.88387299999604,3.9103557990161644,0.0,214.59598399999697,3.6064858422953625,0.0
215.12537899999612,4.0749313253911925,0.0,214.837054999997,3.6519874201619746,0.0
215.37228299999614,4.109724569451343,0.0,215.090486999997,3.647050895351593,0.0
215.6158029999961,4.022460708739261,0.0,215.33371599999705,3.5600251119200657,0.0
215.8674439999961,3.834380081127457,0.0,215.57856599999707,3.391774037327619,0.0
216.11144699999616,3.5792705556600604,0.0,215.8240409999971,3.1687352879335595,0.0
216.35825099999616,3.2987457628123296,0.0,216.0796519999971,2.921452411687518,0.06474820143884892
216.6082199999962,3.026974655323724,0.0,216.32206499999714,2.675894343800963,0.289568345323741
216.86542099999627,2.786764257549444,0.1600719424460432,216.59849199999726,2.450384843984114,0.5305755395683454
217.1028499999962,2.588133485237252,0.3770983213429257,216.81060399999717,2.2525740062934814,0.7164268585131894
217.34695599999617,2.4351544819362414,0.5449640287769784,217.06674399999704,2.0813181921859885,0.8758992805755396
217.59992399999624,2.3281562401425258,0.6420863309352518,217.31069899999696,1.93096888388272,0.9999999999999999
217.84930599999615,2.2628209946939055,0.7068345323741009,217.55927399999692,1.795304602563532,0.9999999999999999
218.09774099999612,2.2326033957197886,0.7332134292565947,217.80364899999685,1.670370623825396,0.9999999999999999
218.35637899999605,2.2260797535817325,0.7392086330935254,218.05310499999666,1.5534631629231137,0.9999999999999999
218.58581699999607,2.2305487256237475,0.7332134292565947,218.29856299999656,1.4442568220899743,0.9999999999999999
218.841637999996,2.23619377220301,0.7320143884892086,218.54662299999657,1.3442045886728873,0.9999999999999999
219.085482999996,2.235955297408535,0.7320143884892086,218.79916899999645,1.256164242538364,0.9999999999999999
219.35294599999594,2.220622968297163,0.7488009592326141,219.04045099999644,1.1830679468238514,0.9999999999999999
219.58332999999595,2.180650218743496,0.7799760191846524,219.29467799999634,1.1272325342349307,0.9999999999999999
219.82245999999589,2.1098977760565756,0.8543165467625898,219.54367099999644,1.0906998760124984,0.9999999999999999
220.07076399999585,2.010653927839508,0.9367934224049331,219.8015639999964,1.073728347825467,0.9999999999999999
220.32132199999575,1.8955687364950244,0.9999999999999999,220.03566699999644,1.0721986595244102,0.9999999999999999
220.57020399999567,1.7824966791068806,0.9999999999999999,220.2816129999965,1.0792772124263768,0.9999999999999999
220.81769699999572,1.6857308100418285,0.9999999999999999,220.53269599999652,1.0881583424358103,0.9999999999999999
221.06202599999565,1.609246377524373,0.9999999999999999,220.77966499999664,1.0961182259153128,0.9999999999999999
221.30365999999563,1.5470544546711942,0.9999999999999999,221.01770699999668,1.1045646000021647,0.9999999999999999
221.56763199999563,1.4893248378326902,0.9999999999999999,221.26902999999672,1.1171274605145851,0.9999999999999999
221.80004799999563,1.4307546256395094,0.9999999999999999,221.51844499999666,1.1369583350651025,0.9999999999999999
222.05601299999546,1.3726111922555417,0.9999999999999999,221.76550699999666,1.162756272133208,0.9999999999999999
222.30081599999542,1.320635150773357,0.9999999999999999,222.01551199999668,1.1874791597552077,0.9999999999999999
222.5583099999954,1.2836448516848655,0.9999999999999999,222.25786099999664,1.2135905825316613,0.9999999999999999
222.79380699999547,1.270134870895279,0.9999999999999999,222.5061619999966,1.2644295225735267,0.9999999999999999
223.04312799999545,1.283512617641343,0.9999999999999999,222.75619799999652,1.3800327710814362,0.9999999999999999
223.29116199999547,1.3170511349894927,0.9999999999999999,223.0172469999965,1.5998436352245535,0.9999999999999999
223.54373899999555,1.3535317151432058,0.9999999999999999,223.24577499999646,1.9405847810928152,0.9969167523124357
223.78415299999548,1.3757494825500745,0.9999999999999999,223.50423899999657,2.3857239595963846,0.5857314148681056
224.03323299999536,1.3809188301284319,0.9999999999999999,223.7467879999965,2.8914898839946637,0.07708119218910588
224.28257299999535,1.3794168213846185,0.9999999999999999,223.99918999999642,3.4012687106122312,0.0
224.52817399999537,1.385222230244079,0.9999999999999999,224.26420199999643,3.853253048778316,0.0
224.7791669999954,1.4102409450791298,0.9999999999999999,224.4867259999965,4.186567174011299,0.0
225.02721699999535,1.4630529254005655,0.9999999999999999,224.73596099999642,4.350833801329195,0.0
225.2666979999954,1.5472493371753622,0.9999999999999999,224.97941599999638,4.326464050623041,0.0
225.52012699999528,1.66853191997585,0.9999999999999999,225.23821699999627,4.14991223220141,0.0
225.7736549999953,1.8211278018291759,0.9999999999999999,225.47333399999624,3.9019317275115664,0.0
226.01070999999527,1.9796183268711762,0.9630010277492291,225.7217019999962,3.650404097997283,0.0
226.26810999999526,2.123478329942837,0.8435251798561151,225.97765299999608,3.4185663566634537,0.0
226.50745199999534,2.2516486376745677,0.7176258992805755,226.2233389999961,3.1985423290585877,0.0
226.75740799999528,2.3757065901297043,0.5965227817745803,226.46170299999608,2.981002145747933,0.014645426515930092
227.0247899999954,2.5089451549322233,0.4586330935251799,226.71165599999603,2.765640102760159,0.18645083932853712
227.25385899999532,2.6609857583430836,0.3039568345323741,226.95799899999605,2.5556094937044493,0.4130695443645084
227.49473599999544,2.836082723257743,0.11870503597122302,227.20400499999596,2.3563095468160506,0.6145083932853718
227.7482799999955,3.037513143996438,0.0,227.46950799999587,2.1748478492720515,0.788369304556355
228.00520399999553,3.274871011357366,0.0,227.70355399999582,2.019676812392845,0.9283144912641315
228.24324699999553,3.571882679503382,0.0,227.9447629999957,1.8972191662422648,0.9999999999999999
228.48720199999556,3.950713555265096,0.0,228.19814999999565,1.810394100027679,0.9999999999999999
228.73609799999545,4.367796240292308,0.0,228.43500499999558,1.7581912284052963,0.9999999999999999
228.9899429999954,4.686652427705361,0.0,228.69706699999563,1.7376710711041257,0.9999999999999999
229.2386029999955,4.8020527525156655,0.0,228.93088799999563,1.7453548368116447,0.9999999999999999
229.47595299999549,4.715221521019517,0.0,229.1829569999956,1.777026213282194,0.9999999999999999
229.72247999999553,4.482030441347286,0.0,229.43189199999549,1.8245977795877155,0.9999999999999999
229.96978799999565,4.1644631797914196,0.0,229.6828679999954,1.8715550292807677,0.9999999999999999
230.22334099999566,3.8160583209453423,0.0,229.92873599999544,1.8981952251832315,0.9999999999999999
230.48140199999557,3.4777928830169627,0.0,230.17534599999547,1.8929886938391536,0.9999999999999999
230.7133209999956,3.18052310405347,0.0,230.44017099999547,1.8596883738275736,0.9999999999999999
230.95927999999566,2.945228934153763,0.046248715313463494,230.67865999999543,1.8159242912435112,0.9999999999999999
231.20680399999563,2.7788517625236544,0.1660671462829736,230.91565399999533,1.7827175826880217,0.9999999999999999
231.45842899999573,2.6719301764340875,0.2943645083932853,231.16103499999537,1.7761497803062525,0.9999999999999999
231.71083099999564,2.6010297276796845,0.36510791366906475,231.40791799999545,1.8036830578895713,0.9999999999999999
231.9739129999956,2.536213064927641,0.42985611510791366,231.66356799999554,1.864287190085512,0.9999999999999999
232.20629099999562,2.4540856781460167,0.525779376498801,231.9045669999955,1.9526456932675085,0.9838129496402876
232.45114799999558,2.344213169118818,0.6252997601918465,232.15591499999545,2.0611404894409855,0.8974820143884891
232.7052949999956,2.2104487608963725,0.7535971223021585,232.40227699999542,2.181219013533128,0.7799760191846524
232.9420829999957,2.066934400597072,0.8913155190133606,232.65971799999542,2.30173469444323,0.6684652278177459
233.1934159999957,1.9326834951222005,0.9999999999999999,232.89755199999544,2.4074406714544505,0.5665467625899281
233.44335399999568,1.8252500842936978,0.9999999999999999,233.15421399999548,2.484280232803049,0.49220623501199035
233.69075099999574,1.754686393261344,0.9999999999999999,233.38705599999545,2.524949984008579,0.4418465227817746
233.9323199999956,1.7214983211301986,0.9999999999999999,233.64295599999542,2.537754165765749,0.42985611510791366
234.1879569999957,1.7197374668728524,0.9999999999999999,233.89541699999552,2.543327262320523,0.42386091127098324
234.43129699999565,1.740394285201807,0.9999999999999999,234.13637099999545,2.563927570032278,0.4046762589928058
234.6907919999956,1.7781576309164526,0.9999999999999999,234.37976299999548,2.6142289325816264,0.35071942446043164
234.93282199999567,1.832385320733784,0.9999999999999999,234.62692999999547,2.6892471488433003,0.2823741007194244
235.17362799999563,1.9046697977556388,0.9999999999999999,234.87909499999554,2.7659813932441386,0.18645083932853712
235.4266649999956,1.9934329625049991,0.9491264131551901,235.14408999999563,2.819875583763703,0.1333504624871531
235.67066999999554,2.0882510681324957,0.8697327852004111,235.3695919999956,2.8365912904549453,0.11793422404933192
235.9156689999956,2.1741661724544707,0.788369304556355,235.6261109999957,2.81108921459238,0.13874614594039056
236.16025399999566,2.238186221570073,0.7308153477218226,235.87318399999575,2.747411089307671,0.20443645083932857
236.40907299999552,2.273208360469303,0.6900479616306954,236.1099979999956,2.6549875707847117,0.31115107913669066
236.65224799999555,2.27811046300446,0.6876498800959233,236.3630859999956,2.544407961632776,0.42266187050359705
236.90429599999553,2.257831941409325,0.7116306954436452,236.60944399999556,2.4249228454626692,0.5509592326139089
237.1577559999955,2.2202650259049688,0.7488009592326141,236.85605599999556,2.3054570208221556,0.6648681055155876
237.3938909999955,2.1760475285254697,0.7871702637889688,237.10247599999565,2.192236095187836,0.7727817745803357
237.64465699999545,2.1427189950685905,0.8231414868105518,237.3543839999957,2.0876002762266763,0.8697327852004111
237.8950899999955,2.1451742085121106,0.8195443645083933,237.59998699999562,1.99208697028446,0.9498972250770811
238.14263999999542,2.2026241828494273,0.7583932853717028,237.85154899999554,1.908909573661877,0.9999999999999999
238.38865399999543,2.3125828955562913,0.6564748201438849,238.08857799999566,1.8466760800360231,0.9999999999999999
238.6302129999954,2.456036300228687,0.5221822541966427,238.35035599999557,1.8133661608022766,0.9999999999999999
238.88824099999536,2.6102941209174393,0.35311750599520386,238.58342699999557,1.809228235411004,0.9999999999999999
239.1272529999954,2.7558973199389545,0.19484412470023982,238.83532599999555,1.8232163271374926,0.9999999999999999
239.3696079999955,2.877431397554932,0.08941418293936275,239.08792399999555,1.833802394688087,0.9999999999999999
239.6217189999954,2.962887371461892,0.028520041109969165,239.33594299999555,1.8196034211314263,0.9999999999999999
239.87266299999533,3.0016857574174236,0.002312435765673137,239.57874599999553,1.7775369866470068,0.9999999999999999
240.12406899999536,2.988573175750532,0.008478931140801614,239.82564099999556,1.7266650491680549,0.9999999999999999
240.37517099999528,2.932741687093339,0.05858170606372045,240.0735309999956,1.6924514528640469,0.9999999999999999
240.61602499999532,2.8576755209317017,0.1017471736896197,240.3199979999957,1.6910160621829076,0.9999999999999999
240.86087499999536,2.7858741758998735,0.1600719424460432,240.5658809999957,1.7232584552810513,0.9999999999999999
241.11179499999554,2.722583709030799,0.2392086330935252,240.81581399999567,1.777891087530948,0.9999999999999999
241.36223799999553,2.6576140670110124,0.30875299760191843,241.06081599999564,1.8392810579253513,0.9999999999999999
241.6081809999956,2.5853019370580954,0.37829736211031173,241.31552699999548,1.8923935905121072,0.9999999999999999
241.8557759999956,2.5178527735504233,0.4502398081534772,241.57596799999553,1.924672830933297,0.9999999999999999
242.09772299999563,2.483895966450823,0.49220623501199035,241.8154449999956,1.9264244143457017,0.9999999999999999
242.36797199999566,2.5173198700237127,0.4502398081534772,242.05533299999558,1.892395633585314,0.9999999999999999
242.5955649999957,2.648342833778969,0.3183453237410072,242.29840599999542,1.8286157199588953,0.9999999999999999
242.83988899999554,2.8958058667800377,0.07399794450154164,242.56130199999544,1.7590592533401903,0.9999999999999999
243.08388899999548,3.2403188569382673,0.0,242.81181099999546,1.7184128158780778,0.9999999999999999
243.33537899999538,3.6014354723124873,0.0,243.04548299999553,1.7296609068667679,0.9999999999999999
243.58690199999546,3.8624906456144443,0.0,243.2889139999954,1.7903483967234364,0.9999999999999999
243.83095199999542,3.952139142944543,0.0,243.5449819999954,1.876728879799018,0.9999999999999999
244.07141599999537,3.8894228918862703,0.0,243.78838499999543,1.9577450845788598,0.9815005138746145
244.32734099999533,3.7412350447969773,0.0,244.03841899999554,2.006726023271638,0.9406474820143884
244.57038299999527,3.5692577181485325,0.0,244.27897499999548,2.011802207192467,0.9367934224049331
244.8197039999952,3.4084625069677466,0.0,244.5415109999954,1.9769345462309222,0.9637718396711201
245.06969699999527,3.2686303893120217,0.0,244.77328899999543,1.9200081017422201,0.9999999999999999
245.31078899999517,3.141871710329984,0.0,245.02288499999534,1.8653465526321942,0.9999999999999999
245.57095899999536,3.0152479034066393,0.0,245.27080999999538,1.8344935964136575,0.9999999999999999
245.8190529999954,2.8808194053449805,0.08710174717368961,245.51723599999536,1.8383938493211145,0.9999999999999999
246.07610399999544,2.740956434676486,0.21522781774580335,245.76484099999536,1.8748720093626525,0.9999999999999999
246.29990799999538,2.609215523119779,0.35431654676258983,246.0226979999953,1.9327183134123866,0.9999999999999999
246.5688369999953,2.500716763691295,0.46822541966426867,246.25578299999523,1.999174997347989,0.9460431654676258
246.79796699999534,2.422306071808622,0.5533573141486811,246.50507199999515,2.064329437681152,0.895169578622816
247.04922899999528,2.3710348057679935,0.5989208633093526,246.76000699999526,2.1208786109991626,0.8447242206235013
247.2972699999953,2.340269386242426,0.631294964028777,247.0101239999953,2.1628284661770287,0.7979616306954437
247.54170399999532,2.3241176039519593,0.6468824940047961,247.25260099999537,2.1823053140628876,0.7799760191846524
247.78564699999535,2.315976658954362,0.6528776978417266,247.49606299999536,2.169126514015798,0.7931654676258993
248.0461279999954,2.306663245664618,0.6636690647482015,247.7422199999954,2.1149098338807164,0.8504624871531345
248.29358599999532,2.2886197194506677,0.6816546762589928,247.9989199999954,2.018471374123464,0.9298561151079137
248.52614699999538,2.2561828013959992,0.7152278177458035,248.24007899999543,1.8882858077187334,0.9999999999999999
248.77856399999527,2.208365885837533,0.7547961630695443,248.49002299999546,1.741858398706504,0.9999999999999999
249.03073999999535,2.1503850505165354,0.813549160671463,248.74535899999543,1.5993996426659471,0.9999999999999999
249.27262399999535,2.085989240132183,0.8712744090441932,248.9784629999954,1.4782387401140498,0.9999999999999999
249.52563099999526,2.0152673518275974,0.9337101747173688,249.22945399999548,1.3941525661737226,0.9999999999999999
249.76801899999518,1.9359513056321145,0.9999999999999999,249.48653299999543,1.3587477454739287,0.9999999999999999
250.03701199999517,1.8452523978488813,0.9999999999999999,249.72392499999535,1.3810136594820233,0.9999999999999999
250.2634459999952,1.7437420880588645,0.9999999999999999,249.97581899999537,1.4693300737235762,0.9999999999999999
250.51101699999518,1.6420248463580196,0.9999999999999999,250.22581699999546,1.6378738111620694,0.9999999999999999
250.75337299999512,1.5625523742288416,0.9999999999999999,250.4854079999954,1.899655825617462,0.9999999999999999
251.0128889999952,1.5317013788628273,0.9999999999999999,250.71274899999543,2.2581881448972805,0.7116306954436452
251.25043999999522,1.5686111634474544,0.9999999999999999,250.9671019999954,2.6917635207049795,0.2811750599520384
251.4995549999952,1.677303325478173,0.9999999999999999,251.20862799999534,3.1605867747325114,0.0
251.7480309999952,1.8418484830403192,0.9999999999999999,251.46266499999527,3.6271790371275925,0.0
251.99796399999508,2.027921526031302,0.9244604316546762,251.71026099999517,4.058637639037477,0.0
252.24482899999498,2.1953185584430965,0.7703836930455636,251.95576499999507,4.425977306784111,0.0
252.49269999999504,2.3104468358986514,0.6600719424460433,252.20837699999518,4.707791405387489,0.0
252.74379699999503,2.3542460992684218,0.6169064748201439,252.45559899999506,4.900426115697515,0.0
252.98363299999502,2.321824115686855,0.6480815347721822,252.69815299999507,5.019119537555016,0.0
253.24803299999513,2.222338623469513,0.7452038369304557,252.94616399999506,5.094042532132232,0.0
253.48123599999514,2.0781368526655806,0.8766700924974306,253.194673999995,5.163150027300365,0.0
253.7421419999952,1.9203612530553327,0.9999999999999999,253.4440329999949,5.246670561325487,0.0
253.97465099999508,1.7799468302186587,0.9999999999999999,253.69977099999488,5.318240727029865,0.0
254.2239839999951,1.6761120215845482,0.9999999999999999,253.9346399999947,5.326329886082564,0.0
254.47522199999514,1.6102735379948658,0.9999999999999999,254.18461799999469,5.226220659150567,0.0
254.72167499999512,1.5692139846224182,0.9999999999999999,254.42375699999462,5.0054338367201305,0.0
254.96458599999508,1.5373336456123756,0.9999999999999999,254.67409699999467,4.6915151940825,0.0
255.22708899999512,1.5093706986672966,0.9999999999999999,254.93378299999466,4.3379510377662385,0.0
255.46614199999507,1.4945242872026576,0.9999999999999999,255.17803199999463,3.995770303513504,0.0
255.70644199999506,1.5099005626883593,0.9999999999999999,255.42352499999464,3.6929261701331884,0.0
255.95752699999514,1.5679169324982156,0.9999999999999999,255.66798399999465,3.4312490219531693,0.0
256.20254599999515,1.6669761725053314,0.9999999999999999,255.9165949999946,3.2012389405183317,0.0
256.4509859999951,1.7908720767010784,0.9999999999999999,256.1734359999945,2.99915299224899,0.0038540596094552566
256.703888999995,1.9144874526538165,0.9999999999999999,256.4139979999945,2.8300693194937447,0.1256423432682425
256.95233399999506,2.0129949686319217,0.9360226104830421,256.6598819999945,2.7052254690659234,0.2631894484412469
257.19934199999494,2.071785579582201,0.8859198355601232,256.9022889999945,2.6366050824662706,0.33033573141486816
257.446218999995,2.093519973141779,0.8666495375128468,257.1567979999944,2.6275916285948204,0.3363309352517985
257.70737099999496,2.097690944021784,0.8651079136690647,257.39882599999453,2.664878218633394,0.30035971223021585
257.93625699999484,2.1089346692183772,0.8543165467625898,257.64155499999447,2.722678237350368,0.2392086330935252
258.18466499999494,2.141279377516504,0.8231414868105518,257.8921999999945,2.775503986499081,0.16966426858513192
258.43022099999496,2.184846794179741,0.7787769784172662,258.16272799999456,2.8078357624248564,0.1402877697841726
258.68020399999494,2.2098043600035733,0.7547961630695443,258.3968709999946,2.8130045958336796,0.13874614594039056
258.934236999995,2.1925435016330828,0.7715827338129498,258.63975599999446,2.785656708105259,0.1600719424460432
259.177125999995,2.134937136065906,0.8303357314148682,258.8891929999944,2.719995458728245,0.24640287769784175
259.42539399999504,2.055640280802551,0.8997944501541624,259.1291679999943,2.612972952516696,0.35191846522781767
259.66533299999503,1.9727181634490716,0.9660842754367934,259.39434499999425,2.4690898740892187,0.5053956834532375
259.91129499999505,1.8957070758993224,0.9999999999999999,259.6290949999943,2.3069882019667847,0.6636690647482015
260.16419899999505,1.8247336930894549,0.9999999999999999,259.87253999999444,2.1573169184601495,0.8039568345323742
260.411438999995,1.7560030351511882,0.9999999999999999,260.1230109999944,2.049070143107922,0.9075025693730729
260.65829499999506,1.685741335144303,0.9999999999999999,260.36961399999433,1.9980615748385022,0.947584789311408
260.925730999995,1.6138291437946446,0.9999999999999999,260.6210229999943,2.00757533840167,0.9406474820143884
261.15268599999484,1.5439381481939982,0.9999999999999999,260.8590529999943,2.0707020492954653,0.8866906474820143
261.40551299999476,1.4802524319861663,0.9999999999999999,261.1104449999943,2.176279976872532,0.785971223021583
261.64710899999477,1.4246200980748216,0.9999999999999999,261.3720399999941,2.3114279883633437,0.6588729016786571
261.8956459999947,1.3770336090425963,0.9999999999999999,261.60250699999415,2.4631728110403994,0.5149880095923262
262.15064499999477,1.3395552478342454,0.9999999999999999,261.86170799999417,2.6172856516347514,0.3447242206235013
262.3936699999949,1.3151261735757462,0.9999999999999999,262.1065859999941,2.761386450269524,0.19124700239808148
262.6370929999949,1.3042029867378062,0.9999999999999999,262.35353599999416,2.8884595650538976,0.0778520041109969
262.8870569999949,1.3022733207252584,0.9999999999999999,262.59539599999425,2.996402921952842,0.0046248715313463576
263.128942999995,1.3015250818060649,0.9999999999999999,262.8424459999943,3.082980045715017,0.0
263.386984999995,1.2939847301264495,0.9999999999999999,263.10589899999434,3.144174686659047,0.0
263.630352999995,1.2741006884647754,0.9999999999999999,263.34435299999456,3.1749295137037503,0.0
263.87540799999465,1.2414045661352269,0.9999999999999999,263.58230099999474,3.1700766872356643,0.0
264.12293199999465,1.2012891182823235,0.9999999999999999,263.83756299999476,3.1250702306725446,0.0
264.3717489999945,1.1639459444179123,0.9999999999999999,264.0801419999949,3.0347953750768983,0.0
264.6179149999944,1.1394818724211229,0.9999999999999999,264.3291259999949,2.89843723192313,0.07322713257965054
264.8636089999943,1.1323470685966057,0.9999999999999999,264.58508099999494,2.7294058385149484,0.2284172661870503
265.11282599999447,1.140935851781632,0.9999999999999999,264.82861999999494,2.554988347703261,0.4130695443645084
265.37469099999447,1.159946560216772,0.9999999999999999,265.069528999995,2.4026909552748164,0.5713429256594725
265.6075389999945,1.1830964702462896,0.9999999999999999,265.3179149999949,2.2850403205667416,0.685251798561151
265.85760199999464,1.2034344869137614,0.9999999999999999,265.5668239999948,2.2022242352984125,0.7583932853717028
266.1045059999947,1.2153885127987962,0.9999999999999999,265.83508399999494,2.15131466278863,0.8123501199040768
266.36909099999457,1.2172587919001523,0.9999999999999999,266.06262599999496,2.1310816929691336,0.8339328537170264
266.5989679999944,1.2115565876408514,0.9999999999999999,266.31196799999486,2.140288037363014,0.8243405275779376
266.84345899999437,1.2049569225042955,0.9999999999999999,266.55695399999473,2.1743192622558083,0.788369304556355
267.0923809999946,1.2052868678261275,0.9999999999999999,266.8065979999949,2.2230651065202527,0.7428057553956836
267.3403159999943,1.2162900839265331,0.9999999999999999,267.0554439999946,2.268463046355046,0.6984412470023982
267.5830169999942,1.2368695369511116,0.9999999999999999,267.30263699999466,2.2879170855705953,0.6816546762589928
267.83298099999433,1.2635260232711096,0.9999999999999999,267.54708799999474,2.267513010947912,0.7008393285371703
268.07464699999406,1.295635046768639,0.9999999999999999,267.7964859999948,2.2131719790690605,0.7535971223021585
268.3276779999942,1.336044811685529,0.9999999999999999,268.04704499999474,2.147143744572422,0.8183453237410073
268.58672199999415,1.388559782438421,0.9999999999999999,268.29050999999487,2.098383397472647,0.8651079136690647
268.828406999994,1.4560845803826714,0.9999999999999999,268.54399799999504,2.091664743271882,0.86896197327852
269.075307999994,1.5378964423822532,0.9999999999999999,268.78401199999496,2.1408937759401954,0.8243405275779376
269.3192709999941,1.6290867998620908,0.9999999999999999,269.04342099999496,2.24605795318537,0.7188249400479616
269.565821999994,1.7230456264910765,0.9999999999999999,269.2819559999948,2.3880355941044336,0.5833333333333333
269.81973799999366,1.8142854131566526,0.9999999999999999,269.5314239999948,2.5297454213128385,0.43824940047961625
270.06831999999355,1.8991043207997018,0.9999999999999999,269.7725799999949,2.631003707476696,0.33153477218225413
270.3076499999933,1.9785250323743435,0.9637718396711201,270.02191799999497,2.6718710329580846,0.2943645083932853
270.54892399999335,2.0517006306115224,0.9051901336073997,270.2743769999951,2.6569305181463365,0.30875299760191843
270.80147499999316,2.109967788425174,0.8543165467625898,270.52643999999486,2.602082013799318,0.36510791366906475
271.0530019999932,2.1397835834947867,0.8255395683453238,270.76637499999504,2.5195872557680583,0.4490407673860911
271.291432999993,2.1298897854301497,0.8375299760191846,271.01254699999527,2.416106008517338,0.5617505995203838
271.5548749999929,2.074740635415032,0.8805241521068858,271.2608649999953,2.2977302638739285,0.6696642685851321
271.8029369999931,1.9778410261815838,0.9637718396711201,271.5108079999954,2.173887568815401,0.7895683453237411
272.04196199999313,1.8525915804147528,0.9999999999999999,271.7567919999954,2.0600574077014793,0.8974820143884891
272.29497899999325,1.7171541449911434,0.9999999999999999,272.00271699999576,1.9721983487297525,0.9668550873586844
272.5313449999933,1.589789396969483,0.9999999999999999,272.25507099999584,1.9257561891096113,0.9999999999999999
272.7798479999934,1.488399947077205,0.9999999999999999,272.49860099999614,1.9362886045617105,0.9999999999999999
273.0448769999936,1.4281153216098958,0.9999999999999999,272.750685999996,2.0237460613131226,0.9267728674203494
273.27572299999343,1.4152078640740196,0.9999999999999999,272.99258199999616,2.2108938124485835,0.7535971223021585
273.5175179999936,1.4424691744508575,0.9999999999999999,273.24409899999625,2.5090286689261108,0.4586330935251799
273.7693669999938,1.4927046005202962,0.9999999999999999,273.50863599999644,2.8990365660012185,0.07322713257965054
274.0174419999939,1.5437994457349788,0.9999999999999999,273.7345089999964,3.3325077325342938,0.0
274.26451199999394,1.5763131020103305,0.9999999999999999,273.98738899999637,3.752326499864586,0.0
274.51955999999416,1.5812848410102611,0.9999999999999999,274.2273089999963,4.107071888070315,0.0
274.7653239999943,1.5635243565443304,0.9999999999999999,274.47225699999603,4.348899431059048,0.0
275.0070209999946,1.5408973751554411,0.9999999999999999,274.73747099999605,4.4357768241592925,0.0
275.2547089999944,1.5348967927982544,0.9999999999999999,274.96867399999627,4.349705260159837,0.0
275.49965399999445,1.558903202714961,0.9999999999999999,275.2158219999965,4.112201899979769,0.0
275.74716799999464,1.612408014414995,0.9999999999999999,275.4606559999968,3.780765836688809,0.0
276.0019419999945,1.685180900851966,0.9999999999999999,275.7111169999968,3.42470518694862,0.0
276.2598139999944,1.76667917331155,0.9999999999999999,275.95948699999667,3.101955197065302,0.0
276.4929649999944,1.8527747272547028,0.9999999999999999,276.20603999999673,2.850909820150626,0.10714285714285716
276.7383419999942,1.9435428180758212,0.9930626927029804,276.4509199999966,2.6907195985268246,0.2811750599520384
276.9837939999942,2.038152710541484,0.9159815005138745,276.72046799999663,2.6258137305673603,0.3399280575539569
277.23431799999435,2.1349264753127732,0.8303357314148682,276.9525089999967,2.6403298878126433,0.32553956834532377
277.4799579999946,2.2308590060149665,0.7332134292565947,277.21271099999666,2.700629191423924,0.26918465227817745
277.72610299999485,2.320347744244782,0.6504796163069545,277.44189199999664,2.7675283084176034,0.1828537170263789
277.976676999995,2.395890098786499,0.5761390887290169,277.69394899999634,2.8096049133902516,0.13951695786228158
278.22147199999506,2.451798668636428,0.5305755395683454,277.9389379999963,2.8180160871973903,0.13566289825282632
278.47502699999524,2.485384114333108,0.4898081534772182,278.1868609999963,2.809545133568364,0.13951695786228158
278.7150129999953,2.497118134555582,0.473021582733813,278.4438839999962,2.812251423042028,0.13874614594039056
278.96741199999525,2.4933382305372547,0.47781774580335734,278.6791569999963,2.841245457237715,0.11562178828365878
279.20986199999516,2.484878714507543,0.4898081534772182,278.9360589999962,2.8963928114286777,0.07399794450154164
279.46168899999515,2.4813817757106187,0.4946043165467625,279.1765309999965,2.970861004420422,0.02158273381294967
279.70322299999486,2.488974105625394,0.48381294964028776,279.41935099999665,3.0609118503150974,0.0
279.96077699999466,2.5098091171764283,0.4574340527577937,279.6712659999964,3.1697931979006246,0.0
280.20311299999486,2.5421717331207074,0.4250599520383693,279.9263979999962,3.303068768781789,0.0
280.44861799999467,2.5815954823926885,0.3818944844124701,280.16475699999614,3.4559950461896776,0.0
280.7216899999946,2.622989557843752,0.3435251798561151,280.42501899999615,3.59500480310634,0.0
280.94600299999485,2.6613288629487735,0.3039568345323741,280.66174699999607,3.6610094002053906,0.0
281.1925539999948,2.6937159248627927,0.27877697841726623,280.90479599999605,3.6143915543580665,0.0
281.44156999999507,2.7190393758462412,0.24760191846522778,281.1712979999963,3.4600408867763894,0.0
281.687071999995,2.735076225419885,0.22482014388489208,281.40164799999604,3.2318219389023994,0.0
281.93443499999466,2.74102331675872,0.21522781774580335,281.64418999999606,2.970160031905553,0.02158273381294967
282.1950739999945,2.7374603431545035,0.22002398081534771,281.8976289999962,2.7125986373020248,0.25479616306954433
282.4295769999944,2.724372525054772,0.23321342925659466,282.14592999999593,2.4832451467803693,0.49340527577937654
282.67987699999424,2.6966496645261575,0.27398081534772184,282.3933269999959,2.2928044518383186,0.6744604316546763
282.92497899999404,2.6513865393629352,0.3135491606714628,282.6413459999961,2.1392170807115716,0.8267386091127099
283.17250199999415,2.5954169355184087,0.36870503597122295,282.89289099999604,2.011773893792774,0.9367934224049331
283.4178029999943,2.5450311298364277,0.42266187050359705,283.136410999996,1.9010762430970871,0.9999999999999999
283.6643349999945,2.5203652115384747,0.447841726618705,283.38413999999597,1.803720536643382,0.9999999999999999
283.92905299999455,2.5430193758583686,0.42386091127098324,283.63099499999606,1.7212641074297126,0.9999999999999999
284.1670709999945,2.630048481926285,0.33153477218225413,283.878912999996,1.6558827156612677,0.9999999999999999
284.4082319999945,2.786096869899509,0.1600719424460432,284.12746099999595,1.6062281479623417,0.9999999999999999
284.6574729999945,2.9937738879381124,0.006166495375128477,284.3841689999958,1.5674138602971825,0.9999999999999999
284.9042369999944,3.2161431701356222,0.0,284.62395199999577,1.5355291174750454,0.9999999999999999
285.14934899999434,3.4108708440792626,0.0,284.8659469999958,1.5096769568028523,0.9999999999999999
285.4183159999944,3.540865481827322,0.0,285.1225019999959,1.4930473197355116,0.9999999999999999
285.64670999999436,3.5815166248544625,0.0,285.36248099999614,1.4918344002092954,0.9999999999999999
285.8993549999944,3.532287426580039,0.0,285.60949999999633,1.5123461487663368,0.9999999999999999
286.14086499999445,3.417287101132995,0.0,285.8653859999962,1.558147777069029,0.9999999999999999
286.38392599999446,3.2737014545159786,0.0,286.1118669999962,1.6278209693115666,0.9999999999999999
286.63146999999447,3.1372146576976845,0.0,286.3514979999958,1.7124836020830165,0.9999999999999999
286.88383699999474,3.0349561053132117,0.0,286.6007679999955,1.7982503525598852,0.9999999999999999
287.1338369999948,2.980919632758912,0.014645426515930092,286.84619699999536,1.8721414552775901,0.9999999999999999
287.37425399999495,2.9715923858939006,0.02158273381294967,287.0927939999952,1.9274303734843798,0.9999999999999999
287.62995499999494,2.987687654752711,0.008478931140801614,287.3413209999953,1.9698063974208913,0.9676258992805755
287.87928299999516,2.9984135918612065,0.0046248715313463576,287.6020759999953,2.0198163619942413,0.9283144912641315
288.11923299999523,2.97743019191718,0.01772867420349433,287.8395889999953,2.100736887409671,0.8620246659815004
288.39676499999524,2.9201688824823253,0.06628982528263104,288.0859109999953,2.2210243792285387,0.7476019184652279
288.6148399999954,2.8457819070270998,0.11099691675231242,288.3284519999952,2.3702117110705916,0.6001199040767387
288.8582699999954,2.7843038853717457,0.16127098321342923,288.57843799999523,2.522873696172983,0.44544364508393286
289.1052289999952,2.759098460058264,0.19364508393285368,288.82391799999516,2.6484880332514322,0.3183453237410072
289.3496709999952,2.774875263946745,0.16966426858513192,289.07889099999534,2.721266048830903,0.2416067146282974
289.598441999995,2.8190909291066863,0.13489208633093522,289.32258999999556,2.7289608072469753,0.2284172661870503
289.8600789999949,2.873802762851961,0.09249743062692699,289.57062299999535,2.680488022492922,0.289568345323741
290.093536999995,2.922886999621859,0.06397738951695782,289.8132069999952,2.601145780118118,0.36510791366906475
290.34950499999485,2.9568733771637907,0.03237410071942442,290.06869099999534,2.5214850277894314,0.44544364508393286
290.59644399999473,2.9733657829719604,0.01927029804727645,290.3212589999953,2.4677387608986754,0.5053956834532375
290.83801799999446,2.973122123910847,0.02004110996916755,290.55814199999514,2.4548229179394827,0.5245803357314149
291.08913999999425,2.9568694265382316,0.03237410071942442,290.8194359999952,2.4791513605583955,0.4958033573141487
291.3366169999942,2.919630974375193,0.06706063720452206,291.0610319999953,2.5189559905188044,0.4490407673860911
291.5934999999945,2.845108114530045,0.11176772867420344,291.30032199999533,2.5453780627602907,0.4214628297362111
291.8371199999946,2.7210220877427593,0.2416067146282974,291.5558999999953,2.5413696681347697,0.4250599520383693
292.07306899999446,2.5593499750639084,0.40827338129496393,291.79691199999536,2.5106593861254085,0.4562350119904077
292.32607899999454,2.386891051774994,0.5857314148681056,292.0576589999957,2.465038255685986,0.5137889688249401
292.57344099999443,2.22605466577364,0.7392086330935254,292.28827499999585,2.410551898904561,0.5629496402877698
292.8187799999945,2.0895379444698214,0.86896197327852,292.5386219999959,2.3450109319442696,0.6229016786570745
293.0664349999947,1.9847355599540804,0.9591469681397738,292.7835649999958,2.267796203254589,0.7008393285371703
293.3167799999947,1.9137825636078825,0.9999999999999999,293.03423899999603,2.1914279633367038,0.7739808153477219
293.5679569999947,1.8722931076862694,0.9999999999999999,293.276619999996,2.145846373031923,0.8195443645083933
293.8119189999947,1.851892673976638,0.9999999999999999,293.5316649999958,2.1609168866710893,0.7979616306954437
294.06573999999466,1.8419267990038468,0.9999999999999999,293.775808999996,2.240502198059252,0.7272182254196642
294.3087979999947,1.8322115590790042,0.9999999999999999,294.027380999996,2.356527299276137,0.6145083932853718
294.5511399999948,1.8167275361064052,0.9999999999999999,294.27809299999615,2.470866023903366,0.5041966426858513
294.8135579999946,1.791216693456814,0.9999999999999999,294.5255079999963,2.569058155941465,0.3974820143884892
295.0510959999946,1.7504407897309648,0.9999999999999999,294.7631009999963,2.663203245878508,0.30275779376498807
295.2920489999947,1.6898237318207228,0.9999999999999999,295.00853999999634,2.774864878414562,0.16966426858513192
295.53994699999475,1.6096999033693744,0.9999999999999999,295.2648079999964,2.9198526669770484,0.06706063720452206
295.7898489999949,1.517341741505489,0.9999999999999999,295.51031499999647,3.099984542711983,0.0
296.05487499999487,1.42627940858003,0.9999999999999999,295.76031399999624,3.297682198941604,0.0
296.2863469999947,1.350518638771746,0.9999999999999999,296.00126299999624,3.4780428740607894,0.0
296.53113399999467,1.2993051151092228,0.9999999999999999,296.2526209999963,3.603456040206686,0.0
296.7795679999946,1.2748037918892172,0.9999999999999999,296.4971259999963,3.652393848404084,0.0
297.0316459999945,1.2710423528577581,0.9999999999999999,296.7439269999963,3.6310437448404667,0.0
297.2776259999944,1.277717990636189,0.9999999999999999,296.99985099999634,3.5700426193171966,0.0
297.5225859999943,1.2870076993009816,0.9999999999999999,297.2370379999963,3.504295390098231,0.0
297.77261799999445,1.2966800803625174,0.9999999999999999,297.4909789999962,3.459777765428046,0.0
298.0144599999946,1.3097769839698876,0.9999999999999999,297.7359059999965,3.45074811719382,0.0
298.2648269999947,1.3341556270202612,0.9999999999999999,297.98485399999646,3.478330724426378,0.0
298.52789599999477,1.3806014560221551,0.9999999999999999,298.23439299999654,3.534586445932196,0.0
298.75592899999475,1.4590690976311185,0.9999999999999999,298.48777799999675,3.6011354863288396,0.0
299.00652999999477,1.5752590220082785,0.9999999999999999,298.7522759999967,3.644831854861071,0.0
299.2669729999949,1.7279571394492683,0.9999999999999999,298.9742519999966,3.633633836578836,0.0
299.5010109999949,1.9061639466396283,0.9999999999999999,299.2222689999968,3.5588851098293572,0.0
299.7533849999948,2.093770450260373,0.8666495375128468,299.46751799999686,3.4315259658968174,0.0
299.99489799999486,2.282551168360818,0.6876498800959233,299.7324929999967,3.2673221241673587,0.0
300.2416359999948,2.471639718734148,0.5041966426858513,299.9682559999967,3.0784734081337684,0.0
300.49014999999486,2.659609692601219,0.30515587529976024,300.22492199999664,2.8734336690446085,0.09249743062692699
300.74479499999495,2.8419116921344107,0.11485097636176768,300.45486199999664,2.663800079949058,0.30275779376498807
300.9972119999948,3.0122914582697935,0.0,300.7093239999968,2.4646545439008287,0.5137889688249401
301.2400909999951,3.1617647833794194,0.0,300.95414899999696,2.2897117424638185,0.6780575539568346
301.4849679999952,3.2770531280468846,0.0,301.2001359999971,2.146858658284577,0.8183453237410073
301.7320459999951,3.3425568093064304,0.0,301.4548319999973,2.039678840092624,0.9136690647482014
301.9741079999948,3.3467108309202716,0.0,301.69977299999726,1.9725570437090651,0.9668550873586844
302.2293449999949,3.2873072710181788,0.0,301.9437889999972,1.951894576202329,0.9845837615621787
302.475322999995,3.178571875330083,0.0,302.19707499999726,1.9854949227074234,0.9591469681397738
302.7308949999951,3.050822170134386,0.0,302.4431979999971,2.0836025823477167,0.8728160328879753
302.96429399999516,2.9402806210210937,0.05241521068859197,302.69106299999714,2.254210359220577,0.7164268585131894
303.2122069999954,2.8744548196476183,0.09172661870503597,302.939829999997,2.4950893972129866,0.47781774580335734
303.4642299999953,2.8603983190740174,0.09866392600205547,303.18791699999696,2.787842940645042,0.157673860911271
303.7353669999953,2.87945556745767,0.08787255909558063,303.4337819999967,3.100225074020452,0.0
303.9658099999952,2.896778040231554,0.07399794450154164,303.6776919999966,3.3919897793967158,0.0
304.20325999999534,2.883773352494752,0.08401849948612537,303.9236199999968,3.623376998111133,0.0
304.45713699999544,2.836079342981487,0.11870503597122302,304.19562799999693,3.7623430503382425,0.0
304.70746499999524,2.7661835305489952,0.18645083932853712,304.42657899999676,3.7912434378733053,0.0
304.9470689999951,2.6828973732058814,0.28836930455635496,304.66759799999693,3.710310244452021,0.0
305.20001499999523,2.5852093253460633,0.37829736211031173,304.91996099999704,3.540965450206194,0.0
305.44304599999526,2.4807097759320933,0.4946043165467625,305.16896599999706,3.317610397784203,0.0
305.6899529999954,2.3965784528984724,0.5749400479616307,305.4165399999971,3.0755515748773514,0.0
305.93916399999557,2.3743148516915573,0.5965227817745803,305.6588519999971,2.8343499977317843,0.12101747173689616
306.18475399999556,2.44904361410593,0.5329736211031175,305.9066039999974,2.5979049736817768,0.367505995203837
306.4313309999956,2.6238954334959104,0.34232613908872905,306.15625099999755,2.3735154180509355,0.5965227817745803
306.68725599999567,2.8617408678841683,0.09789311408016445,306.40108399999775,2.1828469846998915,0.7799760191846524
306.9393419999958,3.1030137488945493,0.0,306.64818899999756,2.0503567669609737,0.9067317574511818
307.1810959999958,3.290119118562339,0.0,306.89411899999783,1.9889307643832188,0.9537512846865365
307.4210189999956,3.3814328459072014,0.0,307.1389579999978,1.9943323624999758,0.9491264131551901
307.6699119999958,3.360038560608713,0.0,307.404983999998,2.0443963338394755,0.9121274409044193
307.92380899999597,3.237487660571273,0.0,307.6382979999981,2.10681933850447,0.8550873586844808
308.16984699999585,3.0485824820566627,0.0,307.8903959999981,2.151009370932698,0.813549160671463
308.420933999996,2.84137595267544,0.11562178828365878,308.12986399999824,2.159385316908086,0.8015587529976019
308.6642669999961,2.6611146534557255,0.3039568345323741,308.3817469999983,2.132694954753316,0.8315347721822544
308.9066239999961,2.540098671459216,0.4262589928057554,308.62773799999826,2.0831478865337383,0.8735868448098663
309.15255199999626,2.4986690620442245,0.46942446043165464,308.8773859999982,2.026347640331279,0.9244604316546762
309.41304699999654,2.5432200220761856,0.42386091127098324,309.1210789999981,1.9752990870088318,0.9645426515930112
309.6525589999966,2.66169113793286,0.3039568345323741,309.3851429999982,1.9344063075924647,0.9999999999999999
309.9030099999965,2.823753288568716,0.12872559095580674,309.6194229999982,1.8971260868969497,0.9999999999999999
310.15849199999656,2.989628928719336,0.008478931140801614,309.8714259999983,1.8521260667870607,0.9999999999999999
310.39702199999687,3.123550297938068,0.0,310.1206109999982,1.7909179809227584,0.9999999999999999
310.64057699999694,3.2089608474021643,0.0,310.35735299999817,1.7123883546289047,0.9999999999999999
310.88484099999664,3.2484803114685126,0.0,310.62085899999835,1.6211433695783533,0.9999999999999999
311.13143599999665,3.2527516786024924,0.0,310.86165799999844,1.52592344253542,0.9999999999999999
311.3799369999968,3.228207240319456,0.0,311.1037229999985,1.4399033241639012,0.9999999999999999
311.6294439999968,3.1766219735453873,0.0,311.3516209999987,1.380275352822469,0.9999999999999999
311.87976499999655,3.1015928061361278,0.0,311.6075509999988,1.363109884185146,0.9999999999999999
312.1291079999966,3.0125603970607076,0.0,311.8723899999987,1.39420561582914,0.9999999999999999
312.3700779999965,2.9211940650893076,0.06474820143884892,312.1005999999988,1.463269000705793,0.9999999999999999
312.62005999999644,2.829998906045356,0.1256423432682425,312.34357099999914,1.5473860351258955,0.9999999999999999
312.8801879999965,2.7247882614506853,0.23321342925659466,312.5919649999991,1.6222364842997778,0.9999999999999999
313.1174909999966,2.5869955574646784,0.3770983213429257,312.8419699999992,1.6731045837694412,0.9999999999999999
313.35950999999665,2.417265458702886,0.5569544364508394,313.0895549999991,1.7003856559012136,0.9999999999999999
313.6066959999966,2.23979490764449,0.7296163069544366,313.3324369999991,1.7172553695465644,0.9999999999999999
313.86014999999657,2.089818555396251,0.86896197327852,313.57464499999895,1.7394437775357983,0.9999999999999999
314.1080779999967,1.99854645795275,0.9468139773895169,313.82610899999906,1.7753256031798998,0.9999999999999999
314.35355699999667,1.9788689873901966,0.9637718396711201,314.07872699999905,1.8222764579672752,0.9999999999999999
314.61112699999694,2.01568939170646,0.9337101747173688,314.3205709999989,1.8681541928438943,0.9999999999999999
314.85157499999684,2.0722670396860314,0.8843782117163411,314.5696319999988,1.9012174386123657,0.9999999999999999
315.09492899999714,2.106231669978814,0.8550873586844808,314.81521499999866,1.91794991198301,0.9999999999999999
315.3432289999973,2.0888424286129754,0.86896197327852,315.07853899999856,1.9247379108433889,0.9999999999999999
315.5916309999972,2.0137822585650382,0.9360226104830421,315.31058099999893,1.934810082003033,0.9999999999999999
315.83674999999727,1.8964747645416264,0.9999999999999999,315.557338999999,1.9623609157866027,0.9768756423432681
316.0888069999973,1.76722673726255,0.9999999999999999,315.8073289999989,2.010445852556503,0.9367934224049331
316.3307259999972,1.659913699153422,0.9999999999999999,316.05732599999897,2.0688310263608423,0.8882322713257964
316.58072299999736,1.6010748849612086,0.9999999999999999,316.2994269999989,2.116672756833703,0.8483213429256595
316.8371399999974,1.6056068115071318,0.9999999999999999,316.5539089999989,2.1292132131635184,0.8387290167865707
317.07710899999756,1.6811004135992644,0.9999999999999999,316.79803199999884,2.08927012472592,0.86896197327852
317.3189929999975,1.8279352701598512,0.9999999999999999,317.0500969999988,1.9997733423256494,0.9460431654676258
317.5739899999974,2.03049609656235,0.9244604316546762,317.29204899999877,1.8845105820565566,0.9999999999999999
317.81738599999744,2.2555546693831876,0.7152278177458035,317.5428389999987,1.777452355503777,0.9999999999999999
318.0628829999972,2.467548264653743,0.5053956834532375,317.7895019999986,1.7070519629743606,0.9999999999999999
318.3123589999975,2.641997236150318,0.32314148681055155,318.0367449999986,1.6854752641933837,0.9999999999999999
318.58638399999757,2.7636638128801345,0.1888489208633093,318.2852319999986,1.7088684698054823,0.9999999999999999
318.80831899999754,2.8237720555911743,0.12872559095580674,318.54044199999856,1.7624202322388391,0.9999999999999999
319.0831519999976,2.822124763147027,0.13180883864337098,318.7775189999987,1.8264918639898289,0.9999999999999999
319.30629899999735,2.7778765638880207,0.1660671462829736,319.0314869999989,1.8868250359248973,0.9999999999999999
319.55370299999714,2.7287525251217644,0.2284172661870503,319.27227399999884,1.9375513486288511,0.9999999999999999
319.80751799999734,2.715500437070322,0.25119904076738614,319.54491099999905,1.9819858214374688,0.961459403905447
320.0524659999975,2.758516261232043,0.19364508393285368,319.7638359999987,2.030067561860845,0.9244604316546762
320.2954149999975,2.8523126894600628,0.10637204522096606,320.0142569999987,2.0904827771856054,0.86896197327852
320.5428299999976,2.976441803151947,0.01772867420349433,320.2658909999987,2.162172165451863,0.7979616306954437
320.7920429999975,3.1059361865072557,0.0,320.51137999999867,2.235168969699448,0.7320143884892086
321.0536099999975,3.218438571429054,0.0,320.75992799999887,2.299782300601064,0.6684652278177459
321.2916209999976,3.3013493567027314,0.0,321.0144209999991,2.35105174313604,0.6193045563549161
321.5359549999978,3.351988601680722,0.0,321.2672929999991,2.386100330836929,0.5857314148681056
321.7799229999977,3.374272955097779,0.0,321.50207099999926,2.4126861698841475,0.5629496402877698
322.0303709999979,3.3738670484794673,0.0,321.7459319999991,2.4535549884927446,0.526978417266187
322.293436999998,3.350772173586783,0.0,321.9965439999991,2.5280537766574587,0.43944844124700244
322.5311719999978,3.2956826855686985,0.0,322.2433179999992,2.62641650296366,0.3399280575539569
322.7730269999978,3.190719569054907,0.0,322.49442699999895,2.7117546009921636,0.25479616306954433
323.015890999998,3.026489634823772,0.0,322.764398999999,2.747381633319505,0.20443645083932857
323.2629189999981,2.820802383458301,0.13257965056526208,322.9948959999991,2.7186043395534707,0.24760191846522778
323.5194379999983,2.611752015153298,0.35311750599520386,323.23182099999923,2.6270985804799944,0.3363309352517985
323.7663209999983,2.429881840671576,0.5473621103117506,323.4792559999993,2.490266344394132,0.4802158273381294
324.01384399999836,2.289828463963894,0.6780575539568346,323.7302249999992,2.335297352033745,0.6348920863309352
324.26338399999827,2.1971266590039855,0.7679856115107914,323.97611799999953,2.1922441101448698,0.7727817745803357
324.5012619999984,2.1469308060356807,0.8183453237410073,324.2282569999998,2.0863684428230727,0.8712744090441932
324.7526839999986,2.1232494593148052,0.8435251798561151,324.47011699999996,2.031394227166008,0.9236896197327852
325.00074599999874,2.105530837237304,0.8550873586844808,324.7193879999999,2.0251888705693193,0.9244604316546762
325.2468869999987,2.0835283224329904,0.8728160328879753,324.9613120000002,2.048065428793122,0.909044193216855
325.5042789999986,2.064524617057391,0.895169578622816,325.22382200000015,2.0666150603888167,0.8913155190133606
325.7458309999986,2.0683906078768626,0.8882322713257964,325.4612500000002,2.049349590842948,0.9075025693730729
325.98845899999867,2.1199378166337888,0.8447242206235013,325.71622000000013,1.9827901207577958,0.961459403905447
326.2428909999988,2.239125856649413,0.7308153477218226,325.9675939999999,1.8736907704356611,0.9999999999999999
326.4857369999986,2.433132297575034,0.5461630695443644,326.210888,1.7401189226692628,0.9999999999999999
326.7608999999986,2.6890423627153757,0.2823741007194244,326.45381800000007,1.600852370058931,0.9999999999999999
326.97764899999873,2.9702878209035752,0.02158273381294967,326.698207,1.4708194602273357,0.9999999999999999
327.2312979999987,3.2261994407160657,0.0,326.949631,1.3598639649681548,0.9999999999999999
327.4777389999985,3.4106836840209978,0.0,327.21562100000017,1.2733590287796732,0.9999999999999999
327.7206069999984,3.4950464574790474,0.0,327.4431100000005,1.2131250173261308,0.9999999999999999
327.96865199999854,3.475220049577323,0.0,327.6887200000004,1.1785675074064852,0.9999999999999999
328.2226919999986,3.3699306835108387,0.0,327.93435400000055,1.1665590727402164,0.9999999999999999
328.4702299999989,3.216368015360653,0.0,328.18268000000035,1.1717126265240698,0.9999999999999999
328.7084899999989,3.0668548531826993,0.0,328.43391200000013,1.1888253825718416,0.9999999999999999
328.96851599999906,2.9746179726811377,0.01849948612538543,328.68365700000004,1.2167731470267948,0.9999999999999999
329.20898999999923,2.97340931643272,0.01927029804727645,328.92913400000003,1.2624898237057753,0.9999999999999999
329.4609809999994,3.0697792990726493,0.0,329.1779380000001,1.3386544107515999,0.9999999999999999
329.7053749999996,3.2454280475508006,0.0,329.42625600000014,1.452526989091508,0.9999999999999999
329.9703419999998,3.460324990689727,0.0,329.67128900000034,1.5985539273729796,0.9999999999999999
330.20171599999964,3.662874185498188,0.0,329.91417300000046,1.7586401996406382,0.9999999999999999
330.44815499999953,3.8012728455780476,0.0,330.17129500000055,1.9086036637483703,0.9999999999999999
330.69360999999964,3.8387786406239055,0.0,330.4265660000005,2.0273089469064582,0.9244604316546762
330.950474,3.76599558271545,0.0,330.6599680000003,2.105307516507647,0.8550873586844808
331.19847299999986,3.6038168907928334,0.0,330.9131280000001,2.1520351009101244,0.8099520383693045
331.43905799999976,3.3968048306614014,0.0,331.167974,2.1944029923680644,0.7703836930455636
331.6868949999999,3.1958404459653558,0.0,331.407923,2.2568861380860663,0.7128297362110313
331.93342000000007,3.0377813372561504,0.0,331.64942,2.339896832394986,0.632494004796163
332.18426700000003,2.934177942131831,0.05704008221993833,331.89696700000025,2.4199009764988544,0.5557553956834532
332.4289080000001,2.8718183814851916,0.09249743062692699,332.1462690000003,2.4713442202421465,0.5041966426858513
332.676257,2.821658020442869,0.13180883864337098,332.4095660000002,2.484438957665473,0.4910071942446044
332.9233689999999,2.7563532321631303,0.19484412470023982,332.64202500000033,2.463057647623596,0.5149880095923262
333.17922600000014,2.667396737193732,0.2979616306954437,332.89904800000056,2.4157994952226165,0.5617505995203838
333.4202370000003,2.5644502446428565,0.4046762589928058,333.1319370000002,2.349547972165583,0.6193045563549161
333.66726300000045,2.4616892447958425,0.5149880095923262,333.3812730000001,2.2681489023551773,0.7008393285371703
333.91719900000055,2.3687431000669097,0.6025179856115108,333.63640100000026,2.175177438302619,0.788369304556355
334.1671230000007,2.28800018612413,0.6816546762589928,333.8784670000002,2.078868117127838,0.8758992805755396
334.43313400000096,2.2143162836848416,0.7535971223021585,334.1198230000003,1.9961233470028958,0.947584789311408
334.6615170000009,2.137790712414063,0.8279376498800961,334.3778230000003,1.9467566983564857,0.9915210688591983
334.91412200000065,2.048803496160534,0.9075025693730729,334.6148900000002,1.941763525822909,0.9953751284686536
335.1528280000007,1.9455898202708104,0.9915210688591983,334.86573400000043,1.9740738509695783,0.9653134635149023
335.40369100000066,1.837874116505409,0.9999999999999999,335.1168780000005,2.0166156881066613,0.9329393627954778
335.6429500000006,1.7382001963653073,0.9999999999999999,335.3616470000005,2.0347475976613763,0.9213771839671119
335.90001000000075,1.653619012689835,0.9999999999999999,335.6111060000007,2.0074508041770973,0.9406474820143884
336.1443360000008,1.5860673469937847,0.9999999999999999,335.8575070000006,1.9369738439149626,0.9999999999999999
336.3972560000008,1.5343519060485482,0.9999999999999999,336.10865500000074,1.8453076730689255,0.9999999999999999
336.64535400000074,1.498507793137624,0.9999999999999999,336.351425000001,1.760296726982318,0.9999999999999999
336.89031100000074,1.4827280214502674,0.9999999999999999,336.600533000001,1.6996924403827265,0.9999999999999999
337.1297880000007,1.4951575572174907,0.9999999999999999,336.857867000001,1.6672181011905323,0.9999999999999999
337.38339800000074,1.5434599574442125,0.9999999999999999,337.09281000000107,1.6562098404966838,0.9999999999999999
337.64341700000085,1.6278640604175423,0.9999999999999999,337.350891000001,1.659518299117709,0.9999999999999999
337.8713280000007,1.7345981232429826,0.9999999999999999,337.58843300000103,1.6762771005856056,0.9999999999999999
338.1232490000007,1.8350016023942317,0.9999999999999999,337.83544000000114,1.7087399209451533,0.9999999999999999
338.3792350000006,1.8981803241564612,0.9999999999999999,338.09974400000124,1.756490774913416,0.9999999999999999
338.62376400000073,1.911685536065992,0.9999999999999999,338.3306570000011,1.8110888960819107,0.9999999999999999
338.86072600000097,1.8857353524472773,0.9999999999999999,338.58124500000093,1.8626589049147184,0.9999999999999999
339.1081230000011,1.8399664384519676,0.9999999999999999,338.83218100000096,1.9047052087957574,0.9999999999999999
339.355716000001,1.7912010408133157,0.9999999999999999,339.0812320000011,1.9336340459812507,0.9999999999999999
339.606058000001,1.7494391186619134,0.9999999999999999,339.322649000001,1.9474057112439715,0.9915210688591983
339.85462200000126,1.7192296905304592,0.9999999999999999,339.5704880000009,1.9454776763299995,0.9915210688591983
340.1010210000014,1.7003301927541796,0.9999999999999999,339.82349500000095,1.9293498468986825,0.9999999999999999
340.3500830000015,1.6907696533391887,0.9999999999999999,340.06200300000097,1.9024239491962471,0.9999999999999999
340.59847400000166,1.6911008081544343,0.9999999999999999,340.31412500000107,1.868822250231039,0.9999999999999999
340.85952400000195,1.7058399204049017,0.9999999999999999,340.5721760000011,1.8330802094790506,0.9999999999999999
341.09051000000204,1.7422176837893693,0.9999999999999999,340.8069550000011,1.799158469701774,0.9999999999999999
341.34638400000176,1.8061582046351303,0.9999999999999999,341.0546310000011,1.7711748818878486,0.9999999999999999
341.58832400000176,1.8947474237368178,0.9999999999999999,341.3102890000011,1.7538181063890024,0.9999999999999999
341.8343130000019,1.9964223450831302,0.947584789311408,341.560274000001,1.752138351398835,0.9999999999999999
342.112393000002,2.0951408342684275,0.8658787255909558,341.801136000001,1.7732977743912324,0.9999999999999999
342.334149000002,2.1758743228970063,0.7871702637889688,342.0522510000011,1.8255439729344607,0.9999999999999999
342.58672800000215,2.2309375059742993,0.7332134292565947,342.2982440000013,1.9112010254990186,0.9999999999999999
342.82573600000194,2.2618520695323827,0.7068345323741009,342.5715600000014,2.018770695716333,0.9283144912641315
343.07754500000226,2.278006897614852,0.6876498800959233,342.7967310000014,2.1227683461243916,0.8447242206235013
343.3306140000024,2.293551195360718,0.6744604316546763,343.0357400000014,2.194033462914882,0.7703836930455636
343.57057400000235,2.321549275180708,0.6480815347721822,343.2866350000015,2.2110452017435995,0.7535971223021585
343.81745800000226,2.369156226072092,0.6025179856115108,343.5402430000017,2.166982823688915,0.7955635491606714
344.0796640000023,2.434306585695273,0.5461630695443644,343.79019500000175,2.068966118210358,0.8874614594039054
344.31122300000237,2.512384556101857,0.4562350119904077,344.0352060000018,1.9400783672536086,0.9984583761562178
344.5587810000026,2.603693361832856,0.3639088729016786,344.2696440000019,1.8143933780865593,0.9999999999999999
344.80877800000286,2.7142446306651844,0.25239808153477217,344.52649600000177,1.7257785343892453,0.9999999999999999
345.05357500000304,2.8580617810441833,0.1017471736896197,344.76749400000176,1.6947785793190904,0.9999999999999999
345.3172020000031,3.0400087476818767,0.0,345.01338400000185,1.7196570563756615,0.9999999999999999
345.55047300000336,3.2312966542360004,0.0,345.26551500000187,1.7787845917562555,0.9999999999999999
345.8004370000035,3.391464709782724,0.0,345.5067660000019,1.8431387712582001,0.9999999999999999
346.04648000000356,3.50036638757449,0.0,345.77288500000157,1.8872539676525597,0.9999999999999999
346.2952840000032,3.552077408107598,0.0,346.00065600000175,1.895291631752837,0.9999999999999999
346.53769200000306,3.5494874923212287,0.0,346.2515710000016,1.86422230834451,0.9999999999999999
346.785749000003,3.5053921433037916,0.0,346.5015520000018,1.8025980859171227,0.9999999999999999
347.0373320000031,3.4404226291200315,0.0,346.7486540000018,1.7241579115049452,0.9999999999999999
347.28638300000307,3.3791704121343122,0.0,346.9949160000018,1.6402526140000617,0.9999999999999999
347.53438700000294,3.3424548472689595,0.0,347.25000300000187,1.5579148459300547,0.9999999999999999
347.77990900000304,3.341561390595574,0.0,347.4943740000019,1.4823377160656208,0.9999999999999999
348.029236000003,3.3755200950126487,0.0,347.756979000002,1.4187562053571328,0.9999999999999999
348.281309000003,3.425201868180053,0.0,347.986383000002,1.3718238422439624,0.9999999999999999
348.52960300000296,3.4592334019595175,0.0,348.230302000002,1.3457633152478186,0.9999999999999999
348.77020800000275,3.4476809623212654,0.0,348.48312600000196,1.3410791168879561,0.9999999999999999
349.01621000000273,3.374385451033709,0.0,348.7343010000019,1.3506487899650135,0.9999999999999999
349.2630900000026,3.2413120932792334,0.0,348.98355700000207,1.3587776483713931,0.9999999999999999
349.5201460000027,3.0644913244726633,0.0,349.2224580000021,1.3481090710221495,0.9999999999999999
349.76265400000295,2.865893934055797,0.09558067831449123,349.4666880000022,1.308640433850037,0.9999999999999999
350.0036860000029,2.6655473357806367,0.2991606714628297,349.7182820000023,1.2417575848522449,0.9999999999999999
350.25822700000276,2.480576079019561,0.4946043165467625,349.96505600000216,1.1607066292858157,0.9999999999999999
350.5011120000029,2.3267266673164686,0.6432853717026378,350.2111680000024,1.0878324830904533,0.9999999999999999
350.758516000003,2.2168593156374983,0.75,350.46424000000246,1.0475526098958994,0.9999999999999999
350.99849100000324,2.1561656322180704,0.8087529976019187,350.7087170000026,1.0575017664690118,0.9999999999999999
351.2424750000032,2.1378074552059503,0.8279376498800961,350.95510700000267,1.1198325437404555,0.9999999999999999
351.49152500000315,2.147265346250287,0.8183453237410073,351.2001050000028,1.216851052360374,0.9999999999999999
351.75040800000335,2.1710778302756406,0.7919664268585132,351.44698100000284,1.320359037151774,0.9999999999999999
351.98296500000356,2.20240716948366,0.7583932853717028,351.70005800000297,1.4047914427660078,0.9999999999999999
352.23341500000373,2.240771395605362,0.7272182254196642,351.94604700000303,1.4614274054077514,0.9999999999999999
352.48778200000385,2.2920293066837356,0.6744604316546763,352.1898420000029,1.4996118767298645,0.9999999999999999
352.727801000004,2.368941073855763,0.6025179856115108,352.4378820000032,1.5381656074117496,0.9999999999999999
352.995672000004,2.4827413527601254,0.4946043165467625,352.68737600000355,1.5948920453212272,0.9999999999999999
353.22859800000396,2.634395231913885,0.33153477218225413,352.9377550000035,1.679667385199499,0.9999999999999999
353.47341900000396,2.8132677493545435,0.13874614594039056,353.18636400000344,1.7871097262468294,0.9999999999999999
353.7178630000039,3.0040395328908085,0.0015416238437821193,353.44321100000343,1.8989278634578701,0.9999999999999999
353.9653010000037,3.191064723424008,0.0,353.68033700000336,1.99820714798971,0.9468139773895169
354.2138260000037,3.354582515697403,0.0,353.9252750000034,2.0786071836262203,0.8758992805755396
354.46274000000375,3.4637146311331697,0.0,354.1697640000033,2.143366933424336,0.8219424460431656
354.71076700000384,3.4817477000046044,0.0,354.4178070000035,2.2012915041766625,0.7595923261390888
354.9607990000043,3.387826508981486,0.0,354.6671420000035,2.259540857604888,0.710431654676259
355.20367500000447,3.1932099680205868,0.0,354.9162020000034,2.315486309666074,0.6528776978417266
355.46225500000435,2.935702955897793,0.05472764645426519,355.1663390000033,2.3547486448698924,0.6157074340527577
355.7002350000044,2.6592897076115505,0.30515587529976024,355.4153020000034,2.362413266544383,0.6073141486810552
355.94696400000436,2.3998767792230637,0.5737410071942446,355.65928400000365,2.332914964317161,0.6372901678657075
356.1969440000043,2.182266512571159,0.7799760191846524,355.9193020000037,2.2688967067512342,0.6984412470023982
356.4433670000042,2.0195235114210934,0.9283144912641315,356.14876800000366,2.17836305968364,0.7823741007194245
356.69081600000425,1.9098715085532851,0.9999999999999999,356.39686600000374,2.0734674949835448,0.8820657759506679
356.93670000000424,1.8374016258478703,0.9999999999999999,356.6621010000039,1.9732133223251838,0.9660842754367934
357.1839120000042,1.7815881649952388,0.9999999999999999,356.8920430000038,1.9052557050032508,0.9999999999999999
357.43733200000406,1.727165689798365,0.9999999999999999,357.14607500000363,1.9051898696516052,0.9999999999999999
357.6838940000042,1.6682750379558995,0.9999999999999999,357.3910020000039,2.004827083685056,0.9421891058581705
357.92496000000455,1.6054007251927804,0.9999999999999999,357.63939600000396,2.203214443239168,0.7571942446043167
358.1790340000046,1.5414162827827886,0.9999999999999999,357.88500100000374,2.449236397154503,0.5329736211031175
358.43703600000464,1.480304788693429,0.9999999999999999,358.13988700000385,2.670972385127418,0.2955635491606715
358.67895200000464,1.428841998271645,0.9999999999999999,358.3777730000042,2.811997550179029,0.13874614594039056
358.92962700000476,1.3966884349870008,0.9999999999999999,358.63663600000416,2.847371997272292,0.10868448098663928
359.16958700000464,1.3929599906286985,0.9999999999999999,358.87871300000444,2.783844021430342,0.16247002398081536
359.42163200000437,1.4212025345666568,0.9999999999999999,359.1201080000047,2.6495710353054287,0.317146282973621
359.66031400000423,1.4751144355091894,0.9999999999999999,359.3657600000046,2.481685759300475,0.4946043165467625
359.91432000000435,1.5377809373670948,0.9999999999999999,359.61417700000464,2.3154739567376175,0.6528776978417266
360.1559360000042,1.5891890993799158,0.9999999999999999,359.8648600000046,2.178289861445691,0.7835731414868106
360.40332400000426,1.6155472510910251,0.9999999999999999,360.11830000000464,2.0836481695628817,0.8728160328879753
360.67320900000436,1.614048915792148,0.9999999999999999,360.3593970000044,2.0342819383160045,0.9213771839671119
360.89668000000455,1.5916634872750541,0.9999999999999999,360.6074040000045,2.0204764085776037,0.9283144912641315
361.1480640000044,1.5606800601739255,0.9999999999999999,360.8574340000048,2.019909771919876,0.9283144912641315
361.39850800000454,1.5331874742203684,0.9999999999999999,361.12280200000487,2.0100118816573747,0.9375642343268242
361.6425010000044,1.518998399708191,0.9999999999999999,361.35309100000507,1.9784202249200833,0.9637718396711201
361.8897000000044,1.5262998783008115,0.9999999999999999,361.59746600000517,1.9278799904852422,0.9999999999999999
362.14474400000427,1.5571559574387015,0.9999999999999999,361.85001200000517,1.8717971490802614,0.9999999999999999
362.39672300000404,1.6048562958960653,0.9999999999999999,362.09600000000535,1.8282051709846667,0.9999999999999999
362.6336060000043,1.6586849812844642,0.9999999999999999,362.3373930000053,1.8139206362924787,0.9999999999999999
362.8861990000045,1.7123086640251988,0.9999999999999999,362.5828180000054,1.8412910670896752,0.9999999999999999
363.12862300000467,1.7673871441877451,0.9999999999999999,362.8294420000054,1.9146293091756492,0.9999999999999999
363.3794470000047,1.8291835049630125,0.9999999999999999,363.0763560000056,2.027916432787371,0.9244604316546762
363.6313120000048,1.9029096845875761,0.9999999999999999,363.32778300000575,2.1619146501723,0.7979616306954437
363.87874100000505,1.9911951228863891,0.9522096608427543,363.58588700000575,2.287041167221604,0.682853717026379
364.1218320000052,2.0970865563217806,0.8658787255909558,363.84272000000584,2.3747917286210796,0.5965227817745803
364.37034700000527,2.2253115961921943,0.7392086330935254,364.0669270000059,2.4125028238530444,0.5629496402877698
364.6136510000051,2.3777316873571768,0.5917266187050358,364.32172000000617,2.4070640162556245,0.5665467625899281
364.8610730000051,2.546381196036301,0.4190647482014389,364.5658030000062,2.371208007348515,0.5989208633093526
365.1074050000051,2.712936988955043,0.25479616306954433,364.81126300000614,2.313776060857461,0.655275779376499
365.3573830000049,2.8584517622140866,0.10097636176772869,365.0602570000062,2.2383152536693682,0.7308153477218226
365.6113570000046,2.964377417109695,0.027749229188078147,365.3051570000061,2.148960621570545,0.8171462829736212
365.85328200000464,3.014637432301542,0.0,365.5554720000062,2.052328874489612,0.9051901336073997
366.1028070000047,3.0009671903780637,0.0030832476875642385,365.8034060000062,1.95665964896464,0.9815005138746145
366.3466800000047,2.9271227844080645,0.06089414182939359,366.04978200000613,1.8698178162833794,0.9999999999999999
366.59837900000485,2.807600487818497,0.1410585817060637,366.29926800000624,1.797190883079734,0.9999999999999999
366.850541000005,2.6643981320527423,0.30275779376498807,366.5453740000061,1.742136816105638,0.9999999999999999
367.09546900000527,2.5194551853186464,0.4490407673860911,366.79434400000616,1.7078680312739103,0.9999999999999999
367.3394740000053,2.388719193782224,0.5809352517985612,367.0534420000061,1.6955419030940393,0.9999999999999999
367.58223500000537,2.2796499910488617,0.6876498800959233,367.28507900000614,1.7009505988456342,0.9999999999999999
367.83787000000547,2.192173500219424,0.7727817745803357,367.5515610000061,1.7156651659183342,0.9999999999999999
368.08044800000516,2.1218553794893937,0.8447242206235013,367.78416900000616,1.7285436784590387,0.9999999999999999
368.34244000000484,2.063660398522167,0.895940390544707,368.03149300000615,1.7280355761754187,0.9999999999999999
368.57937600000463,2.0161618312094687,0.9329393627954778,368.2757860000059,1.7099491032957093,0.9999999999999999
368.8288210000048,1.9814707130239786,0.961459403905447,368.5269220000059,1.6810410681815053,0.9999999999999999
369.0773970000048,1.9602468336783536,0.9799588900308324,368.79083800000586,1.6575187053569294,0.9999999999999999
369.31725800000464,1.9478712457761351,0.9907502569373072,369.0343960000056,1.6583174108774426,0.9999999999999999
369.5731680000046,1.9359978819827877,0.9999999999999999,369.27081600000565,1.6968261469382349,0.9999999999999999
369.8116310000046,1.9180328691011506,0.9999999999999999,369.51318500000576,1.7763218979317361,0.9999999999999999
370.06406300000447,1.8907511158650614,0.9999999999999999,369.7616170000059,1.8898740419499607,0.9999999999999999
370.3116110000047,1.8570706185809596,0.9999999999999999,370.01159700000585,2.023607230872762,0.9267728674203494
370.55645000000476,1.8248172102113522,0.9999999999999999,370.25846900000573,2.1584090895809895,0.8027577937649881
370.80252900000494,1.801321679490873,0.9999999999999999,370.5109090000058,2.2743772435072844,0.6888489208633094
371.05957200000523,1.7910023234706012,0.9999999999999999,370.7534270000059,2.355751512045958,0.6157074340527577
371.29488300000526,1.7908681865196763,0.9999999999999999,371.0008800000058,2.3939130221344826,0.577338129496403
371.5588640000052,1.7915858283408488,0.9999999999999999,371.2515230000059,2.3889986552882725,0.5809352517985612
371.7922750000052,1.7841198363999864,0.9999999999999999,371.49888200000584,2.34856919822104,0.6193045563549161
372.04429900000514,1.770183176664768,0.9999999999999999,371.75611800000587,2.2873908097068574,0.682853717026379
372.2969130000055,1.7632145775603336,0.9999999999999999,371.99557700000594,2.2263192419449167,0.7392086330935254
372.5413360000055,1.7770152776658286,0.9999999999999999,372.2379230000058,2.191687198326578,0.7739808153477219
372.7814940000057,1.8163336096050187,0.9999999999999999,372.491001000006,2.205849440062865,0.7559952038369305
373.02998700000563,1.8742970636146559,0.9999999999999999,372.735475000006,2.2773907190428195,0.6876498800959233
373.27947200000557,1.9392772286410325,0.9992291880781089,372.981956000006,2.393229493625503,0.577338129496403
373.52492800000545,1.9999734667260516,0.9452723535457347,373.25797400000585,2.520772014126546,0.44664268585131894
373.7729710000056,2.049152683821371,0.9075025693730729,373.47507400000615,2.623925660284284,0.34232613908872905
374.02133000000566,2.0889993698756153,0.86896197327852,373.73151300000626,2.6788097546048597,0.289568345323741
374.2819310000058,2.1301855669560736,0.8363309352517987,373.9758540000062,2.675759724884339,0.289568345323741
374.5204810000058,2.184263600543005,0.7799760191846524,374.2284170000064,2.6149178873974073,0.3495203836930455
374.76780800000586,2.253242015749438,0.7164268585131894,374.4664840000064,2.506820043432152,0.46103117505995206
375.0177950000058,2.3289567678850633,0.6408872901678657,374.71938000000625,2.3717828386140245,0.5989208633093526
375.26710900000575,2.399133103973654,0.5737410071942446,374.96332200000614,2.235389665874572,0.7320143884892086
375.51513300000573,2.4552468047312983,0.5245803357314149,375.2131350000062,2.120116816295754,0.8447242206235013
375.75423200000586,2.4934616182534306,0.47781774580335734,375.47410200000627,2.040018793339032,0.9136690647482014
376.01918300000597,2.508092958128132,0.4586330935251799,375.70906200000644,2.0009908940880825,0.9445015416238437
376.2517560000062,2.488692069033759,0.48381294964028776,375.95302600000633,2.0007282456446744,0.9445015416238437
376.4976470000063,2.4263094447290094,0.5485611510791367,376.20445500000665,2.0270705756826652,0.9244604316546762
376.74804000000626,2.319510801328458,0.6504796163069545,376.4642280000067,2.05669416560714,0.8990236382322713
376.9898810000063,2.1771018663556023,0.7835731414868106,376.70232000000686,2.06849799031588,0.8882322713257964
377.24590800000647,2.0165004309658334,0.9329393627954778,376.948193000007,2.056910963325375,0.8982528263103802
377.4877860000067,1.8599558507902199,0.9999999999999999,377.19407900000704,2.0269279354246605,0.9244604316546762
377.73763900000654,1.7255816010270402,0.9999999999999999,377.432953000007,1.9831126236569638,0.961459403905447
377.98819400000656,1.6216213497753071,0.9999999999999999,377.6874410000071,1.9260912321522279,0.9999999999999999
378.2350890000065,1.547945663965591,0.9999999999999999,377.93101600000716,1.8545155698292761,0.9999999999999999
378.48216100000667,1.5025685663362072,0.9999999999999999,378.1789320000071,1.7707180344337101,0.9999999999999999
378.73022500000667,1.4850678958284778,0.9999999999999999,378.43382800000694,1.6854992467649716,0.9999999999999999
378.97416300000674,1.4929059247107013,0.9999999999999999,378.6726400000071,1.6256359911074547,0.9999999999999999
379.2330940000067,1.5165559216638083,0.9999999999999999,378.9278030000069,1.6362716863545004,0.9999999999999999
379.4669230000068,1.5384202928929298,0.9999999999999999,379.1737910000067,1.764173666879687,0.9999999999999999
379.7211080000067,1.5415082261556758,0.9999999999999999,379.42620400000663,2.034864521666099,0.9213771839671119
379.96850800000675,1.5221354508545768,0.9999999999999999,379.67558800000654,2.4341213911728774,0.5461630695443644
380.22037400000664,1.493095520704264,0.9999999999999999,379.91288900000666,2.906152087175274,0.07245632065775952
380.45672200000683,1.4763959089862244,0.9999999999999999,380.1609580000066,3.368554009518555,0.0
380.7102770000067,1.4944131246047447,0.9999999999999999,380.4087810000067,3.7314789165543174,0.0
380.9639930000065,1.5599772683165167,0.9999999999999999,380.6593930000067,3.9226964010139125,0.0
381.2166900000064,1.6703150071647008,0.9999999999999999,380.9008320000067,3.9161294335229746,0.0
381.4582810000064,1.8038478250694767,0.9999999999999999,381.15105100000653,3.7466064960386873,0.0
381.7038500000063,1.9248156211694065,0.9999999999999999,381.40010000000643,3.495958313689275,0.0
381.94746000000634,1.9954639407167343,0.947584789311408,381.64595000000634,3.2540410081617397,0.0
382.1965470000064,1.9950938384439456,0.948355601233299,381.89904300000654,3.0830393047449878,0.0
382.4489530000065,1.9288170760810819,0.9999999999999999,382.14744000000644,3.008177315898123,0.0
382.69599700000634,1.824083567680778,0.9999999999999999,382.3964210000065,3.0235248826290553,0.0
382.94551800000636,1.7185083049739318,0.9999999999999999,382.6373090000067,3.106123909876436,0.0
383.1814780000063,1.6449741795697568,0.9999999999999999,382.89308900000685,3.227234458432702,0.0
383.44247500000637,1.6233771223907338,0.9999999999999999,383.1320630000066,3.358224506053538,0.0
383.6972680000062,1.6585676341663282,0.9999999999999999,383.38091300000656,3.47134843320112,0.0
383.9353080000063,1.7449433228781213,0.9999999999999999,383.63481600000677,3.546948027062478,0.0
384.176428000006,1.8721499489510611,0.9999999999999999,383.8792470000067,3.5748651291850524,0.0
384.42574700000597,2.023209986947815,0.9267728674203494,384.13621100000677,3.551752667946851,0.0
384.6757190000061,2.167764123478458,0.7955635491606714,384.37766700000657,3.4818552608139397,0.0
384.91712000000626,2.265727305651498,0.7032374100719425,384.61945800000666,3.378744443459638,0.0
385.1663780000065,2.2897961671923612,0.6780575539568346,384.8674480000067,3.260897099625535,0.0
385.4134080000067,2.2446381065070273,0.7212230215827339,385.1254820000066,3.1439282073888677,0.0
385.6622350000065,2.164192325315132,0.7979616306954437,385.364512000007,3.03634272249111,0.0
385.90940100000677,2.098090786141454,0.8651079136690647,385.605288000007,2.9373139054557607,0.05472764645426519
386.15773300000654,2.0933209810283966,0.8666495375128468,385.85647800000686,2.8340596762451136,0.12178828365878726
386.4007890000064,2.1769310844812226,0.7835731414868106,386.10198700000706,2.7118817333381875,0.25479616306954433
386.6503530000064,2.345635822548412,0.6229016786570745,386.3479550000071,2.5635999121170356,0.4046762589928058
386.9196640000064,2.5686108685127884,0.39868105515587526,386.59828100000726,2.394001268470709,0.577338129496403
387.1407800000063,2.7999820832699194,0.14491264131551895,386.84829000000707,2.216630981020161,0.75
387.38821200000615,2.9930341507239406,0.006937307297019495,387.0932710000071,2.0474108461730816,0.909815005138746
387.63818600000616,3.113696921230684,0.0,387.3481700000073,1.89919050374195,0.9999999999999999
387.88357500000615,3.1489491866235966,0.0,387.58780700000744,1.7810500941796,0.9999999999999999
388.14275400000605,3.113647443090548,0.0,387.84241200000764,1.6982354228242078,0.9999999999999999
388.3830970000061,3.0479750178756175,0.0,388.0880070000075,1.652981921161203,0.9999999999999999
388.6270390000063,2.9949325022415514,0.005395683453237376,388.32524800000755,1.644101562017862,0.9999999999999999
388.8785040000065,2.9744554716786764,0.01849948612538543,388.5742230000076,1.6638058359615462,0.9999999999999999
389.1250910000065,2.984835247172171,0.012332990750256954,388.82109400000775,1.6991366737779081,0.9999999999999999
389.3691700000065,3.0231079559104144,0.0,389.07753700000774,1.7364670900170545,0.9999999999999999
389.6223480000064,3.09179795009688,0.0,389.32252300000766,1.7645903571775907,0.9999999999999999
389.87183900000645,3.194499326513657,0.0,389.5619320000077,1.7746099985573915,0.9999999999999999
390.1223530000064,3.3246006637536345,0.0,389.81077000000766,1.7601242107072206,0.9999999999999999
390.3597430000066,3.461701687596168,0.0,390.0634650000076,1.7185783760272089,0.9999999999999999
390.6077910000065,3.571796907559765,0.0,390.30431500000776,1.6559975603653616,0.9999999999999999
390.8558360000066,3.6211780503693225,0.0,390.5742760000078,1.5875826324470779,0.9999999999999999
391.11082800000656,3.595444355009156,0.0,390.8082870000078,1.5327061904787622,0.9999999999999999
391.36320400000653,3.5049675457611977,0.0,391.052171000008,1.5059964513879376,0.9999999999999999
391.61134700000656,3.3758815169644807,0.0,391.29650000000817,1.5139904560196829,0.9999999999999999
391.84666600000645,3.2340683807119586,0.0,391.5464400000084,1.5533027395515726,0.9999999999999999
392.0930840000064,3.0948008292315463,0.0,391.80642500000846,1.613545274615813,0.9999999999999999
392.33803700000635,2.9585757706194253,0.0316032887975334,392.0451490000086,1.6808354273826775,0.9999999999999999
392.5911150000065,2.814214948502394,0.13797533401849946,392.28393000000847,1.7428909076587389,0.9999999999999999
392.8376230000065,2.6540845686708225,0.31115107913669066,392.53343500000875,1.7950594096962373,0.9999999999999999
393.0905480000065,2.484358124767647,0.49220623501199035,392.78441200000856,1.8394140174943114,0.9999999999999999
393.34841700000646,2.322314720063077,0.6480815347721822,393.0393470000086,1.878783436259388,0.9999999999999999
393.5759180000066,2.1887798823040696,0.775179856115108,393.27897700000864,1.9124930337123758,0.9999999999999999
393.83140600000655,2.101265913570863,0.8612538540596093,393.52736900000826,1.9388715935035676,0.9992291880781089
394.0799640000068,2.0688445557188713,0.8882322713257964,393.7743080000084,1.9569865744010593,0.9815005138746145
394.32267500000665,2.09161227141813,0.86896197327852,394.0220930000084,1.9665425926238136,0.9722507708119218
394.58575200000666,2.157992282567464,0.8039568345323742,394.2692140000082,1.9709362936449086,0.9668550873586844
394.8136460000067,2.247532321811572,0.7176258992805755,394.51561600000804,1.9792899221625335,0.9637718396711201
395.06869200000676,2.3398882074769944,0.632494004796163,394.759184000008,2.0126551916952713,0.9360226104830421
395.3107050000068,2.4216888989051264,0.554556354916067,395.02850900000794,2.1032969116494695,0.8589414182939362
395.55928800000686,2.4866078806008702,0.487410071942446,395.257470000008,2.281367345002944,0.6876498800959233
395.81662900000697,2.5321559990013327,0.43824940047961625,395.49870400000805,2.560868094506406,0.40827338129496393
396.06001600000707,2.5590476350008777,0.4094724220623501,395.749172000008,2.9445333838519705,0.047019527235354595
396.3116090000071,2.572930823377154,0.3914868105515588,396.000177000008,3.433563368749,0.0
396.55158200000693,2.580876376757407,0.38429256594724226,396.2501470000082,4.014837746223658,0.0
396.8060280000069,2.5818147596840832,0.3818944844124701,396.49648300000825,4.639877922950703,0.0
397.04938400000674,2.5671816992763015,0.40107913669064743,396.74091200000845,5.234139606320468,0.0
397.2896880000066,2.536596347581062,0.42985611510791366,396.99286800000857,5.729859527636002,0.0
397.5421990000066,2.5049131072653354,0.4634292565947242,397.24073900000866,6.093197729744944,0.0
397.79874900000664,2.4999117115028566,0.46822541966426867,397.4838140000089,6.325197497373416,0.0
398.0355170000068,2.5529173521020203,0.41426858513189446,397.73474900000906,6.446090384013301,0.0
398.2942190000066,2.6781978694052113,0.289568345323741,398.00066200000884,6.477280678873708,0.0
398.5314890000069,2.8712891464208417,0.09249743062692699,398.2317960000089,6.428251703550471,0.0
398.78570900000693,3.121949584247853,0.0,398.5028190000088,6.291142068639617,0.0
399.0467280000069,3.418642899772594,0.0,398.72305200000864,6.049941100294458,0.0
399.2777760000071,3.7517873791190945,0.0,398.9819240000086,5.697554467809319,0.0
399.51913800000716,4.119014446701447,0.0,399.21509800000854,5.252217471702471,0.0
399.76709100000704,4.521361842650015,0.0,399.4881590000087,4.756573604804586,0.0
400.0142570000069,4.94867428616847,0.0,399.7176650000086,4.264087653617313,0.0
400.2745170000072,5.3675289746390344,0.0,399.9671360000085,3.8144417438742666,0.0
400.5125410000072,5.706927873256926,0.0,400.2016520000085,3.429023357714206,0.0
400.76108600000737,5.868525427629284,0.0,400.4516340000085,3.1183750019080354,0.0
401.0035250000071,5.7685837719185376,0.0,400.7058510000086,2.883592671019531,0.08478931140801639
401.25703600000696,5.411485399821568,0.0,400.9491200000087,2.7160581017892773,0.24880095923261394
401.5120140000068,4.911997134536142,0.0,401.19408400000873,2.594576728929708,0.36870503597122295
401.75339200000695,4.404876110369985,0.0,401.4531600000085,2.491451394791747,0.4790167865707434
401.9964940000069,3.9648277508864487,0.0,401.6915340000088,2.38650786279605,0.5857314148681056
402.2547640000069,3.6059570303657478,0.0,401.9381660000087,2.27388590035388,0.6900479616306954
402.4931630000068,3.313404747650595,0.0,402.18815600000875,2.158048868566523,0.8039568345323742
402.73714500000693,3.0639303574216212,0.0,402.42952500000865,2.04557363167508,0.9121274409044193
402.98623300000685,2.838959435353746,0.11562178828365878,402.6955060000085,1.9398721084005088,0.9984583761562178
403.230393000007,2.6275366671732185,0.3363309352517985,402.93499500000854,1.8405276598744926,0.9999999999999999
403.47777900000716,2.4254553176603446,0.5509592326139089,403.1775260000086,1.7486047351336542,0.9999999999999999
403.7262450000072,2.236599335199481,0.7320143884892086,403.4317370000086,1.6830591874435514,0.9999999999999999
403.9742070000073,2.073858516558665,0.8812949640287769,403.67643300000867,1.6984813703357724,0.9999999999999999
404.2206650000074,1.9508247256872249,0.9868961973278519,403.9279650000085,1.8618525921155678,0.9999999999999999
404.4710830000072,1.8737366074128305,0.9999999999999999,404.1663550000086,2.2041305411749423,0.7559952038369305
404.7184880000073,1.8414118356875102,0.9999999999999999,404.42300100000875,2.7040455184460175,0.2643884892086331
404.97095800000733,1.8460138403470643,0.9999999999999999,404.660775000009,3.3055911485641625,0.0
405.2095970000073,1.8753944762724797,0.9999999999999999,404.90886000000904,3.9305290392875283,0.0
405.46468300000726,1.9130105757718976,0.9999999999999999,405.17031200000883,4.480685392805945,0.0
405.718463000007,1.9398972379184707,0.9984583761562178,405.4058040000087,4.850925104587555,0.0
405.95797500000725,1.9387391151500748,0.9992291880781089,405.6487250000087,4.97473042965746,0.0
406.2095500000073,1.9001203034700287,0.9999999999999999,405.91206000000886,4.8714370512933085,0.0
406.45757300000736,1.8271016600269645,0.9999999999999999,406.14522900000856,4.627325052033663,0.0
406.71870700000727,1.7355254560830748,0.9999999999999999,406.3955460000087,4.329723379666474,0.0
406.96028400000716,1.6479356135874494,0.9999999999999999,406.6468330000087,4.027995981967451,0.0
407.1981580000074,1.5825730653959202,0.9999999999999999,406.89022800000885,3.7295814239046345,0.0
407.4513640000073,1.5475328085191462,0.9999999999999999,407.1551650000089,3.426047226137902,0.0
407.69410200000715,1.543075783265102,0.9999999999999999,407.3932400000089,3.1150729575808995,0.0
407.93748700000714,1.5660106238052631,0.9999999999999999,407.6287110000089,2.804923677846339,0.14182939362795471
408.1858130000072,1.6106153891433885,0.9999999999999999,407.88418700000875,2.5107533511857842,0.4562350119904077
408.4364140000074,1.6677670057412501,0.9999999999999999,408.1305080000089,2.2472091645438717,0.7176258992805755
408.67642100000745,1.7263564733316747,0.9999999999999999,408.3809540000089,2.024389284197037,0.9260020554984583
408.9337740000075,1.7769689988447006,0.9999999999999999,408.62325400000896,1.8459854842786199,0.9999999999999999
409.1789320000077,1.8139037085974623,0.9999999999999999,408.8865970000089,1.7093342620928351,0.9999999999999999
409.43886400000775,1.8373672926605116,0.9999999999999999,409.1183750000088,1.6086652830717358,0.9999999999999999
409.6731980000078,1.8532955997610974,0.9999999999999999,409.37934000000917,1.5377935585518432,0.9999999999999999
409.92748700000794,1.8703356133477336,0.9999999999999999,409.6167130000094,1.492400876107326,0.9999999999999999
410.1876450000081,1.8939552263136423,0.9999999999999999,409.8606810000095,1.4702396905877175,0.9999999999999999
410.41704800000826,1.9246755328592366,0.9999999999999999,410.1082060000094,1.469786767732341,0.9999999999999999
410.6600330000084,1.963088747117094,0.9768756423432681,410.37818900000946,1.4892275344700185,0.9999999999999999
410.90940700000834,2.0142879448053765,0.935251798561151,410.6102390000094,1.524331764859469,0.9999999999999999
411.15748100000843,2.0889400011510766,0.86896197327852,410.8571120000094,1.5664921730920678,0.9999999999999999
411.40057700000824,2.1990450876061836,0.7655875299760193,411.10404800000936,1.6069188240822987,0.9999999999999999
411.65054800000854,2.350581470111741,0.6193045563549161,411.35442900000936,1.6390312756773358,0.9999999999999999
411.89562000000865,2.5287908365130596,0.43944844124700244,411.5923280000093,1.6605889378232859,0.9999999999999999
412.14559400000866,2.687024670958498,0.2823741007194244,411.8423040000094,1.6750808080661528,0.9999999999999999
412.3971160000086,2.7745088179256454,0.17086330935251795,412.0884340000096,1.6895816401791284,0.9999999999999999
412.65897800000863,2.774555598418382,0.17086330935251795,412.3413580000097,1.7115003779812996,0.9999999999999999
412.89169000000885,2.7074660566403645,0.2631894484412469,412.5852520000096,1.7461949313062186,0.9999999999999999
413.14891800000885,2.610702843092267,0.35311750599520386,412.83348700000977,1.7959729743229529,0.9999999999999999
413.38699600000893,2.51963454654918,0.4490407673860911,413.0804130000099,1.8601717282403216,0.9999999999999999
413.63145900000904,2.456448137570468,0.5221822541966427,413.3298690000101,1.9369311351744674,0.9999999999999999
413.88293600000935,2.425629054106086,0.5509592326139089,413.57584100001003,2.0257932331283977,0.9244604316546762
414.1264960000094,2.417873147188425,0.5569544364508394,413.8267770000101,2.131553275762407,0.8315347721822544
414.39384000000956,2.426192247648282,0.5485611510791367,414.0722320000104,2.2674054290866756,0.7008393285371703
414.62525100000965,2.4516650803440667,0.5305755395683454,414.3232890000105,2.443096092204413,0.5377697841726619
414.87449100000975,2.50036974810381,0.46822541966426867,414.5672540000105,2.652430727519432,0.3123501199040767
415.12681800000973,2.575560683423806,0.3890887290167866,414.83993200001055,2.872795870339326,0.09249743062692699
415.36918200000974,2.675138603967727,0.2907673860911271,415.06311300001073,3.0733836792626894,0.0
415.6107740000098,2.799758034488873,0.14568345323741005,415.3105210000107,3.221784985471325,0.0
415.8611960000097,2.9573107837568617,0.0316032887975334,415.55697800001076,3.2907715489328893,0.0
416.1200370000097,3.1559989536873547,0.0,415.8049140000106,3.268881636319083,0.0
416.35518500000967,3.394654599339459,0.0,416.0564570000107,3.1659426765822243,0.0
416.6040510000098,3.659709000961259,0.0,416.3023030000107,3.01128397647238,0.0
416.8521050000097,3.9272782518135023,0.0,416.5489170000107,2.837366100548979,0.11562178828365878
417.09927100000976,4.17265744847431,0.0,416.8083910000106,2.670651353085567,0.29676258992805754
417.34587600000975,4.3711025432316095,0.0,417.0437150000105,2.53312419617235,0.434652278177458
417.60034500000995,4.498143275487948,0.0,417.29232200001053,2.442236145567493,0.538968824940048
417.84034900000995,4.557519068751144,0.0,417.5363280000106,2.3986460970788257,0.5737410071942446
418.0892810000101,4.604009353840363,0.0,417.78909000001045,2.3855877475412735,0.5857314148681056
418.3358240000103,4.715256329373565,0.0,418.04485400001033,2.3749216093408267,0.5965227817745803
418.5932390000103,4.930795180383027,0.0,418.2788910000103,2.338834954625936,0.632494004796163
418.8311170000103,5.223350917594545,0.0,418.5292760000101,2.262400622109001,0.7068345323741009
419.0928390000102,5.518955324479871,0.0,418.7750310000105,2.148891839327259,0.8171462829736212
419.33832800001045,5.736882448536025,0.0,419.02640900001046,2.020021228392204,0.9283144912641315
419.5776980000106,5.814530646344599,0.0,419.2723650000104,1.9063351257673078,0.9999999999999999
419.8286120000107,5.71474978169073,0.0,419.5187780000105,1.8354087783618247,0.9999999999999999
420.07760900001097,5.4308364705905845,0.0,419.7788800000106,1.8242424378821065,0.9999999999999999
420.312379000011,4.995018678175921,0.0,420.02035800001056,1.8768514865077774,0.9999999999999999
420.5649500000111,4.478353904325934,0.0,420.2589570000105,1.9849883809184745,0.9591469681397738
420.8209040000112,3.9675571948939528,0.0,420.51228700001053,2.135274042924632,0.8303357314148682
421.0597500000111,3.5259854331216625,0.0,420.7623190000105,2.3132604135085337,0.6564748201438849
421.31187000001137,3.1742605495519745,0.0,421.00225400001045,2.5095316343622107,0.4574340527577937
421.5589570000112,2.910705905520646,0.07168550873586842,421.2541390000104,2.7180995520195532,0.24760191846522778
421.8086780000116,2.728956081676597,0.2284172661870503,421.5061680000105,2.927354684891495,0.06089414182939359
422.06913700001155,2.617289669044584,0.3447242206235013,421.7466720000107,3.1267780642094998,0.0
422.29505500001176,2.5569673521597487,0.4106714628297362,421.9980420000108,3.3138913384035353,0.0
422.54504100001157,2.5276970546086233,0.43944844124700244,422.2459340000107,3.4991414222837527,0.0
422.7982240000116,2.5143257040450075,0.4514388489208634,422.50741400001067,3.700225379613978,0.0
423.0352500000117,2.5069188262757067,0.46103117505995206,422.7408580000105,3.9290699950225374,0.0
423.2859600000117,2.5002135812612694,0.46822541966426867,422.98384300001015,4.178910963116813,0.0
423.5378180000119,2.49259832605029,0.4790167865707434,423.2322290000103,4.42423466554892,0.0
423.79838800001187,2.485228619050409,0.4898081534772182,423.47559100001035,4.633489221010113,0.0
424.03088200001184,2.4815291168800497,0.4946043165467625,423.7280250000104,4.7806027335612775,0.0
424.2803470000119,2.489261677182672,0.4826139088729017,423.9715170000106,4.842625915724143,0.0
424.52225700001213,2.517056529870101,0.4502398081534772,424.2271790000107,4.7975651347940715,0.0
424.7714710000123,2.5690577455189025,0.3974820143884892,424.4771730000107,4.629597365334547,0.0
425.01854200001253,2.6400179832808575,0.32553956834532377,424.71505100001076,4.350091127154611,0.0
425.2728620000127,2.7170174774000078,0.24880095923261394,424.97648700001093,4.010240134559398,0.0
425.5152780000126,2.785623965805445,0.1600719424460432,425.2193260000108,3.677323769392878,0.0
425.76641100001245,2.835021427815844,0.12024665981500514,425.4664380000107,3.397194002558284,0.0
426.0133020000124,2.864650562177034,0.09635149023638233,425.7218280000108,3.1794985607881014,0.0
426.2684510000123,2.8894527054720487,0.07708119218910588,425.9547530000108,3.0108710476029064,0.0
426.5047740000125,2.928183987418728,0.06089414182939359,426.2016450000109,2.863527208076761,0.09712230215827335
426.7540020000127,2.9925937156617475,0.006937307297019495,426.444741000011,2.7099608269517654,0.2619904076738609
427.0007320000127,3.08017659594611,0.0,426.706121000011,2.539388774589301,0.4274580335731415
427.2449240000127,3.1764600333323467,0.0,426.945022000011,2.358605331286632,0.6133093525179857
427.50387600001267,3.2535960435167364,0.0,427.20093800001104,2.180386930927308,0.7799760191846524
427.7457790000126,3.2722419377106116,0.0,427.440902000011,2.0111894427932477,0.9367934224049331
427.99380800001256,3.208388790414979,0.0,427.68735600001116,1.852157853006542,0.9999999999999999
428.2466460000126,3.0719620512010626,0.0,427.93393000001123,1.7035456154820663,0.9999999999999999
428.4897220000125,2.8907885200973977,0.07708119218910588,428.1823410000115,1.5676570481154601,0.9999999999999999
428.7361310000127,2.69423992793583,0.27877697841726623,428.43406400001146,1.4488285948779072,0.9999999999999999
428.9861180000128,2.506019646034762,0.46223021582733814,428.6791890000115,1.3507449522763417,0.9999999999999999
429.22973800001296,2.34209923649734,0.6276978417266188,428.9332270000117,1.2737930074232937,0.9999999999999999
429.47812000001306,2.2173170932198016,0.75,429.1715740000117,1.2156446327670765,0.9999999999999999
429.74409200001315,2.1560711364415934,0.8087529976019187,429.4193070000119,1.1737662089349854,0.9999999999999999
429.9711650000132,2.1953713959909718,0.7703836930455636,429.66715900001185,1.1467251657123005,0.9999999999999999
430.2231470000132,2.374921093214619,0.5965227817745803,429.91673400001184,1.133452657489233,0.9999999999999999
430.4691810000132,2.716146528086156,0.24880095923261394,430.18677200001207,1.1332391195380502,0.9999999999999999
430.7171050000131,3.2026015261884124,0.0,430.41914800001234,1.1445525478431762,0.9999999999999999
430.96107700001295,3.777578102482215,0.0,430.6586090000125,1.1617876875039894,0.9999999999999999
431.2110520000131,4.360000915875753,0.0,430.90505600001245,1.1734270558340747,0.9999999999999999
431.4610360000133,4.8660218792173096,0.0,431.15502100001265,1.1677529206248274,0.9999999999999999
431.7138900000134,5.230777355663383,0.0,431.40425800001253,1.142449125748569,0.9999999999999999
431.95792300001364,5.41790493239333,0.0,431.64971400001247,1.1055544880464434,0.9999999999999999
432.20239600001355,5.428275635909019,0.0,431.89822900001246,1.0703880794292226,0.9999999999999999
432.4572410000133,5.302206012765083,0.0,432.1451950000124,1.049883367351926,0.9999999999999999
432.6931970000134,5.10501832152422,0.0,432.39156400001235,1.051982912496414,0.9999999999999999
432.9616830000135,4.8956002944738,0.0,432.6430220000122,1.0758829363555034,0.9999999999999999
433.19564400001366,4.709171209583236,0.0,432.88684700001204,1.109801048131817,0.9999999999999999
433.4431390000138,4.560186159035181,0.0,433.13493500001204,1.1352360599467954,0.9999999999999999
433.69806300001386,4.448216852421389,0.0,433.3918140000122,1.137815137074518,0.9999999999999999
433.934993000014,4.35161073638754,0.0,433.6298940000122,1.1150494898853467,0.9999999999999999
434.18310500001377,4.225595060797338,0.0,433.8849440000122,1.0751117634964875,0.9999999999999999
434.432921000014,4.035338787614505,0.0,434.12579200001244,1.031516878786362,0.9999999999999999
434.68010600001406,3.781338593508304,0.0,434.3732080000125,0.9975913438287953,0.9999999999999999
434.9293870000141,3.4897512112939393,0.0,434.6261280000126,0.9836983544840601,0.9999999999999999
435.1789590000141,3.191364792067716,0.0,434.86764300001266,0.99556359950419,0.9999999999999999
435.4202600000139,2.911236299132726,0.0709146968139774,435.12326700001273,1.0330665572964806,0.9999999999999999
435.66447200001403,2.6691467046454966,0.2979616306954437,435.3636200000126,1.0907956985897194,0.9999999999999999
435.9130350000138,2.4814199593228734,0.4946043165467625,435.6126270000126,1.160780670908513,0.9999999999999999
436.172342000014,2.360974761622001,0.6097122302158273,435.85850700001265,1.2353305692529633,0.9999999999999999
436.40896500001395,2.3091811721406708,0.6624700239808153,436.10891800001264,1.309704591689225,0.9999999999999999
436.6582720000139,2.305587883282656,0.6648681055155876,436.3538880000129,1.3841678496430898,0.9999999999999999
436.9048110000141,2.308805063565198,0.6624700239808153,436.60331300001275,1.4632703487703396,0.9999999999999999
437.157932000014,2.2820536116471035,0.6876498800959233,436.8427600000125,1.558404783200361,0.9999999999999999
437.4199770000139,2.2187101891566385,0.75,437.09562700001254,1.684795810395973,0.9999999999999999
437.6511030000139,2.1370587030156982,0.8279376498800961,437.3447170000126,1.8618556953457839,0.9999999999999999
437.8978870000141,2.062987391037619,0.895940390544707,437.59643900001237,2.1095403419155465,0.8543165467625898
438.14640900001433,2.017060840083025,0.9306269270298047,437.8563590000124,2.4337646884379387,0.5461630695443644
438.39528800001426,2.010779505529267,0.9367934224049331,438.0832830000124,2.8126285316816517,0.13874614594039056
438.64443300001426,2.0430886890891484,0.9121274409044193,438.3262640000125,3.197042856043234,0.0
438.88523100001436,2.1023485363690533,0.8612538540596093,438.57960300001247,3.5269886856264847,0.0
439.1376820000143,2.1770847838655425,0.7835731414868106,438.8275780000125,3.7559574603957313,0.0
439.38478700001434,2.2650101597062795,0.7044364508393285,439.0789070000125,3.8606527409507665,0.0
439.63132800001426,2.3682448958937923,0.6025179856115108,439.32052600001253,3.8418276168579526,0.0
439.87773300001436,2.482185134951139,0.4946043165467625,439.5648720000124,3.717786937265634,0.0
440.1261220000144,2.5876757768617664,0.3770983213429257,439.81840500001243,3.5260114736327073,0.0
440.37261000001445,2.6598997295085822,0.30515587529976024,440.0658650000123,3.316119453564736,0.0
440.6294060000144,2.683572785275074,0.28597122302158273,440.31238300001235,3.126146462694338,0.0
440.86851600001444,2.659928057100775,0.30515587529976024,440.5607780000126,2.967543413275495,0.022353545734840687
441.11593000001454,2.601536692207773,0.36510791366906475,440.8053750000126,2.8255747703440726,0.1264131551901336
441.36438600001435,2.522952981290726,0.44544364508393286,441.0782750000127,2.6790932007477988,0.289568345323741
441.61233400001447,2.439760085361088,0.5401678657074341,441.30586600001305,2.5185332506261293,0.4490407673860911
441.86117300001456,2.371661917908173,0.5989208633093526,441.553315000013,2.3514661110815522,0.6193045563549161
442.11023500001454,2.338510898586903,0.632494004796163,441.807705000013,2.1953873853940955,0.7703836930455636
442.3542910000146,2.3522010402807707,0.6193045563549161,442.045098000013,2.06765680729953,0.8890030832476875
442.6091110000145,2.403407824791409,0.5701438848920863,442.292159000013,1.977680344933301,0.9637718396711201
442.85251000001443,2.458715795282025,0.5173860911270982,442.54814300001306,1.9256915160867245,0.9999999999999999
443.0995370000144,2.4798731640143137,0.4946043165467625,442.78465600001323,1.9051681273914756,0.9999999999999999
443.34696700001444,2.446305526488803,0.5341726618705037,443.03395100001313,1.9047711867111485,0.9999999999999999
443.59141100001443,2.3615835841924278,0.6097122302158273,443.2820390000132,1.914572917492893,0.9999999999999999
443.83884600001454,2.247305907378333,0.7176258992805755,443.5305810000131,1.9324928927877258,0.9999999999999999
444.0904410000147,2.1303412896730785,0.8363309352517987,443.7830770000132,1.9633409671063053,0.975334018499486
444.3354720000147,2.0347646728102906,0.9213771839671119,444.03092700001343,2.0121057819080366,0.9367934224049331
444.58818300001474,1.976844535620066,0.9637718396711201,444.27250700001343,2.0785829933179834,0.8758992805755396
444.8336630000147,1.9599582200030263,0.9807297019527235,444.5248870000136,2.1564465024275723,0.8063549160671463
445.1000600000149,1.974154606348341,0.9653134635149023,444.77039900001347,2.23676421169352,0.7320143884892086
445.327009000015,2.003197290014212,0.9437307297019527,445.01842700001356,2.311198362197759,0.6588729016786571
445.571542000015,2.0368951190172635,0.9175231243576567,445.2654520000139,2.369379428965066,0.6025179856115108
445.82503200001497,2.081056505167476,0.8758992805755396,445.5397770000138,2.3965075261593283,0.5749400479616307
446.0678240000148,2.1551953157941868,0.8087529976019187,445.7678490000139,2.3829441602474435,0.5869304556354915
446.3181690000151,2.279024789507203,0.6876498800959233,446.0063660000141,2.3290038428709057,0.6408872901678657
446.57008500001507,2.4490569923907084,0.5329736211031175,446.25531100001433,2.239432780373156,0.7296163069544366
446.812607000015,2.6248560731969057,0.34232613908872905,446.50919000001454,2.123802390103615,0.842326139088729
447.0649950000151,2.7501494682831042,0.19844124700239804,446.7506140000144,1.9998741937983429,0.9452723535457347
447.31098300001514,2.7998848937547454,0.14568345323741005,446.99895800001434,1.8884068016324154,0.9999999999999999
447.55272300001496,2.7956010349391573,0.1479958890030832,447.2446120000143,1.8035763457912357,0.9999999999999999
447.801168000015,2.780409338097456,0.1636690647482014,447.4893880000145,1.7476365479464433,0.9999999999999999
448.051640000015,2.793521505122483,0.1495375128468653,447.7393830000146,1.7138075317401689,0.9999999999999999
448.308744000015,2.866761439191453,0.09480986639260021,447.9872860000146,1.6917575479248963,0.9999999999999999
448.5461080000153,3.0286447725911727,0.0,448.23720100001464,1.6721218517074308,0.9999999999999999
448.7870880000153,3.294494872452719,0.0,448.49271400001453,1.6490941837989375,0.9999999999999999
449.04609700001544,3.647421390479515,0.0,448.7331720000147,1.6226394122275405,0.9999999999999999
449.2884850000154,4.030014097344428,0.0,448.9776440000148,1.5986495633080269,0.9999999999999999
449.53099000001544,4.368033845433194,0.0,449.2301990000148,1.5829077276445767,0.9999999999999999
449.78302700001547,4.608483095472519,0.0,449.4761350000148,1.5799758731227622,0.9999999999999999
450.0275020000156,4.735477290477605,0.0,449.72249800001487,1.6005684951393113,0.9999999999999999
450.28401700001564,4.75673924722961,0.0,449.9806630000149,1.6584453582447796,0.9999999999999999
450.5257850000157,4.68844407929687,0.0,450.2119650000148,1.7618237190460715,0.9999999999999999
450.77375600001557,4.553472262854682,0.0,450.4739380000149,1.9060273564024621,0.9999999999999999
451.02071700001557,4.385523837236166,0.0,450.710400000015,2.074575593686639,0.8805241521068858
451.2732450000158,4.22639585256272,0.0,450.95341200001513,2.247849689814945,0.7176258992805755
451.52064100001576,4.1087315181908854,0.0,451.2079610000153,2.4090578116620827,0.565347721822542
451.76726700001586,4.041044833021362,0.0,451.45248100001515,2.5456134580525793,0.4214628297362111
452.0089350000161,4.005268537030677,0.0,451.7005260000151,2.6464405844460446,0.3183453237410072
452.2633200000162,3.9644743880192603,0.0,451.94712400001515,2.7009135534697997,0.26918465227817745
452.50433700001594,3.8804288671586646,0.0,452.19622100001527,2.7033453342151894,0.2655875299760191
452.7729150000158,3.729935063373852,0.0,452.43961400001507,2.6609263465900836,0.3039568345323741
453.0072440000159,3.5136524023517253,0.0,452.68815500001506,2.5856908918146937,0.3770983213429257
453.24784400001585,3.253651352087284,0.0,452.94317200001495,2.4819188585843164,0.4946043165467625
453.4996220000158,2.9850676579945614,0.012332990750256954,453.20606800001514,2.3499569291428877,0.6193045563549161
453.742792000016,2.7466088244993054,0.20443645083932857,453.4333280000151,2.1976175730655583,0.7679856115107914
453.990793000016,2.5858385712602607,0.3770983213429257,453.67978800001515,2.0394197569377877,0.9144398766700924
454.2398270000159,2.5576964671704334,0.4106714628297362,453.9313480000151,1.8920261886704473,0.9999999999999999
454.49430800001596,2.709899891810151,0.2619904076738609,454.17376700001495,1.771355828373969,0.9999999999999999
454.73669300001603,3.0613763412601536,0.0,454.4216110000149,1.6902944401981381,0.9999999999999999
454.980659000016,3.585498114606329,0.0,454.6716050000151,1.6570668543855924,0.9999999999999999
455.231751000016,4.207357401090601,0.0,454.9197820000152,1.674229190193138,0.9999999999999999
455.475172000016,4.825545463570418,0.0,455.1622130000151,1.7385819181177125,0.9999999999999999
455.7236800000163,5.345655368906912,0.0,455.413756000015,1.8410929272915668,0.9999999999999999
455.9752550000163,5.699551323418381,0.0,455.6605610000151,1.966380940997246,0.9722507708119218
456.2201480000165,5.85301876584264,0.0,455.9121700000151,2.0938857089049687,0.8658787255909558
456.46561000001645,5.815929322791961,0.0,456.15762500001523,2.1986002281156547,0.7655875299760193
456.71675300001664,5.638688678337194,0.0,456.4154250000152,2.256114607688893,0.7152278177458035
456.96425900001685,5.390318012055277,0.0,456.647969000015,2.2540963848813176,0.7164268585131894
457.2066970000169,5.128502725185477,0.0,456.89395700001495,2.197975878063583,0.7667865707434054
457.464118000017,4.879351821609151,0.0,457.1586990000149,2.1050503618264567,0.8550873586844808
457.70263600001715,4.6449964848369,0.0,457.39955900001513,1.9979048830186419,0.947584789311408
457.954055000017,4.428754955302057,0.0,457.64127800001523,1.8992864655503203,0.9999999999999999
458.20815800001697,4.250427158166026,0.0,457.8960930000151,1.8293134219113816,0.9999999999999999
458.446968000017,4.135436490932435,0.0,458.138877000015,1.8041276557455457,0.9999999999999999
458.698463000017,4.089817830328526,0.0,458.37883500001504,1.832759274381635,0.9999999999999999
458.94853600001716,4.097847131693662,0.0,458.63140900001497,1.914580101592814,0.9999999999999999
459.19730400001686,4.121132285592287,0.0,458.8826760000152,2.0351758173894297,0.9206063720452209
459.4404750000168,4.09967266604728,0.0,459.12668600001524,2.169119182378684,0.7931654676258993
459.6878200000166,3.977776320974189,0.0,459.3789210000153,2.291345474897675,0.6756594724220623
459.9358480000168,3.7420844511993687,0.0,459.62886100001526,2.384211151949598,0.5869304556354915
460.1816900000168,3.4276068141110123,0.0,459.86628300001524,2.439166907428058,0.5413669064748201
460.4523800000168,3.0851364205449197,0.0,460.1143130000153,2.4559054983891317,0.5221822541966427
460.6751580000168,2.756600052297998,0.19364508393285368,460.3713820000151,2.440786752239976,0.5401678657074341
460.928974000017,2.469503024797993,0.5053956834532375,460.61425600001513,2.4020187592670688,0.5737410071942446
461.16378200001685,2.2382678784106536,0.7308153477218226,460.8794680000152,2.3439423669170387,0.6252997601918465
461.41165600001676,2.0664365723914293,0.8913155190133606,461.11084000001523,2.2669963900218297,0.7020383693045564
461.666691000017,1.9468623252866444,0.9915210688591983,461.3567940000152,2.16873054089412,0.7931654676258993
461.907947000017,1.8652507905005082,0.9999999999999999,461.6126880000153,2.050539360514669,0.9059609455292909
462.16250400001695,1.8095363731463197,0.9999999999999999,461.85377800001555,1.921513233026725,0.9999999999999999
462.403108000017,1.7787983606083881,0.9999999999999999,462.12280200001555,1.7947193206183956,0.9999999999999999
462.634497000017,1.7830792792705084,0.9999999999999999,462.34507800001546,1.6806733266499037,0.9999999999999999
462.8767860000171,1.8329825221617622,0.9999999999999999,462.5947990000154,1.583084834549865,0.9999999999999999
463.1298190000172,1.9281927974476605,0.9999999999999999,462.8421970000154,1.5018028696583066,0.9999999999999999
463.3727020000171,2.052227222532483,0.9051901336073997,463.0912930000154,1.443351867409474,0.9999999999999999
463.63163600001735,2.1745602788128613,0.788369304556355,463.3367560000155,1.4221638553773306,0.9999999999999999
463.8726320000176,2.2566918420251505,0.7128297362110313,463.58527300001543,1.4535102436108776,0.9999999999999999
464.11314700001753,2.2671521973175786,0.7008393285371703,463.8307270000157,1.541301117822846,0.9999999999999999
464.36104800001766,2.202564719223031,0.7583932853717028,464.0906420000157,1.6731236431680916,0.9999999999999999
464.60842000001765,2.0943339761149673,0.8658787255909558,464.3306430000159,1.8240832717556263,0.9999999999999999
464.8579240000175,1.9926620123655643,0.9498972250770811,464.57059500001606,1.9659366570545544,0.9730215827338129
465.11332100001755,1.938189736986809,0.9999999999999999,464.81749500001587,2.078221359323512,0.8766700924974306
465.3480660000176,1.9493259955896214,0.988437821171634,465.0689610000159,2.1556484729609835,0.8087529976019187
465.6079980000176,2.0248803539378377,0.9244604316546762,465.32148600001574,2.214653278919553,0.7535971223021585
465.84633300001764,2.152129686679018,0.8099520383693045,465.56484800001584,2.2886146405816836,0.6816546762589928
466.09874700001757,2.316600277810876,0.6528776978417266,465.81647400001606,2.4086552642014873,0.565347721822542
466.33768600001747,2.5047533881250117,0.4634292565947242,466.0597450000159,2.5797445014527023,0.38429256594724226
466.58854400001735,2.704038312572844,0.2643884892086331,466.30977600001586,2.759508644388502,0.19364508393285368
466.84365700001746,2.9011441390339785,0.07322713257965054,466.54735300001585,2.881168068489255,0.08710174717368961
467.0976250000175,3.080250732952629,0.0,466.7963250000159,2.9134804687535256,0.0709146968139774
467.32807100001725,3.2267754853347874,0.0,467.0552480000162,2.8685915918611764,0.09326824254881809
467.5830750000174,3.3291232931955452,0.0,467.30210400001636,2.7711680191626367,0.1780575539568345
467.83316800001757,3.381823882917359,0.0,467.5524420000166,2.643064851263543,0.3219424460431654
468.09268500001764,3.396155863483428,0.0,467.79216000001657,2.4991101589388682,0.46822541966426867
468.32611400001775,3.410149620308894,0.0,468.0363910000166,2.3475974246464966,0.6193045563549161
468.5735170000178,3.4855757251008956,0.0,468.2839800000164,2.1931159063727454,0.7715827338129498
468.8173240000175,3.6772644869519286,0.0,468.55506000001634,2.0384723302188763,0.9159815005138745
469.05897900001725,4.007593445635715,0.0,468.77506300001613,1.888728721512697,0.9999999999999999
469.31541300001743,4.456098722579644,0.0,469.0264590000162,1.7513765133162909,0.9999999999999999
469.5572690000175,4.954731091445559,0.0,469.2749930000163,1.6311122750183964,0.9999999999999999
469.81534200001715,5.401883176624484,0.0,469.52252400001623,1.523112946640989,0.9999999999999999
470.0550020000172,5.708261526578231,0.0,469.77702200001596,1.416284515310796,0.9999999999999999
470.30505500001715,5.8160064462683945,0.0,470.01978900001586,1.306287572374584,0.9999999999999999
470.5473370000171,5.700254978115489,0.0,470.271178000016,1.1997485697854118,0.9999999999999999
470.80040600001706,5.3886649295825,0.0,470.513775000016,1.1056279638372584,0.9999999999999999
471.04084900001715,4.966762804906175,0.0,470.75661900001614,1.0292411521141493,0.9999999999999999
471.29788200001724,4.549175122900858,0.0,471.00973400001607,0.9725890253563058,0.9999999999999999
471.5417520000172,4.225257303840633,0.0,471.26271000001583,0.9358711587134334,0.9999999999999999
471.7852600000173,4.018926500550665,0.0,471.49899200001596,0.9175762123446582,0.9999999999999999
472.035078000017,3.903801127982609,0.0,471.758222000016,0.9139870952338629,0.9999999999999999
472.284631000017,3.836502269947596,0.0,471.99745300001604,0.9191396314499551,0.9999999999999999
472.5265780000171,3.7784500272830526,0.0,472.2440530000161,0.9289892114374709,0.9999999999999999
472.78050900001693,3.699989247848535,0.0,472.491248000016,0.9537788041283299,0.9999999999999999
473.024952000017,3.583426829765614,0.0,472.74031100001605,1.02702732618974,0.9999999999999999
473.27581700001707,3.4277387098300753,0.0,472.9902420000158,1.2004300974890951,0.9999999999999999
473.5182260000171,3.2472595283423944,0.0,473.22992400001567,1.51574656355441,0.9999999999999999
473.76669400001714,3.0671120480942577,0.0,473.4830000000156,1.9667757766248726,0.9722507708119218
474.01573800001734,2.9156068509481,0.0701438848920863,473.7249660000156,2.486017731544413,0.4886091127098322
474.27264400001746,2.81492503284405,0.13720452209660844,473.9738530000156,2.965251965976311,0.026978417266187046
474.5243670000175,2.772972775803393,0.17326139088729015,474.21658200001565,3.3068593218021367,0.0
474.7575450000173,2.7758716875015548,0.16846522781774578,474.46975500001577,3.458432909155859,0.0
475.00993500001726,2.7892556894258798,0.15287769784172664,474.72042000001585,3.423767504082895,0.0
475.25284000001756,2.777131306351552,0.16726618705035975,474.96973600001604,3.2493577566188914,0.0
475.5013920000174,2.7255219192786235,0.23321342925659466,475.20745400001607,3.0013905986258584,0.0030832476875642385
475.7694560000176,2.6466768866086916,0.3183453237410072,475.45601100001613,2.742499900801547,0.21163069544364513
475.9976570000174,2.5625196831703616,0.40587529976019177,475.7120620000162,2.517439119201378,0.4502398081534772
476.24557900001747,2.490176885725642,0.4802158273381294,475.9665770000163,2.3472164642091276,0.6193045563549161
476.4952120000176,2.4385525687706466,0.5413669064748201,476.2217610000161,2.235422517615919,0.7320143884892086
476.7556750000178,2.406360435563342,0.5677458033573142,476.4522200000161,2.1872662838568364,0.7763788968824942
476.98552100001774,2.382818110954325,0.5869304556354915,476.70011100001614,2.2170834851810266,0.75
477.237605000018,2.3558977806618016,0.6145083932853718,476.9461460000162,2.3411643302231195,0.6288968824940049
477.4829730000179,2.321141880341596,0.6492805755395683,477.1950620000163,2.5629039617867146,0.4046762589928058
477.725926000018,2.2809342446088774,0.6876498800959233,477.43601000001644,2.8653759634683853,0.09558067831449123
477.9784970000182,2.239172041745571,0.7308153477218226,477.6830120000167,3.222290299846024,0.0
478.22447200001847,2.1983780721547004,0.7667865707434054,477.9377350000167,3.607760707551207,0.0
478.4743460000184,2.1592865632015927,0.8015587529976019,478.18529100001666,3.9907108991433846,0.0
478.72384600001845,2.123676036138125,0.8435251798561151,478.4321890000168,4.3309250772057295,0.0
478.97313800001837,2.096299491791346,0.8658787255909558,478.673662000017,4.585173086317224,0.0
479.21907800001827,2.0834313179163937,0.8735868448098663,478.92308900001717,4.718981794371092,0.0
479.4659500000184,2.0915368932479383,0.86896197327852,479.1695520000171,4.718089481852268,0.0
479.7082230000186,2.126466364359161,0.841127098321343,479.43465100001714,4.590532145353385,0.0
479.9567770000188,2.190704981087692,0.7739808153477219,479.66955600001705,4.360223249552741,0.0
480.2043200000189,2.282539194715192,0.6876498800959233,479.91385300001696,4.059729401173742,0.0
480.451684000019,2.3940280232111544,0.577338129496403,480.16885900001705,3.72469585416116,0.0
480.6982490000193,2.5096817783365557,0.4574340527577937,480.4104050000172,3.3864047985598122,0.0
480.9491640000193,2.6087524346832733,0.35551558752997603,480.6589240000173,3.0617741932496543,0.0
481.1998050000193,2.6640555863009414,0.30275779376498807,480.9043810000173,2.759988302176044,0.19364508393285368
481.44107000001935,2.648585445886625,0.3183453237410072,481.15451900001733,2.4871236589087156,0.4862110311750599
481.6963220000192,2.55627899128781,0.4118705035971223,481.3964200000172,2.2497272615715698,0.7176258992805755
481.9403950000193,2.4118252081550304,0.5629496402877698,481.64886700001745,2.0524380187300215,0.9051901336073997
482.18331400001915,2.2514108695589585,0.7176258992805755,481.89136800001734,1.8946321737376537,0.9999999999999999
482.43076500001933,2.1093289072300045,0.8543165467625898,482.13735300001736,1.7712083089400412,0.9999999999999999
482.6782650000194,2.0127677040543244,0.9360226104830421,482.3924640000173,1.6750618279513119,0.9999999999999999
482.9266760000197,1.978406209684348,0.9637718396711201,482.6507930000174,1.6020580260613386,0.9999999999999999
483.1666600000199,2.0093229680602587,0.9383350462487152,482.89188200001735,1.5504187218872438,0.9999999999999999
483.43869900001994,2.0963341116331593,0.8658787255909558,483.13623800001744,1.5194271860192246,0.9999999999999999
483.66502600001996,2.2235368904529507,0.7416067146282974,483.3781140000173,1.5075736602113436,0.9999999999999999
483.92256200001987,2.3730683402097306,0.5977218225419664,483.62810700001734,1.5083382953966942,0.9999999999999999
484.1600920000199,2.5361648383038524,0.42985611510791366,483.8707420000175,1.5084817001968094,0.9999999999999999
484.41056000001987,2.7375623060471095,0.22002398081534771,484.12087900001757,1.495869021544106,0.9999999999999999
484.6615720000197,3.0589509314063337,0.0,484.37474500001764,1.4704228786050164,0.9999999999999999
484.90606600001973,3.6035222582969952,0.0,484.6171120000176,1.446400215547649,0.9999999999999999
485.1504540000198,4.432951741774428,0.0,484.87211500001763,1.4443841057132039,0.9999999999999999
485.3996630000199,5.530377546259272,0.0,485.1159790000176,1.484505283919146,0.9999999999999999
485.6506140000199,6.78253895171324,0.0,485.3645350000175,1.5800558883942086,0.9999999999999999
485.89416700002005,7.995852024219115,0.0,485.6208430000175,1.7316409030404125,0.9999999999999999
486.1398840000201,8.952132091120067,0.0,485.8627730000173,1.9183774603943053,0.9999999999999999
486.39098400001996,9.479436899665414,0.0,486.1039050000174,2.0967153750567293,0.8658787255909558
486.64775900001996,9.517614151876481,0.0,486.3538650000174,2.2174405724877455,0.75
486.8883660000202,9.135489870722486,0.0,486.6003600000174,2.2584476482594518,0.710431654676259
487.13318000002005,8.479651324049762,0.0,486.8493180000173,2.2321412180349354,0.7332134292565947
487.3771570000202,7.701715486245791,0.0,487.11168900001724,2.1642022588173924,0.7979616306954437
487.6351780000202,6.907737115914361,0.0,487.3352190000173,2.0755371969288503,0.8789825282631037
487.88261000002035,6.152350248932764,0.0,487.59017600001727,1.9767221748591453,0.9637718396711201
488.1270740000205,5.4685746876984735,0.0,487.83803100001734,1.8723823351303412,0.9999999999999999
488.3676990000204,4.897135757458385,0.0,488.0815450000176,1.7666688334311205,0.9999999999999999
488.61471100002046,4.4743757242449576,0.0,488.3301570000176,1.6660936844505427,0.9999999999999999
488.86151800002045,4.207449361595234,0.0,488.57747800001766,1.579534743689916,0.9999999999999999
489.1146270000208,4.06764451291712,0.0,488.8269500000177,1.5163692722259585,0.9999999999999999
489.3618880000208,3.9986330460617685,0.0,489.07404200001804,1.4836231728387812,0.9999999999999999
489.60700400002077,3.9345700249854936,0.0,489.321427000018,1.481235052281045,0.9999999999999999
489.8614210000207,3.8269001853584066,0.0,489.56604800001804,1.498995837737663,0.9999999999999999
490.09928900002063,3.662935884934811,0.0,489.82249500001825,1.5184856183005944,0.9999999999999999
490.3477940000205,3.466094045594824,0.0,490.07136000001844,1.5210954624274946,0.9999999999999999
490.6017810000205,3.2734087122873294,0.0,490.31729800001835,1.4951262764396973,0.9999999999999999
490.84176300002076,3.113804819119261,0.0,490.5537020000184,1.440834705101913,0.9999999999999999
491.1172660000206,2.998781280085302,0.0038540596094552566,490.8046630000185,1.3706337346479611,0.9999999999999999
491.3432180000206,2.9225970899466973,0.06397738951695782,491.05932500001853,1.3034000817559248,0.9999999999999999
491.5897050000204,2.871102490598728,0.09249743062692699,491.3036290000186,1.2562361579349879,0.9999999999999999
491.83223900002037,2.830090085636022,0.1256423432682425,491.57411400001854,1.238344761559386,0.9999999999999999
492.09107000002035,2.790292023702375,0.15287769784172664,491.79240900001844,1.2494199733371445,0.9999999999999999
492.32922700002035,2.7542803142019396,0.19484412470023982,492.05611100001846,1.2828594488776481,0.9999999999999999
492.58300000002043,2.7360182447518424,0.22362110311750594,492.2950760000184,1.3301850901440442,0.9999999999999999
492.82913000002037,2.7507089863078553,0.197242206235012,492.54360400001855,1.3834163144754135,0.9999999999999999
493.0798930000205,2.7933414580429776,0.15047961630695444,492.7830850000186,1.4378168250925942,0.9999999999999999
493.3239020000201,2.8305806681824826,0.1241007194244604,493.0370750000188,1.4917033541822016,0.9999999999999999
493.57695400002007,2.827641925319635,0.1264131551901336,493.29209100001896,1.545221619590362,0.9999999999999999
493.83033100002024,2.7704844479312,0.1780575539568345,493.52933300001877,1.597751184765301,0.9999999999999999
494.0726570000202,2.666241794877894,0.2979616306954437,493.7718970000187,1.6438739864803378,0.9999999999999999
494.32164400002034,2.5310365082254087,0.43824940047961625,494.02282900001876,1.671193636009827,0.9999999999999999
494.5604870000207,2.3808904538323077,0.5881294964028777,494.26832300001894,1.6673487754649963,0.9999999999999999
494.81167700002055,2.2300511240549006,0.7332134292565947,494.52781000001903,1.6296265770266802,0.9999999999999999
495.0556280000206,2.09084805811286,0.86896197327852,494.7822920000189,1.5645661198412504,0.9999999999999999
495.30856800002067,1.97601104429619,0.9645426515930112,495.0160990000189,1.485365781505334,0.9999999999999999
495.5511360000206,1.900952904798973,0.9999999999999999,495.26528500001905,1.4075820278196467,0.9999999999999999
495.8050890000206,1.8832291763844706,0.9999999999999999,495.50743300001926,1.346525915475454,0.9999999999999999
496.0505810000205,1.9329199546507485,0.9999999999999999,495.75735300001946,1.3132563603399356,0.9999999999999999
496.2932990000207,2.0395735901509755,0.9136690647482014,496.0006630000195,1.311130264776542,0.9999999999999999
496.5432160000206,2.1745835310469643,0.788369304556355,496.2582510000194,1.3334209465653823,0.9999999999999999
496.78882000002056,2.304770507403124,0.6648681055155876,496.4960960000194,1.3685390209026216,0.9999999999999999
497.0378830000204,2.399928726859419,0.5737410071942446,496.73952400001946,1.4077338159672488,0.9999999999999999
497.2862070000203,2.439897702715653,0.5401678657074341,496.9911160000194,1.4466652521372776,0.9999999999999999
497.5341470000204,2.418489428410046,0.5569544364508394,497.23788800001967,1.4838247135209046,0.9999999999999999
497.7780950000205,2.34245631376604,0.6264988009592326,497.48454100001965,1.5190423270420221,0.9999999999999999
498.0266270000204,2.228199971631728,0.7356115107913669,497.73300600001977,1.5501318705473661,0.9999999999999999
498.27562600002034,2.097790421429202,0.8651079136690647,497.98703800001965,1.5720103422112335,0.9999999999999999
498.5260570000204,1.973751584900721,0.9653134635149023,498.2316100000198,1.5799501097334825,0.9999999999999999
498.7891020000205,1.8753785039379285,0.9999999999999999,498.4767420000197,1.5733721962927354,0.9999999999999999
499.0179200000206,1.8181349042945005,0.9999999999999999,498.7210530000197,1.5575207912900824,0.9999999999999999
499.2655760000208,1.8133238758016723,0.9999999999999999,498.97345800001995,1.5425368500623942,0.9999999999999999
499.51815700002095,1.8645026310776749,0.9999999999999999,499.23204000002,1.5408650401887691,0.9999999999999999
499.7630820000208,1.9605739368144315,0.9799588900308324,499.47208800001994,1.5616733832893472,0.9999999999999999
500.0046400000208,2.0712006976887527,0.8866906474820143,499.71420500002,1.605767097342453,0.9999999999999999
500.25353800002097,2.158623051068734,0.8015587529976019,499.9630040000201,1.6568895806031663,0.9999999999999999
500.5030500000212,2.200516970243779,0.7607913669064749,500.2080570000202,1.68942264591954,0.9999999999999999
500.74973700002147,2.1962952631010415,0.7691846522781774,500.46006100002046,1.6865373364071887,0.9999999999999999
500.9995020000214,2.157890708972262,0.8039568345323742,500.7020860000206,1.6486609990992545,0.9999999999999999
501.24788400002143,2.0997136919662887,0.8635662898252826,500.9520080000203,1.5877210448053056,0.9999999999999999
501.49380500002155,2.031494145257767,0.9236896197327852,501.2028910000205,1.5206156113908433,0.9999999999999999
501.7458710000216,1.9588097597763645,0.9807297019527235,501.4546680000207,1.46481171803918,0.9999999999999999
501.99935100002176,1.8912138496032211,0.9999999999999999,501.69670900002086,1.434063757608692,0.9999999999999999
502.23768300002195,1.8484430843712583,0.9999999999999999,501.94074300002114,1.4350252442455829,0.9999999999999999
502.4849810000218,1.8641270164524606,0.9999999999999999,502.1952180000211,1.464543126431042,0.9999999999999999
502.7430610000217,1.9759770490959552,0.9645426515930112,502.449887000021,1.5075595260579417,0.9999999999999999
502.97610700002184,2.204723718586316,0.7559952038369305,502.6852080000212,1.5404025856040193,0.9999999999999999
503.2266030000219,2.5276181088014735,0.4406474820143884,502.93202700002104,1.5444074057327826,0.9999999999999999
503.480923000022,2.870468953319783,0.09249743062692699,503.18212200002097,1.5165943943275104,0.9999999999999999
503.73012000002205,3.140322143543881,0.0,503.42850200002096,1.467664362181249,0.9999999999999999
503.96655400002214,3.2795433095858906,0.0,503.68140300002074,1.4144501211503853,0.9999999999999999
504.2237150000221,3.2917869167591696,0.0,503.9204450000208,1.3708499193945605,0.9999999999999999
504.46422500002234,3.2244216930677085,0.0,504.17686700002065,1.3428761071409872,0.9999999999999999
504.71103700002266,3.141541971973263,0.0,504.41586700002074,1.3273543075679537,0.9999999999999999
504.9655170000227,3.0977972924577664,0.0,504.67076700002093,1.3151714736309446,0.9999999999999999
505.21049500002266,3.117066743601514,0.0,504.912120000021,1.2993041401212866,0.9999999999999999
505.4553430000231,3.1862443387549413,0.0,505.1630300000212,1.2826948119683887,0.9999999999999999
505.70050200002305,3.2694079969707817,0.0,505.41145600002136,1.275350065971235,0.9999999999999999
505.9456160000232,3.323583246911217,0.0,505.65539000002155,1.28674913325937,0.9999999999999999
506.19824100002353,3.3127984709329192,0.0,505.89627500002143,1.3206410490893639,0.9999999999999999
506.4641830000237,3.2191374128898835,0.0,506.1481230000215,1.3768836833948157,0.9999999999999999
506.69817500002387,3.046024425523549,0.0,506.40918600002146,1.4508584057445433,0.9999999999999999
506.938912000024,2.8159021607207024,0.13643371017471734,506.6411370000215,1.535778754192628,0.9999999999999999
507.185649000024,2.5638695212958353,0.4046762589928058,506.89152900002154,1.62397616848122,0.9999999999999999
507.4320360000239,2.326556008623952,0.6432853717026378,507.13945900002176,1.7076352481616979,0.9999999999999999
507.68865600002385,2.133809743093326,0.8303357314148682,507.3834930000219,1.7807916437551201,0.9999999999999999
507.93170700002383,2.0072228686754228,0.9406474820143884,507.63501800002183,1.8413763013970854,0.9999999999999999
508.1749920000238,1.9598237800228777,0.9807297019527235,507.8814170000216,1.8906842914167554,0.9999999999999999
508.4328670000237,1.9911189363749315,0.9522096608427543,508.13328200002144,1.9291996822078978,0.9999999999999999
508.6710510000236,2.0855430689830716,0.8712744090441932,508.3767760000215,1.954468473306092,0.9830421377183967
508.9190280000237,2.217930747451549,0.75,508.6247940000215,1.9631345417685835,0.9768756423432681
509.17173800002365,2.3629991543810123,0.6073141486810552,508.8761360000216,1.9541840938946813,0.9830421377183967
509.41217100002353,2.5037700532334908,0.4646282973621103,509.11598800002173,1.9321618763913335,0.9999999999999999
509.6822780000235,2.627327557628253,0.3363309352517985,509.3715680000219,1.9082904030895562,0.9999999999999999
509.90711500002357,2.7151074622015603,0.25239808153477217,509.6114590000219,1.8954195734580797,0.9999999999999999
510.1561600000236,2.7443820782330945,0.2056354916067146,509.8585480000218,1.898150845300796,0.9999999999999999
510.4036970000233,2.701411314590162,0.26918465227817745,510.12404100002175,1.9061624980272718,0.9999999999999999
510.65319800002334,2.5925804028528,0.3735011990407674,510.3614420000217,1.8978800718002318,0.9999999999999999
510.9017920000235,2.4421261622246613,0.538968824940048,510.60247900002173,1.8527888773254646,0.9999999999999999
511.14275700002327,2.28069805056914,0.6876498800959233,510.85102200002166,1.764778857893449,0.9999999999999999
511.3927130000232,2.1344419829768415,0.8303357314148682,511.0932210000215,1.647152128584794,0.9999999999999999
511.6473450000234,2.0212435182209822,0.9283144912641315,511.34060100002154,1.5250942325406962,0.9999999999999999
511.88583800002334,1.9517866281723686,0.9845837615621787,511.5924920000214,1.4231758334293505,0.9999999999999999
512.1447990000235,1.9295293635718964,0.9999999999999999,511.83640100002145,1.3562820759863337,0.9999999999999999
512.3839380000235,1.9503977557316179,0.9876670092497429,512.0939480000214,1.3367782099858252,0.9999999999999999
512.6263230000236,2.005670218985679,0.9414182939362795,512.3343430000215,1.3890481622776103,0.9999999999999999
512.8903090000235,2.0876940711775207,0.8697327852004111,512.5822460000217,1.5502242701579843,0.9999999999999999
513.1336460000236,2.200931223519887,0.7607913669064749,512.8303010000216,1.8531291868853261,0.9999999999999999
513.3714750000236,2.3642117913078695,0.604916067146283,513.0827310000219,2.302656904476495,0.6660671462829737
513.6240290000237,2.5999565670885927,0.3663069544364508,513.3397830000218,2.857227244864916,0.1017471736896197
513.8695240000238,2.9122345690698768,0.0709146968139774,513.5688260000222,3.4239602198718924,0.0
514.1364880000237,3.2754718493998007,0.0,513.8182510000222,3.879219698091176,0.0
514.3634300000235,3.638160388596884,0.0,514.0709450000222,4.119654200003551,0.0
514.6142400000235,3.9373867563233764,0.0,514.3153570000222,4.113955344645504,0.0
514.8601440000235,4.121053743579874,0.0,514.5881620000223,3.9069680365279975,0.0
515.1041910000235,4.167963655600257,0.0,514.8113050000223,3.58163374327868,0.0
515.3612530000237,4.092495215427733,0.0,515.0552850000224,3.220968203233084,0.0
515.5991590000234,3.9273623011546146,0.0,515.3090470000225,2.8843857420461263,0.08324768756423435
515.8511990000234,3.708623056343945,0.0,515.5513090000225,2.5987789833779624,0.3663069544364508
516.0966950000234,3.4734422965694987,0.0,515.8009360000223,2.3654683170052744,0.604916067146283
516.3425550000233,3.2549611409032577,0.0,516.0509520000224,2.1734589847547783,0.7895683453237411
516.5937060000233,3.0727329519010724,0.0,516.3032820000225,2.009238592051584,0.9383350462487152
516.8395620000235,2.931505471644105,0.05858170606372045,516.5468050000226,1.864690904145891,0.9999999999999999
517.0897580000237,2.8303706972346854,0.1248715313463515,516.7904350000225,1.7388561879558448,0.9999999999999999
517.3492620000238,2.766873525903035,0.1828537170263789,517.0393660000224,1.636998115169885,0.9999999999999999
517.5936670000239,2.7346104803440867,0.22482014388489208,517.2883410000225,1.5637020369565082,0.9999999999999999
517.826698000024,2.7218437563262152,0.24040767386091122,517.5331790000225,1.519491970715357,0.9999999999999999
518.0700240000242,2.715347829035699,0.25239808153477217,517.7911910000223,1.5008209233633498,0.9999999999999999
518.3226150000241,2.701575562939633,0.26918465227817745,518.0323410000226,1.501460914508602,0.9999999999999999
518.5690770000243,2.6679618466170743,0.2979616306954437,518.2831500000226,1.5156554218453737,0.9999999999999999
518.8173940000244,2.61096660227739,0.35311750599520386,518.5233860000225,1.5386448248487756,0.9999999999999999
519.0640010000243,2.5430914983782444,0.42386091127098324,518.7738180000225,1.5682094506945574,0.9999999999999999
519.3090380000243,2.481216095484072,0.4946043165467625,519.0207020000222,1.6019832723631218,0.9999999999999999
519.5602730000244,2.432652546219608,0.5461630695443644,519.2713270000221,1.6336573996213355,0.9999999999999999
519.8041470000243,2.387622816766672,0.5845323741007195,519.5167490000222,1.6539923881164462,0.9999999999999999
520.0610380000245,2.3319868736554445,0.6384892086330934,519.7621500000222,1.6558277538341146,0.9999999999999999
520.3010280000245,2.260074022488596,0.710431654676259,520.0071310000221,1.636693693305851,0.9999999999999999
520.5561140000246,2.1759802742442784,0.7871702637889688,520.252184000022,1.60205114173019,0.9999999999999999
520.8034010000247,2.0888048097090777,0.86896197327852,520.5070430000222,1.5632280631848878,0.9999999999999999
521.0443040000248,2.0143497865630255,0.935251798561151,520.757037000022,1.5321429202087238,0.9999999999999999
521.2967310000248,1.980600974060319,0.962230215827338,521.0069830000224,1.5170083528152716,0.9999999999999999
521.5456190000248,2.017400323391047,0.9306269270298047,521.2550520000224,1.5208940928754295,0.9999999999999999
521.7835200000249,2.137905164261127,0.8279376498800961,521.4921710000225,1.5399238385999596,0.9999999999999999
522.0319180000247,2.334139758635217,0.6360911270983214,521.7404890000226,1.5649828597952453,0.9999999999999999
522.2814510000246,2.5784098920505873,0.3854916067146283,521.9910040000225,1.587231488039464,0.9999999999999999
522.5242960000246,2.8246847250297678,0.12718396711202462,522.2630880000225,1.599967274686097,0.9999999999999999
522.7808490000245,3.021816244383067,0.0,522.4791190000225,1.599089735722085,0.9999999999999999
523.0227560000246,3.1319238145157127,0.0,522.7309290000227,1.5837650609317373,0.9999999999999999
523.2677760000247,3.1405457897501434,0.0,522.9874830000225,1.5586752479197161,0.9999999999999999
523.521569000025,3.055299731899799,0.0,523.2343220000222,1.5341055257431093,0.9999999999999999
523.772705000025,2.9046844449620437,0.07245632065775952,523.4777690000219,1.5246266943028,0.9999999999999999
524.0086580000252,2.728745047040004,0.2284172661870503,523.7195920000221,1.5416985329776351,0.9999999999999999
524.2637420000253,2.5546181672338197,0.4130695443645084,523.9702540000224,1.5877803702331028,0.9999999999999999
524.5076310000254,2.38847130453166,0.5821342925659473,524.2155380000225,1.6520290828053783,0.9999999999999999
524.7566770000261,2.2287593943530206,0.7356115107913669,524.4601710000226,1.7132943302301027,0.9999999999999999
525.022546000026,2.0777714010553945,0.8774409044193217,524.7110090000225,1.751658309704795,0.9999999999999999
525.2507110000257,1.9424381212465234,0.9953751284686536,524.9610160000225,1.756306752571467,0.9999999999999999
525.4958260000257,1.829745946558452,0.9999999999999999,525.2065690000223,1.7265293287244887,0.9999999999999999
525.744542000026,1.743804364159761,0.9999999999999999,525.4764770000224,1.6689541674879558,0.9999999999999999
525.9926010000262,1.688065376219378,0.9999999999999999,525.709991000022,1.5941811328488131,0.9999999999999999
526.2382070000261,1.6696730888929885,0.9999999999999999,525.9488630000222,1.5142044487837139,0.9999999999999999
526.4970950000259,1.6998442241401337,0.9999999999999999,526.1993310000221,1.4399563944772504,0.9999999999999999
526.731322000026,1.789002364841707,0.9999999999999999,526.4451910000223,1.3776248657054613,0.9999999999999999
526.9864270000255,1.9386429774965823,0.9992291880781089,526.6901370000222,1.3273637311327615,0.9999999999999999
527.2352120000252,2.1299150822904003,0.8375299760191846,526.9377460000229,1.2867962298504967,0.9999999999999999
527.476666000025,2.3195068944240607,0.6504796163069545,527.1860700000233,1.2565429671010913,0.9999999999999999
527.7247050000248,2.462119468574537,0.5149880095923262,527.445739000023,1.2393164625461437,0.9999999999999999
527.9766020000247,2.5414143839022545,0.4250599520383693,527.6960720000233,1.2343087721655548,0.9999999999999999
528.2215300000248,2.576421525524628,0.3878896882494005,527.929323000023,1.2328346204634326,0.9999999999999999
528.466260000025,2.6063865979927705,0.3579136690647482,528.1823780000229,1.2234178184107967,0.9999999999999999
528.7138360000255,2.6720683952568884,0.2943645083932853,528.4241170000228,1.1998660867011717,0.9999999999999999
528.9610040000256,2.7929175561375184,0.15167865707434047,528.6866180000229,1.1638769397804902,0.9999999999999999
529.2142550000259,2.95004964700789,0.039311408016444,528.9261220000229,1.1234355347046474,0.9999999999999999
529.4792920000259,3.1005762550905738,0.0,529.172738000023,1.087500988101522,0.9999999999999999
529.7052370000259,3.2073786749075315,0.0,529.4237500000226,1.0650042297779845,0.9999999999999999
529.9551790000256,3.2581926990411834,0.0,529.6630700000233,1.0645267754551304,0.9999999999999999
530.1997500000259,3.2617306817405143,0.0,529.9386950000232,1.095342438137151,0.9999999999999999
530.4451310000265,3.236549827925707,0.0,530.1677430000234,1.1680118195950187,0.9999999999999999
530.6969980000265,3.204743045706113,0.0,530.4036310000236,1.289753102384953,0.9999999999999999
530.9430150000264,3.1870127541171653,0.0,530.6554640000235,1.4566903070188735,0.9999999999999999
531.1969370000268,3.195692030833113,0.0,530.9079420000235,1.6527291028839042,0.9999999999999999
531.4449260000268,3.228052099761527,0.0,531.1508480000233,1.8614986785908072,0.9999999999999999
531.685315000027,3.26663814393836,0.0,531.3948630000228,2.0715984266059806,0.8859198355601232
531.9290990000275,3.2904484376488776,0.0,531.644851000023,2.274105249135756,0.6900479616306954
532.1883140000276,3.283096447703358,0.0,531.8943380000231,2.4584200486368517,0.5173860911270982
532.427184000028,3.236725545308626,0.0,532.1386500000232,2.608954054407617,0.35551558752997603
532.691608000028,3.153668210066944,0.0,532.3806280000232,2.7099663346676457,0.2619904076738609
532.930624000028,3.0445703375746227,0.0,532.6286930000232,2.75116974983433,0.197242206235012
533.1722760000278,2.9231879771211764,0.06397738951695782,532.8820920000236,2.726935555613221,0.23321342925659466
533.4181640000278,2.804152513276273,0.14182939362795471,533.1451030000233,2.641908999678649,0.32314148681055155
533.662238000028,2.697267387745643,0.27398081534772184,533.3765660000231,2.5152804895353706,0.4502398081534772
533.9247980000275,2.6053239337127305,0.3591127098321342,533.6239770000228,2.3791493173385936,0.5905275779376499
534.1597680000273,2.5271317599121397,0.4406474820143884,533.8723740000222,2.270183748985243,0.6960431654676259
534.4074030000272,2.4609127524058607,0.5161870503597122,534.1223670000225,2.2093874132488143,0.7547961630695443
534.6594320000268,2.406185084490317,0.5677458033573142,534.3637190000226,2.1944311468134594,0.7703836930455636
534.9080350000265,2.364147677573148,0.604916067146283,534.6136890000225,2.207288584218837,0.7559952038369305
535.1522540000265,2.3374762908154745,0.6336930455635491,534.8610880000222,2.2294090882703412,0.734412470023981
535.3996900000268,2.3272987536292,0.6420863309352518,535.1142650000221,2.2482411753339693,0.7176258992805755
535.6492600000271,2.3313704143568765,0.6384892086330934,535.3626280000223,2.25727371346503,0.7128297362110313
535.907818000027,2.344753849507095,0.6252997601918465,535.607309000022,2.2544200619824375,0.7164268585131894
536.1392270000267,2.3595848050881845,0.6121103117505995,535.8458470000219,2.239524789709856,0.7296163069544366
536.3956370000267,2.364025852796577,0.604916067146283,536.094155000022,2.2120091883769457,0.7535971223021585
536.6369090000265,2.350980638732537,0.6193045563549161,536.3617180000223,2.169190991813527,0.7931654676258993
536.8890610000266,2.323491196554776,0.6468824940047961,536.6007970000223,2.108706955218654,0.8543165467625898
537.1543630000265,2.294323410943026,0.6732613908872902,536.8457750000221,2.0326180215253298,0.9229188078108941
537.3787560000266,2.2846454727447325,0.6864508393285372,537.0956490000219,1.9483249005233598,0.9899794450154162
537.6232450000266,2.316253515517341,0.6528776978417266,537.3456340000216,1.8664931516873764,0.9999999999999999
537.8721440000264,2.3992639710368553,0.5737410071942446,537.5830480000218,1.7977955886492523,0.9999999999999999
538.1232250000265,2.524017039102025,0.4430455635491606,537.8315910000215,1.7495283323089754,0.9999999999999999
538.3772360000263,2.662623250009053,0.30275779376498807,538.0863630000214,1.7236396832378265,0.9999999999999999
538.6125380000266,2.7710671621550778,0.1780575539568345,538.3258660000218,1.7170412162641255,0.9999999999999999
538.8630910000265,2.8031997642080317,0.14182939362795471,538.5748750000216,1.7243594505230426,0.9999999999999999
539.1166280000268,2.7370245959815316,0.2224220623501199,538.8183580000216,1.7406250336086235,0.9999999999999999
539.3566410000268,2.5865808720426298,0.3770983213429257,539.0768620000212,1.7627670424123612,0.9999999999999999
539.611064000027,2.3883603843369148,0.5821342925659473,539.3167970000212,1.7929542459342624,0.9999999999999999
539.8636280000273,2.180680920698129,0.7799760191846524,539.5696570000213,1.8443369830961491,0.9999999999999999
540.1061260000272,1.9917658158295333,0.9498972250770811,539.8131950000212,1.9414356864822624,0.9953751284686536
540.3567250000273,1.8376957780496357,0.9999999999999999,540.061556000021,2.107840272940094,0.8543165467625898
540.5941210000275,1.7232929014095668,0.9999999999999999,540.3105440000212,2.3515289875049685,0.6193045563549161
540.8440640000279,1.6452753168669962,0.9999999999999999,540.5624390000212,2.647553918352893,0.3183453237410072
541.0911280000277,1.599958684262931,0.9999999999999999,540.8162680000211,2.9337408835894485,0.05781089414182935
541.3364800000273,1.586474697882742,0.9999999999999999,541.0523190000213,3.1339482674592105,0.0
541.5829780000275,1.6043805264221431,0.9999999999999999,541.2962390000213,3.2016309034034793,0.0
541.8407420000277,1.6479579748135358,0.9999999999999999,541.5477740000209,3.137561667921342,0.0
542.0796370000277,1.7046695156631555,0.9999999999999999,541.7939910000209,2.978843667815458,0.015416238437821193
542.3307020000283,1.7629598447177712,0.9999999999999999,542.037477000021,2.7750908704695227,0.16966426858513192
542.5746160000283,1.820375415377174,0.9999999999999999,542.2855360000215,2.570936141062182,0.39268585131894485
542.8241130000289,1.881399517623239,0.9999999999999999,542.5320140000221,2.4019458012285524,0.5737410071942446
543.0845590000289,1.9488902571651319,0.989208633093525,542.7815250000219,2.2908557109739354,0.6768585131894485
543.3159600000287,2.0168176226316126,0.9306269270298047,543.040478000022,2.243913685750271,0.7224220623501199
543.5690570000288,2.0684070512794905,0.8882322713257964,543.2781390000221,2.2511643266540204,0.7176258992805755
543.8148840000284,2.085640331359408,0.8712744090441932,543.5224760000222,2.288104974465837,0.6816546762589928
544.0683030000283,2.059649993183488,0.8974820143884891,543.7710300000224,2.3226185743987355,0.6468824940047961
544.310310000029,1.9933436180988982,0.9491264131551901,544.0248780000218,2.326404515038887,0.6432853717026378
544.5668950000286,1.8982538506846622,0.9999999999999999,544.2674620000221,2.2841098362246592,0.6864508393285372
544.8288690000285,1.7889986983138866,0.9999999999999999,544.5160320000224,2.1982887083085583,0.7667865707434054
545.0519940000282,1.679035533415417,0.9999999999999999,544.7688740000222,2.0906182684970687,0.86896197327852
545.300965000028,1.5780382030813151,0.9999999999999999,545.0111840000224,1.995914809281183,0.947584789311408
545.5433080000281,1.4914979942603326,0.9999999999999999,545.2625590000226,1.9506520508765286,0.9868961973278519
545.7943200000278,1.4230886795753557,0.9999999999999999,545.5104990000226,1.9707987129369884,0.9676258992805755
546.0436370000282,1.3797802169925186,0.9999999999999999,545.7536630000225,2.0388658978238348,0.9152106885919834
546.2880760000285,1.3703610996529128,0.9999999999999999,546.0056420000227,2.1185243164860097,0.8459232613908875
546.5420830000287,1.3981246746188316,0.9999999999999999,546.2544530000226,2.178265200625923,0.7835731414868106
546.7865810000285,1.4527684861531198,0.9999999999999999,546.494400000023,2.2002772237395654,0.7607913669064749
547.0314040000285,1.5103131216333892,0.9999999999999999,546.7481870000228,2.181418485167196,0.7799760191846524
547.2768240000286,1.5468336238010765,0.9999999999999999,546.9900090000225,2.1355718107691914,0.8279376498800961
547.5308110000286,1.5511760860924233,0.9999999999999999,547.2435240000226,2.0955694036550723,0.8658787255909558
547.7782810000285,1.5257854654148573,0.9999999999999999,547.4815710000223,2.1076338533638364,0.8543165467625898
548.0362470000284,1.481410832696688,0.9999999999999999,547.7303150000221,2.2105681270507205,0.7535971223021585
548.2742650000288,1.4313817177341353,0.9999999999999999,547.989817000022,2.4063548446683267,0.5677458033573142
548.5241020000291,1.3866915325173002,0.9999999999999999,548.2233490000215,2.647721429484548,0.3183453237410072
548.7646060000291,1.3525824807499593,0.9999999999999999,548.4883050000212,2.859622078184695,0.09943473792394657
549.0217090000285,1.327783260115464,0.9999999999999999,548.7221960000212,2.982156978990436,0.013874614594039074
549.2577790000286,1.3071514086508003,0.9999999999999999,548.9672660000211,3.00174170092949,0.002312435765673137
549.5083990000284,1.2878722265896236,0.9999999999999999,549.2178140000213,2.950812368275512,0.0385405960945529
549.7613030000285,1.2725976400984096,0.9999999999999999,549.4623810000207,2.882004082977527,0.08633093525179851
550.008368000029,1.2664588379988964,0.9999999999999999,549.7151230000208,2.840115217770641,0.11562178828365878
550.2498790000291,1.271028597365123,0.9999999999999999,549.9582100000207,2.837788238971951,0.11562178828365878
550.509331000029,1.2831602321901752,0.9999999999999999,550.2045620000206,2.849329677273839,0.10714285714285716
550.7485910000286,1.2984801110468227,0.9999999999999999,550.4526120000202,2.8401131042742116,0.11562178828365878
550.9917870000285,1.314379586836428,0.9999999999999999,550.69808700002,2.8059199023652983,0.1410585817060637
551.2568640000284,1.3308057785295597,0.9999999999999999,550.9484780000199,2.772195505190121,0.17565947242206234
551.4938380000281,1.3481591324002946,0.9999999999999999,551.1958900000199,2.772579349180762,0.17565947242206234
551.7492920000279,1.3667242779913555,0.9999999999999999,551.4464390000196,2.833437006300584,0.12255909558067828
551.9847050000282,1.3873743753325458,0.9999999999999999,551.6983450000192,2.964541774561309,0.027749229188078147
552.2336910000283,1.4124288864869254,0.9999999999999999,551.9368880000195,3.1514942493270195,0.0
552.4760430000277,1.4448908688257966,0.9999999999999999,552.1849180000195,3.348903179627743,0.0
552.7288210000282,1.4904531825585063,0.9999999999999999,552.4368750000193,3.4893286815754725,0.0
552.9727090000282,1.5566018871547906,0.9999999999999999,552.6884510000186,3.506588812573447,0.0
553.2236280000282,1.6513539755436484,0.9999999999999999,552.9337850000193,3.3761171401787013,0.0
553.472655000028,1.783740115979222,0.9999999999999999,553.1778520000197,3.127833621859141,0.0
553.7195740000278,1.9621315374190873,0.9768756423432681,553.4251850000202,2.8155468462184046,0.13643371017471734
553.9635320000278,2.188422120843712,0.775179856115108,553.6717910000203,2.48730907804634,0.4862110311750599
554.2109050000277,2.450608500255846,0.5305755395683454,553.9236020000202,2.175225187955527,0.788369304556355
554.4626260000273,2.7167950021833978,0.24880095923261394,554.1724510000201,1.8972282620716094,0.9999999999999999
554.7044240000272,2.9404781227667547,0.05241521068859197,554.4114480000201,1.6622122483490507,0.9999999999999999
554.9544630000271,3.0792051903296076,0.0,554.6619120000202,1.4745957825496194,0.9999999999999999
555.2007830000266,3.1161970598399575,0.0,554.9074200000198,1.3361008090090325,0.9999999999999999
555.450652000027,3.077621561553301,0.0,555.1573550000192,1.247727095065575,0.9999999999999999
555.7163060000266,3.0191563011520848,0.0,555.4029210000194,1.2080824819913347,0.9999999999999999
555.9442270000266,2.9941695583779047,0.006166495375128477,555.648164000019,1.2087854100747149,0.9999999999999999
556.1935880000266,3.0342316385414883,0.0,555.8967380000195,1.234137474093443,0.9999999999999999
556.4421270000261,3.1462776054591366,0.0,556.1628310000195,1.273736518624105,0.9999999999999999
556.6850220000258,3.309938203150495,0.0,556.3987690000195,1.330655589869001,0.9999999999999999
556.9325630000255,3.4796324812854547,0.0,556.6487280000193,1.4190060968750031,0.9999999999999999
557.1838660000263,3.599643701678481,0.0,556.8896160000196,1.5544680451563155,0.9999999999999999
557.4338580000267,3.627409699645648,0.0,557.1381310000195,1.7462260202592774,0.9999999999999999
557.6738140000265,3.559370105348089,0.0,557.3856840000199,1.9895430737513076,0.9537512846865365
557.9221930000266,3.427619061630914,0.0,557.63546900002,2.257048247931736,0.7128297362110313
558.1742140000268,3.275332549506566,0.0,557.8789150000201,2.4953831038882703,0.47781774580335734
558.421290000027,3.13353546091438,0.0,558.13538800002,2.6396697356097967,0.32553956834532377
558.6612380000269,3.0124600255659844,0.0,558.3818520000195,2.6505236043980642,0.31594724220623505
558.9152300000271,2.9101037924376714,0.07168550873586842,558.6258870000197,2.544349082529397,0.42266187050359705
559.1573910000272,2.819250042569209,0.1341212744090442,558.8722060000196,2.38399935001344,0.5869304556354915
559.4088230000276,2.7356836596722918,0.22362110311750594,559.1186070000194,2.2410464986050926,0.7272182254196642
559.6537550000278,2.6558650800711345,0.31115107913669066,559.3750820000192,2.159089443853124,0.8015587529976019
559.9036850000278,2.578542727499811,0.3854916067146283,559.6116220000192,2.1419848690258045,0.8231414868105518
560.1477500000276,2.5051101726045606,0.4634292565947242,559.8616080000188,2.1658966176701155,0.7979616306954437
560.4010370000275,2.4382857087356107,0.5413669064748201,560.1129250000191,2.1994008085762227,0.7631894484412469
560.6460000000272,2.381632997124461,0.5869304556354915,560.3585440000192,2.215347410888981,0.7511990407673862
560.8935460000272,2.3399286110418513,0.632494004796163,560.6026100000192,2.1946237968470523,0.7703836930455636
561.1420020000269,2.316264951924322,0.6528776978417266,560.852432000019,2.1293121022248345,0.8387290167865707
561.3943940000268,2.3095283173235845,0.6612709832134294,561.0993100000193,2.0260218194676223,0.9244604316546762
561.6363180000267,2.3146086291340287,0.6540767386091128,561.3463820000189,1.9032801394966614,0.9999999999999999
561.8868870000267,2.328196626886195,0.6420863309352518,561.5924160000189,1.7855709339735926,0.9999999999999999
562.1354250000268,2.353715229284701,0.6169064748201439,561.8454240000189,1.6975376385842353,0.9999999999999999
562.3794150000268,2.394611755299162,0.577338129496403,562.0897750000189,1.6569940090541888,0.9999999999999999
562.6254190000267,2.4463563412416,0.5341726618705037,562.3348930000185,1.6739617554243647,0.9999999999999999
562.8761570000265,2.5183586541650316,0.4502398081534772,562.581860000019,1.7500545334394904,0.9999999999999999
563.1221200000266,2.651139953137962,0.3135491606714628,562.8398900000188,1.8745159622419478,0.9999999999999999
563.3819690000271,2.900007120811287,0.07322713257965054,563.0807940000188,2.0270121437021924,0.9244604316546762
563.6161710000267,3.3115082255586854,0.0,563.3301320000185,2.189957717003682,0.7739808153477219
563.8720110000266,3.8964533610564835,0.0,563.5720220000185,2.3545793832607944,0.6157074340527577
564.1170330000261,4.596142884170355,0.0,563.8364800000186,2.5141092988155878,0.45263788968824936
564.3594050000265,5.259912393263104,0.0,564.0639110000186,2.6552828033614246,0.31115107913669066
564.6050480000266,5.690482638582653,0.0,564.3255340000183,2.7601826137421366,0.19364508393285368
564.8531310000265,5.776931009946273,0.0,564.5584150000184,2.8141741086399947,0.13797533401849946
565.1006910000259,5.563176880838114,0.0,564.8169430000187,2.812185924490648,0.13874614594039056
565.3485980000261,5.173058402658198,0.0,565.0583680000186,2.7578431329351716,0.19364508393285368
565.603548000026,4.7230558783290935,0.0,565.312790000019,2.6614201484817794,0.3039568345323741
565.8499920000261,4.285274920565562,0.0,565.551190000019,2.5370358282256107,0.42985611510791366
566.1071480000259,3.8860295387956536,0.0,565.7951070000186,2.4012365801197304,0.5737410071942446
566.3387440000258,3.5245310833753667,0.0,566.0635390000185,2.269474194016334,0.6984412470023982
566.5946130000257,3.1948350423177843,0.0,566.2911290000185,2.151030161412378,0.813549160671463
566.8383370000255,2.894171886322953,0.07399794450154164,566.5405840000184,2.0458512089542538,0.9113566289825282
567.0836520000258,2.6224831937263042,0.3435251798561151,566.7841380000185,1.9516968865071043,0.9845837615621787
567.3320980000262,2.37900660226219,0.5905275779376499,567.0441730000182,1.8746780815279342,0.9999999999999999
567.5906400000266,2.1609210153241527,0.7979616306954437,567.2790810000181,1.8311507730970016,0.9999999999999999
567.853328000027,1.9656737985885593,0.973792394655704,567.5410060000179,1.8398078523672163,0.9999999999999999
568.0726070000273,1.7925176703016195,0.9999999999999999,567.7836520000183,1.9122279324653555,0.9999999999999999
568.326744000027,1.6425322030482044,0.9999999999999999,568.021192000018,2.043716129911788,0.9121274409044193
568.5684890000272,1.5192110541102282,0.9999999999999999,568.2705250000181,2.211789205343191,0.7535971223021585
568.818467000027,1.4263716967571693,0.9999999999999999,568.5195040000182,2.3807099517646195,0.5881294964028777
569.0650060000272,1.3652625175659916,0.9999999999999999,568.7735470000184,2.510284379169055,0.4562350119904077
569.3067170000274,1.3328550207158658,0.9999999999999999,569.0211250000183,2.5691588420701867,0.3974820143884892
569.5666480000276,1.3329106728097044,0.9999999999999999,569.2634780000184,2.5459318485956905,0.4202637889688249
569.8074820000276,1.3930867440329346,0.9999999999999999,569.5151770000181,2.4589855631369457,0.5173860911270982
570.0525980000274,1.5721123743945897,0.9999999999999999,569.7571280000182,2.3448688035330822,0.6241007194244604
570.3009780000276,1.9420085740600157,0.9953751284686536,570.002622000018,2.2385649115117845,0.7308153477218226
570.5440550000279,2.5273348773166426,0.4406474820143884,570.2550940000181,2.1583457679637235,0.8027577937649881
570.7966770000282,3.274940399386385,0.0,570.5076250000177,2.1044715970808845,0.8558581706063719
571.0589390000282,4.092202251330599,0.0,570.752061000018,2.067467278003663,0.8890030832476875
571.2969750000283,4.888285780203093,0.0,570.9969500000182,2.035209819060881,0.9206063720452209
571.5489310000282,5.584739450977786,0.0,571.2412470000181,1.9978103859053193,0.947584789311408
571.7904920000283,6.109968962591284,0.0,571.5105520000182,1.95471225009767,0.9830421377183967
572.0293530000282,6.394190394223549,0.0,571.746189000018,1.915348089900816,0.9999999999999999
572.2782340000285,6.379110420248165,0.0,571.9875620000182,1.8931777789094109,0.9999999999999999
572.5343410000285,6.064456950192649,0.0,572.2330500000184,1.9022080295890635,0.9999999999999999
572.7822800000279,5.547538953231847,0.0,572.4854340000181,1.9497721058279247,0.988437821171634
573.0205910000275,4.979867324659982,0.0,572.7283160000179,2.0328534001304304,0.9229188078108941
573.270633000027,4.485068784243981,0.0,572.9782570000182,2.138801213284396,0.8267386091127099
573.5172450000276,4.120064616398024,0.0,573.2216270000181,2.2514620989688705,0.7176258992805755
573.7636310000275,3.8806322933934863,0.0,573.4713680000181,2.3576601213619037,0.6145083932853718
574.0222200000278,3.7278814417171713,0.0,573.7347280000187,2.448133646611646,0.5329736211031175
574.2621640000281,3.611740811038826,0.0,573.9667830000184,2.5123169602345166,0.4562350119904077
574.5071600000279,3.48198922641842,0.0,574.220234000018,2.5327621381906216,0.43705035971223016
574.7676140000277,3.3084782713418406,0.0,574.4676300000178,2.492880928182032,0.4790167865707434
575.0075620000277,3.1012113267401014,0.0,574.7167310000177,2.3899055112372336,0.5797362110311751
575.2515770000274,2.8919999385713298,0.07708119218910588,574.9570570000176,2.241775497843092,0.7272182254196642
575.498311000027,2.708057450094459,0.2631894484412469,575.1982040000174,2.0758402943490846,0.8789825282631037
575.7513960000265,2.564553473420954,0.4046762589928058,575.4586510000177,1.9153946087625446,0.9999999999999999
575.9887670000265,2.4658646511540563,0.5125899280575539,575.6936840000175,1.7714722924454134,0.9999999999999999
576.2563220000266,2.4107068315982683,0.5629496402877698,575.9464020000177,1.6419150077234854,0.9999999999999999
576.4854400000268,2.3970133483155744,0.5749400479616307,576.1888160000179,1.5204318878047938,0.9999999999999999
576.7638930000264,2.4248006289863033,0.552158273381295,576.4475540000176,1.4035431729185497,0.9999999999999999
576.9855240000268,2.494631245969738,0.47781774580335734,576.6868640000177,1.2918834888486364,0.9999999999999999
577.2350350000266,2.6042721214113347,0.3627098321342926,576.9322390000176,1.1894720283555091,0.9999999999999999
577.4904840000263,2.7404969929770484,0.21522781774580335,577.1838330000178,1.102625443553131,0.9999999999999999
577.725044000026,2.877774344488393,0.08941418293936275,577.429626000018,1.0393283857717166,0.9999999999999999
577.9719410000258,2.9910751527843926,0.0077081192189105965,577.6792360000177,1.007277960941513,0.9999999999999999
578.2229980000257,3.0622113258073806,0.0,577.9324680000176,1.011496627001251,0.9999999999999999
578.4689670000256,3.0851199386064847,0.0,578.1730790000178,1.0531409063952646,0.9999999999999999
578.7305280000252,3.0661361660721087,0.0,578.4198540000175,1.1276958162448851,0.9999999999999999
578.9690570000254,3.0194318626763197,0.0,578.6674250000178,1.2225510111598425,0.9999999999999999
579.2099050000257,2.9608846304248586,0.029290853031860183,578.922639000018,1.3182874692825677,0.9999999999999999
579.4620180000259,2.9081073643721314,0.07245632065775952,579.1800990000178,1.396247448109065,0.9999999999999999
579.7033570000259,2.8825088762539264,0.08478931140801639,579.4064830000179,1.4476133925725378,0.9999999999999999
579.956637000026,2.895271922526286,0.07399794450154164,579.6589240000179,1.4779919958387684,0.9999999999999999
580.1969390000257,2.9362052411040773,0.05472764645426519,579.9060850000182,1.4990491948076627,0.9999999999999999
580.4495630000255,2.9834030168933747,0.013103802672147972,580.1505190000181,1.5153825984362472,0.9999999999999999
580.7013900000253,3.0274632965284978,0.0,580.401392000018,1.522351580662239,0.9999999999999999
580.9454880000253,3.073907156838634,0.0,580.6487300000176,1.5148995505542326,0.9999999999999999
581.1854860000254,3.136643014501118,0.0,580.8911130000178,1.4924182800441534,0.9999999999999999
581.4391180000251,3.2284170023461796,0.0,581.1501950000174,1.4598446400960103,0.9999999999999999
581.6876850000252,3.348712372488785,0.0,581.3901270000174,1.4260025393282887,0.9999999999999999
581.9455840000251,3.487550893262217,0.0,581.6404690000178,1.4013570032377864,0.9999999999999999
582.1805910000255,3.63642906165688,0.0,581.8879140000176,1.3946794965115408,0.9999999999999999
582.4250620000256,3.786102121255544,0.0,582.1401550000174,1.410481214149892,0.9999999999999999
582.6776060000253,3.9223361936325576,0.0,582.3956940000178,1.4491610673061865,0.9999999999999999
582.9283760000257,4.0257410328630385,0.0,582.6327570000172,1.5079973008718182,0.9999999999999999
583.1721680000254,4.077123527934082,0.0,582.877197000017,1.5817725594253624,0.9999999999999999
583.4141060000258,4.063981154909272,0.0,583.1277400000171,1.6614518553433468,0.9999999999999999
583.6666150000265,3.9895295370328787,0.0,583.3676400000176,1.7323161256151518,0.9999999999999999
583.9147160000269,3.874424381308519,0.0,583.6168330000173,1.7809941419861544,0.9999999999999999
584.164029000027,3.7373396601187707,0.0,583.8656640000174,1.8030186349169302,0.9999999999999999
584.4123740000265,3.5805469833867765,0.0,584.1075600000179,1.8052193907073586,0.9999999999999999
584.6566670000266,3.398577818015802,0.0,584.3691670000178,1.8005220872524723,0.9999999999999999
584.9057210000268,3.1953296890088607,0.0,584.6041950000177,1.79889398643615,0.9999999999999999
585.1602100000267,2.9899585118188203,0.0077081192189105965,584.8631590000175,1.8039126402405965,0.9999999999999999
585.4001850000266,2.797893405689424,0.14568345323741005,585.1034890000172,1.8153665380696338,0.9999999999999999
585.6522400000265,2.612915933924343,0.35191846522781767,585.3575720000172,1.8383703860294138,0.9999999999999999
585.8901420000263,2.4211691656344096,0.554556354916067,585.6070150000174,1.8968679900773746,0.9999999999999999
586.1455750000264,2.2222297900175096,0.7452038369304557,585.8458800000177,2.042217730930711,0.9128982528263103
586.4045010000265,2.026832745111568,0.9244604316546762,586.0960830000173,2.3299879308562432,0.6408872901678657
586.6384980000267,1.843902446327922,0.9999999999999999,586.3410220000171,2.8023529305038495,0.14260020554984582
586.8827930000273,1.6766361641991923,0.9999999999999999,586.586006000017,3.5411176242655866,0.0
587.1317430000274,1.5250698671494367,0.9999999999999999,586.8537410000167,4.673351499746555,0.0
587.3767200000277,1.390203112879819,0.9999999999999999,587.0778100000168,6.235894658259513,0.0
587.6252970000271,1.2757466397605877,0.9999999999999999,587.331755000017,8.0892212661364,0.0
587.870239000027,1.1875758398111524,0.9999999999999999,587.5752140000172,9.968936544834047,0.0
588.1198230000274,1.1309228361910255,0.9999999999999999,587.8220810000175,11.60338241914314,0.0
588.3642640000273,1.1069274250251155,0.9999999999999999,588.0787550000175,12.79661078707247,0.0
588.6121810000271,1.110850022875257,0.9999999999999999,588.3162710000179,13.438311705188704,0.0
588.866177000027,1.1324977207311606,0.9999999999999999,588.5652490000182,13.48382746876266,0.0
589.1145960000268,1.1585803799828753,0.9999999999999999,588.8267610000181,12.953728299086848,0.0
589.358169000027,1.1770801524970684,0.9999999999999999,589.0551240000182,11.952526685153314,0.0
589.616049000027,1.182472155689313,0.9999999999999999,589.3045810000181,10.69485959478802,0.0
589.8566950000268,1.1790372515128456,0.9999999999999999,589.5585110000185,9.431775070867058,0.0
590.1028310000269,1.1801870955799232,0.9999999999999999,589.8063930000188,8.387696149376854,0.0
590.3474150000274,1.202651426368946,0.9999999999999999,590.0622570000187,7.762742595593739,0.0
590.5973860000278,1.2587707692565735,0.9999999999999999,590.299036000019,7.762405352302009,0.0
590.8423760000277,1.3484007315415338,0.9999999999999999,590.5527330000184,8.532139847648276,0.0
591.0935120000278,1.456617502046025,0.9999999999999999,590.8032720000182,10.033937791765293,0.0
591.3389700000282,1.56303097059378,0.9999999999999999,591.0786290000187,11.94170076169024,0.0
591.5858730000282,1.6543316899150857,0.9999999999999999,591.2845530000188,13.72048394151306,0.0
591.8303170000282,1.7356437526556123,0.9999999999999999,591.5470470000195,14.846173630507204,0.0
592.0889230000287,1.8308399875730765,0.9999999999999999,591.7906040000192,15.033084865404167,0.0
592.3344170000288,1.9733036883665411,0.9660842754367934,592.0305490000194,14.2924610846058,0.0
592.5774040000285,2.18963581240759,0.7739808153477219,592.2764340000195,12.864145137666284,0.0
592.8221820000285,2.4815428802895982,0.4946043165467625,592.5316150000191,11.094746828935268,0.0
593.0692920000286,2.8101958531769777,0.13951695786228158,592.7728810000189,9.319452349377796,0.0
593.3197600000283,3.103005565004384,0.0,593.0248490000191,7.764387457189553,0.0
593.5691200000281,3.3109501837814284,0.0,593.2729110000192,6.509160365814395,0.0
593.8115710000283,3.444553596019859,0.0,593.5197770000191,5.533243365198241,0.0
594.0814030000284,3.633135537859963,0.0,593.7633420000193,4.786946770146491,0.0
594.3094710000282,4.020785531855944,0.0,594.0143480000202,4.210094671255545,0.0
594.567853000028,4.606791856350073,0.0,594.2593720000198,3.7456519637356287,0.0
594.8089270000278,5.2998895696303965,0.0,594.5241170000194,3.356183253273424,0.0
595.0523380000278,6.00967757431815,0.0,594.7570350000199,3.0214140523447357,0.0
595.297804000028,6.671828716940296,0.0,594.99958600002,2.7367506915376754,0.22362110311750594
595.5502040000279,7.2518228782366165,0.0,595.2469240000198,2.5045956063459984,0.4646282973621103
595.8016090000276,7.738865184016524,0.0,595.4963950000194,2.3266202991382205,0.6432853717026378
596.0575300000276,8.144914374960116,0.0,595.7423780000197,2.1996924336624932,0.7619904076738611
596.2894710000278,8.500424631357228,0.0,595.9909530000195,2.116228336339144,0.8483213429256595
596.5425620000285,8.849094094842288,0.0,596.2494430000195,2.0679924342244247,0.8882322713257964
596.783350000028,9.27670429829578,0.0,596.4840320000193,2.0468088368649195,0.909815005138746
597.0333450000279,9.972208943587717,0.0,596.7345700000195,2.0412439334192145,0.9128982528263103
597.2954290000273,11.2635395501596,0.0,596.9883960000199,2.034196271571628,0.9213771839671119
597.529219000027,13.200041004906009,0.0,597.2312990000198,2.0065742507768194,0.9406474820143884
597.7767590000268,15.016818031719033,0.0,597.4787200000201,1.9483548396833028,0.9899794450154162
598.0359050000271,16.077709667677773,0.0,597.7332390000203,1.8632540947374308,0.9999999999999999
598.2717030000271,16.37362031905501,0.0,597.9817540000201,1.762810371888215,0.9999999999999999
598.5227100000268,16.116149425575873,0.0,598.2146530000198,1.6577022724054662,0.9999999999999999
598.7702400000273,15.496891534183604,0.0,598.4677150000198,1.5545460527696715,0.9999999999999999
599.0256760000271,14.679298260262414,0.0,598.7142940000194,1.4579802340530366,0.9999999999999999
599.2730260000267,13.867966816585538,0.0,598.9626890000197,1.3732427129979528,0.9999999999999999
599.5111080000269,13.354283650677218,0.0,599.2115450000196,1.30652837519329,0.9999999999999999
599.7585130000266,13.521877273927531,0.0,599.4560840000198,1.2656417463545617,0.9999999999999999
600.0129900000265,14.772571354888221,0.0,599.7120530000195,1.2672495466235987,0.9999999999999999
600.2560660000264,17.194116105465863,0.0,599.9489310000197,1.3371423927865882,0.9999999999999999
600.5400620000261,20.19713606206368,0.0,600.2033790000194,1.4976720750362003,0.9999999999999999
600.7541100000258,22.761399148896253,0.0,600.4473870000193,1.7513859333083301,0.9999999999999999
,,,600.6896240000195,2.071885454552893,0.8859198355601232
,,,600.9359700000189,2.4130100585580605,0.5629496402877698
,,,601.1844170000184,2.728680850139704,0.2284172661870503
,,,601.4335000000182,2.983756584999928,0.013103802672147972
,,,601.679009000018,3.160931180238897,0.0
,,,601.930917000018,3.2584835340784393,0.0
,,,602.1963900000177,3.2886356820745495,0.0
,,,602.4233800000173,3.2730107284374315,0.0
,,,602.6747230000171,3.233087531651047,0.0
,,,602.9132900000169,3.1844156736631737,0.0
,,,603.1759180000166,3.137537644026544,0.0
,,,603.4106110000167,3.1030579186640987,0.0
,,,603.6582050000166,3.0890387044730403,0.0
,,,603.9051450000168,3.0925081631235845,0.0
,,,604.1582280000168,3.1005346434739347,0.0
,,,604.4035880000173,3.0963980074192996,0.0
,,,604.6499660000176,3.085267399076808,0.0
,,,604.901600000018,3.138258907528188,0.0
