condition 1 time (s),condition 1 tbr,condition 1 nai,condition 2 time (s),condition 2 tbr,condition 2 nai
4.543357999999987,48.90011237948651,0.0,4.3733700000000075,127.87722085547172,0.0
4.719724999999987,49.26777418698939,0.0,4.606481000000003,124.71424101491232,0.0
5.024709999999989,50.63958946599362,0.0,4.845399000000005,118.7419116865905,0.0
5.299086999999989,51.25539661802315,0.0,5.130756000000006,110.4206878574958,0.0
5.537142999999983,49.068976413287466,0.0,5.3414080000000075,99.52630005266354,0.0
5.759553999999979,43.77372406665126,0.0,5.595732000000011,86.50438216395644,0.0
6.009552999999974,36.95854513178277,0.0,5.837385000000014,72.4137995120289,0.0
6.202617999999968,30.44912454669491,0.0,6.093297000000017,59.226261301287835,0.0
6.452133999999966,25.434270380979545,0.0,6.324275000000022,48.7792876439417,0.0
6.7211809999999685,22.28098202952037,0.0,6.5842650000000225,41.52250036635536,0.0
6.948082999999964,20.79630230694799,0.0,6.8192430000000215,36.89851379615776,0.0
7.208052999999963,20.678532731026245,0.0,7.072478000000022,34.21209936489847,0.0
7.626917999999964,21.496759997124364,0.0,7.320440000000018,32.96460743124049,0.0
7.8062739999999655,22.640273150067305,0.0,7.562384000000018,32.4332239823734,0.0
7.984007999999968,23.536024699976156,0.0,7.810430000000021,32.041807337053235,0.0
8.19039499999997,23.55597770914396,0.0,8.058519000000022,31.707764036323137,0.0
8.487970999999968,22.522507536535855,0.0,8.321528000000026,31.35189271595084,0.0
8.756121999999976,20.528898610433473,0.0,8.56233400000003,30.6754027536624,0.0
9.163363999999989,18.231864633429204,0.0,8.809876000000035,29.520648942163707,0.0
9.357959000000008,16.014377543478407,0.0,9.047417000000038,28.01121178402397,0.0
9.650844000000026,14.014705470163918,0.0,9.302915000000038,26.172580162432606,0.0
9.869985000000044,12.277485631166341,0.0,9.545842000000034,24.03466807017084,0.0
10.084948000000065,10.805925287449075,0.0,9.795805000000039,21.778942626579138,0.0
10.296947000000076,9.527876763892108,0.0,10.04386100000004,19.60182007136562,0.0
10.524522000000093,8.359959097968575,0.0,10.288862000000044,17.566936123493438,0.0
10.898799000000109,7.296921151569752,0.0,10.57082300000004,15.666341996450818,0.0
11.093911000000121,6.359541371404081,0.0,10.777414000000046,13.90309063717209,0.0
11.337950000000125,5.551383299618578,0.0,11.059955000000052,12.28273530745047,0.0
11.580868000000146,4.860111429000653,0.0,11.278801000000053,10.800807512195876,0.0
11.785482000000158,4.2676159762352315,0.0,11.544131000000055,9.453886837209673,0.0
12.062268000000183,3.755045997283165,0.0,11.781808000000057,8.237839473971082,0.0
12.4008160000002,3.3047482053861947,0.014091858037578257,12.020240000000065,7.143646863641149,0.0
12.584233000000214,2.9037725334931688,0.27470424495476686,12.263196000000063,6.170509088520943,0.0
12.795847000000233,2.5471046021650072,0.5815935977731385,12.511708000000066,5.3300932416425155,0.0
13.088810000000244,2.2400659119825623,0.8275922059846904,12.776058000000067,4.63240281722917,0.0
13.312213000000261,1.9895312409305026,0.9999999999999999,13.010546000000069,4.077969302332859,0.0
13.711347000000277,1.7936659217242985,0.9999999999999999,13.26366000000007,3.6564308835754495,0.0
13.931479000000296,1.645994822858946,0.9999999999999999,13.503111000000073,3.3484489611746335,0.0
14.060650000000319,1.5408461754394294,0.9999999999999999,13.755014000000084,3.1288408518227984,0.11586638830897701
14.288728000000338,1.4753821711753492,0.9999999999999999,14.004078000000082,2.9736199044667293,0.22599164926931103
14.506380000000352,1.4456387572520362,0.9999999999999999,14.248439000000085,2.865238770986238,0.3014961725817676
14.73578800000037,1.4430175872540931,0.9999999999999999,14.490969000000087,2.790338022805734,0.3745650661099512
15.040983000000391,1.454922547916643,0.9999999999999999,14.745598000000085,2.7385391757463906,0.43058455114822547
15.144178000000412,1.4705129707685252,0.9999999999999999,14.986923000000083,2.7039649452587886,0.45981210855949906
15.44317100000042,1.4854059019468238,0.9999999999999999,15.24902700000009,2.6852873148227236,0.4768615170494086
15.71340300000043,1.5030129904322964,0.9999999999999999,15.479959000000095,2.688336589894666,0.4719902574808629
15.980569000000436,1.5301998183747676,0.9999999999999999,15.736376000000096,2.7178705704455126,0.4451983298538623
16.32652700000045,1.5726106402977107,0.9999999999999999,15.994299000000096,2.763959365551921,0.3989213639526792
16.495898000000473,1.634154746426833,0.9999999999999999,16.229431000000098,2.80348477777507,0.355080027835769
16.725102000000483,1.7160074585124716,0.9999999999999999,16.4814470000001,2.8156625171328113,0.3502087682672234
16.9081800000005,1.806256474783852,0.9999999999999999,16.72539800000008,2.791937265890236,0.3721294363256785
17.137145000000494,1.862833228827676,0.9999999999999999,16.97745600000007,2.738731542428697,0.43058455114822547
17.430992000000497,1.8314839179011675,0.9999999999999999,17.25377000000006,2.671849242251141,0.4817327766179541
17.63503900000051,1.7137922939346053,0.9999999999999999,17.47174200000004,2.6090099861000913,0.5207028531663188
17.848406000000494,1.558087824054705,0.9999999999999999,17.717708000000037,2.560385256866567,0.57428670842032
18.147431000000488,1.4029508430721016,0.9999999999999999,18.00170200000002,2.5336090974043515,0.5962073764787752
18.3769460000005,1.266024403193767,0.9999999999999999,18.208825,2.5335960167264773,0.5962073764787752
18.66187200000052,1.1518702418496956,0.9999999999999999,18.457679999999986,2.5629301827693447,0.5718510786360472
18.876950000000527,1.0594220145903985,0.9999999999999999,18.702646999999963,2.6255281829627495,0.5133959638135004
19.136017000000514,0.9852856860277253,0.9999999999999999,18.950734999999945,2.7265375098487987,0.4427627000695894
19.411777000000516,0.9260112285365804,0.9999999999999999,19.201687999999937,2.8604895270804613,0.30636743215031315
19.626454000000532,0.8827363994106491,0.9999999999999999,19.45258899999993,3.0089123435149037,0.18458594293667369
19.917326000000532,0.866509520780095,0.9999999999999999,19.70256999999992,3.1479328993587834,0.10647181628392481
20.129337000000547,0.9186108347931699,0.9999999999999999,19.94125099999992,3.249533615504136,0.04853862212943635
20.37226400000054,1.063185999158017,0.9999999999999999,20.191121999999925,3.2903581260255206,0.023486430062630455
20.74134300000054,1.2245051628074395,0.9999999999999999,20.4872199999999,3.2614587091296228,0.03914405010438415
21.01684700000056,1.3963231837033554,0.9999999999999999,20.689642999999883,3.168892489771589,0.08768267223382041
21.12620400000058,1.5551660405482854,0.9999999999999999,20.933518999999862,3.0371493514915846,0.16997216423103692
21.334370000000582,1.5402708594576606,0.9999999999999999,21.188020999999853,2.9050959549111255,0.27226861517049405
21.613310000000602,1.3986945227504852,0.9999999999999999,21.438494999999833,2.8101020114157045,0.35264439805149617
21.807636000000613,1.242338800183589,0.9999999999999999,21.67398799999982,2.778297259867074,0.389178844815588
22.005628000000605,1.1072188614739489,0.9999999999999999,21.92104799999981,2.821724095655217,0.3502087682672234
22.24358200000061,0.9995411683431547,0.9999999999999999,22.169962999999793,2.9389431377632214,0.24304105775922058
22.48277400000061,0.9173471012576986,0.9999999999999999,22.42104399999978,3.1170763457561166,0.1252609603340292
22.7675770000006,0.8569692832156741,0.9999999999999999,22.669428999999766,3.332922201221547,0.004697286012526058
23.102146000000598,0.8148202985632081,0.9999999999999999,22.92188899999976,3.553027421694883,0.0
23.381090000000604,0.7880376983242716,0.9999999999999999,23.169919999999742,3.729633984842735,0.0
23.57350600000062,0.7744231226868294,0.9999999999999999,23.41300299999973,3.817998882039654,0.0
23.85461100000062,0.7724934013745993,0.9999999999999999,23.677818999999708,3.80030765646783,0.0
24.053450000000634,0.7818878881726083,0.9999999999999999,23.902929999999692,3.6969672966384772,0.0
24.324582000000632,0.8072072520342285,0.9999999999999999,24.157415999999678,3.5561987560155868,0.0
24.588926000000637,0.8808237426138132,0.9999999999999999,24.40030199999966,3.426952638280768,0.0
24.86612300000063,1.135017683054584,0.9999999999999999,24.648879999999647,3.3415770032671137,0.0015657620041753526
25.219409000000628,1.659701104161389,0.9999999999999999,24.898366999999627,3.3057918639830453,0.014091858037578257
25.51870000000064,2.178388086283507,0.888830897703549,25.14333799999961,3.302189551338418,0.017223382045929044
25.713425000000658,2.3202649160003794,0.7545233124565067,25.393320999999606,3.30741529435724,0.012526096033402904
25.90536800000066,2.0984731233335694,0.9436325678496869,25.636907999999593,3.308325900145486,0.012526096033402904
26.10741400000068,1.8710287134307695,0.9999999999999999,25.889268999999565,3.309982009599578,0.012526096033402904
26.317913000000694,1.6945946973558748,0.9999999999999999,26.13682599999955,3.324843195955072,0.004697286012526058
26.6344930000007,1.5636139454887448,0.9999999999999999,26.39685399999955,3.3634422853780057,0.0
26.955372000000697,1.4651855757524825,0.9999999999999999,26.63118299999954,3.4336542432781765,0.0
27.18960800000071,1.3893543367187606,0.9999999999999999,26.89813699999953,3.5400142463353212,0.0
27.344716000000716,1.3290182096043437,0.9999999999999999,27.124475999999536,3.6809885214204665,0.0
27.603540000000738,1.2774780057890898,0.9999999999999999,27.372406999999534,3.841428702201223,0.0
27.85389300000075,1.2314278066791395,0.9999999999999999,27.61627799999954,4.001132338221851,0.0
28.117887000000756,1.1911441965923109,0.9999999999999999,27.86639999999954,4.130903363772531,0.0
28.34503400000077,1.1597852850514794,0.9999999999999999,28.13080099999954,4.19448185685548,0.0
28.56388200000077,1.1405016054136783,0.9999999999999999,28.36715099999953,4.16896355339147,0.0
28.790427000000772,1.1323706643498994,0.9999999999999999,28.61144699999952,4.054881173714385,0.0
29.126028000000776,1.1289310320356565,0.9999999999999999,28.85706999999951,3.878845433037425,0.0
29.39898400000079,1.1209774500709724,0.9999999999999999,29.115460999999502,3.684356575808959,0.0
29.6588530000008,1.1001697455550044,0.9999999999999999,29.35462799999949,3.518660894842771,0.0
29.868546000000816,1.0608897599060216,0.9999999999999999,29.601624999999483,3.4141203754642704,0.0
30.136556000000823,1.0004209880368715,0.9999999999999999,29.86151699999947,3.3782339701308,0.0
30.34049800000083,0.9248289565018754,0.9999999999999999,30.109871999999463,3.399628770300362,0.0
30.579040000000855,0.8587454924465299,0.9999999999999999,30.348413999999448,3.4561734364948453,0.0
30.776642000000873,0.8418260425251517,0.9999999999999999,30.586493999999444,3.52043883768574,0.0
30.996389000000875,0.880208172564519,0.9999999999999999,30.83720499999944,3.5709713878380867,0.0
31.175279000000856,0.935827465309341,0.9999999999999999,31.09589399999942,3.6024898135963284,0.0
31.470775000000852,0.9799586490824125,0.9999999999999999,31.345718999999423,3.627312865496087,0.0
31.74646400000087,1.0050345168736428,0.9999999999999999,31.584412999999405,3.6663543316762945,0.0
32.159838000000875,1.012653671059795,0.9999999999999999,31.83234899999939,3.738994174427697,0.0
32.44976100000088,1.0068765037148724,0.9999999999999999,32.07568299999939,3.852424776943798,0.0
32.632381000000905,0.9924398654488845,0.9999999999999999,32.321637999999375,3.9859169387231868,0.0
33.01761400000091,0.9782586469323645,0.9999999999999999,32.57628199999937,4.0874034540372906,0.0
33.081455000000894,0.9875085393457044,0.9999999999999999,32.823700999999346,4.087970705102739,0.0
33.355941000000826,1.0832439182955593,0.9999999999999999,33.064674999999326,3.9494431093734463,0.0
33.618907000000775,1.335136780765414,0.9999999999999999,33.31516799999934,3.701682751007234,0.0
33.8289540000007,1.6618872922396473,0.9999999999999999,33.561063999999355,3.4075116767334643,0.0
33.99382600000065,1.946032380904041,0.9999999999999999,33.82656299999936,3.1256051024565368,0.11899791231732772
34.221735000000635,2.1501906386390157,0.9123173277661795,34.06325899999934,2.8998413210825413,0.27957550452331237
34.54847200000063,2.2745067290091283,0.7910577592205986,34.30753999999934,2.7522058742056585,0.4135351426583159
34.76316400000062,2.332930325639993,0.7496520528879612,34.56299499999937,2.6835783497828976,0.4768615170494086
35.02629700000062,2.3458940732352462,0.7326026443980515,34.79894699999936,2.6741197390226623,0.4792971468336813
35.47037700000059,2.3345429982281747,0.7447807933194154,35.04605199999937,2.6786084180972756,0.4792971468336813
35.80246000000056,2.316622658548477,0.7545233124565067,35.29896799999935,2.6490817022895037,0.49634655532359084
36.17592400000053,2.305381579932217,0.761830201809325,35.544879999999345,2.566978982835498,0.5572372999304106
36.2548880000005,2.312090152249147,0.7593945720250523,35.80692599999933,2.4477869842057127,0.6546624913013223
36.4017560000004,2.338723539712913,0.7399095337508699,36.04780099999935,2.319167821781509,0.7545233124565067
36.68923300000036,2.362674006645976,0.7204244954766876,36.282714999999385,2.2107760061182646,0.8575156576200417
36.81995000000035,2.3385536270731904,0.7399095337508699,36.53335399999942,2.1465361412924633,0.9138830897703548
37.02033600000029,2.2579393645096943,0.8154140570633266,36.77767399999941,2.1369956849765526,0.9201461377870562
37.27732300000025,2.163547566144749,0.9044885177453027,37.0321509999994,2.1798402757273734,0.8872651356993736
37.451345000000224,2.0916380135265262,0.9498956158663883,37.28330899999941,2.2614171295953325,0.808107167710508
37.86336900000023,2.0562656122924237,0.9749478079331941,37.537284999999414,2.360435836827781,0.7252957550452331
38.09134300000018,2.0586111381665546,0.9718162839248433,37.77211499999943,2.468142551272656,0.6400487125956854
38.2303290000002,2.0936136598930255,0.9467640918580376,38.02724799999944,2.5869795819122308,0.540187891440501
38.39838500000019,2.1532789918538464,0.9091858037578288,38.26670399999944,2.7199307976083187,0.4451983298538623
38.67518500000019,2.227324044269485,0.8373347251217815,38.52564299999944,2.870212589509574,0.3014961725817676
39.0003190000002,2.300022943182255,0.7667014613778707,38.75857699999946,3.0314061835513106,0.17727905358385523
39.34573800000018,2.347872433607469,0.7326026443980515,39.035150999999445,3.1824869947292544,0.081419624217119
39.56833700000015,2.346564007475887,0.7326026443980515,39.260629999999445,3.2957900820643307,0.02035490605427975
39.81729800000013,2.2901049435877496,0.774008350730689,39.51059199999946,3.3459741315109763,0.0
39.956805000000074,2.1944387857172116,0.8700417536534446,39.75592599999949,3.3227895931866245,0.004697286012526058
40.17542000000006,2.0764850945447217,0.9608559498956157,40.011564999999486,3.238815673194567,0.05167014613778705
40.456281000000004,1.9485073353304525,0.9999999999999999,40.247553999999504,3.115737805996056,0.1252609603340292
40.726256,1.8234564374127809,0.9999999999999999,40.49702499999951,2.9701097818277877,0.22842727905358381
40.876241999999955,1.7133403378566774,0.9999999999999999,40.74188199999952,2.8086109078682546,0.35264439805149617
41.17027999999993,1.6269451474647743,0.9999999999999999,40.98990099999954,2.6341550664380198,0.5085247042449547
41.432343999999915,1.5663344135663388,0.9999999999999999,41.24248899999956,2.4586172504661503,0.6497912317327766
41.741624999999864,1.527653795305447,0.9999999999999999,41.49346099999955,2.2998884416910306,0.7667014613778707
42.027646999999824,1.5048390048971063,0.9999999999999999,41.73646599999956,2.1723147939324283,0.8966597077244258
42.192203999999755,1.492040777683653,0.9999999999999999,41.983877999999564,2.080035525919249,0.957724425887265
42.40820099999971,1.4836140771333537,0.9999999999999999,42.243855999999575,2.0162101593220787,0.9968684759916492
42.61061399999966,1.4662398190230825,0.9999999999999999,42.4784289999996,1.9681935754056046,0.9999999999999999
42.875607999999666,1.4079864994258362,0.9999999999999999,42.7249799999996,1.9273118393030324,0.9999999999999999
43.138180999999676,1.2766514094099612,0.9999999999999999,42.979328999999574,1.8943729950844568,0.9999999999999999
43.38701799999968,1.103234068154917,0.9999999999999999,43.2243389999996,1.875545003051664,0.9999999999999999
43.70819699999968,0.9421713873987163,0.9999999999999999,43.490934999999595,1.8777045493076996,0.9999999999999999
43.89502599999964,0.8103333789459142,0.9999999999999999,43.7133019999996,1.9016975007557424,0.9999999999999999
44.11211899999963,0.7075964623064814,0.9999999999999999,43.96690399999959,1.9410104085237223,0.9999999999999999
44.310170999999606,0.633552274891346,0.9999999999999999,44.20679699999959,1.9840033831594561,0.9999999999999999
44.59217499999964,0.5925155140402294,0.9999999999999999,44.46570799999963,2.021910984107495,0.9937369519832984
44.90291999999964,0.5991208277326305,0.9999999999999999,44.70520499999962,2.0561478889984968,0.9749478079331941
45.143263999999625,0.6887420095854236,0.9999999999999999,44.956201999999635,2.09361903525153,0.9467640918580376
45.37403599999957,0.9107856657311935,0.9999999999999999,45.21489899999963,2.1379017714442794,0.9201461377870562
45.67898899999953,1.2309203517398992,0.9999999999999999,45.44928099999965,2.183784244433474,0.8810020876826721
45.893426999999505,1.517057296591188,0.9999999999999999,45.70474099999966,2.2204858605239073,0.8528183716075156
46.084389999999466,1.7130073396002983,0.9999999999999999,45.94279799999965,2.2473381082234116,0.8227209464161449
46.30444999999949,1.8293300810912463,0.9999999999999999,46.190812999999665,2.2771203285830004,0.7837508698677803
46.44945999999945,1.8866144467995944,0.9999999999999999,46.43612999999968,2.32492942243372,0.7545233124565067
46.72492299999944,1.9073042012472063,0.9999999999999999,46.69969999999968,2.403265238587874,0.6911969380654142
47.05043499999947,1.9082990349742326,0.9999999999999999,46.93210699999966,2.5154253573304626,0.6083855254001391
47.31682199999949,1.8979206505351194,0.9999999999999999,47.190198999999666,2.650716093813258,0.49391092553931804
47.52541299999947,1.8819864599503575,0.9999999999999999,47.426730999999684,2.785282890576074,0.38674321503131526
47.698741999999484,1.8716632452852986,0.9999999999999999,47.681560999999654,2.891589241048098,0.2917536534446764
47.95340999999949,1.8811742810497605,0.9999999999999999,47.931583999999624,2.949568518445463,0.23816979819067502
48.1803229999995,1.9204111091379366,0.9999999999999999,48.170123999999625,2.9590439005242075,0.2332985386221295
48.42222299999949,1.9905430089772655,0.9999999999999999,48.42200799999963,2.9388994069255574,0.24304105775922058
48.70990499999949,2.085647222891929,0.9561586638830897,48.66558899999963,2.9172619585911708,0.2600904662491301
48.91691799999951,2.1954819160910968,0.8700417536534446,48.914582999999624,2.9203688059098445,0.25521920668058456
49.170596999999525,2.3096855667789464,0.7593945720250523,49.17265199999962,2.9711473213619524,0.22599164926931103
49.42864299999956,2.420409751534698,0.6790187891440501,49.41345999999963,3.0863062492931106,0.1440501043841336
49.674603999999555,2.5228596304429383,0.598643006263048,49.66744399999963,3.2604550755816417,0.03914405010438415
49.91519399999955,2.6089098825789026,0.5207028531663188,49.91544899999962,3.4560013107169683,0.0
50.17967899999954,2.6717063284569873,0.4817327766179541,50.14938699999965,3.6251982733927735,0.0
50.411666999999525,2.7098054601230306,0.45494084899095333,50.41062899999969,3.736683425543062,0.0
50.66565599999955,2.7312731563402104,0.4403270702853166,50.64856599999967,3.782390719595263,0.0
50.92051299999956,2.7522383708940046,0.4135351426583159,50.90855499999967,3.7734840238806404,0.0
51.153728999999544,2.792486488724713,0.3721294363256785,51.1665209999997,3.7276415559301492,0.0
51.4164689999995,2.8663987941906877,0.3014961725817676,51.396003999999685,3.6604966548247884,0.0
51.65109599999949,2.9730853503591925,0.22599164926931103,51.640449999999696,3.5822451454836073,0.0
51.90644099999949,3.0974322368783485,0.1315240083507307,51.886897999999725,3.499991013693168,0.0
52.154465999999495,3.2173316760474013,0.06419624217118995,52.136898999999744,3.4203278817528426,0.0
52.417491999999484,3.3088151997344903,0.012526096033402904,52.38329399999973,3.350786925501256,0.0
52.66389999999948,3.3617340078912274,0.0,52.63488699999974,3.3034895429615787,0.017223382045929044
52.967968999999485,3.3834144302279743,0.0,52.87542899999975,3.2933247648101562,0.023486430062630455
53.24795699999952,3.39228804062017,0.0,53.13440299999974,3.3217836307461233,0.006263048016701494
53.534329999999535,3.4068932891488073,0.0,53.374745999999746,3.370619470940158,0.0
53.83558199999956,3.434704421563622,0.0,53.62230699999975,3.4077562296255435,0.0
53.968814999999545,3.466957615721789,0.0,53.869706999999735,3.399049022343884,0.0
54.191362999999555,3.4786014933990694,0.0,54.116777999999734,3.3180849595676154,0.009394572025052199
54.404904999999545,3.443434330163307,0.0,54.37327099999972,3.1648831811806413,0.08924843423799585
54.649408999999565,3.3542930234918096,0.0,54.60917599999976,2.961344417813514,0.2308629088378566
54.86137499999955,3.2252854220042195,0.05636743215031311,54.86825899999976,2.7340923692854786,0.4354558107167711
55.157302999999544,3.082447927586766,0.14561586638830895,55.10707299999976,2.5052719687610834,0.6181280445372305
55.38133299999953,2.9523281031002893,0.23816979819067502,55.356253999999794,2.289365874555956,0.774008350730689
55.610165999999545,2.85544844215494,0.3161099512874044,55.603143999999816,2.094330938440167,0.9451983298538622
55.863724999999555,2.797070469168494,0.36482254697286015,55.85023199999983,1.9217295800204577,0.9999999999999999
56.103232999999555,2.758723996585924,0.4062282533054975,56.103009999999834,1.7685852653160026,0.9999999999999999
56.51566899999955,2.704084010854183,0.45981210855949906,56.34211999999983,1.6308324796188538,0.9999999999999999
56.726072999999545,2.6044630087553307,0.5255741127348643,56.59555699999985,1.5060068086349807,0.9999999999999999
56.920533999999556,2.455688020595415,0.6522268615170496,56.84051699999984,1.3943223400197196,0.9999999999999999
57.26614099999953,2.2751802438255573,0.7886221294363258,57.090992999999806,1.2971834713207318,0.9999999999999999
57.47217699999953,2.086720132526543,0.953027139874739,57.332938999999804,1.2153198101660392,0.9999999999999999
57.677921999999484,1.9109454134859316,0.9999999999999999,57.58407499999981,1.152133723669731,0.9999999999999999
57.910189999999496,1.7607333826603382,0.9999999999999999,57.83292199999978,1.130793888392938,0.9999999999999999
58.116428999999506,1.6407534427737311,0.9999999999999999,58.0780419999998,1.2058045097089745,0.9999999999999999
58.343853999999524,1.5499082405908031,0.9999999999999999,58.33353299999979,1.4514802798869804,0.9999999999999999
58.57382899999952,1.4884096690899522,0.9999999999999999,58.57094199999979,1.9195901047263286,0.9999999999999999
58.85806199999951,1.4604651843552277,0.9999999999999999,58.8395189999998,2.586821595833332,0.540187891440501
59.11380199999949,1.4686729297500491,0.9999999999999999,59.07292199999978,3.341853403866623,0.0015657620041753526
59.38540199999949,1.5099641799796206,0.9999999999999999,59.32442899999979,4.019443980363235,0.0
59.67492299999948,1.5733507792353254,0.9999999999999999,59.566962999999795,4.4598105359961435,0.0
59.83130799999946,1.6408285852030535,0.9999999999999999,59.814383999999805,4.575196571528048,0.0
60.05629499999945,1.6948881558745987,0.9999999999999999,60.05934899999978,4.388104263638673,0.0
60.31577599999945,1.7234994273887636,0.9999999999999999,60.3036999999998,4.008499088474691,0.0
60.560743999999445,1.7209066004531695,0.9999999999999999,60.55483999999979,3.5732206865437584,0.0
60.84714399999945,1.686976990548952,0.9999999999999999,60.809327999999816,3.183684506944375,0.07985386221294365
61.06814999999946,1.628381165152384,0.9999999999999999,61.067359999999816,2.879688270664519,0.2966249130132219
61.31275899999949,1.556478663890339,0.9999999999999999,61.294336999999835,2.648509031219054,0.49634655532359084
61.59953799999948,1.481942761792551,0.9999999999999999,61.554300999999825,2.462272863247748,0.6424843423799583
61.96310299999945,1.4102558984035758,0.9999999999999999,61.79287399999984,2.3027039732270387,0.7667014613778707
62.19066699999948,1.3432546397468192,0.9999999999999999,62.05477699999985,2.1649677882121114,0.9013569937369519
62.33113199999946,1.2800942134440125,0.9999999999999999,62.291671999999885,2.0559367018434074,0.9749478079331941
62.540147999999476,1.217859304449353,0.9999999999999999,62.53575499999987,1.9863009803529865,0.9999999999999999
62.804618999999455,1.1549061460961696,0.9999999999999999,62.78167999999988,1.958663611103004,0.9999999999999999
63.08801999999945,1.0931196132310788,0.9999999999999999,63.03228899999987,1.9658491817285648,0.9999999999999999
63.34715999999942,1.036366461338181,0.9999999999999999,63.28379399999987,1.995382031180955,0.9999999999999999
63.6139759999994,0.9901376993048387,0.9999999999999999,63.54471999999986,2.036400097993963,0.9843423799582462
63.826528999999404,0.9624318769731273,0.9999999999999999,63.778115999999876,2.082505124734105,0.9561586638830897
64.04135299999943,0.9604838311471234,0.9999999999999999,64.02466699999988,2.1327376235172792,0.9217118997912316
64.27134499999944,0.9903666086309092,0.9999999999999999,64.27307599999986,2.187114152153542,0.876304801670146
64.51641999999946,1.0569810980958008,0.9999999999999999,64.51754999999984,2.247072265806173,0.8227209464161449
64.77934299999946,1.1578079828059402,0.9999999999999999,64.76509899999985,2.315078806940184,0.7569589422407795
65.01122499999947,1.279434984840878,0.9999999999999999,65.01463299999988,2.3903387205543654,0.6960681976339597
65.26684899999947,1.4010327697680762,0.9999999999999999,65.27268199999986,2.466005678110707,0.6400487125956854
65.51184399999947,1.5024236515807083,0.9999999999999999,65.50659599999986,2.5286779776284716,0.598643006263048
65.7592149999995,1.5704672344992265,0.9999999999999999,65.75866299999987,2.5634842023074262,0.5694154488517745
66.03276899999949,1.6009889264088106,0.9999999999999999,66.00801599999987,2.5577685551379385,0.57428670842032
66.26870399999956,1.5964286641258107,0.9999999999999999,66.25064899999988,2.507857757043383,0.6132567849686847
66.53445799999957,1.5641549879612888,0.9999999999999999,66.51672899999988,2.424669340660677,0.6741475295755045
66.78273199999956,1.5155765718046377,0.9999999999999999,66.74947699999991,2.3277561678861107,0.752087682672234
67.00030799999952,1.4666496700718668,0.9999999999999999,66.99140099999991,2.236536443544051,0.8324634655532359
67.25639499999954,1.4352821701526062,0.9999999999999999,67.24051899999988,2.1643751571288066,0.9013569937369519
67.49510799999955,1.4342050730972629,0.9999999999999999,67.51070599999989,2.1115190927881464,0.9342379958246346
67.73706799999958,1.4680604993089736,0.9999999999999999,67.73892199999993,2.074816952302817,0.9624217118997911
67.9902619999996,1.5378297050888312,0.9999999999999999,67.9825079999999,2.0559832704506853,0.9749478079331941
68.23557899999957,1.640241168606416,0.9999999999999999,68.23491699999994,2.0595734822319005,0.9718162839248433
68.51815799999953,1.7715112027991162,0.9999999999999999,68.48453699999999,2.0906326730335474,0.9498956158663883
68.7376699999995,1.9249578635640345,0.9999999999999999,68.73245999999995,2.1535438197760164,0.9091858037578288
68.97500999999953,2.0784490118004078,0.9592901878914404,68.98291599999996,2.250633395221867,0.8227209464161449
69.25408699999952,2.19319985960022,0.8731732776617953,69.22049999999997,2.381546165080182,0.7009394572025052
69.49292599999949,2.2397874431020712,0.8275922059846904,69.47447199999999,2.5437355162315587,0.5815935977731385
69.80289799999953,2.2172391354405576,0.854384133611691,69.72791600000001,2.7376170630146355,0.4330201809324983
69.97207899999947,2.1436188381271895,0.9154488517745302,69.96238500000003,2.967640038984614,0.22842727905358381
70.20951899999946,2.042363643159972,0.9812108559498955,70.23335000000006,3.2331100965626565,0.05167014613778705
70.48884899999942,1.9281713703620194,0.9999999999999999,70.4658090000001,3.5294736478128135,0.0
70.71448099999951,1.807089674728257,0.9999999999999999,70.70643500000008,3.8498745736622304,0.0
70.9628409999995,1.6853352626175613,0.9999999999999999,70.95835900000003,4.167564055312557,0.0
71.26303499999953,1.575699630104281,0.9999999999999999,71.20241799999995,4.426948515698759,0.0
71.59136399999956,1.4962921693264368,0.9999999999999999,71.45319899999996,4.570152234135263,0.0
71.89682699999959,1.4644430868689664,0.9999999999999999,71.70036299999991,4.573679153826904,0.0
72.15292799999953,1.4928748573647854,0.9999999999999999,71.94476299999994,4.456474895368259,0.0
72.31788799999951,1.587934820377305,0.9999999999999999,72.21068699999994,4.2606972500029325,0.0
72.54944799999954,1.7392292650323826,0.9999999999999999,72.45179699999991,4.034540208226584,0.0
72.79127499999956,1.9184588354380452,0.9999999999999999,72.68662399999987,3.8162020154997687,0.0
73.00870299999956,2.0976708820913665,0.9436325678496869,72.95304199999985,3.626964750767924,0.0
73.19224099999956,2.261116959975412,0.808107167710508,73.18971599999992,3.4755497932811226,0.0
73.4458199999995,2.400913560465962,0.6911969380654142,73.43091499999998,3.363955334727232,0.0
73.70320899999956,2.518201437273203,0.6059498956158663,73.681255,3.2892319046463583,0.023486430062630455
73.94720399999962,2.6184548217573984,0.5158315935977732,73.923694,3.2425406519905815,0.05167014613778705
74.18588599999957,2.7071157454528922,0.45981210855949906,74.20724300000002,3.2105548301636437,0.0657620041753653
74.45217899999956,2.7816121740824524,0.389178844815588,74.42599799999996,3.1767292214744396,0.0845511482254697
74.67780199999959,2.8291536059942493,0.34777313848295066,74.66220400000002,3.131806811225457,0.11430062630480166
74.9297159999996,2.837729410968498,0.33803061934585943,74.91683400000002,3.0701526270301014,0.15048712595685448
75.17055699999958,2.806148640850578,0.355080027835769,75.17575499999997,2.9848061184024575,0.20650661099512874
75.41310599999956,2.747155755127891,0.42327766179540705,75.4173459999999,2.872320446534426,0.29906054279749483
75.67614599999953,2.6825902758956266,0.4768615170494086,75.66024799999987,2.7365534365842556,0.4330201809324983
75.91806999999953,2.631399243495957,0.5085247042449547,75.90381199999986,2.585268790987294,0.540187891440501
76.19805699999958,2.6002713645611797,0.5280097425191371,76.1611709999999,2.4284977202312312,0.6692762700069589
76.4540479999996,2.5836720612497803,0.540187891440501,76.4006659999999,2.2764423879262816,0.786186499652053
76.71903999999957,2.5728247907785167,0.5499304105775922,76.65335899999994,2.137469219281552,0.9201461377870562
76.9940289999995,2.563688836231998,0.5694154488517745,76.89780699999993,2.0155463013141306,0.9968684759916492
77.2596649999995,2.563445577618509,0.5694154488517745,77.13860599999994,1.9080098323618944,0.9999999999999999
77.54559299999953,2.5900384496521798,0.540187891440501,77.40574099999999,1.807280232668338,0.9999999999999999
77.75041899999945,2.661335785733462,0.4841684064022269,77.64468,1.7066226727073583,0.9999999999999999
77.97398799999947,2.7893617154886376,0.37943632567849694,77.88571300000004,1.6052919899358646,0.9999999999999999
78.16507199999945,2.973086521691034,0.22599164926931103,78.129692,1.5090980145257982,0.9999999999999999
78.3814809999995,3.1954802552159984,0.07359081419624215,78.39212,1.4274974573509611,0.9999999999999999
78.66052299999951,3.4255444943615654,0.0,78.6270940000001,1.367823523744811,0.9999999999999999
78.87742699999954,3.6333217184761737,0.0,78.87207600000015,1.3334411471637713,0.9999999999999999
79.13694399999957,3.8154598658960324,0.0,79.12309500000016,1.3263205809748322,0.9999999999999999
79.42480699999955,4.028593733871123,0.0,79.37050100000012,1.349545868011334,0.9999999999999999
79.66784799999957,4.3870464585801825,0.0,79.61562600000006,1.4091254547340735,0.9999999999999999
79.8647649999996,4.993302768237669,0.0,79.87766800000004,1.5075688144079809,0.9999999999999999
80.1234049999996,5.853904836432132,0.0,80.1125060000001,1.6367117223331389,0.9999999999999999
80.38730099999962,6.855916604096537,0.0,80.36556300000005,1.7814654463502233,0.9999999999999999
80.66972899999962,7.827624251878412,0.0,80.62960200000005,1.9265252894418876,0.9999999999999999
80.92278799999964,8.601939214712601,0.0,80.85846500000001,2.058227481256928,0.9718162839248433
81.20022799999964,9.03652690567322,0.0,81.09894700000002,2.1687514214538206,0.8982254697286012
81.45884299999963,9.021129817799714,0.0,81.35793700000005,2.256645900810113,0.8154140570633266
81.64272399999965,8.520374025504498,0.0,81.59749200000007,2.3203149174790663,0.7545233124565067
81.85232099999968,7.654843050852653,0.0,81.87749400000007,2.354110912626969,0.727731384829506
82.1056049999997,6.665312509411364,0.0,82.09247000000006,2.353450925651031,0.7301670146137788
82.34803699999964,5.751942587562161,0.0,82.34389400000003,2.3233377543495237,0.7545233124565067
82.61058499999965,4.99172901036445,0.0,82.59055600000006,2.277135873333975,0.7837508698677803
82.86557799999966,4.380290061160416,0.0,82.84145600000002,2.2296570233531177,0.8348990953375087
83.08798899999965,3.889909379254145,0.0,83.085511,2.191726066097938,0.8747390396659707
83.43602999999966,3.48802050074029,0.0,83.33502500000007,2.1693532605136268,0.8982254697286012
83.6795899999997,3.142908402390906,0.1096033402922756,83.58031900000006,2.165921199822374,0.8982254697286012
83.93556299999977,2.829995903066938,0.34533750869867774,83.8298060000001,2.1847742457728407,0.8778705636743214
84.14908799999981,2.539436803892322,0.5913361169102297,84.07544200000011,2.2287730858206647,0.8348990953375087
84.36099999999982,2.274753163920832,0.7910577592205986,84.32426000000015,2.298076517601129,0.7667014613778707
84.61504599999984,2.0457586079551096,0.9812108559498955,84.5769230000002,2.3909255636537265,0.6960681976339597
84.83889799999984,1.8621164722810037,0.9999999999999999,84.8183010000002,2.507924060922568,0.6132567849686847
85.0904369999998,1.7302154837882873,0.9999999999999999,85.07817300000022,2.65546561958834,0.4866040361864996
85.33207599999974,1.646397667336374,0.9999999999999999,85.31021400000027,2.8397987563819695,0.3355949895615866
85.57141399999973,1.594384380394727,0.9999999999999999,85.56217200000027,3.061248492537834,0.15779401530967294
85.83445699999967,1.555004584583065,0.9999999999999999,85.8128050000002,3.3087550557776066,0.012526096033402904
86.06280799999965,1.51711741461965,0.9999999999999999,86.06021900000023,3.555862503181757,0.0
86.30992999999971,1.4807820776581921,0.9999999999999999,86.3072920000002,3.755754334616026,0.0
86.62487499999972,1.454155238371151,0.9999999999999999,86.5537250000002,3.8657996123357927,0.0
86.80938999999974,1.445745100437055,0.9999999999999999,86.80733800000017,3.8766314620128766,0.0
87.07134399999981,1.4599996559199504,0.9999999999999999,87.04665200000018,3.8111468965789355,0.0
87.31034999999981,1.4978555316267723,0.9999999999999999,87.29876500000023,3.705954253797446,0.0
87.56986899999985,1.5586191465432875,0.9999999999999999,87.54370000000024,3.59084692733211,0.0
87.80575699999986,1.640613110109662,0.9999999999999999,87.79609300000027,3.482320386701591,0.0
88.04676299999988,1.7389373266519517,0.9999999999999999,88.03369900000027,3.38755526832603,0.0
88.28725599999986,1.8487222215632486,0.9999999999999999,88.29158900000029,3.3054049576185487,0.014091858037578257
88.53272399999989,1.9675891267879715,0.9999999999999999,88.54070200000027,3.2300289913597897,0.05167014613778705
88.78268699999985,2.0915517708531084,0.9498956158663883,88.78467500000023,3.1570040105169173,0.09707724425887261
89.0338509999998,2.2084887354479226,0.8606471816283924,89.02960800000024,3.0917080092311693,0.13308977035490605
89.28430999999979,2.3016871920469892,0.7667014613778707,89.28255300000025,3.0517403374186562,0.16510090466249125
89.52584899999981,2.3560145175763996,0.727731384829506,89.55159800000034,3.0565051396993748,0.16510090466249125
89.78811299999981,2.362698124018947,0.7204244954766876,89.77606300000035,3.1130188704518575,0.1283924843423799
90.01856299999977,2.3251910325637377,0.752087682672234,90.02459800000037,3.2093782224847387,0.06732776617954066
90.29979599999982,2.2567427988737965,0.8154140570633266,90.27060700000035,3.321980789245667,0.006263048016701494
90.51446999999979,2.1778709253176345,0.888830897703549,90.51059700000035,3.43817615207808,0.0
90.77764899999976,2.112635809964626,0.9326722338204593,90.76315900000036,3.5559238533098756,0.0
91.02899799999976,2.0835260174472254,0.9561586638830897,91.01313200000035,3.677182166892168,0.0
91.25606499999971,2.1039067659136355,0.9420668058455114,91.25554400000037,3.8135410481764214,0.0
91.50605199999971,2.171905308590596,0.8982254697286012,91.51317700000034,3.990200772502863,0.0
91.75362899999972,2.272600600681967,0.7910577592205986,91.75504500000032,4.237035648702166,0.0
92.00637799999983,2.3837872912615423,0.7009394572025052,91.99649500000035,4.560547174297426,0.0
92.25600699999987,2.481437787350461,0.6351774530271398,92.2514510000003,4.921272900036885,0.0
92.49392299999995,2.5445363012673035,0.5815935977731385,92.49836500000026,5.256114592798399,0.0
92.7435569999999,2.5611541425172124,0.57428670842032,92.75934600000032,5.515640541360491,0.0
92.99245999999992,2.531475909848148,0.598643006263048,92.99641600000031,5.674572881287521,0.0
93.24631099999982,2.46525677657134,0.6400487125956854,93.2490160000003,5.717172326458034,0.0
93.5088479999998,2.378012521621203,0.7009394572025052,93.48575300000029,5.624758627429194,0.0
93.77377499999986,2.285222931616981,0.7813152400835075,93.73831000000028,5.397603547993688,0.0
93.97780899999987,2.197373444041988,0.8684759916492693,93.98173400000026,5.064904756598921,0.0
94.23131699999985,2.1220697726763604,0.9264091858037578,94.22928600000026,4.683916586238258,0.0
94.47828899999988,2.0681640216010493,0.9686847599164926,94.47570600000023,4.3172023017550405,0.0
94.72774899999996,2.0437344808088387,0.9812108559498955,94.72283700000024,4.0076463704090335,0.0
94.97132300000001,2.0540575585944563,0.9749478079331941,94.97426900000026,3.7733331052961363,0.0
95.22015400000002,2.10117144832281,0.9436325678496869,95.2252280000002,3.6178128524437114,0.0
95.47965400000004,2.1835784005791643,0.8825678496868475,95.47023100000027,3.530466901418027,0.0
95.73322900000004,2.290809445575292,0.774008350730689,95.71679600000024,3.4819396611007214,0.0
95.96371300000004,2.4051757526124704,0.6911969380654142,95.96759500000032,3.4296449081155482,0.0
96.22321500000007,2.5062893233904426,0.6181280445372305,96.20757800000028,3.3411953539576014,0.0015657620041753526
96.45718600000008,2.577197043439753,0.5450591510090467,96.46722100000025,3.209605927506316,0.06732776617954066
96.7341660000001,2.609861611417674,0.5207028531663188,96.70673300000023,3.0483495980956663,0.16510090466249125
96.95549700000015,2.6033005307933847,0.5255741127348643,96.95174200000028,2.8764648644323048,0.29906054279749483
97.20049300000015,2.566467030755983,0.5572372999304106,97.20175600000033,2.7099810954645855,0.45494084899095333
97.45856100000016,2.5168933694591678,0.6059498956158663,97.45073100000042,2.5593353495385576,0.57428670842032
97.69903500000017,2.478632866367713,0.6351774530271398,97.69347800000048,2.4252860639128775,0.6717118997912317
97.95787100000021,2.47465947409075,0.6351774530271398,97.95149000000053,2.3012586116620977,0.7667014613778707
98.19156600000024,2.510869368677632,0.6132567849686847,98.18999900000054,2.1788708359936746,0.888830897703549
98.43849200000035,2.5709244131284077,0.5499304105775922,98.43902800000059,2.0546301106492084,0.9749478079331941
98.74385300000031,2.6305355948659406,0.5109603340292275,98.69066800000063,1.931706495156772,0.9999999999999999
99.00638900000033,2.671751448246579,0.4817327766179541,98.93407200000068,1.8175705893669176,0.9999999999999999
99.23380600000036,2.6856104856096135,0.4744258872651357,99.19064100000065,1.7205702777949046,0.9999999999999999
99.44134900000034,2.676059144583236,0.4792971468336813,99.43001300000063,1.646387815407286,0.9999999999999999
99.67800100000032,2.6554288083442064,0.4866040361864996,99.67334300000059,1.596576878589665,0.9999999999999999
99.92631100000033,2.635925748144092,0.5085247042449547,99.9265620000006,1.5697643663424237,0.9999999999999999
100.1677900000004,2.625417952564571,0.5133959638135004,100.1725360000006,1.5642594061602628,0.9999999999999999
100.42036800000044,2.6283846576837444,0.5109603340292275,100.43585300000063,1.5786945047450034,0.9999999999999999
100.66690600000045,2.6451188268867742,0.49878218510786365,100.66649200000064,1.6166067718393176,0.9999999999999999
100.91290100000043,2.6716850452395993,0.4817327766179541,100.91350700000068,1.6845337934694933,0.9999999999999999
101.17580700000045,2.7040835475034877,0.45981210855949906,101.17327300000062,1.7837116489409743,0.9999999999999999
101.41388800000041,2.7416662601345774,0.42571329157967985,101.41128800000067,1.9048225329550363,0.9999999999999999
101.6638120000004,2.782451525671465,0.389178844815588,101.65344700000077,2.0306276522752924,0.987473903966597
101.9227830000004,2.821634049741432,0.3502087682672234,101.91532800000086,2.143970825904277,0.9154488517745302
102.17316000000038,2.8547516135820827,0.3161099512874044,102.15273900000089,2.2333513140236056,0.8324634655532359
102.4281310000004,2.8714310193425234,0.29906054279749483,102.39839100000087,2.2969379337710225,0.7691370911621433
102.64666100000044,2.848017042131921,0.3282881002087682,102.6623630000009,2.340856763865335,0.7374739039665971
102.89757400000043,2.763109569553798,0.4037926235212248,102.89320300000091,2.3750651523346993,0.7058107167710508
103.15614600000043,2.6169550234120282,0.5158315935977732,103.14677700000094,2.4109318239681103,0.6838900487125958
103.39969700000043,2.4306547306959594,0.6668406402226862,103.39267200000091,2.4595676072921044,0.644919972164231
103.65660000000045,2.2347113457802092,0.8324634655532359,103.6502380000009,2.527970558018092,0.598643006263048
103.89146400000047,2.0569125619923123,0.9733820459290187,103.88313100000089,2.612285910787046,0.5182672233820459
104.14354700000048,1.9152368812019882,0.9999999999999999,104.14106900000078,2.696985283671971,0.46711899791231737
104.41347600000047,1.8138299842450651,0.9999999999999999,104.38504100000084,2.7637094856869293,0.401356993736952
104.67797100000048,1.7463603051641776,0.9999999999999999,104.62859200000085,2.800746499982013,0.3599512874043145
104.8846140000005,1.7019805424988683,0.9999999999999999,104.87822100000089,2.8125329220660276,0.3502087682672234
105.12536600000045,1.671661812313098,0.9999999999999999,105.12356500000091,2.8171777846593913,0.3502087682672234
105.38133500000046,1.6512401576661686,0.9999999999999999,105.38470800000091,2.8321479613410743,0.34533750869867774
105.73198400000045,1.6393881813616282,0.9999999999999999,105.62301200000098,2.861874795205602,0.30393180236604034
106.03187800000042,1.6346374748113652,0.9999999999999999,105.87096100000099,2.8960445791941476,0.28688239387613085
106.2400220000004,1.6336470699293049,0.9999999999999999,106.12019600000096,2.9218467604311424,0.25521920668058456
106.51132700000032,1.6312133651852316,0.9999999999999999,106.36158300000095,2.9331521588699068,0.2479123173277661
106.70935700000031,1.6214082372559804,0.9999999999999999,106.62205200000095,2.929814517525501,0.2479123173277661
106.8769150000004,1.5983033159483018,0.9999999999999999,106.86495500000096,2.91396874365055,0.26496172581767563
107.12727000000041,1.560363815610215,0.9999999999999999,107.11253100000093,2.8859268549909904,0.29418928322894916
107.3772760000004,1.5124042908852857,0.9999999999999999,107.35892000000092,2.842286998029432,0.3307237299930411
107.67933100000043,1.4631969009690031,0.9999999999999999,107.59891600000084,2.781428922228243,0.389178844815588
107.87836600000045,1.423809380774517,0.9999999999999999,107.85201800000083,2.710224633656065,0.45250521920668063
108.15978100000045,1.4051979207829324,0.9999999999999999,108.10848800000088,2.646317449637285,0.49634655532359084
108.3423290000005,1.4134704719383246,0.9999999999999999,108.34346400000084,2.6180055676571823,0.5158315935977732
108.59238500000052,1.4512095481149392,0.9999999999999999,108.59485100000086,2.6657377981323456,0.4841684064022269
108.84971200000054,1.5180219603788037,0.9999999999999999,108.8504630000009,2.8294548717244274,0.34533750869867774
109.0922810000006,1.6110573451263825,0.9999999999999999,109.10343500000089,3.1159659438551763,0.1252609603340292
109.33712600000058,1.7331632253449332,0.9999999999999999,109.34839100000089,3.4830869645767124,0.0
109.6042420000006,1.901306468491978,0.9999999999999999,109.58696500000087,3.870248706613375,0.0
109.84164800000063,2.14249654566023,0.9185803757828809,109.83078300000093,4.229084792747459,0.0
110.07870900000061,2.4759199851485594,0.6351774530271398,110.08029600000097,4.525846122676045,0.0
110.32420700000064,2.904904748701423,0.27226861517049405,110.333363000001,4.73278701582332,0.0
110.59562000000062,3.4130451676360005,0.0,110.57675400000105,4.838194009367793,0.0
110.82160800000061,3.9624337190672785,0.0,110.82189400000107,4.851774337212385,0.0
111.07366600000063,4.485195235831417,0.0,111.07637900000103,4.79735699677191,0.0
111.31658800000065,4.89309301449315,0.0,111.32868700000101,4.704657462515726,0.0
111.56965800000067,5.124865891971339,0.0,111.56593000000105,4.598791403105611,0.0
111.83899400000068,5.183285663650391,0.0,111.81476800000107,4.488383547294619,0.0
112.10899200000063,5.119699337363123,0.0,112.06668600000111,4.37082687208853,0.0
112.33457800000062,4.9958009791582265,0.0,112.30671300000112,4.240370667291868,0.0
112.57495300000065,4.855744119286718,0.0,112.55374100000115,4.0976052242060375,0.0
112.80007200000063,4.725378299584405,0.0,112.8118050000012,3.9465737571582853,0.0
113.0429870000006,4.622283774360776,0.0,113.05262300000118,3.7930819506329656,0.0
113.3411550000006,4.5574896375769365,0.0,113.2992280000012,3.6461143067561887,0.0
113.54888600000064,4.524793125084162,0.0,113.55463300000123,3.512629613780169,0.0
113.81399400000062,4.501370362757508,0.0,113.79517800000124,3.3954485503967886,0.0
114.06997800000066,4.4601886367941646,0.0,114.04516600000127,3.2966837910860156,0.02035490605427975
114.31482600000064,4.3768875629218265,0.0,114.28806200000128,3.215936362333716,0.06419624217118995
114.59645900000068,4.231853240468122,0.0,114.54820000000129,3.1428119019142837,0.1096033402922756
114.79091300000061,4.0183038300929965,0.0,114.78852100000135,3.065934883701374,0.15779401530967294
115.0373480000006,3.748297133931032,0.0,115.0385330000014,2.981065602859578,0.2113778705636743
115.28078900000061,3.448302419605627,0.0,115.28008900000142,2.8883127844057452,0.2917536534446764
115.52332300000063,3.1494800607904874,0.10647181628392481,115.53558600000137,2.7917517043723934,0.3721294363256785
115.77281200000071,2.8784086408860703,0.2966249130132219,115.79722100000139,2.6951389406935005,0.46955462769659007
116.02137700000074,2.6516977515851217,0.4914752957550452,116.02465800000137,2.601273094531585,0.5255741127348643
116.26278700000071,2.4768733013578785,0.6351774530271398,116.27257200000139,2.5097740599271865,0.6132567849686847
116.52328100000067,2.3536779550190454,0.7301670146137788,116.51640600000145,2.415075162460382,0.6790187891440501
116.77326800000064,2.2714531316199666,0.7910577592205986,116.76841300000149,2.309127076188939,0.7593945720250523
117.00877600000064,2.217239563649115,0.854384133611691,117.01036200000149,2.189140374182304,0.876304801670146
117.30133800000071,2.1841664728048142,0.8810020876826721,117.2595550000015,2.064032919981977,0.9686847599164926
117.51065500000074,2.1725906992894606,0.8966597077244258,117.50747100000152,1.9490612760947736,0.9999999999999999
117.75467700000073,2.1847596051917457,0.8778705636743214,117.7803260000015,1.856170284081812,0.9999999999999999
117.99575400000074,2.224445602918834,0.8470772442588729,118.00544500000156,1.7891756940586143,0.9999999999999999
118.24773600000073,2.2950176994680653,0.7691370911621433,118.2669730000016,1.7443835925455067,0.9999999999999999
118.50274800000074,2.393634396841786,0.6936325678496869,118.49550700000152,1.712983440522453,0.9999999999999999
118.74661400000073,2.514344879931084,0.6083855254001391,118.75047900000156,1.6839378851173579,0.9999999999999999
118.99819700000073,2.6521019424936068,0.4914752957550452,119.0114120000016,1.6479930865290708,0.9999999999999999
119.25381300000076,2.805773728696077,0.355080027835769,119.26040800000159,1.6026239269406561,0.9999999999999999
119.4876550000008,2.9797715314416875,0.2113778705636743,119.49547600000163,1.5535183980197704,0.9999999999999999
119.7464940000008,3.181881160364182,0.081419624217119,119.74025200000156,1.5118929213269854,0.9999999999999999
119.97762100000077,3.4116815758042307,0.0,119.98982800000167,1.489196946391614,0.9999999999999999
120.22965900000081,3.649047618112147,0.0,120.23025700000169,1.4940419084771275,0.9999999999999999
120.48049000000086,3.8602860973556727,0.0,120.48423700000171,1.530868655012426,0.9999999999999999
120.72843700000094,4.015562774790817,0.0,120.72816100000176,1.5974307093078528,0.9999999999999999
120.9882620000009,4.09661732550939,0.0,120.97467900000181,1.6840802293426413,0.9999999999999999
121.22230500000094,4.102412920683125,0.0,121.22566600000178,1.7770748224831776,0.9999999999999999
121.468225000001,4.050061361133023,0.0,121.47813100000174,1.863539438239126,0.9999999999999999
121.71275800000099,3.963351956157219,0.0,121.72208000000177,1.9362939610590792,0.9999999999999999
121.96225300000098,3.854943296968234,0.0,121.96420100000178,1.9899653843327485,0.9999999999999999
122.21428800000106,3.725359776757188,0.0,122.2166130000018,2.0156758111584203,0.9968684759916492
122.52518600000109,3.5727680713383987,0.0,122.46660100000189,2.0079345803107636,0.9999999999999999
122.7977490000011,3.397276972066428,0.0,122.71557000000196,1.9722256114351757,0.9999999999999999
123.00474600000113,3.2042657663659466,0.0720250521920668,122.95464200000195,1.9223990010580587,0.9999999999999999
123.1991240000011,3.006256315740937,0.18702157272094644,123.20398100000195,1.8733561227491333,0.9999999999999999
123.44768700000111,2.8178370018507612,0.3502087682672234,123.46264300000202,1.836968489931928,0.9999999999999999
123.70719100000113,2.6497937635683733,0.49391092553931804,123.69555800000202,1.8175272238947153,0.9999999999999999
123.94717100000116,2.5079317909842285,0.6132567849686847,123.95260500000202,1.8108426281546248,0.9999999999999999
124.21250500000113,2.3926125255135275,0.6960681976339597,124.20908900000198,1.808375384696834,0.9999999999999999
124.44312700000114,2.2981912517661387,0.7667014613778707,124.44615100000202,1.7992085959202722,0.9999999999999999
124.68477900000114,2.2138518667029006,0.8559498956158663,124.69409100000202,1.7747194691825223,0.9999999999999999
124.93141800000113,2.131683303571883,0.9217118997912316,124.93805600000202,1.7317848065215753,0.9999999999999999
125.17574600000118,2.0495296829177034,0.9765135699373695,125.18851800000208,1.6727715890414454,0.9999999999999999
125.42731800000114,1.9702710964601953,0.9999999999999999,125.4451840000021,1.6018671142394136,0.9999999999999999
125.67880900000115,1.8982260585180342,0.9999999999999999,125.68287900000212,1.5225847880752632,0.9999999999999999
125.92621900000121,1.8352951304939833,0.9999999999999999,125.9341510000021,1.4360848837400342,0.9999999999999999
126.17071300000126,1.7805091206858596,0.9999999999999999,126.17500200000212,1.3430972864885744,0.9999999999999999
126.42019900000129,1.730593628327708,0.9999999999999999,126.42205800000215,1.247202842579772,0.9999999999999999
126.66817900000129,1.6826138046190569,0.9999999999999999,126.67944600000214,1.1584235478589562,0.9999999999999999
126.9206770000013,1.63713469562259,0.9999999999999999,126.92249500000219,1.0982038205911437,0.9999999999999999
127.1673150000013,1.6006999725442108,0.9999999999999999,127.16735600000219,1.093934066543372,0.9999999999999999
127.43972000000129,1.5852614424522047,0.9999999999999999,127.41475500000223,1.165251343748478,0.9999999999999999
127.65808200000131,1.5984126302820512,0.9999999999999999,127.66279400000225,1.316129161528086,0.9999999999999999
127.9292170000014,1.6337221976011669,0.9999999999999999,127.90729600000228,1.5352670572920784,0.9999999999999999
128.16920700000136,1.6763579927756873,0.9999999999999999,128.15675700000227,1.799570892967326,0.9999999999999999
128.40610700000138,1.7188621054441588,0.9999999999999999,128.4158430000023,2.075555576107375,0.9624217118997911
128.6791800000014,1.7680890060365393,0.9999999999999999,128.64784800000228,2.3244059042767256,0.7545233124565067
128.92516900000143,1.8371390115209656,0.9999999999999999,128.89626800000235,2.5081503259239137,0.6132567849686847
129.15204100000147,1.9332933796509153,0.9999999999999999,129.15127100000237,2.6017523327020418,0.5255741127348643
129.4075480000015,2.0482343602143747,0.9780793319415448,129.39779100000237,2.602726692299459,0.5255741127348643
129.6371790000015,2.1526800534552866,0.9091858037578288,129.64571000000237,2.53129600994886,0.598643006263048
129.88508200000157,2.2108570351124177,0.8575156576200417,129.90457900000243,2.4236990958535314,0.6741475295755045
130.16059200000163,2.203099248544242,0.8637787056367432,130.13774100000248,2.3170468718820487,0.7545233124565067
130.38197400000166,2.1366289142790578,0.9201461377870562,130.38615200000248,2.2410551310457967,0.8275922059846904
130.66389900000175,2.0364782404722357,0.9843423799582462,130.65667700000245,2.2127076320148826,0.8559498956158663
130.88003000000177,1.9332660700477071,0.9999999999999999,130.88049700000244,2.229479737761954,0.8348990953375087
131.13051600000193,1.8547242794797203,0.9999999999999999,131.15305300000247,2.269435903531297,0.7934933890048713
131.37342600000196,1.8132840808964579,0.9999999999999999,131.3804570000025,2.3016271403604263,0.7667014613778707
131.63547700000194,1.8004319754533005,0.9999999999999999,131.62967800000246,2.3002089149694864,0.7667014613778707
131.89584200000192,1.7973201356246187,0.9999999999999999,131.87446500000243,2.252924175038504,0.8202853166318721
132.13257300000188,1.786753943550748,0.9999999999999999,132.12912400000232,2.162137123019051,0.9044885177453027
132.39838000000185,1.7587047316672386,0.9999999999999999,132.36751600000224,2.0434795084313677,0.9812108559498955
132.6209440000018,1.7114667379427915,0.9999999999999999,132.6188950000021,1.9197028720241192,0.9999999999999999
132.86834300000174,1.6483607205202278,0.9999999999999999,132.85696200000206,1.812505151855782,0.9999999999999999
133.19578000000166,1.5736216622879557,0.9999999999999999,133.1174320000019,1.7405547418681233,0.9999999999999999
133.42332400000151,1.492331728567117,0.9999999999999999,133.35792100000188,1.721547192657993,0.9999999999999999
133.63437900000153,1.4120561305067199,0.9999999999999999,133.60494500000198,1.7723728977941788,0.9999999999999999
133.8537600000015,1.34024766094055,0.9999999999999999,133.8599060000019,1.9018324823107324,0.9999999999999999
134.09486600000142,1.2814057106163905,0.9999999999999999,134.1043070000019,2.0997269415038478,0.9436325678496869
134.36884400000142,1.2381078787038473,0.9999999999999999,134.3647530000019,2.3333465253606476,0.7496520528879612
134.60227100000137,1.2143258508888384,0.9999999999999999,134.61288600000194,2.5622508395642414,0.5718510786360472
134.84674000000138,1.2169284725327365,0.9999999999999999,134.8463990000019,2.7592297056635626,0.4062282533054975
135.1141510000013,1.2558651793365838,0.9999999999999999,135.09570800000196,2.9160875282960377,0.2625260960334029
135.33414700000122,1.343233927882714,0.9999999999999999,135.34133900000185,3.03855240403519,0.167536534446764
135.57670600000125,1.4887675364529451,0.9999999999999999,135.58877200000168,3.142747334123336,0.1096033402922756
135.83670700000124,1.6907913223997018,0.9999999999999999,135.83467500000165,3.245044077242559,0.04853862212943635
136.07911400000117,1.9296268238565983,0.9999999999999999,136.08529400000165,3.354984904421275,0.0
136.35219200000114,2.1716017519677755,0.8982254697286012,136.33271600000174,3.4726433855181,0.0
136.57717900000108,2.380815418778045,0.7009394572025052,136.5787250000017,3.5786351122567543,0.0
136.818218000001,2.5326855375908526,0.5962073764787752,136.8300680000017,3.6414837201943118,0.0
137.07264100000089,2.620030338767643,0.5133959638135004,137.0731500000017,3.6438806717031667,0.0
137.31505500000088,2.648724911856439,0.49634655532359084,137.31911400000172,3.5954247637779786,0.0
137.56072100000083,2.6294172699615843,0.5109603340292275,137.57309600000175,3.521132201240108,0.0
137.81009600000073,2.573842270628593,0.5499304105775922,137.81550400000165,3.43791677619374,0.0
138.05345000000068,2.4954022974748877,0.6303061934585943,138.0630770000017,3.345155394190314,0.0
138.30501900000075,2.40934737206468,0.6887613082811413,138.31199300000173,3.2315938046892057,0.05167014613778705
138.5615280000007,2.3350447837918464,0.7447807933194154,138.56659200000166,3.0930860579705732,0.13308977035490605
138.8021180000006,2.2951346398301604,0.7691370911621433,138.82143800000168,2.9366066143244147,0.2479123173277661
139.05061000000063,2.307588717121696,0.7593945720250523,139.05305600000167,2.775043520373452,0.39161447459986076
139.30674000000064,2.382120349886212,0.7009394572025052,139.30107000000172,2.6203314942568965,0.5133959638135004
139.56760700000063,2.5169300378781347,0.6059498956158663,139.54897900000165,2.4816070988978023,0.6351774530271398
139.79703300000057,2.700272322056208,0.46711899791231737,139.80127100000155,2.3622976651246033,0.7204244954766876
140.03691400000062,2.9184541856250603,0.2600904662491301,140.0437070000016,2.2568583044900903,0.8154140570633266
140.29448400000052,3.171950494809572,0.08611691022964506,140.29976800000168,2.1567449080616625,0.906054279749478
140.5409020000004,3.4087530362805207,0.0,140.54171000000164,2.0559867564081125,0.9749478079331941
140.77845300000038,3.558621835494584,0.0,140.78969900000158,1.9551144874458521,0.9999999999999999
141.0265140000004,3.609920208476128,0.0,141.03218800000147,1.85904641784292,0.9999999999999999
141.27492000000032,3.577513410491337,0.0,141.28570500000149,1.7740844075926487,0.9999999999999999
141.52042500000024,3.475553020647432,0.0,141.53020400000145,1.705733429298264,0.9999999999999999
141.77439500000025,3.3135617126206993,0.010960334029227551,141.78514600000145,1.6599699622795558,0.9999999999999999
142.01588500000017,3.1102142407996016,0.1283924843423799,142.03552000000133,1.6438972996557224,0.9999999999999999
142.2667740000001,2.8982538640747935,0.2844467640918581,142.27066100000133,1.6635635986038935,0.9999999999999999
142.52241500000002,2.707842944450985,0.45494084899095333,142.5251380000012,1.7190876435230353,0.9999999999999999
142.7827539999999,2.5554979630412187,0.5767223382045928,142.77073200000115,1.8027571564508995,0.9999999999999999
143.00520399999976,2.4530293202277815,0.6546624913013223,143.01658800000118,1.8995974435727165,0.9999999999999999
143.26033199999966,2.407655425084244,0.6911969380654142,143.26157400000113,1.9902762892358952,0.9999999999999999
143.50874099999976,2.4147763686609443,0.6790187891440501,143.5074790000011,2.0570641232351963,0.9733820459290187
143.75233699999973,2.4661285286158825,0.6400487125956854,143.75961900000095,2.0893611472285194,0.9498956158663883
144.03055699999973,2.5584587014694313,0.57428670842032,144.00652600000095,2.0882706697516014,0.9514613778705636
144.25747999999967,2.6882715419139,0.4719902574808629,144.25456700000092,2.0645644172131523,0.9686847599164926
144.49652699999967,2.8419184426250825,0.3355949895615866,144.50047100000094,2.0358321043129624,0.9843423799582462
144.74245499999964,2.9922833774036413,0.20407098121085598,144.76301000000095,2.019445409788282,0.9937369519832984
144.98650899999961,3.1076505408667874,0.12995824634655526,144.99334400000086,2.0293955916088198,0.992171189979123
145.2400269999996,3.160291617040092,0.09551148225469726,145.2544800000007,2.0721071070578923,0.9671189979123173
145.48150499999946,3.128221542396844,0.11743215031315236,145.48976500000066,2.145036830714378,0.9138830897703548
145.73164299999948,2.9993669189319365,0.18945720250521922,145.7432610000007,2.232054078317457,0.8324634655532359
145.99340499999946,2.7810769197045255,0.389178844815588,145.9897740000007,2.308434791024009,0.7593945720250523
146.22337299999953,2.5054010283124093,0.6181280445372305,146.23873600000073,2.3589510563419074,0.727731384829506
146.47079299999947,2.2188983592904186,0.8528183716075156,146.5011490000007,2.386721014450028,0.7009394572025052
146.72192199999938,1.9614802476161435,0.9999999999999999,146.7396720000006,2.406898850575168,0.6911969380654142
146.96934599999932,1.750574443463887,0.9999999999999999,146.97966700000046,2.4431236209125786,0.6570981210855951
147.23590199999924,1.583703992319346,0.9999999999999999,147.2291420000005,2.5210381750382997,0.6035142658315935
147.4658959999992,1.4519436845599745,0.9999999999999999,147.4762660000004,2.655658647745443,0.4866040361864996
147.7078859999991,1.3500507766781886,0.9999999999999999,147.72628100000028,2.8347746313513587,0.3404662491301322
147.97238799999909,1.2778976694556552,0.9999999999999999,147.9722140000003,3.016020965308175,0.18215031315240077
148.21187699999908,1.241063411383053,0.9999999999999999,148.22059800000028,3.148867627998797,0.10647181628392481
148.464280999999,1.2484797230740936,0.9999999999999999,148.46957200000043,3.202275204275692,0.07359081419624215
148.71477499999884,1.307121189623223,0.9999999999999999,148.70913000000021,3.1784338948255413,0.0845511482254697
148.9458839999989,1.414699298707151,0.9999999999999999,148.9626060000002,3.104927325611756,0.12995824634655526
149.19986599999888,1.5516417734859518,0.9999999999999999,149.21054700000025,3.0204013997885797,0.18215031315240077
149.45987599999873,1.6841882426970687,0.9999999999999999,149.45810600000024,2.961822620316811,0.2308629088378566
149.69262699999868,1.782371230421168,0.9999999999999999,149.71294700000018,2.956612424223846,0.23573416840640227
149.94515999999865,1.8338870173660802,0.9999999999999999,149.95859500000012,3.0139803852364575,0.18215031315240077
150.1925779999987,1.8448425290348607,0.9999999999999999,150.20292900000024,3.1201212159321443,0.1221294363256785
150.4451689999986,1.8342664655247325,0.9999999999999999,150.4504680000002,3.2449500269594385,0.04853862212943635
150.68111499999856,1.8257729132182614,0.9999999999999999,150.6954560000001,3.3608592155758528,0.0
150.94254799999857,1.8388321021345582,0.9999999999999999,150.94644700000006,3.4436849175631234,0.0
151.1776659999985,1.8830282328772798,0.9999999999999999,151.19351300000005,3.4724349475459366,0.0
151.42852099999845,1.9545078917889562,0.9999999999999999,151.43885799999998,3.439249942625638,0.0
151.6996829999985,2.037346737650153,0.9843423799582462,151.6849810000001,3.353621651257158,0.0
151.92569999999833,2.1132613913238143,0.9326722338204593,151.94138700000013,3.2354612066543584,0.05167014613778705
152.17768799999834,2.1736521444768213,0.8950939457202505,152.1820290000001,3.1042271461337685,0.12995824634655526
152.42459799999818,2.223128727403978,0.8512526096033403,152.42895800000008,2.9742705312643274,0.22355601948503828
152.66909299999816,2.2747242349715395,0.7910577592205986,152.67200600000007,2.853844903616066,0.31854558107167713
152.9109919999981,2.3425756324274136,0.7374739039665971,152.9247830000001,2.7500314040729616,0.4135351426583159
153.17454599999806,2.4346086861089553,0.6644050104384134,153.16543099999996,2.6734332122761066,0.4792971468336813
153.41402299999794,2.5451799021150845,0.5815935977731385,153.4187719999999,2.638246234745009,0.506089074460682
153.67243799999798,2.654511911891623,0.4866040361864996,153.663896,2.661066725172452,0.4841684064022269
153.92158699999797,2.7452812623254728,0.42571329157967985,153.908959,2.761711796973455,0.4062282533054975
154.15497699999798,2.8151225317899113,0.3502087682672234,154.18826999999987,2.9598282396384814,0.2308629088378566
154.40287999999794,2.8725253855388995,0.29906054279749483,154.41582599999995,3.262505014416997,0.03914405010438415
154.65030199999796,2.9289027160702314,0.250347947112039,154.6603169999999,3.643544518489204,0.0
154.92027999999775,2.9964613989081625,0.2016353514265832,154.91029099999986,4.027920067404094,0.0
155.14748799999774,3.0894549553570556,0.13935281837160746,155.15722299999982,4.3133936809620765,0.0
155.3963769999977,3.218865182950698,0.0626304801670146,155.40526999999977,4.430446737273319,0.0
155.64794499999763,3.388035846379458,0.0,155.6457569999997,4.3703783666407165,0.0
155.88745199999758,3.5845557978484273,0.0,155.89060999999958,4.170202284229282,0.0
156.14135799999758,3.777802453702272,0.0,156.15188499999968,3.88763566845072,0.0
156.3838799999975,3.9310782357228886,0.0,156.39122199999971,3.5800193810210854,0.0
156.62442999999743,4.019085246595785,0.0,156.63656499999982,3.297125597150042,0.02035490605427975
156.87398699999738,4.036773962171802,0.0,156.8837539999998,3.074117522750711,0.14874739039665966
157.12176699999728,3.993475853402591,0.0,157.1397549999998,2.926961677852597,0.250347947112039
157.3674249999972,3.9151101003605926,0.0,157.39408599999973,2.8530308356814453,0.3209812108559499
157.62368399999713,3.8363238904163883,0.0,157.63213899999974,2.8360878002332868,0.3404662491301322
157.86725499999713,3.7825636409715013,0.0,157.87212699999972,2.8511814633310544,0.32585247042449544
158.11606799999717,3.7629243192167525,0.0,158.13522299999968,2.8667804402651202,0.3014961725817676
158.36523699999714,3.776808279299708,0.0,158.37403699999956,2.849273045709519,0.3282881002087682
158.60522599999715,3.814076376191669,0.0,158.62400999999946,2.770824676796988,0.39161447459986076
158.87116399999707,3.85555342749914,0.0,158.86564699999948,2.62459693403499,0.5133959638135004
159.10209899999708,3.8841225529493535,0.0,159.1115569999996,2.432472542856404,0.6668406402226862
159.37763999999703,3.8905582420640306,0.0,159.36447999999965,2.2294391763991617,0.8348990953375087
159.59596399999697,3.8720138414386494,0.0,159.6063949999996,2.045935435778701,0.9812108559498955
159.84715699999683,3.8334601958409564,0.0,159.8585239999996,1.903558302208141,0.9999999999999999
160.09512999999686,3.781990765595231,0.0,160.10444199999955,1.8169296803470678,0.9999999999999999
160.3375329999968,3.7179036574679794,0.0,160.36349299999955,1.8015958471626918,0.9999999999999999
160.5899439999968,3.6311795844912464,0.0,160.62362199999956,1.8988530273029782,0.9999999999999999
160.83303099999677,3.5202541190448713,0.0,160.8423249999995,2.1912103011164783,0.8747390396659707
161.08749599999672,3.39392988662947,0.0,161.09652499999953,2.7698346493090216,0.39161447459986076
161.33608399999662,3.2648226562576683,0.037578288100208794,161.33741799999956,3.6485739810179374,0.0
161.58444099999667,3.14056739523837,0.11430062630480166,161.59482999999952,4.742814102814448,0.0
161.82782899999668,3.0248750234535664,0.179714683368128,161.8554529999995,5.916872288021031,0.0
162.07102399999664,2.917634034628831,0.2600904662491301,162.09545499999953,7.029948001000504,0.0
162.32694899999655,2.815748348340764,0.3502087682672234,162.33079399999954,7.955914534883689,0.0
162.58892899999654,2.720092500899498,0.4451983298538623,162.59077999999957,8.60113329437937,0.0
162.81983099999653,2.637403437037146,0.506089074460682,162.82625299999947,8.922030693192381,0.0
163.06132699999654,2.5768795615276883,0.5450591510090467,163.07382199999944,8.924958637378861,0.0
163.31029399999665,2.5488653091621134,0.5815935977731385,163.34051599999952,8.652841517280914,0.0
163.56531699999655,2.5575422780836745,0.57428670842032,163.5757299999996,8.168337774246758,0.0
163.81578099999655,2.593276167769197,0.5377522616562282,163.83404999999956,7.527618517899923,0.0
164.05498799999668,2.642197869418405,0.5036534446764092,164.0849559999994,6.777515813006283,0.0
164.30848699999663,2.6964146243980873,0.46711899791231737,164.32352699999953,5.987672597118556,0.0
164.55043499999672,2.7581432988962424,0.4062282533054975,164.55643199999952,5.241868551214783,0.0
164.79798299999675,2.8316913176913765,0.34533750869867774,164.81044899999955,4.60575127277293,0.0
165.0479769999967,2.910461683008518,0.26739735560194855,165.07285799999957,4.109555388534807,0.0
165.29296399999674,2.965965490253988,0.22842727905358381,165.30041199999957,3.746220968942525,0.0
165.56087299999677,2.963148136857129,0.22842727905358381,165.5554309999995,3.4912843423913866,0.0
165.80230599999678,2.887556897686352,0.2917536534446764,165.80603099999934,3.3162892186260944,0.009394572025052199
166.03485299999676,2.752098588262887,0.4135351426583159,166.04685099999932,3.194010371157849,0.07359081419624215
166.29839099999666,2.5853494405590043,0.540187891440501,166.29601399999927,3.104204858017613,0.12995824634655526
166.5303149999967,2.4211746765598603,0.6790187891440501,166.53734499999925,3.026799944517318,0.179714683368128
166.77744799999664,2.292145968294699,0.7715727209464162,166.7920029999992,2.9396663086879165,0.24304105775922058
167.02338799999646,2.226915758185444,0.8373347251217815,167.07876099999916,2.831105549560911,0.34533750869867774
167.27385699999638,2.244843582458782,0.8251565762004176,167.29199399999914,2.7169985459790045,0.4451983298538623
167.52384299999636,2.3433571478345354,0.7326026443980515,167.5319479999991,2.6361685963267036,0.5085247042449547
167.76885599999633,2.490700695265155,0.6303061934585943,167.78437999999912,2.6306121823939552,0.5109603340292275
168.0193479999962,2.6347864983616214,0.5085247042449547,168.02730099999914,2.723665539928092,0.4451983298538623
168.27420099999617,2.7277516323952042,0.4427627000695894,168.28472899999906,2.908586978445766,0.2698329853862213
168.51331999999613,2.7463910935432065,0.42327766179540705,168.52273299999908,3.1489820991673234,0.10647181628392481
168.76285699999613,2.6952507541185335,0.46955462769659007,168.7783859999991,3.3914779256048333,0.0
169.03478499999608,2.597771995168196,0.5304453723034099,169.01721499999908,3.5860370706313303,0.0
169.2566789999961,2.489258899216941,0.6303061934585943,169.26785499999906,3.703103225092147,0.0
169.50476599999612,2.403120123722279,0.6911969380654142,169.53334399999903,3.739072803441327,0.0
169.7447479999961,2.354380694714872,0.727731384829506,169.76314899999898,3.712365760051705,0.0
169.99815599999616,2.339888003375437,0.7374739039665971,170.00814399999882,3.6500236575325693,0.0
170.25617799999614,2.3466163691635424,0.7326026443980515,170.25312199999888,3.5686018476567085,0.0
170.49404899999604,2.3572621987969162,0.727731384829506,170.51181299999882,3.47289011062849,0.0
170.74428799999592,2.3580675014740837,0.727731384829506,170.7592509999987,3.366503085352625,0.0
171.00323899999592,2.3448554849019803,0.7326026443980515,170.9977659999987,3.2561631679134213,0.043841336116910205
171.23323699999588,2.3230708178440698,0.7545233124565067,171.24911299999857,3.149589802534006,0.10647181628392481
171.4800139999958,2.29968372834165,0.7667014613778707,171.49407199999862,3.051027064801186,0.16510090466249125
171.7325729999957,2.279321824802373,0.7837508698677803,171.74907099999857,2.958553769268416,0.2332985386221295
171.98599499999565,2.2644230082135564,0.8056715379262352,171.99162499999852,2.8636873635681033,0.30393180236604034
172.23000899999556,2.2567937915479934,0.8154140570633266,172.23853599999853,2.759571697002219,0.4062282533054975
172.47212199999555,2.2590888685795045,0.8129784272790536,172.4840209999985,2.648607923357769,0.49634655532359084
172.7231659999956,2.2772360235808944,0.7837508698677803,172.75044299999848,2.544529624377219,0.5815935977731385
172.96516599999566,2.3165455298414894,0.7545233124565067,172.9906669999984,2.460897910870672,0.6424843423799583
173.21450299999555,2.378016803351855,0.7009394572025052,173.2296139999984,2.4023105527685766,0.6911969380654142
173.48449399999552,2.4600483095107943,0.644919972164231,173.4799359999985,2.3629542947391795,0.7204244954766876
173.72106299999552,2.558477973391313,0.57428670842032,173.72702799999834,2.3329547482964657,0.7496520528879612
173.95847399999545,2.666259621889639,0.4841684064022269,173.98043099999833,2.3077884122630485,0.7593945720250523
174.2070529999954,2.7765892228616145,0.39161447459986076,174.22197899999838,2.291562101170967,0.774008350730689
174.45304299999538,2.888346485560498,0.2917536534446764,174.47197999999844,2.2949370739451616,0.7691370911621433
174.7025339999953,3.0036454744422727,0.18702157272094644,174.71551699999847,2.3309282868919143,0.7496520528879612
174.94799799999524,3.1177205179318817,0.1252609603340292,174.95845399999845,2.407548875842475,0.6911969380654142
175.20311499999528,3.2134362541833674,0.0657620041753653,175.21586799999838,2.52055173795709,0.6035142658315935
175.45248499999533,3.267289831522704,0.037578288100208794,175.45651499999838,2.651573625924809,0.49391092553931804
175.69537899999528,3.2621493689893244,0.03914405010438415,175.71792199999828,2.7744547829148556,0.39161447459986076
175.94201799999527,3.1932979890012687,0.07359081419624215,175.9608249999982,2.8700336894732588,0.3014961725817676
176.19744399999527,3.0706420101013925,0.14874739039665966,176.2059939999983,2.92875744748476,0.250347947112039
176.44032499999528,2.914649692240651,0.26496172581767563,176.47097399999834,2.9432693032107906,0.2406054279749478
176.69096299999524,2.751885837019276,0.4135351426583159,176.69736599999828,2.9015395234160164,0.27470424495476686
176.93335699999514,2.611050174471709,0.5207028531663188,176.9407689999982,2.798528683048758,0.3623869171885874
177.18095299999516,2.5123285926950807,0.610821155184412,177.2082249999982,2.65216335104202,0.4914752957550452
177.427709999995,2.4602720670634723,0.644919972164231,177.44675399999815,2.493800166202513,0.6303061934585943
177.67434599999487,2.4480731607118145,0.6546624913013223,177.68735699999817,2.350826193790464,0.7301670146137788
177.94765599999496,2.465476267814731,0.6400487125956854,177.94042099999805,2.242979822910485,0.8275922059846904
178.16882399999503,2.498475176142554,0.622999304105776,178.18375499999806,2.187074453974261,0.876304801670146
178.41168499999492,2.5297136899187107,0.598643006263048,178.43215899999802,2.198782550444272,0.8653444676409185
178.67874799999487,2.5416413213548905,0.5864648573416842,178.681670999998,2.2911371170692165,0.774008350730689
178.90973399999487,2.5204065956396513,0.6035142658315935,178.92872799999805,2.4686955891278783,0.6400487125956854
179.16626299999484,2.4619072905044037,0.6424843423799583,179.1712879999979,2.7388903601556938,0.43058455114822547
179.4127739999948,2.379119537949343,0.7009394572025052,179.4216099999979,3.120936043255122,0.12056367432150315
179.65968599999493,2.2989685962060884,0.7667014613778707,179.66917299999778,3.631823813676413,0.0
179.90671799999487,2.2467947587177273,0.8227209464161449,179.9183299999979,4.249317186795333,0.0
180.1727449999948,2.2360722182376223,0.8324634655532359,180.15806399999798,4.890456718687478,0.0
180.39911199999486,2.2702185669229156,0.7934933890048713,180.42011099999792,5.435165242318795,0.0
180.67862199999473,2.3474085395688764,0.7326026443980515,180.66563299999774,5.775102226786044,0.0
180.90200799999468,2.458987482873481,0.6473556019485038,180.9080359999976,5.850451716739223,0.0
181.14943399999464,2.591064417056248,0.5377522616562282,181.15250499999757,5.657072274590037,0.0
181.3934209999947,2.727864111116842,0.4427627000695894,181.40749799999747,5.239914644392963,0.0
181.64296399999475,2.8529393799048304,0.3209812108559499,181.64844399999743,4.683738517903664,0.0
181.88361499999465,2.9533582949926176,0.23816979819067502,181.90100099999742,4.088144231297824,0.0
182.13498299999472,3.0203876818466395,0.18215031315240077,182.14738499999746,3.537533833460046,0.0
182.3804979999947,3.0507634589625585,0.16510090466249125,182.39543699999732,3.076415085201081,0.1471816283924843
182.63189099999474,3.0471833698137343,0.16510090466249125,182.63541599999726,2.7072906274562714,0.45737647877522614
182.88195899999474,3.0237618896623757,0.179714683368128,182.88492299999714,2.416165848274039,0.6790187891440501
183.20185299999468,3.006997178591403,0.18702157272094644,183.14191599999725,2.1878588656553513,0.876304801670146
183.41047499999468,3.024682258402545,0.179714683368128,183.38997499999718,2.0050688381776625,0.9999999999999999
183.6643909999946,3.0930784256241854,0.13308977035490605,183.62930699999708,1.8508953269995676,0.9999999999999999
183.88278099999454,3.2143806096691194,0.06419624217118995,183.87572999999705,1.7143593298834197,0.9999999999999999
184.11186399999457,3.374912621713012,0.0,184.1552939999972,1.59454281816128,0.9999999999999999
184.36033999999452,3.5405081433903414,0.0,184.37169899999714,1.499791853839489,0.9999999999999999
184.6083949999946,3.667818634836852,0.0,184.62324399999713,1.4423167594546915,0.9999999999999999
184.8527179999945,3.7246662698586466,0.0,184.88886999999718,1.432649573769259,0.9999999999999999
185.10370299999454,3.6996344349154953,0.0,185.1312649999972,1.4773264311031538,0.9999999999999999
185.3531789999945,3.6015743078706652,0.0,185.36969399999722,1.5752548344896926,0.9999999999999999
185.61225899999445,3.4512568676781568,0.0,185.60968899999702,1.7113671118078506,0.9999999999999999
185.85867699999451,3.2766444958718983,0.0313152400835073,185.85480599999698,1.8559539931921225,0.9999999999999999
186.1042829999945,3.0942644588034574,0.1315240083507307,186.10962999999694,1.979235280699462,0.9999999999999999
186.33820399999448,2.900630405196617,0.2771398747390396,186.35156799999694,2.0691548657944248,0.9686847599164926
186.6277049999945,2.6868120334361554,0.4719902574808629,186.60316999999694,2.134006538572144,0.9201461377870562
186.8685939999944,2.4525600445995073,0.6546624913013223,186.86475099999691,2.193917291468488,0.87160751565762
187.1597179999944,2.209315699899091,0.859081419624217,187.09955399999686,2.2654659667946495,0.8056715379262352
187.36902799999444,1.9744242174145201,0.9999999999999999,187.3431199999968,2.35026851450446,0.7301670146137788
187.60953199999432,1.763618494011666,0.9999999999999999,187.59671599999677,2.4344639398365095,0.6668406402226862
187.83162899999414,1.5869660419453984,0.9999999999999999,187.84307399999676,2.500862706971508,0.622999304105776
188.0756919999942,1.4496550703825517,0.9999999999999999,188.1047339999968,2.5426564351995613,0.5840292275574113
188.33210499999404,1.3519627343347813,0.9999999999999999,188.33742899999683,2.5650924988572132,0.5669798190675017
188.58244899999397,1.2875798938702532,0.9999999999999999,188.58741799999683,2.576899740125371,0.5450591510090467
188.81611899999396,1.2454257337315204,0.9999999999999999,188.83544099999688,2.5843941244093065,0.540187891440501
189.10398999999398,1.2150266756849581,0.9999999999999999,189.0880049999968,2.582812868661142,0.5426235212247738
189.31201899999394,1.192644463891787,0.9999999999999999,189.3309099999968,2.56571846238678,0.5596729297146834
189.58256299999394,1.1827753581670508,0.9999999999999999,189.56894799999677,2.5392335049851775,0.5913361169102297
189.80302399999394,1.1931130598731539,0.9999999999999999,189.82652599999665,2.516827576452454,0.6059498956158663
190.06442999999393,1.2276579906152234,0.9999999999999999,190.0775369999965,2.509419661360266,0.6132567849686847
190.31043799999406,1.2825676606685337,0.9999999999999999,190.31186099999655,2.526297909233777,0.598643006263048
190.54551399999403,1.3447172650734553,0.9999999999999999,190.56396799999655,2.5738993719226344,0.5499304105775922
190.79828499999397,1.3953169667633643,0.9999999999999999,190.81489299999657,2.647716576430532,0.49634655532359084
191.042934999994,1.4192184035103432,0.9999999999999999,191.0608519999966,2.730044188899269,0.4427627000695894
191.301922999994,1.411890084877038,0.9999999999999999,191.3118269999965,2.7990270746998,0.3623869171885874
191.56338599999395,1.379506511354551,0.9999999999999999,191.56326299999648,2.8408584174127247,0.3355949895615866
191.79384099999402,1.3337915795511124,0.9999999999999999,191.79845499999647,2.8472382758386505,0.3307237299930411
192.051424999994,1.2860376668636029,0.9999999999999999,192.0518029999966,2.8107139902140155,0.35264439805149617
192.34679099999397,1.2448263747370327,0.9999999999999999,192.3110519999966,2.7233053351712844,0.4451983298538623
192.53075099999387,1.2190690766466208,0.9999999999999999,192.57277099999655,2.5854385923114083,0.540187891440501
192.79075899999387,1.2200396963834401,0.9999999999999999,192.7934129999965,2.4117461855712254,0.6814544189283229
193.02674199999376,1.2601341798801844,0.9999999999999999,193.0398309999965,2.225003973953467,0.8470772442588729
193.3017259999937,1.3483409412458274,0.9999999999999999,193.3042929999966,2.0437563857288588,0.9812108559498955
193.51816099999365,1.4859656733413784,0.9999999999999999,193.5342889999965,1.8784907181379449,0.9999999999999999
193.7681549999936,1.661682318441334,0.9999999999999999,193.7842689999965,1.7354812253577423,0.9999999999999999
194.02669099999358,1.8513400049911075,0.9999999999999999,194.03638499999641,1.618196099721473,0.9999999999999999
194.2721909999935,2.0279282995741315,0.992171189979123,194.28035799999645,1.525406287549924,0.9999999999999999
194.51167499999352,2.175521442479714,0.8950939457202505,194.52507299999644,1.454722043759221,0.9999999999999999
194.7557319999934,2.293988555723834,0.7715727209464162,194.7736229999964,1.4049845765423237,0.9999999999999999
195.0157099999935,2.392341031800532,0.6960681976339597,195.02570199999636,1.3758189835581782,0.9999999999999999
195.26729399999343,2.4751391327240895,0.6351774530271398,195.26760899999636,1.3663490276800827,0.9999999999999999
195.5087569999935,2.5357680950192245,0.5937717466945025,195.5131039999964,1.3750861953613644,0.9999999999999999
195.7491989999935,2.561797672861619,0.57428670842032,195.77618499999636,1.3997073002367366,0.9999999999999999
196.00517499999341,2.542671364642289,0.5840292275574113,196.01424499999632,1.4368998307389678,0.9999999999999999
196.24759499999328,2.479190843377942,0.6351774530271398,196.2552509999963,1.4843306911541316,0.9999999999999999
196.51115799999326,2.386996813930128,0.7009394572025052,196.50904599999615,1.5425379441446117,0.9999999999999999
196.75322999999324,2.2896920568553893,0.774008350730689,196.75698999999608,1.6097744874913011,0.9999999999999999
196.9956089999932,2.2093096758005744,0.859081419624217,197.00711499999602,1.675275401058554,0.9999999999999999
197.24064999999314,2.1612472025093283,0.9044885177453027,197.254176999996,1.7224600056512946,0.9999999999999999
197.50653599999313,2.150252583132149,0.9123173277661795,197.49897899999587,1.7375712064402586,0.9999999999999999
197.73319099999318,2.163064424437882,0.9044885177453027,197.7420669999959,1.7170852981686338,0.9999999999999999
197.9835249999932,2.1728711580928888,0.8966597077244258,198.00701699999593,1.6707103017925622,0.9999999999999999
198.2265759999932,2.1560236760435005,0.9091858037578288,198.2421259999958,1.615620231399845,0.9999999999999999
198.53592399999314,2.1056688877127647,0.940501043841336,198.4868379999958,1.5654097700922756,0.9999999999999999
198.7731629999931,2.028844158200552,0.992171189979123,198.73347099999586,1.5278757112914971,0.9999999999999999
198.99252999999308,1.9355096941644327,0.9999999999999999,198.9893769999957,1.5047758617185627,0.9999999999999999
199.2174879999931,1.831284922426215,0.9999999999999999,199.23087799999573,1.493194845879222,0.9999999999999999
199.46841099999307,1.7179252537491607,0.9999999999999999,199.47935199999569,1.4878555628905177,0.9999999999999999
199.73184999999302,1.5966005172633453,0.9999999999999999,199.72276799999563,1.4849821010743813,0.9999999999999999
199.95647999999292,1.470755276070827,0.9999999999999999,199.97276699999568,1.484882318738675,0.9999999999999999
200.21385999999288,1.3450297793988621,0.9999999999999999,200.2483959999956,1.489369248568062,0.9999999999999999
200.4650309999928,1.226619514651434,0.9999999999999999,200.46802599999566,1.4977597746359332,0.9999999999999999
200.70381299999275,1.1259155241051868,0.9999999999999999,200.72447999999557,1.5048044594635472,0.9999999999999999
200.97096899999283,1.0549967469135986,0.9999999999999999,200.96527399999556,1.5024732118931863,0.9999999999999999
201.19837999999285,1.0247210232005766,0.9999999999999999,201.21075299999546,1.4844367427356162,0.9999999999999999
201.44581199999277,1.041607396303631,0.9999999999999999,201.4638429999955,1.4501762496056672,0.9999999999999999
201.69171399999286,1.1034821398155499,0.9999999999999999,201.71267199999562,1.4026167952082789,0.9999999999999999
201.94092299999286,1.1947985134040389,0.9999999999999999,201.95584699999557,1.3436794644245071,0.9999999999999999
202.1909029999929,1.290985219674753,0.9999999999999999,202.20261999999565,1.2771071062185073,0.9999999999999999
202.4497309999928,1.3693360794389475,0.9999999999999999,202.45422899999565,1.2090356592229201,0.9999999999999999
202.69171599999285,1.417362563037077,0.9999999999999999,202.6966529999955,1.1451706240111363,0.9999999999999999
202.9496899999928,1.4333267657522943,0.9999999999999999,202.94970599999556,1.0897845772644204,0.9999999999999999
203.1751949999928,1.4218163400568462,0.9999999999999999,203.2041909999956,1.0478463453240638,0.9999999999999999
203.42681799999264,1.388297151529584,0.9999999999999999,203.46463699999558,1.0256022361775594,0.9999999999999999
203.67115399999255,1.338102358396413,0.9999999999999999,203.6870959999955,1.0274732994162359,0.9999999999999999
203.95514199999258,1.2780532990948887,0.9999999999999999,203.94064099999542,1.0532680482860415,0.9999999999999999
204.18420999999256,1.2172576365738075,0.9999999999999999,204.1877279999953,1.0968761646019725,0.9999999999999999
204.41559999999257,1.1658987222656947,0.9999999999999999,204.43372099999536,1.147562961235567,0.9999999999999999
204.6646829999925,1.1322340423367594,0.9999999999999999,204.68653599999544,1.1941033324472485,0.9999999999999999
204.92161599999233,1.1203508345037823,0.9999999999999999,204.92445499999548,1.2313145399340542,0.9999999999999999
205.16611599999226,1.1293843236805854,0.9999999999999999,205.17671599999534,1.261391214639933,0.9999999999999999
205.4059319999923,1.1553342622759006,0.9999999999999999,205.42003899999528,1.2928718762498945,0.9999999999999999
205.66849599999225,1.1929819693104555,0.9999999999999999,205.67246999999526,1.3365455298849,0.9999999999999999
205.9269079999922,1.2362302641660083,0.9999999999999999,205.91694899999527,1.4016943520991996,0.9999999999999999
206.1704849999921,1.2806405009439021,0.9999999999999999,206.16357699999526,1.4901264849526812,0.9999999999999999
206.39734799999204,1.32186862644856,0.9999999999999999,206.41243299999522,1.5913071646798391,0.9999999999999999
206.64455399999196,1.3533984362868505,0.9999999999999999,206.66391499999514,1.6885957242668916,0.9999999999999999
206.89492299999193,1.366775673433914,0.9999999999999999,206.9070389999951,1.7680860496285642,0.9999999999999999
207.15182099999186,1.356502726063317,0.9999999999999999,207.15753899999515,1.8290859054847721,0.9999999999999999
207.40681699999186,1.323291732179287,0.9999999999999999,207.40318099999513,1.8834808625862611,0.9999999999999999
207.63036299999183,1.2740706689745689,0.9999999999999999,207.6489449999951,1.946324905365805,0.9999999999999999
207.88483999999178,1.217409882440356,0.9999999999999999,207.89749099999517,2.0264622751339205,0.992171189979123
208.1552109999918,1.1595689361592858,0.9999999999999999,208.14492399999523,2.124054657946545,0.9248434237995824
208.3958189999917,1.1028289339868325,0.9999999999999999,208.3950589999952,2.2323868525576573,0.8324634655532359
208.6491849999918,1.04874835482493,0.9999999999999999,208.64104499999513,2.340478320538423,0.7374739039665971
208.91273599999178,1.0000477236245555,0.9999999999999999,208.8855359999951,2.4367636265892783,0.6644050104384134
209.12580099999175,0.9601010236952447,0.9999999999999999,209.136009999995,2.512331117960957,0.610821155184412
209.38267499999174,0.9331429771894143,0.9999999999999999,209.38647899999506,2.560425277116494,0.57428670842032
209.6286639999919,0.9236530572654467,0.9999999999999999,209.62999499999495,2.5775323658982123,0.5450591510090467
209.8910859999919,0.9332292000806566,0.9999999999999999,209.88999599999482,2.562920760799531,0.5718510786360472
210.14311299999187,0.9599374156729167,0.9999999999999999,210.13145199999482,2.5230653192852817,0.598643006263048
210.38861899999188,0.9992414353577348,0.9999999999999999,210.37883599999483,2.4731227499177226,0.6400487125956854
210.67360499999182,1.047532683071743,0.9999999999999999,210.6233539999948,2.435997610319442,0.6644050104384134
210.95907999999173,1.1057127189462477,0.9999999999999999,210.86641499999484,2.434969400631168,0.6644050104384134
211.1271469999917,1.1803590401103083,0.9999999999999999,211.12932099999495,2.4831292474643893,0.6327418232428671
211.35460199999164,1.2818911475468706,0.9999999999999999,211.363311999995,2.579316130672503,0.5450591510090467
211.61452899999168,1.421100206730367,0.9999999999999999,211.61931499999497,2.7117850063011404,0.4500695894224078
211.88951199999158,1.602327948401644,0.9999999999999999,211.86477399999498,2.8642429673587317,0.30393180236604034
212.1320789999915,1.8148387201617726,0.9999999999999999,212.10671699999494,3.016204740424506,0.18215031315240077
212.37459899999143,2.029809262574673,0.9890396659707723,212.35590699999497,3.1481436102356217,0.10647181628392481
212.61807699999136,2.211123758609883,0.8575156576200417,212.604716999995,3.2520451585975083,0.04540709812108556
212.83960099999135,2.33497416338569,0.7447807933194154,212.84665499999502,3.3276392453861288,0.004697286012526058
213.16447199999138,2.401483637856982,0.6911969380654142,213.09868499999504,3.376840582220648,0.0
213.39444299999124,2.4290276623570954,0.6692762700069589,213.347281999995,3.4013519934704504,0.0
213.69248199999123,2.440194037224141,0.6595337508698679,213.5941639999949,3.400824544975005,0.0
213.92199099999115,2.45143568261055,0.6546624913013223,213.84576899999496,3.3741058791709726,0.0
214.1928609999912,2.4708750839015314,0.6400487125956854,214.102674999995,3.3222791043876265,0.004697286012526058
214.44088299999115,2.4974474824649517,0.6254349338900488,214.34456999999497,3.248123172117118,0.04853862212943635
214.6767919999911,2.523236624769599,0.598643006263048,214.58654199999495,3.1556908775356,0.09864300626304796
214.90792899999104,2.539344292991328,0.5913361169102297,214.83578699999495,3.054290739839856,0.16510090466249125
215.22451699999093,2.5408924629342735,0.5889004871259569,215.08815199999498,2.9637226729848742,0.22842727905358381
215.42837099999085,2.5285269057660327,0.598643006263048,215.33005399999502,2.9087447221100033,0.2698329853862213
215.6903159999907,2.505711203426039,0.6181280445372305,215.5981439999951,2.909166181263839,0.26739735560194855
215.9603009999907,2.474357103559835,0.6351774530271398,215.82505599999504,2.9715891857911534,0.22599164926931103
216.21804499999044,2.434144429760961,0.6668406402226862,216.0731169999948,3.0805389998994,0.14561586638830895
216.4894989999904,2.3829226510770747,0.7009394572025052,216.31809099999475,3.1982188725681837,0.07359081419624215
216.66133499999023,2.320268849751516,0.7545233124565067,216.56855799999474,3.2814474554750803,0.02974947807933195
216.93487099999032,2.252204680824028,0.8202853166318721,216.82098499999466,3.306406780485676,0.014091858037578257
217.20629399999027,2.1910125849061033,0.8747390396659707,217.0675509999946,3.2757377847734714,0.0313152400835073
217.49432199999018,2.151230093343551,0.9107515657620041,217.33015399999465,3.2086096060134355,0.06732776617954066
217.73595599998998,2.145807668365307,0.9138830897703548,217.5519269999946,3.130824596013019,0.11430062630480166
217.97276099998987,2.1831584426441526,0.8825678496868475,217.81169799999446,3.063037329320077,0.15779401530967294
218.20121099998988,2.2592539568707575,0.8129784272790536,218.0475379999944,3.0116890048303873,0.18458594293667369
218.4212019999899,2.357308163347786,0.727731384829506,218.30590099999444,2.972769594012851,0.22599164926931103
218.77336599998992,2.4599576808779244,0.644919972164231,218.5482819999944,2.938209882652284,0.24304105775922058
219.07833199998987,2.5563515033878503,0.5767223382045928,218.81631399999435,2.8962051620463223,0.2844467640918581
219.2402659999899,2.6457846174631894,0.49878218510786365,219.04180699999432,2.836677854845015,0.3404662491301322
219.45461599998976,2.756851177356655,0.4086638830897703,219.28989099999433,2.757332639848964,0.4086638830897703
219.66815799998963,2.9101837115038305,0.26739735560194855,219.54226599999436,2.6676490135372406,0.4841684064022269
219.89314899998962,3.065279217043826,0.15779401530967294,219.79037599999432,2.585524877108816,0.540187891440501
220.1957629999897,3.195528385153462,0.07359081419624215,220.0358279999943,2.5270142531199933,0.598643006263048
220.3981139999895,3.2978493644597133,0.02035490605427975,220.28176899999426,2.4977372959081925,0.622999304105776
220.63211799998942,3.3762425184663845,0.0,220.53676299999435,2.487055353963781,0.6303061934585943
220.87613899998934,3.435531039900071,0.0,220.77534199999437,2.473907779189089,0.6376130828114126
221.1166679999893,3.479536103915867,0.0,221.02737999999434,2.440780392288271,0.6595337508698679
221.32450799998924,3.5110007602032045,0.0,221.2708369999943,2.3785232978861006,0.7009394572025052
221.57562699998923,3.532181043497822,0.0,221.5233709999942,2.2919069549057114,0.7715727209464162
221.82046599998927,3.5448524740220786,0.0,221.77377499999417,2.1934009347368923,0.8731732776617953
222.01607399998915,3.5503705627969473,0.0,222.02121899999418,2.09485872701271,0.9451983298538622
222.29798799998915,3.549137085071385,0.0,222.2600659999941,2.0044649404698487,0.9999999999999999
222.5304219999891,3.540415181928971,0.0,222.52071599999414,1.9268834024960184,0.9999999999999999
222.77155499998906,3.5273235297615924,0.0,222.75924199999403,1.8631259932490307,0.9999999999999999
222.99293799998904,3.4967852720674837,0.0,223.00924399999397,1.8104557337230398,0.9999999999999999
223.27389299998896,3.459307116154987,0.0,223.2812859999939,1.7616696203381352,0.9999999999999999
223.55245599998895,3.432397310745226,0.0,223.50520899999404,1.7083794929421754,0.9999999999999999
223.8024479999889,3.421135451524906,0.0,223.74597299999402,1.6481290572307863,0.9999999999999999
224.03142999998892,3.4198474421459952,0.0,224.00402899999398,1.5961092478752303,0.9999999999999999
224.2662699999889,3.415808077712413,0.0,224.2515849999939,1.589505318564249,0.9999999999999999
224.50880799998896,3.3934007703994573,0.0,224.4951299999939,1.6710406843373484,0.9999999999999999
224.7454509999888,3.3437618727914633,0.0,224.7499339999938,1.8648684692594473,0.9999999999999999
225.02621299998881,3.2712151075654923,0.034446764091858005,224.9830129999938,2.1611725706751708,0.9044885177453027
225.24540199998876,3.190198545246668,0.07672233820459286,225.2425019999937,2.5173116962725635,0.6059498956158663
225.47618699998884,3.114951330135641,0.1252609603340292,225.47698999999372,2.873444498954095,0.29906054279749483
225.73619399998867,3.0607237389716744,0.1602296450939457,225.73747199999372,3.1721330086371173,0.08611691022964506
226.04329199998867,3.0439599006306097,0.16510090466249125,225.9724769999936,3.3779470064280006,0.0
226.30568299998865,3.074178543881824,0.14874739039665966,226.22438799999344,3.486063779847266,0.0
226.51274699998854,3.1453562296685975,0.10803757828810016,226.49500099999335,3.5205723419225707,0.0
226.74723099998855,3.231956304796345,0.05167014613778705,226.72339699999338,3.5164610900976667,0.0
226.98774099998857,3.29323452904036,0.023486430062630455,226.97291499999335,3.495764152789117,0.0
227.23981899998861,3.3031432371731517,0.017223382045929044,227.21531699999323,3.455301842555244,0.0
227.5656239999887,3.260724898982684,0.03914405010438415,227.47044999999326,3.3827268923682547,0.0
227.91358999998857,3.1744789457850713,0.0845511482254697,227.71493099999313,3.273755709276668,0.03288100208768265
228.10599599998844,3.0518373250677495,0.16510090466249125,227.95629099999292,3.1412807553288826,0.1127348643006263
228.32401899998834,2.89613328444994,0.28688239387613085,228.20576299999294,3.0154029270596103,0.18215031315240077
228.57044199998828,2.710961128154635,0.45250521920668063,228.45835399999277,2.932411898110162,0.2479123173277661
228.77141099998812,2.504848143295149,0.6181280445372305,228.7037059999926,2.9142126879973245,0.26496172581767563
229.05539499998804,2.291781747252825,0.7715727209464162,228.9508859999926,2.95489996665208,0.23573416840640227
229.33138099998806,2.086220386178486,0.9561586638830897,229.1983089999925,3.0228865964643323,0.179714683368128
229.62992399998808,1.9001813634800286,0.9999999999999999,229.44170999999253,3.0774280804806455,0.1471816283924843
229.8313529999879,1.7392364533259344,0.9999999999999999,229.69926199999247,3.086919906627506,0.1409185803757829
230.00582799998773,1.6011000114882088,0.9999999999999999,229.9411889999925,3.03506532936971,0.16997216423103692
230.29698299998765,1.4790501905697433,0.9999999999999999,230.1916879999925,2.929214029877378,0.2479123173277661
230.60505299998758,1.3665707948151051,0.9999999999999999,230.43474199999247,2.7914241434278324,0.3721294363256785
230.8479319999875,1.2611489353785361,0.9999999999999999,230.68920799999233,2.6465152820976585,0.49634655532359084
231.24239499998734,1.167956842029081,0.9999999999999999,230.9327749999923,2.5155810486920256,0.6083855254001391
231.38406799998734,1.0967014365106684,0.9999999999999999,231.17956099999225,2.413549316078011,0.6814544189283229
231.56373499998722,1.0862601197698447,0.9999999999999999,231.42468799999213,2.3475948103265476,0.7326026443980515
231.85230099998702,1.1670478276093865,0.9999999999999999,231.67210499999206,2.314817664239869,0.7569589422407795
231.98289799998682,1.2436352315132808,0.9999999999999999,231.92874999999205,2.3021714530427504,0.7667014613778707
232.16967399998674,1.2872382091628007,0.9999999999999999,232.16289799999217,2.2908937057058636,0.774008350730689
232.44527899998664,1.3042389075997682,0.9999999999999999,232.4173529999921,2.264209385858704,0.8056715379262352
232.66965899998678,1.3033232823582463,0.9999999999999999,232.66092699999214,2.216620273523412,0.854384133611691
232.89563899998674,1.290724992145156,0.9999999999999999,232.906865999992,2.163118531237478,0.9044885177453027
233.14525499998675,1.2705929146326689,0.9999999999999999,233.16041199999214,2.13900667246875,0.9201461377870562
233.40189999998677,1.2455007430207956,0.9999999999999999,233.41393999999212,2.1801973709856095,0.8872651356993736
233.6536759999868,1.2169694972985554,0.9999999999999999,233.65987799999212,2.2988311998234723,0.7667014613778707
233.8817259999867,1.185882840937526,0.9999999999999999,233.90843099999216,2.4687550364824866,0.6400487125956854
234.12913399998666,1.1530229365741502,0.9999999999999999,234.17035099999202,2.636165544875733,0.5085247042449547
234.3916929999868,1.1210599122493212,0.9999999999999999,234.40239599999194,2.7528107776634028,0.4135351426583159
234.63552699998678,1.1057898523192067,0.9999999999999999,234.64372299999184,2.8007834370823304,0.3599512874043145
234.89614199998684,1.1913805982089256,0.9999999999999999,234.88936899999192,2.788785036086957,0.3818719554627697
235.1221289999869,1.501892790667322,0.9999999999999999,235.148323999992,2.738415109107213,0.43058455114822547
235.380596999987,1.8692334000911497,0.9999999999999999,235.40266499999206,2.6742892115317587,0.4792971468336813
235.6505709999871,2.217702008449042,0.8528183716075156,235.63478199999196,2.615715037066392,0.5158315935977732
235.93754099998702,2.485550852308765,0.6327418232428671,235.88508299999185,2.5758131075614044,0.5450591510090467
236.17701599998696,2.640010117604409,0.5036534446764092,236.1517179999918,2.559391265264551,0.57428670842032
236.40202499998708,2.6846519030140854,0.4768615170494086,236.3866889999918,2.5613123984941386,0.57428670842032
236.60745599998697,2.6537310643208936,0.4866040361864996,236.67105199999185,2.5707709556160205,0.5499304105775922
236.87053799998696,2.5960717291066757,0.5328810020876826,236.8926689999918,2.5812014622709203,0.5450591510090467
237.1093839999869,2.559355121482977,0.57428670842032,237.14359199999186,2.5940033470381634,0.5353166318719554
237.35295099998686,2.575883967263736,0.5450591510090467,237.38614199999188,2.613586105189168,0.5158315935977732
237.60793199998685,2.6579759304533814,0.4866040361864996,237.61955199999184,2.644007631369936,0.5036534446764092
237.85385799998673,2.8010814117137626,0.3575156576200417,238.01814699999184,2.68631540944902,0.4719902574808629
238.1148269999868,2.9861027836316056,0.20650661099512874,238.21311299999184,2.73090515030534,0.4403270702853166
238.34124199998675,3.1844428805726626,0.07985386221294365,238.43706299999172,2.76138671063162,0.4062282533054975
238.5957769999867,3.3647652042970178,0.0,238.70920399999173,2.768327014923672,0.39161447459986076
238.8397559999866,3.4946772234645165,0.0,238.94013199999165,2.754503570317691,0.4135351426583159
239.09278899998665,3.5461438382288155,0.0,239.29359799999153,2.7322339864699416,0.4378914405010438
239.3357119999867,3.5046491324861595,0.0,239.56659099999143,2.7131593421195883,0.447633959638135
239.5846949999867,3.37819384604401,0.0,239.7590669999912,2.70102004263073,0.46468336812804456
239.83967699998666,3.2026106940584524,0.07359081419624215,239.985613999991,2.6952361598600403,0.46955462769659007
240.09630399998667,3.0327921777352493,0.17484342379958245,240.18290299999092,2.698022065175631,0.46711899791231737
240.31773099998662,2.919662728456786,0.2576548364648573,240.51806099999095,2.717085757422875,0.4451983298538623
240.5686879999867,2.8872564819010105,0.29418928322894916,240.76300699999092,2.7620652585835597,0.4062282533054975
240.81662499998671,2.9285634998722525,0.250347947112039,240.95971199999082,2.8384053510961564,0.33803061934585943
241.0866179999866,3.0179381147027513,0.18215031315240077,241.20145199999078,2.939801282810532,0.24304105775922058
241.38464899998655,3.1213089932613496,0.12056367432150315,241.58823099999074,3.04537101168062,0.16510090466249125
241.67223499998653,3.206827617877527,0.0720250521920668,241.77690799999058,3.127398213547422,0.11743215031315236
241.9441339999865,3.254768730356158,0.04540709812108556,241.99090299999042,3.099470415578693,0.1315240083507307
242.2191579999863,3.260222625508211,0.03914405010438415,242.2108989999903,2.7573003443659374,0.4086638830897703
242.42511099998615,3.223406658295053,0.0594989561586639,242.4189699999902,2.3422311883180513,0.7374739039665971
242.67010999998615,3.144493790140749,0.10803757828810016,242.6899759999901,1.9635694241296915,0.9999999999999999
242.95505599998603,3.025200092958254,0.179714683368128,242.93496499999011,1.6428265341248316,0.9999999999999999
243.25972699998593,2.8721851908471363,0.29906054279749483,243.2163959999901,1.3782896242997345,0.9999999999999999
243.4925049999859,2.6984686982014785,0.46711899791231737,243.4539639999901,1.1627048116716678,0.9999999999999999
243.66761499998583,2.530360259327162,0.598643006263048,243.66637399999,0.9882854083900248,0.9999999999999999
243.91700699998583,2.399658553228344,0.6936325678496869,243.90736299999,0.8482618137147511,0.9999999999999999
244.23293799998592,2.3361549394735084,0.7423451635351427,244.16736599999,0.7373094329873956,0.9999999999999999
244.42241999998583,2.358457417194627,0.727731384829506,244.34283499998983,0.651936405750341,0.9999999999999999
244.74561699998574,2.4639371400063177,0.6400487125956854,244.57090999998988,0.5916033673494528,0.9999999999999999
245.0085879999857,2.621538632319048,0.5133959638135004,244.80539999998982,0.561732226088285,0.9999999999999999
245.21796699998552,2.7827322248798763,0.38674321503131526,245.05897199998984,0.5792518928435506,0.9999999999999999
245.53284799998545,2.9026387949849877,0.27470424495476686,245.36036199998986,0.6567324922334595,0.9999999999999999
245.84014099998538,2.9549593737422994,0.23573416840640227,245.59472999998988,0.7345731085680535,0.9999999999999999
246.12656499998525,2.9349385794516496,0.2479123173277661,245.88228099998975,0.7854835883492821,0.9999999999999999
246.3501499999852,2.8126969894603686,0.3502087682672234,246.12341099998966,0.8195228880541714,0.9999999999999999
246.50158899998522,2.4955071949485426,0.6278705636743215,246.3806929999896,0.8482716312030592,0.9999999999999999
246.68337599998503,2.1871976249731633,0.876304801670146,246.62981999998965,0.8796379912785235,0.9999999999999999
246.95840099998483,1.9418238625875424,0.9999999999999999,246.88294999998948,0.9161042494158584,0.9999999999999999
247.2683609999847,1.7494170372652995,0.9999999999999999,247.14767099998946,0.9563214832610571,0.9999999999999999
247.49796199998445,1.5976549406850782,0.9999999999999999,247.34968499998928,0.996330295109929,0.9999999999999999
247.67834199998453,1.4771070666014614,0.9999999999999999,247.61559099998928,1.032454501288458,0.9999999999999999
247.8763879999844,1.3809482314185364,0.9999999999999999,247.8111799999892,1.0671547870685911,0.9999999999999999
248.1883129999843,1.3052671696334717,0.9999999999999999,248.0206909999891,1.1105855236857138,0.9999999999999999
248.56140999998425,1.2487440065592288,0.9999999999999999,248.29308899998904,1.1796204180977443,0.9999999999999999
248.6990129999843,1.2128873305452352,0.9999999999999999,248.51757699998896,1.2944244881004703,0.9999999999999999
249.0839109999842,1.2027472369763672,0.9999999999999999,248.8130659999889,1.4707795227473779,0.9999999999999999
249.21597099998414,1.2281095288456785,0.9999999999999999,249.07404399998887,1.7085200221711152,0.9999999999999999
249.37186899998423,1.296341806253932,0.9999999999999999,249.26060499998883,1.9822857613893279,0.9999999999999999
249.68395299998426,1.3908983419051433,0.9999999999999999,249.5305899999888,2.250804876751681,0.8227209464161449
249.98270099998413,1.4835922682138512,0.9999999999999999,249.77610799998874,2.4832244202136233,0.6327418232428671
250.24228599998386,1.5707774313685448,0.9999999999999999,250.04268899998866,2.671866273676673,0.4817327766179541
250.45201199998365,1.6630264731331166,0.9999999999999999,250.28344899998865,2.8207514025180918,0.3502087682672234
250.63880799998347,1.7696371982754369,0.9999999999999999,250.54536899998863,2.9257012338756896,0.250347947112039
250.88266499998338,1.8951425022316288,0.9999999999999999,250.7505079999886,2.973401740892983,0.22599164926931103
251.08776799998338,2.0416887110558166,0.9812108559498955,250.98490199998852,2.9576955721598877,0.23573416840640227
251.3406859999833,2.210755228773202,0.8575156576200417,251.23746299998834,2.8931783440969747,0.2917536534446764
251.67877599998326,2.403566567304515,0.6911969380654142,251.4938819999883,2.8044833294417946,0.355080027835769
251.83878299998307,2.6174586489021907,0.5158315935977732,251.77183899998823,2.714463122895902,0.447633959638135
252.08770799998294,2.838257215234436,0.33803061934585943,252.0138619999881,2.640741831062031,0.5036534446764092
252.35240299998284,3.0250840796938308,0.179714683368128,252.25641799998803,2.5934279994718614,0.5353166318719554
252.57719499998282,3.091013382569197,0.1346555323590814,252.49982999998795,2.570395282276694,0.5499304105775922
252.84318099998265,2.9166951819467126,0.2625260960334029,252.7399499999878,2.559375898747698,0.57428670842032
253.09559799998252,2.5814449057914466,0.5450591510090467,252.98723999998785,2.544520928362156,0.5815935977731385
253.3467349999824,2.3382270683722823,0.7399095337508699,253.2123559999878,2.518048155626022,0.6059498956158663
253.68138899998226,2.202519643844481,0.8637787056367432,253.47835199998772,2.4869971020874218,0.6303061934585943
253.9481429999821,2.1468528783624445,0.9138830897703548,253.72973599998772,2.468072459954062,0.6400487125956854
254.18058199998197,2.1348916737527572,0.9201461377870562,254.0151889999878,2.477347774467682,0.6351774530271398
254.38029699998182,2.133345221857697,0.9217118997912316,254.23968199998777,2.5228259857540514,0.598643006263048
254.63720299998167,2.12178190109653,0.9264091858037578,254.47776499998767,2.5990079634475394,0.5304453723034099
254.97012899998154,2.0959158283691752,0.9436325678496869,254.72917899998768,2.6879425347556527,0.4719902574808629
255.1511679999814,2.062224720061084,0.970250521920668,254.95307099998763,2.7664384294869957,0.39405010438413357
255.41265799998123,2.026319937640867,0.992171189979123,255.20564099998768,2.8150581894035476,0.3502087682672234
255.6952379999811,1.9767320962387671,0.9999999999999999,255.44819599998766,2.8246524874681325,0.3502087682672234
255.96252499998107,1.9005397803822053,0.9999999999999999,255.69158199998765,2.8060826921746855,0.355080027835769
256.14766899998097,1.8765993849632212,0.9999999999999999,255.95901299998764,2.787247504996909,0.38430758524704245
256.3115099999808,2.060222080919658,0.9718162839248433,256.1896599999876,2.7968120807308794,0.3672581767571329
256.54249299998077,2.4113857153292764,0.6814544189283229,256.44103499998755,2.843256732300327,0.3307237299930411
256.76000799998076,2.805816774051012,0.355080027835769,256.68655399998755,2.9058851453271357,0.2698329853862213
257.00055999998074,3.1725547194336325,0.08611691022964506,256.9315189999876,2.949563676987956,0.23816979819067502
257.2150399999807,3.4853783110106207,0.0,257.20504199998754,2.953856253827793,0.23573416840640227
257.4310289999807,3.738623153667134,0.0,257.4381469999875,2.9265813004113777,0.250347947112039
257.70308499998083,3.93474339040994,0.0,257.6750609999874,2.891670254478497,0.2917536534446764
257.97743699998074,4.078707444285552,0.0,257.96145199998733,2.875888420445282,0.29906054279749483
258.28051899998064,4.175209607135492,0.0,258.1795319999873,2.902682794248289,0.27470424495476686
258.60244799998054,4.22714860668675,0.0,258.4314199999874,2.9833325347112005,0.2113778705636743
258.76158699998035,4.234314418689712,0.0,258.6860069999874,3.1068458289005685,0.12995824634655526
259.0285669999802,4.190787641874669,0.0,258.9109699999874,3.245305030683011,0.04853862212943635
259.2964909999803,4.0776888235126965,0.0,259.19802499998735,3.3665774395903787,0.0
259.4883019999801,3.8579790104195393,0.0,259.4059499999873,3.445502026618043,0.0
259.75488199998006,3.592624392832881,0.0,259.66901899998726,3.48193903048016,0.0
260.04747699997995,3.476588128114165,0.0,259.9139829999872,3.493287769332902,0.0
260.2813149999798,3.4570161802346715,0.0,260.1523199999872,3.488988460891493,0.0
260.58427099997965,3.4987311519384408,0.0,260.41989499998715,3.459853046702166,0.0
260.7508479999795,3.568377363443987,0.0,260.65701499998715,3.392916925207538,0.0
260.96324199997935,3.6361925110835664,0.0,260.896870999987,3.289012591119235,0.023486430062630455
261.23777199997926,3.6751445344110154,0.0,261.14829799998694,3.159733933191206,0.09551148225469726
261.4677949999792,3.663881320221452,0.0,261.3907089999868,3.0230853982952484,0.179714683368128
261.66277899997914,3.5926951892241217,0.0,261.63788499998685,2.9000415624479334,0.2771398747390396
261.91163399997913,3.4647535088370995,0.0,261.8842099999869,2.8002728203176552,0.3599512874043145
262.2497119999793,3.2959551230991484,0.02035490605427975,262.13318599998684,2.714565151189076,0.447633959638135
262.4801779999794,3.1084809784718956,0.1283924843423799,262.3872489999869,2.6217169111307057,0.5133959638135004
262.69158999997944,2.924721834222261,0.250347947112039,262.6331629999872,2.503858781774814,0.6205636743215032
262.89282999997965,2.7632425646681718,0.4037926235212248,262.87171699998703,2.3586996758587797,0.727731384829506
263.1741199999797,2.6351551498112977,0.5085247042449547,263.12657599998704,2.195849039053799,0.8700417536534446
263.49074999998,2.5471699228108027,0.5815935977731385,263.3752599999867,2.02686135079736,0.992171189979123
263.71367999998006,2.5085808863334274,0.6132567849686847,263.62169499998686,1.8611400401582558,0.9999999999999999
264.02574199998014,2.5246804713626796,0.598643006263048,263.86510199998685,1.7066241949150731,0.9999999999999999
264.2431679999805,2.591136025048737,0.5377522616562282,264.12076099998706,1.5708748286958285,0.9999999999999999
264.4868569999808,2.692077806901169,0.46955462769659007,264.3650829999871,1.4620791886682039,0.9999999999999999
264.6887529999811,2.80499805223281,0.355080027835769,264.6097089999873,1.388517132384675,0.9999999999999999
264.9997809999812,2.9126818635296265,0.26496172581767563,264.8750609999872,1.354748483766988,0.9999999999999999
265.24262199998134,3.001977391020471,0.18945720250521922,265.10454399998747,1.357166733567367,0.9999999999999999
265.42093099998164,3.0616061997218864,0.15779401530967294,265.3486109999876,1.3827675703914224,0.9999999999999999
265.6359069999815,3.088049372801137,0.13935281837160746,265.6280979999875,1.4144729485773835,0.9999999999999999
265.82894999998155,3.0841751913942606,0.14561586638830895,265.85967699998764,1.442263880004245,0.9999999999999999
266.07331699998156,3.0588964234127305,0.16266527487821847,266.0940699999877,1.4624197216707144,0.9999999999999999
266.35186599998167,3.0271233979045684,0.179714683368128,266.34666199998776,1.47421244714888,0.9999999999999999
266.57942799998176,3.0046773768378525,0.18702157272094644,266.59610399998786,1.4788967747858817,0.9999999999999999
266.8288939999819,2.9923977876064507,0.20407098121085598,266.8415769999881,1.4783834299904874,0.9999999999999999
267.1118339999821,2.9715197040474375,0.22599164926931103,267.0855559999883,1.4778129211862907,0.9999999999999999
267.38440699998205,2.921949261999672,0.2527835768963118,267.3363909999883,1.4850571515224273,0.9999999999999999
267.63645099998206,2.8378911602323322,0.33803061934585943,267.57900499998834,1.5095639135084116,0.9999999999999999
267.88348999998186,2.724854434750918,0.4427627000695894,267.82753999998846,1.5585425134704085,0.9999999999999999
268.1217839999818,2.593229455003826,0.5377522616562282,268.10556799998835,1.630168252456198,0.9999999999999999
268.35677299998184,2.453941577288121,0.6522268615170496,268.34699999998844,1.715310492766201,0.9999999999999999
268.55724199998207,2.313821132890867,0.7593945720250523,268.5734169999885,1.8001461066529898,0.9999999999999999
268.8391839999821,2.1765092612367902,0.8919624217118998,268.8189139999887,1.8712795670376359,0.9999999999999999
269.06429899998204,2.0461813393525965,0.9812108559498955,269.06744899998887,1.9194561690735372,0.9999999999999999
269.294770999982,1.9268685931636806,0.9999999999999999,269.31180099998903,1.9399292600789846,0.9999999999999999
269.5476909999821,1.8214508224469261,0.9999999999999999,269.55743099998915,1.9395525047729794,0.9999999999999999
269.7876839999824,1.73150374877882,0.9999999999999999,269.81341899998915,1.9321815101183895,0.9999999999999999
270.0742859999826,1.6570861607119434,0.9999999999999999,270.0817459999894,1.9246190425950478,0.9999999999999999
270.3142309999826,1.5944943890142724,0.9999999999999999,270.3053189999896,1.9159869369491473,0.9999999999999999
270.5736449999829,1.5368809185054706,0.9999999999999999,270.55010399998974,1.9033018414649887,0.9999999999999999
270.802631999983,1.4805637004798018,0.9999999999999999,270.8066569999898,1.8858804385430104,0.9999999999999999
271.03312899998315,1.4279542133388272,0.9999999999999999,271.04728499999015,1.8675178141403435,0.9999999999999999
271.27259599998325,1.3849927655592589,0.9999999999999999,271.3067399999901,1.854900375930931,0.9999999999999999
271.5206389999834,1.3600053350289856,0.9999999999999999,271.5521349999902,1.8559085901195618,0.9999999999999999
271.7685759999835,1.36405365988536,0.9999999999999999,271.7907109999903,1.8759780525362064,0.9999999999999999
272.0190549999836,1.4068675127304828,0.9999999999999999,272.03404999999054,1.9161352420165385,0.9999999999999999
272.26423099998357,1.4868081332942298,0.9999999999999999,272.28923599999075,1.973891096515511,0.9999999999999999
272.51098199998376,1.5848448556431918,0.9999999999999999,272.5580909999908,2.045968164469218,0.9812108559498955
272.7565939999839,1.6736276750356267,0.9999999999999999,272.79600799999076,2.125582740283171,0.923277661795407
273.02016999998403,1.7312554854279774,0.9999999999999999,273.02598599999106,2.2041046590499396,0.8622129436325678
273.2804879999841,1.750216517926239,0.9999999999999999,273.28353599999105,2.2713568587732356,0.7910577592205986
273.49655899998425,1.737690782169618,0.9999999999999999,273.52321499999096,2.316655644494749,0.7545233124565067
273.7534759999841,1.706080047945648,0.9999999999999999,273.76914399999083,2.3309721832119106,0.7496520528879612
273.9941079999841,1.6660804678166905,0.9999999999999999,274.0265729999907,2.3071460049798937,0.7593945720250523
274.24089699998393,1.6258002730129364,0.9999999999999999,274.2720179999909,2.2435102186772387,0.8275922059846904
274.4949149999842,1.5890097350021586,0.9999999999999999,274.53201599999096,2.1457966386988745,0.9138830897703548
274.74490499998427,1.5544307204388141,0.9999999999999999,274.7658449999911,2.029039557404214,0.992171189979123
274.99604399998407,1.5183077387959005,0.9999999999999999,275.01584399999126,1.9129006893589033,0.9999999999999999
275.2743989999838,1.4814722728009337,0.9999999999999999,275.2669979999912,1.815799465444162,0.9999999999999999
275.4943739999836,1.451343902635762,0.9999999999999999,275.5074359999911,1.7499911507686416,0.9999999999999999
275.7315009999839,1.4366211178845165,0.9999999999999999,275.77181499999097,1.7162754702347753,0.9999999999999999
275.98034999998384,1.4417917690720337,0.9999999999999999,276.0109309999909,1.7057496089361388,0.9999999999999999
276.23349899998374,1.4655632282057347,0.9999999999999999,276.25934199999085,1.7079678074809959,0.9999999999999999
276.5009009999839,1.5009005982637742,0.9999999999999999,276.4959959999911,1.7173357719590447,0.9999999999999999
276.7352669999839,1.53776715292807,0.9999999999999999,276.7518509999913,1.7322816382772057,0.9999999999999999
276.96590199998377,1.5701931211021805,0.9999999999999999,276.9959659999912,1.7543604573456957,0.9999999999999999
277.2218879999837,1.6033311727057575,0.9999999999999999,277.2392909999913,1.7852083217423584,0.9999999999999999
277.4586769999837,1.6501390115107948,0.9999999999999999,277.49024499999126,1.8265243342115112,0.9999999999999999
277.7082839999836,1.7199777793092346,0.9999999999999999,277.74382099999127,1.8809804722213728,0.9999999999999999
277.9612139999839,1.8122578071418713,0.9999999999999999,277.9838109999913,1.950293345390913,0.9999999999999999
278.3177879999839,1.915370521681401,0.9999999999999999,278.22968399999127,2.036901719761177,0.9843423799582462
278.543775999984,2.009171889004195,0.9999999999999999,278.4782559999913,2.1496763539845087,0.9123173277661795
278.810666999984,2.0723692731110352,0.9671189979123173,278.7211459999914,2.3041915031636973,0.761830201809325
279.0721649999841,2.0904534802636503,0.9498956158663883,278.97513099999145,2.515809690208122,0.6083855254001391
279.2568129999845,2.060983657061791,0.9718162839248433,279.2241949999917,2.796529249644682,0.3672581767571329
279.4486689999846,1.993815338477662,0.9999999999999999,279.4675309999918,3.1373052654136693,0.11430062630480166
279.69455399998486,1.9082102277810415,0.9999999999999999,279.7191439999919,3.507006846444379,0.0
279.9445369999851,1.8276539725622538,0.9999999999999999,279.965555999992,3.8594688964897124,0.0
280.188522999985,1.7734660376555573,0.9999999999999999,280.22777999999215,4.122401856974838,0.0
280.4345129999851,1.7549267647651692,0.9999999999999999,280.46269699999215,4.206436930889241,0.0
280.6817149999853,1.766340367793314,0.9999999999999999,280.72461599999235,4.080406846741406,0.0
280.9238489999852,1.7944922231193037,0.9999999999999999,280.95770899999246,3.799910466755884,0.0
281.1787019999852,1.8273364406566175,0.9999999999999999,281.2107239999926,3.44993253966201,0.0
281.4216119999853,1.860537265719694,0.9999999999999999,281.4574779999926,3.097653561582795,0.1315240083507307
281.6830209999855,1.8962009813959737,0.9999999999999999,281.6940749999926,2.7839314008560345,0.38674321503131526
281.9195899999855,1.937302145511724,0.9999999999999999,281.94941999999264,2.5303094131591006,0.598643006263048
282.17108399998557,1.981001052655483,0.9999999999999999,282.1925689999926,2.3454474815301833,0.7326026443980515
282.4095679999854,2.0179548976918213,0.9953027139874738,282.4445299999926,2.2281791865818708,0.8348990953375087
282.6729859999857,2.034838179445158,0.9843423799582462,282.7020159999927,2.167080629033027,0.8982254697286012
282.92247599998564,2.0204622946127797,0.9937369519832984,282.9293069999929,2.143384377289972,0.9154488517745302
283.1756539999856,1.9705074769181898,0.9999999999999999,283.18799399999284,2.1388126189652845,0.9201461377870562
283.41105399998565,1.8902823840342147,0.9999999999999999,283.437837999993,2.144652019329075,0.9138830897703548
283.65598999998565,1.795324287708897,0.9999999999999999,283.6852789999932,2.162868063532139,0.9044885177453027
283.9043769999857,1.7055409714318448,0.9999999999999999,283.9238139999934,2.201590269934625,0.8637787056367432
284.1639809999854,1.6391581208547017,0.9999999999999999,284.1743879999934,2.26758621174975,0.7983646485734169
284.39387299998543,1.6046886979864097,0.9999999999999999,284.4243829999935,2.357638613626531,0.727731384829506
284.6714169999855,1.5996013690547657,0.9999999999999999,284.66778699999355,2.4480883656554497,0.6546624913013223
284.95346199998573,1.6164623334740913,0.9999999999999999,284.91841899999366,2.496254579143706,0.6254349338900488
285.1762259999856,1.6514580434496569,0.9999999999999999,285.16375899999366,2.470507303640713,0.6400487125956854
285.46145899998555,1.70603650335344,0.9999999999999999,285.41838899999397,2.374723346889508,0.7106819763395964
285.68284699998577,1.784956908692719,0.9999999999999999,285.66272899999393,2.2348178594526944,0.8324634655532359
285.89617999998575,1.8915348223804838,0.9999999999999999,285.90836499999386,2.0762562529146082,0.9624217118997911
286.1821669999856,2.023358602602516,0.9937369519832984,286.1522669999941,1.9166274993422991,0.9999999999999999
286.3772989999859,2.1699119939798757,0.8982254697286012,286.4102929999941,1.7674739060965194,0.9999999999999999
286.6221329999863,2.314415902211471,0.7569589422407795,286.6483129999943,1.6363985415976345,0.9999999999999999
286.8746839999863,2.439588053607146,0.6595337508698679,286.8983089999942,1.5282103699741476,0.9999999999999999
287.1312469999862,2.536591826621156,0.5937717466945025,287.14364099999415,1.445674407986235,0.9999999999999999
287.39633099998656,2.6107286748631333,0.5207028531663188,287.401717999994,1.3913149785201375,0.9999999999999999
287.6157549999865,2.67607920259431,0.4792971468336813,287.64044799999414,1.3696120726088554,0.9999999999999999
287.87205999998656,2.745430646411209,0.42571329157967985,287.9122089999944,1.3849193496112189,0.9999999999999999
288.1552829999865,2.82423045247788,0.3502087682672234,288.1422689999943,1.4374919883377224,0.9999999999999999
288.3660939999867,2.9135610448657214,0.26496172581767563,288.3821339999945,1.5205228237181054,0.9999999999999999
288.6741309999865,3.012555524954299,0.18458594293667369,288.6341829999946,1.6186842000879589,0.9999999999999999
288.87916999998646,3.1158661740249634,0.1252609603340292,288.8825909999947,1.7153907208093164,0.9999999999999999
289.1005579999865,3.2134491940608614,0.0657620041753653,289.13014799999496,1.7987367533990737,0.9999999999999999
289.3886759999866,3.2912418101590513,0.023486430062630455,289.37294099999497,1.861226049748296,0.9999999999999999
289.6215429999867,3.335426021974383,0.004697286012526058,289.622059999995,1.8969312449587068,0.9999999999999999
289.84910099998666,3.3349107631622408,0.004697286012526058,289.88011299999494,1.9002882192095392,0.9999999999999999
290.0960009999867,3.2857933436072226,0.026617954070981244,290.12046399999485,1.86784778810228,0.9999999999999999
290.3385919999869,3.197527024964842,0.07359081419624215,290.36400699999473,1.8044010841297975,0.9999999999999999
290.5939749999869,3.0938128618812435,0.1315240083507307,290.61199499999486,1.722351628385893,0.9999999999999999
290.86523399998697,3.0007195592525155,0.18945720250521922,290.863995999995,1.6404448455953624,0.9999999999999999
291.10504999998693,2.9400596598250024,0.24304105775922058,291.127971999995,1.5824951869377897,0.9999999999999999
291.335934999987,2.9171522199579982,0.2600904662491301,291.3584279999948,1.5712914714486053,0.9999999999999999
291.5781829999872,2.910919248001923,0.26739735560194855,291.6013379999949,1.627923709746296,0.9999999999999999
291.85256399998724,2.888710852240547,0.2917536534446764,291.8512289999951,1.7675993210688745,0.9999999999999999
292.0830279999873,2.8309236743685497,0.34533750869867774,292.10123899999513,1.9883051325847259,0.9999999999999999
292.34737699998755,2.7370793724421447,0.4330201809324983,292.3431599999953,2.2531492049268085,0.8202853166318721
292.56847999998763,2.616553861393093,0.5158315935977732,292.59201399999546,2.4900247256885653,0.6303061934585943
292.8137559999878,2.481241886079184,0.6351774530271398,292.8412129999957,2.631727776384589,0.5085247042449547
293.0773129999877,2.341331007779379,0.7374739039665971,293.08553899999555,2.665662592370079,0.4841684064022269
293.32728199998786,2.2028305155700627,0.8637787056367432,293.3422329999957,2.633266660993182,0.5085247042449547
293.56726199998764,2.067360048069192,0.9686847599164926,293.58461699999566,2.5976449968372908,0.5304453723034099
293.8322449999878,1.9367040147583285,0.9999999999999999,293.8292059999956,2.6146597354192833,0.5158315935977732
294.05632499998785,1.81596023684554,0.9999999999999999,294.07648899999543,2.716435946229766,0.4451983298538623
294.31834499998797,1.7129229444164407,0.9999999999999999,294.32953499999553,2.9081091325532498,0.2698329853862213
294.5421829999879,1.6357925180441075,0.9999999999999999,294.57951999999557,3.16815932657794,0.08768267223382041
294.83626199998815,1.59143785869483,0.9999999999999999,294.83143599999573,3.451070447618244,0.0
295.0796029999882,1.583584290107177,0.9999999999999999,295.0690079999958,3.701342033294087,0.0
295.3055839999883,1.6118584598152883,0.9999999999999999,295.3180879999959,3.8763072364978077,0.0
295.5895829999886,1.6709288195028593,0.9999999999999999,295.5845449999959,3.9559805398034498,0.0
295.8047669999886,1.7470211910438476,0.9999999999999999,295.81803999999596,3.943473687038198,0.0
296.06407799998874,1.8167949298021344,0.9999999999999999,296.066411999996,3.85688235410257,0.0
296.3114949999888,1.855037529855461,0.9999999999999999,296.322364999996,3.715661604351742,0.0
296.54151099998876,1.8493530727107088,0.9999999999999999,296.5549239999961,3.5405925433506127,0.0
296.8090279999888,1.8070101545932837,0.9999999999999999,296.80232999999635,3.3549596414930423,0.0
297.05544899998904,1.7493652404238267,0.9999999999999999,297.05489799999646,3.1784905953341895,0.0845511482254697
297.2994839999889,1.7036550923284715,0.9999999999999999,297.29588299999637,3.029091782143289,0.17727905358385523
297.5439659999891,1.6989313780632567,0.9999999999999999,297.54533599999627,2.9182261120794815,0.2600904662491301
297.78562099998896,1.7570286830459865,0.9999999999999999,297.7903649999965,2.8402088176500015,0.3355949895615866
298.0194219999892,1.8884254643914917,0.9999999999999999,298.03969099999654,2.7755910178280625,0.39161447459986076
298.3169719999891,2.0900726154191855,0.9498956158663883,298.29223999999675,2.7102842875311124,0.45250521920668063
298.5325179999892,2.336917796428191,0.7423451635351427,298.53565299999684,2.6439111323899582,0.5036534446764092
298.82052599998894,2.5830011839239986,0.540187891440501,298.8017809999969,2.5814629620067504,0.5450591510090467
299.036432999989,2.7779444725473708,0.389178844815588,299.03963199999697,2.5306044467540905,0.598643006263048
299.278415999989,2.8913020900235678,0.2917536534446764,299.2848239999969,2.4962766130854077,0.6254349338900488
299.52481699998907,2.9216325376762975,0.25521920668058456,299.5276679999968,2.477335349875202,0.6351774530271398
299.7852679999891,2.8911301406045653,0.2917536534446764,299.7757179999971,2.468370171016482,0.6400487125956854
300.1033489999889,2.8311735240533022,0.34533750869867774,300.0247749999973,2.465812162277479,0.6400487125956854
300.405759999989,2.7678173357772318,0.39161447459986076,300.2655649999972,2.472085682452567,0.6400487125956854
300.681355999989,2.7118503401036795,0.4500695894224078,300.5312099999972,2.493324114907033,0.6303061934585943
300.93322299998937,2.659455692682098,0.4841684064022269,300.7621869999972,2.5358636071540768,0.5937717466945025
301.2043039999898,2.5999312263540086,0.5280097425191371,301.0076849999973,2.602486317280456,0.5255741127348643
301.4457189999901,2.5252245743502146,0.598643006263048,301.26217099999735,2.687972141213847,0.4719902574808629
301.6092789999908,2.433559145992521,0.6668406402226862,301.5114919999975,2.7826200883268957,0.38674321503131526
301.86312499999104,2.332252724638105,0.7496520528879612,301.7766079999973,2.881247957676562,0.2966249130132219
302.1066789999914,2.2369581619743264,0.8300278357689632,302.0106509999972,2.98387490752921,0.20894224077940152
302.3173119999915,2.1666321539989815,0.8982254697286012,302.26142199999737,3.086753873409838,0.1409185803757829
302.47869499999155,2.13531870388237,0.9201461377870562,302.50205499999714,3.177816053580546,0.0845511482254697
302.75419599999157,2.145587368190827,0.9138830897703548,302.7469999999974,3.2421125369388353,0.05167014613778705
303.00160199999164,2.1843331892894597,0.8778705636743214,302.9925079999976,3.2682563620505194,0.037578288100208794
303.22033299999185,2.2253514627762634,0.8446416144745998,303.2725739999977,3.256166370926362,0.043841336116910205
303.48815799999204,2.239953009018177,0.8275922059846904,303.49132799999785,3.2170554093069885,0.06419624217118995
303.71300099999183,2.2154793026434207,0.854384133611691,303.7458809999977,3.1652078490830116,0.08924843423799585
304.001043999992,2.158269400159851,0.906054279749478,303.98647099999783,3.1046518680044652,0.12995824634655526
304.2526619999922,2.0875322148024966,0.953027139874739,304.2328739999979,3.0237583951071354,0.179714683368128
304.562542999992,2.0247638608730956,0.9937369519832984,304.4798019999982,2.9117678731837464,0.26739735560194855
304.8462509999923,1.9861532981041674,0.9999999999999999,304.7348039999984,2.773818844488987,0.39161447459986076
305.1009569999923,1.9798323772116033,0.9999999999999999,304.9743749999984,2.628798671110725,0.5109603340292275
305.33749799999254,2.0077299978547263,0.9999999999999999,305.2307829999986,2.4947789341265665,0.6303061934585943
305.5310109999928,2.0701035031988346,0.9686847599164926,305.4738339999985,2.378190539678549,0.7009394572025052
305.7340339999928,2.165164206740235,0.8997912317327765,305.72523299999847,2.2709729125409126,0.7934933890048713
305.9748829999929,2.2905016234827973,0.774008350730689,305.97126299999854,2.1572812260429908,0.906054279749478
306.2260179999931,2.440786816207745,0.6595337508698679,306.2167099999983,2.025242098334011,0.992171189979123
306.4524159999932,2.6049267075514027,0.5231384829505916,306.47068799999823,1.8767993744164562,0.9999999999999999
306.77289099999325,2.766020284805872,0.39405010438413357,306.7198479999983,1.7247899150689436,0.9999999999999999
307.1335789999932,2.909415174459178,0.26739735560194855,306.9556359999982,1.5869736749817116,0.9999999999999999
307.43008999999347,3.0285594987614437,0.17727905358385523,307.2036869999982,1.4801351240321563,0.9999999999999999
307.65956999999366,3.1223847207884736,0.12056367432150315,307.45303899999817,1.4181495961314707,0.9999999999999999
307.87149599999424,3.0355158378568277,0.16997216423103692,307.69707999999815,1.4084106900593665,0.9999999999999999
308.06895299999456,2.6515968017001006,0.4914752957550452,307.96900799999815,1.4434875324172438,0.9999999999999999
308.27068299999485,2.231527618478238,0.8324634655532359,308.1965499999982,1.5019196107611164,0.9999999999999999
308.4906759999948,1.8631612880566846,0.9999999999999999,308.43961499999824,1.5603806345319797,0.9999999999999999
308.66177499999486,1.557273842696809,0.9999999999999999,308.6949499999986,1.6051006690204388,0.9999999999999999
308.91128199999497,1.3079770418589856,0.9999999999999999,308.9345599999986,1.6349296292195388,0.9999999999999999
309.1872579999951,1.1065728646572435,0.9999999999999999,309.1869779999987,1.6539227605173623,0.9999999999999999
309.4265969999952,0.9449060726514524,0.9999999999999999,309.4381509999988,1.6632707521366288,0.9999999999999999
309.6705769999952,0.8162516989770964,0.9999999999999999,309.6840399999987,1.6617317265157727,0.9999999999999999
309.90859699999515,0.7156848298774005,0.9999999999999999,309.9305029999986,1.6472016566030683,0.9999999999999999
310.15860799999535,0.6407800110592496,0.9999999999999999,310.17600299999884,1.6188578958758777,0.9999999999999999
310.43215699999536,0.5941619149929558,0.9999999999999999,310.43289799999906,1.5793491121124388,0.9999999999999999
310.6607639999952,0.5923718506063961,0.9999999999999999,310.6708239999992,1.5383784852391589,0.9999999999999999
310.89213399999505,0.6871705885842572,0.9999999999999999,310.94145199999934,1.510786014655211,0.9999999999999999
311.150741999995,0.9020801972475601,0.9999999999999999,311.1707759999993,1.5097129231157154,0.9999999999999999
311.39902999999504,1.1102129945179926,0.9999999999999999,311.43344899999926,1.5450899955275512,0.9999999999999999
311.630005999995,1.283041881079225,0.9999999999999999,311.65830799999935,1.6222003115031383,0.9999999999999999
311.87857099999496,1.4101784553152414,0.9999999999999999,311.9098689999995,1.7404642944561814,0.9999999999999999
312.1299859999951,1.4842852989787516,0.9999999999999999,312.1558499999996,1.8958361123033503,0.9999999999999999
312.39155299999493,1.5112339684288274,0.9999999999999999,312.40683199999967,2.0823619432075247,0.9561586638830897
312.62959599999493,1.5037817832348972,0.9999999999999999,312.6687289999996,2.2878460233121114,0.7813152400835075
312.876589999995,1.4736416617813635,0.9999999999999999,312.91422199999954,2.492346209132486,0.6303061934585943
313.1179649999951,1.4315339834916636,0.9999999999999999,313.1506419999997,2.673907961146377,0.4792971468336813
313.3979469999953,1.3879280776012597,0.9999999999999999,313.3957629999999,2.8171335487727753,0.3502087682672234
313.63985499999546,1.3514173176875313,0.9999999999999999,313.65383499999996,2.9233945412295936,0.250347947112039
313.86984299999546,1.3292793025765313,0.9999999999999999,313.91083800000007,3.0115908810235386,0.18458594293667369
314.10826299999536,1.3309367605863205,0.9999999999999999,314.16079900000017,3.110296983860582,0.1283924843423799
314.3689039999953,1.3657597052055785,0.9999999999999999,314.39859600000045,3.241842009622731,0.05167014613778705
314.6033769999954,1.4371507419646226,0.9999999999999999,314.6445820000005,3.406362138596126,0.0
314.87627899999546,1.5354836916987569,0.9999999999999999,314.88317300000074,3.5666914041365096,0.0
315.10546499999555,1.6378388854879038,0.9999999999999999,315.1271750000011,3.6613024422432288,0.0
315.3467479999955,1.7155607552419039,0.9999999999999999,315.37812300000115,3.648485195647771,0.0
315.6569809999954,1.7465616538933584,0.9999999999999999,315.62457700000107,3.531469899914531,0.0
315.85073099999545,1.7240729907185794,0.9999999999999999,315.8731270000013,3.3416402666423384,0.0015657620041753526
316.09375999999554,1.6530036473998941,0.9999999999999999,316.1324620000014,3.1173551381133136,0.1252609603340292
316.34412599999536,1.5463640874885578,0.9999999999999999,316.3861470000013,2.8926125653689794,0.2917536534446764
316.59132199999533,1.4241720436123029,0.9999999999999999,316.6109930000012,2.691002071265448,0.46955462769659007
316.8373219999954,1.308485384855067,0.9999999999999999,316.86498300000125,2.530531382890177,0.598643006263048
317.0812819999955,1.2153413843221008,0.9999999999999999,317.1140380000012,2.4245301591591764,0.6741475295755045
317.3400799999955,1.1507389442603024,0.9999999999999999,317.3849790000011,2.3814329342251477,0.7009394572025052
317.59162699999564,1.1131579344321363,0.9999999999999999,317.6059380000011,2.405197836510629,0.6911969380654142
317.82408299999554,1.0960221190605313,0.9999999999999999,317.8523780000011,2.497154908693078,0.6254349338900488
318.0736069999955,1.0912119632501593,0.9999999999999999,318.12449600000105,2.653760593681157,0.4866040361864996
318.35201499999545,1.0918501752384497,0.9999999999999999,318.3559190000011,2.862105808804049,0.30393180236604034
318.57515899999544,1.0933301932858088,0.9999999999999999,318.5944420000011,3.095707702340178,0.1315240083507307
318.8140039999956,1.092883391759991,0.9999999999999999,318.8508330000013,3.3149364974549775,0.009394572025052199
319.05999199999593,1.0900814666811756,0.9999999999999999,319.091820000001,3.4827152346531838,0.0
319.31420999999625,1.0870878385217388,0.9999999999999999,319.351441000001,3.580802745329101,0.0
319.5659589999961,1.087605791393202,0.9999999999999999,319.58486000000096,3.61012191538888,0.0
319.8115659999961,1.0952891588561884,0.9999999999999999,319.84225700000104,3.582936751656993,0.0
320.05553299999616,1.1137127708822396,0.9999999999999999,320.08690400000086,3.514281324164043,0.0
320.2999079999962,1.1457946882318035,0.9999999999999999,320.33173300000084,3.4168023595324626,0.0
320.5439369999963,1.192842280972077,0.9999999999999999,320.5877260000008,3.2976603593582388,0.02035490605427975
320.7958769999963,1.2536428254486616,0.9999999999999999,320.8283920000008,3.161499655248165,0.0939457202505219
321.0434239999964,1.3241206049134666,0.9999999999999999,321.07529000000073,3.022066818258716,0.179714683368128
321.3219989999964,1.3989080238731302,0.9999999999999999,321.3207680000007,2.9058411305597023,0.2698329853862213
321.5534339999963,1.4730026064170565,0.9999999999999999,321.5701280000009,2.838691051712883,0.3355949895615866
321.79249699999633,1.5432229887849347,0.9999999999999999,321.82921700000094,2.8322929804875345,0.34533750869867774
322.04246099999636,1.6089587881085905,0.9999999999999999,322.05920300000093,2.8770794924761587,0.29906054279749483
322.28386799999623,1.6684519824823962,0.9999999999999999,322.30926200000084,2.946080639941515,0.23816979819067502
322.5464459999964,1.712465871370422,0.9999999999999999,322.5620870000008,3.0043655630824597,0.18702157272094644
322.78985199999653,1.7287524246278818,0.9999999999999999,322.80757400000067,3.0239487513475245,0.179714683368128
323.02896299999674,1.7169522039813205,0.9999999999999999,323.05666100000064,2.9962085055152192,0.2016353514265832
323.2818689999969,1.6935793391094287,0.9999999999999999,323.30609200000094,2.9321949619241567,0.2479123173277661
323.52531899999707,1.6797657706609914,0.9999999999999999,323.5506310000008,2.8548110019072173,0.3161099512874044
323.77298299999705,1.6907106776197396,0.9999999999999999,323.8035160000009,2.7894252035350835,0.37943632567849694
324.0142719999971,1.7305650003153477,0.9999999999999999,324.06470100000115,2.7538767123701104,0.4135351426583159
324.2628089999973,1.7911948590407991,0.9999999999999999,324.28706700000106,2.7510306935403044,0.4135351426583159
324.51729099999744,1.8545863442314068,0.9999999999999999,324.5410500000011,2.769308863857238,0.39161447459986076
324.76278599999733,1.8984346617037076,0.9999999999999999,324.79589900000104,2.7893448468814945,0.37943632567849694
325.0037639999975,1.9083690206163388,0.9999999999999999,325.0434500000008,2.7940831603097727,0.3696938065414057
325.2661709999974,1.8870683620949191,0.9999999999999999,325.2834420000009,2.773368420157919,0.39161447459986076
325.5018319999976,1.853883622956829,0.9999999999999999,325.5274840000011,2.7262340043846804,0.4427627000695894
325.75930199999766,1.8390113493369546,0.9999999999999999,325.7790550000008,2.6610376941624314,0.4841684064022269
325.9975619999975,1.875282430187247,0.9999999999999999,326.0244480000009,2.5926166876447834,0.5377522616562282
326.2407619999976,1.9907175715045813,0.9999999999999999,326.2709590000009,2.5385934294766748,0.5913361169102297
326.5007419999976,2.2030883651735365,0.8637787056367432,326.525012000001,2.512211174852346,0.610821155184412
326.7431409999974,2.5105381727340617,0.6132567849686847,326.7738450000009,2.5111839805211917,0.6132567849686847
327.00006299999717,2.8829026214643414,0.29418928322894916,327.0224260000009,2.513427111986951,0.6083855254001391
327.23772399999723,3.2632787797176235,0.03914405010438415,327.26934000000085,2.4930206002379585,0.6303061934585943
327.4890749999975,3.5889268581290343,0.0,327.512396000001,2.4429948974565776,0.6570981210855951
327.72505699999755,3.8160526822235106,0.0,327.76171800000105,2.3764722366095925,0.703375086986778
327.97660599999756,3.924553119583088,0.0,328.0102680000012,2.3120989197553654,0.7593945720250523
328.22339299999777,3.9159058456631612,0.0,328.26384800000136,2.263019313033272,0.808107167710508
328.4733739999977,3.804196173789213,0.0,328.50975100000153,2.2341565042427964,0.8324634655532359
328.7193099999977,3.6106787011956567,0.0,328.75135100000153,2.2229920187736023,0.8528183716075156
328.9844319999977,3.360990327353876,0.0,329.00119900000146,2.219696177951075,0.8528183716075156
329.2198779999977,3.0867820830619146,0.1409185803757829,329.2516540000014,2.209451397495479,0.859081419624217
329.4612789999978,2.8221911953941174,0.3502087682672234,329.5211360000014,2.178454765867013,0.888830897703549
329.70581699999786,2.5935572298193614,0.5353166318719554,329.74419400000136,2.1236097936045972,0.9248434237995824
329.9572429999982,2.419763516444631,0.6790187891440501,329.98666800000143,2.0549208511795842,0.9749478079331941
330.2257929999983,2.310639422373441,0.7593945720250523,330.2515750000015,1.9871831147646164,0.9999999999999999
330.45645499999847,2.2602531357580644,0.808107167710508,330.4835100000015,1.9328849214681374,0.9999999999999999
330.6983369999986,2.24952198669434,0.8227209464161449,330.73670200000157,1.8948041074934467,0.9999999999999999
330.94783499999886,2.255000529850984,0.8178496868475993,330.9786340000015,1.8650387020640928,0.9999999999999999
331.1987869999989,2.2588079544566684,0.8154140570633266,331.23607400000145,1.8301562551630093,0.9999999999999999
331.43928699999896,2.254291146793996,0.8178496868475993,331.4820520000015,1.7828091489745703,0.9999999999999999
331.716364999999,2.2469611992929703,0.8227209464161449,331.7241300000015,1.7242755946371144,0.9999999999999999
331.94668799999926,2.2471924876118017,0.8227209464161449,331.96958100000137,1.663352231642315,0.9999999999999999
332.20666899999935,2.2667182806567783,0.8032359081419624,332.2185860000014,1.6146683725793354,0.9999999999999999
332.45280299999945,2.3174244778390602,0.7545233124565067,332.4674880000017,1.5940777309677383,0.9999999999999999
332.6806849999993,2.401661097358663,0.6911969380654142,332.730046000002,1.6142556217095714,0.9999999999999999
332.9366219999993,2.5018183925309234,0.6205636743215032,332.9625920000022,1.679162585061917,0.9999999999999999
333.1786899999995,2.5800414573201804,0.5450591510090467,333.20742600000244,1.7822496797080467,0.9999999999999999
333.4341619999995,2.5952943585966386,0.5353166318719554,333.45449900000256,1.9111767812858684,0.9999999999999999
333.67301699999945,2.526646213201486,0.598643006263048,333.70190800000273,2.0541862170069276,0.9749478079331941
333.93155599999994,2.382972951134085,0.7009394572025052,333.95046400000297,2.1986419229911207,0.8653444676409185
334.161532,2.1916909211649926,0.8747390396659707,334.1993140000031,2.326590184716285,0.752087682672234
334.4169920000002,1.9819580732638282,0.9999999999999999,334.4433660000032,2.4135237843210824,0.6814544189283229
334.6624970000003,1.7787097269976244,0.9999999999999999,334.69641400000313,2.44033629794911,0.6595337508698679
334.9095610000003,1.6009474081065918,0.9999999999999999,334.9384450000031,2.400588195010013,0.6936325678496869
335.15104400000024,1.463297730827262,0.9999999999999999,335.19243400000306,2.2994549388426293,0.7667014613778707
335.4040460000003,1.3775556798711008,0.9999999999999999,335.4453410000032,2.155237761610381,0.9091858037578288
335.6574340000004,1.3508781163478494,0.9999999999999999,335.6827650000032,1.9923756328253668,0.9999999999999999
335.90098500000016,1.3842196998043608,0.9999999999999999,335.9458360000032,1.835442877992556,0.9999999999999999
336.14741300000026,1.4723319025532535,0.9999999999999999,336.1763040000034,1.702900856862081,0.9999999999999999
336.3971110000003,1.604950437026071,0.9999999999999999,336.4358370000034,1.6028083059554037,0.9999999999999999
336.6699480000005,1.7700730932548399,0.9999999999999999,336.6711380000033,1.5340576716404692,0.9999999999999999
336.9123680000006,1.9540665282906668,0.9999999999999999,336.9286940000034,1.4919628684941502,0.9999999999999999
337.13990800000056,2.1387652907337644,0.9201461377870562,337.18915900000354,1.470097068331003,0.9999999999999999
337.38882800000073,2.296967827280629,0.7691370911621433,337.42867700000346,1.4596398155644705,0.9999999999999999
337.64188300000075,2.3965250614617055,0.6936325678496869,337.67721200000364,1.4509569561487379,0.9999999999999999
337.91635100000093,2.4236069974811674,0.6741475295755045,337.9166860000035,1.4338464600994656,0.9999999999999999
338.136862000001,2.395393703115705,0.6936325678496869,338.1666760000036,1.39879787522089,0.9999999999999999
338.384265000001,2.344316004416783,0.7326026443980515,338.4126420000037,1.342053749479542,0.9999999999999999
338.7042530000009,2.296320499130434,0.7691370911621433,338.65357100000364,1.2665733753994572,0.9999999999999999
339.05305700000133,2.2652562210146767,0.8056715379262352,338.90612800000366,1.1802281808317858,0.9999999999999999
339.2243310000015,2.2565377731146112,0.8178496868475993,339.1612190000039,1.0925802679540721,0.9999999999999999
339.38579200000186,2.2733459473926656,0.7910577592205986,339.4050020000042,1.010781553279157,0.9999999999999999
339.61277900000204,2.3195755815051076,0.7545233124565067,339.6430940000043,0.9401504821882749,0.9999999999999999
339.87083100000206,2.4005375837114427,0.6936325678496869,339.89550000000446,0.8846041438969503,0.9999999999999999
340.11221400000204,2.5213000189629025,0.6035142658315935,340.15051800000447,0.8469903236093046,0.9999999999999999
340.3672600000019,2.681903219056477,0.4768615170494086,340.40804800000467,0.8315046419387713,0.9999999999999999
340.6081840000021,2.8693478213250705,0.3014961725817676,340.64094500000476,0.8435807825049597,0.9999999999999999
340.86318100000227,3.0514459907327875,0.16510090466249125,340.8965520000051,0.887643797656812,0.9999999999999999
341.12409300000223,3.1876629039174293,0.0782881002087683,341.13688400000547,0.9607858380863832,0.9999999999999999
341.34716800000234,3.262169425943418,0.03914405010438415,341.38287200000536,1.0491531930584013,0.9999999999999999
341.59650700000236,3.293636381329762,0.023486430062630455,341.62706600000536,1.1314065772810322,0.9999999999999999
341.8486410000026,3.3091985935419874,0.012526096033402904,341.8779760000053,1.187357492357283,0.9999999999999999
342.09003900000266,3.323049310863824,0.004697286012526058,342.12282000000516,1.2087768656844309,0.9999999999999999
342.3476100000026,3.335290537349285,0.004697286012526058,342.38088700000526,1.201758113160067,0.9999999999999999
342.59101800000263,3.338580033859314,0.0031315240083507052,342.6263580000052,1.1830590212128063,0.9999999999999999
342.8424480000027,3.324066609650428,0.004697286012526058,342.8668310000052,1.1769356093001018,0.9999999999999999
343.0859850000028,3.2850563412108587,0.026617954070981244,343.1108240000053,1.211214177257838,0.9999999999999999
343.32497400000267,3.21955484333393,0.0626304801670146,343.3663550000054,1.3086590686623185,0.9999999999999999
343.57839900000295,3.136548920650206,0.11430062630480166,343.6103690000055,1.483297116974857,0.9999999999999999
343.82236900000305,3.0621392329227883,0.15779401530967294,343.85679000000573,1.734323570874754,0.9999999999999999
344.07091900000313,3.026025592764593,0.179714683368128,344.11676800000606,2.042733511611091,0.9812108559498955
344.32751500000313,3.0437341466525405,0.16510090466249125,344.3512540000061,2.374590784074438,0.7106819763395964
344.5744730000032,3.11125525056823,0.1283924843423799,344.5993380000063,2.686410368422398,0.4719902574808629
344.8149590000034,3.2101266515673594,0.0657620041753653,344.86869500000626,2.9340643556389043,0.2479123173277661
345.0682890000034,3.3200888029024633,0.009394572025052199,345.103807000006,3.091021408596621,0.1346555323590814
345.30827000000363,3.4247344180636197,0.0,345.3502770000059,3.156197955030132,0.09864300626304796
345.5863280000034,3.513701157193767,0.0,345.58670000000603,3.14380461255019,0.1096033402922756
345.81040200000336,3.579256558766112,0.0,345.847896000006,3.075442170728885,0.14874739039665966
346.05178100000353,3.614547062766424,0.0,346.0932120000062,2.9734582654028623,0.22599164926931103
346.29934500000365,3.613141316858683,0.0,346.33622600000615,2.858840284794807,0.30636743215031315
346.5534030000035,3.567462627596627,0.0,346.57975200000624,2.7601619884590463,0.4062282533054975
346.7927530000036,3.4737226235521868,0.0,346.82715100000644,2.7055111934088982,0.45981210855949906
347.0497900000035,3.3424183084302754,0.0,347.08059200000656,2.710354986842041,0.45250521920668063
347.2907980000035,3.199921133628111,0.07359081419624215,347.3281330000067,2.7753458836505827,0.39161447459986076
347.53669500000353,3.074824666357217,0.14874739039665966,347.5812080000067,2.8738461098406516,0.29906054279749483
347.80526600000366,2.9840405951240574,0.20894224077940152,347.81810500000677,2.961475625127336,0.2308629088378566
348.0326780000037,2.9274408447815166,0.250347947112039,348.07053500000694,2.9968565216535197,0.2016353514265832
348.28814500000385,2.8939120972724455,0.2917536534446764,348.3197460000069,2.9595998679635285,0.2308629088378566
348.538139000004,2.87265713387325,0.29906054279749483,348.563094000007,2.8609206658400894,0.30393180236604034
348.80262300000413,2.8620571934002728,0.30393180236604034,348.8087150000071,2.7244119251598167,0.4427627000695894
349.02522100000425,2.8660977232714395,0.3014961725817676,349.0605050000072,2.570237712261138,0.5499304105775922
349.27117100000453,2.8875725503517855,0.2917536534446764,349.3045480000074,2.411986934315172,0.6814544189283229
349.51971600000456,2.9186179942283337,0.2600904662491301,349.55016900000743,2.2535840893979535,0.8178496868475993
349.76726100000474,2.93562662052798,0.2479123173277661,349.8036730000074,2.0946961770250145,0.9451983298538622
350.014030000005,2.9087647449417364,0.26739735560194855,350.0645360000073,1.9343943682007714,0.9999999999999999
350.28353000000504,2.825514842300641,0.3502087682672234,350.2939650000072,1.7759106107351375,0.9999999999999999
350.50995600000476,2.6972142232997944,0.46711899791231737,350.5423910000073,1.6331956479824759,0.9999999999999999
350.75708400000474,2.5475208908634794,0.5815935977731385,350.79703400000756,1.5270027076886727,0.9999999999999999
351.00349900000504,2.403808077225222,0.6911969380654142,351.05606900000777,1.4776350389650188,0.9999999999999999
351.2551290000053,2.294583831298868,0.7691370911621433,351.28490400000777,1.4972114998732315,0.9999999999999999
351.5244730000054,2.2432554266848617,0.8275922059846904,351.5343790000078,1.5820208268368736,0.9999999999999999
351.7484520000055,2.2612199462991582,0.808107167710508,351.78846600000793,1.713996681997142,0.9999999999999999
352.02749800000527,2.343685746772437,0.7326026443980515,352.0256710000078,1.8665054220448059,0.9999999999999999
352.2513980000053,2.4734433020219138,0.6376130828114126,352.274621000008,2.0120354358022796,0.9968684759916492
352.4879050000052,2.624973726204161,0.5133959638135004,352.5366610000081,2.122048046803568,0.9264091858037578
352.743395000005,2.7726658857090904,0.39161447459986076,352.7700930000083,2.168339279318962,0.8982254697286012
352.98175400000525,2.9022298459288915,0.27470424495476686,353.02706600000835,2.14157311845421,0.9185803757828809
353.25600300000514,3.0093878263790588,0.18458594293667369,353.2725320000084,2.0559952208687635,0.9749478079331941
353.4793010000052,3.0956155945186388,0.1315240083507307,353.5199400000087,1.9362789872526451,0.9999999999999999
353.7442880000051,3.166400424833179,0.08924843423799585,353.7700420000091,1.8058585964184175,0.9999999999999999
353.97927500000503,3.2271716740595586,0.05480167014613776,354.01654600000927,1.683715461923081,0.9999999999999999
354.22384900000515,3.2762237567995656,0.0313152400835073,354.2605770000095,1.5872224613981332,0.9999999999999999
354.4709100000052,3.3028598863338927,0.017223382045929044,354.5024550000098,1.5337624993033514,0.9999999999999999
354.71768600000524,3.2920815200126285,0.023486430062630455,354.75958400000985,1.540105359048658,0.9999999999999999
354.96124200000537,3.231286873435745,0.05167014613778705,355.00395700000996,1.61792128894362,0.9999999999999999
355.21123200000534,3.120987412263598,0.12056367432150315,355.25650200001,1.7658920381185172,0.9999999999999999
355.4692820000054,2.975619604450409,0.22355601948503828,355.4979470000098,1.9680379154374656,0.9999999999999999
355.7092960000054,2.813954171662666,0.3502087682672234,355.75324400000983,2.1989912134965564,0.8653444676409185
355.96571200000545,2.6492118241944933,0.49634655532359084,355.9924420000098,2.429375450398214,0.6692762700069589
356.2032570000057,2.4860353529236208,0.6327418232428671,356.2388410000099,2.6269376585538007,0.5133959638135004
356.4661760000059,2.325217435492166,0.752087682672234,356.48576900001,2.754920788822295,0.4110995128740432
356.7161590000057,2.1675115836251444,0.8982254697286012,356.73239500001023,2.7867334798756658,0.38430758524704245
356.98615600000556,2.017456393038035,0.9968684759916492,357.0118930000101,2.7276339662192717,0.4427627000695894
357.20161900000573,1.8833637891828694,0.9999999999999999,357.2272260000104,2.6090524981902505,0.5207028531663188
357.44969900000564,1.7731561055354041,0.9999999999999999,357.47635500001064,2.4648425941052343,0.6400487125956854
357.70110600000555,1.6916801764031477,0.9999999999999999,357.74636000001055,2.3218857088257,0.7545233124565067
357.94272900000556,1.6405156686046571,0.9999999999999999,357.97440700001056,2.201467000759667,0.8637787056367432
358.20162500000555,1.6165003496470707,0.9999999999999999,358.21665700001046,2.120967719606195,0.9264091858037578
358.4856620000056,1.6083851928908,0.9999999999999999,358.4711240000106,2.0849356698525336,0.9561586638830897
358.6956570000056,1.5995407894268447,0.9999999999999999,358.7150540000107,2.0848294072443734,0.9561586638830897
358.9470880000056,1.578111193086907,0.9999999999999999,358.96824100001055,2.1026024528148373,0.9420668058455114
359.1756260000056,1.5446509306719338,0.9999999999999999,359.21308000001085,2.1186371726531115,0.9295407098121085
359.4295790000056,1.5097301736789273,0.9999999999999999,359.4615830000111,2.1184147419892154,0.9311064718162838
359.7054600000057,1.4879054562597704,0.9999999999999999,359.7106660000112,2.095497450759213,0.9436325678496869
359.9150770000058,1.491155614802746,0.9999999999999999,359.9562630000113,2.052104481606376,0.9749478079331941
360.1694400000059,1.5206726488996871,0.9999999999999999,360.2231290000112,1.9981451159524948,0.9999999999999999
360.41456600000583,1.5643054459227312,0.9999999999999999,360.4511220000114,1.9513721017984287,0.9999999999999999
360.6694050000059,1.6031588152906044,0.9999999999999999,360.69109500001156,1.930283009786099,0.9999999999999999
360.9465530000059,1.6236762537507017,0.9999999999999999,360.9425620000116,1.9418265592289188,0.9999999999999999
361.17053800000593,1.6273075025076,0.9999999999999999,361.18607100001145,1.9792785405781752,0.9999999999999999
361.404579000006,1.6258322998114276,0.9999999999999999,361.43847700001163,2.0294010747805817,0.992171189979123
361.65388400000614,1.6333480126520694,0.9999999999999999,361.69155800001187,2.0774087549620233,0.9592901878914404
361.9164520000063,1.6580337720501694,0.9999999999999999,361.94845800001184,2.109232319793391,0.9342379958246346
362.14784300000633,1.6976810716302952,0.9999999999999999,362.18601200001194,2.1158437887514627,0.9326722338204593
362.3968820000063,1.7392168589141148,0.9999999999999999,362.4315150000119,2.095901799326243,0.9436325678496869
362.6412550000064,1.7660967775817393,0.9999999999999999,362.68409400001184,2.0537240019599317,0.9749478079331941
362.89240000000655,1.7680685713895752,0.9999999999999999,362.92697100001186,1.9997821801491873,0.9999999999999999
363.1368700000066,1.7434107642495882,0.9999999999999999,363.1864470000119,1.948401526098871,0.9999999999999999
363.3954750000066,1.7013473171590474,0.9999999999999999,363.436788000012,1.9090934475454833,0.9999999999999999
363.6463550000066,1.6590635753835465,0.9999999999999999,363.67237800001215,1.8857885274670607,0.9999999999999999
363.8811990000069,1.634498643604617,0.9999999999999999,363.92478000001205,1.8780634594773398,0.9999999999999999
364.1603920000069,1.6399442389678662,0.9999999999999999,364.1587680000122,1.8852883528966098,0.9999999999999999
364.380357000007,1.6805009374652613,0.9999999999999999,364.4092560000124,1.9056432070145801,0.9999999999999999
364.62522800000687,1.7556766176612073,0.9999999999999999,364.65472400001266,1.9320176895790013,0.9999999999999999
364.87035300000707,1.857246372865029,0.9999999999999999,364.91387600001275,1.9539200493206839,0.9999999999999999
365.1163330000073,1.9706754448857593,0.9999999999999999,365.15177800001294,1.9609169534087494,0.9999999999999999
365.36825700000713,2.083514049414684,0.9561586638830897,365.40982900001285,1.949414517983294,0.9999999999999999
365.6291950000073,2.189477102580975,0.876304801670146,365.65729300001317,1.9259660609080251,0.9999999999999999
365.8682690000076,2.28344384208908,0.7813152400835075,365.90220900001293,1.9029871610732667,0.9999999999999999
366.1246590000078,2.3595223263833516,0.727731384829506,366.14771700001296,1.8895279063086856,0.9999999999999999
366.36064200000766,2.413207489918381,0.6814544189283229,366.39178300001305,1.8865309124506906,0.9999999999999999
366.6056330000078,2.442411813715939,0.6570981210855951,366.6501040000131,1.8866511326236701,0.9999999999999999
366.85562400000777,2.449619248115069,0.6546624913013223,366.9136800000133,1.8797179520621685,0.9999999999999999
367.1036890000078,2.441965646695533,0.6570981210855951,367.1410970000135,1.859763376492249,0.9999999999999999
367.3591700000078,2.427340277384615,0.6692762700069589,367.38764100001356,1.8273972671310406,0.9999999999999999
367.60222300000805,2.4108578649748713,0.6838900487125958,367.63105200001354,1.7888235112450792,0.9999999999999999
367.84815900000797,2.3974758343187195,0.6936325678496869,367.8966160000136,1.750164521664841,0.9999999999999999
368.0910550000083,2.3930265462373157,0.6960681976339597,368.1456380000137,1.714461711148345,0.9999999999999999
368.3386250000083,2.3984858690364077,0.6936325678496869,368.38162600001385,1.681865458745368,0.9999999999999999
368.5889620000084,2.404540576584513,0.6911969380654142,368.62843700001406,1.6504815388150744,0.9999999999999999
368.83961700000833,2.399020529571236,0.6936325678496869,368.8725960000142,1.615262978558499,0.9999999999999999
369.0835740000086,2.375526035903865,0.703375086986778,369.1190310000144,1.5694541027136584,0.9999999999999999
369.3310230000088,2.335819130929247,0.7423451635351427,369.36899300001437,1.5111811738037721,0.9999999999999999
369.58146500000856,2.285670100481181,0.7813152400835075,369.62189300001455,1.4470001618511918,0.9999999999999999
369.8261060000087,2.2314364424976327,0.8324634655532359,369.85855000001476,1.3879901854083956,0.9999999999999999
370.077472000009,2.1822017998893766,0.8856993736951982,370.11392200001484,1.3399385299849473,0.9999999999999999
370.3244990000089,2.150123543386354,0.9123173277661795,370.36184000001487,1.3000641632567898,0.9999999999999999
370.570491000009,2.146289032782688,0.9138830897703548,370.60181800001493,1.2611294774818202,0.9999999999999999
370.82489000000896,2.170279391367914,0.8982254697286012,370.8514670000148,1.2175735426133654,0.9999999999999999
371.06598300000877,2.206710454805053,0.8606471816283924,371.1203790000149,1.1674495143373733,0.9999999999999999
371.31406300000884,2.2423756715246816,0.8275922059846904,371.3554810000149,1.1114394003723924,0.9999999999999999
371.564839000009,2.293291891597846,0.7715727209464162,371.59177100001494,1.0528453780118237,0.9999999999999999
371.81996100000913,2.398592877375018,0.6936325678496869,371.8377380000151,0.9968374557340429,0.9999999999999999
372.066519000009,2.5902387432241154,0.540187891440501,372.0993010000152,0.9498294146396757,0.9999999999999999
372.2983550000091,2.862609591428704,0.30393180236604034,372.3367030000153,0.9194466641961359,0.9999999999999999
372.55040000000923,3.174646926408204,0.0845511482254697,372.58125600001523,0.9113052750119772,0.9999999999999999
372.8040080000091,3.4628935500174345,0.0,372.8341080000154,0.924221260950972,0.9999999999999999
373.045395000009,3.6618924086525544,0.0,373.07923700001544,0.9511316317816443,0.9999999999999999
373.29073800000907,3.73168301489831,0.0,373.33328700001573,0.9840097006529953,0.9999999999999999
373.5499160000093,3.665899803351913,0.0,373.5753430000158,1.0141517159241578,0.9999999999999999
373.79792900000933,3.487067031332863,0.0,373.8251960000156,1.032971238628316,0.9999999999999999
374.0392580000094,3.2370783731125132,0.05167014613778705,374.08324300001567,1.035056656462936,0.9999999999999999
374.28323600000937,2.9649863825988207,0.22842727905358381,374.34515600001583,1.0218451060258,0.9999999999999999
374.5292230000096,2.715670614345778,0.4451983298538623,374.57810100001603,1.0018607465678528,0.9999999999999999
374.79732500001006,2.521590057742751,0.6035142658315935,374.809531000016,0.9868872937195516,0.9999999999999999
375.0592400000102,2.3995385471659993,0.6936325678496869,375.06801400001626,0.9900150285251256,0.9999999999999999
375.27377900001045,2.349770672140099,0.7301670146137788,375.3151710000164,1.0252538696636944,0.9999999999999999
375.52414500001044,2.3543857089136835,0.727731384829506,375.58109400001644,1.1057046067965721,0.9999999999999999
375.77219300001036,2.3776113244901973,0.7009394572025052,375.8034750000166,1.237154964819964,0.9999999999999999
376.0138170000104,2.38081540872273,0.7009394572025052,376.06189200001677,1.4057239191239206,0.9999999999999999
376.2676670000106,2.345138083916983,0.7326026443980515,376.30393300001674,1.5758007518761337,0.9999999999999999
376.5090750000106,2.275557213402494,0.786186499652053,376.551475000017,1.7142724754619034,0.9999999999999999
376.76811900001053,2.1838118498819643,0.8810020876826721,376.80186600001684,1.8142219133077846,0.9999999999999999
377.0050410000106,2.078360995881023,0.9592901878914404,377.0500240000169,1.889942151602643,0.9999999999999999
377.25246600001054,1.9642952846002617,0.9999999999999999,377.2969500000167,1.9613852456926109,0.9999999999999999
377.49967100001084,1.845398568044884,0.9999999999999999,377.5717990000168,2.0459408532538026,0.9812108559498955
377.7601260000109,1.7296774082843882,0.9999999999999999,377.7834080000169,2.1532478910785495,0.9091858037578288
377.9949820000107,1.628653832844911,0.9999999999999999,378.04295400001695,2.2845233242646756,0.7813152400835075
378.24355600001076,1.5535318010374954,0.9999999999999999,378.2798230000169,2.429844957002074,0.6692762700069589
378.50098800001075,1.5131277060456712,0.9999999999999999,378.5277270000168,2.5677154833952343,0.5548016701461379
378.74239100001074,1.5078065697165748,0.9999999999999999,378.77577100001696,2.6745507726686992,0.4792971468336813
378.9899390000107,1.5304042885375237,0.9999999999999999,379.03332200001705,2.7348068901321305,0.4330201809324983
379.23236300001076,1.5673753972577917,0.9999999999999999,379.28168900001697,2.748062226933791,0.42084203201113424
379.5059150000108,1.6002217621958321,0.9999999999999999,379.5176630000171,2.7252695529376854,0.4427627000695894
379.72796800001095,1.6157158951261483,0.9999999999999999,379.7662160000171,2.6848672460011027,0.4768615170494086
379.9794700000111,1.6109734913166294,0.9999999999999999,380.01364000001723,2.648668742070199,0.49634655532359084
380.225876000011,1.5938072079063705,0.9999999999999999,380.26617700001725,2.637723789636962,0.506089074460682
380.47551400001106,1.576267026535004,0.9999999999999999,380.5156470000174,2.665991184870606,0.4841684064022269
380.72444300001115,1.5696618896812293,0.9999999999999999,380.7737340000174,2.7328876426709003,0.4378914405010438
380.97185300001115,1.5830509483440485,0.9999999999999999,381.00320000001744,2.8188234666804135,0.3502087682672234
381.21891400001124,1.6168579710705488,0.9999999999999999,381.25111600001753,2.8924737367586606,0.2917536534446764
381.4768490000114,1.6540785809172545,0.9999999999999999,381.50355500001746,2.9309735505776477,0.2479123173277661
381.7189450000114,1.6684680421814837,0.9999999999999999,381.75468000001746,2.927929304029648,0.250347947112039
381.96338000001157,1.646034049896591,0.9999999999999999,382.01464800001764,2.8887110642056997,0.2917536534446764
382.20985300001183,1.5969275150552997,0.9999999999999999,382.25913200001764,2.8232908078133905,0.3502087682672234
382.4603540000119,1.545812777570613,0.9999999999999999,382.4870260000174,2.7406313909344164,0.4281489213639528
382.7073930000118,1.5184556527113857,0.9999999999999999,382.75576400001745,2.6428355442243454,0.5036534446764092
382.9553300000121,1.5334728727749365,0.9999999999999999,382.9894560000176,2.529464237010154,0.598643006263048
383.20418500001205,1.5964326887023823,0.9999999999999999,383.25661200001747,2.4035347536995073,0.6911969380654142
383.44932400001227,1.6973129033527528,0.9999999999999999,383.48143900001764,2.276536636544555,0.786186499652053
383.69336100001215,1.8141443014439105,0.9999999999999999,383.7236020000178,2.164203814682886,0.9013569937369519
383.9448250000122,1.9213110996772125,0.9999999999999999,383.9868890000177,2.083079377460127,0.9561586638830897
384.1977030000122,1.9997751204488354,0.9999999999999999,384.22252400001753,2.046252594839748,0.9812108559498955
384.43013100001235,2.0358081652169586,0.9843423799582462,384.4728450000175,2.0542469277733613,0.9749478079331941
384.6873350000123,2.0190982876690264,0.9937369519832984,384.71927600001743,2.0973571945959413,0.9436325678496869
384.93365000001245,1.9482674506423763,0.9999999999999999,384.97185700001774,2.1673458986314245,0.8982254697286012
385.17522000001264,1.831719213754632,0.9999999999999999,385.2227990000177,2.2628702083575707,0.808107167710508
385.42568300001255,1.6888587798966437,0.9999999999999999,385.47037600001767,2.385737183817125,0.7009394572025052
385.6736160000125,1.544886911035498,0.9999999999999999,385.754345000018,2.5370212178986904,0.5913361169102297
385.92925800001245,1.4195239525285162,0.9999999999999999,385.9663290000181,2.711775195155009,0.4500695894224078
386.1685760000126,1.3270420150300408,0.9999999999999999,386.2104750000182,2.892516034435081,0.2917536534446764
386.42471300001245,1.2767587722614013,0.9999999999999999,386.4651440000183,3.0502668420689254,0.16510090466249125
386.66599600001257,1.2714292024654934,0.9999999999999999,386.7117950000184,3.1565063440604315,0.09707724425887261
386.92266900001255,1.3063620875722322,0.9999999999999999,386.94625800001853,3.1981573348736427,0.07359081419624215
387.18111600001265,1.3686258514378211,0.9999999999999999,387.19765400001876,3.1773818503479982,0.0845511482254697
387.4095300000126,1.4426129766747855,0.9999999999999999,387.45511600001896,3.1051704315731676,0.12995824634655526
387.6559570000124,1.5141845530670293,0.9999999999999999,387.697207000019,2.99851453674216,0.19432846207376475
387.9030920000125,1.5733242224719965,0.9999999999999999,387.9382120000193,2.8745609513474357,0.29906054279749483
388.15593900001284,1.6140399520471485,0.9999999999999999,388.1870910000194,2.7487852028463795,0.41840640222686154
388.3970280000127,1.6346138240728494,0.9999999999999999,388.4369340000198,2.6364885875530533,0.5085247042449547
388.6474970000128,1.6415685358849257,0.9999999999999999,388.68009200001995,2.546728994511745,0.5815935977731385
388.89441800001276,1.6485522722432981,0.9999999999999999,388.93519200001987,2.47718848635342,0.6351774530271398
389.1503840000128,1.6627087290687663,0.9999999999999999,389.1807030000199,2.4181060915829877,0.6790187891440501
389.3960300000129,1.6798955568395846,0.9999999999999999,389.42568700002005,2.3601978623689286,0.7252957550452331
389.6420230000131,1.6892622638894488,0.9999999999999999,389.68601200002007,2.2986884700001666,0.7667014613778707
389.88780500001315,1.6776743395354186,0.9999999999999999,389.9171320000201,2.233798357996837,0.8324634655532359
390.1358270000133,1.6418595976587285,0.9999999999999999,390.17217200002005,2.1750900268881166,0.8950939457202505
390.3953100000134,1.5906218905866065,0.9999999999999999,390.42352500001994,2.1355821726347024,0.9201461377870562
390.62887700001346,1.536361785304232,0.9999999999999999,390.6695240000201,2.121663849782634,0.9264091858037578
390.8769190000136,1.492821658237021,0.9999999999999999,390.9339770000201,2.1268733951908327,0.923277661795407
391.11935200001375,1.4718769468828397,0.9999999999999999,391.1585010000201,2.1335582872301835,0.9201461377870562
391.370272000014,1.48259107169844,0.9999999999999999,391.4059140000201,2.120360953435363,0.9279749478079331
391.6188400000141,1.5363610182670624,0.9999999999999999,391.65398000001994,2.070372281743434,0.9686847599164926
391.86173900001404,1.6485292441721513,0.9999999999999999,391.89662300002016,1.979390453841229,0.9999999999999999
392.120898000014,1.8327385266976033,0.9999999999999999,392.14761400002016,1.855549015355141,0.9999999999999999
392.36030500001397,2.083567573996135,0.9561586638830897,392.4076450000202,1.715855421715431,0.9999999999999999
392.60685800001403,2.364422780727174,0.7204244954766876,392.6456710000202,1.5807642354122884,0.9999999999999999
392.856170000014,2.616404389660156,0.5158315935977732,392.89257200002027,1.471128948618411,0.9999999999999999
393.1087500000141,2.786075249562626,0.38674321503131526,393.1494750000203,1.4061287338872606,0.9999999999999999
393.35423500001394,2.8543445922093773,0.31854558107167713,393.38497100002047,1.4017201442480427,0.9999999999999999
393.596777000014,2.8366144125679704,0.3404662491301322,393.6400420000205,1.4683811336318648,0.9999999999999999
393.84711300001413,2.762091443781633,0.4062282533054975,393.87994100002084,1.6001300203375644,0.9999999999999999
394.09479600001436,2.660687150310501,0.4841684064022269,394.15351500002055,1.7666633624932604,0.9999999999999999
394.34569900001424,2.559259870965679,0.57428670842032,394.3909240000206,1.9232761572586667,0.9999999999999999
394.5887390000142,2.4784552132832114,0.6351774530271398,394.6279900000206,2.0325069327911525,0.9859081419624216
394.8582010000142,2.428036221636599,0.6692762700069589,394.88653400002084,2.0785580122129788,0.9592901878914404
395.09306100001413,2.4059582561962216,0.6911969380654142,395.1184680000208,2.0676391892314525,0.9686847599164926
395.33205100001425,2.4015161454895786,0.6911969380654142,395.4109080000209,2.0204783701220914,0.9937369519832984
395.58111200001446,2.401739039714226,0.6911969380654142,395.61329800002125,1.9628070081230766,0.9999999999999999
395.82803000001456,2.4030591928215053,0.6911969380654142,395.8613290000213,1.918479206211404,0.9999999999999999
396.07751800001466,2.4124809609145164,0.6814544189283229,396.1208590000214,1.9061502286027885,0.9999999999999999
396.3186700000147,2.439391517517824,0.6595337508698679,396.3588710000214,1.9397913529629274,0.9999999999999999
396.5705960000147,2.486270775625692,0.6327418232428671,396.6043830000217,2.0247015061633653,0.9937369519832984
396.84156500001484,2.5399016291922702,0.5913361169102297,396.86181300002187,2.1621907191995486,0.9044885177453027
397.0816060000149,2.5739407174287026,0.5474947807933195,397.09748700002183,2.349775549227158,0.7301670146137788
397.32154900001495,2.5672742427458664,0.5548016701461379,397.3488510000221,2.5764177605257563,0.5450591510090467
397.55654900001514,2.519976793511581,0.6035142658315935,397.6038570000221,2.8148210392703024,0.3502087682672234
397.820682000015,2.447234278920681,0.6546624913013223,397.8424180000223,3.023891303384109,0.179714683368128
398.08795300001503,2.365673996237141,0.7204244954766876,398.1018880000226,3.1685733121757136,0.08768267223382041
398.30201500001516,2.286448205264538,0.7813152400835075,398.34285300002284,3.2324834217806075,0.05167014613778705
398.5520020000151,2.2155711193030028,0.854384133611691,398.6017340000229,3.21620648303273,0.06419624217118995
398.8639200000151,2.154254353730621,0.9091858037578288,398.8444040000229,3.1306267558134784,0.11430062630480166
399.043894000015,2.103962205596243,0.9420668058455114,399.0957650000229,2.9887275940246667,0.20650661099512874
399.2924610000148,2.06987610077907,0.9686847599164926,399.33230600002275,2.809135052080731,0.35264439805149617
399.54336400001495,2.0590704732296023,0.9718162839248433,399.58230000002305,2.6187801058386673,0.5158315935977732
399.81243200001506,2.0761611871104693,0.9624217118997911,399.8426480000231,2.4470828294449425,0.6546624913013223
400.0435520000151,2.118522449084538,0.9311064718162838,400.0912170000232,2.314397265122377,0.7569589422407795
400.2893110000154,2.1688347726030757,0.8982254697286012,400.32621700002335,2.2272597609198543,0.8373347251217815
400.53639900001554,2.1952039877665808,0.8700417536534446,400.5982740000235,2.185341638921044,0.8778705636743214
400.78286000001566,2.1697390755602464,0.8982254697286012,400.81260400002355,2.184510996521439,0.8778705636743214
401.0272090000159,2.0894877057037182,0.9498956158663883,401.08018400002373,2.21944143578032,0.8528183716075156
401.2804010000157,1.977288925192921,0.9999999999999999,401.31165400002374,2.289091990372839,0.774008350730689
401.5244040000158,1.8685662784057573,0.9999999999999999,401.5582120000239,2.394464890435837,0.6936325678496869
401.77637300001595,1.7987321122069877,0.9999999999999999,401.8435650000241,2.5198651327053136,0.6035142658315935
402.0157290000161,1.7946658853294024,0.9999999999999999,402.06303000002396,2.615409586896916,0.5158315935977732
402.2657130000163,1.8671846223607105,0.9999999999999999,402.31014100002415,2.6215588483038568,0.5133959638135004
402.5358570000163,2.010593916385978,0.9999999999999999,402.55415700002425,2.5264130805059812,0.598643006263048
402.76714300001635,2.2038098716306997,0.8622129436325678,402.79606500002427,2.3618122336596863,0.7228601252609604
403.01679900001625,2.414635882321262,0.6790187891440501,403.08757600002446,2.1669663729662627,0.8982254697286012
403.26310800001636,2.61039072143557,0.5207028531663188,403.3368900000246,1.9729704769554572,0.9999999999999999
403.50376000001654,2.760915093873916,0.4062282533054975,403.5634620000247,1.7994659717343193,0.9999999999999999
403.7562960000165,2.841589624290595,0.3355949895615866,403.8094120000249,1.6566706482202576,0.9999999999999999
403.99871800001654,2.8400550088472913,0.3355949895615866,404.0324630000253,1.5482329981573693,0.9999999999999999
404.25471100001664,2.764105438814543,0.3989213639526792,404.2900440000255,1.472055780854534,0.9999999999999999
404.51021200001674,2.6371155695299224,0.5085247042449547,404.5248640000256,1.4220515737559731,0.9999999999999999
404.75109200001685,2.482851178432817,0.6327418232428671,404.77436900002584,1.3898157157022457,0.9999999999999999
404.98659300001674,2.3174967818159455,0.7545233124565067,405.05485300002607,1.3665992791909773,0.9999999999999999
405.2430270000167,2.1553724632750035,0.9091858037578288,405.27935800002604,1.3462482393472346,0.9999999999999999
405.48464700001705,2.0093805627896906,0.9999999999999999,405.5243330000261,1.3243740421837573,0.9999999999999999
405.738211000017,1.8928544705970638,0.9999999999999999,405.7648150000262,1.2961388523935886,0.9999999999999999
405.97657200001703,1.8215083733273414,0.9999999999999999,406.02080000002616,1.2579736378952482,0.9999999999999999
406.240647000017,1.8091049885829573,0.9999999999999999,406.2988990000264,1.2090958207797924,0.9999999999999999
406.48303800001685,1.8646505473524835,0.9999999999999999,406.51684300002654,1.1523532714771585,0.9999999999999999
406.75962800001673,1.9865943435279634,0.9999999999999999,406.76788400002664,1.093315796883096,0.9999999999999999
406.9756050000167,2.159543627666077,0.906054279749478,407.01884600002654,1.0379389214526593,0.9999999999999999
407.22699500001676,2.3573274688646624,0.727731384829506,407.27691400002664,0.9895534167126656,0.9999999999999999
407.4800810000169,2.5498266452158496,0.5815935977731385,407.50521400002685,0.9491219835715902,0.9999999999999999
407.712135000017,2.7118845435008008,0.4500695894224078,407.761849000027,0.9160095771998462,0.9999999999999999
407.97749300001703,2.8224294333561692,0.3502087682672234,407.9966650000271,0.8886733262667406,0.9999999999999999
408.2184620000171,2.872209203551554,0.29906054279749483,408.27260100002707,0.8676286785377127,0.9999999999999999
408.47089100001733,2.864759534609716,0.3014961725817676,408.49580100002726,0.8569996466965525,0.9999999999999999
408.7060140000175,2.81546160751409,0.3502087682672234,408.76614100002746,0.8608720656007435,0.9999999999999999
408.9584310000175,2.7603807935466356,0.4062282533054975,408.9827990000275,0.8820917168435427,0.9999999999999999
409.1994960000173,2.735134122206917,0.4330201809324983,409.23777300002774,0.9209940427426009,0.9999999999999999
409.44799300001745,2.7529449394940553,0.4135351426583159,409.4970900000277,0.9740272379455601,0.9999999999999999
409.6979980000176,2.8080227555491635,0.355080027835769,409.73208100002796,1.0355855544548438,0.9999999999999999
409.9428410000175,2.880173935213503,0.2966249130132219,409.97706000002813,1.1004889986997866,0.9999999999999999
410.21397300001763,2.9433168128542184,0.2406054279749478,410.2345210000283,1.1640224219194966,0.9999999999999999
410.4393030000179,2.9722443998741404,0.22599164926931103,410.47972700002833,1.220584447250781,0.9999999999999999
410.6863520000182,2.9534574669195393,0.23816979819067502,410.72652600002857,1.2644743133199072,0.9999999999999999
410.9342880000184,2.8903006019843467,0.2917536534446764,410.9644530000288,1.2926447943468768,0.9999999999999999
411.1858540000184,2.7980241835938813,0.36482254697286015,411.2236510000289,1.3066627461235902,0.9999999999999999
411.4273520000184,2.6948380936632192,0.46955462769659007,411.46864800002885,1.31212433119898,0.9999999999999999
411.69069100001826,2.5972042600106766,0.5304453723034099,411.71441000002864,1.3145780219749432,0.9999999999999999
411.9242430000184,2.5170171622399162,0.6059498956158663,411.9595360000287,1.3152330990972305,0.9999999999999999
412.19181400001844,2.463313116683757,0.6400487125956854,412.2229480000289,1.3117115741822842,0.9999999999999999
412.4177990000186,2.442424688112598,0.6570981210855951,412.4595000000291,1.3048083546828377,0.9999999999999999
412.66328900001855,2.4617993261605076,0.6424843423799583,412.71791800002916,1.3067890514646112,0.9999999999999999
412.9233040000187,2.526259750097868,0.598643006263048,412.9510090000292,1.3419068141692383,0.9999999999999999
413.15774000001886,2.6303000992418877,0.5109603340292275,413.1979110000295,1.4359188507667167,0.9999999999999999
413.431480000019,2.756536679614139,0.4086638830897703,413.4555840000295,1.604969070753902,0.9999999999999999
413.65746200001905,2.8781218108476865,0.2966249130132219,413.6914650000296,1.8387497462089946,0.9999999999999999
413.9034310000193,2.968530119235374,0.22842727905358381,413.95889300002955,2.090400323137881,0.9498956158663883
414.1623790000191,3.0171232929608673,0.18215031315240077,414.1924550000297,2.294347774182177,0.7715727209464162
414.3965060000191,3.0297798646759517,0.17727905358385523,414.44142600002994,2.3980515869979984,0.6936325678496869
414.6498250000192,3.0141812881689116,0.18215031315240077,414.68383700003005,2.386000934251588,0.7009394572025052
414.89741300001907,2.9722918005176555,0.22599164926931103,414.92967900002986,2.283131573629233,0.7813152400835075
415.1583840000189,2.9087996222001493,0.26739735560194855,415.1848580000301,2.1395264862275214,0.9185803757828809
415.39338400001907,2.8364498401130502,0.3404662491301322,415.42677900003025,2.0027065937788717,0.9999999999999999
415.6428700000192,2.7726303359489752,0.39161447459986076,415.68372600003016,1.9021319449315024,0.9999999999999999
415.8954280000191,2.733377751740051,0.4354558107167711,415.9372470000304,1.8440716225699565,0.9999999999999999
416.1357780000191,2.729003986300045,0.4427627000695894,416.17483200003073,1.81835709223742,0.9999999999999999
416.3881990000194,2.760145823595311,0.4062282533054975,416.4196960000306,1.8072567854197277,0.9999999999999999
416.63332600001945,2.8161296934426554,0.3502087682672234,416.6662550000306,1.7923782389998537,0.9999999999999999
416.8817770000195,2.8813927912807413,0.2966249130132219,416.9136730000306,1.7618857948118287,0.9999999999999999
417.12379200001965,2.9406669113545623,0.24304105775922058,417.1807320000306,1.7117763697132768,0.9999999999999999
417.3787070000196,2.9746546214058656,0.22355601948503828,417.40962200003065,1.6477841781250073,0.9999999999999999
417.61928200001944,2.9604812301719843,0.2308629088378566,417.6688380000308,1.5854772304993148,0.9999999999999999
417.8927310000196,2.885162923351845,0.29418928322894916,417.9231930000308,1.546319583098635,0.9999999999999999
418.11734900001954,2.759100424252879,0.4062282533054975,418.17408800003074,1.5498244834487187,0.9999999999999999
418.36155300001957,2.610514556029478,0.5207028531663188,418.3981670000307,1.6064926978792506,0.9999999999999999
418.6165390000198,2.4669938554505304,0.6400487125956854,418.65217300003076,1.7160462109269456,0.9999999999999999
418.85959500002,2.3431881752027843,0.7350382741823244,418.89662100003085,1.8703965781432241,0.9999999999999999
419.1055750000202,2.240737640900551,0.8275922059846904,419.1566760000309,2.054132077794863,0.9749478079331941
419.3590770000202,2.1525869599017575,0.9091858037578288,419.40503300003104,2.247896968667299,0.8227209464161449
419.6019760000203,2.0666510132616165,0.9686847599164926,419.64597900003133,2.434628403497585,0.6644050104384134
419.8519560000203,1.9718019545789154,0.9999999999999999,419.88254600003154,2.5964116164285778,0.5328810020876826
420.09551000002034,1.863875218636915,0.9999999999999999,420.1309490000317,2.7097856996633505,0.45494084899095333
420.34903000002043,1.7470441352594621,0.9999999999999999,420.40543000003186,2.75541716641085,0.4110995128740432
420.5910090000206,1.6298842434994418,0.9999999999999999,420.62591200003203,2.731687878119126,0.4378914405010438
420.8374180000206,1.5210483437666347,0.9999999999999999,420.8745030000321,2.6558034533603574,0.4866040361864996
421.10499400002084,1.4269658819692912,0.9999999999999999,421.1280170000323,2.550515655319777,0.5815935977731385
421.33788300002095,1.3508879762823724,0.9999999999999999,421.39945600003233,2.43771208045959,0.6619693806541406
421.581463000021,1.2948752232826943,0.9999999999999999,421.6475640000324,2.337296570403405,0.7423451635351427
421.82981400002103,1.2620657857622253,0.9999999999999999,421.86444200003234,2.267601073598477,0.7983646485734169
422.0798100000209,1.2536673333510093,0.9999999999999999,422.1113270000324,2.246326997603568,0.8227209464161449
422.3257900000209,1.264929955319542,0.9999999999999999,422.38247900003216,2.2877914123620995,0.7813152400835075
422.574343000021,1.2887209061756884,0.9999999999999999,422.6236050000323,2.395837814567523,0.6936325678496869
422.84397200002115,1.320512426550426,0.9999999999999999,422.8592330000326,2.5516456156573764,0.5791579679888658
423.0689720000211,1.357391888366968,0.9999999999999999,423.1103500000326,2.715854193110944,0.4451983298538623
423.31942100002107,1.3978757136345703,0.9999999999999999,423.3484070000328,2.849475133189065,0.32585247042449544
423.5689390000213,1.441611884629118,0.9999999999999999,423.6117270000329,2.9331166044094004,0.2479123173277661
423.8173750000214,1.4889411698353439,0.9999999999999999,423.851277000033,2.973042720749662,0.22599164926931103
424.0549140000215,1.542878062435524,0.9999999999999999,424.1007450000331,2.9910193816886856,0.20407098121085598
424.32234800002135,1.609109290310484,0.9999999999999999,424.34071700003307,3.005581072011626,0.18702157272094644
424.5608270000212,1.69220859205647,0.9999999999999999,424.59021900003296,3.0220014643421247,0.179714683368128
424.7997230000214,1.7904431416762985,0.9999999999999999,424.84763600003316,3.0343083779671405,0.17240779401530967
425.0567940000216,1.8921379733268036,0.9999999999999999,425.0916190000333,3.032257649120032,0.17484342379958245
425.2952300000217,1.9784836167999562,0.9999999999999999,425.3341890000332,3.0034691503604694,0.18702157272094644
425.5628100000218,2.034324842908516,0.9843423799582462,425.58423400003323,2.9434156254938983,0.2406054279749478
425.78915200002183,2.056255213343496,0.9749478079331941,425.82707600003357,2.8577065025706094,0.30636743215031315
426.0351450000217,2.054518758889198,0.9749478079331941,426.07359800003366,2.7577739983047267,0.4086638830897703
426.3001410000219,2.049766366307495,0.9765135699373695,426.3256310000335,2.6533859623775093,0.4866040361864996
426.5375630000219,2.065532258999003,0.9686847599164926,426.5735410000337,2.548683987922873,0.5815935977731385
426.77869100002187,2.116435305009954,0.9311064718162838,426.82819900003403,2.443186015755127,0.6570981210855951
427.02509400002185,2.2017469455665495,0.8637787056367432,427.064167000034,2.336401274536204,0.7423451635351427
427.27266700002195,2.310346872992376,0.7593945720250523,427.31620100003386,2.2320967527114464,0.8324634655532359
427.528658000022,2.4306712993404638,0.6668406402226862,427.5584550000339,2.1413406748564805,0.9185803757828809
427.76913200002207,2.5586267347563996,0.57428670842032,427.81097800003397,2.0775058753442104,0.9592901878914404
428.0211850000221,2.696387850757771,0.46711899791231737,428.0700500000339,2.0510939555928465,0.9749478079331941
428.27162600002237,2.8488167137384677,0.3282881002087682,428.3010660000338,2.0665665185497617,0.9686847599164926
428.51605100002234,3.017406270692129,0.18215031315240077,428.5529410000337,2.121626974105292,0.9264091858037578
428.7810360000224,3.1992041237718625,0.07359081419624215,428.81148600003365,2.2090811624446034,0.8606471816283924
429.0141200000224,3.382979325985372,0.0,429.0483790000337,2.3247392642737843,0.7545233124565067
429.25857100002264,3.5414411524789804,0.0,429.3183750000339,2.4670135626505934,0.6400487125956854
429.5026140000226,3.6315481986271485,0.0,429.5355130000341,2.6324100987810164,0.5085247042449547
429.755954000023,3.6209180472725393,0.0,429.79030700003426,2.812117749061804,0.3502087682672234
430.005949000023,3.5171543706476363,0.0,430.0563070000344,2.987496782149519,0.20650661099512874
430.2559620000229,3.355154829302319,0.0,430.2814150000344,3.1345703877916717,0.11430062630480166
430.49550700002294,3.1658597526602614,0.08924843423799585,430.52947800003443,3.2336101418898995,0.05167014613778705
430.740012000023,2.968994006657498,0.22842727905358381,430.7914040000345,3.2688299082002192,0.037578288100208794
430.99450200002303,2.7787427427700724,0.389178844815588,431.03027500003435,3.2298465952690854,0.05167014613778705
431.25000400002295,2.603801170633188,0.5255741127348643,431.27978500003445,3.1131172629885593,0.1283924843423799
431.4893510000231,2.453949426935179,0.6522268615170496,431.5222160000343,2.9257576590471976,0.250347947112039
431.7418920000229,2.3445785799588896,0.7326026443980515,431.7868410000344,2.686826285933877,0.4719902574808629
431.9878550000227,2.289743694130602,0.774008350730689,432.0247400000346,2.424059937703494,0.6741475295755045
432.231844000023,2.292138480564831,0.7715727209464162,432.2653700000347,2.166053616329836,0.8982254697286012
432.49139900002325,2.340240994864106,0.7374739039665971,432.52971600003474,1.9355439860587071,0.9999999999999999
432.72438600002334,2.4137463836606035,0.6814544189283229,432.7774160000349,1.747155850447618,0.9999999999999999
432.9758750000234,2.4902742694512674,0.6303061934585943,433.0096790000349,1.608947139354247,0.9999999999999999
433.2192170000236,2.5539625744892644,0.5767223382045928,433.26279700003505,1.5239059991237118,0.9999999999999999
433.4708340000235,2.600403751641201,0.5280097425191371,433.50723200003523,1.4891227002416803,0.9999999999999999
433.71875800002357,2.6351154702303723,0.5085247042449547,433.76964200003556,1.4917135525618728,0.9999999999999999
433.97031200002374,2.666261736021256,0.4841684064022269,433.99661900003576,1.5089563697246724,0.9999999999999999
434.21116100002376,2.6957415350496587,0.46711899791231737,434.24319900003576,1.518660423372652,0.9999999999999999
434.461169000024,2.71756941556698,0.4451983298538623,434.49158500003574,1.5099103576063326,0.9999999999999999
434.7137150000241,2.7212326533094853,0.4451983298538623,434.75364200003577,1.4868067454658451,0.9999999999999999
434.95112000002433,2.702583810788711,0.45981210855949906,434.9886470000358,1.4619612217468645,0.9999999999999999
435.20175300002427,2.6673490881437134,0.4841684064022269,435.267322000036,1.4478686174782653,0.9999999999999999
435.4542940000246,2.627016198024172,0.5133959638135004,435.4811740000362,1.4489921872853206,0.9999999999999999
435.6977290000243,2.594360004136321,0.5353166318719554,435.7430890000363,1.4597400926619342,0.9999999999999999
435.9446370000243,2.5799974207137066,0.5450591510090467,435.9881660000362,1.469300168711953,0.9999999999999999
436.19620000002436,2.58821472808901,0.540187891440501,436.22714200003617,1.4686866251390127,0.9999999999999999
436.4596120000245,2.6153627244738997,0.5158315935977732,436.47503600003637,1.4554539501895996,0.9999999999999999
436.68617900002465,2.656034110587142,0.4866040361864996,436.7195010000364,1.4336973137980926,0.9999999999999999
436.9381740000249,2.706159280230717,0.45981210855949906,436.9974350000366,1.4093224100465593,0.9999999999999999
437.1862200000248,2.759086267250601,0.4062282533054975,437.2184050000367,1.3898816853158469,0.9999999999999999
437.4326240000249,2.800578544054117,0.3599512874043145,437.46304600003685,1.387060979894624,0.9999999999999999
437.687619000025,2.812411982405097,0.3502087682672234,437.7390360000369,1.4115366249694785,0.9999999999999999
437.93257300002495,2.7815233898103826,0.389178844815588,437.95982600003697,1.468012268618368,0.9999999999999999
438.1705080000248,2.708831673837844,0.45494084899095333,438.207467000037,1.5561861088249112,0.9999999999999999
438.42294200002505,2.6168939631201824,0.5158315935977732,438.46093100003714,1.6725675636916286,0.9999999999999999
438.67613900002505,2.540087194563422,0.5889004871259569,438.7083270000373,1.8141614532102588,0.9999999999999999
438.91691600002525,2.4945175203314354,0.6303061934585943,438.9648830000375,1.9816712531608105,0.9999999999999999
439.17967900002526,2.471784724008385,0.6400487125956854,439.20828300003797,2.175537535816388,0.8950939457202505
439.42009100002537,2.457214635716518,0.6497912317327766,439.4729590000378,2.392846353353934,0.6960681976339597
439.6660890000257,2.4405157725369575,0.6595337508698679,439.70725100003796,2.6275443248330346,0.5133959638135004
439.9095120000257,2.4159550595325734,0.6790187891440501,439.95032100003823,2.872172460148268,0.29906054279749483
440.1560590000258,2.379402294146823,0.7009394572025052,440.20839100003843,3.114310057483349,0.12682672233820455
440.4114010000258,2.324916711378385,0.7545233124565067,440.44284800003845,3.3298315414441535,0.004697286012526058
440.6534680000258,2.244168900905571,0.8275922059846904,440.6831890000387,3.493663643967742,0.0
440.894422000026,2.137146436101289,0.9201461377870562,440.9707620000389,3.594755180974978,0.0
441.15489200002605,2.019503855290658,0.9937369519832984,441.1807690000391,3.6349333585022596,0.0
441.3930100000262,1.910552698213941,0.9999999999999999,441.440727000039,3.620614367645706,0.0
441.65488000002625,1.8227051457836572,0.9999999999999999,441.67412400003894,3.5588204846556533,0.0
441.8894060000264,1.762036988899101,0.9999999999999999,441.92556600003905,3.454437944171471,0.0
442.1368000000266,1.7303786506704926,0.9999999999999999,442.17266900003904,3.315049970597477,0.009394572025052199
442.3899890000267,1.724401058635751,0.9999999999999999,442.4166670000391,3.1602522801426187,0.09551148225469726
442.63228300002663,1.7383826821482569,0.9999999999999999,442.6726350000393,3.0159338799932733,0.18215031315240077
442.8803560000266,1.7680476149784192,0.9999999999999999,442.92829800003943,2.9008508169509115,0.2771398747390396
443.1272640000266,1.8103640154952771,0.9999999999999999,443.1640370000397,2.819957144509223,0.3502087682672234
443.37276800002667,1.8599557302862195,0.9999999999999999,443.4125920000399,2.762576234877265,0.4037926235212248
443.6258520000265,1.9097180379296703,0.9999999999999999,443.6646530000401,2.709418551257703,0.45494084899095333
443.8698190000266,1.9539295030180102,0.9999999999999999,443.9046000000401,2.644208417204708,0.5036534446764092
444.1382240000268,1.9876260232541874,0.9999999999999999,444.1620420000403,2.563006117896165,0.5718510786360472
444.3758090000267,2.0076832718927866,0.9999999999999999,444.39736700004033,2.471946935771786,0.6400487125956854
444.61693300002673,2.0156679037839518,0.9968684759916492,444.68350500004055,2.382387020744688,0.7009394572025052
444.86216600002695,2.0179832071227035,0.9953027139874738,444.9015980000409,2.3074052302696377,0.7593945720250523
445.1126720000269,2.0230141219739126,0.9937369519832984,445.14448800004106,2.259728840702277,0.8129784272790536
445.35312700002675,2.039449593661258,0.9843423799582462,445.400883000041,2.2483638283823506,0.8227209464161449
445.6066710000268,2.073560586199108,0.9639874739039666,445.63892600004095,2.2792631456794172,0.7837508698677803
445.8511890000268,2.1214259428318805,0.9264091858037578,445.8833020000408,2.354386131709351,0.727731384829506
446.09808800002685,2.1693790561278172,0.8982254697286012,446.1408650000408,2.467307185909537,0.6400487125956854
446.34907400002686,2.209580279280328,0.8575156576200417,446.3924580000408,2.60158621339626,0.5255741127348643
446.59857400002704,2.249603718014254,0.8227209464161449,446.6444230000408,2.737392727701525,0.4330201809324983
446.85263600002713,2.3025431088936896,0.7667014613778707,446.87889500004087,2.8570400148067145,0.31123869171885865
447.0971630000272,2.374445996998918,0.7106819763395964,447.12751100004095,2.9457132494592932,0.2406054279749478
447.3445350000273,2.4591146400183392,0.6473556019485038,447.3864700000412,2.995374025258905,0.2016353514265832
447.59367800002747,2.542044833185929,0.5864648573416842,447.6192190000412,3.0091380439187425,0.18458594293667369
447.83566700002757,2.6053133653362326,0.5231384829505916,447.88174900004117,2.9968619947845,0.2016353514265832
448.07966400002766,2.634970316845025,0.5085247042449547,448.12241700004154,2.969114107595874,0.22842727905358381
448.32758900002773,2.631371097591546,0.5085247042449547,448.36430700004144,2.9316936315657194,0.2479123173277661
448.6040360000279,2.606144165904246,0.5231384829505916,448.61338500004155,2.88413822310764,0.29418928322894916
448.82242300002804,2.576328494101956,0.5450591510090467,448.8552840000419,2.821549991638497,0.3502087682672234
449.067553000028,2.559144768293343,0.57428670842032,449.1047420000418,2.739918106730945,0.43058455114822547
449.31998400002817,2.562088538382886,0.57428670842032,449.3523320000418,2.640934866611865,0.5036534446764092
449.56765800002825,2.573804896920052,0.5499304105775922,449.601680000042,2.532204697502184,0.598643006263048
449.82157600002824,2.5696330010901653,0.552366040361865,449.85421400004225,2.426015903493304,0.6692762700069589
450.0699130000284,2.527148967036971,0.598643006263048,450.1026250000421,2.3362905707041928,0.7423451635351427
450.3074870000282,2.43704813694492,0.6619693806541406,450.3502140000422,2.271242374274953,0.7910577592205986
450.56347200002824,2.3061754660687526,0.761830201809325,450.59627900004216,2.228766104590376,0.8348990953375087
450.8023290000281,2.1518301503847836,0.9091858037578288,450.8356960000423,2.2051276591692077,0.8622129436325678
451.04830700002816,1.992525553209745,0.9999999999999999,451.09563300004214,2.203028458420012,0.8637787056367432
451.3015020000281,1.842097069799781,0.9999999999999999,451.33418000004235,2.228388830033312,0.8348990953375087
451.5554800000284,1.7094769938955987,0.9999999999999999,451.5916260000425,2.282845360400253,0.7813152400835075
451.8108260000284,1.600784073334437,0.9999999999999999,451.8341480000424,2.360894773333944,0.7228601252609604
452.0382470000285,1.5213385487104685,0.9999999999999999,452.0729770000426,2.448717395787216,0.6546624913013223
452.29629600002863,1.4742448793785383,0.9999999999999999,452.3515940000426,2.524813195297488,0.598643006263048
452.5374370000286,1.458452944699943,0.9999999999999999,452.5708900000424,2.5659185594932077,0.5572372999304106
452.7824470000286,1.466664403790011,0.9999999999999999,452.84844800004254,2.557232559460153,0.5767223382045928
453.0342040000283,1.4855378661819945,0.9999999999999999,453.07085300004263,2.500871547334436,0.622999304105776
453.27981200002847,1.5004326422994692,0.9999999999999999,453.3159820000426,2.412877121732893,0.6814544189283229
453.53222100002864,1.5004917480078899,0.9999999999999999,453.58000800004254,2.313935631872311,0.7569589422407795
453.7917160000288,1.4814597720598026,0.9999999999999999,453.8120350000426,2.2193379555308175,0.8528183716075156
454.0248010000291,1.4465306786409153,0.9999999999999999,454.05675600004264,2.1340079390986966,0.9201461377870562
454.27271700002916,1.4072864377966652,0.9999999999999999,454.3123750000428,2.0522323342581457,0.9749478079331941
454.5263920000293,1.3804922589480206,0.9999999999999999,454.55476200004307,1.9622840237382038,0.9999999999999999
454.7662460000294,1.3801792025261348,0.9999999999999999,454.8039160000431,1.8519680818007398,0.9999999999999999
455.02665500002956,1.410138340169023,0.9999999999999999,455.0502520000431,1.7161690997778565,0.9999999999999999
455.2672840000295,1.4616464096124717,0.9999999999999999,455.3023000000432,1.562605454989852,0.9999999999999999
455.5126270000296,1.5156325084215856,0.9999999999999999,455.56278700004356,1.408710750372725,0.9999999999999999
455.7606960000298,1.551783663380535,0.9999999999999999,455.79467600004375,1.2728940545918739,0.9999999999999999
456.00618500003,1.5584475018360424,0.9999999999999999,456.04517300004403,1.16853127687211,0.9999999999999999
456.27811600002997,1.538232659430484,0.9999999999999999,456.2872320000441,1.1017528305470803,0.9999999999999999
456.51258800003,1.5024086770611822,0.9999999999999999,456.53321500004404,1.0708409019748681,0.9999999999999999
456.7615740000301,1.463020648560351,0.9999999999999999,456.78511200004414,1.0678038400286256,0.9999999999999999
457.00163700003014,1.4283618381112642,0.9999999999999999,457.04060600004453,1.0835450664846344,0.9999999999999999
457.24355600003,1.39961745637323,0.9999999999999999,457.2745820000448,1.1129791779797598,0.9999999999999999
457.4899840000303,1.3727830375170966,0.9999999999999999,457.5667480000448,1.156285111859076,0.9999999999999999
457.7406140000303,1.3439321589047046,0.9999999999999999,457.77811600004503,1.218199510770194,0.9999999999999999
457.9906390000302,1.3132979570164434,0.9999999999999999,458.052484000045,1.3033706780861374,0.9999999999999999
458.2439790000302,1.2827451555244531,0.9999999999999999,458.31051500004486,1.4094211110641965,0.9999999999999999
458.4810720000301,1.25128269992805,0.9999999999999999,458.51649900004503,1.525599183525551,0.9999999999999999
458.7315330000302,1.2172174809877714,0.9999999999999999,458.7641460000449,1.6402484765127214,0.9999999999999999
458.9794610000304,1.182959367969429,0.9999999999999999,459.0145500000448,1.7469390954141941,0.9999999999999999
459.22444400003053,1.1573297190314307,0.9999999999999999,459.26456600004514,1.8471685570056655,0.9999999999999999
459.49343800003066,1.1548180546349536,0.9999999999999999,459.51448900004505,1.9474693589355847,0.9999999999999999
459.7658460000308,1.1904650974955573,0.9999999999999999,459.754624000045,2.0555418270003867,0.9749478079331941
459.96648700003084,1.2725151137097765,0.9999999999999999,460.0309210000452,2.1762171699646062,0.8950939457202505
460.21180600003083,1.400401047393389,0.9999999999999999,460.25150800004525,2.310862869763237,0.7593945720250523
460.46244700003103,1.5672361555097263,0.9999999999999999,460.5068590000453,2.456648299073813,0.6497912317327766
460.71498500003094,1.7582457300050127,0.9999999999999999,460.7482820000452,2.6017705356672365,0.5255741127348643
460.96176400003105,1.9480022208591032,0.9999999999999999,460.9974920000453,2.723397472201968,0.4451983298538623
461.2083870000311,2.1004077411798683,0.9436325678496869,461.25145700004543,2.7970416201647352,0.36482254697286015
461.45172100003134,2.1802877113156995,0.8872651356993736,461.4942480000455,2.8106028270057495,0.35264439805149617
461.69684600003137,2.1701625741973753,0.8982254697286012,461.74143900004566,2.7724193058442608,0.39161447459986076
461.9473200000314,2.0806013376469634,0.957724425887265,462.0353710000457,2.7037356847796032,0.45981210855949906
462.20593500003116,1.9428035198497229,0.9999999999999999,462.23224200004586,2.628601867473969,0.5109603340292275
462.435264000031,1.7937294630323828,0.9999999999999999,462.48225000004595,2.5646649432329065,0.5694154488517745
462.69076900003085,1.6639666207128585,0.9999999999999999,462.72931300004586,2.518874581483861,0.6059498956158663
462.93522200003076,1.5722796636875114,0.9999999999999999,462.9834210000461,2.4861760246302715,0.6327418232428671
463.18328500003093,1.5241678468916655,0.9999999999999999,463.2443110000462,2.4523849980826586,0.6546624913013223
463.4263700000309,1.5138110696065352,0.9999999999999999,463.46817900004635,2.4044970643810504,0.6911969380654142
463.68429400003095,1.5312875465813645,0.9999999999999999,463.7162390000464,2.3436623397452614,0.7326026443980515
463.9231320000309,1.5685585409145795,0.9999999999999999,463.9657260000466,2.288075475694785,0.7813152400835075
464.1723160000309,1.6203372210137794,0.9999999999999999,464.21073400004667,2.2604110970994493,0.808107167710508
464.4182450000311,1.6791845394737501,0.9999999999999999,464.47131400004656,2.275236556449737,0.7886221294363258
464.67309400003126,1.734799204089945,0.9999999999999999,464.7081280000467,2.329652151047065,0.7496520528879612
464.917140000031,1.7774848409203767,0.9999999999999999,464.9616500000467,2.400878804061476,0.6911969380654142
465.159063000031,1.801219523323231,0.9999999999999999,465.2125740000467,2.4611369499196556,0.6424843423799583
465.4116130000311,1.806398687822631,0.9999999999999999,465.4480740000467,2.4943996301939797,0.6303061934585943
465.65707600003117,1.80117147184983,0.9999999999999999,465.71715700004677,2.4961297432534137,0.6254349338900488
465.9115800000312,1.8009547555704015,0.9999999999999999,465.95919100004687,2.46927426352701,0.6400487125956854
466.1496640000314,1.8217394276873746,0.9999999999999999,466.195200000047,2.4223602337382095,0.6765831593597774
466.41062600003164,1.870300927413638,0.9999999999999999,466.4545210000471,2.3646859274901337,0.7204244954766876
466.6425340000315,1.936700539068238,0.9999999999999999,466.69398600004706,2.3041646654907266,0.761830201809325
466.90057700003166,1.9976771766741628,0.9999999999999999,466.93916600004724,2.247839144081836,0.8227209464161449
467.16609900003164,2.033197348296847,0.9859081419624216,467.20191300004734,2.202062011945779,0.8637787056367432
467.39249400003155,2.0407049045426353,0.9812108559498955,467.43103300004753,2.170596822841471,0.8982254697286012
467.6502040000314,2.030775971454047,0.987473903966597,467.6790880000475,2.155612070753513,0.9091858037578288
467.8884720000313,2.014968109936071,0.9968684759916492,467.9270170000475,2.1605498411015986,0.9044885177453027
468.1360380000312,2.004981579044329,0.9999999999999999,468.1779420000474,2.1907774280920433,0.8747390396659707
468.3800280000312,2.011498577060167,0.9968684759916492,468.44696000004734,2.235365031754019,0.8324634655532359
468.6280880000313,2.040985047797607,0.9812108559498955,468.67101000004726,2.2545685609907635,0.8178496868475993
468.8865010000313,2.0915350497359455,0.9498956158663883,468.9224540000473,2.2196779959855357,0.8528183716075156
469.1214970000311,2.1494514298274683,0.9123173277661795,469.16841800004727,2.138953810903168,0.9201461377870562
469.37506000003145,2.1924406344246385,0.8731732776617953,469.4103140000472,2.0362051362809614,0.9843423799582462
469.6308220000314,2.2037233392211264,0.8622129436325678,469.6733790000472,1.932725067517798,0.9999999999999999
469.8643660000313,2.1848246498918567,0.8778705636743214,469.90496300004736,1.8445681633314743,0.9999999999999999
470.11884400003134,2.1515178451839985,0.9107515657620041,470.1628700000473,1.7820370429451284,0.9999999999999999
470.3733420000314,2.123031911691233,0.9264091858037578,470.4328520000472,1.750587315912542,0.9999999999999999
470.6123780000313,2.114956026027193,0.9326722338204593,470.6557620000474,1.7514370689011067,0.9999999999999999
470.85880800003144,2.136626824126326,0.9201461377870562,470.9118370000476,1.7774529999130781,0.9999999999999999
471.1018630000315,2.189007635447524,0.876304801670146,471.16623800004777,1.8087412732535766,0.9999999999999999
471.3499260000315,2.2634386243842295,0.8056715379262352,471.40021100004805,1.815981564313711,0.9999999999999999
471.6028480000315,2.3468793550262466,0.7326026443980515,471.64632900004807,1.783169323076094,0.9999999999999999
471.8483690000315,2.4281894985005197,0.6692762700069589,471.89923800004846,1.7221304214874937,0.9999999999999999
472.0966880000316,2.5011633638659867,0.622999304105776,472.1378170000484,1.6552400660768787,0.9999999999999999
472.3452340000317,2.5626413407649475,0.5718510786360472,472.3922920000485,1.5943236083751842,0.9999999999999999
472.59729900003185,2.6094253865769894,0.5207028531663188,472.63375100004896,1.5397519661307382,0.9999999999999999
472.84178700003196,2.6360326277694774,0.5085247042449547,472.881070000049,1.4866398446564266,0.9999999999999999
473.09685500003195,2.6357159638679803,0.5085247042449547,473.1346220000488,1.4307180899147185,0.9999999999999999
473.335798000032,2.608119830309599,0.5207028531663188,473.3826920000488,1.3728507182832665,0.9999999999999999
473.5997930000321,2.5655057579875984,0.5621085594989562,473.629095000049,1.3190861597328403,0.9999999999999999
473.833722000032,2.52861130092532,0.598643006263048,473.87409400004924,1.2779056464472358,0.9999999999999999
474.0857670000319,2.5181645640090324,0.6059498956158663,474.12556300004934,1.2563435810522865,0.9999999999999999
474.33723800003185,2.550245928310939,0.5815935977731385,474.3629760000494,1.2570863050393286,0.9999999999999999
474.5717320000323,2.6318157030796328,0.5085247042449547,474.61955400004956,1.2762854538628172,0.9999999999999999
474.8385160000324,2.7581298238840035,0.4062282533054975,474.8608450000496,1.303372154100887,0.9999999999999999
475.07572200003256,2.9170367028697077,0.2600904662491301,475.12776200004987,1.3269457898772306,0.9999999999999999
475.3227270000326,3.091056559806433,0.1346555323590814,475.39032600004987,1.3417341439320043,0.9999999999999999
475.56702000003264,3.2600263148595436,0.03914405010438415,475.60479300005005,1.3506026124518482,0.9999999999999999
475.8191130000326,3.4051916925732852,0.0,475.8558090000502,1.3597995854423592,0.9999999999999999
476.0584410000325,3.5115948454604986,0.0,476.10769500005057,1.3738904000467071,0.9999999999999999
476.3016440000327,3.573191579982935,0.0,476.35719100005076,1.3928403499824629,0.9999999999999999
476.5595630000329,3.5893394232498563,0.0,476.60513400005067,1.4139069591853966,0.9999999999999999
476.81841800003275,3.5604192776366297,0.0,476.84429100005076,1.432868124853568,0.9999999999999999
477.0635440000329,3.4876156171079615,0.0,477.088620000051,1.4489926916644411,0.9999999999999999
477.2976200000329,3.3766934888712434,0.0,477.3556950000508,1.465818711691261,0.9999999999999999
477.5415840000328,3.242862248982901,0.0501043841336117,477.5885920000508,1.4874846428176103,0.9999999999999999
477.7955060000327,3.1097487771239707,0.1283924843423799,477.83423000005115,1.5134120739648984,0.9999999999999999
478.0578810000327,3.003403981464548,0.18702157272094644,478.1082090000512,1.5366285459988631,0.9999999999999999
478.28945200003255,2.941624380850066,0.24304105775922058,478.33305600005104,1.5472026098071443,0.9999999999999999
478.53094100003284,2.9301586817017236,0.2479123173277661,478.59354400005105,1.5369010042058018,0.9999999999999999
478.793956000033,2.959309325694725,0.2332985386221295,478.83659100005104,1.5025608770252104,0.9999999999999999
479.0322870000331,3.004883006524892,0.18702157272094644,479.0760810000512,1.4475644714596057,0.9999999999999999
479.2793620000332,3.0429848557008077,0.167536534446764,479.3209490000511,1.381142280974886,0.9999999999999999
479.53086700003337,3.0644801593851776,0.15779401530967294,479.56253300005096,1.3153142590496771,0.9999999999999999
479.77533000003365,3.077415002021244,0.1471816283924843,479.8320540000511,1.2602063405544148,0.9999999999999999
480.02341200003383,3.096457548750454,0.1315240083507307,480.0694650000509,1.2249337849437345,0.9999999999999999
480.268199000034,3.133670357332982,0.11430062630480166,480.3124920000512,1.2141390938124972,0.9999999999999999
480.5233550000341,3.1849508768374006,0.07985386221294365,480.56599900005125,1.2264632986457078,0.9999999999999999
480.7641860000339,3.218719340949117,0.0626304801670146,480.8100470000513,1.256611345462294,0.9999999999999999
481.01419400003414,3.196117634848524,0.07359081419624215,481.0560610000516,1.296784583103721,0.9999999999999999
481.2622440000342,3.1004758192288864,0.1315240083507307,481.30684900005156,1.3383729860400289,0.9999999999999999
481.5103230000342,2.9425802217970567,0.24304105775922058,481.5468100000518,1.372961745594603,0.9999999999999999
481.7536350000342,2.745837151155636,0.42327766179540705,481.79486600005185,1.3946543687358757,0.9999999999999999
482.00719500003436,2.5330896351256875,0.5962073764787752,482.0510180000518,1.4011572426031813,0.9999999999999999
482.24717100003437,2.32056893141041,0.7545233124565067,482.2953490000519,1.3944871314327987,0.9999999999999999
482.5163700000342,2.119146440910242,0.9295407098121085,482.54534400005207,1.3800897535581231,0.9999999999999999
482.74762800003424,1.9374639569974708,0.9999999999999999,482.78633600005224,1.3638678216536475,0.9999999999999999
483.01211400003444,1.7832706173821933,0.9999999999999999,483.0684140000523,1.3486661794741197,0.9999999999999999
483.2391880000345,1.6626324228066836,0.9999999999999999,483.31001600005226,1.334257123898369,0.9999999999999999
483.4900140000348,1.5799404172050804,0.9999999999999999,483.53501200005223,1.3205732627813616,0.9999999999999999
483.73596800003475,1.5382274854501348,0.9999999999999999,483.77269700005206,1.3090453626156824,0.9999999999999999
483.98758500003476,1.5397038615861942,0.9999999999999999,484.0219030000521,1.3010417117805728,0.9999999999999999
484.23260000003484,1.5819147672358238,0.9999999999999999,484.27384000005236,1.2989258618836437,0.9999999999999999
484.48997300003487,1.656404031960915,0.9999999999999999,484.5287620000524,1.3075431895921727,0.9999999999999999
484.7304780000349,1.753034181364781,0.9999999999999999,484.7728770000524,1.3350865640849627,0.9999999999999999
484.9730270000345,1.860265047964615,0.9999999999999999,485.0307130000525,1.3905700267713406,0.9999999999999999
485.21993300003476,1.9669990642776727,0.9999999999999999,485.2672010000524,1.4815857952524025,0.9999999999999999
485.4685130000347,2.0651654992004613,0.9686847599164926,485.5239440000527,1.6110359619704282,0.9999999999999999
485.7184940000346,2.1474210727338034,0.9138830897703548,485.7642400000526,1.776802932845432,0.9999999999999999
485.9704030000346,2.2075683322413626,0.8606471816283924,486.01217600005293,1.9711857507376007,0.9999999999999999
486.21489200003464,2.2454567465443085,0.8227209464161449,486.2671740000532,2.1792214246182944,0.888830897703549
486.4592880000348,2.267888972110225,0.7959290187891441,486.49780000005325,2.3767463673651847,0.703375086986778
486.71927000003495,2.2894165482672664,0.774008350730689,486.7502230000534,2.537617757521475,0.5913361169102297
486.95929600003495,2.325241996408675,0.752087682672234,486.9971280000536,2.646821385735856,0.49634655532359084
487.204268000035,2.3772941064350452,0.7009394572025052,487.24878900005353,2.70299182034662,0.45981210855949906
487.4508220000348,2.430453287725858,0.6668406402226862,487.49376900005365,2.712327397265611,0.4500695894224078
487.69281500003456,2.4716591736409725,0.6400487125956854,487.7420960000536,2.687166777224858,0.4719902574808629
487.9507970000346,2.4971252505810377,0.6254349338900488,487.99709800005394,2.645403492979571,0.49878218510786365
488.1892140000347,2.5082999616803257,0.6132567849686847,488.24854600005426,2.6068191019232723,0.5231384829505916
488.44474800003485,2.508915020524888,0.6132567849686847,488.4856530000544,2.5881822258832634,0.540187891440501
488.6887140000347,2.5070834906796455,0.6132567849686847,488.7397010000546,2.6000002084311538,0.5280097425191371
488.9511200000346,2.5168764519002793,0.6059498956158663,488.9765980000547,2.6426037661513284,0.5036534446764092
489.18210800003476,2.5544369812096472,0.5767223382045928,489.23046200005473,2.7039515869193402,0.45981210855949906
489.4386800000347,2.63477224280246,0.5085247042449547,489.4840030000549,2.7643760879752683,0.3989213639526792
489.6770910000351,2.7680108594532564,0.39161447459986076,489.72299700005505,2.8037966361950786,0.355080027835769
489.9275860000353,2.9574600837936607,0.23573416840640227,489.977050000055,2.808606852566829,0.35264439805149617
490.18950300003553,3.1920239559727763,0.0751565762004175,490.22270700005515,2.777822806283697,0.389178844815588
490.4251520000356,3.436334525337381,0.0,490.4684500000554,2.7225809619231205,0.4451983298538623
490.66959200003555,3.6322433417834548,0.0,490.7455520000554,2.6595847202952703,0.4841684064022269
490.91754300003555,3.727806488871135,0.0,490.96443100005536,2.602852141748517,0.5255741127348643
491.1660940000355,3.711732600463537,0.0,491.20842600005545,2.558594859684779,0.57428670842032
491.41414500003555,3.6116305083013214,0.0,491.4579720000556,2.5244059065331412,0.598643006263048
491.6586250000356,3.467304818987778,0.0,491.70300100005585,2.4905914322467737,0.6303061934585943
491.9079800000356,3.3161592284193953,0.009394572025052199,491.95510300005606,2.4470024071945793,0.6546624913013223
492.16262000003593,3.1843139248868058,0.07985386221294365,492.20234300005615,2.3938720905239372,0.6936325678496869
492.4025930000359,3.084606251937855,0.14561586638830895,492.4403530000562,2.3435142620656855,0.7326026443980515
492.64795300003584,3.0188276007662553,0.18215031315240077,492.700320000056,2.3087823940917827,0.7593945720250523
492.89651900003594,2.9807922132003473,0.2113778705636743,492.9414650000561,2.295933214609773,0.7691370911621433
493.14392200003607,2.9615135540469293,0.2308629088378566,493.19290000005594,2.3006996672211715,0.7667014613778707
493.40197000003616,2.950370125930371,0.23816979819067502,493.434287000056,2.3119946591832523,0.7593945720250523
493.66337800003635,2.932163560707062,0.2479123173277661,493.6838560000558,2.3219845789778613,0.7545233124565067
493.89453400003634,2.8913094294745916,0.2917536534446764,493.9502850000557,2.3328367663281577,0.7496520528879612
494.1388390000363,2.8153892591772043,0.3502087682672234,494.1773470000558,2.3532961548564453,0.7301670146137788
494.3912490000364,2.706024892391558,0.45981210855949906,494.424746000056,2.3876306486811636,0.6985038274182325
494.6273860000363,2.58037228062359,0.5450591510090467,494.6848420000561,2.4234231784995632,0.6765831593597774
494.8798000000364,2.4660485729519737,0.6400487125956854,494.917394000056,2.4304255858813217,0.6668406402226862
495.1228390000365,2.388776589684269,0.6985038274182325,495.169289000056,2.3832065053534324,0.7009394572025052
495.3773480000365,2.3653586948475023,0.7204244954766876,495.4242790000559,2.2791077802883555,0.7837508698677803
495.6211880000366,2.400130356646268,0.6936325678496869,495.664047000056,2.1358608201266818,0.9201461377870562
495.87039300003676,2.4813674696430734,0.6351774530271398,495.9185290000561,1.9781623508180723,0.9999999999999999
496.116414000037,2.592061823523847,0.5377522616562282,496.1610750000559,1.8252787901519056,0.9999999999999999
496.3633020000372,2.7201317323962093,0.4451983298538623,496.40591000005605,1.6876667273565924,0.9999999999999999
496.6157200000373,2.8559746786879425,0.3161099512874044,496.66188900005625,1.5692359163493257,0.9999999999999999
496.8582850000375,2.9877542195707574,0.20650661099512874,496.9030610000563,1.4717276919200923,0.9999999999999999
497.10634500003744,3.1015597618741833,0.1315240083507307,497.15895600005643,1.3985034473754563,0.9999999999999999
497.3558420000375,3.1862515736158956,0.07985386221294365,497.39585700005676,1.3551824432300794,0.9999999999999999
497.60517100003756,3.237607523533904,0.05167014613778705,497.64996900005707,1.3468362684709891,0.9999999999999999
497.8807230000379,3.257736856509516,0.0407098121085595,497.89698600005715,1.3763473819290817,0.9999999999999999
498.09631500003803,3.251497684578071,0.04540709812108556,498.14700600005716,1.441946787259856,0.9999999999999999
498.35057100003803,3.2233035126236333,0.0594989561586639,498.38490500005724,1.5313880022030188,0.9999999999999999
498.5936600000379,3.1747390567175797,0.0845511482254697,498.6423120000574,1.6204411786970558,0.9999999999999999
498.8421890000382,3.105150935798827,0.12995824634655526,498.8829470000574,1.6811283729832356,0.9999999999999999
499.08858900003827,3.0182306494637263,0.18215031315240077,499.1398460000575,1.6996709797362017,0.9999999999999999
499.3405280000384,2.929555517231857,0.2479123173277661,499.3808570000576,1.683526017690248,0.9999999999999999
499.5880840000386,2.863149496084383,0.30393180236604034,499.63496900005765,1.6504932775692662,0.9999999999999999
499.8380730000384,2.8349278579771138,0.3404662491301322,499.8853460000577,1.6187701323403385,0.9999999999999999
500.0809940000384,2.8450139502409715,0.3307237299930411,500.1228760000579,1.6016381104878095,0.9999999999999999
500.3429210000385,2.8815882846335907,0.2966249130132219,500.3807910000579,1.6076828725737486,0.9999999999999999
500.57812400003866,2.92577881352867,0.250347947112039,500.61563800005814,1.6417869799036233,0.9999999999999999
500.8214550000386,2.9529816241001563,0.23816979819067502,500.86283600005834,1.704115760452956,0.9999999999999999
501.0924420000387,2.9414076374177687,0.24304105775922058,501.1131820000585,1.784650519603225,0.9999999999999999
501.3155300000387,2.88210451064064,0.2966249130132219,501.3607530000586,1.8641492501829746,0.9999999999999999
501.5694940000387,2.7770658445066014,0.389178844815588,501.62623900005843,1.921861916085491,0.9999999999999999
501.81291400003875,2.6347255702380274,0.5085247042449547,501.85762500005853,1.9467579360652476,0.9999999999999999
502.05482500003905,2.4702460319360475,0.6400487125956854,502.1055590000585,1.9448409656386414,0.9999999999999999
502.31546300003913,2.299728492838674,0.7667014613778707,502.3697660000586,1.9387261580698858,0.9999999999999999
502.56205800003914,2.133094563769607,0.9217118997912316,502.6055330000586,1.9569034160406455,0.9999999999999999
502.8023620000393,1.9761385066311656,0.9999999999999999,502.8495840000588,2.022332547883469,0.9937369519832984
503.05594100003935,1.8339033278717136,0.9999999999999999,503.0914880000588,2.1388173837681936,0.9201461377870562
503.29732300003946,1.7099104153160023,0.9999999999999999,503.33762400005884,2.2842159297058506,0.7813152400835075
503.5514320000393,1.6059047820156973,0.9999999999999999,503.60066300005883,2.4211953716956156,0.6790187891440501
503.7933070000394,1.5235041011522206,0.9999999999999999,503.84000600005896,2.516920762761209,0.6059498956158663
504.0413620000395,1.4633283959465988,0.9999999999999999,504.0799900000592,2.555376927709937,0.5767223382045928
504.30471200003973,1.4246953380221234,0.9999999999999999,504.34566900005916,2.5385114972261924,0.5913361169102297
504.54392600003973,1.405973205868579,0.9999999999999999,504.5865670000591,2.47784937083897,0.6351774530271398
504.78788600003986,1.4056042783008365,0.9999999999999999,504.8345880000592,2.3883529235310883,0.6985038274182325
505.04180600004,1.4185665495855533,0.9999999999999999,505.0820260000593,2.2837844199818886,0.7813152400835075
505.2806230000402,1.4362436818621984,0.9999999999999999,505.32349400005904,2.1754988495803333,0.8950939457202505
505.5491990000402,1.4506878862371826,0.9999999999999999,505.57489900005913,2.071290071272656,0.9686847599164926
505.78224100004024,1.4584962195565765,0.9999999999999999,505.81797800005927,1.9778168436349108,0.9999999999999999
506.0217390000403,1.4606671682192771,0.9999999999999999,506.06087000005925,1.9007985612906562,0.9999999999999999
506.2778380000405,1.4615617013771194,0.9999999999999999,506.31333000005924,1.8457318539031609,0.9999999999999999
506.5246350000406,1.4692698420929828,0.9999999999999999,506.5664930000594,1.8219504389507026,0.9999999999999999
506.7637750000408,1.4912051608448496,0.9999999999999999,506.8195560000594,1.8408283093697708,0.9999999999999999
507.01570400004084,1.5332803145143203,0.9999999999999999,507.05840700005933,1.903170049203543,0.9999999999999999
507.2591120000407,1.603172999207891,0.9999999999999999,507.31681500005936,1.9937514122170605,0.9999999999999999
507.5086010000409,1.7057436057968598,0.9999999999999999,507.56451000005944,2.092327469982729,0.9483298538622129
507.74971300004086,1.8358631749890537,0.9999999999999999,507.7993590000596,2.1849088033855515,0.8778705636743214
508.0024940000409,1.9794338510348424,0.9999999999999999,508.06076000005964,2.2726734504565003,0.7910577592205986
508.2540410000408,2.118747047506238,0.9295407098121085,508.2931760000595,2.3682958206977673,0.7155532359081421
508.50455200004086,2.2417857104663117,0.8275922059846904,508.5423790000594,2.4789744048624,0.6351774530271398
508.75902300004077,2.3449707172597773,0.7326026443980515,508.78980100005947,2.5914470893131614,0.5377522616562282
508.989666000041,2.4293453966643934,0.6692762700069589,509.03638800005956,2.6745603270423723,0.4792971468336813
509.2424390000411,2.496609145985772,0.6254349338900488,509.31668900005974,2.7002498966793422,0.46711899791231737
509.49997600004116,2.5480999451097768,0.5815935977731385,509.53716100005977,2.6598966881742303,0.4841684064022269
509.7375480000412,2.58342772718832,0.540187891440501,509.78025800005975,2.5706191133355336,0.5499304105775922
509.9856300000412,2.6002732604771244,0.5280097425191371,510.02910400005993,2.464826759240114,0.6400487125956854
510.2304140000413,2.595412380080724,0.5353166318719554,510.27265200006013,2.37376419359701,0.7106819763395964
510.4799060000417,2.568789012979194,0.5548016701461379,510.5252320000603,2.317234025347813,0.7545233124565067
510.73956700004186,2.5301843990608686,0.598643006263048,510.7776510000605,2.3003316066323647,0.7667014613778707
510.9758560000418,2.5042319998689924,0.6181280445372305,511.01712200006057,2.3195862085144237,0.7545233124565067
511.233530000042,2.5246991550716826,0.598643006263048,511.2701960000607,2.3658474812805683,0.7204244954766876
511.47341200004206,2.6201078301582568,0.5133959638135004,511.5222560000609,2.4234301178875644,0.6765831593597774
511.7224970000419,2.7970210720354935,0.36482254697286015,511.762608000061,2.472689771259013,0.6400487125956854
511.9708120000419,3.0358115127776664,0.16997216423103692,512.0301660000612,2.4983482463827396,0.622999304105776
512.208896000042,3.2971939765587255,0.02035490605427975,512.2556620000613,2.4949006259721513,0.6303061934585943
512.4698910000425,3.531600985973653,0.0,512.5201390000614,2.468460142216877,0.6400487125956854
512.7038460000424,3.693073798538051,0.0,512.7601340000615,2.430233987277493,0.6668406402226862
512.9542020000425,3.752421720252527,0.0,513.0009650000616,2.3863435917743403,0.7009394572025052
513.2254420000426,3.7038507057687613,0.0,513.2516010000619,2.330782896837664,0.7496520528879612
513.4498040000426,3.564380408491473,0.0,513.4949480000621,2.251587452322525,0.8227209464161449
513.6992830000426,3.368827725145427,0.0,513.7465580000622,2.1412369193826537,0.9185803757828809
513.9492930000428,3.1593121800385027,0.09551148225469726,513.9901450000623,2.0070408056369287,0.9999999999999999
514.1976880000427,2.9717507879299365,0.22599164926931103,514.2441160000621,1.8675299965809906,0.9999999999999999
514.4433090000425,2.8286721930691527,0.34777313848295066,514.4934620000623,1.7465746092661232,0.9999999999999999
514.6887810000426,2.739106442940356,0.43058455114822547,514.7394440000623,1.6677674578512538,0.9999999999999999
514.9407470000426,2.6980982532519366,0.46711899791231737,514.9924930000627,1.6506868566386173,0.9999999999999999
515.1861940000427,2.687156570521797,0.4719902574808629,515.2294330000628,1.706217309101252,0.9999999999999999
515.4332600000428,2.6824219541837175,0.4768615170494086,515.476849000063,1.8240176948952231,0.9999999999999999
515.6832120000429,2.665574579469338,0.4841684064022269,515.7293970000629,1.9594771140451135,0.9999999999999999
515.9261420000431,2.6304595913032154,0.5109603340292275,515.9760270000628,2.0473628851938908,0.9796450939457202
516.1751360000433,2.583617338372987,0.540187891440501,516.220808000063,2.0460222929440564,0.9812108559498955
516.4351220000433,2.5383820916755253,0.5913361169102297,516.4674470000631,1.96046657421609,0.9999999999999999
516.6659640000432,2.5097498811572945,0.6132567849686847,516.7199950000632,1.8227732903084488,0.9999999999999999
516.9185160000434,2.5139239632615826,0.6083855254001391,516.9803850000632,1.6682699629567415,0.9999999999999999
517.1699730000435,2.566178712778202,0.5572372999304106,517.2123850000633,1.523157196960527,0.9999999999999999
517.4165940000436,2.6761362072841353,0.4792971468336813,517.4664530000634,1.4034917689561384,0.9999999999999999
517.6651640000438,2.8427490982124164,0.3307237299930411,517.7052960000635,1.3174982151325185,0.9999999999999999
517.9115500000438,3.0501556912231003,0.16510090466249125,517.9552900000634,1.2679264368812104,0.9999999999999999
518.1565650000439,3.269183128778875,0.037578288100208794,518.1999290000632,1.2518821212496416,0.9999999999999999
518.407506000044,3.4622171884488147,0.0,518.4478430000632,1.2619451025299506,0.9999999999999999
518.6539060000442,3.5865984766267487,0.0,518.6966870000633,1.2889757328315532,0.9999999999999999
518.9009950000442,3.602797326066733,0.0,518.9462430000633,1.3254301287777777,0.9999999999999999
519.145837000044,3.4967753672290547,0.0,519.1952220000634,1.3682241403828719,0.9999999999999999
519.4069780000441,3.289297302576803,0.023486430062630455,519.4386390000635,1.4194957843180267,0.9999999999999999
519.6743970000443,3.0197408510800825,0.18215031315240077,519.6832790000635,1.4830461463394458,0.9999999999999999
519.9009940000444,2.7283055451109552,0.4427627000695894,519.9297540000637,1.5600802028284637,0.9999999999999999
520.1534370000446,2.448847149981643,0.6546624913013223,520.1961750000638,1.6473608222646214,0.9999999999999999
520.3893320000446,2.2063677995931346,0.8606471816283924,520.4278010000635,1.7351866109106358,0.9999999999999999
520.6458060000448,2.0139785829120718,0.9968684759916492,520.6842280000634,1.8130224482019723,0.9999999999999999
520.9143030000449,1.869171482144192,0.9999999999999999,520.9302550000633,1.876305102723928,0.9999999999999999
521.1283640000449,1.7610086863818877,0.9999999999999999,521.1810620000633,1.9285496694453126,0.9999999999999999
521.3728540000451,1.6784081750996829,0.9999999999999999,521.4170270000634,1.9759335167331846,0.9999999999999999
521.633316000045,1.6137356854679075,0.9999999999999999,521.6695820000637,2.0227662859367177,0.9937369519832984
521.8732920000449,1.5641093881194363,0.9999999999999999,521.9200790000637,2.069432311155554,0.9686847599164926
522.116210000045,1.5304035823430184,0.9999999999999999,522.1659860000636,2.113114063095039,0.9326722338204593
522.3682620000453,1.5121940152193076,0.9999999999999999,522.4136290000637,2.151766571034298,0.9091858037578288
522.6142480000454,1.504756160457313,0.9999999999999999,522.6700230000637,2.186191656192652,0.876304801670146
522.8611500000457,1.5006756049865282,0.9999999999999999,522.9043950000636,2.22380932746199,0.8470772442588729
523.1156110000456,1.4941201454932642,0.9999999999999999,523.1619590000636,2.278330331718186,0.7837508698677803
523.3607300000456,1.482439726896955,0.9999999999999999,523.4269400000636,2.360108692941255,0.7252957550452331
523.6051190000455,1.4650019675740003,0.9999999999999999,523.6575740000636,2.4693327261345193,0.6400487125956854
523.8526380000455,1.441234714455994,0.9999999999999999,523.8978940000636,2.5959032387795578,0.5328810020876826
524.1115180000454,1.4108273195367949,0.9999999999999999,524.1509540000637,2.7196491867242525,0.4451983298538623
524.3515250000452,1.3791002555665677,0.9999999999999999,524.3995290000638,2.8143119235089595,0.3502087682672234
524.5950720000451,1.3595993489505485,0.9999999999999999,524.6628530000638,2.8612564619081975,0.30393180236604034
524.8521350000451,1.3676743314759405,0.9999999999999999,524.8919010000639,2.857912481598687,0.30636743215031315
525.0885850000448,1.4096676463748605,0.9999999999999999,525.1369290000636,2.812174704881823,0.3502087682672234
525.3434260000453,1.4800482874790546,0.9999999999999999,525.3818910000632,2.7394593392152196,0.43058455114822547
525.5840450000458,1.5638410567329892,0.9999999999999999,525.6362630000631,2.6588309639785326,0.4841684064022269
525.8333950000456,1.6437559403750959,0.9999999999999999,525.876248000063,2.5839832621230343,0.540187891440501
526.0814290000458,1.7073736213031152,0.9999999999999999,526.1269130000632,2.5164921824816506,0.6059498956158663
526.3370850000457,1.749646289449113,0.9999999999999999,526.3737890000633,2.4498273352199282,0.6546624913013223
526.5706580000458,1.772901719054423,0.9999999999999999,526.6362170000631,2.374994415805941,0.7082463465553237
526.8246490000457,1.7843588938327433,0.9999999999999999,526.8702070000629,2.2853468556034513,0.7813152400835075
527.0737310000457,1.7921303765014245,0.9999999999999999,527.1304220000624,2.179809217350275,0.8872651356993736
527.3201530000454,1.8012455243260885,0.9999999999999999,527.3708840000625,2.0648915700621346,0.9686847599164926
527.5706280000447,1.81074370898337,0.9999999999999999,527.6113200000626,1.951861855739349,0.9999999999999999
527.8170680000451,1.8157071337319144,0.9999999999999999,527.8687150000627,1.850686104421424,0.9999999999999999
528.0906070000451,1.8093802316911896,0.9999999999999999,528.1021290000626,1.7691564199182064,0.9999999999999999
528.3122110000453,1.7867114013073235,0.9999999999999999,528.3572600000626,1.7135407332015637,0.9999999999999999
528.583514000045,1.7486312625828917,0.9999999999999999,528.609295000062,1.687814380414343,0.9999999999999999
528.8070830000449,1.7041047526701483,0.9999999999999999,528.8527180000622,1.6925582651801205,0.9999999999999999
529.0505490000448,1.6665324756938609,0.9999999999999999,529.0945780000618,1.7243369602252523,0.9999999999999999
529.3149080000449,1.645213650531999,0.9999999999999999,529.3455560000625,1.7749024292430509,0.9999999999999999
529.5610270000452,1.6440361158982977,0.9999999999999999,529.5919930000626,1.8278695919071333,0.9999999999999999
529.794561000045,1.6580246637758511,0.9999999999999999,529.8426210000624,1.8647060580834691,0.9999999999999999
530.0389280000448,1.6758032282535342,0.9999999999999999,530.0935840000625,1.872944140979186,0.9999999999999999
530.295101000045,1.687956083241298,0.9999999999999999,530.3432370000625,1.8490284237992822,0.9999999999999999
530.5408270000445,1.6921731079680657,0.9999999999999999,530.5960490000624,1.7977688926682527,0.9999999999999999
530.8000440000442,1.6926649907320344,0.9999999999999999,530.8419430000623,1.7288734366997136,0.9999999999999999
531.0374520000445,1.6978402920288302,0.9999999999999999,531.0879280000621,1.6536105855993735,0.9999999999999999
531.2793570000448,1.7147409361222559,0.9999999999999999,531.3214790000619,1.5834044767766262,0.9999999999999999
531.5300140000443,1.742950709088247,0.9999999999999999,531.5785370000616,1.5329629901984676,0.9999999999999999
531.7860840000444,1.7739189227259207,0.9999999999999999,531.8238870000616,1.518612848969,0.9999999999999999
532.0243220000445,1.7987750445573263,0.9999999999999999,532.0745300000616,1.5488079430217119,0.9999999999999999
532.2820470000445,1.815283162338048,0.9999999999999999,532.338993000061,1.6199215118290184,0.9999999999999999
532.5273850000445,1.826297671187132,0.9999999999999999,532.568978000061,1.7182667017173743,0.9999999999999999
532.7628690000448,1.8396408381171905,0.9999999999999999,532.8218520000605,1.8231922934169604,0.9999999999999999
533.0109530000447,1.8682499436534936,0.9999999999999999,533.0613480000602,1.916042783178074,0.9999999999999999
533.2618810000449,1.9275631123192902,0.9999999999999999,533.3077850000601,1.98682397301523,0.9999999999999999
533.5133410000448,2.0318972101527746,0.987473903966597,533.5544660000598,2.0321596873306067,0.987473903966597
533.7552540000441,2.190449765680049,0.8747390396659707,533.8079630000594,2.050222448785195,0.9765135699373695
534.0058870000439,2.3999142967656395,0.6936325678496869,534.0577760000596,2.0402956584769445,0.9827766179540709
534.2677920000444,2.636539968872613,0.5085247042449547,534.30126700006,2.006185423769856,0.9999999999999999
534.5026390000443,2.856016442505284,0.3161099512874044,534.5503400000598,1.9564210057209208,0.9999999999999999
534.7498380000444,3.007582693455759,0.18702157272094644,534.8003500000591,1.9019389055840814,0.9999999999999999
535.0151690000445,3.0587098080601773,0.16266527487821847,535.0439250000587,1.8531464792358232,0.9999999999999999
535.2485880000444,3.011583776658603,0.18458594293667369,535.2968240000586,1.817500088368388,0.9999999999999999
535.4926020000443,2.8922631084479113,0.2917536534446764,535.5557370000586,1.799169311308019,0.9999999999999999
535.7457770000439,2.735371921416334,0.4330201809324983,535.784875000059,1.800567893214028,0.9999999999999999
535.9892440000439,2.5712310725945393,0.5499304105775922,536.0337900000594,1.8207341025474275,0.9999999999999999
536.2577360000436,2.422669545498546,0.6765831593597774,536.2855580000592,1.8494815889410554,0.9999999999999999
536.4817640000438,2.307360503289299,0.7593945720250523,536.5281160000588,1.8650087572365102,0.9999999999999999
536.7296730000437,2.2406704819801995,0.8275922059846904,536.7781080000585,1.8498827350548603,0.9999999999999999
536.9770890000435,2.234235077500364,0.8324634655532359,537.023689000059,1.8025720211429646,0.9999999999999999
537.2220740000439,2.2906376439888385,0.774008350730689,537.2711550000587,1.7334125885723313,0.9999999999999999
537.469633000044,2.395359808984936,0.6936325678496869,537.5180410000586,1.6549407909913814,0.9999999999999999
537.7260470000444,2.5209041177492653,0.6035142658315935,537.7654730000586,1.576051198568038,0.9999999999999999
537.9684840000448,2.6385109063606818,0.506089074460682,538.0197020000586,1.501406860784147,0.9999999999999999
538.2365270000444,2.727715032276463,0.4427627000695894,538.2621130000588,1.4337298021692988,0.9999999999999999
538.4636040000446,2.783185123389799,0.38674321503131526,538.5161090000591,1.3747209838827232,0.9999999999999999
538.7106120000444,2.813350607126365,0.3502087682672234,538.7740070000596,1.3253428186459364,0.9999999999999999
538.9555850000443,2.829869870091141,0.34533750869867774,539.0014320000595,1.2858323728104517,0.9999999999999999
539.2069990000446,2.840582108550941,0.3355949895615866,539.2525760000597,1.255628074177568,0.9999999999999999
539.4671750000447,2.8493707750188113,0.32585247042449544,539.4986120000594,1.2330872529504129,0.9999999999999999
539.7036290000449,2.856342377201243,0.3161099512874044,539.7434680000596,1.2148801962522022,0.9999999999999999
539.9460470000449,2.855452815413819,0.3161099512874044,540.0149930000592,1.1973033888719709,0.9999999999999999
540.1965250000447,2.846267145150355,0.3307237299930411,540.2465400000597,1.1794562984286974,0.9999999999999999
540.4424450000444,2.8396211635763784,0.3355949895615866,540.4925660000598,1.1646617398165588,0.9999999999999999
540.6920310000438,2.8502909677834976,0.32585247042449544,540.7417210000597,1.1588603029714917,0.9999999999999999
540.940389000044,2.890005044905938,0.2917536534446764,540.9969990000594,1.1656034093949028,0.9999999999999999
541.1964630000437,2.9656010093184735,0.22842727905358381,541.2324910000598,1.1831602550973637,0.9999999999999999
541.4329160000439,3.075622952247386,0.14874739039665966,541.5006250000592,1.2046000972799837,0.9999999999999999
541.6803470000434,3.2001158398300915,0.07359081419624215,541.7329560000594,1.2209816652877066,0.9999999999999999
541.9289050000432,3.3007408487020835,0.018789144050104397,541.977945000059,1.226916426458583,0.9999999999999999
542.1759600000433,3.343590827880828,0.0,542.2315200000593,1.222750943440909,0.9999999999999999
542.4274550000436,3.323827970777283,0.004697286012526058,542.4698260000595,1.2133913892714205,0.9999999999999999
542.6783390000426,3.267779549331615,0.037578288100208794,542.7223960000595,1.2092645279868035,0.9999999999999999
542.929528000043,3.210973491036115,0.0657620041753653,542.9652880000598,1.2252128678106797,0.9999999999999999
543.1835460000432,3.1719460607065155,0.08611691022964506,543.2323820000599,1.2764204264511103,0.9999999999999999
543.4169170000432,3.1368572967510744,0.11430062630480166,543.4664530000599,1.371660123746868,0.9999999999999999
543.6722940000434,3.0704282799689464,0.15048712595685448,543.7093180000599,1.5103887708397983,0.9999999999999999
543.9374240000434,2.9437757599860657,0.2406054279749478,543.9663500000598,1.6863387128154337,0.9999999999999999
544.1594270000437,2.7543805545213615,0.4135351426583159,544.2037700000599,1.8863896877634656,0.9999999999999999
544.414283000044,2.5285208624560016,0.598643006263048,544.4537700000598,2.0871152217267275,0.953027139874739
544.6542520000436,2.3017167461297534,0.7667014613778707,544.7156650000599,2.25211692125263,0.8202853166318721
544.9033200000439,2.1033202168431253,0.9420668058455114,544.9487150000598,2.3429583528843745,0.7374739039665971
545.1533080000436,1.9496534200799527,0.9999999999999999,545.2016060000601,2.3428218718092575,0.7374739039665971
545.3947160000436,1.8439166728377125,0.9999999999999999,545.4510920000599,2.2673657467283537,0.7983646485734169
545.6447020000431,1.7780180476012921,0.9999999999999999,545.6890230000593,2.1491368609143118,0.9123173277661795
545.895694000043,1.734067673571329,0.9999999999999999,545.9425480000591,2.0176234662721333,0.9968684759916492
546.1396760000429,1.6908673002439174,0.9999999999999999,546.1865280000592,1.8954344463668835,0.9999999999999999
546.3946650000424,1.6328351852259115,0.9999999999999999,546.4505790000594,1.7977840284283677,0.9999999999999999
546.6361370000421,1.5579622422947033,0.9999999999999999,546.6869940000596,1.7298270302458718,0.9999999999999999
546.8832250000416,1.4792280190457554,0.9999999999999999,546.9355730000597,1.685629951278674,0.9999999999999999
547.1432140000413,1.4175799814791883,0.9999999999999999,547.1855850000594,1.6537549133279255,0.9999999999999999
547.3872950000416,1.3910042539547276,0.9999999999999999,547.4381500000593,1.624204959580279,0.9999999999999999
547.6346900000411,1.4059532355814648,0.9999999999999999,547.6695740000596,1.5915874375191579,0.9999999999999999
547.8761200000407,1.4562790455334391,0.9999999999999999,547.9229610000602,1.5543799171779904,0.9999999999999999
548.1186780000405,1.53039241002763,0.9999999999999999,548.1741110000603,1.514301966625022,0.9999999999999999
548.3796840000406,1.6175069334491106,0.9999999999999999,548.4215190000604,1.4744887459588005,0.9999999999999999
548.6301150000403,1.7109055809063303,0.9999999999999999,548.6660210000604,1.4370789121307648,0.9999999999999999
548.8696330000404,1.8080058611145566,0.9999999999999999,548.9164680000606,1.4050443632225673,0.9999999999999999
549.1216620000404,1.9096045406910016,0.9999999999999999,549.1915840000605,1.3819169403074663,0.9999999999999999
549.3601070000402,2.0179986834208186,0.9953027139874738,549.4088570000604,1.36456488419385,0.9999999999999999
549.6051060000403,2.134053147679908,0.9201461377870562,549.6588640000604,1.3418662331600921,0.9999999999999999
549.8571470000403,2.255733234452181,0.8178496868475993,549.9079870000603,1.3044748358742015,0.9999999999999999
550.1039300000402,2.377897542583952,0.7009394572025052,550.1563950000601,1.2518662060115697,0.9999999999999999
550.3613520000398,2.494343550685104,0.6303061934585943,550.3969290000597,1.1909770080035447,0.9999999999999999
550.5993930000401,2.6004511844955793,0.5280097425191371,550.6508330000592,1.1334953035126765,0.9999999999999999
550.8449060000402,2.6905511149148733,0.46955462769659007,550.9042850000594,1.0909693171793498,0.9999999999999999
551.1329950000403,2.7619874947720517,0.4062282533054975,551.1507390000594,1.0694517752879626,0.9999999999999999
551.33888500004,2.820132417143979,0.3502087682672234,551.4023430000593,1.0688600705864213,0.9999999999999999
551.6158820000401,2.8799680531284535,0.2966249130132219,551.6453770000596,1.0855722255883715,0.9999999999999999
551.83536000004,2.958382550163873,0.2332985386221295,551.8907020000597,1.1149018071049053,0.9999999999999999
552.0857350000394,3.061904919142763,0.15779401530967294,552.1328070000598,1.1518137567578783,0.9999999999999999
552.3383030000396,3.176835643111291,0.0845511482254697,552.3792120000599,1.192128519233434,0.9999999999999999
552.5853330000394,3.2713004563852355,0.034446764091858005,552.6308640000598,1.233190684510316,0.9999999999999999
552.8248260000398,3.311479367161406,0.012526096033402904,552.8789100000598,1.2718698428023454,0.9999999999999999
553.0732320000393,3.278327540104604,0.02974947807933195,553.1191640000603,1.306600606605027,0.9999999999999999
553.3212840000393,3.1749610026537765,0.0845511482254697,553.3665860000601,1.3381985026058647,0.9999999999999999
553.5747880000392,3.0222250609588803,0.179714683368128,553.6146250000598,1.369279705640555,0.9999999999999999
553.8192060000395,2.84719921566766,0.3307237299930411,553.8657580000597,1.406653033323482,0.9999999999999999
554.0662760000398,2.6758336665616893,0.4792971468336813,554.1236850000603,1.4585546915207162,0.9999999999999999
554.3091720000393,2.5297784948327746,0.598643006263048,554.3605740000604,1.529466091846104,0.9999999999999999
554.5581560000394,2.422195672076459,0.6765831593597774,554.6205750000598,1.6170509365854895,0.9999999999999999
554.8247970000393,2.3512507180288904,0.7301670146137788,554.8606000000593,1.7122437773686452,0.9999999999999999
555.0567120000393,2.3031483481672215,0.7642658315935978,555.1081530000597,1.7990261731995816,0.9999999999999999
555.3126970000393,2.2625081338229314,0.808107167710508,555.3710750000594,1.8576494082823398,0.9999999999999999
555.553621000039,2.219763934912045,0.8528183716075156,555.6065530000596,1.8770516298574782,0.9999999999999999
555.7990770000393,2.1759688485014035,0.8950939457202505,555.8491070000597,1.867536096254205,0.9999999999999999
556.0440680000398,2.140274161638452,0.9185803757828809,556.0945920000593,1.857342242514889,0.9999999999999999
556.2931180000397,2.121441305614578,0.9264091858037578,556.3395790000593,1.8814753103658752,0.9999999999999999
556.5474890000393,2.120093925183859,0.9279749478079331,556.5935620000594,1.965509477862559,0.9999999999999999
556.7874720000391,2.1285424779377107,0.9217118997912316,556.8345730000595,2.112356495310904,0.9326722338204593
557.0395030000394,2.1354795710549235,0.9201461377870562,557.0864290000599,2.3011380036116194,0.7667014613778707
557.2806560000396,2.1322463560174643,0.9217118997912316,557.3435130000596,2.49613605128265,0.6254349338900488
557.5294850000396,2.11736309586849,0.9311064718162838,557.5790020000597,2.6525778728144767,0.4866040361864996
557.7804030000397,2.095367146531358,0.9436325678496869,557.8376700000598,2.729425904023442,0.4427627000695894
558.0335570000392,2.0733841963386928,0.9639874739039666,558.0783330000597,2.7091776680936093,0.45494084899095333
558.282538000039,2.0575910602705973,0.9733820459290187,558.3263420000596,2.6038533581744225,0.5255741127348643
558.5209330000392,2.051992307265874,0.9749478079331941,558.5918420000593,2.443387704886363,0.6570981210855951
558.765920000039,2.059190627880497,0.9718162839248433,558.8178370000594,2.2608424003318373,0.808107167710508
559.0205600000393,2.083340487856079,0.9561586638830897,559.0628210000591,2.0816515447477637,0.957724425887265
559.2960480000397,2.1295152916534454,0.9217118997912316,559.3093950000592,1.9202515523060417,0.9999999999999999
559.5104990000397,2.1987174501614994,0.8653444676409185,559.5689520000586,1.7824729082116317,0.9999999999999999
559.7613440000393,2.2856776819087634,0.7813152400835075,559.8108780000587,1.6716385425889828,0.9999999999999999
560.0053330000393,2.384385510212171,0.7009394572025052,560.0542290000587,1.591168834285286,0.9999999999999999
560.2583990000393,2.485388474311129,0.6327418232428671,560.3082740000581,1.5453500648582605,0.9999999999999999
560.5069240000389,2.5687719501485944,0.5548016701461379,560.5474160000581,1.5388412758745846,0.9999999999999999
560.7492280000387,2.6113982128541267,0.5207028531663188,560.8063140000581,1.5734362239554167,0.9999999999999999
561.0007830000388,2.604305756527167,0.5255741127348643,561.0512950000584,1.6472077397486609,0.9999999999999999
561.2467590000388,2.557461120262047,0.57428670842032,561.2976920000584,1.7532346510223862,0.9999999999999999
561.4943170000388,2.489835491146543,0.6303061934585943,561.5493250000588,1.876953112635003,0.9999999999999999
561.7398080000382,2.4219998531106164,0.6765831593597774,561.8000790000584,1.996974023310287,0.9999999999999999
561.9897930000378,2.372614202924714,0.7131176061238692,562.0456910000587,2.095977244284024,0.9436325678496869
562.2363440000379,2.3568079697725226,0.727731384829506,562.2900750000583,2.1669438704480237,0.8982254697286012
562.4994640000376,2.3870589147718104,0.7009394572025052,562.5302760000585,2.2071721536137607,0.8606471816283924
562.7283140000377,2.46238352489771,0.6424843423799583,562.7842060000585,2.2152941555473937,0.8559498956158663
562.9766640000372,2.5671441838607714,0.5548016701461379,563.0545760000583,2.1939663433302057,0.87160751565762
563.2322840000369,2.6800719462157243,0.4792971468336813,563.2826880000583,2.149922783668733,0.9123173277661795
563.4726340000374,2.7797997566373414,0.389178844815588,563.5240440000583,2.0911784166330656,0.9498956158663883
563.7222420000369,2.848637831275663,0.3282881002087682,563.7715970000583,2.026949515903996,0.992171189979123
563.9742250000369,2.8754273317211236,0.29906054279749483,564.0185310000579,1.9669718538186236,0.9999999999999999
564.217553000037,2.8559004194486644,0.3161099512874044,564.2645080000582,1.9189470957114567,0.9999999999999999
564.4616300000372,2.792544758587435,0.3721294363256785,564.522601000058,1.8876212894047777,0.9999999999999999
564.7141590000377,2.694917714360075,0.46955462769659007,564.7670960000579,1.8762875132479728,0.9999999999999999
564.9549570000381,2.577143739259027,0.5450591510090467,565.0130360000576,1.8889906463993726,0.9999999999999999
565.2036420000376,2.4518325832097156,0.6546624913013223,565.2644600000574,1.9322661577332227,0.9999999999999999
565.458927000038,2.3268967350465743,0.752087682672234,565.5085050000573,2.0120337320061035,0.9968684759916492
565.7148680000381,2.205917878871163,0.8606471816283924,565.7550830000574,2.1286738787149635,0.9217118997912316
565.9484000000382,2.0915826490009115,0.9498956158663883,565.9978490000572,2.2752724114013527,0.7886221294363258
566.202917000038,1.982955024858743,0.9999999999999999,566.2618110000567,2.436474146634656,0.6644050104384134
566.446425000038,1.8770573862142346,0.9999999999999999,566.4998670000571,2.5908711620197,0.540187891440501
566.6933550000383,1.7718318412503358,0.9999999999999999,566.7484540000571,2.7133266075723386,0.447633959638135
566.9424390000387,1.6658259897743593,0.9999999999999999,566.985837000057,2.7792250200506974,0.389178844815588
567.1924500000388,1.5622833426213378,0.9999999999999999,567.2384250000572,2.7786568272848804,0.389178844815588
567.4388370000388,1.4703466653576691,0.9999999999999999,567.483746000057,2.722319625635313,0.4451983298538623
567.6807510000393,1.40124369790997,0.9999999999999999,567.7337470000571,2.6346091725619187,0.5085247042449547
567.9474200000394,1.3605608353720915,0.9999999999999999,567.989393000057,2.5397020516807087,0.5913361169102297
568.1828860000395,1.3465646536971672,0.9999999999999999,568.2312780000566,2.4501210968221203,0.6546624913013223
568.4393000000398,1.3535684716629004,0.9999999999999999,568.4748540000564,2.3713363637008538,0.7155532359081421
568.6702760000393,1.373205869441081,0.9999999999999999,568.7236850000564,2.30776793636376,0.7593945720250523
568.9252710000397,1.3990066923590414,0.9999999999999999,568.9775970000569,2.262274768376108,0.808107167710508
569.1678340000396,1.4323020215983857,0.9999999999999999,569.2221660000566,2.2362126483598885,0.8324634655532359
569.4147490000395,1.4811350107215662,0.9999999999999999,569.4721370000568,2.229790168235521,0.8348990953375087
569.6652330000396,1.553960392867169,0.9999999999999999,569.7167660000571,2.2426859707197675,0.8275922059846904
569.9246930000394,1.6573814082640803,0.9999999999999999,569.9611140000568,2.2732188284085364,0.7910577592205986
570.1959540000393,1.7944632228807118,0.9999999999999999,570.2095320000568,2.3196613653240594,0.7545233124565067
570.4101900000393,1.958811359477661,0.9999999999999999,570.4546600000566,2.3818033190858983,0.7009394572025052
570.6561700000392,2.1256946608565985,0.923277661795407,570.7301750000562,2.4616911045860466,0.6424843423799583
570.9132810000391,2.254134515388023,0.8178496868475993,570.9527070000556,2.563364790324523,0.5694154488517745
571.1518020000389,2.3081408915417247,0.7593945720250523,571.2001420000555,2.6899262204135783,0.4719902574808629
571.4072750000385,2.2786329625025212,0.7837508698677803,571.448031000055,2.835623383086938,0.3404662491301322
571.6481980000383,2.18366511877939,0.8825678496868475,571.7001200000544,2.9754307579060186,0.22355601948503828
571.895120000038,2.0526211832911336,0.9749478079331941,571.9445860000548,3.0698592425605424,0.15048712595685448
572.1492100000376,1.9151208068626937,0.9999999999999999,572.1905730000549,3.0877328981187073,0.13935281837160746
572.3925490000379,1.7974857162838036,0.9999999999999999,572.4445860000554,3.0233725591381235,0.179714683368128
572.6327800000379,1.7229783944192616,0.9999999999999999,572.7041400000558,2.8948107423621314,0.2893180236604036
572.8917260000378,1.7119080725445488,0.9999999999999999,572.9365490000557,2.7316753628984434,0.4378914405010438
573.1320880000383,1.7758034426766285,0.9999999999999999,573.1815220000561,2.564468682755162,0.5694154488517745
573.3846340000387,1.911397184875195,0.9999999999999999,573.428922000056,2.4196366411963712,0.6790187891440501
573.6316970000382,2.0979326730323598,0.9436325678496869,573.6826390000559,2.320557682371507,0.7545233124565067
573.878489000038,2.3083156521795445,0.7593945720250523,573.943896000056,2.28140940790038,0.7837508698677803
574.1251170000381,2.516988703756788,0.6059498956158663,574.1713410000557,2.2940474930833084,0.7715727209464162
574.3777070000382,2.698444456760766,0.46711899791231737,574.4228920000555,2.3241981880474802,0.7545233124565067
574.6186410000386,2.8343213264012395,0.3404662491301322,574.6688710000553,2.3335324434994615,0.7496520528879612
574.8700620000387,2.919920188316872,0.2576548364648573,574.9204710000553,2.30688631989824,0.7593945720250523
575.1119490000385,2.9600996295838216,0.2308629088378566,575.1685110000551,2.253139843008203,0.8202853166318721
575.3775800000387,2.9589433476059535,0.2332985386221295,575.4269790000549,2.1914962207700626,0.8747390396659707
575.624035000039,2.919612500409948,0.2576548364648573,575.6598180000548,2.144070201395796,0.9154488517745302
575.8569010000389,2.8522395376006386,0.3209812108559499,575.9038090000544,2.1332638616052995,0.9217118997912316
576.0999350000392,2.775183155687718,0.39161447459986076,576.1747880000544,2.176802352771682,0.8919624217118998
576.3615610000389,2.70997934268536,0.45494084899095333,576.4052600000541,2.2772757611646535,0.7837508698677803
576.6094860000389,2.676363819571851,0.4792971468336813,576.650437000054,2.4119163528612577,0.6814544189283229
576.8464310000387,2.687128719802431,0.4719902574808629,576.897178000054,2.5395798488242542,0.5913361169102297
577.1028350000386,2.741533065279913,0.42571329157967985,577.1647160000539,2.6262225426144963,0.5133959638135004
577.3428290000387,2.8222965427779654,0.3502087682672234,577.3963110000541,2.6609825673793135,0.4841684064022269
577.590256000039,2.9019419503836557,0.27470424495476686,577.6443290000541,2.652697932672174,0.4866040361864996
577.8602470000392,2.9524741354551143,0.23816979819067502,577.887758000054,2.6214580896111883,0.5133959638135004
578.0868690000395,2.9567387209532896,0.23573416840640227,578.1507820000544,2.587480391083963,0.540187891440501
578.3488220000394,2.914293438305168,0.26496172581767563,578.3846570000542,2.560491978217528,0.57428670842032
578.5973500000393,2.83906828805377,0.3355949895615866,578.6282160000538,2.536036402721502,0.5937717466945025
578.8361930000391,2.7520603989372066,0.4135351426583159,578.8970730000535,2.501408754217895,0.622999304105776
579.073733000039,2.6727853628853406,0.4817327766179541,579.1326950000538,2.4485819982515995,0.6546624913013223
579.3237270000386,2.6147097748050006,0.5158315935977732,579.3711140000538,2.3777318154377753,0.7009394572025052
579.5697040000384,2.586691692311786,0.540187891440501,579.6206090000538,2.2960191204535616,0.7691370911621433
579.8493390000386,2.595776447660027,0.5328810020876826,579.8766130000539,2.210599828465134,0.8575156576200417
580.0701590000386,2.647470042072448,0.49634655532359084,580.1165870000538,2.1302023126952943,0.9217118997912316
580.3146690000385,2.7401446422116638,0.43058455114822547,580.3641590000535,2.064583557860914,0.9686847599164926
580.5741560000386,2.862269214202727,0.30393180236604034,580.6236740000536,2.01917128818827,0.9937369519832984
580.8163260000383,2.993715875270839,0.2016353514265832,580.8562010000537,1.9939421496599472,0.9999999999999999
581.0660710000384,3.112940005938487,0.1283924843423799,581.1086280000538,1.9838052575093397,0.9999999999999999
581.3243450000389,3.2031301213802776,0.07359081419624215,581.3546240000541,1.9806083677343054,0.9999999999999999
581.5662780000387,3.2532353378541172,0.04540709812108556,581.6201000000538,1.9759746880929427,0.9999999999999999
581.8105920000389,3.2568561825032663,0.04227557411273485,581.8589770000541,1.965746651370773,0.9999999999999999
582.0545730000387,3.2154537577040654,0.06419624217118995,582.1000880000543,1.9517858903676515,0.9999999999999999
582.3005730000385,3.1391736605721894,0.11430062630480166,582.3481370000538,1.938788779318575,0.9999999999999999
582.5452260000387,3.042416580298378,0.167536534446764,582.5936230000539,1.9311864825978677,0.9999999999999999
582.8011190000386,2.9452975726514583,0.2406054279749478,582.8449320000541,1.9311475435234726,0.9999999999999999
583.0519560000387,2.8634511246209287,0.30393180236604034,583.1020940000541,1.938402000611204,0.9999999999999999
583.2871100000386,2.8022704333961515,0.3575156576200417,583.3400220000538,1.9506392018905818,0.9999999999999999
583.5386010000385,2.7530593998582114,0.4135351426583159,583.5929370000541,1.9649652396453678,0.9999999999999999
583.7859710000387,2.701949745158765,0.46468336812804456,583.8360050000546,1.9794173011422966,0.9999999999999999
584.0279100000387,2.6414684456417517,0.5036534446764092,584.0784030000548,1.9930095475184795,0.9999999999999999
584.2854560000388,2.577412612387971,0.5450591510090467,584.3323920000546,2.009056455383784,0.9999999999999999
584.5259110000387,2.5287634968039563,0.598643006263048,584.5814460000545,2.0333492506105584,0.9859081419624216
584.7789940000387,2.520455310185143,0.6035142658315935,584.8339990000544,2.0723192938424413,0.9671189979123173
585.0249720000387,2.572913856696386,0.5499304105775922,585.0788410000546,2.134385548517247,0.9201461377870562
585.2775310000386,2.6881959244191513,0.4719902574808629,585.3280080000544,2.2338582820454795,0.8324634655532359
585.5373120000384,2.831652895540106,0.34533750869867774,585.5668980000544,2.3819967080204174,0.7009394572025052
585.764886000038,2.936340114150905,0.2479123173277661,585.8133020000541,2.5713447272351937,0.5499304105775922
586.0179650000383,2.952402119513828,0.23816979819067502,586.0893240000541,2.7743156733253898,0.39161447459986076
586.2612820000385,2.8784762192945905,0.2966249130132219,586.3260620000542,2.953559147549601,0.23573416840640227
586.5103570000385,2.746195639323215,0.42327766179540705,586.561848000054,3.082078875002135,0.14561586638830895
586.7543400000388,2.5908467525539676,0.540187891440501,586.8032550000543,3.153514189622999,0.1002087682672234
587.0008180000385,2.4363360029153416,0.6644050104384134,587.0558640000545,3.178134591666334,0.0845511482254697
587.273653000038,2.292227870470295,0.7715727209464162,587.2992470000544,3.1715760983858643,0.08611691022964506
587.5081950000384,2.156480416040249,0.9076200417536534,587.5506740000545,3.145843509863066,0.10647181628392481
587.748190000039,2.0219537437893695,0.9937369519832984,587.7893570000543,3.10376167971212,0.12995824634655526
587.9907300000389,1.8840827516949816,0.9999999999999999,588.0592160000544,3.0426516576257687,0.167536534446764
588.240220000039,1.745373124315379,0.9999999999999999,588.3238470000545,2.9618459228578713,0.2308629088378566
588.4932430000391,1.6148739863558992,0.9999999999999999,588.5477590000547,2.864884971823269,0.3014961725817676
588.7521150000391,1.505630987854555,0.9999999999999999,588.7858150000549,2.7587039408960896,0.4062282533054975
588.9946980000389,1.4306154887406617,0.9999999999999999,589.0421960000548,2.6508767298305007,0.49391092553931804
589.2327460000384,1.396446255506594,0.9999999999999999,589.2965550000546,2.5529177391089792,0.5767223382045928
589.4787400000383,1.4023498397319265,0.9999999999999999,589.5271840000546,2.479122499394941,0.6351774530271398
589.7287290000382,1.4400184282311115,0.9999999999999999,589.7736610000546,2.439074408039557,0.6595337508698679
590.0107340000379,1.4944288470094418,0.9999999999999999,590.0231660000545,2.435378728005228,0.6644050104384134
590.221489000038,1.5521350613020364,0.9999999999999999,590.2800630000546,2.4710777697928425,0.6400487125956854
590.473041000038,1.6084413149992443,0.9999999999999999,590.5236480000549,2.5490837646672357,0.5815935977731385
590.726602000038,1.6663583465870575,0.9999999999999999,590.767621000055,2.669355182926207,0.4841684064022269
590.9634980000377,1.7330394190767409,0.9999999999999999,591.0221410000551,2.826227493198564,0.3502087682672234
591.2065730000379,1.815443494512064,0.9999999999999999,591.2756660000546,3.0118718623844134,0.18458594293667369
591.4589740000379,1.9144611298194056,0.9999999999999999,591.5156800000545,3.2147224941445645,0.06419624217118995
591.7086200000375,2.0233581106124503,0.9937369519832984,591.7584310000545,3.4156748414667137,0.0
591.9675540000371,2.13060049457369,0.9217118997912316,592.0040320000545,3.5906526695596805,0.0
592.2056160000369,2.2275936957337272,0.8348990953375087,592.2609680000544,3.720198964154986,0.0
592.4600800000375,2.3132755602407196,0.7593945720250523,592.5259510000549,3.7973766652655696,0.0
592.6980470000374,2.3873512489769553,0.6985038274182325,592.7445180000548,3.826851301949502,0.0
592.9425020000372,2.437659192080574,0.6619693806541406,593.0009280000543,3.8162774533342936,0.0
593.2124860000371,2.4455280002363997,0.6570981210855951,593.2499830000542,3.7710430315461316,0.0
593.442973000037,2.405006743342014,0.6911969380654142,593.4859190000542,3.690733354818377,0.0
593.6905220000374,2.325057336744789,0.752087682672234,593.7704230000538,3.571065057184683,0.0
593.9424530000374,2.2203633654548227,0.8528183716075156,593.988915000054,3.41350622730988,0.0
594.1889120000371,2.1080712495274043,0.9373695198329853,594.2293760000541,3.2278881524202223,0.053235908141962406
594.4308320000371,2.0063661210662334,0.9999999999999999,594.4862730000546,3.0286244298255243,0.17727905358385523
594.6758220000374,1.9313455560639223,0.9999999999999999,594.7293500000549,2.8322394173808703,0.34533750869867774
594.934818000037,1.8928585351439227,0.9999999999999999,594.9773980000548,2.6569547039778794,0.4866040361864996
595.1797900000377,1.8898695708229616,0.9999999999999999,595.2248610000545,2.5172784757906737,0.6059498956158663
595.4223490000377,1.9071200509294786,0.9999999999999999,595.479309000055,2.416340927873174,0.6790187891440501
595.6693350000379,1.9215956732789912,0.9999999999999999,595.7197900000544,2.34762090330478,0.7326026443980515
595.9131860000381,1.915978188739041,0.9999999999999999,595.975395000054,2.3019743306348,0.7667014613778707
596.1693150000382,1.8828296790909924,0.9999999999999999,596.2141460000539,2.2687209930222543,0.7934933890048713
596.4192680000382,1.820508372024023,0.9999999999999999,596.4743660000534,2.2409366055248556,0.8275922059846904
596.6567290000382,1.7335988628562524,0.9999999999999999,596.7043290000532,2.2182083750060455,0.8528183716075156
596.934284000038,1.6319097208914954,0.9999999999999999,596.9826560000532,2.2035483759180408,0.8622129436325678
597.1676880000384,1.527635185192598,0.9999999999999999,597.2107210000535,2.200284397651274,0.8653444676409185
597.4016970000382,1.4308991730393923,0.9999999999999999,597.4532750000535,2.2126424903860635,0.8575156576200417
597.6552640000381,1.349034974858858,0.9999999999999999,597.7106810000536,2.2446384472771737,0.8251565762004176
597.8923260000385,1.287076135999664,0.9999999999999999,597.9425730000539,2.291409911072152,0.774008350730689
598.1447200000383,1.2488906307435441,0.9999999999999999,598.199227000054,2.336531653075233,0.7423451635351427
598.393329000038,1.2375384982251472,0.9999999999999999,598.4492310000539,2.3566770473386174,0.727731384829506
598.6397340000377,1.2556616461193526,0.9999999999999999,598.6935630000539,2.334220783403862,0.7496520528879612
598.8966220000378,1.3048277540525837,0.9999999999999999,598.9470970000536,2.2663537832542704,0.8056715379262352
599.1487290000376,1.3840289050508046,0.9999999999999999,599.1975970000535,2.161652790085334,0.9044885177453027
599.3801710000376,1.4886246034671806,0.9999999999999999,599.4532140000533,2.0333292041551676,0.9859081419624216
599.6475790000377,1.6096898433329536,0.9999999999999999,599.686562000053,1.894302730652336,0.9999999999999999
599.9041610000376,1.7358802966925708,0.9999999999999999,599.9351160000527,1.7550456135700814,0.9999999999999999
600.122555000038,1.8537417715014095,0.9999999999999999,600.1994660000527,1.6221393321076698,0.9999999999999999
600.3835550000377,1.9514780014063957,0.9999999999999999,600.4258720000521,1.4981780175267765,0.9999999999999999
600.6260920000378,2.021849875405665,0.9937369519832984,600.6811060000523,1.3831947352373961,0.9999999999999999
600.8949520000373,2.0614602390343926,0.970250521920668,600.9224890000522,1.2781132928874843,0.9999999999999999
601.1155800000372,2.0666221823976825,0.9686847599164926,601.1780070000524,1.1848206557504743,0.9999999999999999
601.3755840000368,2.03560726224558,0.9843423799582462,601.4143770000525,1.1064299674511613,0.9999999999999999
601.6241120000368,1.9743305179199448,0.9999999999999999,601.6730460000525,1.047019785479298,0.9999999999999999
601.8609060000363,1.8948246074229598,0.9999999999999999,601.9109990000522,1.0089169567903127,0.9999999999999999
602.1084620000361,1.8090561727845407,0.9999999999999999,602.1558280000519,0.9920267102044285,0.9999999999999999
602.3650620000363,1.7279761478455309,0.9999999999999999,602.4153380000519,0.9950119596735412,0.9999999999999999
602.6080810000365,1.6639601616874975,0.9999999999999999,602.655804000052,1.0164380853811248,0.9999999999999999
602.8621150000367,1.6294226019648113,0.9999999999999999,602.905288000052,1.0540967128379437,0.9999999999999999
603.1259940000367,1.635795778132868,0.9999999999999999,603.1493420000519,1.1025279819959561,0.9999999999999999
603.3433750000364,1.6946449652780724,0.9999999999999999,603.4052640000521,1.1497233321809492,0.9999999999999999
603.5943450000368,1.8132577391402656,0.9999999999999999,603.6443440000518,1.1795048439310596,0.9999999999999999
603.8429160000367,1.983463732265696,0.9999999999999999,,,
604.0967500000366,2.178491998585579,0.888830897703549,,,
604.3448160000366,2.365965862918851,0.7204244954766876,,,
604.585296000037,2.520697467016379,0.6035142658315935,,,
604.8728850000368,2.622954634048654,0.5133959638135004,,,
605.0792500000368,2.6564104500018093,0.4866040361864996,,,
605.339257000037,2.614364539083924,0.5158315935977732,,,
605.585228000037,2.5054985669679746,0.6181280445372305,,,
605.8187830000372,2.354020020514657,0.727731384829506,,,
606.085197000037,2.1905827634419337,0.8747390396659707,,,
606.316620000037,2.0388979824730793,0.9843423799582462,,,
606.5677460000367,1.9081304114678865,0.9999999999999999,,,
606.8161570000367,1.7975584414793209,0.9999999999999999,,,
607.0561410000367,1.7049338954434599,0.9999999999999999,,,
607.3281950000363,1.630014463745527,0.9999999999999999,,,
607.5511040000365,1.5778305712767648,0.9999999999999999,,,
607.8176820000368,1.554447018982555,0.9999999999999999,,,
608.1236780000366,1.5628506041525432,0.9999999999999999,,,
608.3004640000361,1.6003217341309615,0.9999999999999999,,,
608.570414000036,1.655668420690595,0.9999999999999999,,,
608.8006360000361,1.7104999814413568,0.9999999999999999,,,
609.0475560000361,1.7476150878839825,0.9999999999999999,,,
609.2925720000359,1.760098064323989,0.9999999999999999,,,
609.5430630000357,1.753809146536319,0.9999999999999999,,,
609.7868790000356,1.7423520220992494,0.9999999999999999,,,
610.0369130000356,1.7361689399606774,0.9999999999999999,,,
610.2818740000357,1.7356568178632643,0.9999999999999999,,,
610.5314420000359,1.7341453341128628,0.9999999999999999,,,
610.7777840000363,1.7274940656960065,0.9999999999999999,,,
611.0274430000366,1.71726634683738,0.9999999999999999,,,
611.2677430000363,1.7129726947930966,0.9999999999999999,,,
